timestamp,Xmm,Ymm,Zmm,TouchDetected,OutgoingPacket,IncomingPacket,GainPropAb, GainPropAd, GainPropFl, GainPropEx,PropA, PropB, PropC,GainIntegAb, GainIntegAd, GainIntegFl, GainIntegEx,IntegA, IntegB, IntegC,GainDerivAb, GainDerivAd, GainDerivFl, GainDerivEx,DerivA, DerivB, DerivC,Heading5
0.134839,-101,-89,692,0,DRIVE [ 76 ] [ 1 ] [ 1905 1881 1899 ] [    0    0    0 ] [      0      0      0 ] [ 0 ],drive [ 76 ] [ 0 ] [ 1905 1722 1905 ] [   22   21   23 ] [  13284   6697   8144 ] [ 0 ],1.10,1.30,1.30,1.10,-111.03,-116.15,0.00,0.00,0.00,0.00,0.00,0.00,0.00,0.00,0.00,0.00,0.00,0.00,0.00,0.00,0.00,0
0.148683,-102,-90,706,0,DRIVE [ 77 ] [ 1 ] [ 1905 1878 1893 ] [    0    0    0 ] [      0      0      0 ] [ 0 ],drive [ 76 ] [ 0 ] [ 1905 1881 1899 ] [   22   21   23 ] [  13218   6697   8267 ] [ 0 ],1.10,1.30,1.30,1.10,-112.30,-117.02,0.00,0.00,0.00,0.00,0.00,0.00,0.00,0.00,0.00,0.00,0.00,0.00,0.00,0.00,0.00,0
0.163253,-102,-90,711,0,DRIVE [ 77 ] [ 1 ] [ 1905 1875 1887 ] [    0    0    0 ] [      0      0      0 ] [ 0 ],drive [ 77 ] [ 0 ] [ 1905 1878 1893 ] [   29   20    7 ] [  13218   6697   8267 ] [ 0 ],1.10,1.30,1.30,1.10,-112.66,-116.98,0.00,0.00,0.00,0.00,0.00,0.00,0.00,0.00,0.00,0.00,0.00,0.00,0.00,0.00,0.00,0
0.177558,-101,-89,702,0,DRIVE [ 78 ] [ 1 ] [ 1905 1871 1881 ] [    0    0    0 ] [      0      0      0 ] [ 0 ],drive [ 77 ] [ 0 ] [ 1905 1875 1887 ] [   29   20    7 ] [  13218   6697   8267 ] [ 0 ],1.10,1.30,1.30,1.10,-110.99,-115.20,0.00,0.00,0.00,0.00,0.00,0.00,0.00,0.00,0.00,0.00,0.00,0.00,0.00,0.00,0.00,0
0.191883,-101,-89,706,0,DRIVE [ 78 ] [ 1 ] [ 1905 1868 1874 ] [    0    0    0 ] [      0      0      0 ] [ 0 ],drive [ 78 ] [ 0 ] [ 1905 1871 1881 ] [   29   20    7 ] [  13218   6697   8267 ] [ 0 ],1.10,1.30,1.30,1.10,-111.48,-115.98,0.00,0.00,0.00,0.00,0.00,0.00,0.00,0.00,0.00,0.00,0.00,0.00,0.00,0.00,0.00,0
0.206069,-101,-89,706,0,DRIVE [ 79 ] [ 1 ] [ 1905 1870 1877 ] [    0    0    0 ] [      0      0      0 ] [ 0 ],drive [ 78 ] [ 0 ] [ 1905 1868 1874 ] [   29   20    7 ] [  13215   6608   8267 ] [ 0 ],1.10,1.30,1.30,1.10,-100.34,-104.38,0.00,0.00,0.00,0.00,0.00,0.00,0.00,0.00,0.00,0.00,0.00,0.00,0.00,0.00,0.00,0
0.222709,-101,-89,706,0,DRIVE [ 79 ] [ 1 ] [ 1905 1871 1880 ] [    0    0    0 ] [      0      0      0 ] [ 0 ],drive [ 79 ] [ 0 ] [ 1905 1870 1877 ] [   21   29    8 ] [  13215   6608   8267 ] [ 0 ],1.10,1.30,1.30,1.10,-90.30,-93.94,0.00,0.00,0.00,0.00,0.00,0.00,0.00,0.00,0.00,0.00,0.00,0.00,0.00,0.00,0.00,0
0.236855,-101,-89,706,0,DRIVE [ 80 ] [ 1 ] [ 1905 1873 1883 ] [    0    0    0 ] [      0      0      0 ] [ 0 ],drive [ 79 ] [ 0 ] [ 1905 1871 1880 ] [   21   29    8 ] [  13215   6608   8267 ] [ 0 ],1.10,1.30,1.30,1.10,-81.27,-84.55,0.00,0.00,0.00,0.00,0.00,0.00,0.00,0.00,0.00,0.00,0.00,0.00,0.00,0.00,0.00,0
0.251049,-101,-89,706,0,DRIVE [ 80 ] [ 1 ] [ 1905 1874 1885 ] [    0    0    0 ] [      0      0      0 ] [ 0 ],drive [ 80 ] [ 0 ] [ 1905 1873 1883 ] [   21   29    8 ] [  13183   6610   8270 ] [ 0 ],1.10,1.30,1.30,1.10,-73.14,-76.09,0.00,0.00,0.00,0.00,0.00,0.00,0.00,0.00,0.00,0.00,0.00,0.00,0.00,0.00,0.00,0
0.264821,-99,-90,702,0,DRIVE [ 81 ] [ 1 ] [ 1905 1852 1842 ] [    0    0    0 ] [      0      0      0 ] [ 0 ],drive [ 80 ] [ 0 ] [ 1905 1874 1885 ] [    9   30    7 ] [  13183   6610   8270 ] [ 0 ],1.10,1.30,1.30,1.10,-108.88,-116.88,0.00,0.00,0.00,0.00,0.00,0.00,0.00,0.00,0.00,0.00,0.00,0.00,0.00,0.00,0.00,0
0.278343,-97,-90,698,0,DRIVE [ 81 ] [ 1 ] [ 1905 1849 1835 ] [    0    0    0 ] [      0      0      0 ] [ 0 ],drive [ 81 ] [ 0 ] [ 1905 1852 1842 ] [    9   30    7 ] [  13183   6610   8270 ] [ 0 ],1.10,1.30,1.30,1.10,-106.42,-117.40,0.00,0.00,0.00,0.00,0.00,0.00,0.00,0.00,0.00,0.00,0.00,0.00,0.00,0.00,0.00,0
0.292388,-97,-90,698,0,DRIVE [ 82 ] [ 1 ] [ 1905 1853 1842 ] [    0    0    0 ] [      0      0      0 ] [ 0 ],drive [ 81 ] [ 0 ] [ 1905 1849 1835 ] [    9   30    7 ] [  13147   6610   8271 ] [ 0 ],1.10,1.30,1.30,1.10,-95.78,-105.66,0.00,0.00,0.00,0.00,0.00,0.00,0.00,0.00,0.00,0.00,0.00,0.00,0.00,0.00,0.00,0
0.30642,-97,-90,698,0,DRIVE [ 82 ] [ 1 ] [ 1905 1856 1849 ] [    0    0    0 ] [      0      0      0 ] [ 0 ],drive [ 82 ] [ 0 ] [ 1905 1853 1842 ] [    9   30    7 ] [  13147   6610   8271 ] [ 0 ],1.10,1.30,1.30,1.10,-86.20,-95.09,0.00,0.00,0.00,0.00,0.00,0.00,0.00,0.00,0.00,0.00,0.00,0.00,0.00,0.00,0.00,0
0.320671,-94,-93,705,0,DRIVE [ 83 ] [ 1 ] [ 1905 1842 1816 ] [    0    0    0 ] [      0      0      0 ] [ 0 ],drive [ 82 ] [ 0 ] [ 1905 1856 1849 ] [   24   31   19 ] [  13147   6610   8271 ] [ 0 ],1.10,1.30,1.30,1.10,-103.81,-120.99,0.00,0.00,0.00,0.00,0.00,0.00,0.00,0.00,0.00,0.00,0.00,0.00,0.00,0.00,0.00,0
0.334919,-91,-94,702,0,DRIVE [ 83 ] [ 1 ] [ 1905 1840 1808 ] [    0    0    0 ] [      0      0      0 ] [ 0 ],drive [ 83 ] [ 0 ] [ 1905 1842 1816 ] [   24   31   19 ] [  13147   6610   8271 ] [ 0 ],1.10,1.30,1.30,1.10,-100.04,-122.30,0.00,0.00,0.00,0.00,0.00,0.00,0.00,0.00,0.00,0.00,0.00,0.00,0.00,0.00,0.00,0
0.348359,-91,-94,702,0,DRIVE [ 84 ] [ 1 ] [ 1905 1845 1818 ] [    0    0    0 ] [      0      0      0 ] [ 0 ],drive [ 83 ] [ 0 ] [ 1905 1840 1808 ] [   24   31   19 ] [  13077   6610   8381 ] [ 0 ],1.10,1.30,1.30,1.10,-90.03,-110.07,0.00,0.00,0.00,0.00,0.00,0.00,0.00,0.00,0.00,0.00,0.00,0.00,0.00,0.00,0.00,0
0.362741,-88,-96,708,0,DRIVE [ 84 ] [ 1 ] [ 1905 1837 1795 ] [    0    0    0 ] [      0      0      0 ] [ 0 ],drive [ 84 ] [ 0 ] [ 1905 1845 1818 ] [   14   30   14 ] [  13077   6610   8381 ] [ 0 ],1.10,1.30,1.30,1.10,-96.54,-124.47,0.00,0.00,0.00,0.00,0.00,0.00,0.00,0.00,0.00,0.00,0.00,0.00,0.00,0.00,0.00,0
0.377628,-88,-96,708,0,DRIVE [ 85 ] [ 1 ] [ 1905 1842 1806 ] [    0    0    0 ] [      0      0      0 ] [ 0 ],drive [ 84 ] [ 0 ] [ 1905 1837 1795 ] [   14   30   14 ] [  13077   6610   8381 ] [ 0 ],1.10,1.30,1.30,1.10,-86.88,-112.02,0.00,0.00,0.00,0.00,0.00,0.00,0.00,0.00,0.00,0.00,0.00,0.00,0.00,0.00,0.00,0
0.39218,-85,-98,718,0,DRIVE [ 85 ] [ 1 ] [ 1905 1834 1781 ] [    0    0    0 ] [      0      0      0 ] [ 0 ],drive [ 85 ] [ 0 ] [ 1905 1842 1806 ] [   14   30   14 ] [  13077   6610   8381 ] [ 0 ],1.10,1.30,1.30,1.10,-93.73,-127.66,0.00,0.00,0.00,0.00,0.00,0.00,0.00,0.00,0.00,0.00,0.00,0.00,0.00,0.00,0.00,0
0.406284,-83,-100,720,0,DRIVE [ 86 ] [ 1 ] [ 1905 1833 1773 ] [    0    0    0 ] [      0      0      0 ] [ 0 ],drive [ 85 ] [ 0 ] [ 1905 1834 1781 ] [   14   30   14 ] [  13076   6610   8382 ] [ 0 ],1.10,1.30,1.30,1.10,-90.78,-129.37,0.00,0.00,0.00,0.00,0.00,0.00,0.00,0.00,0.00,0.00,0.00,0.00,0.00,0.00,0.00,0
0.421552,-80,-100,717,0,DRIVE [ 86 ] [ 1 ] [ 1905 1832 1765 ] [    0    0    0 ] [      0      0      0 ] [ 0 ],drive [ 86 ] [ 0 ] [ 1905 1833 1773 ] [   10   32   14 ] [  13076   6610   8382 ] [ 0 ],1.10,1.30,1.30,1.10,-87.80,-130.59,0.00,0.00,0.00,0.00,0.00,0.00,0.00,0.00,0.00,0.00,0.00,0.00,0.00,0.00,0.00,0
0.437815,-80,-100,717,0,DRIVE [ 87 ] [ 1 ] [ 1905 1838 1779 ] [    0    0    0 ] [      0      0      0 ] [ 0 ],drive [ 86 ] [ 0 ] [ 1905 1832 1765 ] [   10   32   14 ] [  13076   6610   8382 ] [ 0 ],1.10,1.30,1.30,1.10,-79.02,-117.53,0.00,0.00,0.00,0.00,0.00,0.00,0.00,0.00,0.00,0.00,0.00,0.00,0.00,0.00,0.00,0
0.453164,-80,-100,717,0,DRIVE [ 87 ] [ 1 ] [ 1905 1842 1791 ] [    0    0    0 ] [      0      0      0 ] [ 0 ],drive [ 87 ] [ 0 ] [ 1905 1838 1779 ] [   10   32   14 ] [  13017   6610   8401 ] [ 0 ],1.10,1.30,1.30,1.10,-71.12,-105.78,0.00,0.00,0.00,0.00,0.00,0.00,0.00,0.00,0.00,0.00,0.00,0.00,0.00,0.00,0.00,0
0.468858,-80,-100,717,0,DRIVE [ 88 ] [ 1 ] [ 1905 1847 1803 ] [    0    0    0 ] [      0      0      0 ] [ 0 ],drive [ 87 ] [ 0 ] [ 1905 1842 1791 ] [   25   33   22 ] [  13017   6610   8401 ] [ 0 ],1.10,1.30,1.30,1.10,-64.01,-95.20,0.00,0.00,0.00,0.00,0.00,0.00,0.00,0.00,0.00,0.00,0.00,0.00,0.00,0.00,0.00,0
0.484039,-78,-102,718,0,DRIVE [ 88 ] [ 1 ] [ 1905 1824 1733 ] [    0    0    0 ] [      0      0      0 ] [ 0 ],drive [ 88 ] [ 0 ] [ 1905 1847 1803 ] [   25   33   22 ] [  13017   6610   8401 ] [ 0 ],1.10,1.30,1.30,1.10,-85.48,-133.24,0.00,0.00,0.00,0.00,0.00,0.00,0.00,0.00,0.00,0.00,0.00,0.00,0.00,0.00,0.00,0
0.500154,-78,-102,718,0,DRIVE [ 89 ] [ 1 ] [ 1905 1830 1750 ] [    0    0    0 ] [      0      0      0 ] [ 0 ],drive [ 88 ] [ 0 ] [ 1905 1824 1733 ] [   25   33   22 ] [  12959   6610   8417 ] [ 0 ],1.10,1.30,1.30,1.10,-76.94,-119.92,0.00,0.00,0.00,0.00,0.00,0.00,0.00,0.00,0.00,0.00,0.00,0.00,0.00,0.00,0.00,0
0.516433,-76,-104,719,0,DRIVE [ 89 ] [ 1 ] [ 1905 1820 1714 ] [    0    0    0 ] [      0      0      0 ] [ 0 ],drive [ 89 ] [ 0 ] [ 1905 1830 1750 ] [   10   32   24 ] [  12959   6610   8417 ] [ 0 ],1.10,1.30,1.30,1.10,-83.53,-135.81,0.00,0.00,0.00,0.00,0.00,0.00,0.00,0.00,0.00,0.00,0.00,0.00,0.00,0.00,0.00,0
0.53227,-76,-104,719,0,DRIVE [ 90 ] [ 1 ] [ 1905 1827 1733 ] [    0    0    0 ] [      0      0      0 ] [ 0 ],drive [ 89 ] [ 0 ] [ 1905 1820 1714 ] [   10   32   24 ] [  12959   6610   8417 ] [ 0 ],1.10,1.30,1.30,1.10,-75.18,-122.23,0.00,0.00,0.00,0.00,0.00,0.00,0.00,0.00,0.00,0.00,0.00,0.00,0.00,0.00,0.00,0
0.546638,-75,-106,716,0,DRIVE [ 90 ] [ 1 ] [ 1905 1816 1694 ] [    0    0    0 ] [      0      0      0 ] [ 0 ],drive [ 90 ] [ 0 ] [ 1905 1827 1733 ] [   10   32   24 ] [  12954   6610   8514 ] [ 0 ],1.10,1.30,1.30,1.10,-81.97,-138.28,0.00,0.00,0.00,0.00,0.00,0.00,0.00,0.00,0.00,0.00,0.00,0.00,0.00,0.00,0.00,0
0.560959,-74,-108,714,0,DRIVE [ 91 ] [ 1 ] [ 1905 1815 1683 ] [    0    0    0 ] [      0      0      0 ] [ 0 ],drive [ 90 ] [ 0 ] [ 1905 1816 1694 ] [    3   34   16 ] [  12954   6610   8514 ] [ 0 ],1.10,1.30,1.30,1.10,-81.08,-140.44,0.00,0.00,0.00,0.00,0.00,0.00,0.00,0.00,0.00,0.00,0.00,0.00,0.00,0.00,0.00,0
0.575349,-74,-110,719,0,DRIVE [ 91 ] [ 1 ] [ 1905 1813 1673 ] [    0    0    0 ] [      0      0      0 ] [ 0 ],drive [ 91 ] [ 0 ] [ 1905 1815 1683 ] [    3   34   16 ] [  12954   6610   8514 ] [ 0 ],1.10,1.30,1.30,1.10,-80.97,-143.31,0.00,0.00,0.00,0.00,0.00,0.00,0.00,0.00,0.00,0.00,0.00,0.00,0.00,0.00,0.00,0
0.589271,-74,-110,719,0,DRIVE [ 92 ] [ 1 ] [ 1905 1820 1696 ] [    0    0    0 ] [      0      0      0 ] [ 0 ],drive [ 91 ] [ 0 ] [ 1905 1813 1673 ] [    3   34   16 ] [  12954   6610   8514 ] [ 0 ],1.10,1.30,1.30,1.10,-72.87,-128.98,0.00,0.00,0.00,0.00,0.00,0.00,0.00,0.00,0.00,0.00,0.00,0.00,0.00,0.00,0.00,0
0.603348,-73,-111,712,0,DRIVE [ 92 ] [ 1 ] [ 1905 1808 1654 ] [    0    0    0 ] [      0      0      0 ] [ 0 ],drive [ 92 ] [ 0 ] [ 1905 1820 1696 ] [    3   34   16 ] [  12928   6610   8526 ] [ 0 ],1.10,1.30,1.30,1.10,-80.61,-144.75,0.00,0.00,0.00,0.00,0.00,0.00,0.00,0.00,0.00,0.00,0.00,0.00,0.00,0.00,0.00,0
0.616964,-73,-111,712,0,DRIVE [ 93 ] [ 1 ] [ 1905 1816 1679 ] [    0    0    0 ] [      0      0      0 ] [ 0 ],drive [ 92 ] [ 0 ] [ 1905 1808 1654 ] [    6   34   43 ] [  12928   6610   8526 ] [ 0 ],1.10,1.30,1.30,1.10,-72.55,-130.28,0.00,0.00,0.00,0.00,0.00,0.00,0.00,0.00,0.00,0.00,0.00,0.00,0.00,0.00,0.00,0
0.631013,-75,-115,716,0,DRIVE [ 93 ] [ 1 ] [ 1905 1803 1633 ] [    0    0    0 ] [      0      0      0 ] [ 0 ],drive [ 93 ] [ 0 ] [ 1905 1816 1679 ] [    6   34   43 ] [  12928   6610   8526 ] [ 0 ],1.10,1.30,1.30,1.10,-82.37,-148.88,0.00,0.00,0.00,0.00,0.00,0.00,0.00,0.00,0.00,0.00,0.00,0.00,0.00,0.00,0.00,0
0.644762,-75,-115,716,0,DRIVE [ 94 ] [ 1 ] [ 1905 1811 1660 ] [    0    0    0 ] [      0      0      0 ] [ 0 ],drive [ 93 ] [ 0 ] [ 1905 1803 1633 ] [    6   34   43 ] [  12868   6610   8621 ] [ 0 ],1.10,1.30,1.30,1.10,-74.13,-133.99,0.00,0.00,0.00,0.00,0.00,0.00,0.00,0.00,0.00,0.00,0.00,0.00,0.00,0.00,0.00,0
0.658763,-75,-115,716,0,DRIVE [ 94 ] [ 1 ] [ 1905 1818 1685 ] [    0    0    0 ] [      0      0      0 ] [ 0 ],drive [ 94 ] [ 0 ] [ 1905 1811 1660 ] [    0   36   27 ] [  12868   6610   8621 ] [ 0 ],1.10,1.30,1.30,1.10,-66.72,-120.59,0.00,0.00,0.00,0.00,0.00,0.00,0.00,0.00,0.00,0.00,0.00,0.00,0.00,0.00,0.00,0
0.672885,-79,-118,723,0,DRIVE [ 95 ] [ 1 ] [ 1905 1792 1605 ] [    0    0    0 ] [      0      0      0 ] [ 0 ],drive [ 94 ] [ 0 ] [ 1905 1818 1685 ] [    0   36   27 ] [  12868   6610   8621 ] [ 0 ],1.10,1.30,1.30,1.10,-86.91,-153.79,0.00,0.00,0.00,0.00,0.00,0.00,0.00,0.00,0.00,0.00,0.00,0.00,0.00,0.00,0.00,0
0.68903,-79,-118,723,0,DRIVE [ 95 ] [ 1 ] [ 1905 1801 1635 ] [    0    0    0 ] [      0      0      0 ] [ 0 ],drive [ 95 ] [ 0 ] [ 1905 1792 1605 ] [    0   36   27 ] [  12868   6610   8621 ] [ 0 ],1.10,1.30,1.30,1.10,-78.22,-138.41,0.00,0.00,0.00,0.00,0.00,0.00,0.00,0.00,0.00,0.00,0.00,0.00,0.00,0.00,0.00,0
0.703605,-79,-118,723,0,DRIVE [ 96 ] [ 1 ] [ 1905 1809 1661 ] [    0    0    0 ] [      0      0      0 ] [ 0 ],drive [ 95 ] [ 0 ] [ 1905 1801 1635 ] [    0   36   27 ] [  12800   6611   8658 ] [ 0 ],1.10,1.30,1.30,1.10,-70.40,-124.57,0.00,0.00,0.00,0.00,0.00,0.00,0.00,0.00,0.00,0.00,0.00,0.00,0.00,0.00,0.00,0
0.717851,-84,-121,728,0,DRIVE [ 96 ] [ 1 ] [ 1905 1779 1575 ] [    0    0    0 ] [      0      0      0 ] [ 0 ],drive [ 96 ] [ 0 ] [ 1905 1809 1661 ] [   26   35   52 ] [  12800   6611   8658 ] [ 0 ],1.10,1.30,1.30,1.10,-92.45,-157.85,0.00,0.00,0.00,0.00,0.00,0.00,0.00,0.00,0.00,0.00,0.00,0.00,0.00,0.00,0.00,0
0.733347,-84,-121,728,0,DRIVE [ 97 ] [ 1 ] [ 1905 1789 1607 ] [    0    0    0 ] [      0      0      0 ] [ 0 ],drive [ 96 ] [ 0 ] [ 1905 1779 1575 ] [   26   35   52 ] [  12800   6611   8658 ] [ 0 ],1.10,1.30,1.30,1.10,-83.21,-142.06,0.00,0.00,0.00,0.00,0.00,0.00,0.00,0.00,0.00,0.00,0.00,0.00,0.00,0.00,0.00,0
0.747436,-84,-121,728,0,DRIVE [ 97 ] [ 1 ] [ 1905 1799 1637 ] [    0    0    0 ] [      0      0      0 ] [ 0 ],drive [ 97 ] [ 0 ] [ 1905 1789 1607 ] [   26   35   52 ] [  12647   6618   8741 ] [ 0 ],1.10,1.30,1.30,1.10,-74.89,-127.86,0.00,0.00,0.00,0.00,0.00,0.00,0.00,0.00,0.00,0.00,0.00,0.00,0.00,0.00,0.00,0
0.761981,-90,-123,733,0,DRIVE [ 98 ] [ 1 ] [ 1905 1764 1548 ] [    0    0    0 ] [      0      0      0 ] [ 0 ],drive [ 97 ] [ 0 ] [ 1905 1799 1637 ] [   10   27   49 ] [  12647   6618   8741 ] [ 0 ],1.10,1.30,1.30,1.10,-98.67,-160.06,0.00,0.00,0.00,0.00,0.00,0.00,0.00,0.00,0.00,0.00,0.00,0.00,0.00,0.00,0.00,0
0.777972,-95,-126,745,0,DRIVE [ 98 ] [ 1 ] [ 1905 1755 1538 ] [    0    0    0 ] [      0      0      0 ] [ 0 ],drive [ 98 ] [ 0 ] [ 1905 1764 1548 ] [   10   27   49 ] [  12647   6618   8741 ] [ 0 ],1.10,1.30,1.30,1.10,-104.91,-163.57,0.00,0.00,0.00,0.00,0.00,0.00,0.00,0.00,0.00,0.00,0.00,0.00,0.00,0.00,0.00,0
0.792524,-99,-127,751,0,DRIVE [ 99 ] [ 1 ] [ 1905 1747 1529 ] [    0    0    0 ] [      0      0      0 ] [ 0 ],drive [ 98 ] [ 0 ] [ 1905 1755 1538 ] [   10   27   49 ] [  12422   6690   8853 ] [ 0 ],1.10,1.30,1.30,1.10,-109.13,-165.18,0.00,0.00,0.00,0.00,0.00,0.00,0.00,0.00,0.00,0.00,0.00,0.00,0.00,0.00,0.00,0
0.808832,-99,-127,751,0,DRIVE [ 99 ] [ 1 ] [ 1905 1761 1566 ] [    0    0    0 ] [      0      0      0 ] [ 0 ],drive [ 99 ] [ 0 ] [ 1905 1747 1529 ] [   10   27   49 ] [  12422   6690   8853 ] [ 0 ],1.10,1.30,1.30,1.10,-98.21,-148.66,0.00,0.00,0.00,0.00,0.00,0.00,0.00,0.00,0.00,0.00,0.00,0.00,0.00,0.00,0.00,0
0.823707,-99,-127,751,0,DRIVE [ 00 ] [ 1 ] [ 1905 1773 1599 ] [    0    0    0 ] [      0      0      0 ] [ 0 ],drive [ 99 ] [ 0 ] [ 1905 1761 1566 ] [   23   36   44 ] [  12422   6690   8853 ] [ 0 ],1.10,1.30,1.30,1.10,-88.39,-133.79,0.00,0.00,0.00,0.00,0.00,0.00,0.00,0.00,0.00,0.00,0.00,0.00,0.00,0.00,0.00,0
0.837944,-99,-127,751,0,DRIVE [ 00 ] [ 1 ] [ 1905 1784 1630 ] [    0    0    0 ] [      0      0      0 ] [ 0 ],drive [ 00 ] [ 0 ] [ 1905 1773 1599 ] [   23   36   44 ] [  12422   6690   8853 ] [ 0 ],1.10,1.30,1.30,1.10,-79.55,-120.41,0.00,0.00,0.00,0.00,0.00,0.00,0.00,0.00,0.00,0.00,0.00,0.00,0.00,0.00,0.00,0
0.851893,-99,-127,751,0,DRIVE [ 01 ] [ 1 ] [ 1905 1794 1657 ] [    0    0    0 ] [      0      0      0 ] [ 0 ],drive [ 00 ] [ 0 ] [ 1905 1784 1630 ] [   23   36   44 ] [  12052   6867   8979 ] [ 0 ],1.10,1.30,1.30,1.10,-71.60,-108.37,0.00,0.00,0.00,0.00,0.00,0.00,0.00,0.00,0.00,0.00,0.00,0.00,0.00,0.00,0.00,0
0.865969,-99,-127,751,0,DRIVE [ 01 ] [ 1 ] [ 1905 1803 1681 ] [    0    0    0 ] [      0      0      0 ] [ 0 ],drive [ 01 ] [ 0 ] [ 1905 1794 1657 ] [    3   21   40 ] [  12052   6867   8979 ] [ 0 ],1.10,1.30,1.30,1.10,-64.44,-97.54,0.00,0.00,0.00,0.00,0.00,0.00,0.00,0.00,0.00,0.00,0.00,0.00,0.00,0.00,0.00,0
0.879653,-99,-127,751,0,DRIVE [ 02 ] [ 1 ] [ 1905 1811 1704 ] [    0    0    0 ] [      0      0      0 ] [ 0 ],drive [ 01 ] [ 0 ] [ 1905 1803 1681 ] [    3   21   40 ] [  12052   6867   8979 ] [ 0 ],1.10,1.30,1.30,1.10,-57.99,-87.78,0.00,0.00,0.00,0.00,0.00,0.00,0.00,0.00,0.00,0.00,0.00,0.00,0.00,0.00,0.00,0
0.895637,-99,-127,751,0,DRIVE [ 02 ] [ 1 ] [ 1905 1818 1724 ] [    0    0    0 ] [      0      0      0 ] [ 0 ],drive [ 02 ] [ 0 ] [ 1905 1811 1704 ] [    3   21   40 ] [  12020   6888   8975 ] [ 0 ],1.10,1.30,1.30,1.10,-52.19,-79.00,0.00,0.00,0.00,0.00,0.00,0.00,0.00,0.00,0.00,0.00,0.00,0.00,0.00,0.00,0.00,0
0.909647,-99,-127,751,0,DRIVE [ 03 ] [ 1 ] [ 1905 1825 1742 ] [    0    0    0 ] [      0      0      0 ] [ 0 ],drive [ 02 ] [ 0 ] [ 1905 1818 1724 ] [    5   18   22 ] [  12020   6888   8975 ] [ 0 ],1.10,1.30,1.30,1.10,-46.98,-71.10,0.00,0.00,0.00,0.00,0.00,0.00,0.00,0.00,0.00,0.00,0.00,0.00,0.00,0.00,0.00,0
0.92385,-99,-127,751,0,DRIVE [ 03 ] [ 1 ] [ 1905 1831 1758 ] [    0    0    0 ] [      0      0      0 ] [ 0 ],drive [ 03 ] [ 0 ] [ 1905 1825 1742 ] [    5   18   22 ] [  12020   6888   8975 ] [ 0 ],1.10,1.30,1.30,1.10,-42.28,-63.99,0.00,0.00,0.00,0.00,0.00,0.00,0.00,0.00,0.00,0.00,0.00,0.00,0.00,0.00,0.00,0
0.938202,-107,-125,761,0,DRIVE [ 04 ] [ 1 ] [ 1905 1706 1461 ] [    0    0    0 ] [      0      0      0 ] [ 0 ],drive [ 03 ] [ 0 ] [ 1905 1831 1758 ] [    5   18   22 ] [  12020   6888   8975 ] [ 0 ],1.10,1.30,1.30,1.10,-117.63,-162.75,0.00,0.00,0.00,0.00,0.00,0.00,0.00,0.00,0.00,0.00,0.00,0.00,0.00,0.00,0.00,0
0.95182,-111,-122,757,0,DRIVE [ 04 ] [ 1 ] [ 1905 1693 1461 ] [    0    0    0 ] [      0      0      0 ] [ 0 ],drive [ 04 ] [ 0 ] [ 1905 1706 1461 ] [    5   18   22 ] [  12019   6888   8943 ] [ 0 ],1.10,1.30,1.30,1.10,-122.58,-158.63,0.00,0.00,0.00,0.00,0.00,0.00,0.00,0.00,0.00,0.00,0.00,0.00,0.00,0.00,0.00,0
0.965752,-111,-122,757,0,DRIVE [ 05 ] [ 1 ] [ 1905 1712 1504 ] [    0    0    0 ] [      0      0      0 ] [ 0 ],drive [ 04 ] [ 0 ] [ 1905 1693 1461 ] [    4   15   19 ] [  12019   6888   8943 ] [ 0 ],1.10,1.30,1.30,1.10,-110.32,-142.76,0.00,0.00,0.00,0.00,0.00,0.00,0.00,0.00,0.00,0.00,0.00,0.00,0.00,0.00,0.00,0
0.979867,-111,-122,757,0,DRIVE [ 05 ] [ 1 ] [ 1905 1728 1544 ] [    0    0    0 ] [      0      0      0 ] [ 0 ],drive [ 05 ] [ 0 ] [ 1905 1712 1504 ] [    4   15   19 ] [  12019   6888   8943 ] [ 0 ],1.10,1.30,1.30,1.10,-99.29,-128.49,0.00,0.00,0.00,0.00,0.00,0.00,0.00,0.00,0.00,0.00,0.00,0.00,0.00,0.00,0.00,0
0.993931,-120,-121,765,0,DRIVE [ 06 ] [ 1 ] [ 1905 1669 1448 ] [    0    0    0 ] [      0      0      0 ] [ 0 ],drive [ 05 ] [ 0 ] [ 1905 1728 1544 ] [    4   15   19 ] [  11992   6932   9109 ] [ 0 ],1.10,1.30,1.30,1.10,-131.56,-156.86,0.00,0.00,0.00,0.00,0.00,0.00,0.00,0.00,0.00,0.00,0.00,0.00,0.00,0.00,0.00,0
1.00817,-127,-119,773,0,DRIVE [ 06 ] [ 1 ] [ 1905 1653 1449 ] [    0    0    0 ] [      0      0      0 ] [ 0 ],drive [ 06 ] [ 0 ] [ 1905 1669 1448 ] [    4   25   59 ] [  11992   6932   9109 ] [ 0 ],1.10,1.30,1.30,1.10,-139.44,-154.61,0.00,0.00,0.00,0.00,0.00,0.00,0.00,0.00,0.00,0.00,0.00,0.00,0.00,0.00,0.00,0
1.02218,-127,-119,773,0,DRIVE [ 07 ] [ 1 ] [ 1905 1675 1493 ] [    0    0    0 ] [      0      0      0 ] [ 0 ],drive [ 06 ] [ 0 ] [ 1905 1653 1449 ] [    4   25   59 ] [  11992   6932   9109 ] [ 0 ],1.10,1.30,1.30,1.10,-125.50,-139.15,0.00,0.00,0.00,0.00,0.00,0.00,0.00,0.00,0.00,0.00,0.00,0.00,0.00,0.00,0.00,0
1.03779,-127,-119,773,0,DRIVE [ 07 ] [ 1 ] [ 1905 1696 1533 ] [    0    0    0 ] [      0      0      0 ] [ 0 ],drive [ 07 ] [ 0 ] [ 1905 1675 1493 ] [    4   25   59 ] [  11992   6932   9109 ] [ 0 ],1.10,1.30,1.30,1.10,-112.95,-125.23,0.00,0.00,0.00,0.00,0.00,0.00,0.00,0.00,0.00,0.00,0.00,0.00,0.00,0.00,0.00,0
1.05295,-133,-115,784,0,DRIVE [ 08 ] [ 1 ] [ 1905 1631 1444 ] [    0    0    0 ] [      0      0      0 ] [ 0 ],drive [ 07 ] [ 0 ] [ 1905 1696 1533 ] [    4   25   59 ] [  11855   6968   9187 ] [ 0 ],1.10,1.30,1.30,1.10,-146.21,-149.70,0.00,0.00,0.00,0.00,0.00,0.00,0.00,0.00,0.00,0.00,0.00,0.00,0.00,0.00,0.00,0
1.06702,-133,-115,784,0,DRIVE [ 08 ] [ 1 ] [ 1905 1656 1489 ] [    0    0    0 ] [      0      0      0 ] [ 0 ],drive [ 08 ] [ 0 ] [ 1905 1631 1444 ] [    6   24   39 ] [  11855   6968   9187 ] [ 0 ],1.10,1.30,1.30,1.10,-131.59,-134.73,0.00,0.00,0.00,0.00,0.00,0.00,0.00,0.00,0.00,0.00,0.00,0.00,0.00,0.00,0.00,0
1.08061,-135,-110,785,0,DRIVE [ 09 ] [ 1 ] [ 1905 1617 1448 ] [    0    0    0 ] [      0      0      0 ] [ 0 ],drive [ 08 ] [ 0 ] [ 1905 1656 1489 ] [    6   24   39 ] [  11855   6968   9187 ] [ 0 ],1.10,1.30,1.30,1.10,-148.53,-142.87,0.00,0.00,0.00,0.00,0.00,0.00,0.00,0.00,0.00,0.00,0.00,0.00,0.00,0.00,0.00,0
1.09482,-135,-110,785,0,DRIVE [ 09 ] [ 1 ] [ 1905 1643 1492 ] [    0    0    0 ] [      0      0      0 ] [ 0 ],drive [ 09 ] [ 0 ] [ 1905 1617 1448 ] [    6   24   39 ] [  11739   7066   9188 ] [ 0 ],1.10,1.30,1.30,1.10,-133.68,-128.58,0.00,0.00,0.00,0.00,0.00,0.00,0.00,0.00,0.00,0.00,0.00,0.00,0.00,0.00,0.00,0
1.10889,-135,-110,785,0,DRIVE [ 10 ] [ 1 ] [ 1905 1667 1532 ] [    0    0    0 ] [      0      0      0 ] [ 0 ],drive [ 09 ] [ 0 ] [ 1905 1643 1492 ] [   10   52   43 ] [  11739   7066   9188 ] [ 0 ],1.10,1.30,1.30,1.10,-120.31,-115.72,0.00,0.00,0.00,0.00,0.00,0.00,0.00,0.00,0.00,0.00,0.00,0.00,0.00,0.00,0.00,0
1.1229,-135,-110,785,0,DRIVE [ 10 ] [ 1 ] [ 1905 1688 1569 ] [    0    0    0 ] [      0      0      0 ] [ 0 ],drive [ 10 ] [ 0 ] [ 1905 1667 1532 ] [   10   52   43 ] [  11739   7066   9188 ] [ 0 ],1.10,1.30,1.30,1.10,-108.28,-104.15,0.00,0.00,0.00,0.00,0.00,0.00,0.00,0.00,0.00,0.00,0.00,0.00,0.00,0.00,0.00,0
1.13688,-135,-110,785,0,DRIVE [ 11 ] [ 1 ] [ 1905 1707 1602 ] [    0    0    0 ] [      0      0      0 ] [ 0 ],drive [ 10 ] [ 0 ] [ 1905 1688 1569 ] [   10   52   43 ] [  11739   7066   9188 ] [ 0 ],1.10,1.30,1.30,1.10,-97.45,-93.73,0.00,0.00,0.00,0.00,0.00,0.00,0.00,0.00,0.00,0.00,0.00,0.00,0.00,0.00,0.00,0
1.15032,-135,-110,785,0,DRIVE [ 11 ] [ 1 ] [ 1905 1725 1632 ] [    0    0    0 ] [      0      0      0 ] [ 0 ],drive [ 11 ] [ 0 ] [ 1905 1707 1602 ] [   10   52   43 ] [  11714   7074   9191 ] [ 0 ],1.10,1.30,1.30,1.10,-87.71,-84.36,0.00,0.00,0.00,0.00,0.00,0.00,0.00,0.00,0.00,0.00,0.00,0.00,0.00,0.00,0.00,0
1.16462,-132,-106,778,0,DRIVE [ 12 ] [ 1 ] [ 1905 1609 1440 ] [    0    0    0 ] [      0      0      0 ] [ 0 ],drive [ 11 ] [ 0 ] [ 1905 1725 1632 ] [   10   45   32 ] [  11714   7074   9191 ] [ 0 ],1.10,1.30,1.30,1.10,-145.55,-138.23,0.00,0.00,0.00,0.00,0.00,0.00,0.00,0.00,0.00,0.00,0.00,0.00,0.00,0.00,0.00,0
1.17881,-132,-106,778,0,DRIVE [ 12 ] [ 1 ] [ 1905 1636 1485 ] [    0    0    0 ] [      0      0      0 ] [ 0 ],drive [ 12 ] [ 0 ] [ 1905 1609 1440 ] [   10   45   32 ] [  11714   7074   9191 ] [ 0 ],1.10,1.30,1.30,1.10,-130.99,-124.40,0.00,0.00,0.00,0.00,0.00,0.00,0.00,0.00,0.00,0.00,0.00,0.00,0.00,0.00,0.00,0
1.19288,-132,-106,778,0,DRIVE [ 13 ] [ 1 ] [ 1905 1660 1526 ] [    0    0    0 ] [      0      0      0 ] [ 0 ],drive [ 12 ] [ 0 ] [ 1905 1636 1485 ] [   10   45   32 ] [  11714   7076   9182 ] [ 0 ],1.10,1.30,1.30,1.10,-117.89,-111.96,0.00,0.00,0.00,0.00,0.00,0.00,0.00,0.00,0.00,0.00,0.00,0.00,0.00,0.00,0.00,0
1.20681,-132,-106,778,0,DRIVE [ 13 ] [ 1 ] [ 1905 1682 1563 ] [    0    0    0 ] [      0      0      0 ] [ 0 ],drive [ 13 ] [ 0 ] [ 1905 1660 1526 ] [   11   39   50 ] [  11714   7076   9182 ] [ 0 ],1.10,1.30,1.30,1.10,-106.10,-100.77,0.00,0.00,0.00,0.00,0.00,0.00,0.00,0.00,0.00,0.00,0.00,0.00,0.00,0.00,0.00,0
1.22074,-132,-106,778,0,DRIVE [ 14 ] [ 1 ] [ 1905 1702 1596 ] [    0    0    0 ] [      0      0      0 ] [ 0 ],drive [ 13 ] [ 0 ] [ 1905 1682 1563 ] [   11   39   50 ] [  11714   7076   9182 ] [ 0 ],1.10,1.30,1.30,1.10,-95.49,-90.69,0.00,0.00,0.00,0.00,0.00,0.00,0.00,0.00,0.00,0.00,0.00,0.00,0.00,0.00,0.00,0
1.23481,-132,-106,778,0,DRIVE [ 14 ] [ 1 ] [ 1905 1720 1627 ] [    0    0    0 ] [      0      0      0 ] [ 0 ],drive [ 14 ] [ 0 ] [ 1905 1702 1596 ] [   11   39   50 ] [  11714   7076   9182 ] [ 0 ],1.10,1.30,1.30,1.10,-85.94,-81.62,0.00,0.00,0.00,0.00,0.00,0.00,0.00,0.00,0.00,0.00,0.00,0.00,0.00,0.00,0.00,0
1.24903,-131,-106,785,0,DRIVE [ 15 ] [ 1 ] [ 1905 1615 1446 ] [    0    0    0 ] [      0      0      0 ] [ 0 ],drive [ 14 ] [ 0 ] [ 1905 1720 1627 ] [   11   39   50 ] [  11714   7114   9209 ] [ 0 ],1.10,1.30,1.30,1.10,-143.85,-137.77,0.00,0.00,0.00,0.00,0.00,0.00,0.00,0.00,0.00,0.00,0.00,0.00,0.00,0.00,0.00,0
1.26252,-131,-106,785,0,DRIVE [ 15 ] [ 1 ] [ 1905 1641 1490 ] [    0    0    0 ] [      0      0      0 ] [ 0 ],drive [ 15 ] [ 0 ] [ 1905 1615 1446 ] [   11   30   35 ] [  11714   7114   9209 ] [ 0 ],1.10,1.30,1.30,1.10,-129.47,-124.00,0.00,0.00,0.00,0.00,0.00,0.00,0.00,0.00,0.00,0.00,0.00,0.00,0.00,0.00,0.00,0
1.27687,-128,-105,780,0,DRIVE [ 16 ] [ 1 ] [ 1905 1620 1449 ] [    0    0    0 ] [      0      0      0 ] [ 0 ],drive [ 15 ] [ 0 ] [ 1905 1641 1490 ] [   11   30   35 ] [  11714   7114   9209 ] [ 0 ],1.10,1.30,1.30,1.10,-140.56,-136.21,0.00,0.00,0.00,0.00,0.00,0.00,0.00,0.00,0.00,0.00,0.00,0.00,0.00,0.00,0.00,0
1.29095,-128,-105,780,0,DRIVE [ 16 ] [ 1 ] [ 1905 1645 1493 ] [    0    0    0 ] [      0      0      0 ] [ 0 ],drive [ 16 ] [ 0 ] [ 1905 1620 1449 ] [   11   30   35 ] [  11714   7114   9209 ] [ 0 ],1.10,1.30,1.30,1.10,-126.51,-122.59,0.00,0.00,0.00,0.00,0.00,0.00,0.00,0.00,0.00,0.00,0.00,0.00,0.00,0.00,0.00,0
1.30505,-128,-105,780,0,DRIVE [ 17 ] [ 1 ] [ 1905 1669 1533 ] [    0    0    0 ] [      0      0      0 ] [ 0 ],drive [ 16 ] [ 0 ] [ 1905 1645 1493 ] [   11   30   35 ] [  11714   7137   9217 ] [ 0 ],1.10,1.30,1.30,1.10,-113.86,-110.33,0.00,0.00,0.00,0.00,0.00,0.00,0.00,0.00,0.00,0.00,0.00,0.00,0.00,0.00,0.00,0
1.31942,-127,-107,789,0,DRIVE [ 17 ] [ 1 ] [ 1905 1624 1448 ] [    0    0    0 ] [      0      0      0 ] [ 0 ],drive [ 17 ] [ 0 ] [ 1905 1669 1533 ] [   11   30   60 ] [  11714   7137   9217 ] [ 0 ],1.10,1.30,1.30,1.10,-140.09,-138.46,0.00,0.00,0.00,0.00,0.00,0.00,0.00,0.00,0.00,0.00,0.00,0.00,0.00,0.00,0.00,0
1.3334,-127,-107,789,0,DRIVE [ 18 ] [ 1 ] [ 1905 1650 1492 ] [    0    0    0 ] [      0      0      0 ] [ 0 ],drive [ 17 ] [ 0 ] [ 1905 1624 1448 ] [   11   30   60 ] [  11714   7137   9217 ] [ 0 ],1.10,1.30,1.30,1.10,-126.08,-124.62,0.00,0.00,0.00,0.00,0.00,0.00,0.00,0.00,0.00,0.00,0.00,0.00,0.00,0.00,0.00,0
1.34682,-127,-107,789,0,DRIVE [ 18 ] [ 1 ] [ 1905 1672 1532 ] [    0    0    0 ] [      0      0      0 ] [ 0 ],drive [ 18 ] [ 0 ] [ 1905 1650 1492 ] [   11   30   60 ] [  11697   7138   9240 ] [ 0 ],1.10,1.30,1.30,1.10,-113.47,-112.16,0.00,0.00,0.00,0.00,0.00,0.00,0.00,0.00,0.00,0.00,0.00,0.00,0.00,0.00,0.00,0
1.36086,-127,-107,789,0,DRIVE [ 19 ] [ 1 ] [ 1905 1693 1569 ] [    0    0    0 ] [      0      0      0 ] [ 0 ],drive [ 18 ] [ 0 ] [ 1905 1672 1532 ] [    2   29   52 ] [  11697   7138   9240 ] [ 0 ],1.10,1.30,1.30,1.10,-102.13,-100.94,0.00,0.00,0.00,0.00,0.00,0.00,0.00,0.00,0.00,0.00,0.00,0.00,0.00,0.00,0.00,0
1.37497,-127,-107,789,0,DRIVE [ 19 ] [ 1 ] [ 1905 1712 1602 ] [    0    0    0 ] [      0      0      0 ] [ 0 ],drive [ 19 ] [ 0 ] [ 1905 1693 1569 ] [    2   29   52 ] [  11697   7138   9240 ] [ 0 ],1.10,1.30,1.30,1.10,-91.91,-90.85,0.00,0.00,0.00,0.00,0.00,0.00,0.00,0.00,0.00,0.00,0.00,0.00,0.00,0.00,0.00,0
1.38928,-127,-107,789,0,DRIVE [ 20 ] [ 1 ] [ 1905 1729 1632 ] [    0    0    0 ] [      0      0      0 ] [ 0 ],drive [ 19 ] [ 0 ] [ 1905 1712 1602 ] [    2   29   52 ] [  11697   7138   9240 ] [ 0 ],1.10,1.30,1.30,1.10,-82.72,-81.76,0.00,0.00,0.00,0.00,0.00,0.00,0.00,0.00,0.00,0.00,0.00,0.00,0.00,0.00,0.00,0
1.40319,-127,-107,789,0,DRIVE [ 20 ] [ 1 ] [ 1905 1744 1659 ] [    0    0    0 ] [      0      0      0 ] [ 0 ],drive [ 20 ] [ 0 ] [ 1905 1729 1632 ] [    2   29   52 ] [  11651   7138   9284 ] [ 0 ],1.10,1.30,1.30,1.10,-74.45,-73.59,0.00,0.00,0.00,0.00,0.00,0.00,0.00,0.00,0.00,0.00,0.00,0.00,0.00,0.00,0.00,0
1.4165,-127,-107,789,0,DRIVE [ 21 ] [ 1 ] [ 1905 1758 1683 ] [    0    0    0 ] [      0      0      0 ] [ 0 ],drive [ 20 ] [ 0 ] [ 1905 1744 1659 ] [   27   21   38 ] [  11651   7138   9284 ] [ 0 ],1.10,1.30,1.30,1.10,-67.00,-66.23,0.00,0.00,0.00,0.00,0.00,0.00,0.00,0.00,0.00,0.00,0.00,0.00,0.00,0.00,0.00,0
1.43063,-125,-104,786,0,DRIVE [ 21 ] [ 1 ] [ 1905 1628 1456 ] [    0    0    0 ] [      0      0      0 ] [ 0 ],drive [ 21 ] [ 0 ] [ 1905 1758 1683 ] [   27   21   38 ] [  11651   7138   9284 ] [ 0 ],1.10,1.30,1.30,1.10,-137.38,-135.36,0.00,0.00,0.00,0.00,0.00,0.00,0.00,0.00,0.00,0.00,0.00,0.00,0.00,0.00,0.00,0
1.44482,-124,-103,789,0,DRIVE [ 22 ] [ 1 ] [ 1905 1632 1463 ] [    0    0    0 ] [      0      0      0 ] [ 0 ],drive [ 21 ] [ 0 ] [ 1905 1628 1456 ] [   27   21   38 ] [  11605   7136   9267 ] [ 0 ],1.10,1.30,1.30,1.10,-135.93,-133.67,0.00,0.00,0.00,0.00,0.00,0.00,0.00,0.00,0.00,0.00,0.00,0.00,0.00,0.00,0.00,0
1.45885,-124,-103,789,0,DRIVE [ 22 ] [ 1 ] [ 1905 1656 1506 ] [    0    0    0 ] [      0      0      0 ] [ 0 ],drive [ 22 ] [ 0 ] [ 1905 1632 1463 ] [   18   30   61 ] [  11605   7136   9267 ] [ 0 ],1.10,1.30,1.30,1.10,-122.34,-120.30,0.00,0.00,0.00,0.00,0.00,0.00,0.00,0.00,0.00,0.00,0.00,0.00,0.00,0.00,0.00,0
1.47294,-122,-102,792,0,DRIVE [ 23 ] [ 1 ] [ 1905 1636 1468 ] [    0    0    0 ] [      0      0      0 ] [ 0 ],drive [ 22 ] [ 0 ] [ 1905 1656 1506 ] [   18   30   61 ] [  11605   7136   9267 ] [ 0 ],1.10,1.30,1.30,1.10,-134.28,-132.68,0.00,0.00,0.00,0.00,0.00,0.00,0.00,0.00,0.00,0.00,0.00,0.00,0.00,0.00,0.00,0
1.48965,-122,-102,792,0,DRIVE [ 23 ] [ 1 ] [ 1905 1660 1510 ] [    0    0    0 ] [      0      0      0 ] [ 0 ],drive [ 23 ] [ 0 ] [ 1905 1636 1468 ] [   18   30   61 ] [  11605   7136   9267 ] [ 0 ],1.10,1.30,1.30,1.10,-120.86,-119.41,0.00,0.00,0.00,0.00,0.00,0.00,0.00,0.00,0.00,0.00,0.00,0.00,0.00,0.00,0.00,0
1.5038,-122,-102,792,0,DRIVE [ 24 ] [ 1 ] [ 1905 1682 1549 ] [    0    0    0 ] [      0      0      0 ] [ 0 ],drive [ 23 ] [ 0 ] [ 1905 1660 1510 ] [   18   30   61 ] [  11604   7144   9303 ] [ 0 ],1.10,1.30,1.30,1.10,-108.77,-107.47,0.00,0.00,0.00,0.00,0.00,0.00,0.00,0.00,0.00,0.00,0.00,0.00,0.00,0.00,0.00,0
1.51815,-122,-102,792,0,DRIVE [ 24 ] [ 1 ] [ 1905 1702 1584 ] [    0    0    0 ] [      0      0      0 ] [ 0 ],drive [ 24 ] [ 0 ] [ 1905 1682 1549 ] [   15   28   41 ] [  11604   7144   9303 ] [ 0 ],1.10,1.30,1.30,1.10,-97.89,-96.72,0.00,0.00,0.00,0.00,0.00,0.00,0.00,0.00,0.00,0.00,0.00,0.00,0.00,0.00,0.00,0
1.53286,-117,-99,781,0,DRIVE [ 25 ] [ 1 ] [ 1905 1642 1474 ] [    0    0    0 ] [      0      0      0 ] [ 0 ],drive [ 24 ] [ 0 ] [ 1905 1702 1584 ] [   15   28   41 ] [  11604   7144   9303 ] [ 0 ],1.10,1.30,1.30,1.10,-129.12,-129.10,0.00,0.00,0.00,0.00,0.00,0.00,0.00,0.00,0.00,0.00,0.00,0.00,0.00,0.00,0.00,0
1.54633,-117,-99,781,0,DRIVE [ 25 ] [ 1 ] [ 1905 1666 1516 ] [    0    0    0 ] [      0      0      0 ] [ 0 ],drive [ 25 ] [ 0 ] [ 1905 1642 1474 ] [   15   28   41 ] [  11579   7144   9294 ] [ 0 ],1.10,1.30,1.30,1.10,-116.21,-116.19,0.00,0.00,0.00,0.00,0.00,0.00,0.00,0.00,0.00,0.00,0.00,0.00,0.00,0.00,0.00,0
1.56056,-113,-98,779,0,DRIVE [ 26 ] [ 1 ] [ 1905 1651 1482 ] [    0    0    0 ] [      0      0      0 ] [ 0 ],drive [ 25 ] [ 0 ] [ 1905 1666 1516 ] [   18   23   35 ] [  11579   7144   9294 ] [ 0 ],1.10,1.30,1.30,1.10,-124.35,-126.77,0.00,0.00,0.00,0.00,0.00,0.00,0.00,0.00,0.00,0.00,0.00,0.00,0.00,0.00,0.00,0
1.57588,-113,-98,779,0,DRIVE [ 26 ] [ 1 ] [ 1905 1674 1523 ] [    0    0    0 ] [      0      0      0 ] [ 0 ],drive [ 26 ] [ 0 ] [ 1905 1651 1482 ] [   18   23   35 ] [  11579   7144   9294 ] [ 0 ],1.10,1.30,1.30,1.10,-111.91,-114.09,0.00,0.00,0.00,0.00,0.00,0.00,0.00,0.00,0.00,0.00,0.00,0.00,0.00,0.00,0.00,0
1.59129,-113,-98,779,0,DRIVE [ 27 ] [ 1 ] [ 1905 1694 1560 ] [    0    0    0 ] [      0      0      0 ] [ 0 ],drive [ 26 ] [ 0 ] [ 1905 1674 1523 ] [   18   23   35 ] [  11579   7144   9294 ] [ 0 ],1.10,1.30,1.30,1.10,-100.72,-102.68,0.00,0.00,0.00,0.00,0.00,0.00,0.00,0.00,0.00,0.00,0.00,0.00,0.00,0.00,0.00,0
1.6052,-113,-98,779,0,DRIVE [ 27 ] [ 1 ] [ 1905 1713 1594 ] [    0    0    0 ] [      0      0      0 ] [ 0 ],drive [ 27 ] [ 0 ] [ 1905 1694 1560 ] [   18   23   35 ] [  11380   7144   9296 ] [ 0 ],1.10,1.30,1.30,1.10,-90.65,-92.42,0.00,0.00,0.00,0.00,0.00,0.00,0.00,0.00,0.00,0.00,0.00,0.00,0.00,0.00,0.00,0
1.61885,-105,-96,778,0,DRIVE [ 28 ] [ 1 ] [ 1905 1669 1489 ] [    0    0    0 ] [      0      0      0 ] [ 0 ],drive [ 27 ] [ 0 ] [ 1905 1713 1594 ] [   21   25   39 ] [  11380   7144   9296 ] [ 0 ],1.10,1.30,1.30,1.10,-115.31,-125.33,0.00,0.00,0.00,0.00,0.00,0.00,0.00,0.00,0.00,0.00,0.00,0.00,0.00,0.00,0.00,0
1.63313,-97,-95,774,0,DRIVE [ 28 ] [ 1 ] [ 1905 1686 1494 ] [    0    0    0 ] [      0      0      0 ] [ 0 ],drive [ 28 ] [ 0 ] [ 1905 1669 1489 ] [   21   25   39 ] [  11380   7144   9296 ] [ 0 ],1.10,1.30,1.30,1.10,-106.78,-123.82,0.00,0.00,0.00,0.00,0.00,0.00,0.00,0.00,0.00,0.00,0.00,0.00,0.00,0.00,0.00,0
1.64711,-90,-94,769,0,DRIVE [ 29 ] [ 1 ] [ 1905 1700 1498 ] [    0    0    0 ] [      0      0      0 ] [ 0 ],drive [ 28 ] [ 0 ] [ 1905 1686 1494 ] [   21   25   39 ] [  11133   7144   9294 ] [ 0 ],1.10,1.30,1.30,1.10,-98.92,-122.33,0.00,0.00,0.00,0.00,0.00,0.00,0.00,0.00,0.00,0.00,0.00,0.00,0.00,0.00,0.00,0
1.66139,-82,-94,766,0,DRIVE [ 29 ] [ 1 ] [ 1905 1717 1499 ] [    0    0    0 ] [      0      0      0 ] [ 0 ],drive [ 29 ] [ 0 ] [ 1905 1700 1498 ] [    7   24   41 ] [  11133   7144   9294 ] [ 0 ],1.10,1.30,1.30,1.10,-90.44,-121.95,0.00,0.00,0.00,0.00,0.00,0.00,0.00,0.00,0.00,0.00,0.00,0.00,0.00,0.00,0.00,0
1.67575,-75,-93,758,0,DRIVE [ 30 ] [ 1 ] [ 1905 1732 1498 ] [    0    0    0 ] [      0      0      0 ] [ 0 ],drive [ 29 ] [ 0 ] [ 1905 1717 1499 ] [    7   24   41 ] [  11133   7144   9294 ] [ 0 ],1.10,1.30,1.30,1.10,-82.17,-121.33,0.00,0.00,0.00,0.00,0.00,0.00,0.00,0.00,0.00,0.00,0.00,0.00,0.00,0.00,0.00,0
1.69005,-69,-94,755,0,DRIVE [ 30 ] [ 1 ] [ 1905 1745 1495 ] [    0    0    0 ] [      0      0      0 ] [ 0 ],drive [ 30 ] [ 0 ] [ 1905 1732 1498 ] [    7   24   41 ] [  11133   7144   9294 ] [ 0 ],1.10,1.30,1.30,1.10,-75.49,-121.88,0.00,0.00,0.00,0.00,0.00,0.00,0.00,0.00,0.00,0.00,0.00,0.00,0.00,0.00,0.00,0
1.70396,-69,-94,755,0,DRIVE [ 31 ] [ 1 ] [ 1905 1759 1535 ] [    0    0    0 ] [      0      0      0 ] [ 0 ],drive [ 30 ] [ 0 ] [ 1905 1745 1495 ] [    7   24   41 ] [  11101   7144   9299 ] [ 0 ],1.10,1.30,1.30,1.10,-67.95,-109.69,0.00,0.00,0.00,0.00,0.00,0.00,0.00,0.00,0.00,0.00,0.00,0.00,0.00,0.00,0.00,0
1.71811,-61,-94,745,0,DRIVE [ 31 ] [ 1 ] [ 1905 1759 1489 ] [    0    0    0 ] [      0      0      0 ] [ 0 ],drive [ 31 ] [ 0 ] [ 1905 1759 1535 ] [    8   19   37 ] [  11101   7144   9299 ] [ 0 ],1.10,1.30,1.30,1.10,-67.21,-121.79,0.00,0.00,0.00,0.00,0.00,0.00,0.00,0.00,0.00,0.00,0.00,0.00,0.00,0.00,0.00,0
1.73195,-54,-95,742,0,DRIVE [ 32 ] [ 1 ] [ 1905 1775 1481 ] [    0    0    0 ] [      0      0      0 ] [ 0 ],drive [ 31 ] [ 0 ] [ 1905 1759 1489 ] [    8   19   37 ] [  11101   7144   9299 ] [ 0 ],1.10,1.30,1.30,1.10,-59.34,-123.19,0.00,0.00,0.00,0.00,0.00,0.00,0.00,0.00,0.00,0.00,0.00,0.00,0.00,0.00,0.00,0
1.7455,-48,-96,742,0,DRIVE [ 32 ] [ 1 ] [ 1905 1788 1473 ] [    0    0    0 ] [      0      0      0 ] [ 0 ],drive [ 32 ] [ 0 ] [ 1905 1775 1481 ] [    8   19   37 ] [  11101   7143   9296 ] [ 0 ],1.10,1.30,1.30,1.10,-52.71,-124.88,0.00,0.00,0.00,0.00,0.00,0.00,0.00,0.00,0.00,0.00,0.00,0.00,0.00,0.00,0.00,0
1.75963,-42,-97,741,0,DRIVE [ 33 ] [ 1 ] [ 1905 1800 1464 ] [    0    0    0 ] [      0      0      0 ] [ 0 ],drive [ 32 ] [ 0 ] [ 1905 1788 1473 ] [    8   15   41 ] [  11101   7143   9296 ] [ 0 ],1.10,1.30,1.30,1.10,-46.34,-126.04,0.00,0.00,0.00,0.00,0.00,0.00,0.00,0.00,0.00,0.00,0.00,0.00,0.00,0.00,0.00,0
1.77389,-42,-97,741,0,DRIVE [ 33 ] [ 1 ] [ 1905 1808 1508 ] [    0    0    0 ] [      0      0      0 ] [ 0 ],drive [ 33 ] [ 0 ] [ 1905 1800 1464 ] [    8   15   41 ] [  11101   7143   9296 ] [ 0 ],1.10,1.30,1.30,1.10,-41.71,-113.43,0.00,0.00,0.00,0.00,0.00,0.00,0.00,0.00,0.00,0.00,0.00,0.00,0.00,0.00,0.00,0
1.78898,-42,-97,741,0,DRIVE [ 34 ] [ 1 ] [ 1905 1816 1547 ] [    0    0    0 ] [      0      0      0 ] [ 0 ],drive [ 33 ] [ 0 ] [ 1905 1808 1508 ] [    8   15   41 ] [  11101   7143   9296 ] [ 0 ],1.10,1.30,1.30,1.10,-37.54,-102.09,0.00,0.00,0.00,0.00,0.00,0.00,0.00,0.00,0.00,0.00,0.00,0.00,0.00,0.00,0.00,0
1.80277,-42,-97,741,0,DRIVE [ 34 ] [ 1 ] [ 1905 1822 1582 ] [    0    0    0 ] [      0      0      0 ] [ 0 ],drive [ 34 ] [ 0 ] [ 1905 1816 1547 ] [    8   15   41 ] [  11093   7124   9298 ] [ 0 ],1.10,1.30,1.30,1.10,-33.78,-91.88,0.00,0.00,0.00,0.00,0.00,0.00,0.00,0.00,0.00,0.00,0.00,0.00,0.00,0.00,0.00,0
1.81648,-31,-95,736,0,DRIVE [ 35 ] [ 1 ] [ 1905 1822 1463 ] [    0    0    0 ] [      0      0      0 ] [ 0 ],drive [ 34 ] [ 0 ] [ 1905 1822 1582 ] [   14   27   39 ] [  11093   7124   9298 ] [ 0 ],1.10,1.30,1.30,1.10,-33.99,-123.39,0.00,0.00,0.00,0.00,0.00,0.00,0.00,0.00,0.00,0.00,0.00,0.00,0.00,0.00,0.00,0
1.83035,-31,-95,736,0,DRIVE [ 35 ] [ 1 ] [ 1905 1829 1506 ] [    0    0    0 ] [      0      0      0 ] [ 0 ],drive [ 35 ] [ 0 ] [ 1905 1822 1463 ] [   14   27   39 ] [  11093   7124   9298 ] [ 0 ],1.10,1.30,1.30,1.10,-30.59,-111.05,0.00,0.00,0.00,0.00,0.00,0.00,0.00,0.00,0.00,0.00,0.00,0.00,0.00,0.00,0.00,0
1.84401,-31,-95,736,0,DRIVE [ 36 ] [ 1 ] [ 1905 1834 1546 ] [    0    0    0 ] [      0      0      0 ] [ 0 ],drive [ 35 ] [ 0 ] [ 1905 1829 1506 ] [   14   27   39 ] [  11081   7050   9297 ] [ 0 ],1.10,1.30,1.30,1.10,-27.53,-99.95,0.00,0.00,0.00,0.00,0.00,0.00,0.00,0.00,0.00,0.00,0.00,0.00,0.00,0.00,0.00,0
1.85777,-31,-95,736,0,DRIVE [ 36 ] [ 1 ] [ 1905 1839 1581 ] [    0    0    0 ] [      0      0      0 ] [ 0 ],drive [ 36 ] [ 0 ] [ 1905 1834 1546 ] [   16   21   39 ] [  11081   7050   9297 ] [ 0 ],1.10,1.30,1.30,1.10,-24.78,-89.95,0.00,0.00,0.00,0.00,0.00,0.00,0.00,0.00,0.00,0.00,0.00,0.00,0.00,0.00,0.00,0
1.87135,-31,-95,736,0,DRIVE [ 37 ] [ 1 ] [ 1905 1844 1613 ] [    0    0    0 ] [      0      0      0 ] [ 0 ],drive [ 36 ] [ 0 ] [ 1905 1839 1581 ] [   16   21   39 ] [  11081   7050   9297 ] [ 0 ],1.10,1.30,1.30,1.10,-22.30,-80.96,0.00,0.00,0.00,0.00,0.00,0.00,0.00,0.00,0.00,0.00,0.00,0.00,0.00,0.00,0.00,0
1.88486,-13,-86,724,0,DRIVE [ 37 ] [ 1 ] [ 1905 1859 1477 ] [    0    0    0 ] [      0      0      0 ] [ 0 ],drive [ 37 ] [ 0 ] [ 1905 1844 1613 ] [   16   21   39 ] [  11081   7050   9297 ] [ 0 ],1.10,1.30,1.30,1.10,-13.96,-112.09,0.00,0.00,0.00,0.00,0.00,0.00,0.00,0.00,0.00,0.00,0.00,0.00,0.00,0.00,0.00,0
1.89843,-13,-86,724,0,DRIVE [ 38 ] [ 1 ] [ 1905 1861 1519 ] [    0    0    0 ] [      0      0      0 ] [ 0 ],drive [ 37 ] [ 0 ] [ 1905 1859 1477 ] [   16   21   39 ] [  11074   7035   9296 ] [ 0 ],1.10,1.30,1.30,1.10,-12.56,-100.88,0.00,0.00,0.00,0.00,0.00,0.00,0.00,0.00,0.00,0.00,0.00,0.00,0.00,0.00,0.00,0
1.91209,-13,-86,724,0,DRIVE [ 38 ] [ 1 ] [ 1905 1864 1557 ] [    0    0    0 ] [      0      0      0 ] [ 0 ],drive [ 38 ] [ 0 ] [ 1905 1861 1519 ] [   19   24   31 ] [  11074   7035   9296 ] [ 0 ],1.10,1.30,1.30,1.10,-11.31,-90.79,0.00,0.00,0.00,0.00,0.00,0.00,0.00,0.00,0.00,0.00,0.00,0.00,0.00,0.00,0.00,0
1.92619,5,-77,711,0,DRIVE [ 39 ] [ 1 ] [ 1894 1864 1507 ] [    0    0    0 ] [      0      0      0 ] [ 0 ],drive [ 38 ] [ 0 ] [ 1905 1864 1557 ] [   19   24   31 ] [  11074   7035   9296 ] [ 0 ],1.10,1.30,1.30,1.10,6.06,-99.82,0.00,0.00,0.00,0.00,0.00,0.00,0.00,0.00,0.00,0.00,0.00,0.00,-0.00,0.00,0.00,0
1.93998,5,-77,711,0,DRIVE [ 39 ] [ 1 ] [ 1895 1864 1546 ] [    0    0    0 ] [      0      0      0 ] [ 0 ],drive [ 39 ] [ 0 ] [ 1894 1864 1507 ] [   19   24   31 ] [  11074   7035   9296 ] [ 0 ],1.10,1.30,1.30,1.10,5.46,-89.84,0.00,0.00,0.00,0.00,0.00,0.00,0.00,0.00,0.00,0.00,0.00,0.00,-0.00,0.00,0.00,0
1.95378,20,-66,689,0,DRIVE [ 40 ] [ 1 ] [ 1855 1864 1575 ] [    0    0    0 ] [      0      0      0 ] [ 0 ],drive [ 39 ] [ 0 ] [ 1895 1864 1546 ] [   19   24   31 ] [  11075   6837   9301 ] [ 0 ],1.10,1.30,1.30,1.10,25.61,-86.02,0.00,0.00,0.00,0.00,0.00,0.00,0.00,0.00,0.00,0.00,0.00,0.00,-0.00,0.00,0.00,0
1.96748,32,-58,677,0,DRIVE [ 40 ] [ 1 ] [ 1821 1864 1621 ] [    0    0    0 ] [      0      0      0 ] [ 0 ],drive [ 40 ] [ 0 ] [ 1855 1864 1575 ] [   17    9   38 ] [  11075   6837   9301 ] [ 0 ],1.10,1.30,1.30,1.10,40.96,-75.17,0.00,0.00,0.00,0.00,0.00,0.00,0.00,0.00,0.00,0.00,0.00,0.00,0.00,0.00,0.00,0
1.98099,32,-58,677,0,DRIVE [ 41 ] [ 1 ] [ 1829 1864 1649 ] [    0    0    0 ] [      0      0      0 ] [ 0 ],drive [ 40 ] [ 0 ] [ 1821 1864 1621 ] [   17    9   38 ] [  11075   6837   9301 ] [ 0 ],1.10,1.30,1.30,1.10,36.87,-67.65,0.00,0.00,0.00,0.00,0.00,0.00,0.00,0.00,0.00,0.00,0.00,0.00,0.00,0.00,0.00,0
1.99432,42,-50,668,0,DRIVE [ 41 ] [ 1 ] [ 1787 1864 1653 ] [    0    0    0 ] [      0      0      0 ] [ 0 ],drive [ 41 ] [ 0 ] [ 1829 1864 1649 ] [   17    9   38 ] [  11095   6795   9300 ] [ 0 ],1.10,1.30,1.30,1.10,54.38,-65.17,0.00,0.00,0.00,0.00,0.00,0.00,0.00,0.00,0.00,0.00,0.00,0.00,0.00,0.00,0.00,0
2.00807,42,-50,668,0,DRIVE [ 42 ] [ 1 ] [ 1799 1864 1678 ] [    0    0    0 ] [      0      0      0 ] [ 0 ],drive [ 41 ] [ 0 ] [ 1787 1864 1653 ] [   11   24   26 ] [  11095   6795   9300 ] [ 0 ],1.10,1.30,1.30,1.10,48.95,-58.65,0.00,0.00,0.00,0.00,0.00,0.00,0.00,0.00,0.00,0.00,0.00,0.00,0.00,0.00,0.00,0
2.02178,52,-42,658,0,DRIVE [ 42 ] [ 1 ] [ 1747 1864 1676 ] [    0    0    0 ] [      0      0      0 ] [ 0 ],drive [ 42 ] [ 0 ] [ 1799 1864 1678 ] [   11   24   26 ] [  11095   6795   9300 ] [ 0 ],1.10,1.30,1.30,1.10,68.02,-54.95,0.00,0.00,0.00,0.00,0.00,0.00,0.00,0.00,0.00,0.00,0.00,0.00,0.00,0.00,0.00,0
2.03513,52,-42,658,0,DRIVE [ 43 ] [ 1 ] [ 1763 1864 1699 ] [    0    0    0 ] [      0      0      0 ] [ 0 ],drive [ 42 ] [ 0 ] [ 1747 1864 1676 ] [   11   24   26 ] [  11095   6795   9300 ] [ 0 ],1.10,1.30,1.30,1.10,61.22,-49.46,0.00,0.00,0.00,0.00,0.00,0.00,0.00,0.00,0.00,0.00,0.00,0.00,0.00,0.00,0.00,0
2.04889,61,-35,641,0,DRIVE [ 43 ] [ 1 ] [ 1706 1864 1690 ] [    0    0    0 ] [      0      0      0 ] [ 0 ],drive [ 43 ] [ 0 ] [ 1763 1864 1699 ] [   11   24   26 ] [  11135   6617   9293 ] [ 0 ],1.10,1.30,1.30,1.10,79.04,-45.51,0.00,0.00,0.00,0.00,0.00,0.00,0.00,0.00,0.00,0.00,0.00,0.00,0.00,0.00,0.00,0
2.06212,69,-29,638,0,DRIVE [ 44 ] [ 1 ] [ 1668 1864 1700 ] [    0    0    0 ] [      0      0      0 ] [ 0 ],drive [ 43 ] [ 0 ] [ 1706 1864 1690 ] [   39    4   26 ] [  11135   6617   9293 ] [ 0 ],1.10,1.30,1.30,1.10,89.10,-37.72,0.00,0.00,0.00,0.00,0.00,0.00,0.00,0.00,0.00,0.00,0.00,0.00,0.00,0.00,0.00,0
2.07569,74,-24,628,0,DRIVE [ 44 ] [ 1 ] [ 1636 1864 1708 ] [    0    0    0 ] [      0      0      0 ] [ 0 ],drive [ 44 ] [ 0 ] [ 1668 1864 1700 ] [   39    4   26 ] [  11135   6617   9293 ] [ 0 ],1.10,1.30,1.30,1.10,95.93,-30.95,0.00,0.00,0.00,0.00,0.00,0.00,0.00,0.00,0.00,0.00,0.00,0.00,0.00,0.00,0.00,0
2.08943,79,-19,622,0,DRIVE [ 45 ] [ 1 ] [ 1604 1864 1715 ] [    0    0    0 ] [      0      0      0 ] [ 0 ],drive [ 44 ] [ 0 ] [ 1636 1864 1708 ] [   39    4   26 ] [  11135   6617   9293 ] [ 0 ],1.10,1.30,1.30,1.10,102.48,-24.25,0.00,0.00,0.00,0.00,0.00,0.00,0.00,0.00,0.00,0.00,0.00,0.00,0.00,0.00,0.00,0
2.10307,83,-14,616,0,DRIVE [ 45 ] [ 1 ] [ 1575 1864 1721 ] [    0    0    0 ] [      0      0      0 ] [ 0 ],drive [ 45 ] [ 0 ] [ 1604 1864 1715 ] [   39    4   26 ] [  11293   6524   9284 ] [ 0 ],1.10,1.30,1.30,1.10,107.47,-18.53,0.00,0.00,0.00,0.00,0.00,0.00,0.00,0.00,0.00,0.00,0.00,0.00,0.00,0.00,0.00,0
2.11704,85,-11,609,0,DRIVE [ 46 ] [ 1 ] [ 1551 1864 1726 ] [    0    0    0 ] [      0      0      0 ] [ 0 ],drive [ 45 ] [ 0 ] [ 1575 1864 1721 ] [   27   21   35 ] [  11293   6524   9284 ] [ 0 ],1.10,1.30,1.30,1.10,111.12,-13.73,0.00,0.00,0.00,0.00,0.00,0.00,0.00,0.00,0.00,0.00,0.00,0.00,0.00,0.00,0.00,0
2.13078,88,-8,602,0,DRIVE [ 46 ] [ 1 ] [ 1531 1864 1729 ] [    0    0    0 ] [      0      0      0 ] [ 0 ],drive [ 46 ] [ 0 ] [ 1551 1864 1726 ] [   27   21   35 ] [  11293   6524   9284 ] [ 0 ],1.10,1.30,1.30,1.10,113.81,-9.97,0.00,0.00,0.00,0.00,0.00,0.00,0.00,0.00,0.00,0.00,0.00,0.00,0.00,0.00,0.00,0
2.14372,90,-5,599,0,DRIVE [ 47 ] [ 1 ] [ 1515 1864 1732 ] [    0    0    0 ] [      0      0      0 ] [ 0 ],drive [ 46 ] [ 0 ] [ 1531 1864 1729 ] [   27   21   35 ] [  11852   6400   9177 ] [ 0 ],1.10,1.30,1.30,1.10,116.36,-7.14,0.00,0.00,0.00,0.00,0.00,0.00,0.00,0.00,0.00,0.00,0.00,0.00,0.00,0.00,0.00,0
2.15716,90,-4,592,0,DRIVE [ 47 ] [ 1 ] [ 1501 1864 1734 ] [    0    0    0 ] [      0      0      0 ] [ 0 ],drive [ 47 ] [ 0 ] [ 1515 1864 1732 ] [   38   10   43 ] [  11852   6400   9177 ] [ 0 ],1.10,1.30,1.30,1.10,117.47,-4.58,0.00,0.00,0.00,0.00,0.00,0.00,0.00,0.00,0.00,0.00,0.00,0.00,0.00,0.00,0.00,0
2.17071,91,-2,587,0,DRIVE [ 48 ] [ 1 ] [ 1493 1864 1737 ] [    0    0    0 ] [      0      0      0 ] [ 0 ],drive [ 47 ] [ 0 ] [ 1501 1864 1734 ] [   38   10   43 ] [  11852   6400   9177 ] [ 0 ],1.10,1.30,1.30,1.10,117.90,-2.61,0.00,0.00,0.00,0.00,0.00,0.00,0.00,0.00,0.00,0.00,0.00,0.00,0.00,0.00,0.00,0
2.18428,90,-1,583,0,DRIVE [ 48 ] [ 1 ] [ 1489 1864 1739 ] [    0    0    0 ] [      0      0      0 ] [ 0 ],drive [ 48 ] [ 0 ] [ 1493 1864 1737 ] [   38   10   43 ] [  11852   6400   9177 ] [ 0 ],1.10,1.30,1.30,1.10,117.52,-1.46,0.00,0.00,0.00,0.00,0.00,0.00,0.00,0.00,0.00,0.00,0.00,0.00,0.00,0.00,0.00,0
2.19765,89,-1,576,0,DRIVE [ 49 ] [ 1 ] [ 1487 1864 1740 ] [    0    0    0 ] [      0      0      0 ] [ 0 ],drive [ 48 ] [ 0 ] [ 1489 1864 1739 ] [   38   10   43 ] [  12343   6233   9048 ] [ 0 ],1.10,1.30,1.30,1.10,116.14,-0.91,0.00,0.00,0.00,0.00,0.00,0.00,0.00,0.00,0.00,0.00,0.00,0.00,0.00,0.00,0.00,0
2.21024,88,0,570,0,DRIVE [ 49 ] [ 1 ] [ 1488 1864 1741 ] [    0    0    0 ] [      0      0      0 ] [ 0 ],drive [ 49 ] [ 0 ] [ 1487 1864 1740 ] [   46    7   32 ] [  12343   6233   9048 ] [ 0 ],1.10,1.30,1.30,1.10,114.49,-0.49,0.00,0.00,0.00,0.00,0.00,0.00,0.00,0.00,0.00,0.00,0.00,0.00,0.00,0.00,0.00,0
2.22377,88,0,570,0,DRIVE [ 50 ] [ 1 ] [ 1529 1864 1757 ] [    0    0    0 ] [      0      0      0 ] [ 0 ],drive [ 49 ] [ 0 ] [ 1488 1864 1741 ] [   46    7   32 ] [  12343   6233   9048 ] [ 0 ],1.10,1.30,1.30,1.10,103.04,-0.44,0.00,0.00,0.00,0.00,0.00,0.00,0.00,0.00,0.00,0.00,0.00,0.00,0.00,0.00,0.00,0
2.23706,88,0,571,0,DRIVE [ 50 ] [ 1 ] [ 1488 1864 1743 ] [    0    0    0 ] [      0      0      0 ] [ 0 ],drive [ 50 ] [ 0 ] [ 1529 1864 1757 ] [   46    7   32 ] [  12343   6233   9048 ] [ 0 ],1.10,1.30,1.30,1.10,114.18,0.06,0.00,0.00,0.00,0.00,0.00,0.00,0.00,0.00,0.00,0.00,0.00,0.00,0.00,0.00,0.00,0
2.25037,87,1,565,0,DRIVE [ 51 ] [ 1 ] [ 1486 1864 1744 ] [    0    0    0 ] [      0      0      0 ] [ 0 ],drive [ 50 ] [ 0 ] [ 1488 1864 1743 ] [   46    7   32 ] [  12532   6134   9036 ] [ 0 ],1.10,1.30,1.30,1.10,113.14,0.66,0.00,0.00,0.00,0.00,0.00,0.00,0.00,0.00,0.00,0.00,0.00,0.00,0.00,0.00,0.00,0
2.26364,86,1,558,0,DRIVE [ 51 ] [ 1 ] [ 1483 1864 1745 ] [    0    0    0 ] [      0      0      0 ] [ 0 ],drive [ 51 ] [ 0 ] [ 1486 1864 1744 ] [   50    5   36 ] [  12532   6134   9036 ] [ 0 ],1.10,1.30,1.30,1.10,112.39,1.18,0.00,0.00,0.00,0.00,0.00,0.00,0.00,0.00,0.00,0.00,0.00,0.00,0.00,0.00,0.00,0
2.27616,87,2,554,0,DRIVE [ 52 ] [ 1 ] [ 1478 1864 1745 ] [    0    0    0 ] [      0      0      0 ] [ 0 ],drive [ 51 ] [ 0 ] [ 1483 1864 1745 ] [   50    5   36 ] [  12532   6134   9036 ] [ 0 ],1.10,1.30,1.30,1.10,112.51,1.80,0.00,0.00,0.00,0.00,0.00,0.00,0.00,0.00,0.00,0.00,0.00,0.00,0.00,0.00,0.00,0
2.28957,86,2,545,0,DRIVE [ 52 ] [ 1 ] [ 1471 1864 1744 ] [    0    0    0 ] [      0      0      0 ] [ 0 ],drive [ 52 ] [ 0 ] [ 1478 1864 1745 ] [   50    5   36 ] [  12532   6134   9036 ] [ 0 ],1.10,1.30,1.30,1.10,112.17,2.31,0.00,0.00,0.00,0.00,0.00,0.00,0.00,0.00,0.00,0.00,0.00,0.00,0.00,0.00,0.00,0
2.30278,87,2,537,0,DRIVE [ 53 ] [ 1 ] [ 1459 1864 1741 ] [    0    0    0 ] [      0      0      0 ] [ 0 ],drive [ 52 ] [ 0 ] [ 1471 1864 1744 ] [   50    5   36 ] [  12725   6028   8969 ] [ 0 ],1.10,1.30,1.30,1.10,113.50,2.65,0.00,0.00,0.00,0.00,0.00,0.00,0.00,0.00,0.00,0.00,0.00,0.00,0.00,0.00,0.00,0
2.3158,89,2,535,0,DRIVE [ 53 ] [ 1 ] [ 1450 1864 1737 ] [    0    0    0 ] [      0      0      0 ] [ 0 ],drive [ 53 ] [ 0 ] [ 1459 1864 1741 ] [   43   20   27 ] [  12725   6028   8969 ] [ 0 ],1.10,1.30,1.30,1.10,115.37,2.69,0.00,0.00,0.00,0.00,0.00,0.00,0.00,0.00,0.00,0.00,0.00,0.00,0.00,0.00,0.00,0
2.32847,89,2,531,0,DRIVE [ 54 ] [ 1 ] [ 1443 1864 1735 ] [    0    0    0 ] [      0      0      0 ] [ 0 ],drive [ 53 ] [ 0 ] [ 1450 1864 1737 ] [   43   20   27 ] [  12725   6028   8969 ] [ 0 ],1.10,1.30,1.30,1.10,116.31,2.68,0.00,0.00,0.00,0.00,0.00,0.00,0.00,0.00,0.00,0.00,0.00,0.00,0.00,0.00,0.00,0
2.34183,90,2,526,0,DRIVE [ 54 ] [ 1 ] [ 1437 1864 1732 ] [    0    0    0 ] [      0      0      0 ] [ 0 ],drive [ 54 ] [ 0 ] [ 1443 1864 1735 ] [   43   20   27 ] [  12967   6017   8906 ] [ 0 ],1.10,1.30,1.30,1.10,117.02,2.60,0.00,0.00,0.00,0.00,0.00,0.00,0.00,0.00,0.00,0.00,0.00,0.00,0.00,0.00,0.00,0
2.35521,90,2,523,0,DRIVE [ 55 ] [ 1 ] [ 1432 1864 1730 ] [    0    0    0 ] [      0      0      0 ] [ 0 ],drive [ 54 ] [ 0 ] [ 1437 1864 1732 ] [   43   20   27 ] [  12967   6017   8906 ] [ 0 ],1.10,1.30,1.30,1.10,117.52,2.46,0.00,0.00,0.00,0.00,0.00,0.00,0.00,0.00,0.00,0.00,0.00,0.00,0.00,0.00,0.00,0
2.36844,92,2,520,0,DRIVE [ 55 ] [ 1 ] [ 1423 1864 1726 ] [    0    0    0 ] [      0      0      0 ] [ 0 ],drive [ 55 ] [ 0 ] [ 1432 1864 1730 ] [   59    9   37 ] [  12967   6017   8906 ] [ 0 ],1.10,1.30,1.30,1.10,119.07,2.44,0.00,0.00,0.00,0.00,0.00,0.00,0.00,0.00,0.00,0.00,0.00,0.00,0.00,0.00,0.00,0
2.3818,93,3,518,0,DRIVE [ 56 ] [ 1 ] [ 1414 1864 1724 ] [    0    0    0 ] [      0      0      0 ] [ 0 ],drive [ 55 ] [ 0 ] [ 1423 1864 1726 ] [   59    9   37 ] [  12967   6017   8906 ] [ 0 ],1.10,1.30,1.30,1.10,120.94,2.80,0.00,0.00,0.00,0.00,0.00,0.00,0.00,0.00,0.00,0.00,0.00,0.00,0.00,0.00,0.00,0
2.39458,95,3,515,0,DRIVE [ 56 ] [ 1 ] [ 1402 1864 1721 ] [    0    0    0 ] [      0      0      0 ] [ 0 ],drive [ 56 ] [ 0 ] [ 1414 1864 1724 ] [   59    9   37 ] [  13023   5944   8855 ] [ 0 ],1.10,1.30,1.30,1.10,122.92,3.15,0.00,0.00,0.00,0.00,0.00,0.00,0.00,0.00,0.00,0.00,0.00,0.00,0.00,0.00,0.00,0
2.40807,96,3,511,0,DRIVE [ 57 ] [ 1 ] [ 1389 1864 1717 ] [    0    0    0 ] [      0      0      0 ] [ 0 ],drive [ 56 ] [ 0 ] [ 1402 1864 1721 ] [   64   10   18 ] [  13023   5944   8855 ] [ 0 ],1.10,1.30,1.30,1.10,125.09,3.50,0.00,0.00,0.00,0.00,0.00,0.00,0.00,0.00,0.00,0.00,0.00,0.00,0.00,0.00,0.00,0
2.4213,97,4,504,0,DRIVE [ 57 ] [ 1 ] [ 1375 1864 1714 ] [    0    0    0 ] [      0      0      0 ] [ 0 ],drive [ 57 ] [ 0 ] [ 1389 1864 1717 ] [   64   10   18 ] [  13023   5944   8855 ] [ 0 ],1.10,1.30,1.30,1.10,126.56,4.05,0.00,0.00,0.00,0.00,0.00,0.00,0.00,0.00,0.00,0.00,0.00,0.00,0.00,0.00,0.00,0
2.43469,99,4,501,0,DRIVE [ 58 ] [ 1 ] [ 1362 1864 1711 ] [    0    0    0 ] [      0      0      0 ] [ 0 ],drive [ 57 ] [ 0 ] [ 1375 1864 1714 ] [   64   10   18 ] [  13023   5944   8855 ] [ 0 ],1.10,1.30,1.30,1.10,128.71,4.69,0.00,0.00,0.00,0.00,0.00,0.00,0.00,0.00,0.00,0.00,0.00,0.00,0.00,0.00,0.00,0
2.4479,100,5,493,0,DRIVE [ 58 ] [ 1 ] [ 1344 1864 1709 ] [    0    0    0 ] [      0      0      0 ] [ 0 ],drive [ 58 ] [ 0 ] [ 1362 1864 1711 ] [   64   10   18 ] [  13155   5862   8834 ] [ 0 ],1.10,1.30,1.30,1.10,130.15,5.78,0.00,0.00,0.00,0.00,0.00,0.00,0.00,0.00,0.00,0.00,0.00,0.00,0.00,0.00,0.00,0
2.46056,102,7,487,0,DRIVE [ 59 ] [ 1 ] [ 1326 1864 1708 ] [    0    0    0 ] [      0      0      0 ] [ 0 ],drive [ 58 ] [ 0 ] [ 1344 1864 1709 ] [   68   13   25 ] [  13155   5862   8834 ] [ 0 ],1.10,1.30,1.30,1.10,131.96,7.37,0.00,0.00,0.00,0.00,0.00,0.00,0.00,0.00,0.00,0.00,0.00,0.00,0.00,0.00,0.00,0
2.47366,102,7,487,0,DRIVE [ 59 ] [ 1 ] [ 1382 1864 1727 ] [    0    0    0 ] [      0      0      0 ] [ 0 ],drive [ 59 ] [ 0 ] [ 1326 1864 1708 ] [   68   13   25 ] [  13155   5862   8834 ] [ 0 ],1.10,1.30,1.30,1.10,118.77,6.63,0.00,0.00,0.00,0.00,0.00,0.00,0.00,0.00,0.00,0.00,0.00,0.00,0.00,0.00,0.00,0
2.48723,104,8,487,0,DRIVE [ 60 ] [ 1 ] [ 1305 1864 1707 ] [    0    0    0 ] [      0      0      0 ] [ 0 ],drive [ 59 ] [ 0 ] [ 1382 1864 1727 ] [   68   13   25 ] [  13155   5862   8834 ] [ 0 ],1.10,1.30,1.30,1.10,135.61,9.30,0.00,0.00,0.00,0.00,0.00,0.00,0.00,0.00,0.00,0.00,0.00,0.00,0.00,0.00,0.00,0
2.50049,106,10,482,0,DRIVE [ 60 ] [ 1 ] [ 1286 1864 1706 ] [    0    0    0 ] [      0      0      0 ] [ 0 ],drive [ 60 ] [ 0 ] [ 1305 1864 1707 ] [   68   13   25 ] [  13219   5763   8804 ] [ 0 ],1.10,1.30,1.30,1.10,137.64,11.10,0.00,0.00,0.00,0.00,0.00,0.00,0.00,0.00,0.00,0.00,0.00,0.00,0.00,0.00,0.00,0
2.51354,106,12,474,0,DRIVE [ 61 ] [ 1 ] [ 1267 1864 1707 ] [    0    0    0 ] [      0      0      0 ] [ 0 ],drive [ 60 ] [ 0 ] [ 1286 1864 1706 ] [   56   28   38 ] [  13219   5763   8804 ] [ 0 ],1.10,1.30,1.30,1.10,138.35,12.92,0.00,0.00,0.00,0.00,0.00,0.00,0.00,0.00,0.00,0.00,0.00,0.00,0.00,0.00,0.00,0
2.52668,108,13,471,0,DRIVE [ 61 ] [ 1 ] [ 1248 1864 1706 ] [    0    0    0 ] [      0      0      0 ] [ 0 ],drive [ 61 ] [ 0 ] [ 1267 1864 1707 ] [   56   28   38 ] [  13219   5763   8804 ] [ 0 ],1.10,1.30,1.30,1.10,140.81,14.57,0.00,0.00,0.00,0.00,0.00,0.00,0.00,0.00,0.00,0.00,0.00,0.00,0.00,0.00,0.00,0
2.53975,108,14,456,0,DRIVE [ 62 ] [ 1 ] [ 1226 1864 1703 ] [    0    0    0 ] [      0      0      0 ] [ 0 ],drive [ 61 ] [ 0 ] [ 1248 1864 1706 ] [   56   28   38 ] [  13219   5763   8804 ] [ 0 ],1.10,1.30,1.30,1.10,140.44,15.58,0.00,0.00,0.00,0.00,0.00,0.00,0.00,0.00,0.00,0.00,0.00,0.00,0.00,0.00,0.00,0
2.55367,110,15,451,0,DRIVE [ 62 ] [ 1 ] [ 1207 1864 1701 ] [    0    0    0 ] [      0      0      0 ] [ 0 ],drive [ 62 ] [ 0 ] [ 1226 1864 1703 ] [   56   28   38 ] [  13314   5642   8727 ] [ 0 ],1.10,1.30,1.30,1.10,142.36,16.69,0.00,0.00,0.00,0.00,0.00,0.00,0.00,0.00,0.00,0.00,0.00,0.00,0.00,0.00,0.00,0
2.56719,110,16,442,0,DRIVE [ 63 ] [ 1 ] [ 1188 1864 1699 ] [    0    0    0 ] [      0      0      0 ] [ 0 ],drive [ 62 ] [ 0 ] [ 1207 1864 1701 ] [   86   25   22 ] [  13314   5642   8727 ] [ 0 ],1.10,1.30,1.30,1.10,142.74,17.72,0.00,0.00,0.00,0.00,0.00,0.00,0.00,0.00,0.00,0.00,0.00,0.00,0.00,0.00,0.00,0
2.58029,110,17,434,0,DRIVE [ 63 ] [ 1 ] [ 1171 1864 1697 ] [    0    0    0 ] [      0      0      0 ] [ 0 ],drive [ 63 ] [ 0 ] [ 1188 1864 1699 ] [   86   25   22 ] [  13314   5642   8727 ] [ 0 ],1.10,1.30,1.30,1.10,143.43,18.61,0.00,0.00,0.00,0.00,0.00,0.00,0.00,0.00,0.00,0.00,0.00,0.00,0.00,0.00,0.00,0
2.59313,112,18,433,0,DRIVE [ 64 ] [ 1 ] [ 1157 1864 1696 ] [    0    0    0 ] [      0      0      0 ] [ 0 ],drive [ 63 ] [ 0 ] [ 1171 1864 1697 ] [   86   25   22 ] [  13641   5472   8710 ] [ 0 ],1.10,1.30,1.30,1.10,145.32,19.52,0.00,0.00,0.00,0.00,0.00,0.00,0.00,0.00,0.00,0.00,0.00,0.00,0.00,0.00,0.00,0
2.60606,111,18,425,0,DRIVE [ 64 ] [ 1 ] [ 1145 1864 1695 ] [    0    0    0 ] [      0      0      0 ] [ 0 ],drive [ 64 ] [ 0 ] [ 1157 1864 1696 ] [   74   17   39 ] [  13641   5472   8710 ] [ 0 ],1.10,1.30,1.30,1.10,144.67,20.08,0.00,0.00,0.00,0.00,0.00,0.00,0.00,0.00,0.00,0.00,0.00,0.00,0.00,0.00,0.00,0
2.61973,111,19,420,0,DRIVE [ 65 ] [ 1 ] [ 1135 1864 1696 ] [    0    0    0 ] [      0      0      0 ] [ 0 ],drive [ 64 ] [ 0 ] [ 1145 1864 1695 ] [   74   17   39 ] [  13641   5472   8710 ] [ 0 ],1.10,1.30,1.30,1.10,144.25,21.16,0.00,0.00,0.00,0.00,0.00,0.00,0.00,0.00,0.00,0.00,0.00,0.00,0.00,0.00,0.00,0
2.63542,110,20,415,0,DRIVE [ 65 ] [ 1 ] [ 1128 1864 1697 ] [    0    0    0 ] [      0      0      0 ] [ 0 ],drive [ 65 ] [ 0 ] [ 1135 1864 1696 ] [   74   17   39 ] [  13641   5472   8710 ] [ 0 ],1.10,1.30,1.30,1.10,143.27,21.77,0.00,0.00,0.00,0.00,0.00,0.00,0.00,0.00,0.00,0.00,0.00,0.00,0.00,0.00,0.00,0
2.6485,109,20,407,0,DRIVE [ 66 ] [ 1 ] [ 1121 1864 1698 ] [    0    0    0 ] [      0      0      0 ] [ 0 ],drive [ 65 ] [ 0 ] [ 1128 1864 1697 ] [   74   17   39 ] [  14073   5444   8568 ] [ 0 ],1.10,1.30,1.30,1.10,141.48,22.08,0.00,0.00,0.00,0.00,0.00,0.00,0.00,0.00,0.00,0.00,0.00,0.00,0.00,0.00,0.00,0
2.66132,109,20,406,0,DRIVE [ 66 ] [ 1 ] [ 1118 1864 1697 ] [    0    0    0 ] [      0      0      0 ] [ 0 ],drive [ 66 ] [ 0 ] [ 1121 1864 1698 ] [   83    8   19 ] [  14073   5444   8568 ] [ 0 ],1.10,1.30,1.30,1.10,141.60,22.10,0.00,0.00,0.00,0.00,0.00,0.00,0.00,0.00,0.00,0.00,0.00,0.00,0.00,0.00,0.00,0
2.67436,109,20,403,0,DRIVE [ 67 ] [ 1 ] [ 1118 1864 1695 ] [    0    0    0 ] [      0      0      0 ] [ 0 ],drive [ 66 ] [ 0 ] [ 1118 1864 1697 ] [   83    8   19 ] [  14073   5444   8568 ] [ 0 ],1.10,1.30,1.30,1.10,141.14,21.48,0.00,0.00,0.00,0.00,0.00,0.00,0.00,0.00,0.00,0.00,0.00,0.00,0.00,0.00,0.00,0
2.68727,108,18,400,0,DRIVE [ 67 ] [ 1 ] [ 1124 1864 1691 ] [    0    0    0 ] [      0      0      0 ] [ 0 ],drive [ 67 ] [ 0 ] [ 1118 1864 1695 ] [   83    8   19 ] [  14073   5444   8568 ] [ 0 ],1.10,1.30,1.30,1.10,139.76,19.96,0.00,0.00,0.00,0.00,0.00,0.00,0.00,0.00,0.00,0.00,0.00,0.00,0.00,0.00,0.00,0
2.70019,106,17,397,0,DRIVE [ 68 ] [ 1 ] [ 1133 1864 1689 ] [    0    0    0 ] [      0      0      0 ] [ 0 ],drive [ 67 ] [ 0 ] [ 1124 1864 1691 ] [   83    8   19 ] [  14495   5284   8450 ] [ 0 ],1.10,1.30,1.30,1.10,137.90,18.44,0.00,0.00,0.00,0.00,0.00,0.00,0.00,0.00,0.00,0.00,0.00,0.00,0.00,0.00,0.00,0
2.7132,105,15,395,0,DRIVE [ 68 ] [ 1 ] [ 1143 1864 1686 ] [    0    0    0 ] [      0      0      0 ] [ 0 ],drive [ 68 ] [ 0 ] [ 1133 1864 1689 ] [   96   20   42 ] [  14495   5284   8450 ] [ 0 ],1.10,1.30,1.30,1.10,136.40,16.99,0.00,0.00,0.00,0.00,0.00,0.00,0.00,0.00,0.00,0.00,0.00,0.00,0.00,0.00,0.00,0
2.72552,103,15,394,0,DRIVE [ 69 ] [ 1 ] [ 1153 1864 1687 ] [    0    0    0 ] [      0      0      0 ] [ 0 ],drive [ 68 ] [ 0 ] [ 1143 1864 1686 ] [   96   20   42 ] [  14495   5284   8450 ] [ 0 ],1.10,1.30,1.30,1.10,134.49,16.12,0.00,0.00,0.00,0.00,0.00,0.00,0.00,0.00,0.00,0.00,0.00,0.00,0.00,0.00,0.00,0
2.73849,100,14,390,0,DRIVE [ 69 ] [ 1 ] [ 1167 1864 1691 ] [    0    0    0 ] [      0      0      0 ] [ 0 ],drive [ 69 ] [ 0 ] [ 1153 1864 1687 ] [   96   20   42 ] [  14495   5284   8450 ] [ 0 ],1.10,1.30,1.30,1.10,130.30,15.69,0.00,0.00,0.00,0.00,0.00,0.00,0.00,0.00,0.00,0.00,0.00,0.00,0.00,0.00,0.00,0
2.75098,98,14,388,0,DRIVE [ 70 ] [ 1 ] [ 1180 1864 1695 ] [    0    0    0 ] [      0      0      0 ] [ 0 ],drive [ 69 ] [ 0 ] [ 1167 1864 1691 ] [   96   20   42 ] [  14562   5009   8451 ] [ 0 ],1.10,1.30,1.30,1.10,127.01,15.38,0.00,0.00,0.00,0.00,0.00,0.00,0.00,0.00,0.00,0.00,0.00,0.00,0.00,0.00,0.00,0
2.76372,95,14,384,0,DRIVE [ 70 ] [ 1 ] [ 1193 1864 1699 ] [    0    0    0 ] [      0      0      0 ] [ 0 ],drive [ 70 ] [ 0 ] [ 1180 1864 1695 ] [   92   19   43 ] [  14562   5009   8451 ] [ 0 ],1.10,1.30,1.30,1.10,123.58,14.90,0.00,0.00,0.00,0.00,0.00,0.00,0.00,0.00,0.00,0.00,0.00,0.00,-0.00,-0.00,0.00,0
2.77635,92,13,381,0,DRIVE [ 71 ] [ 1 ] [ 1207 1864 1701 ] [    0    0    0 ] [      0      0      0 ] [ 0 ],drive [ 70 ] [ 0 ] [ 1193 1864 1699 ] [   92   19   43 ] [  14562   5009   8451 ] [ 0 ],1.10,1.30,1.30,1.10,120.10,14.15,0.00,0.00,0.00,0.00,0.00,0.00,0.00,0.00,0.00,0.00,0.00,0.00,-0.00,-0.00,0.00,0
2.78886,90,12,377,0,DRIVE [ 71 ] [ 1 ] [ 1221 1864 1702 ] [    0    0    0 ] [      0      0      0 ] [ 0 ],drive [ 71 ] [ 0 ] [ 1207 1864 1701 ] [   92   19   43 ] [  14562   5009   8451 ] [ 0 ],1.10,1.30,1.30,1.10,117.09,13.18,0.00,0.00,0.00,0.00,0.00,0.00,0.00,0.00,0.00,0.00,0.00,0.00,-0.00,-0.00,0.00,0
2.80179,88,11,374,0,DRIVE [ 72 ] [ 1 ] [ 1234 1864 1703 ] [    0    0    0 ] [      0      0      0 ] [ 0 ],drive [ 71 ] [ 0 ] [ 1221 1864 1702 ] [   92   19   43 ] [  14565   4998   8424 ] [ 0 ],1.10,1.30,1.30,1.10,114.04,12.22,0.00,0.00,0.00,0.00,0.00,0.00,0.00,0.00,0.00,0.00,0.00,0.00,-0.00,-0.00,0.00,0
2.81393,86,10,371,0,DRIVE [ 72 ] [ 1 ] [ 1248 1864 1704 ] [    0    0    0 ] [      0      0      0 ] [ 0 ],drive [ 72 ] [ 0 ] [ 1234 1864 1703 ] [   86   19   20 ] [  14565   4998   8424 ] [ 0 ],1.10,1.30,1.30,1.10,111.26,11.00,0.00,0.00,0.00,0.00,0.00,0.00,0.00,0.00,0.00,0.00,0.00,0.00,-0.00,-0.00,0.00,0
2.82667,83,9,367,0,DRIVE [ 73 ] [ 1 ] [ 1262 1864 1703 ] [    0    0    0 ] [      0      0      0 ] [ 0 ],drive [ 72 ] [ 0 ] [ 1248 1864 1704 ] [   86   19   20 ] [  14565   4998   8424 ] [ 0 ],1.10,1.30,1.30,1.10,108.26,9.71,0.00,0.00,0.00,0.00,0.00,0.00,0.00,0.00,0.00,0.00,0.00,0.00,-0.00,-0.00,0.00,0
2.83916,82,8,366,0,DRIVE [ 73 ] [ 1 ] [ 1278 1864 1702 ] [    0    0    0 ] [      0      0      0 ] [ 0 ],drive [ 73 ] [ 0 ] [ 1262 1864 1703 ] [   86   19   20 ] [  14565   4998   8424 ] [ 0 ],1.10,1.30,1.30,1.10,106.10,8.29,0.00,0.00,0.00,0.00,0.00,0.00,0.00,0.00,0.00,0.00,0.00,0.00,-0.00,-0.00,0.00,0
2.85153,79,6,363,0,DRIVE [ 74 ] [ 1 ] [ 1300 1864 1702 ] [    0    0    0 ] [      0      0      0 ] [ 0 ],drive [ 73 ] [ 0 ] [ 1278 1864 1702 ] [   86   19   20 ] [  14563   4998   8385 ] [ 0 ],1.10,1.30,1.30,1.10,102.39,6.49,0.00,0.00,0.00,0.00,0.00,0.00,0.00,0.00,0.00,0.00,0.00,0.00,-0.00,-0.00,0.00,0
2.8639,76,4,359,0,DRIVE [ 74 ] [ 1 ] [ 1321 1864 1702 ] [    0    0    0 ] [      0      0      0 ] [ 0 ],drive [ 74 ] [ 0 ] [ 1300 1864 1702 ] [   82   19   26 ] [  14563   4998   8385 ] [ 0 ],1.10,1.30,1.30,1.10,98.45,4.79,0.00,0.00,0.00,0.00,0.00,0.00,0.00,0.00,0.00,0.00,0.00,0.00,-0.00,-0.00,0.00,0
2.87571,73,3,356,0,DRIVE [ 75 ] [ 1 ] [ 1343 1864 1703 ] [    0    0    0 ] [      0      0      0 ] [ 0 ],drive [ 74 ] [ 0 ] [ 1321 1864 1702 ] [   82   19   26 ] [  14563   4998   8385 ] [ 0 ],1.10,1.30,1.30,1.10,94.85,3.13,0.00,0.00,0.00,0.00,0.00,0.00,0.00,0.00,0.00,0.00,0.00,0.00,-0.00,-0.00,0.00,0
2.88847,70,1,353,0,DRIVE [ 75 ] [ 1 ] [ 1366 1864 1703 ] [    0    0    0 ] [      0      0      0 ] [ 0 ],drive [ 75 ] [ 0 ] [ 1343 1864 1703 ] [   82   19   26 ] [  14563   4998   8385 ] [ 0 ],1.10,1.30,1.30,1.10,91.23,1.48,0.00,0.00,0.00,0.00,0.00,0.00,0.00,0.00,0.00,0.00,0.00,0.00,-0.00,-0.00,0.00,0
2.901,68,0,351,0,DRIVE [ 76 ] [ 1 ] [ 1388 1864 1704 ] [    0    0    0 ] [      0      0      0 ] [ 0 ],drive [ 75 ] [ 0 ] [ 1366 1864 1703 ] [   82   19   26 ] [  14560   4998   8373 ] [ 0 ],1.10,1.30,1.30,1.10,87.89,-0.00,0.00,0.00,0.00,0.00,0.00,0.00,0.00,0.00,0.00,0.00,0.00,0.00,-0.00,0.00,0.00,0
2.91346,65,-1,349,0,DRIVE [ 76 ] [ 1 ] [ 1411 1864 1705 ] [    0    0    0 ] [      0      0      0 ] [ 0 ],drive [ 76 ] [ 0 ] [ 1388 1864 1704 ] [   75   19   29 ] [  14560   4998   8373 ] [ 0 ],1.10,1.30,1.30,1.10,84.29,-1.65,0.00,0.00,0.00,0.00,0.00,0.00,0.00,0.00,0.00,0.00,0.00,0.00,-0.00,0.00,0.00,0
2.92573,62,-2,347,0,DRIVE [ 77 ] [ 1 ] [ 1435 1864 1705 ] [    0    0    0 ] [      0      0      0 ] [ 0 ],drive [ 76 ] [ 0 ] [ 1411 1864 1705 ] [   75   19   29 ] [  14560   4998   8373 ] [ 0 ],1.10,1.30,1.30,1.10,80.52,-3.19,0.00,0.00,0.00,0.00,0.00,0.00,0.00,0.00,0.00,0.00,0.00,0.00,-0.00,0.00,0.00,0
2.93839,59,-4,344,0,DRIVE [ 77 ] [ 1 ] [ 1460 1864 1707 ] [    0    0    0 ] [      0      0      0 ] [ 0 ],drive [ 77 ] [ 0 ] [ 1435 1864 1705 ] [   75   19   29 ] [  14560   4998   8373 ] [ 0 ],1.10,1.30,1.30,1.10,76.58,-4.70,0.00,0.00,0.00,0.00,0.00,0.00,0.00,0.00,0.00,0.00,0.00,0.00,-0.00,0.00,0.00,0
2.95072,56,-5,342,0,DRIVE [ 78 ] [ 1 ] [ 1485 1864 1708 ] [    0    0    0 ] [      0      0      0 ] [ 0 ],drive [ 77 ] [ 0 ] [ 1460 1864 1707 ] [   75   19   29 ] [  14556   4998   8363 ] [ 0 ],1.10,1.30,1.30,1.10,72.78,-6.26,0.00,0.00,0.00,0.00,0.00,0.00,0.00,0.00,0.00,0.00,0.00,0.00,-0.00,0.00,0.00,0
2.9631,52,-6,338,0,DRIVE [ 78 ] [ 1 ] [ 1515 1864 1710 ] [    0    0    0 ] [      0      0      0 ] [ 0 ],drive [ 78 ] [ 0 ] [ 1485 1864 1708 ] [   52   19   35 ] [  14556   4998   8363 ] [ 0 ],1.10,1.30,1.30,1.10,67.92,-7.94,0.00,0.00,0.00,0.00,0.00,0.00,0.00,0.00,0.00,0.00,0.00,0.00,-0.00,0.00,0.00,0
2.97546,48,-7,335,0,DRIVE [ 79 ] [ 1 ] [ 1546 1864 1713 ] [    0    0    0 ] [      0      0      0 ] [ 0 ],drive [ 78 ] [ 0 ] [ 1515 1864 1710 ] [   52   19   35 ] [  14556   4998   8363 ] [ 0 ],1.10,1.30,1.30,1.10,63.03,-9.54,0.00,0.00,0.00,0.00,0.00,0.00,-0.00,0.00,0.00,0.00,0.00,0.00,-0.00,0.00,0.00,0
2.98788,45,-8,329,0,DRIVE [ 79 ] [ 1 ] [ 1575 1864 1715 ] [    0    0    0 ] [      0      0      0 ] [ 0 ],drive [ 79 ] [ 0 ] [ 1546 1864 1713 ] [   52   19   35 ] [  14556   4998   8363 ] [ 0 ],1.10,1.30,1.30,1.10,58.07,-10.85,0.00,0.00,0.00,0.00,0.00,0.00,-0.00,0.00,0.00,0.00,0.00,0.00,-0.00,0.00,0.00,0
3.00022,41,-9,328,0,DRIVE [ 80 ] [ 1 ] [ 1603 1864 1718 ] [    0    0    0 ] [      0      0      0 ] [ 0 ],drive [ 79 ] [ 0 ] [ 1575 1864 1715 ] [   52   19   35 ] [  14534   4998   8360 ] [ 0 ],1.10,1.30,1.30,1.10,53.82,-12.22,0.00,0.00,0.00,0.00,0.00,0.00,-0.00,0.00,0.00,0.00,0.00,0.00,-0.00,0.00,0.00,0
3.01213,38,-10,325,0,DRIVE [ 80 ] [ 1 ] [ 1631 1864 1721 ] [    0    0    0 ] [      0      0      0 ] [ 0 ],drive [ 80 ] [ 0 ] [ 1603 1864 1718 ] [   37   19   33 ] [  14534   4998   8360 ] [ 0 ],1.10,1.30,1.30,1.10,49.40,-13.45,0.00,0.00,0.00,0.00,0.00,0.00,-0.00,0.00,0.00,0.00,0.00,0.00,-0.00,0.00,0.00,0
3.02477,35,-11,323,0,DRIVE [ 81 ] [ 1 ] [ 1659 1864 1725 ] [    0    0    0 ] [      0      0      0 ] [ 0 ],drive [ 80 ] [ 0 ] [ 1631 1864 1721 ] [   37   19   33 ] [  14534   4998   8360 ] [ 0 ],1.10,1.30,1.30,1.10,45.04,-14.46,0.00,0.00,0.00,0.00,0.00,0.00,-0.00,0.00,0.00,0.00,0.00,0.00,-0.00,0.00,0.00,0
3.0371,31,-12,320,0,DRIVE [ 81 ] [ 1 ] [ 1686 1864 1728 ] [    0    0    0 ] [      0      0      0 ] [ 0 ],drive [ 81 ] [ 0 ] [ 1659 1864 1725 ] [   37   19   33 ] [  14534   4998   8360 ] [ 0 ],1.10,1.30,1.30,1.10,40.54,-15.50,0.00,0.00,0.00,0.00,0.00,0.00,-0.00,0.00,0.00,0.00,0.00,0.00,-0.00,0.00,0.00,0
3.04931,28,-13,318,0,DRIVE [ 82 ] [ 1 ] [ 1713 1864 1731 ] [    0    0    0 ] [      0      0      0 ] [ 0 ],drive [ 81 ] [ 0 ] [ 1686 1864 1728 ] [   37   19   33 ] [  14480   4998   8345 ] [ 0 ],1.10,1.30,1.30,1.10,36.33,-16.50,0.00,0.00,0.00,0.00,0.00,0.00,-0.00,0.00,0.00,0.00,0.00,0.00,-0.00,0.00,0.00,0
3.06108,25,-14,315,0,DRIVE [ 82 ] [ 1 ] [ 1739 1864 1733 ] [    0    0    0 ] [      0      0      0 ] [ 0 ],drive [ 82 ] [ 0 ] [ 1713 1864 1731 ] [   20   18   39 ] [  14480   4998   8345 ] [ 0 ],1.10,1.30,1.30,1.10,32.11,-17.57,0.00,0.00,0.00,0.00,0.00,0.00,-0.00,0.00,0.00,0.00,0.00,0.00,-0.00,0.00,0.00,0
3.07332,22,-14,311,0,DRIVE [ 83 ] [ 1 ] [ 1763 1864 1733 ] [    0    0    0 ] [      0      0      0 ] [ 0 ],drive [ 82 ] [ 0 ] [ 1739 1864 1733 ] [   20   18   39 ] [  14480   4998   8345 ] [ 0 ],1.10,1.30,1.30,1.10,27.96,-18.51,0.00,0.00,0.00,0.00,0.00,0.00,-0.00,0.00,0.00,0.00,0.00,0.00,-0.00,0.00,0.00,0
3.08639,18,-15,311,0,DRIVE [ 83 ] [ 1 ] [ 1787 1864 1732 ] [    0    0    0 ] [      0      0      0 ] [ 0 ],drive [ 83 ] [ 0 ] [ 1763 1864 1733 ] [   20   18   39 ] [  14480   4998   8345 ] [ 0 ],1.10,1.30,1.30,1.10,24.05,-19.54,0.00,0.00,0.00,0.00,0.00,0.00,-0.00,0.00,0.00,0.00,0.00,0.00,-0.00,0.00,0.00,0
3.0994,15,-16,307,0,DRIVE [ 84 ] [ 1 ] [ 1813 1864 1731 ] [    0    0    0 ] [      0      0      0 ] [ 0 ],drive [ 83 ] [ 0 ] [ 1787 1864 1732 ] [   20   18   39 ] [  14248   4998   8344 ] [ 0 ],1.10,1.30,1.30,1.10,19.12,-20.38,0.00,0.00,0.00,0.00,0.00,0.00,-0.00,0.00,0.00,0.00,0.00,0.00,-0.00,0.00,0.00,0
3.11153,12,-16,305,0,DRIVE [ 84 ] [ 1 ] [ 1835 1864 1727 ] [    0    0    0 ] [      0      0      0 ] [ 0 ],drive [ 84 ] [ 0 ] [ 1813 1864 1731 ] [   18   19   37 ] [  14248   4998   8344 ] [ 0 ],1.10,1.30,1.30,1.10,14.96,-21.21,0.00,0.00,0.00,0.00,0.00,0.00,-0.00,0.00,0.00,0.00,0.00,0.00,-0.00,0.00,0.00,0
3.12415,9,-17,303,0,DRIVE [ 85 ] [ 1 ] [ 1853 1864 1721 ] [    0    0    0 ] [      0      0      0 ] [ 0 ],drive [ 84 ] [ 0 ] [ 1835 1864 1727 ] [   18   19   37 ] [  14248   4998   8344 ] [ 0 ],1.10,1.30,1.30,1.10,11.41,-21.72,0.00,0.00,0.00,0.00,0.00,0.00,-0.00,0.00,0.00,0.00,0.00,0.00,-0.00,0.00,0.00,0
3.13638,6,-17,300,0,DRIVE [ 85 ] [ 1 ] [ 1867 1864 1713 ] [    0    0    0 ] [      0      0      0 ] [ 0 ],drive [ 85 ] [ 0 ] [ 1853 1864 1721 ] [   18   19   37 ] [  14248   4998   8344 ] [ 0 ],1.10,1.30,1.30,1.10,8.30,-22.11,0.00,0.00,0.00,0.00,0.00,0.00,-0.00,0.00,0.00,0.00,0.00,0.00,-0.00,0.00,0.00,0
3.14837,4,-17,298,0,DRIVE [ 86 ] [ 1 ] [ 1880 1864 1704 ] [    0    0    0 ] [      0      0      0 ] [ 0 ],drive [ 85 ] [ 0 ] [ 1867 1864 1713 ] [   18   19   37 ] [  13954   4996   8352 ] [ 0 ],1.10,1.30,1.30,1.10,5.58,-22.40,0.00,0.00,0.00,0.00,0.00,0.00,-0.00,0.00,0.00,0.00,0.00,0.00,0.00,0.00,0.00,0
3.16109,2,-17,297,0,DRIVE [ 86 ] [ 1 ] [ 1891 1864 1695 ] [    0    0    0 ] [      0      0      0 ] [ 0 ],drive [ 86 ] [ 0 ] [ 1880 1864 1704 ] [   20   17   31 ] [  13954   4996   8352 ] [ 0 ],1.10,1.30,1.30,1.10,3.17,-22.51,0.00,0.00,0.00,0.00,0.00,0.00,-0.00,0.00,0.00,0.00,0.00,0.00,0.00,0.00,0.00,0
3.17388,1,-17,295,0,DRIVE [ 87 ] [ 1 ] [ 1901 1864 1687 ] [    0    0    0 ] [      0      0      0 ] [ 0 ],drive [ 86 ] [ 0 ] [ 1891 1864 1695 ] [   20   17   31 ] [  13954   4996   8352 ] [ 0 ],1.10,1.30,1.30,1.10,1.02,-22.43,0.00,0.00,0.00,0.00,0.00,0.00,-0.00,0.00,0.00,0.00,0.00,0.00,0.00,0.00,0.00,0
3.18616,-1,-17,292,0,DRIVE [ 87 ] [ 1 ] [ 1901 1881 1687 ] [    0    0    0 ] [      0      0      0 ] [ 0 ],drive [ 87 ] [ 0 ] [ 1901 1864 1687 ] [   20   17   31 ] [  13954   4996   8352 ] [ 0 ],1.10,1.30,1.30,1.10,-0.71,-22.14,0.00,0.00,0.00,0.00,0.00,0.00,-0.00,0.00,0.00,0.00,0.00,0.00,0.00,0.00,0.00,0
3.19843,-2,-17,290,0,DRIVE [ 88 ] [ 1 ] [ 1901 1875 1696 ] [    0    0    0 ] [      0      0      0 ] [ 0 ],drive [ 87 ] [ 0 ] [ 1901 1881 1687 ] [   20   17   31 ] [  13533   4995   8397 ] [ 0 ],1.10,1.30,1.30,1.10,-2.10,-21.62,0.00,0.00,0.00,0.00,0.00,0.00,-0.00,0.00,0.00,0.00,0.00,0.00,0.00,0.00,0.00,0
3.21013,-3,-16,287,0,DRIVE [ 88 ] [ 1 ] [ 1901 1869 1707 ] [    0    0    0 ] [      0      0      0 ] [ 0 ],drive [ 88 ] [ 0 ] [ 1901 1875 1696 ] [   15   11   28 ] [  13533   4995   8397 ] [ 0 ],1.10,1.30,1.30,1.10,-3.39,-20.75,0.00,0.00,0.00,0.00,0.00,0.00,-0.00,0.00,0.00,0.00,0.00,0.00,0.00,0.00,0.00,0
3.22255,-4,-15,284,0,DRIVE [ 89 ] [ 1 ] [ 1901 1863 1722 ] [    0    0    0 ] [      0      0      0 ] [ 0 ],drive [ 88 ] [ 0 ] [ 1901 1869 1707 ] [   15   11   28 ] [  13533   4995   8397 ] [ 0 ],1.10,1.30,1.30,1.10,-4.57,-19.33,0.00,0.00,0.00,0.00,0.00,0.00,-0.00,0.00,0.00,0.00,0.00,0.00,0.00,0.00,0.00,0
3.23463,-5,-14,281,0,DRIVE [ 89 ] [ 1 ] [ 1901 1858 1737 ] [    0    0    0 ] [      0      0      0 ] [ 0 ],drive [ 89 ] [ 0 ] [ 1901 1863 1722 ] [   15   11   28 ] [  13533   4995   8397 ] [ 0 ],1.10,1.30,1.30,1.10,-5.53,-17.88,0.00,0.00,0.00,0.00,0.00,0.00,-0.00,0.00,0.00,0.00,0.00,0.00,0.00,0.00,0.00,0
3.24682,-6,-13,278,0,DRIVE [ 90 ] [ 1 ] [ 1901 1854 1751 ] [    0    0    0 ] [      0      0      0 ] [ 0 ],drive [ 89 ] [ 0 ] [ 1901 1858 1737 ] [   15   11   28 ] [  13354   4882   8417 ] [ 0 ],1.10,1.30,1.30,1.10,-6.33,-16.49,0.00,0.00,0.00,0.00,0.00,0.00,-0.00,0.00,0.00,0.00,0.00,0.00,0.00,0.00,0.00,0
3.2584,-7,-12,277,0,DRIVE [ 90 ] [ 1 ] [ 1901 1848 1765 ] [    0    0    0 ] [      0      0      0 ] [ 0 ],drive [ 90 ] [ 0 ] [ 1901 1854 1751 ] [   14    8   31 ] [  13354   4882   8417 ] [ 0 ],1.10,1.30,1.30,1.10,-7.27,-15.04,0.00,0.00,0.00,0.00,0.00,0.00,-0.00,0.00,0.00,0.00,0.00,0.00,0.00,0.00,0.00,0
3.27033,-8,-10,274,0,DRIVE [ 91 ] [ 1 ] [ 1901 1841 1778 ] [    0    0    0 ] [      0      0      0 ] [ 0 ],drive [ 90 ] [ 0 ] [ 1901 1848 1765 ] [   14    8   31 ] [  13354   4882   8417 ] [ 0 ],1.10,1.30,1.30,1.10,-8.42,-13.53,0.00,0.00,0.00,0.00,0.00,0.00,-0.00,0.00,0.00,0.00,0.00,0.00,0.00,0.00,0.00,0
3.28206,-9,-9,273,0,DRIVE [ 91 ] [ 1 ] [ 1901 1832 1790 ] [    0    0    0 ] [      0      0      0 ] [ 0 ],drive [ 91 ] [ 0 ] [ 1901 1841 1778 ] [   14    8   31 ] [  13354   4882   8417 ] [ 0 ],1.10,1.30,1.30,1.10,-9.83,-12.09,0.00,0.00,0.00,0.00,0.00,0.00,-0.00,0.00,0.00,0.00,0.00,0.00,0.00,0.00,0.00,0
3.29396,-10,-8,271,0,DRIVE [ 92 ] [ 1 ] [ 1901 1823 1800 ] [    0    0    0 ] [      0      0      0 ] [ 0 ],drive [ 91 ] [ 0 ] [ 1901 1832 1790 ] [   14    8   31 ] [  13331   4865   8415 ] [ 0 ],1.10,1.30,1.30,1.10,-11.17,-10.72,0.00,0.00,0.00,0.00,0.00,0.00,-0.00,0.00,0.00,0.00,0.00,0.00,0.00,0.00,0.00,0
3.30621,-11,-7,268,0,DRIVE [ 92 ] [ 1 ] [ 1901 1812 1807 ] [    0    0    0 ] [      0      0      0 ] [ 0 ],drive [ 92 ] [ 0 ] [ 1901 1823 1800 ] [   20   10   23 ] [  13331   4865   8415 ] [ 0 ],1.10,1.30,1.30,1.10,-12.45,-9.37,0.00,0.00,0.00,0.00,0.00,0.00,-0.00,0.00,0.00,0.00,0.00,0.00,0.00,0.00,0.00,0
3.31829,-12,-6,265,0,DRIVE [ 93 ] [ 1 ] [ 1901 1801 1813 ] [    0    0    0 ] [      0      0      0 ] [ 0 ],drive [ 92 ] [ 0 ] [ 1901 1812 1807 ] [   20   10   23 ] [  13331   4865   8415 ] [ 0 ],1.10,1.30,1.30,1.10,-13.69,-8.03,0.00,0.00,0.00,0.00,0.00,0.00,-0.00,0.00,0.00,0.00,0.00,0.00,0.00,0.00,0.00,0
3.33029,-14,-5,262,0,DRIVE [ 93 ] [ 1 ] [ 1901 1788 1819 ] [    0    0    0 ] [      0      0      0 ] [ 0 ],drive [ 93 ] [ 0 ] [ 1901 1801 1813 ] [   20   10   23 ] [  13331   4865   8415 ] [ 0 ],1.10,1.30,1.30,1.10,-15.01,-6.65,0.00,0.00,0.00,0.00,0.00,0.00,-0.00,0.00,0.00,0.00,0.00,0.00,0.00,0.00,0.00,0
3.34171,-15,-4,259,0,DRIVE [ 94 ] [ 1 ] [ 1901 1773 1824 ] [    0    0    0 ] [      0      0      0 ] [ 0 ],drive [ 93 ] [ 0 ] [ 1901 1788 1819 ] [   20   10   23 ] [  13251   4865   8410 ] [ 0 ],1.10,1.30,1.30,1.10,-16.25,-5.22,0.00,0.00,0.00,0.00,0.00,0.00,-0.00,0.00,0.00,0.00,0.00,0.00,0.00,0.00,0.00,0
3.35368,-16,-3,257,0,DRIVE [ 94 ] [ 1 ] [ 1901 1759 1828 ] [    0    0    0 ] [      0      0      0 ] [ 0 ],drive [ 94 ] [ 0 ] [ 1901 1773 1824 ] [   20   10   23 ] [  13251   4865   8410 ] [ 0 ],1.10,1.30,1.30,1.10,-17.36,-3.84,0.00,0.00,0.00,0.00,0.00,0.00,-0.00,0.00,0.00,0.00,0.00,0.00,0.00,0.00,0.00,0
3.36611,-17,-2,255,0,DRIVE [ 95 ] [ 1 ] [ 1901 1743 1832 ] [    0    0    0 ] [      0      0      0 ] [ 0 ],drive [ 94 ] [ 0 ] [ 1901 1759 1828 ] [   29   13   14 ] [  13251   4865   8410 ] [ 0 ],1.10,1.30,1.30,1.10,-18.52,-2.47,0.00,0.00,0.00,0.00,0.00,0.00,-0.00,0.00,0.00,0.00,0.00,0.00,0.00,0.00,0.00,0
3.37754,-18,-1,252,0,DRIVE [ 95 ] [ 1 ] [ 1901 1723 1837 ] [    0    0    0 ] [      0      0      0 ] [ 0 ],drive [ 95 ] [ 0 ] [ 1901 1743 1832 ] [   29   13   14 ] [  13251   4865   8410 ] [ 0 ],1.10,1.30,1.30,1.10,-19.83,-0.74,0.00,0.00,0.00,0.00,0.00,0.00,-0.00,0.00,0.00,0.00,0.00,0.00,0.00,0.00,0.00,0
3.38953,-19,1,249,0,DRIVE [ 96 ] [ 1 ] [ 1901 1704 1840 ] [    0    0    0 ] [      0      0      0 ] [ 0 ],drive [ 95 ] [ 0 ] [ 1901 1723 1837 ] [   29   13   14 ] [  13251   4865   8410 ] [ 0 ],1.10,1.30,1.30,1.10,-20.99,0.70,0.00,0.00,0.00,0.00,0.00,0.00,-0.00,0.00,0.00,0.00,0.00,0.00,0.00,0.00,0.00,0
3.40119,-20,2,247,0,DRIVE [ 96 ] [ 1 ] [ 1901 1685 1843 ] [    0    0    0 ] [      0      0      0 ] [ 0 ],drive [ 96 ] [ 0 ] [ 1901 1704 1840 ] [   29   13   14 ] [  13184   4865   8401 ] [ 0 ],1.10,1.30,1.30,1.10,-22.01,1.98,0.00,0.00,0.00,0.00,0.00,0.00,-0.00,0.00,0.00,0.00,0.00,0.00,0.00,0.00,0.00,0
3.41276,-21,3,244,0,DRIVE [ 97 ] [ 1 ] [ 1901 1666 1845 ] [    0    0    0 ] [      0      0      0 ] [ 0 ],drive [ 96 ] [ 0 ] [ 1901 1685 1843 ] [    4   20    9 ] [  13184   4865   8401 ] [ 0 ],1.10,1.30,1.30,1.10,-23.11,3.23,0.00,0.00,0.00,0.00,0.00,0.00,-0.00,0.00,0.00,0.00,0.00,0.00,0.00,0.00,0.00,0
3.42701,-22,4,242,0,DRIVE [ 97 ] [ 1 ] [ 1901 1646 1847 ] [    0    0    0 ] [      0      0      0 ] [ 0 ],drive [ 97 ] [ 0 ] [ 1901 1666 1845 ] [    4   20    9 ] [  13184   4865   8401 ] [ 0 ],1.10,1.30,1.30,1.10,-24.17,4.48,0.00,0.00,0.00,0.00,0.00,0.00,-0.00,0.00,0.00,0.00,0.00,0.00,0.00,0.00,0.00,0
3.43985,-23,5,239,0,DRIVE [ 98 ] [ 1 ] [ 1901 1626 1849 ] [    0    0    0 ] [      0      0      0 ] [ 0 ],drive [ 97 ] [ 0 ] [ 1901 1646 1847 ] [    4   20    9 ] [  13184   4865   8401 ] [ 0 ],1.10,1.30,1.30,1.10,-25.20,5.71,0.00,0.00,0.00,0.00,0.00,0.00,-0.00,0.00,0.00,0.00,0.00,0.00,0.00,0.00,0.00,0
3.45153,-24,6,237,0,DRIVE [ 98 ] [ 1 ] [ 1901 1605 1852 ] [    0    0    0 ] [      0      0      0 ] [ 0 ],drive [ 98 ] [ 0 ] [ 1901 1626 1849 ] [    4   20    9 ] [  13117   4866   8400 ] [ 0 ],1.10,1.30,1.30,1.10,-26.10,6.97,0.00,0.00,0.00,0.00,0.00,0.00,-0.00,0.00,0.00,0.00,0.00,0.00,0.00,0.00,0.00,0
3.46294,-24,7,235,0,DRIVE [ 99 ] [ 1 ] [ 1901 1585 1854 ] [    0    0    0 ] [      0      0      0 ] [ 0 ],drive [ 98 ] [ 0 ] [ 1901 1605 1852 ] [   24   29    9 ] [  13117   4866   8400 ] [ 0 ],1.10,1.30,1.30,1.10,-26.95,8.17,0.00,0.00,0.00,0.00,0.00,0.00,-0.00,0.00,0.00,0.00,0.00,0.00,0.00,0.00,0.00,0
3.4739,-25,8,233,0,DRIVE [ 99 ] [ 1 ] [ 1901 1567 1856 ] [    0    0    0 ] [      0      0      0 ] [ 0 ],drive [ 99 ] [ 0 ] [ 1901 1585 1854 ] [   24   29    9 ] [  13117   4866   8400 ] [ 0 ],1.10,1.30,1.30,1.10,-27.72,9.19,0.00,0.00,0.00,0.00,0.00,0.00,-0.00,0.00,0.00,0.00,0.00,0.00,0.00,0.00,0.00,0
3.48539,-26,9,230,0,DRIVE [ 00 ] [ 1 ] [ 1901 1551 1858 ] [    0    0    0 ] [      0      0      0 ] [ 0 ],drive [ 99 ] [ 0 ] [ 1901 1567 1856 ] [   24   29    9 ] [  13117   4866   8400 ] [ 0 ],1.10,1.30,1.30,1.10,-28.33,10.13,0.00,0.00,0.00,0.00,0.00,0.00,-0.00,0.00,0.00,0.00,0.00,0.00,0.00,0.00,0.00,0
3.49656,-26,10,228,0,DRIVE [ 00 ] [ 1 ] [ 1901 1535 1861 ] [    0    0    0 ] [      0      0      0 ] [ 0 ],drive [ 00 ] [ 0 ] [ 1901 1551 1858 ] [   24   29    9 ] [  13105   4898   8383 ] [ 0 ],1.10,1.30,1.30,1.10,-28.80,10.99,0.00,0.00,0.00,0.00,0.00,0.00,-0.00,0.00,0.00,0.00,0.00,0.00,0.00,0.00,0.00,0
3.50816,-27,11,227,0,DRIVE [ 01 ] [ 1 ] [ 1901 1522 1862 ] [    0    0    0 ] [      0      0      0 ] [ 0 ],drive [ 00 ] [ 0 ] [ 1901 1535 1861 ] [   23   46   18 ] [  13105   4898   8383 ] [ 0 ],1.10,1.30,1.30,1.10,-29.35,11.67,0.00,0.00,0.00,0.00,0.00,-0.00,-0.00,0.00,0.00,0.00,0.00,0.00,0.00,0.00,0.00,0
3.51976,-27,11,225,0,DRIVE [ 01 ] [ 1 ] [ 1901 1511 1863 ] [    0    0    0 ] [      0      0      0 ] [ 0 ],drive [ 01 ] [ 0 ] [ 1901 1522 1862 ] [   23   46   18 ] [  13105   4898   8383 ] [ 0 ],1.10,1.30,1.30,1.10,-29.77,12.25,0.00,0.00,0.00,0.00,0.00,-0.00,-0.00,0.00,0.00,0.00,0.00,0.00,0.00,0.00,0.00,0
3.53103,-27,11,223,0,DRIVE [ 02 ] [ 1 ] [ 1901 1502 1864 ] [    0    0    0 ] [      0      0      0 ] [ 0 ],drive [ 01 ] [ 0 ] [ 1901 1511 1863 ] [   23   46   18 ] [  13105   4898   8383 ] [ 0 ],1.10,1.30,1.30,1.10,-29.93,12.62,0.00,0.00,0.00,0.00,0.00,-0.00,-0.00,0.00,0.00,0.00,0.00,0.00,0.00,0.00,0.00,0
3.54164,-27,12,221,0,DRIVE [ 02 ] [ 1 ] [ 1901 1496 1865 ] [    0    0    0 ] [      0      0      0 ] [ 0 ],drive [ 02 ] [ 0 ] [ 1901 1502 1864 ] [   23   46   18 ] [  13077   5076   8361 ] [ 0 ],1.10,1.30,1.30,1.10,-30.01,12.87,0.00,0.00,0.00,0.00,0.00,-0.00,-0.00,0.00,0.00,0.00,0.00,0.00,0.00,0.00,0.00,0
3.55303,-27,12,220,0,DRIVE [ 03 ] [ 1 ] [ 1901 1492 1865 ] [    0    0    0 ] [      0      0      0 ] [ 0 ],drive [ 02 ] [ 0 ] [ 1901 1496 1865 ] [   23   46   18 ] [  13077   5076   8361 ] [ 0 ],1.10,1.30,1.30,1.10,-30.00,13.02,0.00,0.00,0.00,0.00,0.00,-0.00,-0.00,0.00,0.00,0.00,0.00,0.00,0.00,0.00,0.00,0
3.56488,-27,12,218,0,DRIVE [ 03 ] [ 1 ] [ 1901 1489 1865 ] [    0    0    0 ] [      0      0      0 ] [ 0 ],drive [ 03 ] [ 0 ] [ 1901 1492 1865 ] [   13   42   20 ] [  13077   5076   8361 ] [ 0 ],1.10,1.30,1.30,1.10,-29.81,13.03,0.00,0.00,0.00,0.00,0.00,-0.00,-0.00,0.00,0.00,0.00,0.00,0.00,0.00,0.00,0.00,0
3.57569,-27,12,216,0,DRIVE [ 04 ] [ 1 ] [ 1901 1488 1866 ] [    0    0    0 ] [      0      0      0 ] [ 0 ],drive [ 03 ] [ 0 ] [ 1901 1489 1865 ] [   13   42   20 ] [  13077   5076   8361 ] [ 0 ],1.10,1.30,1.30,1.10,-29.65,13.00,0.00,0.00,0.00,0.00,0.00,-0.00,-0.00,0.00,0.00,0.00,0.00,0.00,0.00,0.00,0.00,0
3.58685,-27,12,214,0,DRIVE [ 04 ] [ 1 ] [ 1901 1487 1866 ] [    0    0    0 ] [      0      0      0 ] [ 0 ],drive [ 04 ] [ 0 ] [ 1901 1488 1866 ] [   13   42   20 ] [  13077   5076   8361 ] [ 0 ],1.10,1.30,1.30,1.10,-29.45,12.92,0.00,0.00,0.00,0.00,0.00,-0.00,-0.00,0.00,0.00,0.00,0.00,0.00,0.00,0.00,0.00,0
3.60361,-27,12,212,0,DRIVE [ 05 ] [ 1 ] [ 1901 1485 1865 ] [    0    0    0 ] [      0      0      0 ] [ 0 ],drive [ 04 ] [ 0 ] [ 1901 1487 1866 ] [   13   42   20 ] [  13071   5107   8352 ] [ 0 ],1.10,1.30,1.30,1.10,-29.29,12.80,0.00,0.00,0.00,0.00,0.00,-0.00,-0.00,0.00,0.00,0.00,0.00,0.00,0.00,0.00,0.00,0
3.62013,-27,12,210,0,DRIVE [ 05 ] [ 1 ] [ 1901 1484 1864 ] [    0    0    0 ] [      0      0      0 ] [ 0 ],drive [ 05 ] [ 0 ] [ 1901 1485 1865 ] [    0   57   22 ] [  13071   5107   8352 ] [ 0 ],1.10,1.30,1.30,1.10,-29.25,12.67,0.00,0.00,0.00,0.00,0.00,-0.00,-0.00,0.00,0.00,0.00,0.00,0.00,0.00,0.00,0.00,0
3.63125,-27,11,208,0,DRIVE [ 06 ] [ 1 ] [ 1901 1482 1863 ] [    0    0    0 ] [      0      0      0 ] [ 0 ],drive [ 05 ] [ 0 ] [ 1901 1484 1864 ] [    0   57   22 ] [  13071   5107   8352 ] [ 0 ],1.10,1.30,1.30,1.10,-29.24,12.47,0.00,0.00,0.00,0.00,0.00,-0.00,-0.00,0.00,0.00,0.00,0.00,0.00,0.00,0.00,0.00,0
3.64236,-27,11,206,0,DRIVE [ 06 ] [ 1 ] [ 1901 1480 1860 ] [    0    0    0 ] [      0      0      0 ] [ 0 ],drive [ 06 ] [ 0 ] [ 1901 1482 1863 ] [    0   57   22 ] [  13060   5122   8344 ] [ 0 ],1.10,1.30,1.30,1.10,-29.35,12.21,0.00,0.00,0.00,0.00,0.00,-0.00,-0.00,0.00,0.00,0.00,0.00,0.00,0.00,0.00,0.00,0
3.65366,-27,11,204,0,DRIVE [ 07 ] [ 1 ] [ 1901 1477 1858 ] [    0    0    0 ] [      0      0      0 ] [ 0 ],drive [ 06 ] [ 0 ] [ 1901 1480 1860 ] [    0   57   22 ] [  13060   5122   8344 ] [ 0 ],1.10,1.30,1.30,1.10,-29.51,11.93,0.00,0.00,0.00,0.00,0.00,-0.00,-0.00,0.00,0.00,0.00,0.00,0.00,0.00,0.00,0.00,0
3.66472,-27,10,200,0,DRIVE [ 07 ] [ 1 ] [ 1901 1474 1854 ] [    0    0    0 ] [      0      0      0 ] [ 0 ],drive [ 07 ] [ 0 ] [ 1901 1477 1858 ] [    0   63   24 ] [  13060   5122   8344 ] [ 0 ],1.10,1.30,1.30,1.10,-29.73,11.48,0.00,0.00,0.00,0.00,0.00,-0.00,-0.00,0.00,0.00,0.00,0.00,0.00,0.00,0.00,0.00,0
3.67524,-27,10,198,0,DRIVE [ 08 ] [ 1 ] [ 1901 1472 1850 ] [    0    0    0 ] [      0      0      0 ] [ 0 ],drive [ 07 ] [ 0 ] [ 1901 1474 1854 ] [    0   63   24 ] [  13060   5122   8344 ] [ 0 ],1.10,1.30,1.30,1.10,-29.87,11.04,0.00,0.00,0.00,0.00,0.00,-0.00,-0.00,0.00,0.00,0.00,0.00,0.00,0.00,0.00,0.00,0
3.68627,-27,10,195,0,DRIVE [ 08 ] [ 1 ] [ 1901 1472 1846 ] [    0    0    0 ] [      0      0      0 ] [ 0 ],drive [ 08 ] [ 0 ] [ 1901 1472 1850 ] [    0   63   24 ] [  13060   5122   8344 ] [ 0 ],1.10,1.30,1.30,1.10,-29.83,10.52,0.00,0.00,0.00,0.00,0.00,-0.00,-0.00,0.00,0.00,0.00,0.00,0.00,0.00,0.00,0.00,0
3.69806,-27,9,192,0,DRIVE [ 09 ] [ 1 ] [ 1901 1472 1844 ] [    0    0    0 ] [      0      0      0 ] [ 0 ],drive [ 08 ] [ 0 ] [ 1901 1472 1846 ] [    0   63   24 ] [  13059   5264   8345 ] [ 0 ],1.10,1.30,1.30,1.10,-29.68,10.11,0.00,0.00,0.00,0.00,0.00,-0.00,-0.00,0.00,0.00,0.00,0.00,0.00,0.00,0.00,0.00,0
3.70847,-27,9,190,0,DRIVE [ 09 ] [ 1 ] [ 1901 1474 1841 ] [    0    0    0 ] [      0      0      0 ] [ 0 ],drive [ 09 ] [ 0 ] [ 1901 1472 1844 ] [    2   43   26 ] [  13059   5264   8345 ] [ 0 ],1.10,1.30,1.30,1.10,-29.46,9.69,0.00,0.00,0.00,0.00,0.00,-0.00,-0.00,0.00,0.00,0.00,0.00,0.00,0.00,0.00,0.00,0
3.71938,-26,8,187,0,DRIVE [ 10 ] [ 1 ] [ 1901 1477 1839 ] [    0    0    0 ] [      0      0      0 ] [ 0 ],drive [ 09 ] [ 0 ] [ 1901 1474 1841 ] [    2   43   26 ] [  13059   5264   8345 ] [ 0 ],1.10,1.30,1.30,1.10,-29.09,9.23,0.00,0.00,0.00,0.00,0.00,-0.00,-0.00,0.00,0.00,0.00,0.00,0.00,0.00,0.00,0.00,0
3.73028,-26,8,185,0,DRIVE [ 10 ] [ 1 ] [ 1901 1482 1837 ] [    0    0    0 ] [      0      0      0 ] [ 0 ],drive [ 10 ] [ 0 ] [ 1901 1477 1839 ] [    2   43   26 ] [  13059   5264   8345 ] [ 0 ],1.10,1.30,1.30,1.10,-28.67,8.69,0.00,0.00,0.00,0.00,0.00,-0.00,-0.00,0.00,0.00,0.00,0.00,0.00,0.00,0.00,0.00,0
3.74069,-26,7,183,0,DRIVE [ 11 ] [ 1 ] [ 1901 1488 1834 ] [    0    0    0 ] [      0      0      0 ] [ 0 ],drive [ 10 ] [ 0 ] [ 1901 1482 1837 ] [    2   43   26 ] [  13036   5312   8346 ] [ 0 ],1.10,1.30,1.30,1.10,-28.20,8.14,0.00,0.00,0.00,0.00,0.00,-0.00,-0.00,0.00,0.00,0.00,0.00,0.00,0.00,0.00,0.00,0
3.75171,-25,7,180,0,DRIVE [ 11 ] [ 1 ] [ 1901 1493 1832 ] [    0    0    0 ] [      0      0      0 ] [ 0 ],drive [ 11 ] [ 0 ] [ 1901 1488 1834 ] [    2   43   26 ] [  13036   5312   8346 ] [ 0 ],1.10,1.30,1.30,1.10,-27.81,7.58,0.00,0.00,0.00,0.00,0.00,-0.00,-0.00,0.00,0.00,0.00,0.00,0.00,0.00,0.00,0.00,0
3.76219,-25,6,177,0,DRIVE [ 12 ] [ 1 ] [ 1901 1499 1828 ] [    0    0    0 ] [      0      0      0 ] [ 0 ],drive [ 11 ] [ 0 ] [ 1901 1493 1832 ] [   11   42   28 ] [  13036   5312   8346 ] [ 0 ],1.10,1.30,1.30,1.10,-27.36,6.98,0.00,0.00,0.00,0.00,0.00,-0.00,-0.00,0.00,0.00,0.00,0.00,0.00,0.00,0.00,0.00,0
3.77315,-24,6,175,0,DRIVE [ 12 ] [ 1 ] [ 1901 1505 1826 ] [    0    0    0 ] [      0      0      0 ] [ 0 ],drive [ 12 ] [ 0 ] [ 1901 1499 1828 ] [   11   42   28 ] [  13036   5312   8346 ] [ 0 ],1.10,1.30,1.30,1.10,-26.94,6.40,0.00,0.00,0.00,0.00,0.00,-0.00,-0.00,0.00,0.00,0.00,0.00,0.00,0.00,0.00,0.00,0
3.78386,-24,5,173,0,DRIVE [ 13 ] [ 1 ] [ 1901 1512 1823 ] [    0    0    0 ] [      0      0      0 ] [ 0 ],drive [ 12 ] [ 0 ] [ 1901 1505 1826 ] [   11   42   28 ] [  13036   5312   8346 ] [ 0 ],1.10,1.30,1.30,1.10,-26.43,5.85,0.00,0.00,0.00,0.00,0.00,-0.00,-0.00,0.00,0.00,0.00,0.00,0.00,0.00,0.00,0.00,0
3.79449,-23,5,171,0,DRIVE [ 13 ] [ 1 ] [ 1901 1521 1821 ] [    0    0    0 ] [      0      0      0 ] [ 0 ],drive [ 13 ] [ 0 ] [ 1901 1512 1823 ] [   11   42   28 ] [  13006   5366   8346 ] [ 0 ],1.10,1.30,1.30,1.10,-25.82,5.21,0.00,0.00,0.00,0.00,0.00,-0.00,-0.00,0.00,0.00,0.00,0.00,0.00,0.00,0.00,0.00,0
3.80459,-23,4,169,0,DRIVE [ 14 ] [ 1 ] [ 1901 1532 1818 ] [    0    0    0 ] [      0      0      0 ] [ 0 ],drive [ 13 ] [ 0 ] [ 1901 1521 1821 ] [   27   56   28 ] [  13006   5366   8346 ] [ 0 ],1.10,1.30,1.30,1.10,-25.08,4.56,0.00,0.00,0.00,0.00,0.00,-0.00,-0.00,0.00,0.00,0.00,0.00,0.00,0.00,0.00,0.00,0
3.81464,-22,4,167,0,DRIVE [ 14 ] [ 1 ] [ 1901 1545 1817 ] [    0    0    0 ] [      0      0      0 ] [ 0 ],drive [ 14 ] [ 0 ] [ 1901 1532 1818 ] [   27   56   28 ] [  13006   5366   8346 ] [ 0 ],1.10,1.30,1.30,1.10,-24.23,3.92,0.00,0.00,0.00,0.00,0.00,-0.00,-0.00,0.00,0.00,0.00,0.00,0.00,0.00,-0.00,0.00,0
3.82547,-21,3,165,0,DRIVE [ 15 ] [ 1 ] [ 1901 1559 1815 ] [    0    0    0 ] [      0      0      0 ] [ 0 ],drive [ 14 ] [ 0 ] [ 1901 1545 1817 ] [   27   56   28 ] [  13006   5366   8346 ] [ 0 ],1.10,1.30,1.30,1.10,-23.30,3.22,0.00,0.00,0.00,0.00,0.00,-0.00,-0.00,0.00,0.00,0.00,0.00,0.00,0.00,-0.00,0.00,0
3.83615,-20,2,162,0,DRIVE [ 15 ] [ 1 ] [ 1901 1574 1812 ] [    0    0    0 ] [      0      0      0 ] [ 0 ],drive [ 15 ] [ 0 ] [ 1901 1559 1815 ] [   27   56   28 ] [  13006   5366   8346 ] [ 0 ],1.10,1.30,1.30,1.10,-22.35,2.46,0.00,0.00,0.00,0.00,0.00,-0.00,-0.00,0.00,0.00,0.00,0.00,0.00,0.00,-0.00,0.00,0
3.8468,-19,2,161,0,DRIVE [ 16 ] [ 1 ] [ 1901 1591 1810 ] [    0    0    0 ] [      0      0      0 ] [ 0 ],drive [ 15 ] [ 0 ] [ 1901 1574 1812 ] [   27   56   28 ] [  12971   5412   8347 ] [ 0 ],1.10,1.30,1.30,1.10,-21.37,1.68,0.00,0.00,0.00,0.00,0.00,-0.00,-0.00,0.00,0.00,0.00,0.00,0.00,0.00,-0.00,0.00,0
3.85669,-19,1,159,0,DRIVE [ 16 ] [ 1 ] [ 1901 1608 1808 ] [    0    0    0 ] [      0      0      0 ] [ 0 ],drive [ 16 ] [ 0 ] [ 1901 1591 1810 ] [   19   40   28 ] [  12971   5412   8347 ] [ 0 ],1.10,1.30,1.30,1.10,-20.36,0.90,0.00,0.00,0.00,0.00,0.00,-0.00,-0.00,0.00,0.00,0.00,0.00,0.00,0.00,-0.00,0.00,0
3.86714,-18,0,158,0,DRIVE [ 17 ] [ 1 ] [ 1901 1626 1806 ] [    0    0    0 ] [      0      0      0 ] [ 0 ],drive [ 16 ] [ 0 ] [ 1901 1608 1808 ] [   19   40   28 ] [  12971   5412   8347 ] [ 0 ],1.10,1.30,1.30,1.10,-19.34,0.09,0.00,0.00,0.00,0.00,0.00,-0.00,-0.00,0.00,0.00,0.00,0.00,0.00,0.00,-0.00,0.00,0
3.87675,-17,-1,156,0,DRIVE [ 17 ] [ 1 ] [ 1901 1645 1801 ] [    0    0    0 ] [      0      0      0 ] [ 0 ],drive [ 17 ] [ 0 ] [ 1901 1626 1806 ] [   19   40   28 ] [  12971   5412   8347 ] [ 0 ],1.10,1.30,1.30,1.10,-18.31,-0.92,0.00,0.00,0.00,0.00,0.00,-0.00,-0.00,0.00,0.00,0.00,0.00,0.00,0.00,0.00,0.00,0
3.88735,-16,-1,154,0,DRIVE [ 18 ] [ 1 ] [ 1901 1665 1796 ] [    0    0    0 ] [      0      0      0 ] [ 0 ],drive [ 17 ] [ 0 ] [ 1901 1645 1801 ] [   19   40   28 ] [  12971   5412   8347 ] [ 0 ],1.10,1.30,1.30,1.10,-17.22,-1.94,0.00,0.00,0.00,0.00,0.00,-0.00,-0.00,0.00,0.00,0.00,0.00,0.00,0.00,0.00,0.00,0
3.8977,-15,-2,152,0,DRIVE [ 18 ] [ 1 ] [ 1901 1685 1791 ] [    0    0    0 ] [      0      0      0 ] [ 0 ],drive [ 18 ] [ 0 ] [ 1901 1665 1796 ] [   19   40   28 ] [  12970   5412   8348 ] [ 0 ],1.10,1.30,1.30,1.10,-16.12,-2.96,0.00,0.00,0.00,0.00,0.00,-0.00,-0.00,0.00,0.00,0.00,0.00,0.00,0.00,0.00,0.00,0
3.9076,-14,-3,151,0,DRIVE [ 19 ] [ 1 ] [ 1901 1704 1785 ] [    0    0    0 ] [      0      0      0 ] [ 0 ],drive [ 18 ] [ 0 ] [ 1901 1685 1791 ] [   19   33   30 ] [  12970   5412   8348 ] [ 0 ],1.10,1.30,1.30,1.10,-14.99,-4.00,0.00,0.00,0.00,0.00,0.00,-0.00,-0.00,0.00,0.00,0.00,0.00,0.00,0.00,0.00,0.00,0
3.91797,-13,-4,149,0,DRIVE [ 19 ] [ 1 ] [ 1901 1723 1779 ] [    0    0    0 ] [      0      0      0 ] [ 0 ],drive [ 19 ] [ 0 ] [ 1901 1704 1785 ] [   19   33   30 ] [  12970   5412   8348 ] [ 0 ],1.10,1.30,1.30,1.10,-13.81,-4.98,0.00,0.00,0.00,0.00,0.00,-0.00,-0.00,0.00,0.00,0.00,0.00,0.00,0.00,0.00,0.00,0
3.92807,-12,-5,147,0,DRIVE [ 20 ] [ 1 ] [ 1901 1740 1771 ] [    0    0    0 ] [      0      0      0 ] [ 0 ],drive [ 19 ] [ 0 ] [ 1901 1723 1779 ] [   19   33   30 ] [  12970   5412   8348 ] [ 0 ],1.10,1.30,1.30,1.10,-12.69,-5.96,0.00,0.00,0.00,0.00,0.00,-0.00,-0.00,0.00,0.00,0.00,0.00,0.00,0.00,0.00,0.00,0
3.93785,-10,-5,146,0,DRIVE [ 20 ] [ 1 ] [ 1901 1757 1763 ] [    0    0    0 ] [      0      0      0 ] [ 0 ],drive [ 20 ] [ 0 ] [ 1901 1740 1771 ] [   19   33   30 ] [  12970   5403   8349 ] [ 0 ],1.10,1.30,1.30,1.10,-11.55,-6.94,0.00,0.00,0.00,0.00,0.00,-0.00,-0.00,0.00,0.00,0.00,0.00,0.00,0.00,0.00,0.00,0
3.94777,-9,-6,144,0,DRIVE [ 21 ] [ 1 ] [ 1901 1773 1753 ] [    0    0    0 ] [      0      0      0 ] [ 0 ],drive [ 20 ] [ 0 ] [ 1901 1757 1763 ] [   19   33   30 ] [  12970   5403   8349 ] [ 0 ],1.10,1.30,1.30,1.10,-10.40,-7.84,0.00,0.00,0.00,0.00,0.00,-0.00,-0.00,0.00,0.00,0.00,0.00,0.00,0.00,0.00,0.00,0
3.95849,-8,-7,143,0,DRIVE [ 21 ] [ 1 ] [ 1901 1788 1743 ] [    0    0    0 ] [      0      0      0 ] [ 0 ],drive [ 21 ] [ 0 ] [ 1901 1773 1753 ] [   16   30   32 ] [  12970   5403   8349 ] [ 0 ],1.10,1.30,1.30,1.10,-9.20,-8.68,0.00,0.00,0.00,0.00,0.00,-0.00,-0.00,0.00,0.00,0.00,0.00,0.00,0.00,0.00,0.00,0
3.9687,-7,-7,142,0,DRIVE [ 22 ] [ 1 ] [ 1901 1802 1730 ] [    0    0    0 ] [      0      0      0 ] [ 0 ],drive [ 21 ] [ 0 ] [ 1901 1788 1743 ] [   16   30   32 ] [  12970   5403   8349 ] [ 0 ],1.10,1.30,1.30,1.10,-8.00,-9.55,0.00,0.00,0.00,0.00,0.00,-0.00,-0.00,0.00,0.00,0.00,0.00,0.00,0.00,0.00,0.00,0
3.97879,-6,-8,140,0,DRIVE [ 22 ] [ 1 ] [ 1901 1816 1718 ] [    0    0    0 ] [      0      0      0 ] [ 0 ],drive [ 22 ] [ 0 ] [ 1901 1802 1730 ] [   16   30   32 ] [  12970   5403   8349 ] [ 0 ],1.10,1.30,1.30,1.10,-6.80,-10.21,0.00,0.00,0.00,0.00,0.00,-0.00,-0.00,0.00,0.00,0.00,0.00,0.00,0.00,0.00,0.00,0
3.98844,-5,-8,138,0,DRIVE [ 23 ] [ 1 ] [ 1901 1827 1705 ] [    0    0    0 ] [      0      0      0 ] [ 0 ],drive [ 22 ] [ 0 ] [ 1901 1816 1718 ] [   16   30   32 ] [  12962   5358   8367 ] [ 0 ],1.10,1.30,1.30,1.10,-5.69,-10.78,0.00,0.00,0.00,0.00,0.00,-0.00,-0.00,0.00,0.00,0.00,0.00,0.00,0.00,0.00,0.00,0
3.99877,-4,-9,137,0,DRIVE [ 23 ] [ 1 ] [ 1901 1838 1691 ] [    0    0    0 ] [      0      0      0 ] [ 0 ],drive [ 23 ] [ 0 ] [ 1901 1827 1705 ] [   16   30   32 ] [  12962   5358   8367 ] [ 0 ],1.10,1.30,1.30,1.10,-4.63,-11.30,0.00,0.00,0.00,0.00,0.00,-0.00,-0.00,0.00,0.00,0.00,0.00,0.00,0.00,0.00,0.00,0
4.0104,-3,-9,136,0,DRIVE [ 24 ] [ 1 ] [ 1901 1848 1675 ] [    0    0    0 ] [      0      0      0 ] [ 0 ],drive [ 23 ] [ 0 ] [ 1901 1838 1691 ] [   13   28   28 ] [  12962   5358   8367 ] [ 0 ],1.10,1.30,1.30,1.10,-3.63,-11.83,0.00,0.00,0.00,0.00,0.00,-0.00,-0.00,0.00,0.00,0.00,0.00,0.00,0.00,0.00,0.00,0
4.0234,-2,-9,134,0,DRIVE [ 24 ] [ 1 ] [ 1901 1857 1658 ] [    0    0    0 ] [      0      0      0 ] [ 0 ],drive [ 24 ] [ 0 ] [ 1901 1848 1675 ] [   13   28   28 ] [  12962   5358   8367 ] [ 0 ],1.10,1.30,1.30,1.10,-2.74,-12.29,0.00,0.00,0.00,0.00,0.00,-0.00,-0.00,0.00,0.00,0.00,0.00,0.00,0.00,0.00,0.00,0
4.0336,-2,-10,133,0,DRIVE [ 25 ] [ 1 ] [ 1901 1865 1643 ] [    0    0    0 ] [      0      0      0 ] [ 0 ],drive [ 24 ] [ 0 ] [ 1901 1857 1658 ] [   13   28   28 ] [  12962   5358   8367 ] [ 0 ],1.10,1.30,1.30,1.10,-1.89,-12.64,0.00,0.00,0.00,0.00,0.00,-0.00,-0.00,0.00,0.00,0.00,0.00,0.00,0.00,0.00,0.00,0
4.04392,-1,-10,131,0,DRIVE [ 25 ] [ 1 ] [ 1901 1874 1628 ] [    0    0    0 ] [      0      0      0 ] [ 0 ],drive [ 25 ] [ 0 ] [ 1901 1865 1643 ] [   13   28   28 ] [  12962   5339   8390 ] [ 0 ],1.10,1.30,1.30,1.10,-1.09,-12.89,0.00,0.00,0.00,0.00,0.00,-0.00,-0.00,0.00,0.00,0.00,0.00,0.00,0.00,0.00,0.00,0
4.05384,0,-10,130,0,DRIVE [ 26 ] [ 1 ] [ 1901 1881 1613 ] [    0    0    0 ] [      0      0      0 ] [ 0 ],drive [ 25 ] [ 0 ] [ 1901 1874 1628 ] [   12   16   25 ] [  12962   5339   8390 ] [ 0 ],1.10,1.30,1.30,1.10,-0.32,-13.14,0.00,0.00,0.00,0.00,0.00,-0.00,-0.00,0.00,0.00,0.00,0.00,0.00,0.00,0.00,0.00,0
4.06736,0,-10,128,0,DRIVE [ 26 ] [ 1 ] [ 1900 1881 1608 ] [    0    0    0 ] [      0      0      0 ] [ 0 ],drive [ 26 ] [ 0 ] [ 1901 1881 1613 ] [   12   16   25 ] [  12962   5339   8390 ] [ 0 ],1.10,1.30,1.30,1.10,0.46,-13.28,0.00,0.00,0.00,0.00,0.00,-0.00,-0.00,0.00,0.00,0.00,0.00,0.00,0.00,0.00,0.00,0
4.07795,1,-10,127,0,DRIVE [ 27 ] [ 1 ] [ 1892 1881 1608 ] [    0    0    0 ] [      0      0      0 ] [ 0 ],drive [ 26 ] [ 0 ] [ 1900 1881 1608 ] [   12   16   25 ] [  12962   5339   8390 ] [ 0 ],1.10,1.30,1.30,1.10,1.25,-13.45,0.00,0.00,0.00,0.00,0.00,-0.00,-0.00,0.00,0.00,0.00,0.00,0.00,0.00,0.00,0.00,0
4.08857,1,-10,126,0,DRIVE [ 27 ] [ 1 ] [ 1885 1881 1608 ] [    0    0    0 ] [      0      0      0 ] [ 0 ],drive [ 27 ] [ 0 ] [ 1892 1881 1608 ] [   12   16   25 ] [  12962   5237   8445 ] [ 0 ],1.10,1.30,1.30,1.10,1.91,-13.56,0.00,0.00,0.00,0.00,0.00,-0.00,-0.00,0.00,0.00,0.00,0.00,0.00,0.00,0.00,0.00,0
4.09878,2,-10,124,0,DRIVE [ 28 ] [ 1 ] [ 1879 1881 1609 ] [    0    0    0 ] [      0      0      0 ] [ 0 ],drive [ 27 ] [ 0 ] [ 1885 1881 1608 ] [   12   16   25 ] [  12962   5237   8445 ] [ 0 ],1.10,1.30,1.30,1.10,2.41,-13.51,0.00,0.00,0.00,0.00,0.00,-0.00,-0.00,0.00,0.00,0.00,0.00,0.00,0.00,0.00,0.00,0
4.10996,2,-10,123,0,DRIVE [ 28 ] [ 1 ] [ 1874 1881 1612 ] [    0    0    0 ] [      0      0      0 ] [ 0 ],drive [ 28 ] [ 0 ] [ 1879 1881 1609 ] [   13    9   27 ] [  12962   5237   8445 ] [ 0 ],1.10,1.30,1.30,1.10,2.85,-13.39,0.00,0.00,0.00,0.00,0.00,-0.00,-0.00,0.00,0.00,0.00,0.00,0.00,0.00,0.00,0.00,0
4.12223,2,-10,122,0,DRIVE [ 29 ] [ 1 ] [ 1870 1881 1609 ] [    0    0    0 ] [      0      0      0 ] [ 0 ],drive [ 28 ] [ 0 ] [ 1874 1881 1612 ] [   13    9   27 ] [  12962   5237   8445 ] [ 0 ],1.10,1.30,1.30,1.10,3.20,-13.50,0.00,0.00,0.00,0.00,0.00,-0.00,-0.00,0.00,0.00,0.00,0.00,0.00,0.00,0.00,0.00,0
4.1342,3,-11,121,0,DRIVE [ 29 ] [ 1 ] [ 1866 1881 1603 ] [    0    0    0 ] [      0      0      0 ] [ 0 ],drive [ 29 ] [ 0 ] [ 1870 1881 1609 ] [   13    9   27 ] [  12962   5237   8445 ] [ 0 ],1.10,1.30,1.30,1.10,3.50,-13.70,0.00,0.00,0.00,0.00,0.00,-0.00,-0.00,0.00,0.00,0.00,0.00,0.00,0.00,0.00,0.00,0
4.14568,3,-11,120,0,DRIVE [ 30 ] [ 1 ] [ 1863 1881 1593 ] [    0    0    0 ] [      0      0      0 ] [ 0 ],drive [ 29 ] [ 0 ] [ 1866 1881 1603 ] [   13    9   27 ] [  12962   5147   8507 ] [ 0 ],1.10,1.30,1.30,1.10,3.77,-14.07,0.00,0.00,0.00,0.00,0.00,-0.00,-0.00,0.00,0.00,0.00,0.00,0.00,0.00,0.00,0.00,0
4.15609,3,-11,119,0,DRIVE [ 30 ] [ 1 ] [ 1860 1881 1580 ] [    0    0    0 ] [      0      0      0 ] [ 0 ],drive [ 30 ] [ 0 ] [ 1863 1881 1593 ] [   16   25   27 ] [  12962   5147   8507 ] [ 0 ],1.10,1.30,1.30,1.10,3.99,-14.55,0.00,0.00,0.00,0.00,0.00,-0.00,-0.00,0.00,0.00,0.00,0.00,0.00,0.00,0.00,0.00,0
4.16659,3,-12,117,0,DRIVE [ 31 ] [ 1 ] [ 1858 1881 1562 ] [    0    0    0 ] [      0      0      0 ] [ 0 ],drive [ 30 ] [ 0 ] [ 1860 1881 1580 ] [   16   25   27 ] [  12962   5147   8507 ] [ 0 ],1.10,1.30,1.30,1.10,4.12,-15.17,0.00,0.00,0.00,0.00,0.00,-0.00,-0.00,0.00,0.00,0.00,0.00,0.00,0.00,0.00,0.00,0
4.17806,3,-12,116,0,DRIVE [ 31 ] [ 1 ] [ 1856 1881 1543 ] [    0    0    0 ] [      0      0      0 ] [ 0 ],drive [ 31 ] [ 0 ] [ 1858 1881 1562 ] [   16   25   27 ] [  12962   5147   8507 ] [ 0 ],1.10,1.30,1.30,1.10,4.22,-15.87,0.00,0.00,0.00,0.00,0.00,-0.00,-0.00,0.00,0.00,0.00,0.00,0.00,0.00,0.00,0.00,0
4.19142,3,-13,115,0,DRIVE [ 32 ] [ 1 ] [ 1856 1881 1524 ] [    0    0    0 ] [      0      0      0 ] [ 0 ],drive [ 31 ] [ 0 ] [ 1856 1881 1543 ] [   16   25   27 ] [  12964   5147   8509 ] [ 0 ],1.10,1.30,1.30,1.10,4.23,-16.54,0.00,0.00,0.00,0.00,0.00,-0.00,-0.00,0.00,0.00,0.00,0.00,0.00,0.00,0.00,0.00,0
4.2021,3,-13,115,0,DRIVE [ 32 ] [ 1 ] [ 1855 1881 1506 ] [    0    0    0 ] [      0      0      0 ] [ 0 ],drive [ 32 ] [ 0 ] [ 1856 1881 1524 ] [   16   25   27 ] [  12964   5147   8509 ] [ 0 ],1.10,1.30,1.30,1.10,4.25,-17.17,0.00,0.00,0.00,0.00,0.00,-0.00,-0.00,0.00,0.00,0.00,0.00,0.00,0.00,0.00,0.00,0
4.21533,3,-14,114,0,DRIVE [ 33 ] [ 1 ] [ 1856 1881 1491 ] [    0    0    0 ] [      0      0      0 ] [ 0 ],drive [ 32 ] [ 0 ] [ 1855 1881 1506 ] [   18   25   40 ] [  12964   5147   8509 ] [ 0 ],1.10,1.30,1.30,1.10,4.19,-17.63,0.00,0.00,0.00,0.00,0.00,-0.00,-0.00,0.00,0.00,0.00,0.00,0.00,0.00,0.00,0.00,0
4.22575,3,-14,113,0,DRIVE [ 33 ] [ 1 ] [ 1856 1881 1476 ] [    0    0    0 ] [      0      0      0 ] [ 0 ],drive [ 33 ] [ 0 ] [ 1856 1881 1491 ] [   18   25   40 ] [  12964   5147   8509 ] [ 0 ],1.10,1.30,1.30,1.10,4.09,-18.06,0.00,0.00,0.00,0.00,0.00,-0.00,-0.00,0.00,0.00,0.00,0.00,0.00,0.00,0.00,0.00,0
4.23648,3,-14,112,0,DRIVE [ 34 ] [ 1 ] [ 1857 1881 1467 ] [    0    0    0 ] [      0      0      0 ] [ 0 ],drive [ 33 ] [ 0 ] [ 1856 1881 1476 ] [   18   25   40 ] [  12964   5147   8509 ] [ 0 ],1.10,1.30,1.30,1.10,3.98,-18.26,0.00,0.00,0.00,0.00,0.00,-0.00,-0.00,0.00,0.00,0.00,0.00,0.00,0.00,0.00,0.00,0
4.24684,3,-14,111,0,DRIVE [ 34 ] [ 1 ] [ 1859 1881 1460 ] [    0    0    0 ] [      0      0      0 ] [ 0 ],drive [ 34 ] [ 0 ] [ 1857 1881 1467 ] [   18   25   40 ] [  12963   5147   8632 ] [ 0 ],1.10,1.30,1.30,1.10,3.83,-18.35,0.00,0.00,0.00,0.00,0.00,-0.00,-0.00,0.00,0.00,0.00,0.00,0.00,0.00,0.00,0.00,0
4.25768,3,-14,110,0,DRIVE [ 35 ] [ 1 ] [ 1861 1881 1451 ] [    0    0    0 ] [      0      0      0 ] [ 0 ],drive [ 34 ] [ 0 ] [ 1859 1881 1460 ] [   17   25   44 ] [  12963   5147   8632 ] [ 0 ],1.10,1.30,1.30,1.10,3.66,-18.54,0.00,0.00,0.00,0.00,0.00,-0.00,-0.00,0.00,0.00,0.00,0.00,0.00,0.00,0.00,0.00,0
4.26972,3,-14,109,0,DRIVE [ 35 ] [ 1 ] [ 1862 1881 1442 ] [    0    0    0 ] [      0      0      0 ] [ 0 ],drive [ 35 ] [ 0 ] [ 1861 1881 1451 ] [   17   25   44 ] [  12963   5147   8632 ] [ 0 ],1.10,1.30,1.30,1.10,3.51,-18.73,0.00,0.00,0.00,0.00,0.00,-0.00,-0.00,0.00,0.00,0.00,0.00,0.00,0.00,0.00,0.00,0
4.27898,2,-15,108,0,DRIVE [ 36 ] [ 1 ] [ 1865 1881 1431 ] [    0    0    0 ] [      0      0      0 ] [ 0 ],drive [ 35 ] [ 0 ] [ 1862 1881 1442 ] [   17   25   44 ] [  12963   5147   8632 ] [ 0 ],1.10,1.30,1.30,1.10,3.24,-18.92,0.00,0.00,0.00,0.00,0.00,-0.00,-0.00,0.00,0.00,0.00,0.00,0.00,0.00,0.00,0.00,0
4.28989,2,-15,108,0,DRIVE [ 36 ] [ 1 ] [ 1870 1881 1421 ] [    0    0    0 ] [      0      0      0 ] [ 0 ],drive [ 36 ] [ 0 ] [ 1865 1881 1431 ] [   17   25   44 ] [  12963   5147   8632 ] [ 0 ],1.10,1.30,1.30,1.10,2.89,-19.10,0.00,0.00,0.00,0.00,0.00,-0.00,-0.00,0.00,0.00,0.00,0.00,0.00,0.00,0.00,0.00,0
4.3019,2,-15,107,0,DRIVE [ 37 ] [ 1 ] [ 1874 1881 1407 ] [    0    0    0 ] [      0      0      0 ] [ 0 ],drive [ 36 ] [ 0 ] [ 1870 1881 1421 ] [   17   25   44 ] [  12963   5147   8632 ] [ 0 ],1.10,1.30,1.30,1.10,2.51,-19.37,0.00,0.00,0.00,0.00,0.00,-0.00,-0.00,0.00,0.00,0.00,0.00,0.00,0.00,0.00,0.00,0
4.31387,2,-15,106,0,DRIVE [ 37 ] [ 1 ] [ 1879 1881 1392 ] [    0    0    0 ] [      0      0      0 ] [ 0 ],drive [ 37 ] [ 0 ] [ 1874 1881 1407 ] [   17   25   52 ] [  12963   5147   8632 ] [ 0 ],1.10,1.30,1.30,1.10,2.06,-19.65,0.00,0.00,0.00,0.00,0.00,-0.00,-0.00,0.00,0.00,0.00,0.00,0.00,0.00,0.00,0.00,0
4.32549,1,-15,106,0,DRIVE [ 38 ] [ 1 ] [ 1885 1881 1380 ] [    0    0    0 ] [      0      0      0 ] [ 0 ],drive [ 37 ] [ 0 ] [ 1879 1881 1392 ] [   17   25   52 ] [  12963   5147   8632 ] [ 0 ],1.10,1.30,1.30,1.10,1.61,-19.83,0.00,0.00,0.00,0.00,0.00,-0.00,-0.00,0.00,0.00,0.00,0.00,0.00,0.00,0.00,0.00,0
4.33786,1,-15,105,0,DRIVE [ 38 ] [ 1 ] [ 1892 1881 1369 ] [    0    0    0 ] [      0      0      0 ] [ 0 ],drive [ 38 ] [ 0 ] [ 1885 1881 1380 ] [   17   25   52 ] [  12963   5147   8632 ] [ 0 ],1.10,1.30,1.30,1.10,1.08,-19.90,0.00,0.00,0.00,0.00,0.00,-0.00,-0.00,0.00,0.00,0.00,0.00,0.00,0.00,0.00,0.00,0
4.34743,0,-15,104,0,DRIVE [ 39 ] [ 1 ] [ 1900 1881 1362 ] [    0    0    0 ] [      0      0      0 ] [ 0 ],drive [ 38 ] [ 0 ] [ 1892 1881 1369 ] [   17   25   52 ] [  12958   5144   8730 ] [ 0 ],1.10,1.30,1.30,1.10,0.45,-19.72,0.00,0.00,0.00,0.00,0.00,-0.00,-0.00,0.00,0.00,0.00,0.00,0.00,0.00,0.00,0.00,0
4.358,0,-15,104,0,DRIVE [ 39 ] [ 1 ] [ 1900 1883 1363 ] [    0    0    0 ] [      0      0      0 ] [ 0 ],drive [ 39 ] [ 0 ] [ 1900 1881 1362 ] [    6   22   69 ] [  12958   5144   8730 ] [ 0 ],1.10,1.30,1.30,1.10,-0.16,-19.47,0.00,0.00,0.00,0.00,0.00,-0.00,-0.00,0.00,0.00,0.00,0.00,0.00,0.00,0.00,0.00,0
4.37004,-1,-15,103,0,DRIVE [ 40 ] [ 1 ] [ 1900 1876 1376 ] [    0    0    0 ] [      0      0      0 ] [ 0 ],drive [ 39 ] [ 0 ] [ 1900 1883 1363 ] [    6   22   69 ] [  12958   5144   8730 ] [ 0 ],1.10,1.30,1.30,1.10,-0.71,-19.07,0.00,0.00,0.00,0.00,0.00,-0.00,-0.00,0.00,0.00,0.00,0.00,0.00,0.00,0.00,0.00,0
4.38187,-1,-14,102,0,DRIVE [ 40 ] [ 1 ] [ 1900 1869 1395 ] [    0    0    0 ] [      0      0      0 ] [ 0 ],drive [ 40 ] [ 0 ] [ 1900 1876 1376 ] [    6   22   69 ] [  12958   5144   8730 ] [ 0 ],1.10,1.30,1.30,1.10,-1.23,-18.50,0.00,0.00,0.00,0.00,0.00,-0.00,-0.00,0.00,0.00,0.00,0.00,0.00,0.00,0.00,0.00,0
4.39363,-2,-14,101,0,DRIVE [ 41 ] [ 1 ] [ 1900 1862 1412 ] [    0    0    0 ] [      0      0      0 ] [ 0 ],drive [ 40 ] [ 0 ] [ 1900 1869 1395 ] [    6   22   69 ] [  12823   5116   8887 ] [ 0 ],1.10,1.30,1.30,1.10,-1.72,-17.94,0.00,0.00,0.00,0.00,0.00,-0.00,-0.00,0.00,0.00,0.00,0.00,0.00,0.00,0.00,0.00,0
4.40577,-2,-13,101,0,DRIVE [ 41 ] [ 1 ] [ 1900 1856 1429 ] [    0    0    0 ] [      0      0      0 ] [ 0 ],drive [ 41 ] [ 0 ] [ 1900 1862 1412 ] [   12   21   69 ] [  12823   5116   8887 ] [ 0 ],1.10,1.30,1.30,1.10,-2.20,-17.39,0.00,0.00,0.00,0.00,0.00,-0.00,-0.00,0.00,0.00,0.00,0.00,0.00,0.00,0.00,0.00,0
4.41502,-2,-13,100,0,DRIVE [ 42 ] [ 1 ] [ 1900 1848 1445 ] [    0    0    0 ] [      0      0      0 ] [ 0 ],drive [ 41 ] [ 0 ] [ 1900 1856 1429 ] [   12   21   69 ] [  12823   5116   8887 ] [ 0 ],1.10,1.30,1.30,1.10,-2.72,-16.90,0.00,0.00,0.00,0.00,0.00,-0.00,-0.00,0.00,0.00,0.00,0.00,0.00,0.00,0.00,0.00,0
4.42587,-3,-13,100,0,DRIVE [ 42 ] [ 1 ] [ 1900 1841 1463 ] [    0    0    0 ] [      0      0      0 ] [ 0 ],drive [ 42 ] [ 0 ] [ 1900 1848 1445 ] [   12   21   69 ] [  12823   5116   8887 ] [ 0 ],1.10,1.30,1.30,1.10,-3.24,-16.31,0.00,0.00,0.00,0.00,0.00,-0.00,-0.00,0.00,0.00,0.00,0.00,0.00,0.00,0.00,0.00,0
4.43812,-3,-12,99,0,DRIVE [ 43 ] [ 1 ] [ 1900 1833 1483 ] [    0    0    0 ] [      0      0      0 ] [ 0 ],drive [ 42 ] [ 0 ] [ 1900 1841 1463 ] [   12   21   69 ] [  12823   5116   8887 ] [ 0 ],1.10,1.30,1.30,1.10,-3.77,-15.67,0.00,0.00,0.00,0.00,0.00,-0.00,-0.00,0.00,0.00,0.00,0.00,0.00,0.00,0.00,0.00,0
4.44993,-4,-11,98,0,DRIVE [ 43 ] [ 1 ] [ 1900 1826 1504 ] [    0    0    0 ] [      0      0      0 ] [ 0 ],drive [ 43 ] [ 0 ] [ 1900 1833 1483 ] [   12   21   69 ] [  12806   5116   8929 ] [ 0 ],1.10,1.30,1.30,1.10,-4.26,-14.93,0.00,0.00,0.00,0.00,0.00,-0.00,-0.00,0.00,0.00,0.00,0.00,0.00,0.00,0.00,0.00,0
4.46202,-4,-11,98,0,DRIVE [ 44 ] [ 1 ] [ 1900 1820 1529 ] [    0    0    0 ] [      0      0      0 ] [ 0 ],drive [ 43 ] [ 0 ] [ 1900 1826 1504 ] [   12   24   49 ] [  12806   5116   8929 ] [ 0 ],1.10,1.30,1.30,1.10,-4.65,-14.07,0.00,0.00,0.00,0.00,0.00,-0.00,-0.00,0.00,0.00,0.00,0.00,0.00,0.00,0.00,0.00,0
4.47134,-5,-10,97,0,DRIVE [ 44 ] [ 1 ] [ 1900 1815 1557 ] [    0    0    0 ] [      0      0      0 ] [ 0 ],drive [ 44 ] [ 0 ] [ 1900 1820 1529 ] [   12   24   49 ] [  12806   5116   8929 ] [ 0 ],1.10,1.30,1.30,1.10,-4.97,-13.03,0.00,0.00,0.00,0.00,0.00,-0.00,-0.00,0.00,0.00,0.00,0.00,0.00,0.00,0.00,0.00,0
4.48189,-5,-9,97,0,DRIVE [ 45 ] [ 1 ] [ 1900 1810 1588 ] [    0    0    0 ] [      0      0      0 ] [ 0 ],drive [ 44 ] [ 0 ] [ 1900 1815 1557 ] [   12   24   49 ] [  12806   5116   8929 ] [ 0 ],1.10,1.30,1.30,1.10,-5.24,-11.90,0.00,0.00,0.00,0.00,0.00,-0.00,-0.00,0.00,0.00,0.00,0.00,0.00,0.00,0.00,0.00,0
4.49401,-5,-8,96,0,DRIVE [ 45 ] [ 1 ] [ 1900 1805 1620 ] [    0    0    0 ] [      0      0      0 ] [ 0 ],drive [ 45 ] [ 0 ] [ 1900 1810 1588 ] [   12   24   49 ] [  12806   5116   8945 ] [ 0 ],1.10,1.30,1.30,1.10,-5.49,-10.68,0.00,0.00,0.00,0.00,0.00,-0.00,-0.00,0.00,0.00,0.00,0.00,0.00,0.00,0.00,0.00,0
4.50647,-5,-7,95,0,DRIVE [ 46 ] [ 1 ] [ 1900 1801 1653 ] [    0    0    0 ] [      0      0      0 ] [ 0 ],drive [ 45 ] [ 0 ] [ 1900 1805 1620 ] [   13   27   33 ] [  12806   5116   8945 ] [ 0 ],1.10,1.30,1.30,1.10,-5.69,-9.40,0.00,0.00,0.00,0.00,0.00,-0.00,-0.00,0.00,0.00,0.00,0.00,0.00,0.00,0.00,0.00,0
4.51786,-5,-6,95,0,DRIVE [ 46 ] [ 1 ] [ 1900 1797 1686 ] [    0    0    0 ] [      0      0      0 ] [ 0 ],drive [ 46 ] [ 0 ] [ 1900 1801 1653 ] [   13   27   33 ] [  12806   5116   8945 ] [ 0 ],1.10,1.30,1.30,1.10,-5.85,-8.08,0.00,0.00,0.00,0.00,0.00,-0.00,-0.00,0.00,0.00,0.00,0.00,0.00,0.00,0.00,0.00,0
4.52976,-5,-5,94,0,DRIVE [ 47 ] [ 1 ] [ 1900 1793 1720 ] [    0    0    0 ] [      0      0      0 ] [ 0 ],drive [ 46 ] [ 0 ] [ 1900 1797 1686 ] [   13   27   33 ] [  12806   5116   8945 ] [ 0 ],1.10,1.30,1.30,1.10,-5.92,-6.71,0.00,0.00,0.00,0.00,0.00,-0.00,-0.00,0.00,0.00,0.00,0.00,0.00,0.00,0.00,0.00,0
4.53908,-5,-4,94,0,DRIVE [ 47 ] [ 1 ] [ 1900 1789 1752 ] [    0    0    0 ] [      0      0      0 ] [ 0 ],drive [ 47 ] [ 0 ] [ 1900 1793 1720 ] [   13   27   33 ] [  12805   5116   8937 ] [ 0 ],1.10,1.30,1.30,1.10,-5.92,-5.35,0.00,0.00,0.00,0.00,0.00,-0.00,-0.00,0.00,0.00,0.00,0.00,0.00,0.00,0.00,0.00,0
4.54953,-5,-3,93,0,DRIVE [ 48 ] [ 1 ] [ 1900 1786 1783 ] [    0    0    0 ] [      0      0      0 ] [ 0 ],drive [ 47 ] [ 0 ] [ 1900 1789 1752 ] [   13   27   33 ] [  12805   5116   8937 ] [ 0 ],1.10,1.30,1.30,1.10,-5.81,-3.98,0.00,0.00,0.00,0.00,0.00,-0.00,-0.00,0.00,0.00,0.00,0.00,0.00,0.00,0.00,0.00,0
4.56186,-5,-2,93,0,DRIVE [ 48 ] [ 1 ] [ 1900 1783 1812 ] [    0    0    0 ] [      0      0      0 ] [ 0 ],drive [ 48 ] [ 0 ] [ 1900 1786 1783 ] [   14   29   29 ] [  12805   5116   8937 ] [ 0 ],1.10,1.30,1.30,1.10,-5.62,-2.61,0.00,0.00,0.00,0.00,0.00,-0.00,-0.00,0.00,0.00,0.00,0.00,0.00,0.00,0.00,0.00,0
4.57397,-5,-1,92,0,DRIVE [ 49 ] [ 1 ] [ 1900 1777 1837 ] [    0    0    0 ] [      0      0      0 ] [ 0 ],drive [ 48 ] [ 0 ] [ 1900 1783 1812 ] [   14   29   29 ] [  12805   5116   8937 ] [ 0 ],1.10,1.30,1.30,1.10,-5.39,-1.29,0.00,0.00,0.00,0.00,0.00,-0.00,-0.00,0.00,0.00,0.00,0.00,0.00,0.00,0.00,0.00,0
4.58604,-5,0,92,0,DRIVE [ 49 ] [ 1 ] [ 1900 1767 1859 ] [    0    0    0 ] [      0      0      0 ] [ 0 ],drive [ 49 ] [ 0 ] [ 1900 1777 1837 ] [   14   29   29 ] [  12805   5116   8937 ] [ 0 ],1.10,1.30,1.30,1.10,-5.12,-0.02,0.00,0.00,0.00,0.00,0.00,-0.00,-0.00,0.00,0.00,0.00,0.00,0.00,0.00,0.00,0.00,0
4.59587,-4,1,91,0,DRIVE [ 50 ] [ 1 ] [ 1900 1756 1875 ] [    0    0    0 ] [      0      0      0 ] [ 0 ],drive [ 49 ] [ 0 ] [ 1900 1767 1859 ] [   14   29   29 ] [  12797   5116   8857 ] [ 0 ],1.10,1.30,1.30,1.10,-4.84,0.98,0.00,0.00,0.00,0.00,0.00,-0.00,-0.00,0.00,0.00,0.00,0.00,0.00,0.00,0.00,0.00,0
4.60563,-4,2,91,0,DRIVE [ 50 ] [ 1 ] [ 1900 1742 1889 ] [    0    0    0 ] [      0      0      0 ] [ 0 ],drive [ 50 ] [ 0 ] [ 1900 1756 1875 ] [   19   30   26 ] [  12797   5116   8857 ] [ 0 ],1.10,1.30,1.30,1.10,-4.57,1.86,0.00,0.00,0.00,0.00,0.00,-0.00,-0.00,0.00,0.00,0.00,0.00,0.00,0.00,0.00,0.00,0
4.61774,-4,2,90,0,DRIVE [ 51 ] [ 1 ] [ 1900 1726 1901 ] [    0    0    0 ] [      0      0      0 ] [ 0 ],drive [ 50 ] [ 0 ] [ 1900 1742 1889 ] [   19   30   26 ] [  12797   5116   8857 ] [ 0 ],1.10,1.30,1.30,1.10,-4.28,2.62,0.00,0.00,0.00,0.00,0.00,-0.00,-0.00,0.00,0.00,0.00,0.00,0.00,0.00,0.00,0.00,0
4.62988,-4,3,90,0,DRIVE [ 51 ] [ 1 ] [ 1897 1722 1901 ] [    0    0    0 ] [      0      0      0 ] [ 0 ],drive [ 51 ] [ 0 ] [ 1900 1726 1901 ] [   19   30   26 ] [  12797   5116   8857 ] [ 0 ],1.10,1.30,1.30,1.10,-3.99,3.36,0.00,0.00,0.00,0.00,0.00,-0.00,-0.00,0.00,0.00,0.00,0.00,0.00,0.00,0.00,0.00,0
4.64186,-3,4,89,0,DRIVE [ 52 ] [ 1 ] [ 1884 1726 1901 ] [    0    0    0 ] [      0      0      0 ] [ 0 ],drive [ 51 ] [ 0 ] [ 1897 1722 1901 ] [   19   30   26 ] [  12796   5120   8698 ] [ 0 ],1.10,1.30,1.30,1.10,-3.68,4.09,0.00,0.00,0.00,0.00,0.00,-0.00,-0.00,0.00,0.00,0.00,0.00,0.00,0.00,0.00,0.00,0
4.65415,-3,4,89,0,DRIVE [ 52 ] [ 1 ] [ 1870 1727 1901 ] [    0    0    0 ] [      0      0      0 ] [ 0 ],drive [ 52 ] [ 0 ] [ 1884 1726 1901 ] [   19   30   26 ] [  12796   5120   8698 ] [ 0 ],1.10,1.30,1.30,1.10,-3.34,4.80,0.00,0.00,0.00,0.00,0.00,-0.00,-0.00,0.00,0.00,0.00,0.00,0.00,0.00,0.00,0.00,0
4.66385,-3,5,88,0,DRIVE [ 53 ] [ 1 ] [ 1856 1728 1901 ] [    0    0    0 ] [      0      0      0 ] [ 0 ],drive [ 52 ] [ 0 ] [ 1870 1727 1901 ] [   19   40   26 ] [  12796   5120   8698 ] [ 0 ],1.10,1.30,1.30,1.10,-2.98,5.46,0.00,0.00,0.00,0.00,0.00,-0.00,-0.00,0.00,0.00,0.00,0.00,0.00,0.00,0.00,0.00,0
4.67328,-2,6,88,0,DRIVE [ 53 ] [ 1 ] [ 1842 1728 1901 ] [    0    0    0 ] [      0      0      0 ] [ 0 ],drive [ 53 ] [ 0 ] [ 1856 1728 1901 ] [   19   40   26 ] [  12796   5120   8698 ] [ 0 ],1.10,1.30,1.30,1.10,-2.61,6.07,0.00,0.00,0.00,0.00,0.00,-0.00,-0.00,0.00,0.00,0.00,0.00,0.00,0.00,0.00,0.00,0
4.686,-2,6,87,0,DRIVE [ 54 ] [ 1 ] [ 1827 1727 1901 ] [    0    0    0 ] [      0      0      0 ] [ 0 ],drive [ 53 ] [ 0 ] [ 1842 1728 1901 ] [   19   40   26 ] [  12796   5120   8698 ] [ 0 ],1.10,1.30,1.30,1.10,-2.23,6.66,0.00,0.00,0.00,0.00,0.00,-0.00,-0.00,0.00,0.00,0.00,0.00,0.00,0.00,0.00,0.00,0
4.69813,-2,7,87,0,DRIVE [ 54 ] [ 1 ] [ 1813 1725 1901 ] [    0    0    0 ] [      0      0      0 ] [ 0 ],drive [ 54 ] [ 0 ] [ 1827 1727 1901 ] [   19   40   26 ] [  12803   5123   8598 ] [ 0 ],1.10,1.30,1.30,1.10,-1.89,7.24,0.00,0.00,0.00,0.00,0.00,-0.00,-0.00,0.00,0.00,0.00,0.00,0.00,0.00,0.00,0.00,0
4.70954,-1,7,86,0,DRIVE [ 55 ] [ 1 ] [ 1798 1721 1901 ] [    0    0    0 ] [      0      0      0 ] [ 0 ],drive [ 54 ] [ 0 ] [ 1813 1725 1901 ] [   14   39   18 ] [  12803   5123   8598 ] [ 0 ],1.10,1.30,1.30,1.10,-1.58,7.80,0.00,0.00,0.00,0.00,0.00,-0.00,-0.00,0.00,0.00,0.00,0.00,0.00,0.00,0.00,0.00,0
4.72196,-1,8,85,0,DRIVE [ 55 ] [ 1 ] [ 1783 1715 1901 ] [    0    0    0 ] [      0      0      0 ] [ 0 ],drive [ 55 ] [ 0 ] [ 1798 1721 1901 ] [   14   39   18 ] [  12803   5123   8598 ] [ 0 ],1.10,1.30,1.30,1.10,-1.33,8.42,0.00,0.00,0.00,0.00,0.00,-0.00,-0.00,0.00,0.00,0.00,0.00,0.00,0.00,0.00,0.00,0
4.732,-1,8,85,0,DRIVE [ 56 ] [ 1 ] [ 1768 1707 1901 ] [    0    0    0 ] [      0      0      0 ] [ 0 ],drive [ 55 ] [ 0 ] [ 1783 1715 1901 ] [   14   39   18 ] [  12803   5123   8598 ] [ 0 ],1.10,1.30,1.30,1.10,-1.12,9.08,0.00,0.00,0.00,0.00,0.00,-0.00,-0.00,0.00,0.00,0.00,0.00,0.00,0.00,0.00,0.00,0
4.74157,-1,9,84,0,DRIVE [ 56 ] [ 1 ] [ 1752 1698 1901 ] [    0    0    0 ] [      0      0      0 ] [ 0 ],drive [ 56 ] [ 0 ] [ 1768 1707 1901 ] [   14   39   18 ] [  12820   5123   8575 ] [ 0 ],1.10,1.30,1.30,1.10,-0.93,9.72,0.00,0.00,0.00,0.00,0.00,-0.00,-0.00,0.00,0.00,0.00,0.00,0.00,0.00,0.00,0.00,0
4.75382,-1,9,83,0,DRIVE [ 57 ] [ 1 ] [ 1736 1689 1901 ] [    0    0    0 ] [      0      0      0 ] [ 0 ],drive [ 56 ] [ 0 ] [ 1752 1698 1901 ] [   14   39   18 ] [  12820   5123   8575 ] [ 0 ],1.10,1.30,1.30,1.10,-0.73,10.38,0.00,0.00,0.00,0.00,0.00,-0.00,-0.00,0.00,0.00,0.00,0.00,0.00,0.00,0.00,0.00,0
4.76667,0,10,83,0,DRIVE [ 57 ] [ 1 ] [ 1721 1680 1901 ] [    0    0    0 ] [      0      0      0 ] [ 0 ],drive [ 57 ] [ 0 ] [ 1736 1689 1901 ] [   14   41   19 ] [  12820   5123   8575 ] [ 0 ],1.10,1.30,1.30,1.10,-0.55,10.98,0.00,0.00,0.00,0.00,0.00,-0.00,-0.00,0.00,0.00,0.00,0.00,0.00,0.00,0.00,0.00,0
4.77876,0,10,82,0,DRIVE [ 58 ] [ 1 ] [ 1707 1673 1901 ] [    0    0    0 ] [      0      0      0 ] [ 0 ],drive [ 57 ] [ 0 ] [ 1721 1680 1901 ] [   14   41   19 ] [  12820   5123   8575 ] [ 0 ],1.10,1.30,1.30,1.10,-0.35,11.47,0.00,0.00,0.00,0.00,0.00,-0.00,-0.00,0.00,0.00,0.00,0.00,0.00,0.00,0.00,0.00,0
4.78908,0,11,81,0,DRIVE [ 58 ] [ 1 ] [ 1697 1668 1901 ] [    0    0    0 ] [      0      0      0 ] [ 0 ],drive [ 58 ] [ 0 ] [ 1707 1673 1901 ] [   14   41   19 ] [  12883   5128   8504 ] [ 0 ],1.10,1.30,1.30,1.10,-0.22,11.79,0.00,0.00,0.00,0.00,0.00,-0.00,-0.00,0.00,0.00,0.00,0.00,0.00,0.00,0.00,0.00,0
4.8002,0,11,80,0,DRIVE [ 59 ] [ 1 ] [ 1691 1664 1901 ] [    0    0    0 ] [      0      0      0 ] [ 0 ],drive [ 58 ] [ 0 ] [ 1697 1668 1901 ] [   14   41   19 ] [  12883   5128   8504 ] [ 0 ],1.10,1.30,1.30,1.10,-0.15,11.95,0.00,0.00,0.00,0.00,0.00,-0.00,-0.00,0.00,0.00,0.00,0.00,0.00,0.00,0.00,0.00,0
4.80956,0,11,79,0,DRIVE [ 59 ] [ 1 ] [ 1688 1663 1901 ] [    0    0    0 ] [      0      0      0 ] [ 0 ],drive [ 59 ] [ 0 ] [ 1691 1664 1901 ] [   45   45   25 ] [  12883   5128   8504 ] [ 0 ],1.10,1.30,1.30,1.10,-0.13,11.93,0.00,0.00,0.00,0.00,0.00,-0.00,-0.00,0.00,0.00,0.00,0.00,0.00,0.00,0.00,0.00,0
4.82184,0,11,78,0,DRIVE [ 60 ] [ 1 ] [ 1690 1662 1901 ] [    0    0    0 ] [      0      0      0 ] [ 0 ],drive [ 59 ] [ 0 ] [ 1688 1663 1901 ] [   45   45   25 ] [  12883   5128   8504 ] [ 0 ],1.10,1.30,1.30,1.10,-0.18,11.79,0.00,0.00,0.00,0.00,0.00,-0.00,-0.00,0.00,0.00,0.00,0.00,0.00,0.00,0.00,0.00,0
4.83389,0,11,78,0,DRIVE [ 60 ] [ 1 ] [ 1692 1662 1901 ] [    0    0    0 ] [      0      0      0 ] [ 0 ],drive [ 60 ] [ 0 ] [ 1690 1662 1901 ] [   45   45   25 ] [  12883   5128   8504 ] [ 0 ],1.10,1.30,1.30,1.10,-0.24,11.59,0.00,0.00,0.00,0.00,0.00,-0.00,-0.00,0.00,0.00,0.00,0.00,0.00,0.00,0.00,0.00,0
4.84585,0,10,77,0,DRIVE [ 61 ] [ 1 ] [ 1697 1663 1901 ] [    0    0    0 ] [      0      0      0 ] [ 0 ],drive [ 60 ] [ 0 ] [ 1692 1662 1901 ] [   45   45   25 ] [  13089   5159   8351 ] [ 0 ],1.10,1.30,1.30,1.10,-0.34,11.30,0.00,0.00,0.00,0.00,0.00,-0.00,-0.00,0.00,0.00,0.00,0.00,0.00,0.00,0.00,0.00,0
4.85527,0,10,76,0,DRIVE [ 61 ] [ 1 ] [ 1703 1666 1901 ] [    0    0    0 ] [      0      0      0 ] [ 0 ],drive [ 61 ] [ 0 ] [ 1697 1663 1901 ] [   42   26   25 ] [  13089   5159   8351 ] [ 0 ],1.10,1.30,1.30,1.10,-0.40,10.95,0.00,0.00,0.00,0.00,0.00,-0.00,-0.00,0.00,0.00,0.00,0.00,0.00,0.00,0.00,0.00,0
4.86579,0,10,75,0,DRIVE [ 62 ] [ 1 ] [ 1709 1673 1901 ] [    0    0    0 ] [      0      0      0 ] [ 0 ],drive [ 61 ] [ 0 ] [ 1703 1666 1901 ] [   42   26   25 ] [  13089   5159   8351 ] [ 0 ],1.10,1.30,1.30,1.10,-0.39,10.49,0.00,0.00,0.00,0.00,0.00,-0.00,-0.00,0.00,0.00,0.00,0.00,0.00,0.00,0.00,0.00,0
4.87864,0,9,74,0,DRIVE [ 62 ] [ 1 ] [ 1715 1683 1901 ] [    0    0    0 ] [      0      0      0 ] [ 0 ],drive [ 62 ] [ 0 ] [ 1709 1673 1901 ] [   42   26   25 ] [  13089   5159   8351 ] [ 0 ],1.10,1.30,1.30,1.10,-0.29,9.95,0.00,0.00,0.00,0.00,0.00,-0.00,-0.00,0.00,0.00,0.00,0.00,0.00,0.00,0.00,0.00,0
4.89115,0,8,73,0,DRIVE [ 63 ] [ 1 ] [ 1722 1696 1901 ] [    0    0    0 ] [      0      0      0 ] [ 0 ],drive [ 62 ] [ 0 ] [ 1715 1683 1901 ] [   42   26   25 ] [  13169   5258   8243 ] [ 0 ],1.10,1.30,1.30,1.10,-0.15,9.34,0.00,0.00,0.00,0.00,0.00,-0.00,-0.00,0.00,0.00,0.00,0.00,0.00,0.00,0.00,0.00,0
4.90187,0,8,72,0,DRIVE [ 63 ] [ 1 ] [ 1731 1710 1901 ] [    0    0    0 ] [      0      0      0 ] [ 0 ],drive [ 63 ] [ 0 ] [ 1722 1696 1901 ] [   42   26   25 ] [  13169   5258   8243 ] [ 0 ],1.10,1.30,1.30,1.10,-0.01,8.67,0.00,0.00,0.00,0.00,0.00,-0.00,-0.00,0.00,0.00,0.00,0.00,0.00,0.00,0.00,0.00,0
4.91384,0,7,71,0,DRIVE [ 64 ] [ 1 ] [ 1740 1723 1901 ] [    0    0    0 ] [      0      0      0 ] [ 0 ],drive [ 63 ] [ 0 ] [ 1731 1710 1901 ] [   20   43   10 ] [  13169   5258   8243 ] [ 0 ],1.10,1.30,1.30,1.10,0.09,8.00,0.00,0.00,0.00,0.00,0.00,-0.00,-0.00,0.00,0.00,0.00,0.00,0.00,0.00,0.00,0.00,0
4.92317,0,7,70,0,DRIVE [ 64 ] [ 1 ] [ 1749 1736 1901 ] [    0    0    0 ] [      0      0      0 ] [ 0 ],drive [ 64 ] [ 0 ] [ 1740 1723 1901 ] [   20   43   10 ] [  13169   5258   8243 ] [ 0 ],1.10,1.30,1.30,1.10,0.17,7.35,0.00,0.00,0.00,0.00,0.00,-0.00,-0.00,0.00,0.00,0.00,0.00,0.00,0.00,0.00,0.00,0
4.93393,0,6,70,0,DRIVE [ 65 ] [ 1 ] [ 1759 1747 1901 ] [    0    0    0 ] [      0      0      0 ] [ 0 ],drive [ 64 ] [ 0 ] [ 1749 1736 1901 ] [   20   43   10 ] [  13169   5258   8243 ] [ 0 ],1.10,1.30,1.30,1.10,0.19,6.75,0.00,0.00,0.00,0.00,0.00,-0.00,-0.00,0.00,0.00,0.00,0.00,0.00,0.00,0.00,0.00,0
4.94565,0,6,69,0,DRIVE [ 65 ] [ 1 ] [ 1769 1757 1901 ] [    0    0    0 ] [      0      0      0 ] [ 0 ],drive [ 65 ] [ 0 ] [ 1759 1747 1901 ] [   20   43   10 ] [  13170   5263   8155 ] [ 0 ],1.10,1.30,1.30,1.10,0.21,6.19,0.00,0.00,0.00,0.00,0.00,-0.00,-0.00,0.00,0.00,0.00,0.00,0.00,0.00,0.00,0.00,0
4.95797,0,5,68,0,DRIVE [ 66 ] [ 1 ] [ 1778 1767 1901 ] [    0    0    0 ] [      0      0      0 ] [ 0 ],drive [ 65 ] [ 0 ] [ 1769 1757 1901 ] [   16   37    4 ] [  13170   5263   8155 ] [ 0 ],1.10,1.30,1.30,1.10,0.21,5.64,0.00,0.00,0.00,0.00,0.00,-0.00,-0.00,0.00,0.00,0.00,0.00,0.00,-0.00,-0.00,0.00,0
4.97127,0,5,67,0,DRIVE [ 66 ] [ 1 ] [ 1788 1778 1901 ] [    0    0    0 ] [      0      0      0 ] [ 0 ],drive [ 66 ] [ 0 ] [ 1778 1767 1901 ] [   16   37    4 ] [  13170   5263   8155 ] [ 0 ],1.10,1.30,1.30,1.10,0.24,5.10,0.00,0.00,0.00,0.00,0.00,-0.00,-0.00,0.00,0.00,0.00,0.00,0.00,-0.00,-0.00,0.00,0
4.98129,0,4,66,0,DRIVE [ 67 ] [ 1 ] [ 1796 1789 1901 ] [    0    0    0 ] [      0      0      0 ] [ 0 ],drive [ 66 ] [ 0 ] [ 1788 1778 1901 ] [   16   37    4 ] [  13170   5263   8155 ] [ 0 ],1.10,1.30,1.30,1.10,0.30,4.58,0.00,0.00,0.00,0.00,0.00,-0.00,-0.00,0.00,0.00,0.00,0.00,0.00,-0.00,-0.00,0.00,0
4.99075,0,4,65,0,DRIVE [ 67 ] [ 1 ] [ 1804 1802 1901 ] [    0    0    0 ] [      0      0      0 ] [ 0 ],drive [ 67 ] [ 0 ] [ 1796 1789 1901 ] [   16   37    4 ] [  13167   5258   8134 ] [ 0 ],1.10,1.30,1.30,1.10,0.39,4.05,0.00,0.00,0.00,0.00,0.00,-0.00,-0.00,0.00,0.00,0.00,0.00,0.00,-0.00,-0.00,0.00,0
5.0018,0,3,64,0,DRIVE [ 68 ] [ 1 ] [ 1812 1816 1901 ] [    0    0    0 ] [      0      0      0 ] [ 0 ],drive [ 67 ] [ 0 ] [ 1804 1802 1901 ] [   16   37    4 ] [  13167   5258   8134 ] [ 0 ],1.10,1.30,1.30,1.10,0.51,3.50,0.00,0.00,0.00,0.00,0.00,-0.00,-0.00,0.00,0.00,0.00,0.00,0.00,-0.00,-0.00,0.00,0
5.01399,1,3,63,0,DRIVE [ 68 ] [ 1 ] [ 1820 1832 1901 ] [    0    0    0 ] [      0      0      0 ] [ 0 ],drive [ 68 ] [ 0 ] [ 1812 1816 1901 ] [   13   35   23 ] [  13167   5258   8134 ] [ 0 ],1.10,1.30,1.30,1.10,0.66,2.90,0.00,0.00,0.00,0.00,0.00,-0.00,-0.00,0.00,0.00,0.00,0.00,0.00,-0.00,-0.00,0.00,0
5.02606,1,2,62,0,DRIVE [ 69 ] [ 1 ] [ 1829 1848 1901 ] [    0    0    0 ] [      0      0      0 ] [ 0 ],drive [ 68 ] [ 0 ] [ 1820 1832 1901 ] [   13   35   23 ] [  13167   5258   8134 ] [ 0 ],1.10,1.30,1.30,1.10,0.78,2.27,0.00,0.00,0.00,0.00,0.00,-0.00,-0.00,0.00,0.00,0.00,0.00,0.00,-0.00,-0.00,0.00,0
5.03813,1,2,61,0,DRIVE [ 69 ] [ 1 ] [ 1838 1862 1901 ] [    0    0    0 ] [      0      0      0 ] [ 0 ],drive [ 69 ] [ 0 ] [ 1829 1848 1901 ] [   13   35   23 ] [  13167   5258   8134 ] [ 0 ],1.10,1.30,1.30,1.10,0.85,1.65,0.00,0.00,0.00,0.00,0.00,-0.00,-0.00,0.00,0.00,0.00,0.00,0.00,-0.00,-0.00,0.00,0
5.048,1,1,60,0,DRIVE [ 70 ] [ 1 ] [ 1846 1875 1901 ] [    0    0    0 ] [      0      0      0 ] [ 0 ],drive [ 69 ] [ 0 ] [ 1838 1862 1901 ] [   13   35   23 ] [  13166   5254   8021 ] [ 0 ],1.10,1.30,1.30,1.10,0.90,1.10,0.00,0.00,0.00,0.00,0.00,-0.00,-0.00,0.00,0.00,0.00,0.00,0.00,-0.00,-0.00,0.00,0
5.05774,1,1,59,0,DRIVE [ 70 ] [ 1 ] [ 1852 1875 1905 ] [    0    0    0 ] [      0      0      0 ] [ 0 ],drive [ 70 ] [ 0 ] [ 1846 1875 1901 ] [   11   30   10 ] [  13166   5254   8021 ] [ 0 ],1.10,1.30,1.30,1.10,0.91,0.60,0.00,0.00,0.00,0.00,0.00,-0.00,-0.00,0.00,0.00,0.00,0.00,0.00,-0.00,-0.00,0.00,0
5.07122,1,0,58,0,DRIVE [ 71 ] [ 1 ] [ 1867 1875 1894 ] [    0    0    0 ] [      0      0      0 ] [ 0 ],drive [ 70 ] [ 0 ] [ 1852 1875 1905 ] [   11   30   10 ] [  13166   5254   8021 ] [ 0 ],1.10,1.30,1.30,1.10,0.97,0.13,0.00,0.00,0.00,0.00,0.00,-0.00,-0.00,0.00,0.00,0.00,0.00,0.00,0.00,0.00,0.00,0
5.08168,1,0,57,0,DRIVE [ 71 ] [ 1 ] [ 1873 1875 1879 ] [    0    0    0 ] [      0      0      0 ] [ 0 ],drive [ 71 ] [ 0 ] [ 1867 1875 1894 ] [   11   30   10 ] [  13166   5254   8021 ] [ 0 ],1.10,1.30,1.30,1.10,1.05,-0.41,0.00,0.00,0.00,0.00,0.00,-0.00,-0.00,0.00,0.00,0.00,0.00,0.00,0.00,0.00,0.00,0
5.09389,1,-1,56,0,DRIVE [ 72 ] [ 1 ] [ 1874 1875 1859 ] [    0    0    0 ] [      0      0      0 ] [ 0 ],drive [ 71 ] [ 0 ] [ 1873 1875 1879 ] [   11   30   10 ] [  13161   5237   8020 ] [ 0 ],1.10,1.30,1.30,1.10,1.16,-0.96,0.00,0.00,0.00,0.00,0.00,-0.00,-0.00,0.00,0.00,0.00,0.00,0.00,0.00,0.00,0.00,0
5.1059,1,-1,55,0,DRIVE [ 72 ] [ 1 ] [ 1872 1875 1836 ] [    0    0    0 ] [      0      0      0 ] [ 0 ],drive [ 72 ] [ 0 ] [ 1874 1875 1859 ] [    8   21   16 ] [  13161   5237   8020 ] [ 0 ],1.10,1.30,1.30,1.10,1.27,-1.46,0.00,0.00,0.00,0.00,0.00,-0.00,-0.00,0.00,0.00,0.00,0.00,0.00,0.00,0.00,0.00,0
5.11562,1,-1,55,0,DRIVE [ 73 ] [ 1 ] [ 1869 1875 1814 ] [    0    0    0 ] [      0      0      0 ] [ 0 ],drive [ 72 ] [ 0 ] [ 1872 1875 1836 ] [    8   21   16 ] [  13161   5237   8020 ] [ 0 ],1.10,1.30,1.30,1.10,1.39,-1.92,0.00,0.00,0.00,0.00,0.00,-0.00,-0.00,0.00,0.00,0.00,0.00,0.00,0.00,0.00,0.00,0
5.12551,1,-2,54,0,DRIVE [ 73 ] [ 1 ] [ 1865 1875 1790 ] [    0    0    0 ] [      0      0      0 ] [ 0 ],drive [ 73 ] [ 0 ] [ 1869 1875 1814 ] [    8   21   16 ] [  13161   5237   8020 ] [ 0 ],1.10,1.30,1.30,1.10,1.52,-2.40,0.00,0.00,0.00,0.00,0.00,-0.00,-0.00,0.00,0.00,0.00,0.00,0.00,0.00,0.00,0.00,0
5.13761,1,-2,53,0,DRIVE [ 74 ] [ 1 ] [ 1861 1875 1766 ] [    0    0    0 ] [      0      0      0 ] [ 0 ],drive [ 73 ] [ 0 ] [ 1865 1875 1790 ] [    8   21   16 ] [  13161   5237   8020 ] [ 0 ],1.10,1.30,1.30,1.10,1.67,-2.85,0.00,0.00,0.00,0.00,0.00,-0.00,-0.00,0.00,0.00,0.00,0.00,0.00,0.00,0.00,0.00,0
5.14931,1,-3,52,0,DRIVE [ 74 ] [ 1 ] [ 1855 1875 1743 ] [    0    0    0 ] [      0      0      0 ] [ 0 ],drive [ 74 ] [ 0 ] [ 1861 1875 1766 ] [    8   21   16 ] [  13153   5232   8023 ] [ 0 ],1.10,1.30,1.30,1.10,1.85,-3.26,0.00,0.00,0.00,0.00,0.00,-0.00,-0.00,0.00,0.00,0.00,0.00,0.00,0.00,0.00,0.00,0
5.16188,2,-3,51,0,DRIVE [ 75 ] [ 1 ] [ 1849 1875 1722 ] [    0    0    0 ] [      0      0      0 ] [ 0 ],drive [ 74 ] [ 0 ] [ 1855 1875 1743 ] [    9   19   17 ] [  13153   5232   8023 ] [ 0 ],1.10,1.30,1.30,1.10,2.04,-3.62,0.00,0.00,0.00,0.00,0.00,-0.00,-0.00,0.00,0.00,0.00,0.00,0.00,0.00,0.00,0.00,0
5.17202,2,-3,50,0,DRIVE [ 75 ] [ 1 ] [ 1843 1875 1703 ] [    0    0    0 ] [      0      0      0 ] [ 0 ],drive [ 75 ] [ 0 ] [ 1849 1875 1722 ] [    9   19   17 ] [  13153   5232   8023 ] [ 0 ],1.10,1.30,1.30,1.10,2.22,-3.94,0.00,0.00,0.00,0.00,0.00,-0.00,-0.00,0.00,0.00,0.00,0.00,0.00,0.00,0.00,0.00,0
5.18181,2,-3,49,0,DRIVE [ 76 ] [ 1 ] [ 1838 1875 1685 ] [    0    0    0 ] [      0      0      0 ] [ 0 ],drive [ 75 ] [ 0 ] [ 1843 1875 1703 ] [    9   19   17 ] [  13153   5232   8023 ] [ 0 ],1.10,1.30,1.30,1.10,2.37,-4.20,0.00,0.00,0.00,0.00,0.00,-0.00,-0.00,0.00,0.00,0.00,0.00,0.00,0.00,0.00,0.00,0
5.19363,2,-3,48,0,DRIVE [ 76 ] [ 1 ] [ 1833 1875 1670 ] [    0    0    0 ] [      0      0      0 ] [ 0 ],drive [ 76 ] [ 0 ] [ 1838 1875 1685 ] [    9   19   17 ] [  13153   5231   8037 ] [ 0 ],1.10,1.30,1.30,1.10,2.49,-4.41,0.00,0.00,0.00,0.00,0.00,-0.00,-0.00,0.00,0.00,0.00,0.00,0.00,0.00,0.00,0.00,0
5.20584,2,-3,47,0,DRIVE [ 77 ] [ 1 ] [ 1827 1875 1658 ] [    0    0    0 ] [      0      0      0 ] [ 0 ],drive [ 76 ] [ 0 ] [ 1833 1875 1670 ] [   12   17   17 ] [  13153   5231   8037 ] [ 0 ],1.10,1.30,1.30,1.10,2.62,-4.55,0.00,0.00,0.00,0.00,0.00,-0.00,-0.00,0.00,0.00,0.00,0.00,0.00,0.00,0.00,0.00,0
5.21769,2,-4,46,0,DRIVE [ 77 ] [ 1 ] [ 1821 1875 1650 ] [    0    0    0 ] [      0      0      0 ] [ 0 ],drive [ 77 ] [ 0 ] [ 1827 1875 1658 ] [   12   17   17 ] [  13153   5231   8037 ] [ 0 ],1.10,1.30,1.30,1.10,2.77,-4.61,0.00,0.00,0.00,0.00,0.00,-0.00,-0.00,0.00,0.00,0.00,0.00,0.00,0.00,0.00,0.00,0
5.22977,2,-4,45,0,DRIVE [ 78 ] [ 1 ] [ 1813 1875 1645 ] [    0    0    0 ] [      0      0      0 ] [ 0 ],drive [ 77 ] [ 0 ] [ 1821 1875 1650 ] [   12   17   17 ] [  13153   5231   8037 ] [ 0 ],1.10,1.30,1.30,1.10,2.94,-4.60,0.00,0.00,0.00,0.00,0.00,-0.00,-0.00,0.00,0.00,0.00,0.00,0.00,0.00,0.00,0.00,0
5.23974,2,-3,44,1,DRIVE [ 78 ] [ 1 ] [ 1806 1875 1643 ] [    0    0    0 ] [      0      0      0 ] [ 0 ],drive [ 78 ] [ 0 ] [ 1813 1875 1645 ] [   12   17   17 ] [  13155   5218   8084 ] [ 0 ],1.10,1.30,1.30,1.10,3.09,-4.54,0.00,0.00,0.00,0.00,0.00,-0.00,-0.00,0.00,0.00,0.00,0.00,0.00,0.00,0.00,0.00,0
