timestamp,Xmm,Ymm,Zmm,TouchDetected,OutgoingPacket,IncomingPacket,GainPropAb, GainPropAd, GainPropFl, GainPropEx,PropA, PropB, PropC,GainIntegAb, GainIntegAd, GainIntegFl, GainIntegEx,IntegA, IntegB, IntegC,GainDerivAb, GainDerivAd, GainDerivFl, GainDerivEx,DerivA, DerivB, DerivC,Heading5
0.126762,-89,23,535,0,DRIVE [ 68 ] [ 1 ] [ 1608 1900 1904 ] [    0    0    0 ] [      0      0      0 ] [ 0 ],drive [ 68 ] [ 0 ] [ 1158 1455 1455 ] [   74   46   65 ] [  16260  12136   7211 ] [ 1 ],1.00,1.00,1.00,1.20,-89.08,27.28,0.00,0.00,0.00,0.00,0.00,0.00,0.00,0.00,0.00,0.00,0.00,0.00,0.00,0.00,0.00,0
0.140131,-88,23,535,0,DRIVE [ 69 ] [ 1 ] [ 1608 1894 1903 ] [    0    0    0 ] [      0      0      0 ] [ 0 ],drive [ 68 ] [ 0 ] [ 1608 1900 1904 ] [   74   46   65 ] [  16260  12136   7211 ] [ 0 ],1.00,1.00,1.00,1.20,-88.44,27.40,0.00,0.00,0.00,0.00,0.00,0.00,0.00,0.00,0.00,0.00,0.00,0.00,0.00,-0.00,0.00,0
0.153463,-89,23,541,0,DRIVE [ 69 ] [ 1 ] [ 1608 1888 1902 ] [    0    0    0 ] [      0      0      0 ] [ 0 ],drive [ 69 ] [ 0 ] [ 1608 1894 1903 ] [   74   46   65 ] [  16260  12136   7211 ] [ 0 ],1.00,1.00,1.00,1.20,-89.04,27.68,0.00,0.00,0.00,0.00,0.00,0.00,0.00,0.00,0.00,0.00,0.00,0.00,0.00,0.00,0.00,0
0.16645,-89,23,541,0,DRIVE [ 70 ] [ 1 ] [ 1608 1890 1903 ] [    0    0    0 ] [      0      0      0 ] [ 0 ],drive [ 69 ] [ 0 ] [ 1608 1888 1902 ] [   74   46   65 ] [  16189  12056   7149 ] [ 0 ],1.00,1.00,1.00,1.20,-80.14,24.92,0.00,0.00,0.00,0.00,0.00,0.00,0.00,0.00,0.00,0.00,0.00,0.00,0.00,0.00,0.00,0
0.179065,-89,23,541,0,DRIVE [ 70 ] [ 1 ] [ 1608 1891 1903 ] [    0    0    0 ] [      0      0      0 ] [ 0 ],drive [ 70 ] [ 0 ] [ 1608 1890 1903 ] [   42   13    9 ] [  16189  12056   7149 ] [ 0 ],1.00,1.00,1.00,1.20,-72.12,22.42,0.00,0.00,0.00,0.00,0.00,0.00,0.00,0.00,0.00,0.00,0.00,0.00,0.00,0.00,0.00,0
0.192342,-89,23,541,0,DRIVE [ 71 ] [ 1 ] [ 1608 1893 1903 ] [    0    0    0 ] [      0      0      0 ] [ 0 ],drive [ 70 ] [ 0 ] [ 1608 1891 1903 ] [   42   13    9 ] [  16189  12056   7149 ] [ 0 ],1.00,1.00,1.00,1.20,-64.91,20.18,0.00,0.00,0.00,0.00,0.00,0.00,0.00,0.00,0.00,0.00,0.00,0.00,0.00,0.00,0.00,0
0.205545,-87,22,538,0,DRIVE [ 71 ] [ 1 ] [ 1608 1866 1899 ] [    0    0    0 ] [      0      0      0 ] [ 0 ],drive [ 71 ] [ 0 ] [ 1608 1893 1903 ] [   42   13    9 ] [  16189  12056   7149 ] [ 0 ],1.00,1.00,1.00,1.20,-87.25,26.85,0.00,0.00,0.00,0.00,0.00,0.00,0.00,0.00,0.00,0.00,0.00,0.00,0.00,-0.00,0.00,0
0.218542,-87,22,536,0,DRIVE [ 72 ] [ 1 ] [ 1608 1861 1898 ] [    0    0    0 ] [      0      0      0 ] [ 0 ],drive [ 71 ] [ 0 ] [ 1608 1866 1899 ] [   42   13    9 ] [  16093  11631   6752 ] [ 0 ],1.00,1.00,1.00,1.20,-86.57,25.91,0.00,0.00,0.00,0.00,0.00,0.00,0.00,0.00,0.00,0.00,0.00,0.00,0.00,-0.00,0.00,0
0.231693,-86,21,536,0,DRIVE [ 72 ] [ 1 ] [ 1608 1856 1897 ] [    0    0    0 ] [      0      0      0 ] [ 0 ],drive [ 72 ] [ 0 ] [ 1608 1861 1898 ] [   39   28   23 ] [  16093  11631   6752 ] [ 0 ],1.00,1.00,1.00,1.20,-85.95,25.17,0.00,0.00,0.00,0.00,0.00,0.00,0.00,0.00,0.00,0.00,0.00,0.00,0.00,-0.00,0.00,0
0.244591,-85,20,535,0,DRIVE [ 73 ] [ 1 ] [ 1608 1851 1896 ] [    0    0    0 ] [      0      0      0 ] [ 0 ],drive [ 72 ] [ 0 ] [ 1608 1856 1897 ] [   39   28   23 ] [  16093  11631   6752 ] [ 0 ],1.00,1.00,1.00,1.20,-84.96,24.59,0.00,0.00,0.00,0.00,0.00,0.00,0.00,0.00,0.00,0.00,0.00,0.00,0.00,-0.00,0.00,0
0.25794,-84,20,536,0,DRIVE [ 73 ] [ 1 ] [ 1608 1847 1895 ] [    0    0    0 ] [      0      0      0 ] [ 0 ],drive [ 73 ] [ 0 ] [ 1608 1851 1896 ] [   39   28   23 ] [  16095  11633   6752 ] [ 0 ],1.00,1.00,1.00,1.20,-83.90,24.34,0.00,0.00,0.00,0.00,0.00,0.00,0.00,0.00,0.00,0.00,0.00,0.00,0.00,-0.00,0.00,0
0.272511,-83,20,543,0,DRIVE [ 74 ] [ 1 ] [ 1608 1843 1894 ] [    0    0    0 ] [      0      0      0 ] [ 0 ],drive [ 73 ] [ 0 ] [ 1608 1847 1895 ] [   40   32   23 ] [  16095  11633   6752 ] [ 0 ],1.00,1.00,1.00,1.20,-82.85,24.11,0.00,0.00,0.00,0.00,0.00,0.00,0.00,0.00,0.00,0.00,0.00,0.00,0.00,-0.00,0.00,0
0.285988,-80,20,539,0,DRIVE [ 74 ] [ 1 ] [ 1608 1839 1894 ] [    0    0    0 ] [      0      0      0 ] [ 0 ],drive [ 74 ] [ 0 ] [ 1608 1843 1894 ] [   40   32   23 ] [  16095  11633   6752 ] [ 0 ],1.00,1.00,1.00,1.20,-79.97,23.68,0.00,0.00,0.00,0.00,0.00,0.00,0.00,0.00,0.00,0.00,0.00,0.00,0.00,-0.00,0.00,0
0.299151,-77,20,536,0,DRIVE [ 75 ] [ 1 ] [ 1608 1835 1893 ] [    0    0    0 ] [      0      0      0 ] [ 0 ],drive [ 74 ] [ 0 ] [ 1608 1839 1894 ] [   40   32   23 ] [  16095  11633   6752 ] [ 0 ],1.00,1.00,1.00,1.20,-77.07,23.76,0.00,0.00,0.00,0.00,0.00,0.00,0.00,0.00,0.00,0.00,0.00,0.00,0.00,-0.00,0.00,0
0.312121,-74,20,530,0,DRIVE [ 75 ] [ 1 ] [ 1608 1832 1893 ] [    0    0    0 ] [      0      0      0 ] [ 0 ],drive [ 75 ] [ 0 ] [ 1608 1835 1893 ] [   40   32   23 ] [  16093  11633   6752 ] [ 0 ],1.00,1.00,1.00,1.20,-73.93,23.73,0.00,0.00,0.00,0.00,0.00,0.00,0.00,0.00,0.00,0.00,0.00,0.00,0.00,-0.00,0.00,0
0.32551,-70,21,530,0,DRIVE [ 76 ] [ 1 ] [ 1608 1829 1894 ] [    0    0    0 ] [      0      0      0 ] [ 0 ],drive [ 75 ] [ 0 ] [ 1608 1832 1893 ] [   41   33   24 ] [  16093  11633   6752 ] [ 0 ],1.00,1.00,1.00,1.20,-70.39,24.72,0.00,0.00,0.00,0.00,0.00,0.00,0.00,0.00,0.00,0.00,0.00,0.00,0.00,-0.00,0.00,0
0.33884,-67,21,529,0,DRIVE [ 76 ] [ 1 ] [ 1608 1826 1895 ] [    0    0    0 ] [      0      0      0 ] [ 0 ],drive [ 76 ] [ 0 ] [ 1608 1829 1894 ] [   41   33   24 ] [  16093  11633   6752 ] [ 0 ],1.00,1.00,1.00,1.20,-66.88,25.61,0.00,0.00,0.00,0.00,0.00,0.00,0.00,0.00,0.00,0.00,0.00,0.00,0.00,-0.00,0.00,0
0.352107,-63,22,529,0,DRIVE [ 77 ] [ 1 ] [ 1608 1823 1896 ] [    0    0    0 ] [      0      0      0 ] [ 0 ],drive [ 76 ] [ 0 ] [ 1608 1826 1895 ] [   41   33   24 ] [  16093  11633   6752 ] [ 0 ],1.00,1.00,1.00,1.20,-63.34,26.92,0.00,0.00,0.00,0.00,0.00,0.00,0.00,0.00,0.00,0.00,0.00,0.00,0.00,-0.00,0.00,0
0.365118,-63,22,529,0,DRIVE [ 77 ] [ 1 ] [ 1608 1831 1897 ] [    0    0    0 ] [      0      0      0 ] [ 0 ],drive [ 77 ] [ 0 ] [ 1608 1823 1896 ] [   41   33   24 ] [  16091  11571   6752 ] [ 0 ],1.00,1.00,1.00,1.20,-57.01,24.23,0.00,0.00,0.00,0.00,0.00,0.00,0.00,0.00,0.00,0.00,0.00,0.00,0.00,-0.00,0.00,0
0.377917,-58,24,524,0,DRIVE [ 78 ] [ 1 ] [ 1608 1816 1898 ] [    0    0    0 ] [      0      0      0 ] [ 0 ],drive [ 77 ] [ 0 ] [ 1608 1831 1897 ] [   42   31   24 ] [  16091  11571   6752 ] [ 0 ],1.00,1.00,1.00,1.20,-58.31,28.52,0.00,0.00,0.00,0.00,0.00,0.00,0.00,0.00,0.00,0.00,0.00,0.00,0.00,-0.00,0.00,0
0.392748,-53,26,525,0,DRIVE [ 78 ] [ 1 ] [ 1608 1813 1902 ] [    0    0    0 ] [      0      0      0 ] [ 0 ],drive [ 78 ] [ 0 ] [ 1608 1816 1898 ] [   42   31   24 ] [  16091  11571   6752 ] [ 0 ],1.00,1.00,1.00,1.20,-53.03,31.14,0.00,0.00,0.00,0.00,0.00,0.00,0.00,0.00,0.00,0.00,0.00,0.00,0.00,-0.00,0.00,0
0.405946,-48,28,523,0,DRIVE [ 79 ] [ 1 ] [ 1608 1809 1905 ] [    0    0    0 ] [      0      0      0 ] [ 0 ],drive [ 78 ] [ 0 ] [ 1608 1813 1902 ] [   42   31   24 ] [  16090  11422   6753 ] [ 0 ],1.00,1.00,1.00,1.20,-48.05,33.42,0.00,0.00,0.00,0.00,0.00,0.00,0.00,0.00,0.00,0.00,0.00,0.00,0.00,-0.00,0.00,0
0.419096,-43,29,520,0,DRIVE [ 79 ] [ 1 ] [ 1901 1813 1905 ] [    0    0    0 ] [      0      0      0 ] [ 0 ],drive [ 79 ] [ 0 ] [ 1608 1809 1905 ] [   42   31   24 ] [  16090  11422   6753 ] [ 0 ],1.00,1.00,1.00,1.20,-43.11,35.38,0.00,0.00,0.00,0.00,0.00,-0.00,0.00,0.00,0.00,0.00,0.00,0.00,0.00,-0.00,0.00,0
0.434548,-38,31,516,0,DRIVE [ 80 ] [ 1 ] [ 1897 1817 1905 ] [    0    0    0 ] [      0      0      0 ] [ 0 ],drive [ 79 ] [ 0 ] [ 1901 1813 1905 ] [   42   26   23 ] [  16090  11422   6753 ] [ 0 ],1.00,1.00,1.00,1.20,-38.35,37.04,0.00,0.00,0.00,0.00,0.00,-0.00,0.00,0.00,0.00,0.00,0.00,0.00,0.00,-0.00,0.00,0
0.447205,-34,32,513,0,DRIVE [ 80 ] [ 1 ] [ 1893 1820 1905 ] [    0    0    0 ] [      0      0      0 ] [ 0 ],drive [ 80 ] [ 0 ] [ 1897 1817 1905 ] [   42   26   23 ] [  16090  11422   6753 ] [ 0 ],1.00,1.00,1.00,1.20,-33.71,38.71,0.00,0.00,0.00,0.00,0.00,-0.00,0.00,0.00,0.00,0.00,0.00,0.00,0.00,-0.00,0.00,0
0.460358,-29,33,509,0,DRIVE [ 81 ] [ 1 ] [ 1888 1824 1905 ] [    0    0    0 ] [      0      0      0 ] [ 0 ],drive [ 80 ] [ 0 ] [ 1893 1820 1905 ] [   42   26   23 ] [  15918  11419   6754 ] [ 0 ],1.00,1.00,1.00,1.20,-28.89,39.74,0.00,0.00,0.00,0.00,0.00,-0.00,0.00,0.00,0.00,0.00,0.00,0.00,0.00,-0.00,0.00,0
0.473428,-23,34,504,0,DRIVE [ 81 ] [ 1 ] [ 1882 1831 1905 ] [    0    0    0 ] [      0      0      0 ] [ 0 ],drive [ 81 ] [ 0 ] [ 1888 1824 1905 ] [    2   24   12 ] [  15918  11419   6754 ] [ 0 ],1.00,1.00,1.00,1.20,-22.69,40.52,0.00,0.00,0.00,0.00,0.00,-0.00,0.00,0.00,0.00,0.00,0.00,0.00,0.00,-0.00,0.00,0
0.486415,-17,34,498,0,DRIVE [ 82 ] [ 1 ] [ 1876 1837 1905 ] [    0    0    0 ] [      0      0      0 ] [ 0 ],drive [ 81 ] [ 0 ] [ 1882 1831 1905 ] [    2   24   12 ] [  15918  11419   6754 ] [ 0 ],1.00,1.00,1.00,1.20,-16.63,40.78,0.00,0.00,0.00,0.00,0.00,-0.00,0.00,0.00,0.00,0.00,0.00,0.00,0.00,-0.00,0.00,0
0.49919,-11,35,496,0,DRIVE [ 82 ] [ 1 ] [ 1869 1843 1905 ] [    0    0    0 ] [      0      0      0 ] [ 0 ],drive [ 82 ] [ 0 ] [ 1876 1837 1905 ] [    2   24   12 ] [  15918  11419   6754 ] [ 0 ],1.00,1.00,1.00,1.20,-10.63,41.91,0.00,0.00,0.00,0.00,0.00,-0.00,0.00,0.00,0.00,0.00,0.00,0.00,0.00,-0.00,0.00,0
0.511726,-4,37,498,0,DRIVE [ 83 ] [ 1 ] [ 1858 1848 1905 ] [    0    0    0 ] [      0      0      0 ] [ 0 ],drive [ 82 ] [ 0 ] [ 1869 1843 1905 ] [    2   24   12 ] [  14882  11424   6979 ] [ 0 ],1.00,1.00,1.00,1.20,-4.30,44.36,0.00,0.00,0.00,0.00,0.00,-0.00,0.00,0.00,0.00,0.00,0.00,0.00,0.00,0.00,0.00,0
0.524636,2,39,492,0,DRIVE [ 83 ] [ 1 ] [ 1846 1851 1905 ] [    0    0    0 ] [      0      0      0 ] [ 0 ],drive [ 83 ] [ 0 ] [ 1858 1848 1905 ] [   28   21   26 ] [  14882  11424   6979 ] [ 0 ],1.00,1.00,1.00,1.20,1.91,46.49,0.00,0.00,0.00,0.00,0.00,-0.00,0.00,0.00,0.00,0.00,0.00,0.00,0.00,0.00,0.00,0
0.537542,10,42,488,0,DRIVE [ 84 ] [ 1 ] [ 1827 1854 1905 ] [    0    0    0 ] [      0      0      0 ] [ 0 ],drive [ 83 ] [ 0 ] [ 1846 1851 1905 ] [   28   21   26 ] [  14882  11424   6979 ] [ 0 ],1.00,1.00,1.00,1.20,10.00,49.82,0.00,0.00,0.00,0.00,0.00,-0.00,0.00,0.00,0.00,0.00,0.00,0.00,0.00,0.00,0.00,0
0.55043,17,44,486,0,DRIVE [ 84 ] [ 1 ] [ 1808 1856 1905 ] [    0    0    0 ] [      0      0      0 ] [ 0 ],drive [ 84 ] [ 0 ] [ 1827 1854 1905 ] [   28   21   26 ] [  14882  11424   6979 ] [ 0 ],1.00,1.00,1.00,1.20,17.14,52.86,0.00,0.00,0.00,0.00,0.00,-0.00,0.00,0.00,0.00,0.00,0.00,0.00,0.00,0.00,0.00,0
0.564328,23,46,478,0,DRIVE [ 85 ] [ 1 ] [ 1789 1857 1905 ] [    0    0    0 ] [      0      0      0 ] [ 0 ],drive [ 84 ] [ 0 ] [ 1808 1856 1905 ] [   28   21   26 ] [  14787  11416   7141 ] [ 0 ],1.00,1.00,1.00,1.20,23.07,54.67,0.00,0.00,0.00,0.00,0.00,-0.00,0.00,0.00,0.00,0.00,0.00,0.00,0.00,0.00,0.00,0
0.576684,28,47,472,0,DRIVE [ 85 ] [ 1 ] [ 1771 1859 1905 ] [    0    0    0 ] [      0      0      0 ] [ 0 ],drive [ 85 ] [ 0 ] [ 1789 1857 1905 ] [   28   26    1 ] [  14787  11416   7141 ] [ 0 ],1.00,1.00,1.00,1.20,28.22,55.98,0.00,0.00,0.00,0.00,0.00,-0.00,0.00,0.00,0.00,0.00,0.00,0.00,0.00,0.00,0.00,0
0.589666,33,47,467,0,DRIVE [ 86 ] [ 1 ] [ 1755 1861 1905 ] [    0    0    0 ] [      0      0      0 ] [ 0 ],drive [ 85 ] [ 0 ] [ 1771 1859 1905 ] [   28   26    1 ] [  14787  11416   7141 ] [ 0 ],1.00,1.00,1.00,1.20,32.63,56.42,0.00,0.00,0.00,0.00,0.00,-0.00,0.00,0.00,0.00,0.00,0.00,0.00,0.00,0.00,0.00,0
0.602538,36,47,461,0,DRIVE [ 86 ] [ 1 ] [ 1739 1863 1905 ] [    0    0    0 ] [      0      0      0 ] [ 0 ],drive [ 86 ] [ 0 ] [ 1755 1861 1905 ] [   28   26    1 ] [  14787  11416   7141 ] [ 0 ],1.00,1.00,1.00,1.20,36.26,56.35,0.00,0.00,0.00,0.00,0.00,-0.00,0.00,0.00,0.00,0.00,0.00,0.00,0.00,0.00,0.00,0
0.615276,39,47,457,0,DRIVE [ 87 ] [ 1 ] [ 1725 1866 1905 ] [    0    0    0 ] [      0      0      0 ] [ 0 ],drive [ 86 ] [ 0 ] [ 1739 1863 1905 ] [   28   26    1 ] [  14794  11297   7142 ] [ 0 ],1.00,1.00,1.00,1.20,39.41,55.81,0.00,0.00,0.00,0.00,0.00,-0.00,0.00,0.00,0.00,0.00,0.00,0.00,0.00,0.00,0.00,0
0.627516,42,46,453,0,DRIVE [ 87 ] [ 1 ] [ 1711 1868 1905 ] [    0    0    0 ] [      0      0      0 ] [ 0 ],drive [ 87 ] [ 0 ] [ 1725 1866 1905 ] [   33   19   -1 ] [  14794  11297   7142 ] [ 0 ],1.00,1.00,1.00,1.20,42.10,55.37,0.00,0.00,0.00,0.00,0.00,-0.00,0.00,0.00,0.00,0.00,0.00,0.00,0.00,0.00,0.00,0
0.640757,45,46,446,0,DRIVE [ 88 ] [ 1 ] [ 1696 1870 1905 ] [    0    0    0 ] [      0      0      0 ] [ 0 ],drive [ 87 ] [ 0 ] [ 1711 1868 1905 ] [   33   19   -1 ] [  14794  11297   7142 ] [ 0 ],1.00,1.00,1.00,1.20,44.57,54.64,0.00,0.00,0.00,0.00,0.00,-0.00,0.00,0.00,0.00,0.00,0.00,0.00,0.00,0.00,0.00,0
0.653708,47,45,444,0,DRIVE [ 88 ] [ 1 ] [ 1683 1872 1905 ] [    0    0    0 ] [      0      0      0 ] [ 0 ],drive [ 88 ] [ 0 ] [ 1696 1870 1905 ] [   33   19   -1 ] [  14794  11297   7142 ] [ 0 ],1.00,1.00,1.00,1.20,46.82,54.39,0.00,0.00,0.00,0.00,0.00,-0.00,0.00,0.00,0.00,0.00,0.00,0.00,0.00,0.00,0.00,0
0.66655,48,45,439,0,DRIVE [ 89 ] [ 1 ] [ 1671 1873 1905 ] [    0    0    0 ] [      0      0      0 ] [ 0 ],drive [ 88 ] [ 0 ] [ 1683 1872 1905 ] [   33   19   -1 ] [  14875  11054   7143 ] [ 0 ],1.00,1.00,1.00,1.20,48.19,53.75,0.00,0.00,0.00,0.00,0.00,-0.00,0.00,0.00,0.00,0.00,0.00,0.00,0.00,0.00,0.00,0
0.678868,49,45,434,0,DRIVE [ 89 ] [ 1 ] [ 1660 1874 1905 ] [    0    0    0 ] [      0      0      0 ] [ 0 ],drive [ 89 ] [ 0 ] [ 1671 1873 1905 ] [   20    5   -1 ] [  14875  11054   7143 ] [ 0 ],1.00,1.00,1.00,1.20,48.94,53.50,0.00,0.00,0.00,0.00,0.00,-0.00,0.00,0.00,0.00,0.00,0.00,0.00,0.00,0.00,0.00,0
0.691785,49,45,432,0,DRIVE [ 90 ] [ 1 ] [ 1652 1873 1905 ] [    0    0    0 ] [      0      0      0 ] [ 0 ],drive [ 89 ] [ 0 ] [ 1660 1874 1905 ] [   20    5   -1 ] [  14875  11054   7143 ] [ 0 ],1.00,1.00,1.00,1.20,49.37,53.69,0.00,0.00,0.00,0.00,0.00,-0.00,0.00,0.00,0.00,0.00,0.00,0.00,0.00,0.00,0.00,0
0.704818,49,45,426,0,DRIVE [ 90 ] [ 1 ] [ 1643 1872 1905 ] [    0    0    0 ] [      0      0      0 ] [ 0 ],drive [ 90 ] [ 0 ] [ 1652 1873 1905 ] [   20    5   -1 ] [  14875  11054   7143 ] [ 0 ],1.00,1.00,1.00,1.20,49.22,53.46,0.00,0.00,0.00,0.00,0.00,-0.00,0.00,0.00,0.00,0.00,0.00,0.00,0.00,0.00,0.00,0
0.718094,49,45,424,0,DRIVE [ 91 ] [ 1 ] [ 1636 1870 1905 ] [    0    0    0 ] [      0      0      0 ] [ 0 ],drive [ 90 ] [ 0 ] [ 1643 1872 1905 ] [   20    5   -1 ] [  14880  10900   7182 ] [ 0 ],1.00,1.00,1.00,1.20,49.11,54.27,0.00,0.00,0.00,0.00,0.00,-0.00,0.00,0.00,0.00,0.00,0.00,0.00,0.00,0.00,0.00,0
0.731647,49,46,419,0,DRIVE [ 91 ] [ 1 ] [ 1628 1866 1905 ] [    0    0    0 ] [      0      0      0 ] [ 0 ],drive [ 91 ] [ 0 ] [ 1636 1870 1905 ] [   39   16   21 ] [  14880  10900   7182 ] [ 0 ],1.00,1.00,1.00,1.20,48.56,55.13,0.00,0.00,0.00,0.00,0.00,-0.00,0.00,0.00,0.00,0.00,0.00,0.00,0.00,0.00,0.00,0
0.743962,48,47,416,0,DRIVE [ 92 ] [ 1 ] [ 1621 1862 1905 ] [    0    0    0 ] [      0      0      0 ] [ 0 ],drive [ 91 ] [ 0 ] [ 1628 1866 1905 ] [   39   16   21 ] [  14880  10900   7182 ] [ 0 ],1.00,1.00,1.00,1.20,48.02,56.17,0.00,0.00,0.00,0.00,0.00,-0.00,0.00,0.00,0.00,0.00,0.00,0.00,0.00,0.00,0.00,0
0.75714,47,47,412,0,DRIVE [ 92 ] [ 1 ] [ 1614 1858 1905 ] [    0    0    0 ] [      0      0      0 ] [ 0 ],drive [ 92 ] [ 0 ] [ 1621 1862 1905 ] [   39   16   21 ] [  15006  10866   7184 ] [ 0 ],1.00,1.00,1.00,1.20,47.33,56.86,0.00,0.00,0.00,0.00,0.00,-0.00,0.00,0.00,0.00,0.00,0.00,0.00,0.00,0.00,0.00,0
0.769904,47,48,409,0,DRIVE [ 93 ] [ 1 ] [ 1606 1855 1905 ] [    0    0    0 ] [      0      0      0 ] [ 0 ],drive [ 92 ] [ 0 ] [ 1614 1858 1905 ] [   39   16   21 ] [  15006  10866   7184 ] [ 0 ],1.00,1.00,1.00,1.20,46.99,57.83,0.00,0.00,0.00,0.00,0.00,-0.00,0.00,0.00,0.00,0.00,0.00,0.00,0.00,0.00,0.00,0
0.782149,46,49,404,0,DRIVE [ 93 ] [ 1 ] [ 1599 1851 1905 ] [    0    0    0 ] [      0      0      0 ] [ 0 ],drive [ 93 ] [ 0 ] [ 1606 1855 1905 ] [   56   18   20 ] [  15006  10866   7184 ] [ 0 ],1.00,1.00,1.00,1.20,46.46,58.43,0.00,0.00,0.00,0.00,0.00,-0.00,0.00,0.00,0.00,0.00,0.00,0.00,0.00,0.00,0.00,0
0.794823,46,49,401,0,DRIVE [ 94 ] [ 1 ] [ 1591 1848 1905 ] [    0    0    0 ] [      0      0      0 ] [ 0 ],drive [ 93 ] [ 0 ] [ 1599 1851 1905 ] [   56   18   20 ] [  15006  10866   7184 ] [ 0 ],1.00,1.00,1.00,1.20,46.14,59.13,0.00,0.00,0.00,0.00,0.00,-0.00,0.00,0.00,0.00,0.00,0.00,0.00,0.00,0.00,0.00,0
0.807521,46,50,397,0,DRIVE [ 94 ] [ 1 ] [ 1583 1844 1905 ] [    0    0    0 ] [      0      0      0 ] [ 0 ],drive [ 94 ] [ 0 ] [ 1591 1848 1905 ] [   56   18   20 ] [  15132  10800   7182 ] [ 0 ],1.00,1.00,1.00,1.20,45.58,59.69,0.00,0.00,0.00,0.00,0.00,-0.00,0.00,0.00,0.00,0.00,0.00,0.00,0.00,0.00,0.00,0
0.820313,45,51,392,0,DRIVE [ 95 ] [ 1 ] [ 1574 1838 1905 ] [    0    0    0 ] [      0      0      0 ] [ 0 ],drive [ 94 ] [ 0 ] [ 1583 1844 1905 ] [   50   25   20 ] [  15132  10800   7182 ] [ 0 ],1.00,1.00,1.00,1.20,45.06,60.80,0.00,0.00,0.00,0.00,0.00,-0.00,0.00,0.00,0.00,0.00,0.00,0.00,0.00,0.00,0.00,0
0.83325,45,52,389,0,DRIVE [ 95 ] [ 1 ] [ 1565 1833 1905 ] [    0    0    0 ] [      0      0      0 ] [ 0 ],drive [ 95 ] [ 0 ] [ 1574 1838 1905 ] [   50   25   20 ] [  15132  10800   7182 ] [ 0 ],1.00,1.00,1.00,1.20,44.69,62.11,0.00,0.00,0.00,0.00,0.00,-0.00,0.00,0.00,0.00,0.00,0.00,0.00,0.00,0.00,0.00,0
0.845669,44,52,383,0,DRIVE [ 96 ] [ 1 ] [ 1555 1827 1905 ] [    0    0    0 ] [      0      0      0 ] [ 0 ],drive [ 95 ] [ 0 ] [ 1565 1833 1905 ] [   50   25   20 ] [  15132  10800   7182 ] [ 0 ],1.00,1.00,1.00,1.20,44.02,62.89,0.00,0.00,0.00,0.00,0.00,-0.00,0.00,0.00,0.00,0.00,0.00,0.00,0.00,0.00,0.00,0
0.858624,44,54,380,0,DRIVE [ 96 ] [ 1 ] [ 1545 1821 1905 ] [    0    0    0 ] [      0      0      0 ] [ 0 ],drive [ 96 ] [ 0 ] [ 1555 1827 1905 ] [   50   25   20 ] [  15224  10566   7182 ] [ 0 ],1.00,1.00,1.00,1.20,43.69,64.56,0.00,0.00,0.00,0.00,0.00,-0.00,0.00,0.00,0.00,0.00,0.00,0.00,0.00,0.00,0.00,0
0.871199,43,55,375,0,DRIVE [ 97 ] [ 1 ] [ 1534 1814 1905 ] [    0    0    0 ] [      0      0      0 ] [ 0 ],drive [ 96 ] [ 0 ] [ 1545 1821 1905 ] [   37   13   20 ] [  15224  10566   7182 ] [ 0 ],1.00,1.00,1.00,1.20,43.18,65.86,0.00,0.00,0.00,0.00,0.00,-0.00,0.00,0.00,0.00,0.00,0.00,0.00,0.00,0.00,0.00,0
0.884068,43,56,371,0,DRIVE [ 97 ] [ 1 ] [ 1522 1807 1905 ] [    0    0    0 ] [      0      0      0 ] [ 0 ],drive [ 97 ] [ 0 ] [ 1534 1814 1905 ] [   37   13   20 ] [  15224  10566   7182 ] [ 0 ],1.00,1.00,1.00,1.20,42.88,67.29,0.00,0.00,0.00,0.00,0.00,-0.00,0.00,0.00,0.00,0.00,0.00,0.00,0.00,0.00,0.00,0
0.89705,43,58,366,0,DRIVE [ 98 ] [ 1 ] [ 1504 1799 1905 ] [    0    0    0 ] [      0      0      0 ] [ 0 ],drive [ 97 ] [ 0 ] [ 1522 1807 1905 ] [   37   13   20 ] [  15224  10566   7182 ] [ 0 ],1.00,1.00,1.00,1.20,43.34,69.24,0.00,0.00,0.00,0.00,0.00,-0.00,0.00,0.00,0.00,0.00,0.00,0.00,0.00,0.00,0.00,0
0.909436,44,59,360,0,DRIVE [ 98 ] [ 1 ] [ 1485 1793 1905 ] [    0    0    0 ] [      0      0      0 ] [ 0 ],drive [ 98 ] [ 0 ] [ 1504 1799 1905 ] [   37   13   20 ] [  15232  10557   7182 ] [ 0 ],1.00,1.00,1.00,1.20,43.69,70.34,0.00,0.00,0.00,0.00,0.00,-0.00,0.00,0.00,0.00,0.00,0.00,0.00,0.00,0.00,0.00,0
0.922197,45,60,358,0,DRIVE [ 99 ] [ 1 ] [ 1466 1789 1905 ] [    0    0    0 ] [      0      0      0 ] [ 0 ],drive [ 98 ] [ 0 ] [ 1485 1793 1905 ] [   57   16   20 ] [  15232  10557   7182 ] [ 0 ],1.00,1.00,1.00,1.20,44.96,72.03,0.00,0.00,0.00,0.00,0.00,-0.00,0.00,0.00,0.00,0.00,0.00,0.00,0.00,0.00,0.00,0
0.935224,46,61,354,0,DRIVE [ 99 ] [ 1 ] [ 1445 1786 1905 ] [    0    0    0 ] [      0      0      0 ] [ 0 ],drive [ 99 ] [ 0 ] [ 1466 1789 1905 ] [   57   16   20 ] [  15232  10557   7182 ] [ 0 ],1.00,1.00,1.00,1.20,46.12,72.96,0.00,0.00,0.00,0.00,0.00,-0.00,0.00,0.00,0.00,0.00,0.00,0.00,0.00,0.00,0.00,0
0.948189,48,61,351,0,DRIVE [ 00 ] [ 1 ] [ 1423 1784 1905 ] [    0    0    0 ] [      0      0      0 ] [ 0 ],drive [ 99 ] [ 0 ] [ 1445 1786 1905 ] [   57   16   20 ] [  15232  10557   7182 ] [ 0 ],1.00,1.00,1.00,1.20,47.59,73.71,0.00,0.00,0.00,0.00,0.00,-0.00,0.00,0.00,0.00,0.00,0.00,0.00,0.00,0.00,0.00,0
0.960981,49,62,347,0,DRIVE [ 00 ] [ 1 ] [ 1398 1783 1905 ] [    0    0    0 ] [      0      0      0 ] [ 0 ],drive [ 00 ] [ 0 ] [ 1423 1784 1905 ] [   57   16   20 ] [  15439  10555   7176 ] [ 0 ],1.00,1.00,1.00,1.20,49.29,74.25,0.00,0.00,0.00,0.00,0.00,-0.00,0.00,0.00,0.00,0.00,0.00,0.00,0.00,0.00,0.00,0
0.974175,51,62,344,0,DRIVE [ 01 ] [ 1 ] [ 1374 1783 1905 ] [    0    0    0 ] [      0      0      0 ] [ 0 ],drive [ 00 ] [ 0 ] [ 1398 1783 1905 ] [   66   17   12 ] [  15439  10555   7176 ] [ 0 ],1.00,1.00,1.00,1.20,51.23,74.71,0.00,0.00,0.00,0.00,0.00,-0.00,0.00,0.00,0.00,0.00,0.00,0.00,0.00,0.00,0.00,0
0.986794,53,62,340,0,DRIVE [ 01 ] [ 1 ] [ 1349 1785 1905 ] [    0    0    0 ] [      0      0      0 ] [ 0 ],drive [ 01 ] [ 0 ] [ 1374 1783 1905 ] [   66   17   12 ] [  15439  10555   7176 ] [ 0 ],1.00,1.00,1.00,1.20,52.95,74.39,0.00,0.00,0.00,0.00,0.00,-0.00,0.00,0.00,0.00,0.00,0.00,0.00,0.00,0.00,0.00,0
0.999464,55,62,337,0,DRIVE [ 02 ] [ 1 ] [ 1325 1787 1905 ] [    0    0    0 ] [      0      0      0 ] [ 0 ],drive [ 01 ] [ 0 ] [ 1349 1785 1905 ] [   66   17   12 ] [  15439  10555   7176 ] [ 0 ],1.00,1.00,1.00,1.20,54.70,74.20,0.00,0.00,0.00,0.00,0.00,-0.00,0.00,0.00,0.00,0.00,0.00,0.00,0.00,0.00,0.00,0
1.01185,56,62,333,0,DRIVE [ 02 ] [ 1 ] [ 1300 1790 1905 ] [    0    0    0 ] [      0      0      0 ] [ 0 ],drive [ 02 ] [ 0 ] [ 1325 1787 1905 ] [   66   17   12 ] [  15686  10430   7172 ] [ 0 ],1.00,1.00,1.00,1.20,56.34,73.81,0.00,0.00,0.00,0.00,0.00,-0.00,0.00,0.00,0.00,0.00,0.00,0.00,0.00,0.00,0.00,0
1.02466,58,61,328,0,DRIVE [ 03 ] [ 1 ] [ 1272 1792 1905 ] [    0    0    0 ] [      0      0      0 ] [ 0 ],drive [ 02 ] [ 0 ] [ 1300 1790 1905 ] [   76   37   10 ] [  15686  10430   7172 ] [ 0 ],1.00,1.00,1.00,1.20,58.03,73.49,0.00,0.00,0.00,0.00,0.00,-0.00,0.00,0.00,0.00,0.00,0.00,0.00,0.00,0.00,0.00,0
1.03732,60,61,326,0,DRIVE [ 03 ] [ 1 ] [ 1246 1794 1905 ] [    0    0    0 ] [      0      0      0 ] [ 0 ],drive [ 03 ] [ 0 ] [ 1272 1792 1905 ] [   76   37   10 ] [  15686  10430   7172 ] [ 0 ],1.00,1.00,1.00,1.20,59.83,73.63,0.00,0.00,0.00,0.00,0.00,-0.00,0.00,0.00,0.00,0.00,0.00,0.00,0.00,0.00,0.00,0
1.0496,61,61,323,0,DRIVE [ 04 ] [ 1 ] [ 1219 1795 1905 ] [    0    0    0 ] [      0      0      0 ] [ 0 ],drive [ 03 ] [ 0 ] [ 1246 1794 1905 ] [   76   37   10 ] [  15686  10430   7172 ] [ 0 ],1.00,1.00,1.00,1.20,61.35,73.68,0.00,0.00,0.00,0.00,0.00,-0.00,0.00,0.00,0.00,0.00,0.00,0.00,0.00,0.00,0.00,0
1.06227,63,62,320,0,DRIVE [ 04 ] [ 1 ] [ 1192 1795 1905 ] [    0    0    0 ] [      0      0      0 ] [ 0 ],drive [ 04 ] [ 0 ] [ 1219 1795 1905 ] [   76   37   10 ] [  15873  10310   7165 ] [ 0 ],1.00,1.00,1.00,1.20,62.83,74.12,0.00,0.00,0.00,0.00,0.00,-0.00,0.00,0.00,0.00,0.00,0.00,0.00,0.00,0.00,0.00,0
1.07478,64,62,318,0,DRIVE [ 05 ] [ 1 ] [ 1166 1795 1905 ] [    0    0    0 ] [      0      0      0 ] [ 0 ],drive [ 04 ] [ 0 ] [ 1192 1795 1905 ] [   64   35    0 ] [  15873  10310   7165 ] [ 0 ],1.00,1.00,1.00,1.20,64.28,74.47,0.00,0.00,0.00,0.00,0.00,-0.00,0.00,0.00,0.00,0.00,0.00,0.00,0.00,0.00,0.00,0
1.08714,65,62,314,0,DRIVE [ 05 ] [ 1 ] [ 1139 1796 1905 ] [    0    0    0 ] [      0      0      0 ] [ 0 ],drive [ 05 ] [ 0 ] [ 1166 1795 1905 ] [   64   35    0 ] [  15873  10310   7165 ] [ 0 ],1.00,1.00,1.00,1.20,65.46,74.57,0.00,0.00,0.00,0.00,0.00,-0.00,0.00,0.00,0.00,0.00,0.00,0.00,0.00,0.00,0.00,0
1.09961,67,62,311,0,DRIVE [ 06 ] [ 1 ] [ 1113 1796 1905 ] [    0    0    0 ] [      0      0      0 ] [ 0 ],drive [ 05 ] [ 0 ] [ 1139 1796 1905 ] [   64   35    0 ] [  15873  10310   7165 ] [ 0 ],1.00,1.00,1.00,1.20,66.55,74.82,0.00,0.00,0.00,0.00,0.00,-0.00,0.00,0.00,0.00,0.00,0.00,0.00,0.00,0.00,0.00,0
1.11163,68,62,307,0,DRIVE [ 06 ] [ 1 ] [ 1083 1796 1905 ] [    0    0    0 ] [      0      0      0 ] [ 0 ],drive [ 06 ] [ 0 ] [ 1113 1796 1905 ] [   64   35    0 ] [  16282  10145   7077 ] [ 0 ],1.00,1.00,1.00,1.20,67.70,74.89,0.00,0.00,0.00,0.00,0.00,-0.00,0.00,0.00,0.00,0.00,0.00,0.00,0.00,0.00,0.00,0
1.12431,69,62,304,0,DRIVE [ 07 ] [ 1 ] [ 1065 1798 1905 ] [    0    0    0 ] [      0      0      0 ] [ 0 ],drive [ 06 ] [ 0 ] [ 1083 1796 1905 ] [   75   16    4 ] [  16282  10145   7077 ] [ 0 ],1.00,1.00,1.00,1.20,68.83,74.81,0.00,0.00,0.00,0.00,0.00,-0.00,0.00,0.00,0.00,0.00,0.00,0.00,0.00,0.00,0.00,0
1.13663,70,62,300,0,DRIVE [ 07 ] [ 1 ] [ 1047 1800 1905 ] [    0    0    0 ] [      0      0      0 ] [ 0 ],drive [ 07 ] [ 0 ] [ 1065 1798 1905 ] [   75   16    4 ] [  16282  10145   7077 ] [ 0 ],1.00,1.00,1.00,1.20,69.66,74.67,0.00,0.00,0.00,0.00,0.00,-0.00,0.00,0.00,0.00,0.00,0.00,0.00,0.00,0.00,0.00,0
1.14886,71,62,297,0,DRIVE [ 08 ] [ 1 ] [ 1030 1802 1905 ] [    0    0    0 ] [      0      0      0 ] [ 0 ],drive [ 07 ] [ 0 ] [ 1047 1800 1905 ] [   75   16    4 ] [  16282  10145   7077 ] [ 0 ],1.00,1.00,1.00,1.20,70.72,74.88,0.00,0.00,0.00,0.00,0.00,-0.00,0.00,0.00,0.00,0.00,0.00,0.00,0.00,0.00,0.00,0
1.16088,72,62,294,0,DRIVE [ 08 ] [ 1 ] [ 1013 1803 1905 ] [    0    0    0 ] [      0      0      0 ] [ 0 ],drive [ 08 ] [ 0 ] [ 1030 1802 1905 ] [   75   16    4 ] [  16600   9974   7038 ] [ 0 ],1.00,1.00,1.00,1.20,71.53,74.96,0.00,0.00,0.00,0.00,0.00,-0.00,0.00,0.00,0.00,0.00,0.00,0.00,0.00,0.00,0.00,0
1.17318,72,63,291,0,DRIVE [ 09 ] [ 1 ] [ 0997 1803 1905 ] [    0    0    0 ] [      0      0      0 ] [ 0 ],drive [ 08 ] [ 0 ] [ 1013 1803 1905 ] [   93   34   22 ] [  16600   9974   7038 ] [ 0 ],1.00,1.00,1.00,1.20,72.47,75.26,0.00,0.00,0.00,0.00,0.00,-0.00,0.00,0.00,0.00,0.00,0.00,0.00,0.00,0.00,0.00,0
1.18538,73,63,289,0,DRIVE [ 09 ] [ 1 ] [ 0982 1803 1905 ] [    0    0    0 ] [      0      0      0 ] [ 0 ],drive [ 09 ] [ 0 ] [ 0997 1803 1905 ] [   93   34   22 ] [  16600   9974   7038 ] [ 0 ],1.00,1.00,1.00,1.20,73.15,75.60,0.00,0.00,0.00,0.00,0.00,-0.00,0.00,0.00,0.00,0.00,0.00,0.00,0.00,0.00,0.00,0
1.19764,74,63,286,0,DRIVE [ 10 ] [ 1 ] [ 0969 1803 1905 ] [    0    0    0 ] [      0      0      0 ] [ 0 ],drive [ 09 ] [ 0 ] [ 0982 1803 1905 ] [   93   34   22 ] [  16600   9974   7038 ] [ 0 ],1.00,1.00,1.00,1.20,73.73,75.84,0.00,0.00,0.00,0.00,0.00,-0.00,0.00,0.00,0.00,0.00,0.00,0.00,0.00,0.00,0.00,0
1.20946,74,63,282,0,DRIVE [ 10 ] [ 1 ] [ 0955 1802 1905 ] [    0    0    0 ] [      0      0      0 ] [ 0 ],drive [ 10 ] [ 0 ] [ 0969 1803 1905 ] [   93   34   22 ] [  16841   9848   6923 ] [ 0 ],1.00,1.00,1.00,1.20,74.01,75.93,0.00,0.00,0.00,0.00,0.00,-0.00,0.00,0.00,0.00,0.00,0.00,0.00,0.00,0.00,0.00,0
1.22171,75,63,280,0,DRIVE [ 11 ] [ 1 ] [ 0940 1802 1905 ] [    0    0    0 ] [      0      0      0 ] [ 0 ],drive [ 10 ] [ 0 ] [ 0955 1802 1905 ] [   88   33    0 ] [  16841   9848   6923 ] [ 0 ],1.00,1.00,1.00,1.20,74.65,76.17,0.00,0.00,0.00,0.00,0.00,-0.00,0.00,0.00,0.00,0.00,0.00,0.00,0.00,0.00,0.00,0
1.2338,76,64,277,0,DRIVE [ 11 ] [ 1 ] [ 0922 1802 1905 ] [    0    0    0 ] [      0      0      0 ] [ 0 ],drive [ 11 ] [ 0 ] [ 0940 1802 1905 ] [   88   33    0 ] [  16841   9848   6923 ] [ 0 ],1.00,1.00,1.00,1.20,75.53,76.64,0.00,0.00,0.00,0.00,0.00,-0.00,0.00,0.00,0.00,0.00,0.00,0.00,0.00,0.00,0.00,0
1.24561,76,64,274,0,DRIVE [ 12 ] [ 1 ] [ 0906 1801 1905 ] [    0    0    0 ] [      0      0      0 ] [ 0 ],drive [ 11 ] [ 0 ] [ 0922 1802 1905 ] [   88   33    0 ] [  16841   9848   6923 ] [ 0 ],1.00,1.00,1.00,1.20,76.09,76.98,0.00,0.00,0.00,0.00,0.00,-0.00,0.00,0.00,0.00,0.00,0.00,0.00,0.00,0.00,0.00,0
1.25879,76,64,271,0,DRIVE [ 12 ] [ 1 ] [ 0892 1801 1905 ] [    0    0    0 ] [      0      0      0 ] [ 0 ],drive [ 12 ] [ 0 ] [ 0906 1801 1905 ] [   88   33    0 ] [  16988   9782   6848 ] [ 0 ],1.00,1.00,1.00,1.20,76.29,77.03,0.00,0.00,0.00,0.00,0.00,-0.00,0.00,0.00,0.00,0.00,0.00,0.00,0.00,0.00,0.00,0
1.27083,77,64,268,0,DRIVE [ 13 ] [ 1 ] [ 0880 1800 1905 ] [    0    0    0 ] [      0      0      0 ] [ 0 ],drive [ 12 ] [ 0 ] [ 0892 1801 1905 ] [  118   24    3 ] [  16988   9782   6848 ] [ 0 ],1.00,1.00,1.00,1.20,76.62,77.36,0.00,0.00,0.00,0.00,0.00,-0.00,0.00,0.00,0.00,0.00,0.00,0.00,0.00,0.00,0.00,0
1.28291,77,65,266,0,DRIVE [ 13 ] [ 1 ] [ 0870 1798 1905 ] [    0    0    0 ] [      0      0      0 ] [ 0 ],drive [ 13 ] [ 0 ] [ 0880 1800 1905 ] [  118   24    3 ] [  16988   9782   6848 ] [ 0 ],1.00,1.00,1.00,1.20,76.92,77.74,0.00,0.00,0.00,0.00,0.00,-0.00,0.00,0.00,0.00,0.00,0.00,0.00,0.00,0.00,0.00,0
1.29473,77,65,265,0,DRIVE [ 14 ] [ 1 ] [ 0863 1797 1905 ] [    0    0    0 ] [      0      0      0 ] [ 0 ],drive [ 13 ] [ 0 ] [ 0870 1798 1905 ] [  118   24    3 ] [  16988   9782   6848 ] [ 0 ],1.00,1.00,1.00,1.20,77.05,77.92,0.00,0.00,0.00,0.00,0.00,-0.00,0.00,0.00,0.00,0.00,0.00,0.00,0.00,0.00,0.00,0
1.30684,77,65,263,0,DRIVE [ 14 ] [ 1 ] [ 0857 1797 1905 ] [    0    0    0 ] [      0      0      0 ] [ 0 ],drive [ 14 ] [ 0 ] [ 0863 1797 1905 ] [  118   24    3 ] [  17163   9709   6709 ] [ 0 ],1.00,1.00,1.00,1.20,77.10,77.90,0.00,0.00,0.00,0.00,0.00,-0.00,0.00,0.00,0.00,0.00,0.00,0.00,0.00,0.00,0.00,0
1.31897,77,65,262,0,DRIVE [ 15 ] [ 1 ] [ 0853 1796 1905 ] [    0    0    0 ] [      0      0      0 ] [ 0 ],drive [ 14 ] [ 0 ] [ 0857 1797 1905 ] [  118   24    3 ] [  17163   9709   6709 ] [ 0 ],1.00,1.00,1.00,1.20,77.02,77.83,0.00,0.00,0.00,0.00,0.00,-0.00,0.00,0.00,0.00,0.00,0.00,0.00,0.00,0.00,0.00,0
1.33106,77,65,260,0,DRIVE [ 15 ] [ 1 ] [ 0851 1796 1905 ] [    0    0    0 ] [      0      0      0 ] [ 0 ],drive [ 15 ] [ 0 ] [ 0853 1796 1905 ] [  113   32    6 ] [  17163   9709   6709 ] [ 0 ],1.00,1.00,1.00,1.20,76.65,77.51,0.00,0.00,0.00,0.00,0.00,-0.00,0.00,0.00,0.00,0.00,0.00,0.00,0.00,0.00,0.00,0
1.34275,76,64,258,0,DRIVE [ 16 ] [ 1 ] [ 0852 1794 1905 ] [    0    0    0 ] [      0      0      0 ] [ 0 ],drive [ 15 ] [ 0 ] [ 0851 1796 1905 ] [  113   32    6 ] [  17163   9709   6709 ] [ 0 ],1.00,1.00,1.00,1.20,75.91,77.19,0.00,0.00,0.00,0.00,0.00,-0.00,0.00,0.00,0.00,0.00,0.00,0.00,0.00,0.00,0.00,0
1.35489,75,64,257,0,DRIVE [ 16 ] [ 1 ] [ 0856 1791 1905 ] [    0    0    0 ] [      0      0      0 ] [ 0 ],drive [ 16 ] [ 0 ] [ 0852 1794 1905 ] [  113   32    6 ] [  17293   9634   6665 ] [ 0 ],1.00,1.00,1.00,1.20,75.14,77.14,0.00,0.00,0.00,0.00,0.00,-0.00,0.00,0.00,0.00,0.00,0.00,0.00,0.00,0.00,0.00,0
1.36685,74,64,255,0,DRIVE [ 17 ] [ 1 ] [ 0861 1788 1905 ] [    0    0    0 ] [      0      0      0 ] [ 0 ],drive [ 16 ] [ 0 ] [ 0856 1791 1905 ] [  113   32    6 ] [  17293   9634   6665 ] [ 0 ],1.00,1.00,1.00,1.20,73.94,76.77,0.00,0.00,0.00,0.00,0.00,-0.00,0.00,0.00,0.00,0.00,0.00,0.00,0.00,0.00,0.00,0
1.37863,73,64,253,0,DRIVE [ 17 ] [ 1 ] [ 0867 1785 1905 ] [    0    0    0 ] [      0      0      0 ] [ 0 ],drive [ 17 ] [ 0 ] [ 0861 1788 1905 ] [  104   16   23 ] [  17293   9634   6665 ] [ 0 ],1.00,1.00,1.00,1.20,72.77,76.46,0.00,0.00,0.00,0.00,0.00,-0.00,0.00,0.00,0.00,0.00,0.00,0.00,0.00,0.00,0.00,0
1.39126,72,63,252,0,DRIVE [ 18 ] [ 1 ] [ 0876 1782 1905 ] [    0    0    0 ] [      0      0      0 ] [ 0 ],drive [ 17 ] [ 0 ] [ 0867 1785 1905 ] [  104   16   23 ] [  17293   9634   6665 ] [ 0 ],1.00,1.00,1.00,1.20,71.64,76.08,0.00,0.00,0.00,0.00,0.00,-0.00,0.00,0.00,0.00,0.00,0.00,0.00,0.00,0.00,0.00,0
1.4031,69,63,250,0,DRIVE [ 18 ] [ 1 ] [ 0896 1775 1905 ] [    0    0    0 ] [      0      0      0 ] [ 0 ],drive [ 18 ] [ 0 ] [ 0876 1782 1905 ] [  104   16   23 ] [  17293   9634   6665 ] [ 0 ],1.00,1.00,1.00,1.20,69.19,75.56,0.00,0.00,0.00,0.00,0.00,-0.00,0.00,0.00,0.00,0.00,0.00,0.00,0.00,0.00,0.00,0
1.41486,67,62,249,0,DRIVE [ 19 ] [ 1 ] [ 0919 1769 1905 ] [    0    0    0 ] [      0      0      0 ] [ 0 ],drive [ 18 ] [ 0 ] [ 0896 1775 1905 ] [  104   16   23 ] [  17551   9422   6504 ] [ 0 ],1.00,1.00,1.00,1.20,66.58,74.78,0.00,0.00,0.00,0.00,0.00,-0.00,0.00,0.00,0.00,0.00,0.00,0.00,-0.00,-0.00,0.00,0
1.42662,64,62,247,0,DRIVE [ 19 ] [ 1 ] [ 0945 1763 1905 ] [    0    0    0 ] [      0      0      0 ] [ 0 ],drive [ 19 ] [ 0 ] [ 0919 1769 1905 ] [  105   14    4 ] [  17551   9422   6504 ] [ 0 ],1.00,1.00,1.00,1.20,63.81,73.91,0.00,0.00,0.00,0.00,0.00,-0.00,0.00,0.00,0.00,0.00,0.00,0.00,-0.00,-0.00,0.00,0
1.43852,61,61,246,0,DRIVE [ 20 ] [ 1 ] [ 0973 1756 1905 ] [    0    0    0 ] [      0      0      0 ] [ 0 ],drive [ 19 ] [ 0 ] [ 0945 1763 1905 ] [  105   14    4 ] [  17551   9422   6504 ] [ 0 ],1.00,1.00,1.00,1.20,60.93,73.08,0.00,0.00,0.00,0.00,0.00,-0.00,0.00,0.00,0.00,0.00,0.00,0.00,-0.00,-0.00,0.00,0
1.45029,58,60,245,0,DRIVE [ 20 ] [ 1 ] [ 1004 1749 1905 ] [    0    0    0 ] [      0      0      0 ] [ 0 ],drive [ 20 ] [ 0 ] [ 0973 1756 1905 ] [  105   14    4 ] [  17551   9422   6504 ] [ 0 ],1.00,1.00,1.00,1.20,57.79,71.87,0.00,0.00,0.00,0.00,0.00,-0.00,0.00,0.00,0.00,0.00,0.00,0.00,-0.00,-0.00,0.00,0
1.46164,55,59,243,0,DRIVE [ 21 ] [ 1 ] [ 1034 1742 1905 ] [    0    0    0 ] [      0      0      0 ] [ 0 ],drive [ 20 ] [ 0 ] [ 1004 1749 1905 ] [  105   14    4 ] [  17623   9388   6401 ] [ 0 ],1.00,1.00,1.00,1.20,54.78,70.92,0.00,0.00,0.00,0.00,0.00,-0.00,0.00,0.00,0.00,0.00,0.00,0.00,-0.00,-0.00,0.00,0
1.47361,52,58,242,0,DRIVE [ 21 ] [ 1 ] [ 1064 1735 1905 ] [    0    0    0 ] [      0      0      0 ] [ 0 ],drive [ 21 ] [ 0 ] [ 1034 1742 1905 ] [   93   25   25 ] [  17623   9388   6401 ] [ 0 ],1.00,1.00,1.00,1.20,51.69,69.99,0.00,0.00,0.00,0.00,0.00,-0.00,0.00,0.00,0.00,0.00,0.00,0.00,-0.00,-0.00,0.00,0
1.4854,49,58,241,0,DRIVE [ 22 ] [ 1 ] [ 1095 1726 1905 ] [    0    0    0 ] [      0      0      0 ] [ 0 ],drive [ 21 ] [ 0 ] [ 1064 1735 1905 ] [   93   25   25 ] [  17623   9388   6401 ] [ 0 ],1.00,1.00,1.00,1.20,48.51,69.03,0.00,0.00,0.00,0.00,0.00,-0.00,0.00,0.00,0.00,0.00,0.00,0.00,-0.00,-0.00,0.00,0
1.49691,45,57,239,0,DRIVE [ 22 ] [ 1 ] [ 1126 1717 1905 ] [    0    0    0 ] [      0      0      0 ] [ 0 ],drive [ 22 ] [ 0 ] [ 1095 1726 1905 ] [   93   25   25 ] [  17623   9388   6401 ] [ 0 ],1.00,1.00,1.00,1.20,45.35,68.22,0.00,0.00,0.00,0.00,0.00,-0.00,0.00,0.00,0.00,0.00,0.00,0.00,-0.00,-0.00,0.00,0
1.50785,42,56,239,0,DRIVE [ 23 ] [ 1 ] [ 1158 1708 1905 ] [    0    0    0 ] [      0      0      0 ] [ 0 ],drive [ 22 ] [ 0 ] [ 1126 1717 1905 ] [   93   25   25 ] [  17621   9388   6386 ] [ 0 ],1.00,1.00,1.00,1.20,42.21,67.48,0.00,0.00,0.00,0.00,0.00,-0.00,0.00,0.00,0.00,0.00,0.00,0.00,-0.00,-0.00,0.00,0
1.51942,39,55,237,0,DRIVE [ 23 ] [ 1 ] [ 1190 1698 1905 ] [    0    0    0 ] [      0      0      0 ] [ 0 ],drive [ 23 ] [ 0 ] [ 1158 1708 1905 ] [   79   27   16 ] [  17621   9388   6386 ] [ 0 ],1.00,1.00,1.00,1.20,38.89,66.55,0.00,0.00,0.00,0.00,0.00,-0.00,0.00,0.00,0.00,0.00,0.00,0.00,-0.00,-0.00,0.00,0
1.53081,36,55,236,0,DRIVE [ 24 ] [ 1 ] [ 1222 1688 1905 ] [    0    0    0 ] [      0      0      0 ] [ 0 ],drive [ 23 ] [ 0 ] [ 1190 1698 1905 ] [   79   27   16 ] [  17621   9388   6386 ] [ 0 ],1.00,1.00,1.00,1.20,35.67,65.78,0.00,0.00,0.00,0.00,0.00,-0.00,0.00,0.00,0.00,0.00,0.00,0.00,-0.00,-0.00,0.00,0
1.5418,32,54,235,0,DRIVE [ 24 ] [ 1 ] [ 1253 1677 1905 ] [    0    0    0 ] [      0      0      0 ] [ 0 ],drive [ 24 ] [ 0 ] [ 1222 1688 1905 ] [   79   27   16 ] [  17621   9388   6386 ] [ 0 ],1.00,1.00,1.00,1.20,32.44,65.01,0.00,0.00,0.00,0.00,0.00,-0.00,0.00,0.00,0.00,0.00,0.00,0.00,-0.00,-0.00,0.00,0
1.55346,29,54,234,0,DRIVE [ 25 ] [ 1 ] [ 1285 1666 1905 ] [    0    0    0 ] [      0      0      0 ] [ 0 ],drive [ 24 ] [ 0 ] [ 1253 1677 1905 ] [   79   27   16 ] [  17621   9388   6386 ] [ 0 ],1.00,1.00,1.00,1.20,29.14,64.26,0.00,0.00,0.00,0.00,0.00,-0.00,0.00,0.00,0.00,0.00,0.00,0.00,-0.00,-0.00,0.00,0
1.56487,26,53,232,0,DRIVE [ 25 ] [ 1 ] [ 1316 1654 1905 ] [    0    0    0 ] [      0      0      0 ] [ 0 ],drive [ 25 ] [ 0 ] [ 1285 1666 1905 ] [   79   27   16 ] [  17615   9388   6315 ] [ 0 ],1.00,1.00,1.00,1.20,25.78,63.38,0.00,0.00,0.00,0.00,0.00,-0.00,0.00,0.00,0.00,0.00,0.00,0.00,-0.00,-0.00,0.00,0
1.57544,22,52,231,0,DRIVE [ 26 ] [ 1 ] [ 1348 1642 1905 ] [    0    0    0 ] [      0      0      0 ] [ 0 ],drive [ 25 ] [ 0 ] [ 1316 1654 1905 ] [   63   31   16 ] [  17615   9388   6315 ] [ 0 ],1.00,1.00,1.00,1.20,22.39,62.33,0.00,0.00,0.00,0.00,0.00,-0.00,0.00,0.00,0.00,0.00,0.00,0.00,-0.00,-0.00,0.00,0
1.58675,19,51,230,0,DRIVE [ 26 ] [ 1 ] [ 1382 1630 1905 ] [    0    0    0 ] [      0      0      0 ] [ 0 ],drive [ 26 ] [ 0 ] [ 1348 1642 1905 ] [   63   31   16 ] [  17615   9388   6315 ] [ 0 ],1.00,1.00,1.00,1.20,18.90,61.25,0.00,0.00,0.00,0.00,0.00,-0.00,0.00,0.00,0.00,0.00,0.00,0.00,-0.00,-0.00,0.00,0
1.59782,15,50,229,0,DRIVE [ 27 ] [ 1 ] [ 1415 1618 1905 ] [    0    0    0 ] [      0      0      0 ] [ 0 ],drive [ 26 ] [ 0 ] [ 1382 1630 1905 ] [   63   31   16 ] [  17615   9388   6315 ] [ 0 ],1.00,1.00,1.00,1.20,15.44,60.17,0.00,0.00,0.00,0.00,0.00,-0.00,0.00,0.00,0.00,0.00,0.00,0.00,-0.00,-0.00,0.00,0
1.60856,12,49,228,0,DRIVE [ 27 ] [ 1 ] [ 1447 1606 1905 ] [    0    0    0 ] [      0      0      0 ] [ 0 ],drive [ 27 ] [ 0 ] [ 1415 1618 1905 ] [   63   31   16 ] [  17608   9390   6255 ] [ 0 ],1.00,1.00,1.00,1.20,12.03,58.98,0.00,0.00,0.00,0.00,0.00,0.00,0.00,0.00,0.00,0.00,0.00,0.00,-0.00,-0.00,0.00,0
1.61992,9,48,227,0,DRIVE [ 28 ] [ 1 ] [ 1477 1593 1905 ] [    0    0    0 ] [      0      0      0 ] [ 0 ],drive [ 27 ] [ 0 ] [ 1447 1606 1905 ] [   44   35    5 ] [  17608   9390   6255 ] [ 0 ],1.00,1.00,1.00,1.20,8.78,57.78,0.00,0.00,0.00,0.00,0.00,0.00,0.00,0.00,0.00,0.00,0.00,0.00,-0.00,-0.00,0.00,0
1.63117,6,47,225,0,DRIVE [ 28 ] [ 1 ] [ 1504 1580 1905 ] [    0    0    0 ] [      0      0      0 ] [ 0 ],drive [ 28 ] [ 0 ] [ 1477 1593 1905 ] [   44   35    5 ] [  17608   9390   6255 ] [ 0 ],1.00,1.00,1.00,1.20,5.73,56.55,0.00,0.00,0.00,0.00,0.00,0.00,0.00,0.00,0.00,0.00,0.00,0.00,-0.00,-0.00,0.00,0
1.642,3,46,223,0,DRIVE [ 29 ] [ 1 ] [ 1528 1565 1905 ] [    0    0    0 ] [      0      0      0 ] [ 0 ],drive [ 28 ] [ 0 ] [ 1504 1580 1905 ] [   44   35    5 ] [  17608   9390   6255 ] [ 0 ],1.00,1.00,1.00,1.20,2.80,55.58,0.00,0.00,0.00,0.00,0.00,0.00,0.00,0.00,0.00,0.00,0.00,0.00,-0.00,-0.00,0.00,0
1.65332,0,46,221,0,DRIVE [ 29 ] [ 1 ] [ 1551 1549 1905 ] [    0    0    0 ] [      0      0      0 ] [ 0 ],drive [ 29 ] [ 0 ] [ 1528 1565 1905 ] [   44   35    5 ] [  17608   9390   6255 ] [ 0 ],1.00,1.00,1.00,1.20,-0.08,54.70,0.00,0.00,0.00,0.00,0.00,0.00,0.00,0.00,0.00,0.00,0.00,0.00,0.00,-0.00,0.00,0
1.66434,-3,45,219,0,DRIVE [ 30 ] [ 1 ] [ 1572 1531 1905 ] [    0    0    0 ] [      0      0      0 ] [ 0 ],drive [ 29 ] [ 0 ] [ 1551 1549 1905 ] [   44   35    5 ] [  17576   9392   6254 ] [ 0 ],1.00,1.00,1.00,1.20,-2.95,53.92,0.00,0.00,0.00,0.00,0.00,0.00,0.00,0.00,0.00,0.00,0.00,0.00,0.00,-0.00,0.00,0
1.67489,-6,44,218,0,DRIVE [ 30 ] [ 1 ] [ 1592 1512 1905 ] [    0    0    0 ] [      0      0      0 ] [ 0 ],drive [ 30 ] [ 0 ] [ 1572 1531 1905 ] [   49   38    4 ] [  17576   9392   6254 ] [ 0 ],1.00,1.00,1.00,1.20,-5.78,53.21,0.00,0.00,0.00,0.00,0.00,0.00,0.00,0.00,0.00,0.00,0.00,0.00,0.00,-0.00,0.00,0
1.68613,-9,44,217,0,DRIVE [ 31 ] [ 1 ] [ 1611 1492 1905 ] [    0    0    0 ] [      0      0      0 ] [ 0 ],drive [ 30 ] [ 0 ] [ 1592 1512 1905 ] [   49   38    4 ] [  17576   9392   6254 ] [ 0 ],1.00,1.00,1.00,1.20,-8.54,52.62,0.00,0.00,0.00,0.00,0.00,0.00,0.00,0.00,0.00,0.00,0.00,0.00,0.00,-0.00,0.00,0
1.69725,-11,43,215,0,DRIVE [ 31 ] [ 1 ] [ 1629 1470 1905 ] [    0    0    0 ] [      0      0      0 ] [ 0 ],drive [ 31 ] [ 0 ] [ 1611 1492 1905 ] [   49   38    4 ] [  17576   9392   6254 ] [ 0 ],1.00,1.00,1.00,1.20,-11.29,52.00,0.00,0.00,0.00,0.00,0.00,-0.00,0.00,0.00,0.00,0.00,0.00,0.00,0.00,0.00,0.00,0
1.70776,-14,43,213,0,DRIVE [ 32 ] [ 1 ] [ 1646 1447 1905 ] [    0    0    0 ] [      0      0      0 ] [ 0 ],drive [ 31 ] [ 0 ] [ 1629 1470 1905 ] [   49   38    4 ] [  17494   9403   6225 ] [ 0 ],1.00,1.00,1.00,1.20,-14.01,51.39,0.00,0.00,0.00,0.00,0.00,-0.00,0.00,0.00,0.00,0.00,0.00,0.00,0.00,0.00,0.00,0
1.71904,-17,42,212,0,DRIVE [ 32 ] [ 1 ] [ 1663 1423 1905 ] [    0    0    0 ] [      0      0      0 ] [ 0 ],drive [ 32 ] [ 0 ] [ 1646 1447 1905 ] [   30   44    4 ] [  17494   9403   6225 ] [ 0 ],1.00,1.00,1.00,1.20,-16.66,50.80,0.00,0.00,0.00,0.00,0.00,-0.00,0.00,0.00,0.00,0.00,0.00,0.00,0.00,0.00,0.00,0
1.73006,-19,42,211,0,DRIVE [ 33 ] [ 1 ] [ 1677 1398 1905 ] [    0    0    0 ] [      0      0      0 ] [ 0 ],drive [ 32 ] [ 0 ] [ 1663 1423 1905 ] [   30   44    4 ] [  17494   9403   6225 ] [ 0 ],1.00,1.00,1.00,1.20,-19.20,50.35,0.00,0.00,0.00,0.00,0.00,-0.00,0.00,0.00,0.00,0.00,0.00,0.00,0.00,0.00,0.00,0
1.74072,-22,42,209,0,DRIVE [ 33 ] [ 1 ] [ 1690 1372 1905 ] [    0    0    0 ] [      0      0      0 ] [ 0 ],drive [ 33 ] [ 0 ] [ 1677 1398 1905 ] [   30   44    4 ] [  17494   9403   6225 ] [ 0 ],1.00,1.00,1.00,1.20,-21.60,50.08,0.00,0.00,0.00,0.00,0.00,-0.00,0.00,0.00,0.00,0.00,0.00,0.00,0.00,0.00,0.00,0
1.75198,-24,42,207,0,DRIVE [ 34 ] [ 1 ] [ 1699 1343 1905 ] [    0    0    0 ] [      0      0      0 ] [ 0 ],drive [ 33 ] [ 0 ] [ 1690 1372 1905 ] [   30   44    4 ] [  17494   9403   6225 ] [ 0 ],1.00,1.00,1.00,1.20,-23.87,50.07,0.00,0.00,0.00,0.00,0.00,-0.00,0.00,0.00,0.00,0.00,0.00,0.00,0.00,0.00,0.00,0
1.76304,-26,42,205,0,DRIVE [ 34 ] [ 1 ] [ 1708 1314 1905 ] [    0    0    0 ] [      0      0      0 ] [ 0 ],drive [ 34 ] [ 0 ] [ 1699 1343 1905 ] [   30   44    4 ] [  17286   9457   6223 ] [ 0 ],1.00,1.00,1.00,1.20,-26.05,50.22,0.00,0.00,0.00,0.00,0.00,-0.00,0.00,0.00,0.00,0.00,0.00,0.00,0.00,0.00,0.00,0
1.77369,-28,42,203,0,DRIVE [ 35 ] [ 1 ] [ 1716 1285 1905 ] [    0    0    0 ] [      0      0      0 ] [ 0 ],drive [ 34 ] [ 0 ] [ 1708 1314 1905 ] [   37   69    3 ] [  17286   9457   6223 ] [ 0 ],1.00,1.00,1.00,1.20,-28.17,50.34,0.00,0.00,0.00,0.00,0.00,-0.00,0.00,0.00,0.00,0.00,0.00,0.00,0.00,0.00,0.00,0
1.78479,-30,42,201,0,DRIVE [ 35 ] [ 1 ] [ 1723 1255 1905 ] [    0    0    0 ] [      0      0      0 ] [ 0 ],drive [ 35 ] [ 0 ] [ 1716 1285 1905 ] [   37   69    3 ] [  17286   9457   6223 ] [ 0 ],1.00,1.00,1.00,1.20,-30.16,50.38,0.00,0.00,0.00,0.00,0.00,-0.00,0.00,0.00,0.00,0.00,0.00,0.00,0.00,0.00,0.00,0
1.79592,-32,42,200,0,DRIVE [ 36 ] [ 1 ] [ 1730 1228 1905 ] [    0    0    0 ] [      0      0      0 ] [ 0 ],drive [ 35 ] [ 0 ] [ 1723 1255 1905 ] [   37   69    3 ] [  17286   9457   6223 ] [ 0 ],1.00,1.00,1.00,1.20,-31.97,50.41,0.00,0.00,0.00,0.00,0.00,-0.00,0.00,0.00,0.00,0.00,0.00,0.00,0.00,0.00,0.00,0
1.80664,-34,42,198,0,DRIVE [ 36 ] [ 1 ] [ 1737 1203 1905 ] [    0    0    0 ] [      0      0      0 ] [ 0 ],drive [ 36 ] [ 0 ] [ 1730 1228 1905 ] [   37   69    3 ] [  17060   9820   6222 ] [ 0 ],1.00,1.00,1.00,1.20,-33.50,50.28,0.00,0.00,0.00,0.00,0.00,-0.00,0.00,0.00,0.00,0.00,0.00,0.00,0.00,0.00,0.00,0
1.81771,-35,42,196,0,DRIVE [ 37 ] [ 1 ] [ 1742 1181 1905 ] [    0    0    0 ] [      0      0      0 ] [ 0 ],drive [ 36 ] [ 0 ] [ 1737 1203 1905 ] [   37   69    3 ] [  17060   9820   6222 ] [ 0 ],1.00,1.00,1.00,1.20,-34.93,50.30,0.00,0.00,0.00,0.00,0.00,-0.00,0.00,0.00,0.00,0.00,0.00,0.00,0.00,0.00,0.00,0
1.82892,-36,42,195,0,DRIVE [ 37 ] [ 1 ] [ 1747 1161 1905 ] [    0    0    0 ] [      0      0      0 ] [ 0 ],drive [ 37 ] [ 0 ] [ 1742 1181 1905 ] [   31   87    5 ] [  17060   9820   6222 ] [ 0 ],1.00,1.00,1.00,1.20,-36.11,50.34,0.00,0.00,0.00,0.00,0.00,-0.00,0.00,0.00,0.00,0.00,0.00,0.00,0.00,0.00,0.00,0
1.83931,-37,42,193,0,DRIVE [ 38 ] [ 1 ] [ 1749 1142 1905 ] [    0    0    0 ] [      0      0      0 ] [ 0 ],drive [ 37 ] [ 0 ] [ 1747 1161 1905 ] [   31   87    5 ] [  17060   9820   6222 ] [ 0 ],1.00,1.00,1.00,1.20,-37.15,50.50,0.00,0.00,0.00,0.00,0.00,-0.00,0.00,0.00,0.00,0.00,0.00,0.00,0.00,0.00,0.00,0
1.85023,-38,42,192,0,DRIVE [ 38 ] [ 1 ] [ 1751 1124 1905 ] [    0    0    0 ] [      0      0      0 ] [ 0 ],drive [ 38 ] [ 0 ] [ 1749 1142 1905 ] [   31   87    5 ] [  17060   9820   6222 ] [ 0 ],1.00,1.00,1.00,1.20,-37.97,50.67,0.00,0.00,0.00,0.00,0.00,-0.00,0.00,0.00,0.00,0.00,0.00,0.00,0.00,0.00,0.00,0
1.8608,-39,42,190,0,DRIVE [ 39 ] [ 1 ] [ 1752 1108 1905 ] [    0    0    0 ] [      0      0      0 ] [ 0 ],drive [ 38 ] [ 0 ] [ 1751 1124 1905 ] [   31   87    5 ] [  16911  10094   6222 ] [ 0 ],1.00,1.00,1.00,1.20,-38.68,50.87,0.00,0.00,0.00,0.00,0.00,-0.00,0.00,0.00,0.00,0.00,0.00,0.00,0.00,0.00,0.00,0
1.87343,-39,43,189,0,DRIVE [ 39 ] [ 1 ] [ 1751 1092 1905 ] [    0    0    0 ] [      0      0      0 ] [ 0 ],drive [ 39 ] [ 0 ] [ 1752 1108 1905 ] [   20   81    4 ] [  16911  10094   6222 ] [ 0 ],1.00,1.00,1.00,1.20,-39.29,51.23,0.00,0.00,0.00,0.00,0.00,-0.00,0.00,0.00,0.00,0.00,0.00,0.00,0.00,0.00,0.00,0
1.88428,-40,43,187,0,DRIVE [ 40 ] [ 1 ] [ 1750 1078 1905 ] [    0    0    0 ] [      0      0      0 ] [ 0 ],drive [ 39 ] [ 0 ] [ 1751 1092 1905 ] [   20   81    4 ] [  16911  10094   6222 ] [ 0 ],1.00,1.00,1.00,1.20,-39.81,51.77,0.00,0.00,0.00,0.00,0.00,-0.00,0.00,0.00,0.00,0.00,0.00,0.00,0.00,0.00,0.00,0
1.89634,-40,44,186,0,DRIVE [ 40 ] [ 1 ] [ 1746 1065 1905 ] [    0    0    0 ] [      0      0      0 ] [ 0 ],drive [ 40 ] [ 0 ] [ 1750 1078 1905 ] [   20   81    4 ] [  16911  10094   6222 ] [ 0 ],1.00,1.00,1.00,1.20,-40.13,52.40,0.00,0.00,0.00,0.00,0.00,-0.00,0.00,0.00,0.00,0.00,0.00,0.00,0.00,0.00,0.00,0
1.90706,-40,44,185,0,DRIVE [ 41 ] [ 1 ] [ 1741 1054 1905 ] [    0    0    0 ] [      0      0      0 ] [ 0 ],drive [ 40 ] [ 0 ] [ 1746 1065 1905 ] [   20   81    4 ] [  16785  10360   6222 ] [ 0 ],1.00,1.00,1.00,1.20,-40.33,53.13,0.00,0.00,0.00,0.00,0.00,-0.00,0.00,0.00,0.00,0.00,0.00,0.00,0.00,0.00,0.00,0
1.91778,-40,45,184,0,DRIVE [ 41 ] [ 1 ] [ 1735 1044 1905 ] [    0    0    0 ] [      0      0      0 ] [ 0 ],drive [ 41 ] [ 0 ] [ 1741 1054 1905 ] [   20   81    4 ] [  16785  10360   6222 ] [ 0 ],1.00,1.00,1.00,1.20,-40.47,54.00,0.00,0.00,0.00,0.00,0.00,-0.00,0.00,0.00,0.00,0.00,0.00,0.00,0.00,0.00,0.00,0
1.92868,-40,46,182,0,DRIVE [ 42 ] [ 1 ] [ 1730 1034 1905 ] [    0    0    0 ] [      0      0      0 ] [ 0 ],drive [ 41 ] [ 0 ] [ 1735 1044 1905 ] [   25   82    5 ] [  16785  10360   6222 ] [ 0 ],1.00,1.00,1.00,1.20,-40.45,54.60,0.00,0.00,0.00,0.00,0.00,-0.00,0.00,0.00,0.00,0.00,0.00,0.00,0.00,0.00,0.00,0
1.93861,-41,46,181,0,DRIVE [ 42 ] [ 1 ] [ 1724 1024 1905 ] [    0    0    0 ] [      0      0      0 ] [ 0 ],drive [ 42 ] [ 0 ] [ 1730 1034 1905 ] [   25   82    5 ] [  16785  10360   6222 ] [ 0 ],1.00,1.00,1.00,1.20,-40.54,55.41,0.00,0.00,0.00,0.00,0.00,-0.00,0.00,0.00,0.00,0.00,0.00,0.00,0.00,0.00,0.00,0
1.94927,-40,47,179,0,DRIVE [ 43 ] [ 1 ] [ 1717 1013 1905 ] [    0    0    0 ] [      0      0      0 ] [ 0 ],drive [ 42 ] [ 0 ] [ 1724 1024 1905 ] [   25   82    5 ] [  16785  10360   6222 ] [ 0 ],1.00,1.00,1.00,1.20,-40.49,56.05,0.00,0.00,0.00,0.00,0.00,-0.00,0.00,0.00,0.00,0.00,0.00,0.00,0.00,0.00,0.00,0
1.95943,-41,47,178,0,DRIVE [ 43 ] [ 1 ] [ 1710 1002 1905 ] [    0    0    0 ] [      0      0      0 ] [ 0 ],drive [ 43 ] [ 0 ] [ 1717 1013 1905 ] [   25   82    5 ] [  16767  10469   6221 ] [ 0 ],1.00,1.00,1.00,1.20,-40.51,56.94,0.00,0.00,0.00,0.00,0.00,-0.00,0.00,0.00,0.00,0.00,0.00,0.00,0.00,0.00,0.00,0
1.97003,-41,48,177,0,DRIVE [ 44 ] [ 1 ] [ 1702 0991 1905 ] [    0    0    0 ] [      0      0      0 ] [ 0 ],drive [ 43 ] [ 0 ] [ 1710 1002 1905 ] [   37   92    4 ] [  16767  10469   6221 ] [ 0 ],1.00,1.00,1.00,1.20,-40.55,58.02,0.00,0.00,0.00,0.00,0.00,-0.00,0.00,0.00,0.00,0.00,0.00,0.00,0.00,0.00,0.00,0
1.98002,-40,49,175,0,DRIVE [ 44 ] [ 1 ] [ 1692 0979 1905 ] [    0    0    0 ] [      0      0      0 ] [ 0 ],drive [ 44 ] [ 0 ] [ 1702 0991 1905 ] [   37   92    4 ] [  16767  10469   6221 ] [ 0 ],1.00,1.00,1.00,1.20,-40.44,59.02,0.00,0.00,0.00,0.00,0.00,-0.00,0.00,0.00,0.00,0.00,0.00,0.00,0.00,0.00,0.00,0
1.99049,-40,50,173,0,DRIVE [ 45 ] [ 1 ] [ 1683 0968 1905 ] [    0    0    0 ] [      0      0      0 ] [ 0 ],drive [ 44 ] [ 0 ] [ 1692 0979 1905 ] [   37   92    4 ] [  16767  10469   6221 ] [ 0 ],1.00,1.00,1.00,1.20,-40.26,59.86,0.00,0.00,0.00,0.00,0.00,-0.00,0.00,0.00,0.00,0.00,0.00,0.00,0.00,0.00,0.00,0
2.00073,-40,50,171,0,DRIVE [ 45 ] [ 1 ] [ 1675 0957 1905 ] [    0    0    0 ] [      0      0      0 ] [ 0 ],drive [ 45 ] [ 0 ] [ 1683 0968 1905 ] [   37   92    4 ] [  16767  10469   6221 ] [ 0 ],1.00,1.00,1.00,1.20,-40.01,60.54,0.00,0.00,0.00,0.00,0.00,-0.00,0.00,0.00,0.00,0.00,0.00,0.00,0.00,0.00,0.00,0
2.01146,-40,51,169,0,DRIVE [ 46 ] [ 1 ] [ 1665 0946 1905 ] [    0    0    0 ] [      0      0      0 ] [ 0 ],drive [ 45 ] [ 0 ] [ 1675 0957 1905 ] [   37   92    4 ] [  16718  10566   6221 ] [ 0 ],1.00,1.00,1.00,1.20,-39.95,61.62,0.00,0.00,0.00,0.00,0.00,-0.00,0.00,0.00,0.00,0.00,0.00,0.00,0.00,0.00,0.00,0
2.02099,-40,52,168,0,DRIVE [ 46 ] [ 1 ] [ 1655 0936 1905 ] [    0    0    0 ] [      0      0      0 ] [ 0 ],drive [ 46 ] [ 0 ] [ 1665 0946 1905 ] [   23  110    4 ] [  16718  10566   6221 ] [ 0 ],1.00,1.00,1.00,1.20,-39.82,62.64,0.00,0.00,0.00,0.00,0.00,-0.00,0.00,0.00,0.00,0.00,0.00,0.00,0.00,0.00,0.00,0
2.03123,-40,53,167,0,DRIVE [ 47 ] [ 1 ] [ 1644 0927 1905 ] [    0    0    0 ] [      0      0      0 ] [ 0 ],drive [ 46 ] [ 0 ] [ 1655 0936 1905 ] [   23  110    4 ] [  16718  10566   6221 ] [ 0 ],1.00,1.00,1.00,1.20,-39.60,63.85,0.00,0.00,0.00,0.00,0.00,-0.00,0.00,0.00,0.00,0.00,0.00,0.00,0.00,0.00,0.00,0
2.04092,-39,54,165,0,DRIVE [ 47 ] [ 1 ] [ 1633 0919 1905 ] [    0    0    0 ] [      0      0      0 ] [ 0 ],drive [ 47 ] [ 0 ] [ 1644 0927 1905 ] [   23  110    4 ] [  16718  10566   6221 ] [ 0 ],1.00,1.00,1.00,1.20,-39.16,64.77,0.00,0.00,0.00,0.00,0.00,-0.00,0.00,0.00,0.00,0.00,0.00,0.00,0.00,0.00,0.00,0
2.05118,-39,55,164,0,DRIVE [ 48 ] [ 1 ] [ 1621 0916 1905 ] [    0    0    0 ] [      0      0      0 ] [ 0 ],drive [ 47 ] [ 0 ] [ 1633 0919 1905 ] [   23  110    4 ] [  16718  10566   6221 ] [ 0 ],1.00,1.00,1.00,1.20,-38.54,65.52,0.00,0.00,0.00,0.00,0.00,-0.00,0.00,0.00,0.00,0.00,0.00,0.00,0.00,0.00,0.00,0
2.06183,-38,55,163,0,DRIVE [ 48 ] [ 1 ] [ 1609 0914 1905 ] [    0    0    0 ] [      0      0      0 ] [ 0 ],drive [ 48 ] [ 0 ] [ 1621 0916 1905 ] [   23  110    4 ] [  16709  10677   6221 ] [ 0 ],1.00,1.00,1.00,1.20,-37.83,66.34,0.00,0.00,0.00,0.00,0.00,-0.00,0.00,0.00,0.00,0.00,0.00,0.00,0.00,0.00,0.00,0
2.07204,-37,56,161,0,DRIVE [ 49 ] [ 1 ] [ 1596 0913 1905 ] [    0    0    0 ] [      0      0      0 ] [ 0 ],drive [ 48 ] [ 0 ] [ 1609 0914 1905 ] [   27   95    5 ] [  16709  10677   6221 ] [ 0 ],1.00,1.00,1.00,1.20,-37.02,67.22,0.00,0.00,0.00,0.00,0.00,-0.00,0.00,0.00,0.00,0.00,0.00,0.00,0.00,0.00,0.00,0
2.08257,-36,57,160,0,DRIVE [ 49 ] [ 1 ] [ 1582 0914 1905 ] [    0    0    0 ] [      0      0      0 ] [ 0 ],drive [ 49 ] [ 0 ] [ 1596 0913 1905 ] [   27   95    5 ] [  16709  10677   6221 ] [ 0 ],1.00,1.00,1.00,1.20,-36.06,68.03,0.00,0.00,0.00,0.00,0.00,-0.00,0.00,0.00,0.00,0.00,0.00,0.00,0.00,0.00,0.00,0
2.09241,-35,57,158,0,DRIVE [ 50 ] [ 1 ] [ 1567 0917 1905 ] [    0    0    0 ] [      0      0      0 ] [ 0 ],drive [ 49 ] [ 0 ] [ 1582 0914 1905 ] [   27   95    5 ] [  16709  10677   6221 ] [ 0 ],1.00,1.00,1.00,1.20,-34.84,68.55,0.00,0.00,0.00,0.00,0.00,-0.00,0.00,0.00,0.00,0.00,0.00,0.00,0.00,0.00,0.00,0
2.10287,-34,58,157,0,DRIVE [ 50 ] [ 1 ] [ 1552 0920 1905 ] [    0    0    0 ] [      0      0      0 ] [ 0 ],drive [ 50 ] [ 0 ] [ 1567 0917 1905 ] [   27   95    5 ] [  16709  10677   6221 ] [ 0 ],1.00,1.00,1.00,1.20,-33.60,69.06,0.00,0.00,0.00,0.00,0.00,-0.00,0.00,0.00,0.00,0.00,0.00,0.00,0.00,0.00,0.00,0
2.11431,-32,58,155,0,DRIVE [ 51 ] [ 1 ] [ 1536 0925 1905 ] [    0    0    0 ] [      0      0      0 ] [ 0 ],drive [ 50 ] [ 0 ] [ 1552 0920 1905 ] [   27   95    5 ] [  16712  10680   6221 ] [ 0 ],1.00,1.00,1.00,1.20,-32.31,69.66,0.00,0.00,0.00,0.00,0.00,-0.00,0.00,0.00,0.00,0.00,0.00,0.00,0.00,0.00,0.00,0
2.12452,-31,58,153,0,DRIVE [ 51 ] [ 1 ] [ 1519 0932 1905 ] [    0    0    0 ] [      0      0      0 ] [ 0 ],drive [ 51 ] [ 0 ] [ 1536 0925 1905 ] [   35  100    5 ] [  16712  10680   6221 ] [ 0 ],1.00,1.00,1.00,1.20,-30.83,70.15,0.00,0.00,0.00,0.00,0.00,-0.00,0.00,0.00,0.00,0.00,0.00,0.00,0.00,0.00,0.00,0
2.13461,-29,59,152,0,DRIVE [ 52 ] [ 1 ] [ 1501 0941 1905 ] [    0    0    0 ] [      0      0      0 ] [ 0 ],drive [ 51 ] [ 0 ] [ 1519 0932 1905 ] [   35  100    5 ] [  16712  10680   6221 ] [ 0 ],1.00,1.00,1.00,1.20,-29.26,70.63,0.00,0.00,0.00,0.00,0.00,-0.00,0.00,0.00,0.00,0.00,0.00,0.00,0.00,0.00,0.00,0
2.14655,-28,59,150,0,DRIVE [ 52 ] [ 1 ] [ 1483 0952 1905 ] [    0    0    0 ] [      0      0      0 ] [ 0 ],drive [ 52 ] [ 0 ] [ 1501 0941 1905 ] [   35  100    5 ] [  16712  10680   6221 ] [ 0 ],1.00,1.00,1.00,1.20,-27.62,71.11,0.00,0.00,0.00,0.00,0.00,-0.00,0.00,0.00,0.00,0.00,0.00,0.00,0.00,0.00,0.00,0
2.15819,-26,60,149,0,DRIVE [ 53 ] [ 1 ] [ 1465 0964 1905 ] [    0    0    0 ] [      0      0      0 ] [ 0 ],drive [ 52 ] [ 0 ] [ 1483 0952 1905 ] [   35  100    5 ] [  16716  10763   6221 ] [ 0 ],1.00,1.00,1.00,1.20,-25.87,71.51,0.00,0.00,0.00,0.00,0.00,-0.00,0.00,0.00,0.00,0.00,0.00,0.00,0.00,0.00,0.00,0
2.17043,-24,60,148,0,DRIVE [ 53 ] [ 1 ] [ 1445 0979 1905 ] [    0    0    0 ] [      0      0      0 ] [ 0 ],drive [ 53 ] [ 0 ] [ 1465 0964 1905 ] [   46   90    5 ] [  16716  10763   6221 ] [ 0 ],1.00,1.00,1.00,1.20,-23.97,71.73,0.00,0.00,0.00,0.00,0.00,-0.00,0.00,0.00,0.00,0.00,0.00,0.00,0.00,0.00,0.00,0
2.18155,-22,60,147,0,DRIVE [ 54 ] [ 1 ] [ 1425 0994 1905 ] [    0    0    0 ] [      0      0      0 ] [ 0 ],drive [ 53 ] [ 0 ] [ 1445 0979 1905 ] [   46   90    5 ] [  16716  10763   6221 ] [ 0 ],1.00,1.00,1.00,1.20,-22.06,72.13,0.00,0.00,0.00,0.00,0.00,-0.00,0.00,0.00,0.00,0.00,0.00,0.00,0.00,0.00,0.00,0
2.19126,-20,60,145,0,DRIVE [ 54 ] [ 1 ] [ 1403 1008 1905 ] [    0    0    0 ] [      0      0      0 ] [ 0 ],drive [ 54 ] [ 0 ] [ 1425 0994 1905 ] [   46   90    5 ] [  16716  10763   6221 ] [ 0 ],1.00,1.00,1.00,1.20,-20.11,72.37,0.00,0.00,0.00,0.00,0.00,-0.00,0.00,0.00,0.00,0.00,0.00,0.00,0.00,0.00,0.00,0
2.20258,-18,61,144,0,DRIVE [ 55 ] [ 1 ] [ 1382 1020 1905 ] [    0    0    0 ] [      0      0      0 ] [ 0 ],drive [ 54 ] [ 0 ] [ 1403 1008 1905 ] [   46   90    5 ] [  16716  10763   6221 ] [ 0 ],1.00,1.00,1.00,1.20,-18.21,72.61,0.00,0.00,0.00,0.00,0.00,-0.00,0.00,0.00,0.00,0.00,0.00,0.00,0.00,0.00,0.00,0
2.2144,-16,61,142,0,DRIVE [ 55 ] [ 1 ] [ 1359 1034 1905 ] [    0    0    0 ] [      0      0      0 ] [ 0 ],drive [ 55 ] [ 0 ] [ 1382 1020 1905 ] [   46   90    5 ] [  16722  10779   6223 ] [ 0 ],1.00,1.00,1.00,1.20,-16.27,72.82,0.00,0.00,0.00,0.00,0.00,-0.00,0.00,0.00,0.00,0.00,0.00,0.00,0.00,0.00,0.00,0
2.22622,-14,61,141,0,DRIVE [ 56 ] [ 1 ] [ 1335 1047 1905 ] [    0    0    0 ] [      0      0      0 ] [ 0 ],drive [ 55 ] [ 0 ] [ 1359 1034 1905 ] [   66   83    4 ] [  16722  10779   6223 ] [ 0 ],1.00,1.00,1.00,1.20,-14.33,73.22,0.00,0.00,0.00,0.00,0.00,-0.00,0.00,0.00,0.00,0.00,0.00,0.00,0.00,0.00,0.00,0
2.23833,-12,61,139,0,DRIVE [ 56 ] [ 1 ] [ 1311 1062 1905 ] [    0    0    0 ] [      0      0      0 ] [ 0 ],drive [ 56 ] [ 0 ] [ 1335 1047 1905 ] [   66   83    4 ] [  16722  10779   6223 ] [ 0 ],1.00,1.00,1.00,1.20,-12.31,73.42,0.00,0.00,0.00,0.00,0.00,-0.00,0.00,0.00,0.00,0.00,0.00,0.00,0.00,0.00,0.00,0
2.24818,-10,61,138,0,DRIVE [ 57 ] [ 1 ] [ 1286 1077 1905 ] [    0    0    0 ] [      0      0      0 ] [ 0 ],drive [ 56 ] [ 0 ] [ 1311 1062 1905 ] [   66   83    4 ] [  16722  10779   6223 ] [ 0 ],1.00,1.00,1.00,1.20,-10.24,73.52,0.00,0.00,0.00,0.00,0.00,-0.00,0.00,0.00,0.00,0.00,0.00,0.00,0.00,0.00,0.00,0
2.25803,-8,61,137,0,DRIVE [ 57 ] [ 1 ] [ 1261 1094 1905 ] [    0    0    0 ] [      0      0      0 ] [ 0 ],drive [ 57 ] [ 0 ] [ 1286 1077 1905 ] [   66   83    4 ] [  16771  10777   6223 ] [ 0 ],1.00,1.00,1.00,1.20,-8.13,73.64,0.00,0.00,0.00,0.00,0.00,-0.00,0.00,0.00,0.00,0.00,0.00,0.00,0.00,0.00,0.00,0
2.27,-6,61,136,0,DRIVE [ 58 ] [ 1 ] [ 1236 1112 1905 ] [    0    0    0 ] [      0      0      0 ] [ 0 ],drive [ 57 ] [ 0 ] [ 1261 1094 1905 ] [   61   76    3 ] [  16771  10777   6223 ] [ 0 ],1.00,1.00,1.00,1.20,-5.99,73.65,0.00,0.00,0.00,0.00,0.00,-0.00,0.00,0.00,0.00,0.00,0.00,0.00,0.00,0.00,0.00,0
2.28204,-4,61,134,0,DRIVE [ 58 ] [ 1 ] [ 1210 1130 1905 ] [    0    0    0 ] [      0      0      0 ] [ 0 ],drive [ 58 ] [ 0 ] [ 1236 1112 1905 ] [   61   76    3 ] [  16771  10777   6223 ] [ 0 ],1.00,1.00,1.00,1.20,-3.81,73.54,0.00,0.00,0.00,0.00,0.00,-0.00,0.00,0.00,0.00,0.00,0.00,0.00,0.00,0.00,0.00,0
2.29382,-2,61,133,0,DRIVE [ 59 ] [ 1 ] [ 1183 1149 1905 ] [    0    0    0 ] [      0      0      0 ] [ 0 ],drive [ 58 ] [ 0 ] [ 1210 1130 1905 ] [   61   76    3 ] [  16771  10777   6223 ] [ 0 ],1.00,1.00,1.00,1.20,-1.61,73.34,0.00,0.00,0.00,0.00,0.00,-0.00,0.00,0.00,0.00,0.00,0.00,0.00,0.00,0.00,0.00,0
2.30615,1,61,132,0,DRIVE [ 59 ] [ 1 ] [ 1155 1169 1905 ] [    0    0    0 ] [      0      0      0 ] [ 0 ],drive [ 59 ] [ 0 ] [ 1183 1149 1905 ] [   61   76    3 ] [  16815  10774   6223 ] [ 0 ],1.00,1.00,1.00,1.20,0.66,73.18,0.00,0.00,0.00,0.00,0.00,-0.00,0.00,0.00,0.00,0.00,0.00,0.00,0.00,0.00,0.00,0
2.31596,3,61,131,0,DRIVE [ 60 ] [ 1 ] [ 1127 1188 1905 ] [    0    0    0 ] [      0      0      0 ] [ 0 ],drive [ 59 ] [ 0 ] [ 1155 1169 1905 ] [   61   76    3 ] [  16815  10774   6223 ] [ 0 ],1.00,1.00,1.00,1.20,2.91,72.93,0.00,0.00,0.00,0.00,0.00,-0.00,0.00,0.00,0.00,0.00,0.00,0.00,0.00,0.00,0.00,0
2.32598,5,61,129,0,DRIVE [ 60 ] [ 1 ] [ 1098 1208 1905 ] [    0    0    0 ] [      0      0      0 ] [ 0 ],drive [ 60 ] [ 0 ] [ 1127 1188 1905 ] [   68   72    4 ] [  16815  10774   6223 ] [ 0 ],1.00,1.00,1.00,1.20,5.13,72.68,0.00,0.00,0.00,0.00,0.00,-0.00,0.00,0.00,0.00,0.00,0.00,0.00,0.00,0.00,0.00,0
2.33827,7,60,128,0,DRIVE [ 61 ] [ 1 ] [ 1069 1228 1905 ] [    0    0    0 ] [      0      0      0 ] [ 0 ],drive [ 60 ] [ 0 ] [ 1098 1208 1905 ] [   68   72    4 ] [  16815  10774   6223 ] [ 0 ],1.00,1.00,1.00,1.20,7.36,72.38,0.00,0.00,0.00,0.00,0.00,-0.00,0.00,0.00,0.00,0.00,0.00,0.00,0.00,0.00,0.00,0
2.35077,10,60,127,0,DRIVE [ 61 ] [ 1 ] [ 1039 1248 1905 ] [    0    0    0 ] [      0      0      0 ] [ 0 ],drive [ 61 ] [ 0 ] [ 1069 1228 1905 ] [   68   72    4 ] [  16815  10774   6223 ] [ 0 ],1.00,1.00,1.00,1.20,9.55,72.04,0.00,0.00,0.00,0.00,0.00,-0.00,0.00,0.00,0.00,0.00,0.00,0.00,0.00,0.00,0.00,0
2.36229,12,60,126,0,DRIVE [ 62 ] [ 1 ] [ 1010 1268 1905 ] [    0    0    0 ] [      0      0      0 ] [ 0 ],drive [ 61 ] [ 0 ] [ 1039 1248 1905 ] [   68   72    4 ] [  16903  10767   6223 ] [ 0 ],1.00,1.00,1.00,1.20,11.71,71.55,0.00,0.00,0.00,0.00,0.00,-0.00,0.00,0.00,0.00,0.00,0.00,0.00,0.00,0.00,0.00,0
2.37182,14,59,125,0,DRIVE [ 62 ] [ 1 ] [ 0982 1290 1905 ] [    0    0    0 ] [      0      0      0 ] [ 0 ],drive [ 62 ] [ 0 ] [ 1010 1268 1905 ] [   89   66    5 ] [  16903  10767   6223 ] [ 0 ],1.00,1.00,1.00,1.20,13.80,70.88,0.00,0.00,0.00,0.00,0.00,-0.00,0.00,0.00,0.00,0.00,0.00,0.00,0.00,0.00,0.00,0
2.38199,16,59,124,0,DRIVE [ 63 ] [ 1 ] [ 0955 1310 1905 ] [    0    0    0 ] [      0      0      0 ] [ 0 ],drive [ 62 ] [ 0 ] [ 0982 1290 1905 ] [   89   66    5 ] [  16903  10767   6223 ] [ 0 ],1.00,1.00,1.00,1.20,15.76,70.32,0.00,0.00,0.00,0.00,0.00,-0.00,0.00,0.00,0.00,0.00,0.00,0.00,0.00,0.00,0.00,0
2.39386,18,58,123,0,DRIVE [ 63 ] [ 1 ] [ 0927 1329 1905 ] [    0    0    0 ] [      0      0      0 ] [ 0 ],drive [ 63 ] [ 0 ] [ 0955 1310 1905 ] [   89   66    5 ] [  16903  10767   6223 ] [ 0 ],1.00,1.00,1.00,1.20,17.68,69.67,0.00,0.00,0.00,0.00,0.00,-0.00,0.00,0.00,0.00,0.00,0.00,0.00,0.00,0.00,0.00,0
2.4061,20,57,122,0,DRIVE [ 64 ] [ 1 ] [ 0900 1349 1905 ] [    0    0    0 ] [      0      0      0 ] [ 0 ],drive [ 63 ] [ 0 ] [ 0927 1329 1905 ] [   89   66    5 ] [  17070  10751   6219 ] [ 0 ],1.00,1.00,1.00,1.20,19.54,68.97,0.00,0.00,0.00,0.00,0.00,-0.00,0.00,0.00,0.00,0.00,0.00,0.00,0.00,0.00,0.00,0
2.41798,21,57,121,0,DRIVE [ 64 ] [ 1 ] [ 0874 1369 1905 ] [    0    0    0 ] [      0      0      0 ] [ 0 ],drive [ 64 ] [ 0 ] [ 0900 1349 1905 ] [   89   66    5 ] [  17070  10751   6219 ] [ 0 ],1.00,1.00,1.00,1.20,21.35,68.13,0.00,0.00,0.00,0.00,0.00,-0.00,0.00,0.00,0.00,0.00,0.00,0.00,0.00,0.00,0.00,0
2.43023,23,56,120,0,DRIVE [ 65 ] [ 1 ] [ 0849 1389 1905 ] [    0    0    0 ] [      0      0      0 ] [ 0 ],drive [ 64 ] [ 0 ] [ 0874 1369 1905 ] [   95   73   18 ] [  17070  10751   6219 ] [ 0 ],1.00,1.00,1.00,1.20,23.02,67.18,0.00,0.00,0.00,0.00,0.00,-0.00,0.00,0.00,0.00,0.00,0.00,0.00,0.00,0.00,0.00,0
2.43983,25,55,119,0,DRIVE [ 65 ] [ 1 ] [ 0824 1407 1905 ] [    0    0    0 ] [      0      0      0 ] [ 0 ],drive [ 65 ] [ 0 ] [ 0849 1389 1905 ] [   95   73   18 ] [  17070  10751   6219 ] [ 0 ],1.00,1.00,1.00,1.20,24.59,66.40,0.00,0.00,0.00,0.00,0.00,-0.00,0.00,0.00,0.00,0.00,0.00,0.00,0.00,0.00,0.00,0
2.45013,26,55,117,0,DRIVE [ 66 ] [ 1 ] [ 0820 1425 1905 ] [    0    0    0 ] [      0      0      0 ] [ 0 ],drive [ 65 ] [ 0 ] [ 0824 1407 1905 ] [   95   73   18 ] [  17070  10751   6219 ] [ 0 ],1.00,1.00,1.00,1.20,25.96,65.44,0.00,0.00,0.00,0.00,0.00,-0.00,0.00,0.00,0.00,0.00,0.00,0.00,0.00,0.00,0.00,0
2.46254,27,54,117,0,DRIVE [ 66 ] [ 1 ] [ 0820 1443 1905 ] [    0    0    0 ] [      0      0      0 ] [ 0 ],drive [ 66 ] [ 0 ] [ 0820 1425 1905 ] [   95   73   18 ] [  17243  10728   6148 ] [ 0 ],1.00,1.00,1.00,1.20,27.33,64.46,0.00,0.00,0.00,0.00,0.00,-0.00,0.00,0.00,0.00,0.00,0.00,0.00,0.00,0.00,0.00,0
2.47435,29,53,116,0,DRIVE [ 67 ] [ 1 ] [ 0820 1461 1905 ] [    0    0    0 ] [      0      0      0 ] [ 0 ],drive [ 66 ] [ 0 ] [ 0820 1443 1905 ] [  109   46    8 ] [  17243  10728   6148 ] [ 0 ],1.00,1.00,1.00,1.20,28.54,63.44,0.00,0.00,0.00,0.00,0.00,-0.00,0.00,0.00,0.00,0.00,0.00,0.00,0.00,0.00,0.00,0
2.4862,29,52,115,0,DRIVE [ 67 ] [ 1 ] [ 0820 1477 1905 ] [    0    0    0 ] [      0      0      0 ] [ 0 ],drive [ 67 ] [ 0 ] [ 0820 1461 1905 ] [  109   46    8 ] [  17243  10728   6148 ] [ 0 ],1.00,1.00,1.00,1.20,29.49,62.27,0.00,0.00,0.00,0.00,0.00,-0.00,0.00,0.00,0.00,0.00,0.00,0.00,0.00,0.00,0.00,0
2.49813,30,51,114,0,DRIVE [ 68 ] [ 1 ] [ 0820 1492 1905 ] [    0    0    0 ] [      0      0      0 ] [ 0 ],drive [ 67 ] [ 0 ] [ 0820 1477 1905 ] [  109   46    8 ] [  17243  10728   6148 ] [ 0 ],1.00,1.00,1.00,1.20,30.26,61.19,0.00,0.00,0.00,0.00,0.00,-0.00,0.00,0.00,0.00,0.00,0.00,0.00,0.00,0.00,0.00,0
2.50784,31,50,113,0,DRIVE [ 68 ] [ 1 ] [ 0820 1507 1905 ] [    0    0    0 ] [      0      0      0 ] [ 0 ],drive [ 68 ] [ 0 ] [ 0820 1492 1905 ] [  109   46    8 ] [  17502  10530   6046 ] [ 0 ],1.00,1.00,1.00,1.20,30.90,59.97,0.00,0.00,0.00,0.00,0.00,-0.00,0.00,0.00,0.00,0.00,0.00,0.00,0.00,0.00,0.00,0
2.51804,31,49,112,0,DRIVE [ 69 ] [ 1 ] [ 0820 1519 1905 ] [    0    0    0 ] [      0      0      0 ] [ 0 ],drive [ 68 ] [ 0 ] [ 0820 1507 1905 ] [  115   49    6 ] [  17502  10530   6046 ] [ 0 ],1.00,1.00,1.00,1.20,31.41,58.96,0.00,0.00,0.00,0.00,0.00,-0.00,0.00,0.00,0.00,0.00,0.00,0.00,0.00,0.00,0.00,0
2.53008,32,48,111,0,DRIVE [ 69 ] [ 1 ] [ 0820 1530 1905 ] [    0    0    0 ] [      0      0      0 ] [ 0 ],drive [ 69 ] [ 0 ] [ 0820 1519 1905 ] [  115   49    6 ] [  17502  10530   6046 ] [ 0 ],1.00,1.00,1.00,1.20,31.88,57.97,0.00,0.00,0.00,0.00,0.00,-0.00,0.00,0.00,0.00,0.00,0.00,0.00,0.00,0.00,0.00,0
2.54195,32,47,110,0,DRIVE [ 70 ] [ 1 ] [ 0820 1540 1905 ] [    0    0    0 ] [      0      0      0 ] [ 0 ],drive [ 69 ] [ 0 ] [ 0820 1530 1905 ] [  115   49    6 ] [  17502  10530   6046 ] [ 0 ],1.00,1.00,1.00,1.20,32.25,56.98,0.00,0.00,0.00,0.00,0.00,-0.00,0.00,0.00,0.00,0.00,0.00,0.00,0.00,0.00,0.00,0
2.55435,33,47,109,0,DRIVE [ 70 ] [ 1 ] [ 0820 1552 1905 ] [    0    0    0 ] [      0      0      0 ] [ 0 ],drive [ 70 ] [ 0 ] [ 0820 1540 1905 ] [  115   49    6 ] [  17502  10530   6046 ] [ 0 ],1.00,1.00,1.00,1.20,32.54,55.86,0.00,0.00,0.00,0.00,0.00,-0.00,0.00,0.00,0.00,0.00,0.00,0.00,0.00,0.00,0.00,0
2.56413,33,46,108,0,DRIVE [ 71 ] [ 1 ] [ 0820 1564 1905 ] [    0    0    0 ] [      0      0      0 ] [ 0 ],drive [ 70 ] [ 0 ] [ 0820 1552 1905 ] [  115   49    6 ] [  17625  10351   6027 ] [ 0 ],1.00,1.00,1.00,1.20,32.77,54.63,0.00,0.00,0.00,0.00,0.00,-0.00,0.00,0.00,0.00,0.00,0.00,0.00,0.00,0.00,0.00,0
2.57382,33,45,107,0,DRIVE [ 71 ] [ 1 ] [ 0820 1574 1905 ] [    0    0    0 ] [      0      0      0 ] [ 0 ],drive [ 71 ] [ 0 ] [ 0820 1564 1905 ] [  120   47    6 ] [  17625  10351   6027 ] [ 0 ],1.00,1.00,1.00,1.20,32.85,53.48,0.00,0.00,0.00,0.00,0.00,-0.00,0.00,0.00,0.00,0.00,0.00,0.00,0.00,0.00,0.00,0
2.58616,33,44,107,0,DRIVE [ 72 ] [ 1 ] [ 0820 1586 1905 ] [    0    0    0 ] [      0      0      0 ] [ 0 ],drive [ 71 ] [ 0 ] [ 0820 1574 1905 ] [  120   47    6 ] [  17625  10351   6027 ] [ 0 ],1.00,1.00,1.00,1.20,32.88,52.20,0.00,0.00,0.00,0.00,0.00,-0.00,0.00,0.00,0.00,0.00,0.00,0.00,0.00,0.00,0.00,0
2.59812,33,42,106,0,DRIVE [ 72 ] [ 1 ] [ 0820 1599 1905 ] [    0    0    0 ] [      0      0      0 ] [ 0 ],drive [ 72 ] [ 0 ] [ 0820 1586 1905 ] [  120   47    6 ] [  17625  10351   6027 ] [ 0 ],1.00,1.00,1.00,1.20,32.86,50.75,0.00,0.00,0.00,0.00,0.00,-0.00,0.00,0.00,0.00,0.00,0.00,0.00,0.00,0.00,0.00,0
2.61013,33,41,105,0,DRIVE [ 73 ] [ 1 ] [ 0820 1611 1905 ] [    0    0    0 ] [      0      0      0 ] [ 0 ],drive [ 72 ] [ 0 ] [ 0820 1599 1905 ] [  120   47    6 ] [  17729  10279   6000 ] [ 0 ],1.00,1.00,1.00,1.20,32.81,49.37,0.00,0.00,0.00,0.00,0.00,-0.00,0.00,0.00,0.00,0.00,0.00,0.00,0.00,0.00,0.00,0
2.62251,33,40,104,0,DRIVE [ 73 ] [ 1 ] [ 0820 1624 1905 ] [    0    0    0 ] [      0      0      0 ] [ 0 ],drive [ 73 ] [ 0 ] [ 0820 1611 1905 ] [  111   49   22 ] [  17729  10279   6000 ] [ 0 ],1.00,1.00,1.00,1.20,32.68,47.95,0.00,0.00,0.00,0.00,0.00,-0.00,0.00,0.00,0.00,0.00,0.00,0.00,0.00,0.00,0.00,0
2.6325,33,39,103,0,DRIVE [ 74 ] [ 1 ] [ 0820 1636 1905 ] [    0    0    0 ] [      0      0      0 ] [ 0 ],drive [ 73 ] [ 0 ] [ 0820 1624 1905 ] [  111   49   22 ] [  17729  10279   6000 ] [ 0 ],1.00,1.00,1.00,1.20,32.54,46.57,0.00,0.00,0.00,0.00,0.00,0.00,0.00,0.00,0.00,0.00,0.00,0.00,-0.00,-0.00,0.00,0
2.64208,32,38,102,0,DRIVE [ 74 ] [ 1 ] [ 0820 1647 1905 ] [    0    0    0 ] [      0      0      0 ] [ 0 ],drive [ 74 ] [ 0 ] [ 0820 1636 1905 ] [  111   49   22 ] [  17729  10279   6000 ] [ 0 ],1.00,1.00,1.00,1.20,32.34,45.24,0.00,0.00,0.00,0.00,0.00,0.00,0.00,0.00,0.00,0.00,0.00,0.00,-0.00,-0.00,0.00,0
2.65429,32,37,101,0,DRIVE [ 75 ] [ 1 ] [ 0820 1657 1905 ] [    0    0    0 ] [      0      0      0 ] [ 0 ],drive [ 74 ] [ 0 ] [ 0820 1647 1905 ] [  111   49   22 ] [  17729  10279   6000 ] [ 0 ],1.00,1.00,1.00,1.20,32.05,43.93,0.00,0.00,0.00,0.00,0.00,0.00,0.00,0.00,0.00,0.00,0.00,0.00,-0.00,-0.00,0.00,0
2.66626,32,36,101,0,DRIVE [ 75 ] [ 1 ] [ 0820 1667 1905 ] [    0    0    0 ] [      0      0      0 ] [ 0 ],drive [ 75 ] [ 0 ] [ 0820 1657 1905 ] [  111   49   22 ] [  17737  10234   5965 ] [ 0 ],1.00,1.00,1.00,1.20,31.67,42.64,0.00,0.00,0.00,0.00,0.00,0.00,0.00,0.00,0.00,0.00,0.00,0.00,-0.00,-0.00,0.00,0
2.67805,31,35,100,0,DRIVE [ 76 ] [ 1 ] [ 0820 1674 1905 ] [    0    0    0 ] [      0      0      0 ] [ 0 ],drive [ 75 ] [ 0 ] [ 0820 1667 1905 ] [  122   48   24 ] [  17737  10234   5965 ] [ 0 ],1.00,1.00,1.00,1.20,31.15,41.46,0.00,0.00,0.00,0.00,0.00,0.00,0.00,0.00,0.00,0.00,0.00,0.00,-0.00,-0.00,0.00,0
2.68841,30,33,99,0,DRIVE [ 76 ] [ 1 ] [ 0820 1681 1905 ] [    0    0    0 ] [      0      0      0 ] [ 0 ],drive [ 76 ] [ 0 ] [ 0820 1674 1905 ] [  122   48   24 ] [  17737  10234   5965 ] [ 0 ],1.00,1.00,1.00,1.20,30.41,40.20,0.00,0.00,0.00,0.00,0.00,0.00,0.00,0.00,0.00,0.00,0.00,0.00,-0.00,-0.00,0.00,0
2.6984,30,32,99,0,DRIVE [ 77 ] [ 1 ] [ 0820 1686 1905 ] [    0    0    0 ] [      0      0      0 ] [ 0 ],drive [ 76 ] [ 0 ] [ 0820 1681 1905 ] [  122   48   24 ] [  17737  10234   5965 ] [ 0 ],1.00,1.00,1.00,1.20,29.52,39.00,0.00,0.00,0.00,0.00,0.00,0.00,0.00,0.00,0.00,0.00,0.00,0.00,-0.00,-0.00,0.00,0
2.71014,28,31,98,0,DRIVE [ 77 ] [ 1 ] [ 0820 1689 1905 ] [    0    0    0 ] [      0      0      0 ] [ 0 ],drive [ 77 ] [ 0 ] [ 0820 1686 1905 ] [  122   48   24 ] [  18053   9915   5956 ] [ 0 ],1.00,1.00,1.00,1.20,28.47,37.77,0.00,0.00,0.00,0.00,0.00,0.00,0.00,0.00,0.00,0.00,0.00,0.00,-0.00,-0.00,0.00,0
2.7224,27,31,97,0,DRIVE [ 78 ] [ 1 ] [ 0829 1692 1905 ] [    0    0    0 ] [      0      0      0 ] [ 0 ],drive [ 77 ] [ 0 ] [ 0820 1689 1905 ] [  120   35   16 ] [  18053   9915   5956 ] [ 0 ],1.00,1.00,1.00,1.20,27.41,36.61,0.00,0.00,0.00,0.00,0.00,0.00,0.00,0.00,0.00,0.00,0.00,0.00,-0.00,-0.00,0.00,0
2.73429,26,30,97,0,DRIVE [ 78 ] [ 1 ] [ 0857 1694 1905 ] [    0    0    0 ] [      0      0      0 ] [ 0 ],drive [ 78 ] [ 0 ] [ 0829 1692 1905 ] [  120   35   16 ] [  18053   9915   5956 ] [ 0 ],1.00,1.00,1.00,1.20,26.34,35.56,0.00,0.00,0.00,0.00,0.00,0.00,0.00,0.00,0.00,0.00,0.00,0.00,-0.00,-0.00,0.00,0
2.74627,25,29,96,0,DRIVE [ 79 ] [ 1 ] [ 0885 1697 1905 ] [    0    0    0 ] [      0      0      0 ] [ 0 ],drive [ 78 ] [ 0 ] [ 0857 1694 1905 ] [  120   35   16 ] [  18053   9915   5956 ] [ 0 ],1.00,1.00,1.00,1.20,25.33,34.43,0.00,0.00,0.00,0.00,0.00,0.00,0.00,0.00,0.00,0.00,0.00,0.00,-0.00,-0.00,0.00,0
2.75605,24,28,95,0,DRIVE [ 79 ] [ 1 ] [ 0910 1699 1905 ] [    0    0    0 ] [      0      0      0 ] [ 0 ],drive [ 79 ] [ 0 ] [ 0885 1697 1905 ] [  120   35   16 ] [  18181   9738   5921 ] [ 0 ],1.00,1.00,1.00,1.20,24.39,33.40,0.00,0.00,0.00,0.00,0.00,0.00,0.00,0.00,0.00,0.00,0.00,0.00,-0.00,-0.00,0.00,0
2.76613,24,27,95,0,DRIVE [ 80 ] [ 1 ] [ 0934 1701 1905 ] [    0    0    0 ] [      0      0      0 ] [ 0 ],drive [ 79 ] [ 0 ] [ 0910 1699 1905 ] [  120   35   16 ] [  18181   9738   5921 ] [ 0 ],1.00,1.00,1.00,1.20,23.52,32.47,0.00,0.00,0.00,0.00,0.00,0.00,0.00,0.00,0.00,0.00,0.00,0.00,-0.00,-0.00,0.00,0
2.77831,23,26,94,0,DRIVE [ 80 ] [ 1 ] [ 0955 1702 1905 ] [    0    0    0 ] [      0      0      0 ] [ 0 ],drive [ 80 ] [ 0 ] [ 0934 1701 1905 ] [   97   37   15 ] [  18181   9738   5921 ] [ 0 ],1.00,1.00,1.00,1.20,22.71,31.66,0.00,0.00,0.00,0.00,0.00,0.00,0.00,0.00,0.00,0.00,0.00,0.00,-0.00,-0.00,0.00,0
2.79047,22,26,93,0,DRIVE [ 81 ] [ 1 ] [ 0974 1704 1905 ] [    0    0    0 ] [      0      0      0 ] [ 0 ],drive [ 80 ] [ 0 ] [ 0955 1702 1905 ] [   97   37   15 ] [  18181   9738   5921 ] [ 0 ],1.00,1.00,1.00,1.20,22.00,30.89,0.00,0.00,0.00,0.00,0.00,0.00,0.00,0.00,0.00,0.00,0.00,0.00,-0.00,-0.00,0.00,0
2.80246,21,25,93,0,DRIVE [ 81 ] [ 1 ] [ 0991 1706 1905 ] [    0    0    0 ] [      0      0      0 ] [ 0 ],drive [ 81 ] [ 0 ] [ 0974 1704 1905 ] [   97   37   15 ] [  18181   9738   5921 ] [ 0 ],1.00,1.00,1.00,1.20,21.41,30.16,0.00,0.00,0.00,0.00,0.00,0.00,0.00,0.00,0.00,0.00,0.00,0.00,-0.00,-0.00,0.00,0
2.81506,21,25,92,0,DRIVE [ 82 ] [ 1 ] [ 1007 1709 1905 ] [    0    0    0 ] [      0      0      0 ] [ 0 ],drive [ 81 ] [ 0 ] [ 0991 1706 1905 ] [   97   37   15 ] [  18177   9699   5921 ] [ 0 ],1.00,1.00,1.00,1.20,20.82,29.47,0.00,0.00,0.00,0.00,0.00,0.00,0.00,0.00,0.00,0.00,0.00,0.00,-0.00,-0.00,0.00,0
2.82475,20,24,92,0,DRIVE [ 82 ] [ 1 ] [ 1023 1710 1905 ] [    0    0    0 ] [      0      0      0 ] [ 0 ],drive [ 82 ] [ 0 ] [ 1007 1709 1905 ] [   87   40   15 ] [  18177   9699   5921 ] [ 0 ],1.00,1.00,1.00,1.20,20.23,28.83,0.00,0.00,0.00,0.00,0.00,0.00,0.00,0.00,0.00,0.00,0.00,0.00,-0.00,-0.00,0.00,0
2.83482,20,24,91,0,DRIVE [ 83 ] [ 1 ] [ 1039 1711 1905 ] [    0    0    0 ] [      0      0      0 ] [ 0 ],drive [ 82 ] [ 0 ] [ 1023 1710 1905 ] [   87   40   15 ] [  18177   9699   5921 ] [ 0 ],1.00,1.00,1.00,1.20,19.65,28.24,0.00,0.00,0.00,0.00,0.00,0.00,0.00,0.00,0.00,0.00,0.00,0.00,-0.00,-0.00,0.00,0
2.84583,19,23,90,0,DRIVE [ 83 ] [ 1 ] [ 1055 1711 1905 ] [    0    0    0 ] [      0      0      0 ] [ 0 ],drive [ 83 ] [ 0 ] [ 1039 1711 1905 ] [   87   40   15 ] [  18177   9699   5921 ] [ 0 ],1.00,1.00,1.00,1.20,19.06,27.72,0.00,0.00,0.00,0.00,0.00,0.00,0.00,0.00,0.00,0.00,0.00,0.00,-0.00,-0.00,0.00,0
2.85811,18,23,90,0,DRIVE [ 84 ] [ 1 ] [ 1071 1710 1905 ] [    0    0    0 ] [      0      0      0 ] [ 0 ],drive [ 83 ] [ 0 ] [ 1055 1711 1905 ] [   87   40   15 ] [  18170   9686   5922 ] [ 0 ],1.00,1.00,1.00,1.20,18.46,27.25,0.00,0.00,0.00,0.00,0.00,0.00,0.00,0.00,0.00,0.00,0.00,0.00,-0.00,-0.00,0.00,0
2.87009,18,22,89,0,DRIVE [ 84 ] [ 1 ] [ 1087 1708 1905 ] [    0    0    0 ] [      0      0      0 ] [ 0 ],drive [ 84 ] [ 0 ] [ 1071 1710 1905 ] [   79   37   16 ] [  18170   9686   5922 ] [ 0 ],1.00,1.00,1.00,1.20,17.86,26.81,0.00,0.00,0.00,0.00,0.00,0.00,0.00,0.00,0.00,0.00,0.00,0.00,-0.00,-0.00,0.00,0
2.88025,17,22,89,0,DRIVE [ 85 ] [ 1 ] [ 1103 1707 1905 ] [    0    0    0 ] [      0      0      0 ] [ 0 ],drive [ 84 ] [ 0 ] [ 1087 1708 1905 ] [   79   37   16 ] [  18170   9686   5922 ] [ 0 ],1.00,1.00,1.00,1.20,17.24,26.35,0.00,0.00,0.00,0.00,0.00,0.00,0.00,0.00,0.00,0.00,0.00,0.00,-0.00,-0.00,0.00,0
2.88986,17,22,88,0,DRIVE [ 85 ] [ 1 ] [ 1120 1705 1905 ] [    0    0    0 ] [      0      0      0 ] [ 0 ],drive [ 85 ] [ 0 ] [ 1103 1707 1905 ] [   79   37   16 ] [  18170   9686   5922 ] [ 0 ],1.00,1.00,1.00,1.20,16.63,25.94,0.00,0.00,0.00,0.00,0.00,0.00,0.00,0.00,0.00,0.00,0.00,0.00,-0.00,-0.00,0.00,0
2.90211,16,21,88,0,DRIVE [ 86 ] [ 1 ] [ 1136 1702 1905 ] [    0    0    0 ] [      0      0      0 ] [ 0 ],drive [ 85 ] [ 0 ] [ 1120 1705 1905 ] [   79   37   16 ] [  18170   9686   5922 ] [ 0 ],1.00,1.00,1.00,1.20,16.02,25.61,0.00,0.00,0.00,0.00,0.00,0.00,0.00,0.00,0.00,0.00,0.00,0.00,-0.00,-0.00,0.00,0
2.91374,15,21,87,0,DRIVE [ 86 ] [ 1 ] [ 1153 1699 1905 ] [    0    0    0 ] [      0      0      0 ] [ 0 ],drive [ 86 ] [ 0 ] [ 1136 1702 1905 ] [   79   37   16 ] [  18169   9620   5923 ] [ 0 ],1.00,1.00,1.00,1.20,15.40,25.28,0.00,0.00,0.00,0.00,0.00,0.00,0.00,0.00,0.00,0.00,0.00,0.00,-0.00,-0.00,0.00,0
2.92633,15,21,87,0,DRIVE [ 87 ] [ 1 ] [ 1170 1696 1905 ] [    0    0    0 ] [      0      0      0 ] [ 0 ],drive [ 86 ] [ 0 ] [ 1153 1699 1905 ] [   71   29   16 ] [  18169   9620   5923 ] [ 0 ],1.00,1.00,1.00,1.20,14.79,24.95,0.00,0.00,0.00,0.00,0.00,0.00,0.00,0.00,0.00,0.00,0.00,0.00,-0.00,-0.00,0.00,0
2.93826,14,20,87,0,DRIVE [ 87 ] [ 1 ] [ 1186 1694 1905 ] [    0    0    0 ] [      0      0      0 ] [ 0 ],drive [ 87 ] [ 0 ] [ 1170 1696 1905 ] [   71   29   16 ] [  18169   9620   5923 ] [ 0 ],1.00,1.00,1.00,1.20,14.23,24.58,0.00,0.00,0.00,0.00,0.00,0.00,0.00,0.00,0.00,0.00,0.00,0.00,-0.00,-0.00,0.00,0
2.94845,14,20,86,0,DRIVE [ 88 ] [ 1 ] [ 1202 1693 1905 ] [    0    0    0 ] [      0      0      0 ] [ 0 ],drive [ 87 ] [ 0 ] [ 1186 1694 1905 ] [   71   29   16 ] [  18169   9620   5923 ] [ 0 ],1.00,1.00,1.00,1.20,13.70,24.19,0.00,0.00,0.00,0.00,0.00,0.00,0.00,0.00,0.00,0.00,0.00,0.00,-0.00,-0.00,0.00,0
2.95788,13,20,86,0,DRIVE [ 88 ] [ 1 ] [ 1218 1693 1905 ] [    0    0    0 ] [      0      0      0 ] [ 0 ],drive [ 88 ] [ 0 ] [ 1202 1693 1905 ] [   71   29   16 ] [  18164   9587   5923 ] [ 0 ],1.00,1.00,1.00,1.20,13.18,23.77,0.00,0.00,0.00,0.00,0.00,0.00,0.00,0.00,0.00,0.00,0.00,0.00,-0.00,-0.00,0.00,0
2.96997,13,19,85,0,DRIVE [ 89 ] [ 1 ] [ 1232 1693 1905 ] [    0    0    0 ] [      0      0      0 ] [ 0 ],drive [ 88 ] [ 0 ] [ 1218 1693 1905 ] [   66   39   16 ] [  18164   9587   5923 ] [ 0 ],1.00,1.00,1.00,1.20,12.75,23.33,0.00,0.00,0.00,0.00,0.00,0.00,0.00,0.00,0.00,0.00,0.00,0.00,-0.00,-0.00,0.00,0
2.9821,12,19,85,0,DRIVE [ 89 ] [ 1 ] [ 1246 1695 1905 ] [    0    0    0 ] [      0      0      0 ] [ 0 ],drive [ 89 ] [ 0 ] [ 1232 1693 1905 ] [   66   39   16 ] [  18164   9587   5923 ] [ 0 ],1.00,1.00,1.00,1.20,12.37,22.88,0.00,0.00,0.00,0.00,0.00,0.00,0.00,0.00,0.00,0.00,0.00,0.00,-0.00,-0.00,0.00,0
2.99499,12,19,85,0,DRIVE [ 90 ] [ 1 ] [ 1258 1697 1905 ] [    0    0    0 ] [      0      0      0 ] [ 0 ],drive [ 89 ] [ 0 ] [ 1246 1695 1905 ] [   66   39   16 ] [  18164   9587   5923 ] [ 0 ],1.00,1.00,1.00,1.20,12.02,22.43,0.00,0.00,0.00,0.00,0.00,0.00,0.00,0.00,0.00,0.00,0.00,0.00,-0.00,-0.00,0.00,0
3.00657,12,18,84,0,DRIVE [ 90 ] [ 1 ] [ 1272 1699 1905 ] [    0    0    0 ] [      0      0      0 ] [ 0 ],drive [ 90 ] [ 0 ] [ 1258 1697 1905 ] [   66   39   16 ] [  18159   9582   5923 ] [ 0 ],1.00,1.00,1.00,1.20,11.66,21.96,0.00,0.00,0.00,0.00,0.00,0.00,0.00,0.00,0.00,0.00,0.00,0.00,-0.00,-0.00,0.00,0
3.01659,11,18,84,0,DRIVE [ 91 ] [ 1 ] [ 1285 1701 1905 ] [    0    0    0 ] [      0      0      0 ] [ 0 ],drive [ 90 ] [ 0 ] [ 1272 1699 1905 ] [   66   39   16 ] [  18159   9582   5923 ] [ 0 ],1.00,1.00,1.00,1.20,11.32,21.47,0.00,0.00,0.00,0.00,0.00,0.00,0.00,0.00,0.00,0.00,0.00,0.00,-0.00,-0.00,0.00,0
3.02602,11,17,84,0,DRIVE [ 91 ] [ 1 ] [ 1299 1704 1905 ] [    0    0    0 ] [      0      0      0 ] [ 0 ],drive [ 91 ] [ 0 ] [ 1285 1701 1905 ] [   62   39   16 ] [  18159   9582   5923 ] [ 0 ],1.00,1.00,1.00,1.20,10.98,20.97,0.00,0.00,0.00,0.00,0.00,0.00,0.00,0.00,0.00,0.00,0.00,0.00,-0.00,-0.00,0.00,0
3.03833,11,17,83,0,DRIVE [ 92 ] [ 1 ] [ 1311 1707 1905 ] [    0    0    0 ] [      0      0      0 ] [ 0 ],drive [ 91 ] [ 0 ] [ 1299 1704 1905 ] [   62   39   16 ] [  18159   9582   5923 ] [ 0 ],1.00,1.00,1.00,1.20,10.67,20.52,0.00,0.00,0.00,0.00,0.00,0.00,0.00,0.00,0.00,0.00,0.00,0.00,-0.00,-0.00,0.00,0
3.0503,10,17,83,0,DRIVE [ 92 ] [ 1 ] [ 1325 1709 1905 ] [    0    0    0 ] [      0      0      0 ] [ 0 ],drive [ 92 ] [ 0 ] [ 1311 1707 1905 ] [   62   39   16 ] [  18159   9582   5923 ] [ 0 ],1.00,1.00,1.00,1.20,10.32,20.03,0.00,0.00,0.00,0.00,0.00,0.00,0.00,0.00,0.00,0.00,0.00,0.00,-0.00,-0.00,0.00,0
3.06219,10,16,83,0,DRIVE [ 93 ] [ 1 ] [ 1339 1712 1905 ] [    0    0    0 ] [      0      0      0 ] [ 0 ],drive [ 92 ] [ 0 ] [ 1325 1709 1905 ] [   62   39   16 ] [  18151   9580   5923 ] [ 0 ],1.00,1.00,1.00,1.20,9.97,19.56,0.00,0.00,0.00,0.00,0.00,0.00,0.00,0.00,0.00,0.00,0.00,0.00,-0.00,-0.00,0.00,0
3.07214,10,16,82,0,DRIVE [ 93 ] [ 1 ] [ 1353 1714 1905 ] [    0    0    0 ] [      0      0      0 ] [ 0 ],drive [ 93 ] [ 0 ] [ 1339 1712 1905 ] [   58   39   16 ] [  18151   9580   5923 ] [ 0 ],1.00,1.00,1.00,1.20,9.60,19.07,0.00,0.00,0.00,0.00,0.00,0.00,0.00,0.00,0.00,0.00,0.00,0.00,-0.00,-0.00,0.00,0
3.08225,9,16,82,0,DRIVE [ 94 ] [ 1 ] [ 1367 1715 1905 ] [    0    0    0 ] [      0      0      0 ] [ 0 ],drive [ 93 ] [ 0 ] [ 1353 1714 1905 ] [   58   39   16 ] [  18151   9580   5923 ] [ 0 ],1.00,1.00,1.00,1.20,9.21,18.62,0.00,0.00,0.00,0.00,0.00,0.00,0.00,0.00,0.00,0.00,0.00,0.00,-0.00,-0.00,0.00,0
3.094,9,15,82,0,DRIVE [ 94 ] [ 1 ] [ 1382 1716 1905 ] [    0    0    0 ] [      0      0      0 ] [ 0 ],drive [ 94 ] [ 0 ] [ 1367 1715 1905 ] [   58   39   16 ] [  18151   9580   5923 ] [ 0 ],1.00,1.00,1.00,1.20,8.81,18.19,0.00,0.00,0.00,0.00,0.00,0.00,0.00,0.00,0.00,0.00,0.00,0.00,-0.00,-0.00,0.00,0
3.10636,8,15,81,0,DRIVE [ 95 ] [ 1 ] [ 1397 1717 1905 ] [    0    0    0 ] [      0      0      0 ] [ 0 ],drive [ 94 ] [ 0 ] [ 1382 1716 1905 ] [   58   39   16 ] [  18142   9577   5923 ] [ 0 ],1.00,1.00,1.00,1.20,8.40,17.76,0.00,0.00,0.00,0.00,0.00,0.00,0.00,0.00,0.00,0.00,0.00,0.00,-0.00,-0.00,0.00,0
3.11836,8,14,81,0,DRIVE [ 95 ] [ 1 ] [ 1413 1718 1905 ] [    0    0    0 ] [      0      0      0 ] [ 0 ],drive [ 95 ] [ 0 ] [ 1397 1717 1905 ] [   58   39   16 ] [  18142   9577   5923 ] [ 0 ],1.00,1.00,1.00,1.20,7.97,17.33,0.00,0.00,0.00,0.00,0.00,0.00,0.00,0.00,0.00,0.00,0.00,0.00,-0.00,-0.00,0.00,0
3.12996,8,14,80,0,DRIVE [ 96 ] [ 1 ] [ 1429 1718 1905 ] [    0    0    0 ] [      0      0      0 ] [ 0 ],drive [ 95 ] [ 0 ] [ 1413 1718 1905 ] [   60   40   16 ] [  18142   9577   5923 ] [ 0 ],1.00,1.00,1.00,1.20,7.53,16.89,0.00,0.00,0.00,0.00,0.00,0.00,0.00,0.00,0.00,0.00,0.00,0.00,-0.00,-0.00,0.00,0
3.13971,7,14,80,0,DRIVE [ 96 ] [ 1 ] [ 1446 1719 1905 ] [    0    0    0 ] [      0      0      0 ] [ 0 ],drive [ 96 ] [ 0 ] [ 1429 1718 1905 ] [   60   40   16 ] [  18142   9577   5923 ] [ 0 ],1.00,1.00,1.00,1.20,7.08,16.46,0.00,0.00,0.00,0.00,0.00,0.00,0.00,0.00,0.00,0.00,0.00,0.00,-0.00,-0.00,0.00,0
3.15004,7,13,80,0,DRIVE [ 97 ] [ 1 ] [ 1463 1719 1905 ] [    0    0    0 ] [      0      0      0 ] [ 0 ],drive [ 96 ] [ 0 ] [ 1446 1719 1905 ] [   60   40   16 ] [  18142   9577   5923 ] [ 0 ],1.00,1.00,1.00,1.20,6.63,16.03,0.00,0.00,0.00,0.00,0.00,0.00,0.00,0.00,0.00,0.00,0.00,0.00,-0.00,-0.00,0.00,0
3.16198,6,13,79,0,DRIVE [ 97 ] [ 1 ] [ 1481 1720 1905 ] [    0    0    0 ] [      0      0      0 ] [ 0 ],drive [ 97 ] [ 0 ] [ 1463 1719 1905 ] [   60   40   16 ] [  18126   9576   5923 ] [ 0 ],1.00,1.00,1.00,1.20,6.13,15.56,0.00,0.00,0.00,0.00,0.00,0.00,0.00,0.00,0.00,0.00,0.00,0.00,-0.00,-0.00,0.00,0
3.17409,6,13,79,0,DRIVE [ 98 ] [ 1 ] [ 1501 1720 1905 ] [    0    0    0 ] [      0      0      0 ] [ 0 ],drive [ 97 ] [ 0 ] [ 1481 1720 1905 ] [   61   40   15 ] [  18126   9576   5923 ] [ 0 ],1.00,1.00,1.00,1.20,5.61,15.08,0.00,0.00,0.00,0.00,0.00,0.00,0.00,0.00,0.00,0.00,0.00,0.00,-0.00,-0.00,0.00,0
3.18631,5,12,79,0,DRIVE [ 98 ] [ 1 ] [ 1521 1720 1905 ] [    0    0    0 ] [      0      0      0 ] [ 0 ],drive [ 98 ] [ 0 ] [ 1501 1720 1905 ] [   61   40   15 ] [  18126   9576   5923 ] [ 0 ],1.00,1.00,1.00,1.20,5.10,14.58,0.00,0.00,0.00,0.00,0.00,0.00,0.00,0.00,0.00,0.00,0.00,0.00,-0.00,-0.00,0.00,0
3.19827,5,12,78,0,DRIVE [ 99 ] [ 1 ] [ 1540 1721 1905 ] [    0    0    0 ] [      0      0      0 ] [ 0 ],drive [ 98 ] [ 0 ] [ 1521 1720 1905 ] [   61   40   15 ] [  18126   9576   5923 ] [ 0 ],1.00,1.00,1.00,1.20,4.62,14.08,0.00,0.00,0.00,0.00,0.00,0.00,0.00,0.00,0.00,0.00,0.00,0.00,-0.00,-0.00,0.00,0
3.20775,4,11,78,0,DRIVE [ 99 ] [ 1 ] [ 1559 1722 1905 ] [    0    0    0 ] [      0      0      0 ] [ 0 ],drive [ 99 ] [ 0 ] [ 1540 1721 1905 ] [   61   40   15 ] [  18059   9575   5923 ] [ 0 ],1.00,1.00,1.00,1.20,4.15,13.61,0.00,0.00,0.00,0.00,0.00,0.00,0.00,0.00,0.00,0.00,0.00,0.00,-0.00,-0.00,0.00,0
3.2182,4,11,78,0,DRIVE [ 00 ] [ 1 ] [ 1576 1722 1905 ] [    0    0    0 ] [      0      0      0 ] [ 0 ],drive [ 99 ] [ 0 ] [ 1559 1722 1905 ] [   33   39   17 ] [  18059   9575   5923 ] [ 0 ],1.00,1.00,1.00,1.20,3.70,13.16,0.00,0.00,0.00,0.00,0.00,0.00,0.00,0.00,0.00,0.00,0.00,0.00,-0.00,-0.00,0.00,0
3.23023,3,11,77,0,DRIVE [ 00 ] [ 1 ] [ 1596 1723 1905 ] [    0    0    0 ] [      0      0      0 ] [ 0 ],drive [ 00 ] [ 0 ] [ 1576 1722 1905 ] [   33   39   17 ] [  18059   9575   5923 ] [ 0 ],1.00,1.00,1.00,1.20,3.21,12.67,0.00,0.00,0.00,0.00,0.00,0.00,0.00,0.00,0.00,0.00,0.00,0.00,-0.00,-0.00,0.00,0
3.24221,3,10,77,0,DRIVE [ 01 ] [ 1 ] [ 1615 1723 1905 ] [    0    0    0 ] [      0      0      0 ] [ 0 ],drive [ 00 ] [ 0 ] [ 1596 1723 1905 ] [   33   39   17 ] [  18059   9575   5923 ] [ 0 ],1.00,1.00,1.00,1.20,2.71,12.18,0.00,0.00,0.00,0.00,0.00,0.00,0.00,0.00,0.00,0.00,0.00,0.00,-0.00,-0.00,0.00,0
3.25416,2,10,77,0,DRIVE [ 01 ] [ 1 ] [ 1634 1723 1905 ] [    0    0    0 ] [      0      0      0 ] [ 0 ],drive [ 01 ] [ 0 ] [ 1615 1723 1905 ] [   33   39   17 ] [  18059   9575   5923 ] [ 0 ],1.00,1.00,1.00,1.20,2.24,11.72,0.00,0.00,0.00,0.00,0.00,0.00,0.00,0.00,0.00,0.00,0.00,0.00,-0.00,-0.00,0.00,0
3.26411,2,9,76,0,DRIVE [ 02 ] [ 1 ] [ 1651 1723 1905 ] [    0    0    0 ] [      0      0      0 ] [ 0 ],drive [ 01 ] [ 0 ] [ 1634 1723 1905 ] [   33   39   17 ] [  17992   9575   5923 ] [ 0 ],1.00,1.00,1.00,1.20,1.79,11.28,0.00,0.00,0.00,0.00,0.00,0.00,0.00,0.00,0.00,0.00,0.00,0.00,-0.00,-0.00,0.00,0
3.27398,1,9,76,0,DRIVE [ 02 ] [ 1 ] [ 1667 1722 1905 ] [    0    0    0 ] [      0      0      0 ] [ 0 ],drive [ 02 ] [ 0 ] [ 1651 1723 1905 ] [   35   39   16 ] [  17992   9575   5923 ] [ 0 ],1.00,1.00,1.00,1.20,1.37,10.89,0.00,0.00,0.00,0.00,0.00,0.00,0.00,0.00,0.00,0.00,0.00,0.00,-0.00,-0.00,0.00,0
3.28618,1,9,76,0,DRIVE [ 03 ] [ 1 ] [ 1682 1720 1905 ] [    0    0    0 ] [      0      0      0 ] [ 0 ],drive [ 02 ] [ 0 ] [ 1667 1722 1905 ] [   35   39   16 ] [  17992   9575   5923 ] [ 0 ],1.00,1.00,1.00,1.20,0.94,10.54,0.00,0.00,0.00,0.00,0.00,0.00,0.00,0.00,0.00,0.00,0.00,0.00,-0.00,-0.00,0.00,0
3.29805,0,9,75,0,DRIVE [ 03 ] [ 1 ] [ 1697 1717 1905 ] [    0    0    0 ] [      0      0      0 ] [ 0 ],drive [ 03 ] [ 0 ] [ 1682 1720 1905 ] [   35   39   16 ] [  17992   9575   5923 ] [ 0 ],1.00,1.00,1.00,1.20,0.50,10.20,0.00,0.00,0.00,0.00,0.00,0.00,0.00,0.00,0.00,0.00,0.00,0.00,-0.00,-0.00,0.00,0
3.31004,0,8,75,0,DRIVE [ 04 ] [ 1 ] [ 1712 1714 1905 ] [    0    0    0 ] [      0      0      0 ] [ 0 ],drive [ 03 ] [ 0 ] [ 1697 1717 1905 ] [   35   39   16 ] [  17793   9575   5923 ] [ 0 ],1.00,1.00,1.00,1.20,0.06,9.88,0.00,0.00,0.00,0.00,0.00,0.00,0.00,0.00,0.00,0.00,0.00,0.00,-0.00,-0.00,0.00,0
3.32227,0,8,75,0,DRIVE [ 04 ] [ 1 ] [ 1725 1711 1905 ] [    0    0    0 ] [      0      0      0 ] [ 0 ],drive [ 04 ] [ 0 ] [ 1712 1714 1905 ] [   22   39   16 ] [  17793   9575   5923 ] [ 0 ],1.00,1.00,1.00,1.20,-0.36,9.56,0.00,0.00,0.00,0.00,0.00,0.00,0.00,0.00,0.00,0.00,0.00,0.00,0.00,-0.00,0.00,0
3.3322,-1,8,74,0,DRIVE [ 05 ] [ 1 ] [ 1738 1707 1905 ] [    0    0    0 ] [      0      0      0 ] [ 0 ],drive [ 04 ] [ 0 ] [ 1725 1711 1905 ] [   22   39   16 ] [  17793   9575   5923 ] [ 0 ],1.00,1.00,1.00,1.20,-0.76,9.25,0.00,0.00,0.00,0.00,0.00,0.00,0.00,0.00,0.00,0.00,0.00,0.00,0.00,-0.00,0.00,0
3.342,-1,7,74,0,DRIVE [ 05 ] [ 1 ] [ 1750 1704 1905 ] [    0    0    0 ] [      0      0      0 ] [ 0 ],drive [ 05 ] [ 0 ] [ 1738 1707 1905 ] [   22   39   16 ] [  17793   9575   5923 ] [ 0 ],1.00,1.00,1.00,1.20,-1.12,8.97,0.00,0.00,0.00,0.00,0.00,0.00,0.00,0.00,0.00,0.00,0.00,0.00,0.00,-0.00,0.00,0
3.35417,-1,7,74,0,DRIVE [ 06 ] [ 1 ] [ 1762 1701 1905 ] [    0    0    0 ] [      0      0      0 ] [ 0 ],drive [ 05 ] [ 0 ] [ 1750 1704 1905 ] [   22   39   16 ] [  17793   9575   5923 ] [ 0 ],1.00,1.00,1.00,1.20,-1.46,8.65,0.00,0.00,0.00,0.00,0.00,0.00,0.00,0.00,0.00,0.00,0.00,0.00,0.00,-0.00,0.00,0
3.36608,-2,7,73,0,DRIVE [ 06 ] [ 1 ] [ 1774 1699 1905 ] [    0    0    0 ] [      0      0      0 ] [ 0 ],drive [ 06 ] [ 0 ] [ 1762 1701 1905 ] [   22   39   16 ] [  17672   9578   5925 ] [ 0 ],1.00,1.00,1.00,1.20,-1.79,8.31,0.00,0.00,0.00,0.00,0.00,0.00,0.00,0.00,0.00,0.00,0.00,0.00,0.00,-0.00,0.00,0
3.37806,-2,7,73,0,DRIVE [ 07 ] [ 1 ] [ 1785 1695 1905 ] [    0    0    0 ] [      0      0      0 ] [ 0 ],drive [ 06 ] [ 0 ] [ 1774 1699 1905 ] [   31   40   16 ] [  17672   9578   5925 ] [ 0 ],1.00,1.00,1.00,1.20,-2.14,7.98,0.00,0.00,0.00,0.00,0.00,0.00,0.00,0.00,0.00,0.00,0.00,0.00,0.00,-0.00,0.00,0
3.39017,-2,6,73,0,DRIVE [ 07 ] [ 1 ] [ 1796 1690 1905 ] [    0    0    0 ] [      0      0      0 ] [ 0 ],drive [ 07 ] [ 0 ] [ 1785 1695 1905 ] [   31   40   16 ] [  17672   9578   5925 ] [ 0 ],1.00,1.00,1.00,1.20,-2.48,7.70,0.00,0.00,0.00,0.00,0.00,0.00,0.00,0.00,0.00,0.00,0.00,0.00,0.00,-0.00,0.00,0
3.40015,-3,6,73,0,DRIVE [ 08 ] [ 1 ] [ 1805 1685 1905 ] [    0    0    0 ] [      0      0      0 ] [ 0 ],drive [ 07 ] [ 0 ] [ 1796 1690 1905 ] [   31   40   16 ] [  17672   9578   5925 ] [ 0 ],1.00,1.00,1.00,1.20,-2.81,7.45,0.00,0.00,0.00,0.00,0.00,0.00,0.00,0.00,0.00,0.00,0.00,0.00,0.00,-0.00,0.00,0
3.41107,-3,6,72,0,DRIVE [ 08 ] [ 1 ] [ 1814 1679 1905 ] [    0    0    0 ] [      0      0      0 ] [ 0 ],drive [ 08 ] [ 0 ] [ 1805 1685 1905 ] [   31   40   16 ] [  17499   9579   5936 ] [ 0 ],1.00,1.00,1.00,1.20,-3.13,7.21,0.00,0.00,0.00,0.00,0.00,0.00,0.00,0.00,0.00,0.00,0.00,0.00,0.00,-0.00,0.00,0
3.42209,-3,6,72,0,DRIVE [ 09 ] [ 1 ] [ 1823 1671 1905 ] [    0    0    0 ] [      0      0      0 ] [ 0 ],drive [ 08 ] [ 0 ] [ 1814 1679 1905 ] [   24   40   23 ] [  17499   9579   5936 ] [ 0 ],1.00,1.00,1.00,1.20,-3.47,6.97,0.00,0.00,0.00,0.00,0.00,0.00,0.00,0.00,0.00,0.00,0.00,0.00,0.00,-0.00,0.00,0
3.43412,-4,6,72,0,DRIVE [ 09 ] [ 1 ] [ 1833 1664 1905 ] [    0    0    0 ] [      0      0      0 ] [ 0 ],drive [ 09 ] [ 0 ] [ 1823 1671 1905 ] [   24   40   23 ] [  17499   9579   5936 ] [ 0 ],1.00,1.00,1.00,1.20,-3.80,6.69,0.00,0.00,0.00,0.00,0.00,0.00,0.00,0.00,0.00,0.00,0.00,0.00,0.00,-0.00,0.00,0
3.44613,-4,5,72,0,DRIVE [ 10 ] [ 1 ] [ 1843 1658 1905 ] [    0    0    0 ] [      0      0      0 ] [ 0 ],drive [ 09 ] [ 0 ] [ 1833 1664 1905 ] [   24   40   23 ] [  17499   9579   5936 ] [ 0 ],1.00,1.00,1.00,1.20,-4.12,6.38,0.00,0.00,0.00,0.00,0.00,0.00,0.00,0.00,0.00,0.00,0.00,0.00,0.00,-0.00,0.00,0
3.45625,-4,5,72,0,DRIVE [ 10 ] [ 1 ] [ 1852 1651 1905 ] [    0    0    0 ] [      0      0      0 ] [ 0 ],drive [ 10 ] [ 0 ] [ 1843 1658 1905 ] [   24   40   23 ] [  17404   9583   5936 ] [ 0 ],1.00,1.00,1.00,1.20,-4.42,6.07,0.00,0.00,0.00,0.00,0.00,0.00,0.00,0.00,0.00,0.00,0.00,0.00,0.00,0.00,0.00,0
3.4661,-5,5,71,0,DRIVE [ 11 ] [ 1 ] [ 1861 1644 1905 ] [    0    0    0 ] [      0      0      0 ] [ 0 ],drive [ 10 ] [ 0 ] [ 1852 1651 1905 ] [   24   40   23 ] [  17404   9583   5936 ] [ 0 ],1.00,1.00,1.00,1.20,-4.69,5.76,0.00,0.00,0.00,0.00,0.00,0.00,0.00,0.00,0.00,0.00,0.00,0.00,0.00,0.00,0.00,0
3.47801,-5,5,71,0,DRIVE [ 11 ] [ 1 ] [ 1869 1636 1905 ] [    0    0    0 ] [      0      0      0 ] [ 0 ],drive [ 11 ] [ 0 ] [ 1861 1644 1905 ] [   21   42   27 ] [  17404   9583   5936 ] [ 0 ],1.00,1.00,1.00,1.20,-4.96,5.53,0.00,0.00,0.00,0.00,0.00,0.00,0.00,0.00,0.00,0.00,0.00,0.00,0.00,0.00,0.00,0
3.49024,-5,4,71,0,DRIVE [ 12 ] [ 1 ] [ 1876 1627 1905 ] [    0    0    0 ] [      0      0      0 ] [ 0 ],drive [ 11 ] [ 0 ] [ 1869 1636 1905 ] [   21   42   27 ] [  17404   9583   5936 ] [ 0 ],1.00,1.00,1.00,1.20,-5.23,5.34,0.00,0.00,0.00,0.00,0.00,0.00,0.00,0.00,0.00,0.00,0.00,0.00,0.00,0.00,0.00,0
3.50205,-6,4,71,0,DRIVE [ 12 ] [ 1 ] [ 1882 1617 1905 ] [    0    0    0 ] [      0      0      0 ] [ 0 ],drive [ 12 ] [ 0 ] [ 1876 1627 1905 ] [   21   42   27 ] [  17404   9583   5936 ] [ 0 ],1.00,1.00,1.00,1.20,-5.50,5.18,0.00,0.00,0.00,0.00,0.00,0.00,0.00,0.00,0.00,0.00,0.00,0.00,0.00,0.00,0.00,0
3.51384,-6,4,71,0,DRIVE [ 13 ] [ 1 ] [ 1887 1606 1905 ] [    0    0    0 ] [      0      0      0 ] [ 0 ],drive [ 12 ] [ 0 ] [ 1882 1617 1905 ] [   21   42   27 ] [  17210   9599   5995 ] [ 0 ],1.00,1.00,1.00,1.20,-5.75,5.08,0.00,0.00,0.00,0.00,0.00,0.00,0.00,0.00,0.00,0.00,0.00,0.00,0.00,0.00,0.00,0
3.5238,-6,4,70,0,DRIVE [ 13 ] [ 1 ] [ 1890 1597 1905 ] [    0    0    0 ] [      0      0      0 ] [ 0 ],drive [ 13 ] [ 0 ] [ 1887 1606 1905 ] [    9   30    3 ] [  17210   9599   5995 ] [ 0 ],1.00,1.00,1.00,1.20,-5.96,5.01,0.00,0.00,0.00,0.00,0.00,0.00,0.00,0.00,0.00,0.00,0.00,0.00,0.00,0.00,0.00,0
3.53425,-6,4,70,0,DRIVE [ 14 ] [ 1 ] [ 1894 1589 1905 ] [    0    0    0 ] [      0      0      0 ] [ 0 ],drive [ 13 ] [ 0 ] [ 1890 1597 1905 ] [    9   30    3 ] [  17210   9599   5995 ] [ 0 ],1.00,1.00,1.00,1.20,-6.14,4.93,0.00,0.00,0.00,0.00,0.00,0.00,0.00,0.00,0.00,0.00,0.00,0.00,0.00,0.00,0.00,0
3.54631,-6,4,70,0,DRIVE [ 14 ] [ 1 ] [ 1897 1581 1905 ] [    0    0    0 ] [      0      0      0 ] [ 0 ],drive [ 14 ] [ 0 ] [ 1894 1589 1905 ] [    9   30    3 ] [  17210   9599   5995 ] [ 0 ],1.00,1.00,1.00,1.20,-6.30,4.87,0.00,0.00,0.00,0.00,0.00,0.00,0.00,0.00,0.00,0.00,0.00,0.00,0.00,0.00,0.00,0
3.55812,-6,4,70,0,DRIVE [ 15 ] [ 1 ] [ 1901 1574 1905 ] [    0    0    0 ] [      0      0      0 ] [ 0 ],drive [ 14 ] [ 0 ] [ 1897 1581 1905 ] [    9   30    3 ] [  17013   9649   6026 ] [ 0 ],1.00,1.00,1.00,1.20,-6.45,4.78,0.00,0.00,0.00,0.00,0.00,0.00,0.00,0.00,0.00,0.00,0.00,0.00,0.00,0.00,0.00,0
3.5703,-7,4,70,0,DRIVE [ 15 ] [ 1 ] [ 1905 1568 1905 ] [    0    0    0 ] [      0      0      0 ] [ 0 ],drive [ 15 ] [ 0 ] [ 1901 1574 1905 ] [   13   44    5 ] [  17013   9649   6026 ] [ 0 ],1.00,1.00,1.00,1.20,-6.60,4.66,0.00,0.00,0.00,0.00,0.00,0.00,0.00,0.00,0.00,0.00,0.00,0.00,0.00,0.00,0.00,0
3.57969,-7,4,70,0,DRIVE [ 16 ] [ 1 ] [ 1905 1569 1902 ] [    0    0    0 ] [      0      0      0 ] [ 0 ],drive [ 15 ] [ 0 ] [ 1905 1568 1905 ] [   13   44    5 ] [  17013   9649   6026 ] [ 0 ],1.00,1.00,1.00,1.20,-6.73,4.50,0.00,0.00,0.00,0.00,0.00,0.00,0.00,0.00,0.00,0.00,0.00,0.00,0.00,0.00,0.00,0
3.58996,-7,4,70,0,DRIVE [ 16 ] [ 1 ] [ 1905 1574 1899 ] [    0    0    0 ] [      0      0      0 ] [ 0 ],drive [ 16 ] [ 0 ] [ 1905 1569 1902 ] [   13   44    5 ] [  17013   9649   6026 ] [ 0 ],1.00,1.00,1.00,1.20,-6.79,4.34,0.00,0.00,0.00,0.00,0.00,0.00,0.00,0.00,0.00,0.00,0.00,0.00,0.00,0.00,0.00,0
3.60221,-7,3,70,0,DRIVE [ 17 ] [ 1 ] [ 1905 1581 1896 ] [    0    0    0 ] [      0      0      0 ] [ 0 ],drive [ 16 ] [ 0 ] [ 1905 1574 1899 ] [   13   44    5 ] [  17013   9649   6026 ] [ 0 ],1.00,1.00,1.00,1.20,-6.78,4.15,0.00,0.00,0.00,0.00,0.00,0.00,0.00,0.00,0.00,0.00,0.00,0.00,0.00,0.00,0.00,0
3.61424,-7,3,69,0,DRIVE [ 17 ] [ 1 ] [ 1905 1588 1894 ] [    0    0    0 ] [      0      0      0 ] [ 0 ],drive [ 17 ] [ 0 ] [ 1905 1581 1896 ] [   13   44    5 ] [  16963   9737   6026 ] [ 0 ],1.00,1.00,1.00,1.20,-6.73,3.98,0.00,0.00,0.00,0.00,0.00,0.00,0.00,0.00,0.00,0.00,0.00,0.00,0.00,0.00,0.00,0
3.6258,-7,3,69,0,DRIVE [ 18 ] [ 1 ] [ 1905 1593 1892 ] [    0    0    0 ] [      0      0      0 ] [ 0 ],drive [ 17 ] [ 0 ] [ 1905 1588 1894 ] [    1   33    9 ] [  16963   9737   6026 ] [ 0 ],1.00,1.00,1.00,1.20,-6.68,3.87,0.00,0.00,0.00,0.00,0.00,0.00,0.00,0.00,0.00,0.00,0.00,0.00,0.00,0.00,0.00,0
3.63809,-7,3,69,0,DRIVE [ 18 ] [ 1 ] [ 1905 1598 1891 ] [    0    0    0 ] [      0      0      0 ] [ 0 ],drive [ 18 ] [ 0 ] [ 1905 1593 1892 ] [    1   33    9 ] [  16963   9737   6026 ] [ 0 ],1.00,1.00,1.00,1.20,-6.62,3.77,0.00,0.00,0.00,0.00,0.00,0.00,0.00,0.00,0.00,0.00,0.00,0.00,0.00,0.00,0.00,0
3.64822,-7,3,69,0,DRIVE [ 19 ] [ 1 ] [ 1905 1603 1891 ] [    0    0    0 ] [      0      0      0 ] [ 0 ],drive [ 18 ] [ 0 ] [ 1905 1598 1891 ] [    1   33    9 ] [  16963   9737   6026 ] [ 0 ],1.00,1.00,1.00,1.20,-6.54,3.67,0.00,0.00,0.00,0.00,0.00,0.00,0.00,0.00,0.00,0.00,0.00,0.00,0.00,0.00,0.00,0
3.65792,-6,3,69,0,DRIVE [ 19 ] [ 1 ] [ 1905 1609 1890 ] [    0    0    0 ] [      0      0      0 ] [ 0 ],drive [ 19 ] [ 0 ] [ 1905 1603 1891 ] [    1   33    9 ] [  16926   9737   6042 ] [ 0 ],1.00,1.00,1.00,1.20,-6.45,3.56,0.00,0.00,0.00,0.00,0.00,0.00,0.00,0.00,0.00,0.00,0.00,0.00,0.00,0.00,0.00,0
3.67015,-6,3,69,0,DRIVE [ 20 ] [ 1 ] [ 1905 1617 1889 ] [    0    0    0 ] [      0      0      0 ] [ 0 ],drive [ 19 ] [ 0 ] [ 1905 1609 1890 ] [    0   31   18 ] [  16926   9737   6042 ] [ 0 ],1.00,1.00,1.00,1.20,-6.34,3.42,0.00,0.00,0.00,0.00,0.00,0.00,0.00,0.00,0.00,0.00,0.00,0.00,0.00,0.00,0.00,0
3.68223,-6,3,69,0,DRIVE [ 20 ] [ 1 ] [ 1905 1625 1887 ] [    0    0    0 ] [      0      0      0 ] [ 0 ],drive [ 20 ] [ 0 ] [ 1905 1617 1889 ] [    0   31   18 ] [  16926   9737   6042 ] [ 0 ],1.00,1.00,1.00,1.20,-6.25,3.24,0.00,0.00,0.00,0.00,0.00,0.00,0.00,0.00,0.00,0.00,0.00,0.00,0.00,0.00,0.00,0
3.69396,-6,3,69,0,DRIVE [ 21 ] [ 1 ] [ 1905 1634 1885 ] [    0    0    0 ] [      0      0      0 ] [ 0 ],drive [ 20 ] [ 0 ] [ 1905 1625 1887 ] [    0   31   18 ] [  16926   9737   6042 ] [ 0 ],1.00,1.00,1.00,1.20,-6.14,3.05,0.00,0.00,0.00,0.00,0.00,0.00,0.00,0.00,0.00,0.00,0.00,0.00,0.00,0.00,0.00,0
3.7064,-6,2,69,0,DRIVE [ 21 ] [ 1 ] [ 1905 1644 1883 ] [    0    0    0 ] [      0      0      0 ] [ 0 ],drive [ 21 ] [ 0 ] [ 1905 1634 1885 ] [    0   31   18 ] [  16909   9736   6042 ] [ 0 ],1.00,1.00,1.00,1.20,-6.03,2.83,0.00,0.00,0.00,0.00,0.00,0.00,0.00,0.00,0.00,0.00,0.00,0.00,0.00,0.00,0.00,0
3.71638,-6,2,69,0,DRIVE [ 22 ] [ 1 ] [ 1905 1655 1880 ] [    0    0    0 ] [      0      0      0 ] [ 0 ],drive [ 21 ] [ 0 ] [ 1905 1644 1883 ] [    0   31   18 ] [  16909   9736   6042 ] [ 0 ],1.00,1.00,1.00,1.20,-5.93,2.58,0.00,0.00,0.00,0.00,0.00,0.00,0.00,0.00,0.00,0.00,0.00,0.00,0.00,0.00,0.00,0
3.72588,-6,2,69,0,DRIVE [ 22 ] [ 1 ] [ 1905 1666 1877 ] [    0    0    0 ] [      0      0      0 ] [ 0 ],drive [ 22 ] [ 0 ] [ 1905 1655 1880 ] [    8   27   18 ] [  16909   9736   6042 ] [ 0 ],1.00,1.00,1.00,1.20,-5.82,2.34,0.00,0.00,0.00,0.00,0.00,0.00,0.00,0.00,0.00,0.00,0.00,0.00,0.00,0.00,0.00,0
3.73822,-6,2,68,0,DRIVE [ 23 ] [ 1 ] [ 1905 1675 1875 ] [    0    0    0 ] [      0      0      0 ] [ 0 ],drive [ 22 ] [ 0 ] [ 1905 1666 1877 ] [    8   27   18 ] [  16909   9736   6042 ] [ 0 ],1.00,1.00,1.00,1.20,-5.70,2.12,0.00,0.00,0.00,0.00,0.00,0.00,0.00,0.00,0.00,0.00,0.00,0.00,0.00,0.00,0.00,0
3.75108,-6,2,68,0,DRIVE [ 23 ] [ 1 ] [ 1905 1685 1873 ] [    0    0    0 ] [      0      0      0 ] [ 0 ],drive [ 23 ] [ 0 ] [ 1905 1675 1875 ] [    8   27   18 ] [  16909   9736   6042 ] [ 0 ],1.00,1.00,1.00,1.20,-5.56,1.94,0.00,0.00,0.00,0.00,0.00,0.00,0.00,0.00,0.00,0.00,0.00,0.00,0.00,0.00,0.00,0
3.76235,-5,1,68,0,DRIVE [ 24 ] [ 1 ] [ 1905 1694 1873 ] [    0    0    0 ] [      0      0      0 ] [ 0 ],drive [ 23 ] [ 0 ] [ 1905 1685 1873 ] [    8   27   18 ] [  16907   9731   6043 ] [ 0 ],1.00,1.00,1.00,1.20,-5.38,1.80,0.00,0.00,0.00,0.00,0.00,0.00,0.00,0.00,0.00,0.00,0.00,0.00,0.00,0.00,0.00,0
3.77156,-5,1,68,0,DRIVE [ 24 ] [ 1 ] [ 1905 1703 1873 ] [    0    0    0 ] [      0      0      0 ] [ 0 ],drive [ 24 ] [ 0 ] [ 1905 1694 1873 ] [   15   26   24 ] [  16907   9731   6043 ] [ 0 ],1.00,1.00,1.00,1.20,-5.17,1.68,0.00,0.00,0.00,0.00,0.00,0.00,0.00,0.00,0.00,0.00,0.00,0.00,0.00,-0.00,0.00,0
3.78186,-5,1,68,0,DRIVE [ 25 ] [ 1 ] [ 1905 1712 1875 ] [    0    0    0 ] [      0      0      0 ] [ 0 ],drive [ 24 ] [ 0 ] [ 1905 1703 1873 ] [   15   26   24 ] [  16907   9731   6043 ] [ 0 ],1.00,1.00,1.00,1.20,-4.92,1.61,0.00,0.00,0.00,0.00,0.00,0.00,0.00,0.00,0.00,0.00,0.00,0.00,0.00,-0.00,0.00,0
3.7938,-5,1,68,0,DRIVE [ 25 ] [ 1 ] [ 1905 1721 1877 ] [    0    0    0 ] [      0      0      0 ] [ 0 ],drive [ 25 ] [ 0 ] [ 1905 1712 1875 ] [   15   26   24 ] [  16907   9731   6043 ] [ 0 ],1.00,1.00,1.00,1.20,-4.66,1.54,0.00,0.00,0.00,0.00,0.00,0.00,0.00,0.00,0.00,0.00,0.00,0.00,0.00,-0.00,0.00,0
3.80618,-4,1,67,0,DRIVE [ 26 ] [ 1 ] [ 1905 1731 1879 ] [    0    0    0 ] [      0      0      0 ] [ 0 ],drive [ 25 ] [ 0 ] [ 1905 1721 1877 ] [   15   26   24 ] [  16852   9728   6084 ] [ 0 ],1.00,1.00,1.00,1.20,-4.36,1.50,0.00,0.00,0.00,0.00,0.00,0.00,0.00,0.00,0.00,0.00,0.00,0.00,0.00,-0.00,0.00,0
3.81833,-4,1,67,0,DRIVE [ 26 ] [ 1 ] [ 1905 1741 1882 ] [    0    0    0 ] [      0      0      0 ] [ 0 ],drive [ 26 ] [ 0 ] [ 1905 1731 1879 ] [   15   26   24 ] [  16852   9728   6084 ] [ 0 ],1.00,1.00,1.00,1.20,-4.07,1.44,0.00,0.00,0.00,0.00,0.00,0.00,0.00,0.00,0.00,0.00,0.00,0.00,0.00,-0.00,0.00,0
3.83011,-4,1,67,0,DRIVE [ 27 ] [ 1 ] [ 1905 1750 1884 ] [    0    0    0 ] [      0      0      0 ] [ 0 ],drive [ 26 ] [ 0 ] [ 1905 1741 1882 ] [   18   23   19 ] [  16852   9728   6084 ] [ 0 ],1.00,1.00,1.00,1.20,-3.80,1.38,0.00,0.00,0.00,0.00,0.00,0.00,0.00,0.00,0.00,0.00,0.00,0.00,0.00,-0.00,0.00,0
3.83952,-4,1,67,0,DRIVE [ 27 ] [ 1 ] [ 1905 1759 1886 ] [    0    0    0 ] [      0      0      0 ] [ 0 ],drive [ 27 ] [ 0 ] [ 1905 1750 1884 ] [   18   23   19 ] [  16852   9728   6084 ] [ 0 ],1.00,1.00,1.00,1.20,-3.56,1.32,0.00,0.00,0.00,0.00,0.00,0.00,0.00,0.00,0.00,0.00,0.00,0.00,0.00,-0.00,0.00,0
3.85011,-3,1,67,0,DRIVE [ 28 ] [ 1 ] [ 1905 1765 1887 ] [    0    0    0 ] [      0      0      0 ] [ 0 ],drive [ 27 ] [ 0 ] [ 1905 1759 1886 ] [   18   23   19 ] [  16852   9728   6084 ] [ 0 ],1.00,1.00,1.00,1.20,-3.37,1.28,0.00,0.00,0.00,0.00,0.00,0.00,0.00,0.00,0.00,0.00,0.00,0.00,0.00,-0.00,0.00,0
3.86211,-3,1,66,0,DRIVE [ 28 ] [ 1 ] [ 1905 1769 1889 ] [    0    0    0 ] [      0      0      0 ] [ 0 ],drive [ 28 ] [ 0 ] [ 1905 1765 1887 ] [   18   23   19 ] [  16839   9718   6087 ] [ 0 ],1.00,1.00,1.00,1.20,-3.22,1.27,0.00,0.00,0.00,0.00,0.00,0.00,0.00,0.00,0.00,0.00,0.00,0.00,0.00,-0.00,0.00,0
3.87429,-3,1,66,0,DRIVE [ 29 ] [ 1 ] [ 1905 1771 1891 ] [    0    0    0 ] [      0      0      0 ] [ 0 ],drive [ 28 ] [ 0 ] [ 1905 1769 1889 ] [   13   29   18 ] [  16839   9718   6087 ] [ 0 ],1.00,1.00,1.00,1.20,-3.11,1.30,0.00,0.00,0.00,0.00,0.00,0.00,0.00,0.00,0.00,0.00,0.00,0.00,0.00,-0.00,0.00,0
3.88605,-3,1,66,0,DRIVE [ 29 ] [ 1 ] [ 1905 1771 1893 ] [    0    0    0 ] [      0      0      0 ] [ 0 ],drive [ 29 ] [ 0 ] [ 1905 1771 1891 ] [   13   29   18 ] [  16839   9718   6087 ] [ 0 ],1.00,1.00,1.00,1.20,-2.99,1.37,0.00,0.00,0.00,0.00,0.00,0.00,0.00,0.00,0.00,0.00,0.00,0.00,0.00,-0.00,0.00,0
3.89813,-3,1,66,0,DRIVE [ 30 ] [ 1 ] [ 1905 1770 1896 ] [    0    0    0 ] [      0      0      0 ] [ 0 ],drive [ 29 ] [ 0 ] [ 1905 1771 1893 ] [   13   29   18 ] [  16839   9718   6087 ] [ 0 ],1.00,1.00,1.00,1.20,-2.87,1.48,0.00,0.00,0.00,0.00,0.00,0.00,0.00,0.00,0.00,0.00,0.00,0.00,0.00,-0.00,0.00,0
3.90782,-3,1,65,0,DRIVE [ 30 ] [ 1 ] [ 1905 1768 1901 ] [    0    0    0 ] [      0      0      0 ] [ 0 ],drive [ 30 ] [ 0 ] [ 1905 1770 1896 ] [   13   29   18 ] [  16805   9706   6092 ] [ 0 ],1.00,1.00,1.00,1.20,-2.72,1.63,0.00,0.00,0.00,0.00,0.00,0.00,0.00,0.00,0.00,0.00,0.00,0.00,0.00,-0.00,0.00,0
3.91871,-3,1,65,0,DRIVE [ 31 ] [ 1 ] [ 1905 1765 1905 ] [    0    0    0 ] [      0      0      0 ] [ 0 ],drive [ 30 ] [ 0 ] [ 1905 1768 1901 ] [    1   34   11 ] [  16805   9706   6092 ] [ 0 ],1.00,1.00,1.00,1.20,-2.56,1.78,0.00,0.00,0.00,0.00,0.00,0.00,0.00,0.00,0.00,0.00,0.00,0.00,0.00,-0.00,0.00,0
3.93046,-2,2,65,0,DRIVE [ 31 ] [ 1 ] [ 1901 1770 1905 ] [    0    0    0 ] [      0      0      0 ] [ 0 ],drive [ 31 ] [ 0 ] [ 1905 1765 1905 ] [    1   34   11 ] [  16805   9706   6092 ] [ 0 ],1.00,1.00,1.00,1.20,-2.41,1.92,0.00,0.00,0.00,0.00,0.00,0.00,0.00,0.00,0.00,0.00,0.00,0.00,0.00,-0.00,0.00,0
3.94222,-2,2,65,0,DRIVE [ 32 ] [ 1 ] [ 1897 1776 1905 ] [    0    0    0 ] [      0      0      0 ] [ 0 ],drive [ 31 ] [ 0 ] [ 1901 1770 1905 ] [    1   34   11 ] [  16805   9706   6092 ] [ 0 ],1.00,1.00,1.00,1.20,-2.27,2.03,0.00,0.00,0.00,0.00,0.00,0.00,0.00,0.00,0.00,0.00,0.00,0.00,0.00,-0.00,0.00,0
3.95443,-2,2,64,0,DRIVE [ 32 ] [ 1 ] [ 1894 1780 1905 ] [    0    0    0 ] [      0      0      0 ] [ 0 ],drive [ 32 ] [ 0 ] [ 1897 1776 1905 ] [    1   34   11 ] [  16805   9706   6092 ] [ 0 ],1.00,1.00,1.00,1.20,-2.15,2.11,0.00,0.00,0.00,0.00,0.00,0.00,0.00,0.00,0.00,0.00,0.00,0.00,0.00,-0.00,0.00,0
3.96439,-2,2,64,0,DRIVE [ 33 ] [ 1 ] [ 1891 1782 1905 ] [    0    0    0 ] [      0      0      0 ] [ 0 ],drive [ 32 ] [ 0 ] [ 1894 1780 1905 ] [    1   34   11 ] [  16802   9700   6101 ] [ 0 ],1.00,1.00,1.00,1.20,-2.07,2.17,0.00,0.00,0.00,0.00,0.00,0.00,0.00,0.00,0.00,0.00,0.00,0.00,0.00,-0.00,0.00,0
3.97392,-2,2,64,0,DRIVE [ 33 ] [ 1 ] [ 1889 1784 1905 ] [    0    0    0 ] [      0      0      0 ] [ 0 ],drive [ 33 ] [ 0 ] [ 1891 1782 1905 ] [    2   33    9 ] [  16802   9700   6101 ] [ 0 ],1.00,1.00,1.00,1.20,-2.00,2.21,0.00,0.00,0.00,0.00,0.00,0.00,0.00,0.00,0.00,0.00,0.00,0.00,0.00,-0.00,0.00,0
3.98737,-2,2,64,0,DRIVE [ 34 ] [ 1 ] [ 1888 1787 1905 ] [    0    0    0 ] [      0      0      0 ] [ 0 ],drive [ 33 ] [ 0 ] [ 1889 1784 1905 ] [    2   33    9 ] [  16802   9700   6101 ] [ 0 ],1.00,1.00,1.00,1.20,-1.92,2.24,0.00,0.00,0.00,0.00,0.00,0.00,0.00,0.00,0.00,0.00,0.00,0.00,0.00,-0.00,0.00,0
3.99819,-2,2,63,0,DRIVE [ 34 ] [ 1 ] [ 1886 1791 1905 ] [    0    0    0 ] [      0      0      0 ] [ 0 ],drive [ 34 ] [ 0 ] [ 1888 1787 1905 ] [    2   33    9 ] [  16802   9700   6101 ] [ 0 ],1.00,1.00,1.00,1.20,-1.81,2.24,0.00,0.00,0.00,0.00,0.00,0.00,0.00,0.00,0.00,0.00,0.00,0.00,0.00,-0.00,0.00,0
4.0099,-2,2,63,0,DRIVE [ 35 ] [ 1 ] [ 1884 1795 1905 ] [    0    0    0 ] [      0      0      0 ] [ 0 ],drive [ 34 ] [ 0 ] [ 1886 1791 1905 ] [    2   33    9 ] [  16802   9697   6101 ] [ 0 ],1.00,1.00,1.00,1.20,-1.70,2.24,0.00,0.00,0.00,0.00,0.00,0.00,0.00,0.00,0.00,0.00,0.00,0.00,0.00,-0.00,0.00,0
4.02242,-2,2,63,0,DRIVE [ 35 ] [ 1 ] [ 1883 1799 1905 ] [    0    0    0 ] [      0      0      0 ] [ 0 ],drive [ 35 ] [ 0 ] [ 1884 1795 1905 ] [    5   34    9 ] [  16802   9697   6101 ] [ 0 ],1.00,1.00,1.00,1.20,-1.61,2.24,0.00,0.00,0.00,0.00,0.00,0.00,0.00,0.00,0.00,0.00,0.00,0.00,0.00,-0.00,0.00,0
4.03229,-2,2,62,0,DRIVE [ 36 ] [ 1 ] [ 1882 1802 1905 ] [    0    0    0 ] [      0      0      0 ] [ 0 ],drive [ 35 ] [ 0 ] [ 1883 1799 1905 ] [    5   34    9 ] [  16802   9697   6101 ] [ 0 ],1.00,1.00,1.00,1.20,-1.54,2.22,0.00,0.00,0.00,0.00,0.00,0.00,0.00,0.00,0.00,0.00,0.00,0.00,0.00,-0.00,0.00,0
4.04194,-2,2,62,0,DRIVE [ 36 ] [ 1 ] [ 1882 1802 1905 ] [    0    0    0 ] [      0      0      0 ] [ 0 ],drive [ 36 ] [ 0 ] [ 1882 1802 1905 ] [    5   34    9 ] [  16802   9697   6101 ] [ 0 ],1.00,1.00,1.00,1.20,-1.53,2.22,0.00,0.00,0.00,0.00,0.00,0.00,0.00,0.00,0.00,0.00,0.00,0.00,0.00,-0.00,0.00,0
4.05425,-2,2,62,0,DRIVE [ 37 ] [ 1 ] [ 1882 1799 1905 ] [    0    0    0 ] [      0      0      0 ] [ 0 ],drive [ 36 ] [ 0 ] [ 1882 1802 1905 ] [    5   34    9 ] [  16802   9697   6101 ] [ 0 ],1.00,1.00,1.00,1.20,-1.57,2.21,0.00,0.00,0.00,0.00,0.00,0.00,0.00,0.00,0.00,0.00,0.00,0.00,0.00,-0.00,0.00,0
4.06616,-2,2,61,0,DRIVE [ 37 ] [ 1 ] [ 1883 1797 1905 ] [    0    0    0 ] [      0      0      0 ] [ 0 ],drive [ 37 ] [ 0 ] [ 1882 1799 1905 ] [    5   34    9 ] [  16801   9658   6101 ] [ 0 ],1.00,1.00,1.00,1.20,-1.63,2.20,0.00,0.00,0.00,0.00,0.00,0.00,0.00,0.00,0.00,0.00,0.00,0.00,0.00,-0.00,0.00,0
4.07807,-2,2,61,0,DRIVE [ 38 ] [ 1 ] [ 1884 1793 1905 ] [    0    0    0 ] [      0      0      0 ] [ 0 ],drive [ 37 ] [ 0 ] [ 1883 1797 1905 ] [    5   11    9 ] [  16801   9658   6101 ] [ 0 ],1.00,1.00,1.00,1.20,-1.70,2.21,0.00,0.00,0.00,0.00,0.00,0.00,0.00,0.00,0.00,0.00,0.00,0.00,0.00,-0.00,0.00,0
4.09018,-2,2,61,0,DRIVE [ 38 ] [ 1 ] [ 1885 1788 1905 ] [    0    0    0 ] [      0      0      0 ] [ 0 ],drive [ 38 ] [ 0 ] [ 1884 1793 1905 ] [    5   11    9 ] [  16801   9658   6101 ] [ 0 ],1.00,1.00,1.00,1.20,-1.78,2.23,0.00,0.00,0.00,0.00,0.00,0.00,0.00,0.00,0.00,0.00,0.00,0.00,0.00,-0.00,0.00,0
4.10015,-2,2,61,0,DRIVE [ 39 ] [ 1 ] [ 1886 1783 1905 ] [    0    0    0 ] [      0      0      0 ] [ 0 ],drive [ 38 ] [ 0 ] [ 1885 1788 1905 ] [    5   11    9 ] [  16801   9658   6101 ] [ 0 ],1.00,1.00,1.00,1.20,-1.88,2.24,0.00,0.00,0.00,0.00,0.00,0.00,0.00,0.00,0.00,0.00,0.00,0.00,0.00,-0.00,0.00,0
4.10992,-2,2,60,0,DRIVE [ 39 ] [ 1 ] [ 1887 1778 1905 ] [    0    0    0 ] [      0      0      0 ] [ 0 ],drive [ 39 ] [ 0 ] [ 1886 1783 1905 ] [    5   11    9 ] [  16801   9600   6101 ] [ 0 ],1.00,1.00,1.00,1.20,-1.97,2.24,0.00,0.00,0.00,0.00,0.00,0.00,0.00,0.00,0.00,0.00,0.00,0.00,0.00,-0.00,0.00,0
4.12227,-2,2,60,0,DRIVE [ 40 ] [ 1 ] [ 1888 1773 1905 ] [    0    0    0 ] [      0      0      0 ] [ 0 ],drive [ 39 ] [ 0 ] [ 1887 1778 1905 ] [    4   24   10 ] [  16801   9600   6101 ] [ 0 ],1.00,1.00,1.00,1.20,-2.06,2.26,0.00,0.00,0.00,0.00,0.00,0.00,0.00,0.00,0.00,0.00,0.00,0.00,0.00,-0.00,0.00,0
4.13415,-2,2,60,0,DRIVE [ 40 ] [ 1 ] [ 1889 1768 1905 ] [    0    0    0 ] [      0      0      0 ] [ 0 ],drive [ 40 ] [ 0 ] [ 1888 1773 1905 ] [    4   24   10 ] [  16801   9600   6101 ] [ 0 ],1.00,1.00,1.00,1.20,-2.13,2.28,0.00,0.00,0.00,0.00,0.00,0.00,0.00,0.00,0.00,0.00,0.00,0.00,0.00,-0.00,0.00,0
4.14639,-2,2,59,0,DRIVE [ 41 ] [ 1 ] [ 1888 1764 1905 ] [    0    0    0 ] [      0      0      0 ] [ 0 ],drive [ 40 ] [ 0 ] [ 1889 1768 1905 ] [    4   24   10 ] [  16801   9600   6101 ] [ 0 ],1.00,1.00,1.00,1.20,-2.19,2.33,0.00,0.00,0.00,0.00,0.00,0.00,0.00,0.00,0.00,0.00,0.00,0.00,0.00,-0.00,0.00,0
4.15587,-2,2,59,0,DRIVE [ 41 ] [ 1 ] [ 1888 1761 1905 ] [    0    0    0 ] [      0      0      0 ] [ 0 ],drive [ 41 ] [ 0 ] [ 1888 1764 1905 ] [    4   24   10 ] [  16800   9600   6101 ] [ 0 ],1.00,1.00,1.00,1.20,-2.23,2.39,0.00,0.00,0.00,0.00,0.00,0.00,0.00,0.00,0.00,0.00,0.00,0.00,0.00,-0.00,0.00,0
4.16633,-2,2,59,0,DRIVE [ 42 ] [ 1 ] [ 1886 1757 1905 ] [    0    0    0 ] [      0      0      0 ] [ 0 ],drive [ 41 ] [ 0 ] [ 1888 1761 1905 ] [    4   24   10 ] [  16800   9600   6101 ] [ 0 ],1.00,1.00,1.00,1.20,-2.27,2.49,0.00,0.00,0.00,0.00,0.00,0.00,0.00,0.00,0.00,0.00,0.00,0.00,0.00,-0.00,0.00,0
4.17823,-2,2,59,0,DRIVE [ 42 ] [ 1 ] [ 1884 1752 1905 ] [    0    0    0 ] [      0      0      0 ] [ 0 ],drive [ 42 ] [ 0 ] [ 1886 1757 1905 ] [    8   26   10 ] [  16800   9600   6101 ] [ 0 ],1.00,1.00,1.00,1.20,-2.32,2.61,0.00,0.00,0.00,0.00,0.00,0.00,0.00,0.00,0.00,0.00,0.00,0.00,0.00,-0.00,0.00,0
4.19031,-2,2,58,0,DRIVE [ 43 ] [ 1 ] [ 1882 1746 1905 ] [    0    0    0 ] [      0      0      0 ] [ 0 ],drive [ 42 ] [ 0 ] [ 1884 1752 1905 ] [    8   26   10 ] [  16800   9600   6101 ] [ 0 ],1.00,1.00,1.00,1.20,-2.38,2.74,0.00,0.00,0.00,0.00,0.00,0.00,0.00,0.00,0.00,0.00,0.00,0.00,0.00,0.00,0.00,0
4.20244,-2,2,58,0,DRIVE [ 43 ] [ 1 ] [ 1880 1738 1905 ] [    0    0    0 ] [      0      0      0 ] [ 0 ],drive [ 43 ] [ 0 ] [ 1882 1746 1905 ] [    8   26   10 ] [  16800   9600   6101 ] [ 0 ],1.00,1.00,1.00,1.20,-2.47,2.88,0.00,0.00,0.00,0.00,0.00,0.00,0.00,0.00,0.00,0.00,0.00,0.00,0.00,0.00,0.00,0
4.21429,-3,3,58,0,DRIVE [ 44 ] [ 1 ] [ 1878 1731 1905 ] [    0    0    0 ] [      0      0      0 ] [ 0 ],drive [ 43 ] [ 0 ] [ 1880 1738 1905 ] [    8   26   10 ] [  16771   9600   6101 ] [ 0 ],1.00,1.00,1.00,1.20,-2.57,3.02,0.00,0.00,0.00,0.00,0.00,0.00,0.00,0.00,0.00,0.00,0.00,0.00,0.00,0.00,0.00,0
4.2239,-3,3,57,0,DRIVE [ 44 ] [ 1 ] [ 1877 1723 1905 ] [    0    0    0 ] [      0      0      0 ] [ 0 ],drive [ 44 ] [ 0 ] [ 1878 1731 1905 ] [   19   27    9 ] [  16771   9600   6101 ] [ 0 ],1.00,1.00,1.00,1.20,-2.65,3.16,0.00,0.00,0.00,0.00,0.00,0.00,0.00,0.00,0.00,0.00,0.00,0.00,0.00,0.00,0.00,0
4.23446,-3,3,57,0,DRIVE [ 45 ] [ 1 ] [ 1875 1717 1905 ] [    0    0    0 ] [      0      0      0 ] [ 0 ],drive [ 44 ] [ 0 ] [ 1877 1723 1905 ] [   19   27    9 ] [  16771   9600   6101 ] [ 0 ],1.00,1.00,1.00,1.20,-2.72,3.27,0.00,0.00,0.00,0.00,0.00,0.00,0.00,0.00,0.00,0.00,0.00,0.00,0.00,0.00,0.00,0
4.24612,-3,3,57,0,DRIVE [ 45 ] [ 1 ] [ 1874 1711 1905 ] [    0    0    0 ] [      0      0      0 ] [ 0 ],drive [ 45 ] [ 0 ] [ 1875 1717 1905 ] [   19   27    9 ] [  16771   9600   6101 ] [ 0 ],1.00,1.00,1.00,1.20,-2.80,3.37,0.00,0.00,0.00,0.00,0.00,0.00,0.00,0.00,0.00,0.00,0.00,0.00,0.00,0.00,0.00,0
4.25844,-3,3,56,0,DRIVE [ 46 ] [ 1 ] [ 1873 1705 1905 ] [    0    0    0 ] [      0      0      0 ] [ 0 ],drive [ 45 ] [ 0 ] [ 1874 1711 1905 ] [   19   27    9 ] [  16770   9600   6101 ] [ 0 ],1.00,1.00,1.00,1.20,-2.87,3.46,0.00,0.00,0.00,0.00,0.00,0.00,0.00,0.00,0.00,0.00,0.00,0.00,0.00,0.00,0.00,0
4.27034,-3,3,56,0,DRIVE [ 46 ] [ 1 ] [ 1872 1699 1905 ] [    0    0    0 ] [      0      0      0 ] [ 0 ],drive [ 46 ] [ 0 ] [ 1873 1705 1905 ] [   19   30    9 ] [  16770   9600   6101 ] [ 0 ],1.00,1.00,1.00,1.20,-2.94,3.52,0.00,0.00,0.00,0.00,0.00,0.00,0.00,0.00,0.00,0.00,0.00,0.00,0.00,0.00,0.00,0
4.28037,-3,3,56,0,DRIVE [ 47 ] [ 1 ] [ 1872 1696 1905 ] [    0    0    0 ] [      0      0      0 ] [ 0 ],drive [ 46 ] [ 0 ] [ 1872 1699 1905 ] [   19   30    9 ] [  16770   9600   6101 ] [ 0 ],1.00,1.00,1.00,1.20,-2.99,3.55,0.00,0.00,0.00,0.00,0.00,0.00,0.00,0.00,0.00,0.00,0.00,0.00,0.00,0.00,0.00,0
4.28992,-3,3,56,0,DRIVE [ 47 ] [ 1 ] [ 1873 1693 1905 ] [    0    0    0 ] [      0      0      0 ] [ 0 ],drive [ 47 ] [ 0 ] [ 1872 1696 1905 ] [   19   30    9 ] [  16770   9600   6101 ] [ 0 ],1.00,1.00,1.00,1.20,-3.02,3.55,0.00,0.00,0.00,0.00,0.00,0.00,0.00,0.00,0.00,0.00,0.00,0.00,0.00,0.00,0.00,0
4.30229,-3,3,56,1,DRIVE [ 48 ] [ 1 ] [ 1873 1692 1905 ] [    0    0    0 ] [      0      0      0 ] [ 0 ],drive [ 47 ] [ 0 ] [ 1873 1693 1905 ] [   19   30    9 ] [  16770   9600   6101 ] [ 0 ],1.00,1.00,1.00,1.20,-3.04,3.53,0.00,0.00,0.00,0.00,0.00,0.00,0.00,0.00,0.00,0.00,0.00,0.00,0.00,0.00,0.00,0
