timestamp,Xmm,Ymm,Zmm,TouchDetected,OutgoingPacket,IncomingPacket,GainPropAb, GainPropAd, GainPropFl, GainPropEx,PropA, PropB, PropC,GainIntegAb, GainIntegAd, GainIntegFl, GainIntegEx,IntegA, IntegB, IntegC,GainDerivAb, GainDerivAd, GainDerivFl, GainDerivEx,DerivA, DerivB, DerivC,Heading5
0.00587932,17,56,381,0,DRIVE [ 01 ] [ 1 ] [ 1614 1666 1900 ] [    0    0    0 ] [      0      0      0 ] [ 0 ],drive [ 00 ] [ 0 ] [ 1621 1664 1900 ] [   50   25    6 ] [   7653  22835   2468 ] [ 0 ],1.00,1.00,1.00,1.00,16.50,56.33,0.00,0.00,0.00,0.00,0.00,0.00,0.00,0.00,0.00,0.00,0.00,0.00,0.00,0.00,0.00,0
0.0203268,17,57,382,0,DRIVE [ 01 ] [ 1 ] [ 1612 1663 1900 ] [    0    0    0 ] [      0      0      0 ] [ 0 ],drive [ 01 ] [ 0 ] [ 1614 1666 1900 ] [   50   25    6 ] [   7653  22835   2468 ] [ 0 ],1.00,1.00,1.00,1.00,16.55,57.06,0.00,0.00,0.00,0.00,0.00,0.00,0.00,0.00,0.00,0.00,0.00,0.00,0.00,0.00,0.00,0
0.0331215,17,58,384,0,DRIVE [ 02 ] [ 1 ] [ 1612 1662 1900 ] [    0    0    0 ] [      0      0      0 ] [ 0 ],drive [ 01 ] [ 0 ] [ 1612 1663 1900 ] [   50   25    6 ] [   7651  22836   2470 ] [ 0 ],1.00,1.00,1.00,1.00,16.57,57.56,0.00,0.00,0.00,0.00,0.00,0.00,0.00,0.00,0.00,0.00,0.00,0.00,0.00,0.00,0.00,0
0.0462167,17,58,383,0,DRIVE [ 02 ] [ 1 ] [ 1611 1661 1900 ] [    0    0    0 ] [      0      0      0 ] [ 0 ],drive [ 02 ] [ 0 ] [ 1612 1662 1900 ] [   51   25    6 ] [   7651  22836   2470 ] [ 0 ],1.00,1.00,1.00,1.00,16.53,57.71,0.00,0.00,0.00,0.00,0.00,0.00,0.00,0.00,0.00,0.00,0.00,0.00,0.00,0.00,0.00,0
0.0595311,17,58,382,0,DRIVE [ 03 ] [ 1 ] [ 1609 1660 1900 ] [    0    0    0 ] [      0      0      0 ] [ 0 ],drive [ 02 ] [ 0 ] [ 1611 1661 1900 ] [   51   25    6 ] [   7651  22836   2470 ] [ 0 ],1.00,1.00,1.00,1.00,16.50,57.99,0.00,0.00,0.00,0.00,0.00,0.00,0.00,0.00,0.00,0.00,0.00,0.00,0.00,0.00,0.00,0
0.0721959,16,59,383,0,DRIVE [ 03 ] [ 1 ] [ 1608 1658 1900 ] [    0    0    0 ] [      0      0      0 ] [ 0 ],drive [ 03 ] [ 0 ] [ 1609 1660 1900 ] [   51   25    6 ] [   7651  22836   2470 ] [ 0 ],1.00,1.00,1.00,1.00,16.45,58.69,0.00,0.00,0.00,0.00,0.00,0.00,0.00,0.00,0.00,0.00,0.00,0.00,0.00,0.00,0.00,0
0.0861819,16,59,382,0,DRIVE [ 04 ] [ 1 ] [ 1608 1654 1900 ] [    0    0    0 ] [      0      0      0 ] [ 0 ],drive [ 03 ] [ 0 ] [ 1608 1658 1900 ] [   51   25    6 ] [   7652  22836   2470 ] [ 0 ],1.00,1.00,1.00,1.00,16.02,59.08,0.00,0.00,0.00,0.00,0.00,0.00,0.00,0.00,0.00,0.00,0.00,0.00,0.00,0.00,0.00,0
0.100163,16,60,383,0,DRIVE [ 04 ] [ 1 ] [ 1608 1651 1900 ] [    0    0    0 ] [      0      0      0 ] [ 0 ],drive [ 04 ] [ 0 ] [ 1608 1654 1900 ] [   52   26    7 ] [   7652  22836   2470 ] [ 0 ],1.00,1.00,1.00,1.00,15.60,59.89,0.00,0.00,0.00,0.00,0.00,0.00,0.00,0.00,0.00,0.00,0.00,0.00,0.00,0.00,0.00,0
0.113143,15,61,384,0,DRIVE [ 05 ] [ 1 ] [ 1607 1648 1900 ] [    0    0    0 ] [      0      0      0 ] [ 0 ],drive [ 04 ] [ 0 ] [ 1608 1651 1900 ] [   52   26    7 ] [   7652  22836   2470 ] [ 0 ],1.00,1.00,1.00,1.00,15.42,60.66,0.00,0.00,0.00,0.00,0.00,0.00,0.00,0.00,0.00,0.00,0.00,0.00,0.00,0.00,0.00,0
0.126368,15,62,386,0,DRIVE [ 05 ] [ 1 ] [ 1607 1645 1900 ] [    0    0    0 ] [      0      0      0 ] [ 0 ],drive [ 05 ] [ 0 ] [ 1607 1648 1900 ] [   52   26    7 ] [   7653  22837   2470 ] [ 0 ],1.00,1.00,1.00,1.00,15.13,61.54,0.00,0.00,0.00,0.00,0.00,0.00,0.00,0.00,0.00,0.00,0.00,0.00,0.00,0.00,0.00,0
0.138978,15,62,386,0,DRIVE [ 06 ] [ 1 ] [ 1636 1662 1900 ] [    0    0    0 ] [      0      0      0 ] [ 0 ],drive [ 05 ] [ 0 ] [ 1607 1645 1900 ] [   51   27    6 ] [   7653  22837   2470 ] [ 0 ],1.00,1.00,1.00,1.00,13.62,55.39,0.00,0.00,0.00,0.00,0.00,0.00,0.00,0.00,0.00,0.00,0.00,0.00,0.00,0.00,0.00,0
0.152249,28,-115,342,0,DRIVE [ 06 ] [ 1 ] [ 1798 1662 1034 ] [    0    0    0 ] [      0      0      0 ] [ 0 ],drive [ 06 ] [ 0 ] [ 1636 1662 1900 ] [   51   27    6 ] [   7653  22837   2470 ] [ 0 ],1.00,1.00,1.00,1.00,28.21,-115.14,0.00,0.00,0.00,0.00,0.00,0.00,0.00,0.00,0.00,0.00,0.00,0.00,0.00,0.00,0.00,0
0.165599,28,-114,341,0,DRIVE [ 07 ] [ 1 ] [ 1798 1662 1038 ] [    0    0    0 ] [      0      0      0 ] [ 0 ],drive [ 06 ] [ 0 ] [ 1798 1662 1034 ] [   51   27    6 ] [   7653  22837   2470 ] [ 0 ],1.00,1.00,1.00,1.00,27.87,-114.19,0.00,0.00,0.00,0.00,0.00,0.00,0.00,0.00,0.00,0.00,0.00,0.00,0.00,0.00,0.00,0
0.17878,28,-115,343,0,DRIVE [ 07 ] [ 1 ] [ 1799 1662 1040 ] [    0    0    0 ] [      0      0      0 ] [ 0 ],drive [ 07 ] [ 0 ] [ 1798 1662 1038 ] [   51   27    6 ] [   7647  22842   2470 ] [ 0 ],1.00,1.00,1.00,1.00,27.95,-114.58,0.00,0.00,0.00,0.00,0.00,0.00,0.00,0.00,0.00,0.00,0.00,0.00,0.00,0.00,0.00,0
0.191688,28,-113,340,0,DRIVE [ 08 ] [ 1 ] [ 1799 1662 1042 ] [    0    0    0 ] [      0      0      0 ] [ 0 ],drive [ 07 ] [ 0 ] [ 1799 1662 1040 ] [   35   26   91 ] [   7647  22842   2470 ] [ 0 ],1.00,1.00,1.00,1.00,27.66,-113.43,0.00,0.00,0.00,0.00,0.00,0.00,0.00,0.00,0.00,0.00,0.00,0.00,-0.00,0.00,0.00,0
0.204294,28,-114,342,0,DRIVE [ 08 ] [ 1 ] [ 1800 1662 1044 ] [    0    0    0 ] [      0      0      0 ] [ 0 ],drive [ 08 ] [ 0 ] [ 1799 1662 1042 ] [   35   26   91 ] [   7647  22842   2470 ] [ 0 ],1.00,1.00,1.00,1.00,27.63,-113.58,0.00,0.00,0.00,0.00,0.00,0.00,0.00,0.00,0.00,0.00,0.00,0.00,-0.00,0.00,0.00,0
0.217426,27,-113,341,0,DRIVE [ 09 ] [ 1 ] [ 1801 1662 1046 ] [    0    0    0 ] [      0      0      0 ] [ 0 ],drive [ 08 ] [ 0 ] [ 1800 1662 1044 ] [   35   26   91 ] [   7647  22842   2470 ] [ 0 ],1.00,1.00,1.00,1.00,27.36,-113.21,0.00,0.00,0.00,0.00,0.00,0.00,0.00,0.00,0.00,0.00,0.00,0.00,-0.00,0.00,0.00,0
0.229735,27,-113,341,0,DRIVE [ 09 ] [ 1 ] [ 1810 1662 1127 ] [    0    0    0 ] [      0      0      0 ] [ 0 ],drive [ 09 ] [ 0 ] [ 1801 1662 1046 ] [   35   26   91 ] [   6742  22840   4123 ] [ 0 ],1.00,1.00,1.00,1.00,24.62,-101.88,0.00,0.00,0.00,0.00,0.00,0.00,0.00,0.00,0.00,0.00,0.00,0.00,-0.00,0.00,0.00,0
0.241123,27,-113,341,0,DRIVE [ 10 ] [ 1 ] [ 1819 1662 1201 ] [    0    0    0 ] [      0      0      0 ] [ 0 ],drive [ 09 ] [ 0 ] [ 1810 1662 1127 ] [   30   27  104 ] [   6742  22840   4123 ] [ 0 ],1.00,1.00,1.00,1.00,22.16,-91.70,0.00,0.00,0.00,0.00,0.00,0.00,0.00,0.00,0.00,0.00,0.00,0.00,-0.00,0.00,0.00,0
0.252362,27,-113,341,0,DRIVE [ 10 ] [ 1 ] [ 1828 1662 1268 ] [    0    0    0 ] [      0      0      0 ] [ 0 ],drive [ 10 ] [ 0 ] [ 1819 1662 1201 ] [   30   27  104 ] [   6742  22840   4123 ] [ 0 ],1.00,1.00,1.00,1.00,19.94,-82.53,0.00,0.00,0.00,0.00,0.00,0.00,0.00,0.00,0.00,0.00,0.00,0.00,-0.00,0.00,0.00,0
0.263399,27,-113,341,0,DRIVE [ 11 ] [ 1 ] [ 1835 1662 1330 ] [    0    0    0 ] [      0      0      0 ] [ 0 ],drive [ 10 ] [ 0 ] [ 1828 1662 1268 ] [   30   27  104 ] [   6742  22840   4123 ] [ 0 ],1.00,1.00,1.00,1.00,17.95,-74.27,0.00,0.00,0.00,0.00,0.00,0.00,0.00,0.00,0.00,0.00,0.00,0.00,-0.00,0.00,0.00,0
0.275123,27,-113,341,0,DRIVE [ 11 ] [ 1 ] [ 1842 1662 1386 ] [    0    0    0 ] [      0      0      0 ] [ 0 ],drive [ 11 ] [ 0 ] [ 1835 1662 1330 ] [   30   27  104 ] [   6171  22842   4454 ] [ 0 ],1.00,1.00,1.00,1.00,16.15,-66.85,0.00,0.00,0.00,0.00,0.00,0.00,0.00,0.00,0.00,0.00,0.00,0.00,-0.00,0.00,0.00,0
0.286812,27,-113,341,0,DRIVE [ 12 ] [ 1 ] [ 1848 1662 1436 ] [    0    0    0 ] [      0      0      0 ] [ 0 ],drive [ 11 ] [ 0 ] [ 1842 1662 1386 ] [   30   27  104 ] [   6171  22842   4454 ] [ 0 ],1.00,1.00,1.00,1.00,14.54,-60.16,0.00,0.00,0.00,0.00,0.00,0.00,0.00,0.00,0.00,0.00,0.00,0.00,-0.00,0.00,0.00,0
0.29889,30,-95,345,0,DRIVE [ 12 ] [ 1 ] [ 1790 1662 1192 ] [    0    0    0 ] [      0      0      0 ] [ 0 ],drive [ 12 ] [ 0 ] [ 1848 1662 1436 ] [   27   28   53 ] [   6171  22842   4454 ] [ 0 ],1.00,1.00,1.00,1.00,29.99,-95.46,0.00,0.00,0.00,0.00,0.00,0.00,0.00,0.00,0.00,0.00,0.00,0.00,-0.00,0.00,0.00,0
0.311459,32,-83,345,0,DRIVE [ 13 ] [ 1 ] [ 1780 1662 1292 ] [    0    0    0 ] [      0      0      0 ] [ 0 ],drive [ 12 ] [ 0 ] [ 1790 1662 1192 ] [   27   28   53 ] [   6171  22842   4454 ] [ 0 ],1.00,1.00,1.00,1.00,32.07,-82.68,0.00,0.00,0.00,0.00,0.00,0.00,0.00,0.00,0.00,0.00,0.00,0.00,-0.00,0.00,0.00,0
0.323668,34,-73,344,0,DRIVE [ 13 ] [ 1 ] [ 1772 1662 1364 ] [    0    0    0 ] [      0      0      0 ] [ 0 ],drive [ 13 ] [ 0 ] [ 1780 1662 1292 ] [   27   28   53 ] [   6170  22862   4222 ] [ 0 ],1.00,1.00,1.00,1.00,33.69,-73.24,0.00,0.00,0.00,0.00,0.00,0.00,0.00,0.00,0.00,0.00,0.00,0.00,-0.00,0.00,0.00,0
0.335622,35,-67,345,0,DRIVE [ 14 ] [ 1 ] [ 1764 1662 1415 ] [    0    0    0 ] [      0      0      0 ] [ 0 ],drive [ 13 ] [ 0 ] [ 1772 1662 1364 ] [   27   28   53 ] [   6170  22862   4222 ] [ 0 ],1.00,1.00,1.00,1.00,35.32,-66.65,0.00,0.00,0.00,0.00,0.00,0.00,0.00,0.00,0.00,0.00,0.00,0.00,-0.00,0.00,0.00,0
0.348276,36,-62,343,0,DRIVE [ 14 ] [ 1 ] [ 1758 1662 1450 ] [    0    0    0 ] [      0      0      0 ] [ 0 ],drive [ 14 ] [ 0 ] [ 1764 1662 1415 ] [   35   39   60 ] [   6170  22862   4222 ] [ 0 ],1.00,1.00,1.00,1.00,36.45,-61.56,0.00,0.00,0.00,0.00,0.00,0.00,0.00,0.00,0.00,0.00,0.00,0.00,-0.00,0.00,0.00,0
0.36074,38,-58,343,0,DRIVE [ 15 ] [ 1 ] [ 1752 1662 1474 ] [    0    0    0 ] [      0      0      0 ] [ 0 ],drive [ 14 ] [ 0 ] [ 1758 1662 1450 ] [   35   39   60 ] [   6170  22862   4222 ] [ 0 ],1.00,1.00,1.00,1.00,37.59,-58.15,0.00,0.00,0.00,0.00,0.00,0.00,0.00,0.00,0.00,0.00,0.00,0.00,-0.00,0.00,0.00,0
0.372612,38,-58,343,0,DRIVE [ 15 ] [ 1 ] [ 1767 1662 1517 ] [    0    0    0 ] [      0      0      0 ] [ 0 ],drive [ 15 ] [ 0 ] [ 1752 1662 1474 ] [   35   39   60 ] [   6170  22862   4222 ] [ 0 ],1.00,1.00,1.00,1.00,33.83,-52.33,0.00,0.00,0.00,0.00,0.00,0.00,0.00,0.00,0.00,0.00,0.00,0.00,-0.00,0.00,0.00,0
0.384856,39,-53,342,0,DRIVE [ 16 ] [ 1 ] [ 1744 1662 1507 ] [    0    0    0 ] [      0      0      0 ] [ 0 ],drive [ 15 ] [ 0 ] [ 1767 1662 1517 ] [   35   39   60 ] [   6091  22857   4280 ] [ 0 ],1.00,1.00,1.00,1.00,38.91,-53.42,0.00,0.00,0.00,0.00,0.00,0.00,0.00,0.00,0.00,0.00,0.00,0.00,-0.00,0.00,0.00,0
0.397435,40,-50,342,0,DRIVE [ 16 ] [ 1 ] [ 1737 1662 1532 ] [    0    0    0 ] [      0      0      0 ] [ 0 ],drive [ 16 ] [ 0 ] [ 1744 1662 1507 ] [   36   33   50 ] [   6091  22857   4280 ] [ 0 ],1.00,1.00,1.00,1.00,40.15,-49.76,0.00,0.00,0.00,0.00,0.00,0.00,0.00,0.00,0.00,0.00,0.00,0.00,-0.00,0.00,0.00,0
0.40971,40,-50,342,0,DRIVE [ 17 ] [ 1 ] [ 1753 1662 1568 ] [    0    0    0 ] [      0      0      0 ] [ 0 ],drive [ 16 ] [ 0 ] [ 1737 1662 1532 ] [   36   33   50 ] [   6091  22857   4280 ] [ 0 ],1.00,1.00,1.00,1.00,36.14,-44.78,0.00,0.00,0.00,0.00,0.00,0.00,0.00,0.00,0.00,0.00,0.00,0.00,-0.00,0.00,0.00,0
0.422161,41,-46,340,0,DRIVE [ 17 ] [ 1 ] [ 1729 1662 1557 ] [    0    0    0 ] [      0      0      0 ] [ 0 ],drive [ 17 ] [ 0 ] [ 1753 1662 1568 ] [   36   33   50 ] [   6091  22857   4280 ] [ 0 ],1.00,1.00,1.00,1.00,41.12,-45.78,0.00,0.00,0.00,0.00,0.00,0.00,0.00,0.00,0.00,0.00,0.00,0.00,-0.00,0.00,0.00,0
0.434109,42,-42,338,0,DRIVE [ 18 ] [ 1 ] [ 1723 1662 1576 ] [    0    0    0 ] [      0      0      0 ] [ 0 ],drive [ 17 ] [ 0 ] [ 1729 1662 1557 ] [   36   33   50 ] [   6031  22852   4231 ] [ 0 ],1.00,1.00,1.00,1.00,41.86,-42.41,0.00,0.00,0.00,0.00,0.00,0.00,0.00,0.00,0.00,0.00,0.00,0.00,-0.00,0.00,0.00,0
0.446623,43,-40,338,0,DRIVE [ 18 ] [ 1 ] [ 1717 1662 1594 ] [    0    0    0 ] [      0      0      0 ] [ 0 ],drive [ 18 ] [ 0 ] [ 1723 1662 1576 ] [   38   31   36 ] [   6031  22852   4231 ] [ 0 ],1.00,1.00,1.00,1.00,42.71,-39.65,0.00,0.00,0.00,0.00,0.00,0.00,0.00,0.00,0.00,0.00,0.00,0.00,-0.00,0.00,0.00,0
0.458836,44,-37,340,0,DRIVE [ 19 ] [ 1 ] [ 1711 1662 1608 ] [    0    0    0 ] [      0      0      0 ] [ 0 ],drive [ 18 ] [ 0 ] [ 1717 1662 1594 ] [   38   31   36 ] [   6031  22852   4231 ] [ 0 ],1.00,1.00,1.00,1.00,43.61,-37.36,0.00,0.00,0.00,0.00,0.00,0.00,0.00,0.00,0.00,0.00,0.00,0.00,-0.00,0.00,0.00,0
0.470709,45,-35,341,0,DRIVE [ 19 ] [ 1 ] [ 1704 1662 1621 ] [    0    0    0 ] [      0      0      0 ] [ 0 ],drive [ 19 ] [ 0 ] [ 1711 1662 1608 ] [   38   31   36 ] [   6031  22852   4231 ] [ 0 ],1.00,1.00,1.00,1.00,44.65,-35.23,0.00,0.00,0.00,0.00,0.00,0.00,0.00,0.00,0.00,0.00,0.00,0.00,-0.00,0.00,0.00,0
0.483255,45,-33,338,0,DRIVE [ 20 ] [ 1 ] [ 1697 1662 1631 ] [    0    0    0 ] [      0      0      0 ] [ 0 ],drive [ 19 ] [ 0 ] [ 1704 1662 1621 ] [   38   31   36 ] [   6034  22851   4146 ] [ 0 ],1.00,1.00,1.00,1.00,45.46,-32.98,0.00,0.00,0.00,0.00,0.00,0.00,0.00,0.00,0.00,0.00,0.00,0.00,-0.00,0.00,0.00,0
0.495644,47,-31,336,0,DRIVE [ 20 ] [ 1 ] [ 1688 1662 1639 ] [    0    0    0 ] [      0      0      0 ] [ 0 ],drive [ 20 ] [ 0 ] [ 1697 1662 1631 ] [   39   30   50 ] [   6034  22851   4146 ] [ 0 ],1.00,1.00,1.00,1.00,46.52,-31.09,0.00,0.00,0.00,0.00,0.00,0.00,0.00,0.00,0.00,0.00,0.00,0.00,-0.00,0.00,0.00,0
0.508046,48,-29,337,0,DRIVE [ 21 ] [ 1 ] [ 1678 1662 1647 ] [    0    0    0 ] [      0      0      0 ] [ 0 ],drive [ 20 ] [ 0 ] [ 1688 1662 1639 ] [   39   30   50 ] [   6034  22851   4146 ] [ 0 ],1.00,1.00,1.00,1.00,48.10,-29.45,0.00,0.00,0.00,0.00,0.00,0.00,0.00,0.00,0.00,0.00,0.00,0.00,-0.00,0.00,0.00,0
0.519966,48,-29,337,0,DRIVE [ 21 ] [ 1 ] [ 1700 1662 1672 ] [    0    0    0 ] [      0      0      0 ] [ 0 ],drive [ 21 ] [ 0 ] [ 1678 1662 1647 ] [   39   30   50 ] [   6034  22851   4146 ] [ 0 ],1.00,1.00,1.00,1.00,43.29,-26.51,0.00,0.00,0.00,0.00,0.00,0.00,0.00,0.00,0.00,0.00,0.00,0.00,-0.00,0.00,0.00,0
0.531326,48,-29,337,0,DRIVE [ 22 ] [ 1 ] [ 1720 1662 1695 ] [    0    0    0 ] [      0      0      0 ] [ 0 ],drive [ 21 ] [ 0 ] [ 1700 1662 1672 ] [   39   30   50 ] [   6035  22851   4041 ] [ 0 ],1.00,1.00,1.00,1.00,38.96,-23.86,0.00,0.00,0.00,0.00,0.00,0.00,0.00,0.00,0.00,0.00,0.00,0.00,-0.00,0.00,0.00,0
0.543411,48,-29,337,0,DRIVE [ 22 ] [ 1 ] [ 1739 1662 1716 ] [    0    0    0 ] [      0      0      0 ] [ 0 ],drive [ 22 ] [ 0 ] [ 1720 1662 1695 ] [   41   30   26 ] [   6035  22851   4041 ] [ 0 ],1.00,1.00,1.00,1.00,35.07,-21.47,0.00,0.00,0.00,0.00,0.00,0.00,0.00,0.00,0.00,0.00,0.00,0.00,-0.00,0.00,0.00,0
0.555752,52,-26,331,0,DRIVE [ 23 ] [ 1 ] [ 1647 1662 1656 ] [    0    0    0 ] [      0      0      0 ] [ 0 ],drive [ 22 ] [ 0 ] [ 1739 1662 1716 ] [   41   30   26 ] [   6035  22851   4041 ] [ 0 ],1.00,1.00,1.00,1.00,51.77,-25.72,0.00,0.00,0.00,0.00,0.00,0.00,0.00,0.00,0.00,0.00,0.00,0.00,-0.00,0.00,0.00,0
0.567087,52,-26,331,0,DRIVE [ 23 ] [ 1 ] [ 1673 1662 1681 ] [    0    0    0 ] [      0      0      0 ] [ 0 ],drive [ 23 ] [ 0 ] [ 1647 1662 1656 ] [   41   30   26 ] [   6035  22851   4041 ] [ 0 ],1.00,1.00,1.00,1.00,46.59,-23.15,0.00,0.00,0.00,0.00,0.00,0.00,0.00,0.00,0.00,0.00,0.00,0.00,-0.00,0.00,0.00,0
0.579267,52,-26,331,0,DRIVE [ 24 ] [ 1 ] [ 1696 1662 1703 ] [    0    0    0 ] [      0      0      0 ] [ 0 ],drive [ 23 ] [ 0 ] [ 1673 1662 1681 ] [   41   30   26 ] [   6032  22851   3887 ] [ 0 ],1.00,1.00,1.00,1.00,41.94,-20.83,0.00,0.00,0.00,0.00,0.00,0.00,0.00,0.00,0.00,0.00,0.00,0.00,-0.00,0.00,0.00,0
0.591377,52,-26,331,0,DRIVE [ 24 ] [ 1 ] [ 1716 1662 1723 ] [    0    0    0 ] [      0      0      0 ] [ 0 ],drive [ 24 ] [ 0 ] [ 1696 1662 1703 ] [   35   31   36 ] [   6032  22851   3887 ] [ 0 ],1.00,1.00,1.00,1.00,37.74,-18.75,0.00,0.00,0.00,0.00,0.00,0.00,0.00,0.00,0.00,0.00,0.00,0.00,-0.00,0.00,0.00,0
0.603331,57,-22,326,0,DRIVE [ 25 ] [ 1 ] [ 1606 1662 1661 ] [    0    0    0 ] [      0      0      0 ] [ 0 ],drive [ 24 ] [ 0 ] [ 1716 1662 1723 ] [   35   31   36 ] [   6032  22851   3887 ] [ 0 ],1.00,1.00,1.00,1.00,56.91,-22.14,0.00,0.00,0.00,0.00,0.00,0.00,0.00,0.00,0.00,0.00,0.00,0.00,0.00,0.00,0.00,0
0.615713,61,-19,321,0,DRIVE [ 25 ] [ 1 ] [ 1571 1662 1662 ] [    0    0    0 ] [      0      0      0 ] [ 0 ],drive [ 25 ] [ 0 ] [ 1606 1662 1661 ] [   35   31   36 ] [   6032  22851   3887 ] [ 0 ],1.00,1.00,1.00,1.00,61.12,-19.33,0.00,0.00,0.00,0.00,0.00,0.00,0.00,0.00,0.00,0.00,0.00,0.00,0.00,0.00,0.00,0
0.627936,65,-17,320,0,DRIVE [ 26 ] [ 1 ] [ 1540 1662 1664 ] [    0    0    0 ] [      0      0      0 ] [ 0 ],drive [ 25 ] [ 0 ] [ 1571 1662 1662 ] [   35   31   36 ] [   6070  22851   3861 ] [ 0 ],1.00,1.00,1.00,1.00,64.98,-17.10,0.00,0.00,0.00,0.00,0.00,0.00,0.00,0.00,0.00,0.00,0.00,0.00,0.00,0.00,0.00,0
0.64023,68,-15,316,0,DRIVE [ 26 ] [ 1 ] [ 1513 1662 1665 ] [    0    0    0 ] [      0      0      0 ] [ 0 ],drive [ 26 ] [ 0 ] [ 1540 1662 1664 ] [   36   31   32 ] [   6070  22851   3861 ] [ 0 ],1.00,1.00,1.00,1.00,67.57,-15.01,0.00,0.00,0.00,0.00,0.00,0.00,0.00,0.00,0.00,0.00,0.00,0.00,0.00,0.00,0.00,0
0.652753,70,-13,315,0,DRIVE [ 27 ] [ 1 ] [ 1489 1662 1667 ] [    0    0    0 ] [      0      0      0 ] [ 0 ],drive [ 26 ] [ 0 ] [ 1513 1662 1665 ] [   36   31   32 ] [   6070  22851   3861 ] [ 0 ],1.00,1.00,1.00,1.00,70.44,-13.09,0.00,0.00,0.00,0.00,0.00,0.00,0.00,0.00,0.00,0.00,0.00,0.00,0.00,0.00,0.00,0
0.664356,72,-11,312,0,DRIVE [ 27 ] [ 1 ] [ 1468 1662 1668 ] [    0    0    0 ] [      0      0      0 ] [ 0 ],drive [ 27 ] [ 0 ] [ 1489 1662 1667 ] [   36   31   32 ] [   6070  22851   3861 ] [ 0 ],1.00,1.00,1.00,1.00,72.21,-11.33,0.00,0.00,0.00,0.00,0.00,0.00,0.00,0.00,0.00,0.00,0.00,0.00,0.00,0.00,0.00,0
0.676717,74,-10,310,0,DRIVE [ 28 ] [ 1 ] [ 1449 1662 1670 ] [    0    0    0 ] [      0      0      0 ] [ 0 ],drive [ 27 ] [ 0 ] [ 1468 1662 1668 ] [   36   31   32 ] [   6255  22851   3860 ] [ 0 ],1.00,1.00,1.00,1.00,73.95,-9.79,0.00,0.00,0.00,0.00,0.00,0.00,0.00,0.00,0.00,0.00,0.00,0.00,0.00,0.00,0.00,0
0.688929,75,-8,308,0,DRIVE [ 28 ] [ 1 ] [ 1432 1662 1671 ] [    0    0    0 ] [      0      0      0 ] [ 0 ],drive [ 28 ] [ 0 ] [ 1449 1662 1670 ] [   57   30   29 ] [   6255  22851   3860 ] [ 0 ],1.00,1.00,1.00,1.00,75.34,-8.35,0.00,0.00,0.00,0.00,0.00,0.00,0.00,0.00,0.00,0.00,0.00,0.00,0.00,0.00,0.00,0
0.700586,77,-7,308,0,DRIVE [ 29 ] [ 1 ] [ 1418 1662 1674 ] [    0    0    0 ] [      0      0      0 ] [ 0 ],drive [ 28 ] [ 0 ] [ 1432 1662 1671 ] [   57   30   29 ] [   6255  22851   3860 ] [ 0 ],1.00,1.00,1.00,1.00,76.60,-6.99,0.00,0.00,0.00,0.00,0.00,0.00,0.00,0.00,0.00,0.00,0.00,0.00,0.00,0.00,0.00,0
0.713083,78,-5,308,0,DRIVE [ 29 ] [ 1 ] [ 1402 1662 1677 ] [    0    0    0 ] [      0      0      0 ] [ 0 ],drive [ 29 ] [ 0 ] [ 1418 1662 1674 ] [   57   30   29 ] [   6255  22851   3860 ] [ 0 ],1.00,1.00,1.00,1.00,78.11,-5.38,0.00,0.00,0.00,0.00,0.00,0.00,0.00,0.00,0.00,0.00,0.00,0.00,0.00,0.00,0.00,0
0.725156,79,-4,307,0,DRIVE [ 30 ] [ 1 ] [ 1387 1662 1680 ] [    0    0    0 ] [      0      0      0 ] [ 0 ],drive [ 29 ] [ 0 ] [ 1402 1662 1677 ] [   57   30   29 ] [   6373  22851   3817 ] [ 0 ],1.00,1.00,1.00,1.00,79.41,-3.96,0.00,0.00,0.00,0.00,0.00,0.00,0.00,0.00,0.00,0.00,0.00,0.00,0.00,0.00,0.00,0
0.736775,80,-3,304,0,DRIVE [ 30 ] [ 1 ] [ 1373 1662 1682 ] [    0    0    0 ] [      0      0      0 ] [ 0 ],drive [ 30 ] [ 0 ] [ 1387 1662 1680 ] [   57   30   29 ] [   6373  22851   3817 ] [ 0 ],1.00,1.00,1.00,1.00,80.00,-2.75,0.00,0.00,0.00,0.00,0.00,0.00,0.00,0.00,0.00,0.00,0.00,0.00,0.00,0.00,0.00,0
0.748958,81,-2,301,0,DRIVE [ 31 ] [ 1 ] [ 1360 1662 1683 ] [    0    0    0 ] [      0      0      0 ] [ 0 ],drive [ 30 ] [ 0 ] [ 1373 1662 1682 ] [   69   30   33 ] [   6373  22851   3817 ] [ 0 ],1.00,1.00,1.00,1.00,80.81,-1.70,0.00,0.00,0.00,0.00,0.00,0.00,0.00,0.00,0.00,0.00,0.00,0.00,0.00,0.00,0.00,0
0.761889,81,-2,301,0,DRIVE [ 31 ] [ 1 ] [ 1412 1662 1704 ] [    0    0    0 ] [      0      0      0 ] [ 0 ],drive [ 31 ] [ 0 ] [ 1360 1662 1683 ] [   69   30   33 ] [   6373  22851   3817 ] [ 0 ],1.00,1.00,1.00,1.00,72.72,-1.53,0.00,0.00,0.00,0.00,0.00,0.00,0.00,0.00,0.00,0.00,0.00,0.00,0.00,0.00,0.00,0
0.774395,82,-1,298,0,DRIVE [ 32 ] [ 1 ] [ 1341 1662 1682 ] [    0    0    0 ] [      0      0      0 ] [ 0 ],drive [ 31 ] [ 0 ] [ 1412 1662 1704 ] [   69   30   33 ] [   6535  22851   3811 ] [ 0 ],1.00,1.00,1.00,1.00,81.94,-0.59,0.00,0.00,0.00,0.00,0.00,0.00,0.00,0.00,0.00,0.00,0.00,0.00,0.00,0.00,0.00,0
0.788661,83,0,295,0,DRIVE [ 32 ] [ 1 ] [ 1325 1662 1682 ] [    0    0    0 ] [      0      0      0 ] [ 0 ],drive [ 32 ] [ 0 ] [ 1341 1662 1682 ] [   69   30   33 ] [   6535  22851   3811 ] [ 0 ],1.00,1.00,1.00,1.00,82.98,0.45,0.00,0.00,0.00,0.00,0.00,0.00,0.00,0.00,0.00,0.00,0.00,0.00,0.00,0.00,0.00,0
0.801016,84,1,293,0,DRIVE [ 33 ] [ 1 ] [ 1308 1662 1681 ] [    0    0    0 ] [      0      0      0 ] [ 0 ],drive [ 32 ] [ 0 ] [ 1325 1662 1682 ] [   68   30   35 ] [   6535  22851   3811 ] [ 0 ],1.00,1.00,1.00,1.00,84.43,1.37,0.00,0.00,0.00,0.00,0.00,0.00,0.00,0.00,0.00,0.00,0.00,0.00,0.00,0.00,0.00,0
0.8138,85,2,292,0,DRIVE [ 33 ] [ 1 ] [ 1294 1662 1681 ] [    0    0    0 ] [      0      0      0 ] [ 0 ],drive [ 33 ] [ 0 ] [ 1308 1662 1681 ] [   68   30   35 ] [   6535  22851   3811 ] [ 0 ],1.00,1.00,1.00,1.00,85.46,2.18,0.00,0.00,0.00,0.00,0.00,0.00,0.00,0.00,0.00,0.00,0.00,0.00,0.00,0.00,0.00,0
0.825947,86,3,291,0,DRIVE [ 34 ] [ 1 ] [ 1281 1662 1681 ] [    0    0    0 ] [      0      0      0 ] [ 0 ],drive [ 33 ] [ 0 ] [ 1294 1662 1681 ] [   68   30   35 ] [   6732  22851   3796 ] [ 0 ],1.00,1.00,1.00,1.00,86.38,3.01,0.00,0.00,0.00,0.00,0.00,0.00,0.00,0.00,0.00,0.00,0.00,0.00,0.00,0.00,0.00,0
0.838002,87,4,290,0,DRIVE [ 34 ] [ 1 ] [ 1269 1662 1682 ] [    0    0    0 ] [      0      0      0 ] [ 0 ],drive [ 34 ] [ 0 ] [ 1281 1662 1681 ] [   68   30   35 ] [   6732  22851   3796 ] [ 0 ],1.00,1.00,1.00,1.00,87.47,3.82,0.00,0.00,0.00,0.00,0.00,0.00,0.00,0.00,0.00,0.00,0.00,0.00,0.00,0.00,0.00,0
0.849702,88,5,287,0,DRIVE [ 35 ] [ 1 ] [ 1253 1662 1682 ] [    0    0    0 ] [      0      0      0 ] [ 0 ],drive [ 34 ] [ 0 ] [ 1269 1662 1682 ] [   86   30   44 ] [   6732  22851   3796 ] [ 0 ],1.00,1.00,1.00,1.00,88.05,4.84,0.00,0.00,0.00,0.00,0.00,0.00,0.00,0.00,0.00,0.00,0.00,0.00,0.00,0.00,0.00,0
0.863867,89,6,286,0,DRIVE [ 35 ] [ 1 ] [ 1240 1662 1682 ] [    0    0    0 ] [      0      0      0 ] [ 0 ],drive [ 35 ] [ 0 ] [ 1253 1662 1682 ] [   86   30   44 ] [   6732  22851   3796 ] [ 0 ],1.00,1.00,1.00,1.00,89.04,5.62,0.00,0.00,0.00,0.00,0.00,0.00,0.00,0.00,0.00,0.00,0.00,0.00,0.00,0.00,0.00,0
0.876058,90,6,284,0,DRIVE [ 36 ] [ 1 ] [ 1228 1662 1683 ] [    0    0    0 ] [      0      0      0 ] [ 0 ],drive [ 35 ] [ 0 ] [ 1240 1662 1682 ] [   86   30   44 ] [   7049  22851   3791 ] [ 0 ],1.00,1.00,1.00,1.00,89.64,6.37,0.00,0.00,0.00,0.00,0.00,0.00,0.00,0.00,0.00,0.00,0.00,0.00,0.00,0.00,0.00,0
0.888772,90,7,282,0,DRIVE [ 36 ] [ 1 ] [ 1216 1662 1683 ] [    0    0    0 ] [      0      0      0 ] [ 0 ],drive [ 36 ] [ 0 ] [ 1228 1662 1683 ] [   65   30   44 ] [   7049  22851   3791 ] [ 0 ],1.00,1.00,1.00,1.00,90.16,7.09,0.00,0.00,0.00,0.00,0.00,0.00,0.00,0.00,0.00,0.00,0.00,0.00,0.00,0.00,0.00,0
0.900003,91,8,281,0,DRIVE [ 37 ] [ 1 ] [ 1205 1662 1684 ] [    0    0    0 ] [      0      0      0 ] [ 0 ],drive [ 36 ] [ 0 ] [ 1216 1662 1683 ] [   65   30   44 ] [   7049  22851   3791 ] [ 0 ],1.00,1.00,1.00,1.00,91.08,7.92,0.00,0.00,0.00,0.00,0.00,0.00,0.00,0.00,0.00,0.00,0.00,0.00,0.00,0.00,0.00,0
0.911903,92,9,279,0,DRIVE [ 37 ] [ 1 ] [ 1192 1662 1685 ] [    0    0    0 ] [      0      0      0 ] [ 0 ],drive [ 37 ] [ 0 ] [ 1205 1662 1684 ] [   65   30   44 ] [   7049  22851   3791 ] [ 0 ],1.00,1.00,1.00,1.00,91.62,8.79,0.00,0.00,0.00,0.00,0.00,0.00,0.00,0.00,0.00,0.00,0.00,0.00,0.00,0.00,0.00,0
0.923823,92,10,278,0,DRIVE [ 38 ] [ 1 ] [ 1179 1662 1686 ] [    0    0    0 ] [      0      0      0 ] [ 0 ],drive [ 37 ] [ 0 ] [ 1192 1662 1685 ] [   65   30   44 ] [   7208  22851   3791 ] [ 0 ],1.00,1.00,1.00,1.00,92.50,9.78,0.00,0.00,0.00,0.00,0.00,0.00,0.00,0.00,0.00,0.00,0.00,0.00,0.00,0.00,0.00,0
0.935127,93,11,276,0,DRIVE [ 38 ] [ 1 ] [ 1165 1662 1687 ] [    0    0    0 ] [      0      0      0 ] [ 0 ],drive [ 38 ] [ 0 ] [ 1179 1662 1686 ] [   65   30   44 ] [   7208  22851   3791 ] [ 0 ],1.00,1.00,1.00,1.00,92.78,10.73,0.00,0.00,0.00,0.00,0.00,0.00,0.00,0.00,0.00,0.00,0.00,0.00,0.00,0.00,0.00,0
0.947244,94,12,275,0,DRIVE [ 39 ] [ 1 ] [ 1149 1662 1689 ] [    0    0    0 ] [      0      0      0 ] [ 0 ],drive [ 38 ] [ 0 ] [ 1165 1662 1687 ] [   85   31   40 ] [   7208  22851   3791 ] [ 0 ],1.00,1.00,1.00,1.00,94.11,11.87,0.00,0.00,0.00,0.00,0.00,0.00,0.00,0.00,0.00,0.00,0.00,0.00,0.00,0.00,0.00,0
0.959114,95,13,272,0,DRIVE [ 39 ] [ 1 ] [ 1132 1662 1690 ] [    0    0    0 ] [      0      0      0 ] [ 0 ],drive [ 39 ] [ 0 ] [ 1149 1662 1689 ] [   85   31   40 ] [   7208  22851   3791 ] [ 0 ],1.00,1.00,1.00,1.00,94.65,12.92,0.00,0.00,0.00,0.00,0.00,0.00,0.00,0.00,0.00,0.00,0.00,0.00,0.00,0.00,0.00,0
0.97101,95,14,267,0,DRIVE [ 40 ] [ 1 ] [ 1111 1662 1688 ] [    0    0    0 ] [      0      0      0 ] [ 0 ],drive [ 39 ] [ 0 ] [ 1132 1662 1690 ] [   85   31   40 ] [   7208  22851   3791 ] [ 0 ],1.00,1.00,1.00,1.00,95.03,13.62,0.00,0.00,0.00,0.00,0.00,0.00,0.00,0.00,0.00,0.00,0.00,0.00,0.00,0.00,0.00,0
0.982706,96,14,263,0,DRIVE [ 40 ] [ 1 ] [ 1091 1662 1685 ] [    0    0    0 ] [      0      0      0 ] [ 0 ],drive [ 40 ] [ 0 ] [ 1111 1662 1688 ] [   85   31   40 ] [   7470  22850   3705 ] [ 0 ],1.00,1.00,1.00,1.00,95.72,14.20,0.00,0.00,0.00,0.00,0.00,0.00,0.00,0.00,0.00,0.00,0.00,0.00,0.00,0.00,0.00,0
0.9947,97,15,260,0,DRIVE [ 41 ] [ 1 ] [ 1073 1662 1683 ] [    0    0    0 ] [      0      0      0 ] [ 0 ],drive [ 40 ] [ 0 ] [ 1091 1662 1685 ] [   77   30   45 ] [   7470  22850   3705 ] [ 0 ],1.00,1.00,1.00,1.00,96.69,14.73,0.00,0.00,0.00,0.00,0.00,0.00,0.00,0.00,0.00,0.00,0.00,0.00,0.00,0.00,0.00,0
1.00677,98,15,258,0,DRIVE [ 41 ] [ 1 ] [ 1057 1662 1680 ] [    0    0    0 ] [      0      0      0 ] [ 0 ],drive [ 41 ] [ 0 ] [ 1073 1662 1683 ] [   77   30   45 ] [   7470  22850   3705 ] [ 0 ],1.00,1.00,1.00,1.00,97.71,15.14,0.00,0.00,0.00,0.00,0.00,0.00,0.00,0.00,0.00,0.00,0.00,0.00,0.00,0.00,0.00,0
1.01912,98,15,254,0,DRIVE [ 42 ] [ 1 ] [ 1043 1662 1678 ] [    0    0    0 ] [      0      0      0 ] [ 0 ],drive [ 41 ] [ 0 ] [ 1057 1662 1680 ] [   77   30   45 ] [   7470  22850   3705 ] [ 0 ],1.00,1.00,1.00,1.00,97.99,15.33,0.00,0.00,0.00,0.00,0.00,0.00,0.00,0.00,0.00,0.00,0.00,0.00,0.00,0.00,0.00,0
1.03039,99,16,253,0,DRIVE [ 42 ] [ 1 ] [ 1031 1662 1675 ] [    0    0    0 ] [      0      0      0 ] [ 0 ],drive [ 42 ] [ 0 ] [ 1043 1662 1678 ] [   77   30   45 ] [   7721  22850   3671 ] [ 0 ],1.00,1.00,1.00,1.00,98.76,15.64,0.00,0.00,0.00,0.00,0.00,0.00,0.00,0.00,0.00,0.00,0.00,0.00,0.00,0.00,0.00,0
1.04181,99,16,252,0,DRIVE [ 43 ] [ 1 ] [ 1020 1662 1675 ] [    0    0    0 ] [      0      0      0 ] [ 0 ],drive [ 42 ] [ 0 ] [ 1031 1662 1675 ] [  107   30   48 ] [   7721  22850   3671 ] [ 0 ],1.00,1.00,1.00,1.00,99.43,16.11,0.00,0.00,0.00,0.00,0.00,0.00,0.00,0.00,0.00,0.00,0.00,0.00,0.00,0.00,0.00,0
1.05276,99,17,249,0,DRIVE [ 43 ] [ 1 ] [ 1011 1662 1676 ] [    0    0    0 ] [      0      0      0 ] [ 0 ],drive [ 43 ] [ 0 ] [ 1020 1662 1675 ] [  107   30   48 ] [   7721  22850   3671 ] [ 0 ],1.00,1.00,1.00,1.00,99.19,16.57,0.00,0.00,0.00,0.00,0.00,0.00,0.00,0.00,0.00,0.00,0.00,0.00,0.00,0.00,0.00,0
1.06351,99,17,248,0,DRIVE [ 44 ] [ 1 ] [ 1002 1662 1677 ] [    0    0    0 ] [      0      0      0 ] [ 0 ],drive [ 43 ] [ 0 ] [ 1011 1662 1676 ] [  107   30   48 ] [   7721  22850   3671 ] [ 0 ],1.00,1.00,1.00,1.00,99.28,17.18,0.00,0.00,0.00,0.00,0.00,0.00,0.00,0.00,0.00,0.00,0.00,0.00,0.00,0.00,0.00,0
1.07522,100,18,249,0,DRIVE [ 44 ] [ 1 ] [ 0996 1662 1681 ] [    0    0    0 ] [      0      0      0 ] [ 0 ],drive [ 44 ] [ 0 ] [ 1002 1662 1677 ] [  107   30   48 ] [   7989  22850   3643 ] [ 0 ],1.00,1.00,1.00,1.00,99.66,18.00,0.00,0.00,0.00,0.00,0.00,0.00,0.00,0.00,0.00,0.00,0.00,0.00,0.00,0.00,0.00,0
1.0868,98,18,245,0,DRIVE [ 45 ] [ 1 ] [ 0991 1662 1684 ] [    0    0    0 ] [      0      0      0 ] [ 0 ],drive [ 44 ] [ 0 ] [ 0996 1662 1681 ] [  107   30   48 ] [   7989  22850   3643 ] [ 0 ],1.00,1.00,1.00,1.00,98.35,18.48,0.00,0.00,0.00,0.00,0.00,0.00,0.00,0.00,0.00,0.00,0.00,0.00,0.00,0.00,0.00,0
1.09762,97,19,243,0,DRIVE [ 45 ] [ 1 ] [ 0988 1662 1688 ] [    0    0    0 ] [      0      0      0 ] [ 0 ],drive [ 45 ] [ 0 ] [ 0991 1662 1684 ] [   98   28   24 ] [   7989  22850   3643 ] [ 0 ],1.00,1.00,1.00,1.00,97.00,18.93,0.00,0.00,0.00,0.00,0.00,0.00,0.00,0.00,0.00,0.00,0.00,0.00,0.00,0.00,0.00,0
1.10888,96,19,240,0,DRIVE [ 46 ] [ 1 ] [ 0988 1662 1692 ] [    0    0    0 ] [      0      0      0 ] [ 0 ],drive [ 45 ] [ 0 ] [ 0988 1662 1688 ] [   98   28   24 ] [   7989  22850   3643 ] [ 0 ],1.00,1.00,1.00,1.00,95.50,19.30,0.00,0.00,0.00,0.00,0.00,0.00,0.00,0.00,0.00,0.00,0.00,0.00,0.00,0.00,0.00,0
1.12034,94,20,239,0,DRIVE [ 46 ] [ 1 ] [ 0990 1662 1697 ] [    0    0    0 ] [      0      0      0 ] [ 0 ],drive [ 46 ] [ 0 ] [ 0988 1662 1692 ] [   98   28   24 ] [   7989  22850   3643 ] [ 0 ],1.00,1.00,1.00,1.00,94.22,19.69,0.00,0.00,0.00,0.00,0.00,0.00,0.00,0.00,0.00,0.00,0.00,0.00,0.00,0.00,0.00,0
1.1315,93,20,238,0,DRIVE [ 47 ] [ 1 ] [ 0993 1662 1702 ] [    0    0    0 ] [      0      0      0 ] [ 0 ],drive [ 46 ] [ 0 ] [ 0990 1662 1697 ] [   98   28   24 ] [   8398  22842   3595 ] [ 0 ],1.00,1.00,1.00,1.00,92.90,20.07,0.00,0.00,0.00,0.00,0.00,0.00,0.00,0.00,0.00,0.00,0.00,0.00,0.00,0.00,0.00,0
1.14283,91,20,236,0,DRIVE [ 47 ] [ 1 ] [ 0996 1662 1706 ] [    0    0    0 ] [      0      0      0 ] [ 0 ],drive [ 47 ] [ 0 ] [ 0993 1662 1702 ] [   90   26   33 ] [   8398  22842   3595 ] [ 0 ],1.00,1.00,1.00,1.00,91.30,20.35,0.00,0.00,0.00,0.00,0.00,0.00,0.00,0.00,0.00,0.00,0.00,0.00,0.00,0.00,0.00,0
1.15398,90,21,234,0,DRIVE [ 48 ] [ 1 ] [ 1001 1662 1712 ] [    0    0    0 ] [      0      0      0 ] [ 0 ],drive [ 47 ] [ 0 ] [ 0996 1662 1706 ] [   90   26   33 ] [   8398  22842   3595 ] [ 0 ],1.00,1.00,1.00,1.00,89.74,20.65,0.00,0.00,0.00,0.00,0.00,0.00,0.00,0.00,0.00,0.00,0.00,0.00,0.00,0.00,0.00,0
1.1648,88,21,233,0,DRIVE [ 48 ] [ 1 ] [ 1006 1662 1717 ] [    0    0    0 ] [      0      0      0 ] [ 0 ],drive [ 48 ] [ 0 ] [ 1001 1662 1712 ] [   90   26   33 ] [   8398  22842   3595 ] [ 0 ],1.00,1.00,1.00,1.00,88.01,20.93,0.00,0.00,0.00,0.00,0.00,0.00,0.00,0.00,0.00,0.00,0.00,0.00,0.00,0.00,0.00,0
1.17611,86,21,231,0,DRIVE [ 49 ] [ 1 ] [ 1012 1662 1723 ] [    0    0    0 ] [      0      0      0 ] [ 0 ],drive [ 48 ] [ 0 ] [ 1006 1662 1717 ] [   90   26   33 ] [   8642  22820   3448 ] [ 0 ],1.00,1.00,1.00,1.00,86.14,21.19,0.00,0.00,0.00,0.00,0.00,0.00,0.00,0.00,0.00,0.00,0.00,0.00,-0.00,-0.00,0.00,0
1.18729,84,21,229,0,DRIVE [ 49 ] [ 1 ] [ 1019 1662 1728 ] [    0    0    0 ] [      0      0      0 ] [ 0 ],drive [ 49 ] [ 0 ] [ 1012 1662 1723 ] [  107   30   22 ] [   8642  22820   3448 ] [ 0 ],1.00,1.00,1.00,1.00,84.15,21.21,0.00,0.00,0.00,0.00,0.00,0.00,0.00,0.00,0.00,0.00,0.00,0.00,-0.00,-0.00,0.00,0
1.19801,85,22,234,0,DRIVE [ 50 ] [ 1 ] [ 1031 1662 1731 ] [    0    0    0 ] [      0      0      0 ] [ 0 ],drive [ 49 ] [ 0 ] [ 1019 1662 1728 ] [  107   30   22 ] [   8642  22820   3448 ] [ 0 ],1.00,1.00,1.00,1.00,84.85,21.53,0.00,0.00,0.00,0.00,0.00,0.00,0.00,0.00,0.00,0.00,0.00,0.00,-0.00,-0.00,0.00,0
1.20894,85,22,234,0,DRIVE [ 50 ] [ 1 ] [ 1112 1662 1747 ] [    0    0    0 ] [      0      0      0 ] [ 0 ],drive [ 50 ] [ 0 ] [ 1031 1662 1731 ] [  107   30   22 ] [   8642  22820   3448 ] [ 0 ],1.00,1.00,1.00,1.00,76.37,19.38,0.00,0.00,0.00,0.00,0.00,0.00,0.00,0.00,0.00,0.00,0.00,0.00,-0.00,-0.00,0.00,0
1.21993,85,20,237,0,DRIVE [ 51 ] [ 1 ] [ 1055 1662 1726 ] [    0    0    0 ] [      0      0      0 ] [ 0 ],drive [ 50 ] [ 0 ] [ 1112 1662 1747 ] [  107   30   22 ] [   8642  22820   3448 ] [ 0 ],1.00,1.00,1.00,1.00,84.57,19.89,0.00,0.00,0.00,0.00,0.00,0.00,0.00,0.00,0.00,0.00,0.00,0.00,-0.00,-0.00,0.00,0
1.2304,85,20,237,0,DRIVE [ 51 ] [ 1 ] [ 1134 1662 1743 ] [    0    0    0 ] [      0      0      0 ] [ 0 ],drive [ 51 ] [ 0 ] [ 1055 1662 1726 ] [  107   30   22 ] [   8842  22807   2890 ] [ 0 ],1.00,1.00,1.00,1.00,76.12,17.90,0.00,0.00,0.00,0.00,0.00,0.00,0.00,0.00,0.00,0.00,0.00,0.00,-0.00,-0.00,0.00,0
1.24164,81,17,234,0,DRIVE [ 52 ] [ 1 ] [ 1088 1662 1719 ] [    0    0    0 ] [      0      0      0 ] [ 0 ],drive [ 51 ] [ 0 ] [ 1134 1662 1743 ] [   76   34   17 ] [   8842  22807   2890 ] [ 0 ],1.00,1.00,1.00,1.00,81.44,17.07,0.00,0.00,0.00,0.00,0.00,0.00,0.00,0.00,0.00,0.00,0.00,0.00,-0.00,-0.00,0.00,0
1.25277,78,15,230,0,DRIVE [ 52 ] [ 1 ] [ 1118 1662 1716 ] [    0    0    0 ] [      0      0      0 ] [ 0 ],drive [ 52 ] [ 0 ] [ 1088 1662 1719 ] [   76   34   17 ] [   8842  22807   2890 ] [ 0 ],1.00,1.00,1.00,1.00,78.26,14.87,0.00,0.00,0.00,0.00,0.00,0.00,0.00,0.00,0.00,0.00,0.00,0.00,-0.00,-0.00,0.00,0
1.2634,76,13,228,0,DRIVE [ 53 ] [ 1 ] [ 1145 1662 1716 ] [    0    0    0 ] [      0      0      0 ] [ 0 ],drive [ 52 ] [ 0 ] [ 1118 1662 1716 ] [   76   34   17 ] [   8842  22807   2890 ] [ 0 ],1.00,1.00,1.00,1.00,75.51,13.36,0.00,0.00,0.00,0.00,0.00,0.00,0.00,0.00,0.00,0.00,0.00,0.00,-0.00,-0.00,0.00,0
1.27472,73,12,226,0,DRIVE [ 53 ] [ 1 ] [ 1170 1662 1717 ] [    0    0    0 ] [      0      0      0 ] [ 0 ],drive [ 53 ] [ 0 ] [ 1145 1662 1716 ] [   76   34   17 ] [   8849  22787   2793 ] [ 0 ],1.00,1.00,1.00,1.00,72.63,12.23,0.00,0.00,0.00,0.00,0.00,0.00,0.00,0.00,0.00,0.00,0.00,0.00,-0.00,-0.00,0.00,0
1.28575,70,11,224,0,DRIVE [ 54 ] [ 1 ] [ 1193 1662 1720 ] [    0    0    0 ] [      0      0      0 ] [ 0 ],drive [ 53 ] [ 0 ] [ 1170 1662 1717 ] [   76   34   17 ] [   8849  22787   2793 ] [ 0 ],1.00,1.00,1.00,1.00,69.93,11.39,0.00,0.00,0.00,0.00,0.00,0.00,0.00,0.00,0.00,0.00,0.00,0.00,-0.00,-0.00,0.00,0
1.29653,67,11,223,0,DRIVE [ 54 ] [ 1 ] [ 1213 1662 1725 ] [    0    0    0 ] [      0      0      0 ] [ 0 ],drive [ 54 ] [ 0 ] [ 1193 1662 1720 ] [   73   43   36 ] [   8849  22787   2793 ] [ 0 ],1.00,1.00,1.00,1.00,67.34,10.88,0.00,0.00,0.00,0.00,0.00,0.00,0.00,0.00,0.00,0.00,0.00,0.00,-0.00,-0.00,0.00,0
1.30766,65,11,222,0,DRIVE [ 55 ] [ 1 ] [ 1233 1662 1731 ] [    0    0    0 ] [      0      0      0 ] [ 0 ],drive [ 54 ] [ 0 ] [ 1213 1662 1725 ] [   73   43   36 ] [   8849  22787   2793 ] [ 0 ],1.00,1.00,1.00,1.00,64.87,10.64,0.00,0.00,0.00,0.00,0.00,0.00,0.00,0.00,0.00,0.00,0.00,0.00,-0.00,-0.00,0.00,0
1.31864,62,11,220,0,DRIVE [ 55 ] [ 1 ] [ 1252 1662 1739 ] [    0    0    0 ] [      0      0      0 ] [ 0 ],drive [ 55 ] [ 0 ] [ 1233 1662 1731 ] [   73   43   36 ] [   8849  22787   2793 ] [ 0 ],1.00,1.00,1.00,1.00,62.11,10.62,0.00,0.00,0.00,0.00,0.00,0.00,0.00,0.00,0.00,0.00,0.00,0.00,-0.00,-0.00,0.00,0
1.32909,59,11,217,0,DRIVE [ 56 ] [ 1 ] [ 1270 1662 1748 ] [    0    0    0 ] [      0      0      0 ] [ 0 ],drive [ 55 ] [ 0 ] [ 1252 1662 1739 ] [   73   43   36 ] [   8844  22696   2706 ] [ 0 ],1.00,1.00,1.00,1.00,59.22,10.65,0.00,0.00,0.00,0.00,0.00,0.00,0.00,0.00,0.00,0.00,0.00,0.00,-0.00,-0.00,0.00,0
1.33993,57,11,215,0,DRIVE [ 56 ] [ 1 ] [ 1289 1662 1756 ] [    0    0    0 ] [      0      0      0 ] [ 0 ],drive [ 56 ] [ 0 ] [ 1270 1662 1748 ] [   64   36   19 ] [   8844  22696   2706 ] [ 0 ],1.00,1.00,1.00,1.00,56.51,10.67,0.00,0.00,0.00,0.00,0.00,0.00,0.00,0.00,0.00,0.00,0.00,0.00,-0.00,-0.00,0.00,0
1.35009,54,11,215,0,DRIVE [ 57 ] [ 1 ] [ 1308 1662 1763 ] [    0    0    0 ] [      0      0      0 ] [ 0 ],drive [ 56 ] [ 0 ] [ 1289 1662 1756 ] [   64   36   19 ] [   8844  22696   2706 ] [ 0 ],1.00,1.00,1.00,1.00,54.28,10.57,0.00,0.00,0.00,0.00,0.00,0.00,0.00,0.00,0.00,0.00,0.00,0.00,-0.00,-0.00,0.00,0
1.36108,52,10,214,0,DRIVE [ 57 ] [ 1 ] [ 1329 1662 1768 ] [    0    0    0 ] [      0      0      0 ] [ 0 ],drive [ 57 ] [ 0 ] [ 1308 1662 1763 ] [   64   36   19 ] [   8844  22696   2706 ] [ 0 ],1.00,1.00,1.00,1.00,52.18,10.17,0.00,0.00,0.00,0.00,0.00,0.00,0.00,0.00,0.00,0.00,0.00,0.00,-0.00,-0.00,0.00,0
1.37194,50,10,214,0,DRIVE [ 58 ] [ 1 ] [ 1351 1662 1772 ] [    0    0    0 ] [      0      0      0 ] [ 0 ],drive [ 57 ] [ 0 ] [ 1329 1662 1768 ] [   64   36   19 ] [   8842  22695   2488 ] [ 0 ],1.00,1.00,1.00,1.00,50.04,9.52,0.00,0.00,0.00,0.00,0.00,0.00,0.00,0.00,0.00,0.00,0.00,0.00,-0.00,-0.00,0.00,0
1.38235,48,9,212,0,DRIVE [ 58 ] [ 1 ] [ 1375 1662 1776 ] [    0    0    0 ] [      0      0      0 ] [ 0 ],drive [ 58 ] [ 0 ] [ 1351 1662 1772 ] [   64   36   19 ] [   8842  22695   2488 ] [ 0 ],1.00,1.00,1.00,1.00,47.78,8.80,0.00,0.00,0.00,0.00,0.00,0.00,0.00,0.00,0.00,0.00,0.00,0.00,-0.00,-0.00,0.00,0
1.3933,45,8,211,0,DRIVE [ 59 ] [ 1 ] [ 1399 1662 1779 ] [    0    0    0 ] [      0      0      0 ] [ 0 ],drive [ 58 ] [ 0 ] [ 1375 1662 1776 ] [   57   36   24 ] [   8842  22695   2488 ] [ 0 ],1.00,1.00,1.00,1.00,45.45,8.07,0.00,0.00,0.00,0.00,0.00,0.00,0.00,0.00,0.00,0.00,0.00,0.00,-0.00,-0.00,0.00,0
1.40489,43,7,210,0,DRIVE [ 59 ] [ 1 ] [ 1425 1662 1783 ] [    0    0    0 ] [      0      0      0 ] [ 0 ],drive [ 59 ] [ 0 ] [ 1399 1662 1779 ] [   57   36   24 ] [   8842  22695   2488 ] [ 0 ],1.00,1.00,1.00,1.00,43.16,7.38,0.00,0.00,0.00,0.00,0.00,0.00,0.00,0.00,0.00,0.00,0.00,0.00,-0.00,-0.00,0.00,0
1.41527,41,7,209,0,DRIVE [ 60 ] [ 1 ] [ 1451 1662 1788 ] [    0    0    0 ] [      0      0      0 ] [ 0 ],drive [ 59 ] [ 0 ] [ 1425 1662 1783 ] [   57   36   24 ] [   8842  22695   2488 ] [ 0 ],1.00,1.00,1.00,1.00,40.73,6.77,0.00,0.00,0.00,0.00,0.00,0.00,0.00,0.00,0.00,0.00,0.00,0.00,-0.00,-0.00,0.00,0
1.42633,38,6,209,0,DRIVE [ 60 ] [ 1 ] [ 1477 1662 1795 ] [    0    0    0 ] [      0      0      0 ] [ 0 ],drive [ 60 ] [ 0 ] [ 1451 1662 1788 ] [   57   36   24 ] [   8834  22695   2447 ] [ 0 ],1.00,1.00,1.00,1.00,38.28,6.31,0.00,0.00,0.00,0.00,0.00,0.00,0.00,0.00,0.00,0.00,0.00,0.00,-0.00,-0.00,0.00,0
1.43693,36,6,207,0,DRIVE [ 61 ] [ 1 ] [ 1502 1662 1801 ] [    0    0    0 ] [      0      0      0 ] [ 0 ],drive [ 60 ] [ 0 ] [ 1477 1662 1795 ] [   48   37   36 ] [   8834  22695   2447 ] [ 0 ],1.00,1.00,1.00,1.00,35.76,5.95,0.00,0.00,0.00,0.00,0.00,0.00,0.00,0.00,0.00,0.00,0.00,0.00,-0.00,-0.00,0.00,0
1.4472,33,6,207,0,DRIVE [ 61 ] [ 1 ] [ 1527 1662 1808 ] [    0    0    0 ] [      0      0      0 ] [ 0 ],drive [ 61 ] [ 0 ] [ 1502 1662 1801 ] [   48   37   36 ] [   8834  22695   2447 ] [ 0 ],1.00,1.00,1.00,1.00,33.36,5.59,0.00,0.00,0.00,0.00,0.00,0.00,0.00,0.00,0.00,0.00,0.00,0.00,-0.00,-0.00,0.00,0
1.4579,33,6,207,0,DRIVE [ 62 ] [ 1 ] [ 1564 1662 1818 ] [    0    0    0 ] [      0      0      0 ] [ 0 ],drive [ 61 ] [ 0 ] [ 1527 1662 1808 ] [   48   37   36 ] [   8834  22695   2447 ] [ 0 ],1.00,1.00,1.00,1.00,30.02,5.03,0.00,0.00,0.00,0.00,0.00,0.00,0.00,0.00,0.00,0.00,0.00,0.00,-0.00,-0.00,0.00,0
1.46811,33,6,207,0,DRIVE [ 62 ] [ 1 ] [ 1598 1662 1827 ] [    0    0    0 ] [      0      0      0 ] [ 0 ],drive [ 62 ] [ 0 ] [ 1564 1662 1818 ] [   48   37   36 ] [   8834  22695   2447 ] [ 0 ],1.00,1.00,1.00,1.00,27.02,4.53,0.00,0.00,0.00,0.00,0.00,0.00,0.00,0.00,0.00,0.00,0.00,0.00,-0.00,-0.00,0.00,0
1.47925,29,5,206,0,DRIVE [ 63 ] [ 1 ] [ 1573 1662 1818 ] [    0    0    0 ] [      0      0      0 ] [ 0 ],drive [ 62 ] [ 0 ] [ 1598 1662 1827 ] [   48   37   36 ] [   8817  22695   2324 ] [ 0 ],1.00,1.00,1.00,1.00,29.28,4.68,0.00,0.00,0.00,0.00,0.00,0.00,0.00,0.00,0.00,0.00,0.00,0.00,-0.00,-0.00,0.00,0
1.48999,29,5,206,0,DRIVE [ 63 ] [ 1 ] [ 1605 1662 1827 ] [    0    0    0 ] [      0      0      0 ] [ 0 ],drive [ 63 ] [ 0 ] [ 1573 1662 1818 ] [   50   35   12 ] [   8817  22695   2324 ] [ 0 ],1.00,1.00,1.00,1.00,26.35,4.21,0.00,0.00,0.00,0.00,0.00,0.00,0.00,0.00,0.00,0.00,0.00,0.00,-0.00,-0.00,0.00,0
1.50175,25,3,205,0,DRIVE [ 64 ] [ 1 ] [ 1626 1662 1827 ] [    0    0    0 ] [      0      0      0 ] [ 0 ],drive [ 63 ] [ 0 ] [ 1605 1662 1827 ] [   50   35   12 ] [   8817  22695   2324 ] [ 0 ],1.00,1.00,1.00,1.00,24.85,3.39,0.00,0.00,0.00,0.00,0.00,0.00,0.00,0.00,0.00,0.00,0.00,0.00,-0.00,-0.00,0.00,0
1.51223,21,2,204,0,DRIVE [ 64 ] [ 1 ] [ 1673 1662 1835 ] [    0    0    0 ] [      0      0      0 ] [ 0 ],drive [ 64 ] [ 0 ] [ 1626 1662 1827 ] [   50   35   12 ] [   8817  22695   2324 ] [ 0 ],1.00,1.00,1.00,1.00,20.94,2.18,0.00,0.00,0.00,0.00,0.00,0.00,0.00,0.00,0.00,0.00,0.00,0.00,-0.00,-0.00,0.00,0
1.52329,17,1,203,0,DRIVE [ 65 ] [ 1 ] [ 1716 1662 1842 ] [    0    0    0 ] [      0      0      0 ] [ 0 ],drive [ 64 ] [ 0 ] [ 1673 1662 1835 ] [   50   35   12 ] [   8718  22696   2238 ] [ 0 ],1.00,1.00,1.00,1.00,17.43,1.14,0.00,0.00,0.00,0.00,0.00,0.00,0.00,0.00,0.00,0.00,0.00,0.00,-0.00,-0.00,0.00,0
1.53396,14,0,201,0,DRIVE [ 65 ] [ 1 ] [ 1755 1662 1849 ] [    0    0    0 ] [      0      0      0 ] [ 0 ],drive [ 65 ] [ 0 ] [ 1716 1662 1842 ] [   50   35   12 ] [   8718  22696   2238 ] [ 0 ],1.00,1.00,1.00,1.00,14.18,0.25,0.00,0.00,0.00,0.00,0.00,0.00,0.00,0.00,0.00,0.00,0.00,0.00,-0.00,-0.00,0.00,0
1.54482,14,0,201,0,DRIVE [ 66 ] [ 1 ] [ 1770 1662 1855 ] [    0    0    0 ] [      0      0      0 ] [ 0 ],drive [ 65 ] [ 0 ] [ 1755 1662 1849 ] [   36   36   20 ] [   8718  22696   2238 ] [ 0 ],1.00,1.00,1.00,1.00,12.76,0.22,0.00,0.00,0.00,0.00,0.00,0.00,0.00,0.00,0.00,0.00,0.00,0.00,-0.00,-0.00,0.00,0
1.55553,14,0,201,0,DRIVE [ 66 ] [ 1 ] [ 1784 1662 1860 ] [    0    0    0 ] [      0      0      0 ] [ 0 ],drive [ 66 ] [ 0 ] [ 1770 1662 1855 ] [   36   36   20 ] [   8718  22696   2238 ] [ 0 ],1.00,1.00,1.00,1.00,11.48,0.20,0.00,0.00,0.00,0.00,0.00,0.00,0.00,0.00,0.00,0.00,0.00,0.00,-0.00,-0.00,0.00,0
1.56591,14,0,201,0,DRIVE [ 67 ] [ 1 ] [ 1796 1662 1864 ] [    0    0    0 ] [      0      0      0 ] [ 0 ],drive [ 66 ] [ 0 ] [ 1784 1662 1860 ] [   36   36   20 ] [   8718  22696   2238 ] [ 0 ],1.00,1.00,1.00,1.00,10.33,0.18,0.00,0.00,0.00,0.00,0.00,0.00,0.00,0.00,0.00,0.00,0.00,0.00,-0.00,-0.00,0.00,0
1.5771,9,-1,199,0,DRIVE [ 67 ] [ 1 ] [ 1816 1662 1864 ] [    0    0    0 ] [      0      0      0 ] [ 0 ],drive [ 67 ] [ 0 ] [ 1796 1662 1864 ] [   36   36   20 ] [   8441  22697   2238 ] [ 0 ],1.00,1.00,1.00,1.00,8.80,-0.69,0.00,0.00,0.00,0.00,0.00,0.00,0.00,0.00,0.00,0.00,0.00,0.00,-0.00,0.00,0.00,0
1.58782,4,-1,198,0,DRIVE [ 68 ] [ 1 ] [ 1866 1662 1877 ] [    0    0    0 ] [      0      0      0 ] [ 0 ],drive [ 67 ] [ 0 ] [ 1816 1662 1864 ] [   32   35   17 ] [   8441  22697   2238 ] [ 0 ],1.00,1.00,1.00,1.00,4.37,-1.36,0.00,0.00,0.00,0.00,0.00,0.00,0.00,0.00,0.00,0.00,0.00,0.00,-0.00,0.00,0.00,0
1.59819,1,-2,196,0,DRIVE [ 68 ] [ 1 ] [ 1900 1662 1880 ] [    0    0    0 ] [      0      0      0 ] [ 0 ],drive [ 68 ] [ 0 ] [ 1866 1662 1877 ] [   32   35   17 ] [   8441  22697   2238 ] [ 0 ],1.00,1.00,1.00,1.00,0.68,-1.85,0.00,0.00,0.00,0.00,0.00,0.00,0.00,0.00,0.00,0.00,0.00,0.00,-0.00,0.00,0.00,0
1.6093,-2,-2,195,0,DRIVE [ 69 ] [ 1 ] [ 1900 1804 1875 ] [    0    0    0 ] [      0      0      0 ] [ 0 ],drive [ 68 ] [ 0 ] [ 1900 1662 1880 ] [   32   35   17 ] [   8441  22697   2238 ] [ 0 ],1.00,1.00,1.00,1.00,-2.44,-2.20,0.00,0.00,0.00,0.00,0.00,0.00,0.00,0.00,0.00,0.00,0.00,0.00,0.00,0.00,0.00,0
1.62013,-5,-2,194,0,DRIVE [ 69 ] [ 1 ] [ 1900 1779 1864 ] [    0    0    0 ] [      0      0      0 ] [ 0 ],drive [ 69 ] [ 0 ] [ 1900 1804 1875 ] [   32   35   17 ] [   8441  22697   2238 ] [ 0 ],1.00,1.00,1.00,1.00,-5.10,-2.43,0.00,0.00,0.00,0.00,0.00,0.00,0.00,0.00,0.00,0.00,0.00,0.00,0.00,0.00,0.00,0
1.63078,-7,-3,193,0,DRIVE [ 70 ] [ 1 ] [ 1900 1755 1853 ] [    0    0    0 ] [      0      0      0 ] [ 0 ],drive [ 69 ] [ 0 ] [ 1900 1779 1864 ] [   32   35   17 ] [   7902  22698   2227 ] [ 0 ],1.00,1.00,1.00,1.00,-7.50,-2.60,0.00,0.00,0.00,0.00,0.00,0.00,0.00,0.00,0.00,0.00,0.00,0.00,0.00,0.00,0.00,0
1.64199,-10,-3,192,0,DRIVE [ 70 ] [ 1 ] [ 1900 1732 1843 ] [    0    0    0 ] [      0      0      0 ] [ 0 ],drive [ 70 ] [ 0 ] [ 1900 1755 1853 ] [   11   35   28 ] [   7902  22698   2227 ] [ 0 ],1.00,1.00,1.00,1.00,-9.70,-2.70,0.00,0.00,0.00,0.00,0.00,0.00,0.00,0.00,0.00,0.00,0.00,0.00,0.00,0.00,0.00,0
1.65295,-10,-3,192,0,DRIVE [ 71 ] [ 1 ] [ 1900 1741 1849 ] [    0    0    0 ] [      0      0      0 ] [ 0 ],drive [ 70 ] [ 0 ] [ 1900 1732 1843 ] [   11   35   28 ] [   7902  22698   2227 ] [ 0 ],1.00,1.00,1.00,1.00,-8.73,-2.43,0.00,0.00,0.00,0.00,0.00,0.00,0.00,0.00,0.00,0.00,0.00,0.00,0.00,0.00,0.00,0
1.66335,-12,-3,191,0,DRIVE [ 71 ] [ 1 ] [ 1900 1703 1833 ] [    0    0    0 ] [      0      0      0 ] [ 0 ],drive [ 71 ] [ 0 ] [ 1900 1741 1849 ] [   11   35   28 ] [   7902  22698   2227 ] [ 0 ],1.00,1.00,1.00,1.00,-12.29,-2.57,0.00,0.00,0.00,0.00,0.00,0.00,0.00,0.00,0.00,0.00,0.00,0.00,0.00,0.00,0.00,0
1.67445,-15,-2,190,0,DRIVE [ 72 ] [ 1 ] [ 1900 1677 1826 ] [    0    0    0 ] [      0      0      0 ] [ 0 ],drive [ 71 ] [ 0 ] [ 1900 1703 1833 ] [   11   35   28 ] [   7370  22636   2210 ] [ 0 ],1.00,1.00,1.00,1.00,-14.52,-2.31,0.00,0.00,0.00,0.00,0.00,0.00,0.00,0.00,0.00,0.00,0.00,0.00,0.00,0.00,0.00,0
1.68543,-17,-2,189,0,DRIVE [ 72 ] [ 1 ] [ 1900 1651 1819 ] [    0    0    0 ] [      0      0      0 ] [ 0 ],drive [ 72 ] [ 0 ] [ 1900 1677 1826 ] [   11   35   28 ] [   7370  22636   2210 ] [ 0 ],1.00,1.00,1.00,1.00,-16.63,-1.98,0.00,0.00,0.00,0.00,0.00,0.00,0.00,0.00,0.00,0.00,0.00,0.00,0.00,0.00,0.00,0
1.696,-19,-2,189,0,DRIVE [ 73 ] [ 1 ] [ 1900 1626 1813 ] [    0    0    0 ] [      0      0      0 ] [ 0 ],drive [ 72 ] [ 0 ] [ 1900 1651 1819 ] [   16   26   27 ] [   7370  22636   2210 ] [ 0 ],1.00,1.00,1.00,1.00,-18.60,-1.59,0.00,0.00,0.00,0.00,0.00,0.00,0.00,0.00,0.00,0.00,0.00,0.00,0.00,0.00,0.00,0
1.70704,-21,-1,188,0,DRIVE [ 73 ] [ 1 ] [ 1900 1601 1808 ] [    0    0    0 ] [      0      0      0 ] [ 0 ],drive [ 73 ] [ 0 ] [ 1900 1626 1813 ] [   16   26   27 ] [   7370  22636   2210 ] [ 0 ],1.00,1.00,1.00,1.00,-20.52,-1.08,0.00,0.00,0.00,0.00,0.00,0.00,0.00,0.00,0.00,0.00,0.00,0.00,0.00,0.00,0.00,0
1.71834,-22,0,187,0,DRIVE [ 74 ] [ 1 ] [ 1900 1575 1804 ] [    0    0    0 ] [      0      0      0 ] [ 0 ],drive [ 73 ] [ 0 ] [ 1900 1601 1808 ] [   16   26   27 ] [   7370  22636   2210 ] [ 0 ],1.00,1.00,1.00,1.00,-22.38,-0.49,0.00,0.00,0.00,0.00,0.00,0.00,0.00,0.00,0.00,0.00,0.00,0.00,0.00,0.00,0.00,0
1.72907,-24,0,186,0,DRIVE [ 74 ] [ 1 ] [ 1900 1549 1801 ] [    0    0    0 ] [      0      0      0 ] [ 0 ],drive [ 74 ] [ 0 ] [ 1900 1575 1804 ] [   16   26   27 ] [   7311  22634   2231 ] [ 0 ],1.00,1.00,1.00,1.00,-24.19,0.22,0.00,0.00,0.00,0.00,0.00,0.00,0.00,0.00,0.00,0.00,0.00,0.00,0.00,0.00,0.00,0
1.74015,-26,1,185,0,DRIVE [ 75 ] [ 1 ] [ 1900 1522 1797 ] [    0    0    0 ] [      0      0      0 ] [ 0 ],drive [ 74 ] [ 0 ] [ 1900 1549 1801 ] [   22   41   25 ] [   7311  22634   2231 ] [ 0 ],1.00,1.00,1.00,1.00,-26.01,0.93,0.00,0.00,0.00,0.00,0.00,0.00,0.00,0.00,0.00,0.00,0.00,0.00,0.00,0.00,0.00,0
1.75232,-28,2,184,0,DRIVE [ 75 ] [ 1 ] [ 1900 1496 1794 ] [    0    0    0 ] [      0      0      0 ] [ 0 ],drive [ 75 ] [ 0 ] [ 1900 1522 1797 ] [   22   41   25 ] [   7311  22634   2231 ] [ 0 ],1.00,1.00,1.00,1.00,-27.72,1.66,0.00,0.00,0.00,0.00,0.00,0.00,0.00,0.00,0.00,0.00,0.00,0.00,0.00,0.00,0.00,0
1.76373,-29,2,184,0,DRIVE [ 76 ] [ 1 ] [ 1900 1470 1792 ] [    0    0    0 ] [      0      0      0 ] [ 0 ],drive [ 75 ] [ 0 ] [ 1900 1496 1794 ] [   22   41   25 ] [   7311  22634   2231 ] [ 0 ],1.00,1.00,1.00,1.00,-29.35,2.43,0.00,0.00,0.00,0.00,0.00,0.00,0.00,0.00,0.00,0.00,0.00,0.00,0.00,0.00,0.00,0
1.77495,-31,3,183,0,DRIVE [ 76 ] [ 1 ] [ 1900 1444 1791 ] [    0    0    0 ] [      0      0      0 ] [ 0 ],drive [ 76 ] [ 0 ] [ 1900 1470 1792 ] [   22   41   25 ] [   7278  22658   2231 ] [ 0 ],1.00,1.00,1.00,1.00,-30.90,3.27,0.00,0.00,0.00,0.00,0.00,0.00,0.00,0.00,0.00,0.00,0.00,0.00,0.00,0.00,0.00,0
1.78595,-32,4,182,0,DRIVE [ 77 ] [ 1 ] [ 1900 1420 1790 ] [    0    0    0 ] [      0      0      0 ] [ 0 ],drive [ 76 ] [ 0 ] [ 1900 1444 1791 ] [   22   41   25 ] [   7278  22658   2231 ] [ 0 ],1.00,1.00,1.00,1.00,-32.30,4.12,0.00,0.00,0.00,0.00,0.00,0.00,0.00,0.00,0.00,0.00,0.00,0.00,0.00,0.00,0.00,0
1.79651,-34,5,181,0,DRIVE [ 77 ] [ 1 ] [ 1900 1397 1789 ] [    0    0    0 ] [      0      0      0 ] [ 0 ],drive [ 77 ] [ 0 ] [ 1900 1420 1790 ] [   19   47   27 ] [   7278  22658   2231 ] [ 0 ],1.00,1.00,1.00,1.00,-33.56,4.91,0.00,0.00,0.00,0.00,0.00,0.00,0.00,0.00,0.00,0.00,0.00,0.00,0.00,0.00,0.00,0
1.8082,-35,6,181,0,DRIVE [ 78 ] [ 1 ] [ 1900 1376 1789 ] [    0    0    0 ] [      0      0      0 ] [ 0 ],drive [ 77 ] [ 0 ] [ 1900 1397 1789 ] [   19   47   27 ] [   7278  22658   2231 ] [ 0 ],1.00,1.00,1.00,1.00,-34.72,5.69,0.00,0.00,0.00,0.00,0.00,0.00,0.00,0.00,0.00,0.00,0.00,0.00,0.00,0.00,0.00,0
1.82,-36,7,180,0,DRIVE [ 78 ] [ 1 ] [ 1900 1353 1791 ] [    0    0    0 ] [      0      0      0 ] [ 0 ],drive [ 78 ] [ 0 ] [ 1900 1376 1789 ] [   19   47   27 ] [   7278  22658   2231 ] [ 0 ],1.00,1.00,1.00,1.00,-35.77,6.64,0.00,0.00,0.00,0.00,0.00,-0.00,0.00,0.00,0.00,0.00,0.00,0.00,0.00,0.00,0.00,0
1.83218,-36,8,178,0,DRIVE [ 79 ] [ 1 ] [ 1900 1331 1793 ] [    0    0    0 ] [      0      0      0 ] [ 0 ],drive [ 78 ] [ 0 ] [ 1900 1353 1791 ] [   19   47   27 ] [   7276  22727   2234 ] [ 0 ],1.00,1.00,1.00,1.00,-36.43,7.67,0.00,0.00,0.00,0.00,0.00,-0.00,0.00,0.00,0.00,0.00,0.00,0.00,0.00,0.00,0.00,0
1.84332,-37,9,177,0,DRIVE [ 79 ] [ 1 ] [ 1900 1309 1798 ] [    0    0    0 ] [      0      0      0 ] [ 0 ],drive [ 79 ] [ 0 ] [ 1900 1331 1793 ] [    9   59   21 ] [   7276  22727   2234 ] [ 0 ],1.00,1.00,1.00,1.00,-36.98,8.82,0.00,0.00,0.00,0.00,0.00,-0.00,0.00,0.00,0.00,0.00,0.00,0.00,0.00,0.00,0.00,0
1.85436,-37,10,175,0,DRIVE [ 80 ] [ 1 ] [ 1900 1286 1803 ] [    0    0    0 ] [      0      0      0 ] [ 0 ],drive [ 79 ] [ 0 ] [ 1900 1309 1798 ] [    9   59   21 ] [   7276  22727   2234 ] [ 0 ],1.00,1.00,1.00,1.00,-37.42,10.10,0.00,0.00,0.00,0.00,0.00,-0.00,0.00,0.00,0.00,0.00,0.00,0.00,0.00,0.00,0.00,0
1.86462,-38,11,173,0,DRIVE [ 80 ] [ 1 ] [ 1900 1263 1811 ] [    0    0    0 ] [      0      0      0 ] [ 0 ],drive [ 80 ] [ 0 ] [ 1900 1286 1803 ] [    9   59   21 ] [   7276  22727   2234 ] [ 0 ],1.00,1.00,1.00,1.00,-37.50,11.44,0.00,0.00,0.00,0.00,0.00,-0.00,0.00,0.00,0.00,0.00,0.00,0.00,0.00,0.00,0.00,0
1.87599,-38,13,173,0,DRIVE [ 81 ] [ 1 ] [ 1900 1245 1820 ] [    0    0    0 ] [      0      0      0 ] [ 0 ],drive [ 80 ] [ 0 ] [ 1900 1263 1811 ] [    9   59   21 ] [   6923  22892   2259 ] [ 0 ],1.00,1.00,1.00,1.00,-37.71,12.91,0.00,0.00,0.00,0.00,0.00,-0.00,0.00,0.00,0.00,0.00,0.00,0.00,0.00,0.00,0.00,0
1.88791,-37,14,173,0,DRIVE [ 81 ] [ 1 ] [ 1900 1231 1830 ] [    0    0    0 ] [      0      0      0 ] [ 0 ],drive [ 81 ] [ 0 ] [ 1900 1245 1820 ] [    3   83   10 ] [   6923  22892   2259 ] [ 0 ],1.00,1.00,1.00,1.00,-37.43,14.38,0.00,0.00,0.00,0.00,0.00,-0.00,0.00,0.00,0.00,0.00,0.00,0.00,0.00,0.00,0.00,0
1.89961,-37,16,173,0,DRIVE [ 82 ] [ 1 ] [ 1900 1220 1843 ] [    0    0    0 ] [      0      0      0 ] [ 0 ],drive [ 81 ] [ 0 ] [ 1900 1231 1830 ] [    3   83   10 ] [   6923  22892   2259 ] [ 0 ],1.00,1.00,1.00,1.00,-36.72,15.88,0.00,0.00,0.00,0.00,0.00,-0.00,0.00,0.00,0.00,0.00,0.00,0.00,0.00,0.00,0.00,0
1.91048,-36,17,173,0,DRIVE [ 82 ] [ 1 ] [ 1900 1211 1857 ] [    0    0    0 ] [      0      0      0 ] [ 0 ],drive [ 82 ] [ 0 ] [ 1900 1220 1843 ] [    3   83   10 ] [   6923  22892   2259 ] [ 0 ],1.00,1.00,1.00,1.00,-35.63,17.28,0.00,0.00,0.00,0.00,0.00,-0.00,0.00,0.00,0.00,0.00,0.00,0.00,0.00,0.00,0.00,0
1.92136,-34,19,171,0,DRIVE [ 83 ] [ 1 ] [ 1900 1201 1872 ] [    0    0    0 ] [      0      0      0 ] [ 0 ],drive [ 82 ] [ 0 ] [ 1900 1211 1857 ] [    3   83   10 ] [   6923  22892   2259 ] [ 0 ],1.00,1.00,1.00,1.00,-34.24,18.69,0.00,0.00,0.00,0.00,0.00,-0.00,0.00,0.00,0.00,0.00,0.00,0.00,0.00,0.00,0.00,0
1.93172,-33,20,170,0,DRIVE [ 83 ] [ 1 ] [ 1900 1190 1886 ] [    0    0    0 ] [      0      0      0 ] [ 0 ],drive [ 83 ] [ 0 ] [ 1900 1201 1872 ] [    3   83   10 ] [   6588  23204   2259 ] [ 0 ],1.00,1.00,1.00,1.00,-32.86,20.03,0.00,0.00,0.00,0.00,0.00,-0.00,0.00,0.00,0.00,0.00,0.00,0.00,0.00,0.00,0.00,0
1.94398,-31,21,168,0,DRIVE [ 84 ] [ 1 ] [ 1900 1177 1900 ] [    0    0    0 ] [      0      0      0 ] [ 0 ],drive [ 83 ] [ 0 ] [ 1900 1190 1886 ] [   11   68    8 ] [   6588  23204   2259 ] [ 0 ],1.00,1.00,1.00,1.00,-31.41,21.25,0.00,0.00,0.00,0.00,0.00,-0.00,0.00,0.00,0.00,0.00,0.00,0.00,0.00,0.00,0.00,0
1.95598,-30,22,165,0,DRIVE [ 84 ] [ 1 ] [ 1896 1179 1900 ] [    0    0    0 ] [      0      0      0 ] [ 0 ],drive [ 84 ] [ 0 ] [ 1900 1177 1900 ] [   11   68    8 ] [   6588  23204   2259 ] [ 0 ],1.00,1.00,1.00,1.00,-30.06,22.29,0.00,0.00,0.00,0.00,0.00,-0.00,0.00,0.00,0.00,0.00,0.00,0.00,0.00,0.00,0.00,0
1.96803,-29,23,163,0,DRIVE [ 85 ] [ 1 ] [ 1882 1187 1900 ] [    0    0    0 ] [      0      0      0 ] [ 0 ],drive [ 84 ] [ 0 ] [ 1896 1179 1900 ] [   11   68    8 ] [   6588  23204   2259 ] [ 0 ],1.00,1.00,1.00,1.00,-28.99,23.34,0.00,0.00,0.00,0.00,0.00,-0.00,0.00,0.00,0.00,0.00,0.00,0.00,0.00,0.00,0.00,0
1.98032,-28,24,160,0,DRIVE [ 85 ] [ 1 ] [ 1870 1189 1900 ] [    0    0    0 ] [      0      0      0 ] [ 0 ],drive [ 85 ] [ 0 ] [ 1882 1187 1900 ] [   11   68    8 ] [   6529  23304   2252 ] [ 0 ],1.00,1.00,1.00,1.00,-28.11,24.30,0.00,0.00,0.00,0.00,0.00,-0.00,0.00,0.00,0.00,0.00,0.00,0.00,0.00,0.00,0.00,0
1.99259,-27,25,158,0,DRIVE [ 86 ] [ 1 ] [ 1859 1190 1900 ] [    0    0    0 ] [      0      0      0 ] [ 0 ],drive [ 85 ] [ 0 ] [ 1870 1189 1900 ] [   14   74    7 ] [   6529  23304   2252 ] [ 0 ],1.00,1.00,1.00,1.00,-27.46,25.23,0.00,0.00,0.00,0.00,0.00,-0.00,0.00,0.00,0.00,0.00,0.00,0.00,0.00,0.00,0.00,0
2.00264,-27,26,156,0,DRIVE [ 86 ] [ 1 ] [ 1848 1190 1900 ] [    0    0    0 ] [      0      0      0 ] [ 0 ],drive [ 86 ] [ 0 ] [ 1859 1190 1900 ] [   14   74    7 ] [   6529  23304   2252 ] [ 0 ],1.00,1.00,1.00,1.00,-26.84,26.02,0.00,0.00,0.00,0.00,0.00,-0.00,0.00,0.00,0.00,0.00,0.00,0.00,0.00,0.00,0.00,0
2.01338,-26,27,154,0,DRIVE [ 87 ] [ 1 ] [ 1839 1191 1900 ] [    0    0    0 ] [      0      0      0 ] [ 0 ],drive [ 86 ] [ 0 ] [ 1848 1190 1900 ] [   14   74    7 ] [   6529  23304   2252 ] [ 0 ],1.00,1.00,1.00,1.00,-26.24,26.66,0.00,0.00,0.00,0.00,0.00,-0.00,0.00,0.00,0.00,0.00,0.00,0.00,0.00,0.00,0.00,0
2.02386,-26,27,153,0,DRIVE [ 87 ] [ 1 ] [ 1831 1195 1900 ] [    0    0    0 ] [      0      0      0 ] [ 0 ],drive [ 87 ] [ 0 ] [ 1839 1191 1900 ] [   14   74    7 ] [   6533  23416   2207 ] [ 0 ],1.00,1.00,1.00,1.00,-25.61,27.09,0.00,0.00,0.00,0.00,0.00,-0.00,0.00,0.00,0.00,0.00,0.00,0.00,0.00,0.00,0.00,0
2.03449,-25,27,152,0,DRIVE [ 88 ] [ 1 ] [ 1825 1204 1900 ] [    0    0    0 ] [      0      0      0 ] [ 0 ],drive [ 87 ] [ 0 ] [ 1831 1195 1900 ] [   14   74    7 ] [   6533  23416   2207 ] [ 0 ],1.00,1.00,1.00,1.00,-24.97,27.34,0.00,0.00,0.00,0.00,0.00,-0.00,0.00,0.00,0.00,0.00,0.00,0.00,0.00,0.00,0.00,0
2.04461,-24,27,152,0,DRIVE [ 88 ] [ 1 ] [ 1821 1218 1900 ] [    0    0    0 ] [      0      0      0 ] [ 0 ],drive [ 88 ] [ 0 ] [ 1825 1204 1900 ] [   15   72    5 ] [   6533  23416   2207 ] [ 0 ],1.00,1.00,1.00,1.00,-24.13,27.26,0.00,0.00,0.00,0.00,0.00,-0.00,0.00,0.00,0.00,0.00,0.00,0.00,0.00,0.00,0.00,0
2.05572,-23,27,151,0,DRIVE [ 89 ] [ 1 ] [ 1817 1236 1900 ] [    0    0    0 ] [      0      0      0 ] [ 0 ],drive [ 88 ] [ 0 ] [ 1821 1218 1900 ] [   15   72    5 ] [   6533  23416   2207 ] [ 0 ],1.00,1.00,1.00,1.00,-23.09,26.92,0.00,0.00,0.00,0.00,0.00,-0.00,0.00,0.00,0.00,0.00,0.00,0.00,0.00,0.00,0.00,0
2.06774,-22,27,150,0,DRIVE [ 89 ] [ 1 ] [ 1813 1253 1900 ] [    0    0    0 ] [      0      0      0 ] [ 0 ],drive [ 89 ] [ 0 ] [ 1817 1236 1900 ] [   15   72    5 ] [   6533  23416   2207 ] [ 0 ],1.00,1.00,1.00,1.00,-22.00,26.52,0.00,0.00,0.00,0.00,0.00,-0.00,0.00,0.00,0.00,0.00,0.00,0.00,0.00,0.00,0.00,0
2.07972,-21,26,149,0,DRIVE [ 90 ] [ 1 ] [ 1810 1274 1900 ] [    0    0    0 ] [      0      0      0 ] [ 0 ],drive [ 89 ] [ 0 ] [ 1813 1253 1900 ] [   15   72    5 ] [   6538  23673   2127 ] [ 0 ],1.00,1.00,1.00,1.00,-20.85,26.05,0.00,0.00,0.00,0.00,0.00,-0.00,0.00,0.00,0.00,0.00,0.00,0.00,0.00,0.00,0.00,0
2.09174,-20,25,148,0,DRIVE [ 90 ] [ 1 ] [ 1806 1292 1900 ] [    0    0    0 ] [      0      0      0 ] [ 0 ],drive [ 90 ] [ 0 ] [ 1810 1274 1900 ] [   14   83    4 ] [   6538  23673   2127 ] [ 0 ],1.00,1.00,1.00,1.00,-19.68,25.48,0.00,0.00,0.00,0.00,0.00,-0.00,0.00,0.00,0.00,0.00,0.00,0.00,0.00,0.00,0.00,0
2.10227,-18,25,146,0,DRIVE [ 91 ] [ 1 ] [ 1801 1312 1900 ] [    0    0    0 ] [      0      0      0 ] [ 0 ],drive [ 90 ] [ 0 ] [ 1806 1292 1900 ] [   14   83    4 ] [   6538  23673   2127 ] [ 0 ],1.00,1.00,1.00,1.00,-18.48,25.06,0.00,0.00,0.00,0.00,0.00,-0.00,0.00,0.00,0.00,0.00,0.00,0.00,0.00,0.00,0.00,0
2.11265,-17,25,145,0,DRIVE [ 91 ] [ 1 ] [ 1797 1331 1900 ] [    0    0    0 ] [      0      0      0 ] [ 0 ],drive [ 91 ] [ 0 ] [ 1801 1312 1900 ] [   14   83    4 ] [   6538  23673   2127 ] [ 0 ],1.00,1.00,1.00,1.00,-17.35,24.64,0.00,0.00,0.00,0.00,0.00,-0.00,0.00,0.00,0.00,0.00,0.00,0.00,0.00,0.00,0.00,0
2.12371,-16,24,144,0,DRIVE [ 92 ] [ 1 ] [ 1793 1349 1900 ] [    0    0    0 ] [      0      0      0 ] [ 0 ],drive [ 91 ] [ 0 ] [ 1797 1331 1900 ] [   14   83    4 ] [   6545  23705   2127 ] [ 0 ],1.00,1.00,1.00,1.00,-16.21,24.16,0.00,0.00,0.00,0.00,0.00,-0.00,0.00,0.00,0.00,0.00,0.00,0.00,0.00,0.00,0.00,0
2.13579,-15,24,142,0,DRIVE [ 92 ] [ 1 ] [ 1787 1368 1900 ] [    0    0    0 ] [      0      0      0 ] [ 0 ],drive [ 92 ] [ 0 ] [ 1793 1349 1900 ] [   14   83    4 ] [   6545  23705   2127 ] [ 0 ],1.00,1.00,1.00,1.00,-15.04,23.83,0.00,0.00,0.00,0.00,0.00,-0.00,0.00,0.00,0.00,0.00,0.00,0.00,0.00,0.00,0.00,0
2.14802,-14,24,141,0,DRIVE [ 93 ] [ 1 ] [ 1780 1388 1900 ] [    0    0    0 ] [      0      0      0 ] [ 0 ],drive [ 92 ] [ 0 ] [ 1787 1368 1900 ] [   15   71    3 ] [   6545  23705   2127 ] [ 0 ],1.00,1.00,1.00,1.00,-13.78,23.54,0.00,0.00,0.00,0.00,0.00,-0.00,0.00,0.00,0.00,0.00,0.00,0.00,0.00,-0.00,0.00,0
2.15985,-13,23,139,0,DRIVE [ 93 ] [ 1 ] [ 1773 1408 1900 ] [    0    0    0 ] [      0      0      0 ] [ 0 ],drive [ 93 ] [ 0 ] [ 1780 1388 1900 ] [   15   71    3 ] [   6545  23705   2127 ] [ 0 ],1.00,1.00,1.00,1.00,-12.52,23.20,0.00,0.00,0.00,0.00,0.00,-0.00,0.00,0.00,0.00,0.00,0.00,0.00,0.00,-0.00,0.00,0
2.17012,-11,23,138,0,DRIVE [ 94 ] [ 1 ] [ 1764 1428 1900 ] [    0    0    0 ] [      0      0      0 ] [ 0 ],drive [ 93 ] [ 0 ] [ 1773 1408 1900 ] [   15   71    3 ] [   6545  23705   2127 ] [ 0 ],1.00,1.00,1.00,1.00,-11.20,22.91,0.00,0.00,0.00,0.00,0.00,-0.00,0.00,0.00,0.00,0.00,0.00,0.00,0.00,-0.00,0.00,0
2.18008,-10,23,137,0,DRIVE [ 94 ] [ 1 ] [ 1755 1449 1900 ] [    0    0    0 ] [      0      0      0 ] [ 0 ],drive [ 94 ] [ 0 ] [ 1764 1428 1900 ] [   15   71    3 ] [   6548  23703   2128 ] [ 0 ],1.00,1.00,1.00,1.00,-9.81,22.65,0.00,0.00,0.00,0.00,0.00,-0.00,0.00,0.00,0.00,0.00,0.00,0.00,0.00,-0.00,0.00,0
2.19171,-8,22,135,0,DRIVE [ 95 ] [ 1 ] [ 1744 1471 1900 ] [    0    0    0 ] [      0      0      0 ] [ 0 ],drive [ 94 ] [ 0 ] [ 1755 1449 1900 ] [   13   63    3 ] [   6548  23703   2128 ] [ 0 ],1.00,1.00,1.00,1.00,-8.35,22.45,0.00,0.00,0.00,0.00,0.00,-0.00,0.00,0.00,0.00,0.00,0.00,0.00,0.00,-0.00,0.00,0
2.2035,-7,22,134,0,DRIVE [ 95 ] [ 1 ] [ 1730 1493 1900 ] [    0    0    0 ] [      0      0      0 ] [ 0 ],drive [ 95 ] [ 0 ] [ 1744 1471 1900 ] [   13   63    3 ] [   6548  23703   2128 ] [ 0 ],1.00,1.00,1.00,1.00,-6.77,22.33,0.00,0.00,0.00,0.00,0.00,-0.00,0.00,0.00,0.00,0.00,0.00,0.00,0.00,-0.00,0.00,0
2.21587,-5,22,133,0,DRIVE [ 96 ] [ 1 ] [ 1714 1514 1900 ] [    0    0    0 ] [      0      0      0 ] [ 0 ],drive [ 95 ] [ 0 ] [ 1730 1493 1900 ] [   13   63    3 ] [   6548  23703   2128 ] [ 0 ],1.00,1.00,1.00,1.00,-5.16,22.26,0.00,0.00,0.00,0.00,0.00,-0.00,0.00,0.00,0.00,0.00,0.00,0.00,0.00,-0.00,0.00,0
2.22822,-4,22,131,0,DRIVE [ 96 ] [ 1 ] [ 1697 1534 1900 ] [    0    0    0 ] [      0      0      0 ] [ 0 ],drive [ 96 ] [ 0 ] [ 1714 1514 1900 ] [   13   63    3 ] [   6569  23692   2128 ] [ 0 ],1.00,1.00,1.00,1.00,-3.52,22.17,0.00,0.00,0.00,0.00,0.00,-0.00,0.00,0.00,0.00,0.00,0.00,0.00,0.00,-0.00,0.00,0
2.23885,-2,22,129,0,DRIVE [ 97 ] [ 1 ] [ 1678 1553 1900 ] [    0    0    0 ] [      0      0      0 ] [ 0 ],drive [ 96 ] [ 0 ] [ 1697 1534 1900 ] [   27   59    4 ] [   6569  23692   2128 ] [ 0 ],1.00,1.00,1.00,1.00,-1.84,22.11,0.00,0.00,0.00,0.00,0.00,-0.00,0.00,0.00,0.00,0.00,0.00,0.00,0.00,0.00,0.00,0
2.24874,0,22,128,0,DRIVE [ 97 ] [ 1 ] [ 1656 1571 1900 ] [    0    0    0 ] [      0      0      0 ] [ 0 ],drive [ 97 ] [ 0 ] [ 1678 1553 1900 ] [   27   59    4 ] [   6569  23692   2128 ] [ 0 ],1.00,1.00,1.00,1.00,-0.12,22.11,0.00,0.00,0.00,0.00,0.00,-0.00,0.00,0.00,0.00,0.00,0.00,0.00,0.00,0.00,0.00,0
2.25976,2,22,127,0,DRIVE [ 98 ] [ 1 ] [ 1631 1589 1900 ] [    0    0    0 ] [      0      0      0 ] [ 0 ],drive [ 97 ] [ 0 ] [ 1656 1571 1900 ] [   27   59    4 ] [   6569  23692   2128 ] [ 0 ],1.00,1.00,1.00,1.00,1.68,22.15,0.00,0.00,0.00,0.00,0.00,-0.00,0.00,0.00,0.00,0.00,0.00,0.00,0.00,0.00,0.00,0
2.27149,4,22,125,0,DRIVE [ 98 ] [ 1 ] [ 1602 1605 1900 ] [    0    0    0 ] [      0      0      0 ] [ 0 ],drive [ 98 ] [ 0 ] [ 1631 1589 1900 ] [   27   59    4 ] [   6569  23692   2128 ] [ 0 ],1.00,1.00,1.00,1.00,3.52,22.19,0.00,0.00,0.00,0.00,0.00,-0.00,0.00,0.00,0.00,0.00,0.00,0.00,0.00,0.00,0.00,0
2.28336,5,22,124,0,DRIVE [ 99 ] [ 1 ] [ 1571 1622 1900 ] [    0    0    0 ] [      0      0      0 ] [ 0 ],drive [ 98 ] [ 0 ] [ 1602 1605 1900 ] [   27   59    4 ] [   6693  23652   2126 ] [ 0 ],1.00,1.00,1.00,1.00,5.36,22.19,0.00,0.00,0.00,0.00,0.00,-0.00,0.00,0.00,0.00,0.00,0.00,0.00,0.00,0.00,0.00,0
2.29395,7,22,122,0,DRIVE [ 99 ] [ 1 ] [ 1539 1637 1900 ] [    0    0    0 ] [      0      0      0 ] [ 0 ],drive [ 99 ] [ 0 ] [ 1571 1622 1900 ] [   29   32   12 ] [   6693  23652   2126 ] [ 0 ],1.00,1.00,1.00,1.00,7.14,22.16,0.00,0.00,0.00,0.00,0.00,-0.00,0.00,0.00,0.00,0.00,0.00,0.00,0.00,0.00,0.00,0
2.30433,9,22,121,0,DRIVE [ 00 ] [ 1 ] [ 1506 1651 1900 ] [    0    0    0 ] [      0      0      0 ] [ 0 ],drive [ 99 ] [ 0 ] [ 1539 1637 1900 ] [   29   32   12 ] [   6693  23652   2126 ] [ 0 ],1.00,1.00,1.00,1.00,8.86,22.06,0.00,0.00,0.00,0.00,0.00,-0.00,0.00,0.00,0.00,0.00,0.00,0.00,0.00,0.00,0.00,0
2.31554,11,22,119,0,DRIVE [ 00 ] [ 1 ] [ 1472 1666 1900 ] [    0    0    0 ] [      0      0      0 ] [ 0 ],drive [ 00 ] [ 0 ] [ 1506 1651 1900 ] [   29   32   12 ] [   6693  23652   2126 ] [ 0 ],1.00,1.00,1.00,1.00,10.54,21.93,0.00,0.00,0.00,0.00,0.00,-0.00,0.00,0.00,0.00,0.00,0.00,0.00,0.00,0.00,0.00,0
2.32752,12,22,118,0,DRIVE [ 01 ] [ 1 ] [ 1436 1681 1900 ] [    0    0    0 ] [      0      0      0 ] [ 0 ],drive [ 00 ] [ 0 ] [ 1472 1666 1900 ] [   29   32   12 ] [   7040  23589   2053 ] [ 0 ],1.00,1.00,1.00,1.00,12.24,21.76,0.00,0.00,0.00,0.00,0.00,-0.00,0.00,0.00,0.00,0.00,0.00,0.00,0.00,0.00,0.00,0
2.33923,14,22,117,0,DRIVE [ 01 ] [ 1 ] [ 1398 1695 1900 ] [    0    0    0 ] [      0      0      0 ] [ 0 ],drive [ 01 ] [ 0 ] [ 1436 1681 1900 ] [   61   38   11 ] [   7040  23589   2053 ] [ 0 ],1.00,1.00,1.00,1.00,13.94,21.60,0.00,0.00,0.00,0.00,0.00,-0.00,0.00,0.00,0.00,0.00,0.00,0.00,0.00,0.00,0.00,0
2.35137,16,21,115,0,DRIVE [ 02 ] [ 1 ] [ 1357 1710 1900 ] [    0    0    0 ] [      0      0      0 ] [ 0 ],drive [ 01 ] [ 0 ] [ 1398 1695 1900 ] [   61   38   11 ] [   7040  23589   2053 ] [ 0 ],1.00,1.00,1.00,1.00,15.61,21.40,0.00,0.00,0.00,0.00,0.00,-0.00,0.00,0.00,0.00,0.00,0.00,0.00,0.00,0.00,0.00,0
2.3619,17,21,114,0,DRIVE [ 02 ] [ 1 ] [ 1314 1725 1900 ] [    0    0    0 ] [      0      0      0 ] [ 0 ],drive [ 02 ] [ 0 ] [ 1357 1710 1900 ] [   61   38   11 ] [   7040  23589   2053 ] [ 0 ],1.00,1.00,1.00,1.00,17.33,21.19,0.00,0.00,0.00,0.00,0.00,-0.00,0.00,0.00,0.00,0.00,0.00,0.00,0.00,0.00,0.00,0
2.37214,19,21,113,0,DRIVE [ 03 ] [ 1 ] [ 1271 1741 1900 ] [    0    0    0 ] [      0      0      0 ] [ 0 ],drive [ 02 ] [ 0 ] [ 1314 1725 1900 ] [   61   38   11 ] [   7503  23489   2010 ] [ 0 ],1.00,1.00,1.00,1.00,19.06,20.93,0.00,0.00,0.00,0.00,0.00,-0.00,0.00,0.00,0.00,0.00,0.00,0.00,0.00,0.00,0.00,0
2.38311,21,21,113,0,DRIVE [ 03 ] [ 1 ] [ 1228 1757 1900 ] [    0    0    0 ] [      0      0      0 ] [ 0 ],drive [ 03 ] [ 0 ] [ 1271 1741 1900 ] [   61   38   11 ] [   7503  23489   2010 ] [ 0 ],1.00,1.00,1.00,1.00,20.72,20.54,0.00,0.00,0.00,0.00,0.00,-0.00,0.00,0.00,0.00,0.00,0.00,0.00,0.00,0.00,0.00,0
2.39556,22,20,112,0,DRIVE [ 04 ] [ 1 ] [ 1186 1775 1900 ] [    0    0    0 ] [      0      0      0 ] [ 0 ],drive [ 03 ] [ 0 ] [ 1228 1757 1900 ] [   62   40   24 ] [   7503  23489   2010 ] [ 0 ],1.00,1.00,1.00,1.00,22.28,20.05,0.00,0.00,0.00,0.00,0.00,-0.00,0.00,0.00,0.00,0.00,0.00,0.00,0.00,0.00,0.00,0
2.40758,24,19,111,0,DRIVE [ 04 ] [ 1 ] [ 1148 1792 1900 ] [    0    0    0 ] [      0      0      0 ] [ 0 ],drive [ 04 ] [ 0 ] [ 1186 1775 1900 ] [   62   40   24 ] [   7503  23489   2010 ] [ 0 ],1.00,1.00,1.00,1.00,23.70,19.43,0.00,0.00,0.00,0.00,0.00,-0.00,0.00,0.00,0.00,0.00,0.00,0.00,0.00,0.00,0.00,0
2.41967,25,19,110,0,DRIVE [ 05 ] [ 1 ] [ 1114 1809 1900 ] [    0    0    0 ] [      0      0      0 ] [ 0 ],drive [ 04 ] [ 0 ] [ 1148 1792 1900 ] [   62   40   24 ] [   7503  23489   2010 ] [ 0 ],1.00,1.00,1.00,1.00,24.89,18.69,0.00,0.00,0.00,0.00,0.00,-0.00,0.00,0.00,0.00,0.00,0.00,0.00,0.00,0.00,0.00,0
2.42959,26,18,110,0,DRIVE [ 05 ] [ 1 ] [ 1091 1809 1902 ] [    0    0    0 ] [      0      0      0 ] [ 0 ],drive [ 05 ] [ 0 ] [ 1114 1809 1900 ] [   62   40   24 ] [   8138  23326   1880 ] [ 0 ],1.00,1.00,1.00,1.00,25.88,17.82,0.00,0.00,0.00,0.00,0.00,-0.00,0.00,0.00,0.00,0.00,0.00,0.00,0.00,0.00,0.00,0
2.43977,27,17,109,0,DRIVE [ 06 ] [ 1 ] [ 1101 1809 1887 ] [    0    0    0 ] [      0      0      0 ] [ 0 ],drive [ 05 ] [ 0 ] [ 1091 1809 1902 ] [   76   18    9 ] [   8138  23326   1880 ] [ 0 ],1.00,1.00,1.00,1.00,26.67,16.82,0.00,0.00,0.00,0.00,0.00,-0.00,0.00,0.00,0.00,0.00,0.00,0.00,0.00,0.00,0.00,0
2.45138,27,16,109,0,DRIVE [ 06 ] [ 1 ] [ 1116 1809 1872 ] [    0    0    0 ] [      0      0      0 ] [ 0 ],drive [ 06 ] [ 0 ] [ 1101 1809 1887 ] [   76   18    9 ] [   8138  23326   1880 ] [ 0 ],1.00,1.00,1.00,1.00,27.30,15.68,0.00,0.00,0.00,0.00,0.00,-0.00,0.00,0.00,0.00,0.00,0.00,0.00,0.00,0.00,0.00,0
2.46372,28,14,109,0,DRIVE [ 07 ] [ 1 ] [ 1136 1809 1856 ] [    0    0    0 ] [      0      0      0 ] [ 0 ],drive [ 06 ] [ 0 ] [ 1116 1809 1872 ] [   76   18    9 ] [   8138  23326   1880 ] [ 0 ],1.00,1.00,1.00,1.00,27.77,14.41,0.00,0.00,0.00,0.00,0.00,-0.00,0.00,0.00,0.00,0.00,0.00,0.00,0.00,0.00,0.00,0
2.47547,28,13,109,0,DRIVE [ 07 ] [ 1 ] [ 1160 1809 1840 ] [    0    0    0 ] [      0      0      0 ] [ 0 ],drive [ 07 ] [ 0 ] [ 1136 1809 1856 ] [   76   18    9 ] [   8844  23185   1684 ] [ 0 ],1.00,1.00,1.00,1.00,28.01,13.03,0.00,0.00,0.00,0.00,0.00,-0.00,0.00,0.00,0.00,0.00,0.00,0.00,0.00,0.00,0.00,0
2.48747,28,12,109,0,DRIVE [ 08 ] [ 1 ] [ 1185 1809 1824 ] [    0    0    0 ] [      0      0      0 ] [ 0 ],drive [ 07 ] [ 0 ] [ 1160 1809 1840 ] [   76   18    9 ] [   8844  23185   1684 ] [ 0 ],1.00,1.00,1.00,1.00,28.13,11.60,0.00,0.00,0.00,0.00,0.00,-0.00,0.00,0.00,0.00,0.00,0.00,0.00,0.00,0.00,0.00,0
2.49722,28,10,108,0,DRIVE [ 08 ] [ 1 ] [ 1206 1809 1809 ] [    0    0    0 ] [      0      0      0 ] [ 0 ],drive [ 08 ] [ 0 ] [ 1185 1809 1824 ] [   75   10   13 ] [   8844  23185   1684 ] [ 0 ],1.00,1.00,1.00,1.00,28.25,10.19,0.00,0.00,0.00,0.00,0.00,-0.00,0.00,0.00,0.00,0.00,0.00,0.00,0.00,0.00,0.00,0
2.50744,28,9,108,0,DRIVE [ 09 ] [ 1 ] [ 1225 1809 1793 ] [    0    0    0 ] [      0      0      0 ] [ 0 ],drive [ 08 ] [ 0 ] [ 1206 1809 1809 ] [   75   10   13 ] [   8844  23185   1684 ] [ 0 ],1.00,1.00,1.00,1.00,28.46,8.86,0.00,0.00,0.00,0.00,0.00,-0.00,0.00,0.00,0.00,0.00,0.00,0.00,0.00,0.00,0.00,0
2.51935,29,8,107,0,DRIVE [ 09 ] [ 1 ] [ 1241 1809 1776 ] [    0    0    0 ] [      0      0      0 ] [ 0 ],drive [ 09 ] [ 0 ] [ 1225 1809 1793 ] [   75   10   13 ] [   8844  23185   1684 ] [ 0 ],1.00,1.00,1.00,1.00,28.69,7.51,0.00,0.00,0.00,0.00,0.00,-0.00,0.00,0.00,0.00,0.00,0.00,0.00,0.00,0.00,0.00,0
2.53121,29,6,106,0,DRIVE [ 10 ] [ 1 ] [ 1254 1809 1760 ] [    0    0    0 ] [      0      0      0 ] [ 0 ],drive [ 09 ] [ 0 ] [ 1241 1809 1776 ] [   75   10   13 ] [   8853  23184   1664 ] [ 0 ],1.00,1.00,1.00,1.00,28.88,6.24,0.00,0.00,0.00,0.00,0.00,-0.00,0.00,0.00,0.00,0.00,0.00,0.00,0.00,0.00,0.00,0
2.5433,29,5,105,0,DRIVE [ 10 ] [ 1 ] [ 1265 1809 1744 ] [    0    0    0 ] [      0      0      0 ] [ 0 ],drive [ 10 ] [ 0 ] [ 1254 1809 1760 ] [   66   10   14 ] [   8853  23184   1664 ] [ 0 ],1.00,1.00,1.00,1.00,29.03,5.07,0.00,0.00,0.00,0.00,0.00,-0.00,0.00,0.00,0.00,0.00,0.00,0.00,0.00,0.00,0.00,0
2.55522,29,4,104,0,DRIVE [ 11 ] [ 1 ] [ 1275 1809 1730 ] [    0    0    0 ] [      0      0      0 ] [ 0 ],drive [ 10 ] [ 0 ] [ 1265 1809 1744 ] [   66   10   14 ] [   8853  23184   1664 ] [ 0 ],1.00,1.00,1.00,1.00,29.15,3.97,0.00,0.00,0.00,0.00,0.00,-0.00,0.00,0.00,0.00,0.00,0.00,0.00,0.00,0.00,0.00,0
2.5649,29,3,104,0,DRIVE [ 11 ] [ 1 ] [ 1285 1809 1716 ] [    0    0    0 ] [      0      0      0 ] [ 0 ],drive [ 11 ] [ 0 ] [ 1275 1809 1730 ] [   66   10   14 ] [   8853  23184   1664 ] [ 0 ],1.00,1.00,1.00,1.00,29.23,2.94,0.00,0.00,0.00,0.00,0.00,-0.00,0.00,0.00,0.00,0.00,0.00,0.00,0.00,0.00,0.00,0
2.57544,29,2,103,0,DRIVE [ 12 ] [ 1 ] [ 1295 1809 1703 ] [    0    0    0 ] [      0      0      0 ] [ 0 ],drive [ 11 ] [ 0 ] [ 1285 1809 1716 ] [   66   10   14 ] [   8851  23184   1671 ] [ 0 ],1.00,1.00,1.00,1.00,29.15,1.97,0.00,0.00,0.00,0.00,0.00,-0.00,0.00,0.00,0.00,0.00,0.00,0.00,0.00,0.00,0.00,0
2.58719,29,1,102,0,DRIVE [ 12 ] [ 1 ] [ 1304 1809 1691 ] [    0    0    0 ] [      0      0      0 ] [ 0 ],drive [ 12 ] [ 0 ] [ 1295 1809 1703 ] [   66   10   14 ] [   8851  23184   1671 ] [ 0 ],1.00,1.00,1.00,1.00,29.05,1.08,0.00,0.00,0.00,0.00,0.00,-0.00,0.00,0.00,0.00,0.00,0.00,0.00,0.00,0.00,0.00,0
2.59904,29,0,101,0,DRIVE [ 13 ] [ 1 ] [ 1313 1809 1680 ] [    0    0    0 ] [      0      0      0 ] [ 0 ],drive [ 12 ] [ 0 ] [ 1304 1809 1691 ] [   61   10   19 ] [   8851  23184   1671 ] [ 0 ],1.00,1.00,1.00,1.00,28.93,0.25,0.00,0.00,0.00,0.00,0.00,-0.00,0.00,0.00,0.00,0.00,0.00,0.00,0.00,0.00,0.00,0
2.61117,29,-1,100,0,DRIVE [ 13 ] [ 1 ] [ 1322 1809 1669 ] [    0    0    0 ] [      0      0      0 ] [ 0 ],drive [ 13 ] [ 0 ] [ 1313 1809 1680 ] [   61   10   19 ] [   8851  23184   1671 ] [ 0 ],1.00,1.00,1.00,1.00,28.83,-0.52,0.00,0.00,0.00,0.00,0.00,-0.00,0.00,0.00,0.00,0.00,0.00,0.00,0.00,0.00,0.00,0
2.62148,29,-1,100,0,DRIVE [ 14 ] [ 1 ] [ 1330 1809 1658 ] [    0    0    0 ] [      0      0      0 ] [ 0 ],drive [ 13 ] [ 0 ] [ 1322 1809 1669 ] [   61   10   19 ] [   8850  23177   1679 ] [ 0 ],1.00,1.00,1.00,1.00,28.75,-1.30,0.00,0.00,0.00,0.00,0.00,-0.00,0.00,0.00,0.00,0.00,0.00,0.00,0.00,0.00,0.00,0
2.63106,29,-2,99,0,DRIVE [ 14 ] [ 1 ] [ 1338 1809 1647 ] [    0    0    0 ] [      0      0      0 ] [ 0 ],drive [ 14 ] [ 0 ] [ 1330 1809 1658 ] [   61   10   19 ] [   8850  23177   1679 ] [ 0 ],1.00,1.00,1.00,1.00,28.63,-2.07,0.00,0.00,0.00,0.00,0.00,-0.00,0.00,0.00,0.00,0.00,0.00,0.00,0.00,0.00,0.00,0
2.6432,28,-3,99,0,DRIVE [ 15 ] [ 1 ] [ 1348 1809 1636 ] [    0    0    0 ] [      0      0      0 ] [ 0 ],drive [ 14 ] [ 0 ] [ 1338 1809 1647 ] [   57   13   21 ] [   8850  23177   1679 ] [ 0 ],1.00,1.00,1.00,1.00,28.45,-2.83,0.00,0.00,0.00,0.00,0.00,-0.00,0.00,0.00,0.00,0.00,0.00,0.00,0.00,0.00,0.00,0
2.65515,28,-4,98,0,DRIVE [ 15 ] [ 1 ] [ 1359 1809 1625 ] [    0    0    0 ] [      0      0      0 ] [ 0 ],drive [ 15 ] [ 0 ] [ 1348 1809 1636 ] [   57   13   21 ] [   8850  23177   1679 ] [ 0 ],1.00,1.00,1.00,1.00,28.22,-3.62,0.00,0.00,0.00,0.00,0.00,-0.00,0.00,0.00,0.00,0.00,0.00,0.00,0.00,0.00,0.00,0
2.66706,28,-4,98,0,DRIVE [ 16 ] [ 1 ] [ 1370 1809 1614 ] [    0    0    0 ] [      0      0      0 ] [ 0 ],drive [ 15 ] [ 0 ] [ 1359 1809 1625 ] [   57   13   21 ] [   8850  23177   1679 ] [ 0 ],1.00,1.00,1.00,1.00,27.92,-4.43,0.00,0.00,0.00,0.00,0.00,0.00,0.00,0.00,0.00,0.00,0.00,0.00,0.00,0.00,0.00,0
2.67917,28,-5,97,0,DRIVE [ 16 ] [ 1 ] [ 1383 1809 1603 ] [    0    0    0 ] [      0      0      0 ] [ 0 ],drive [ 16 ] [ 0 ] [ 1370 1809 1614 ] [   57   13   21 ] [   8848  23164   1682 ] [ 0 ],1.00,1.00,1.00,1.00,27.56,-5.26,0.00,0.00,0.00,0.00,0.00,0.00,0.00,0.00,0.00,0.00,0.00,0.00,0.00,0.00,0.00,0
2.68904,27,-6,97,0,DRIVE [ 17 ] [ 1 ] [ 1396 1809 1591 ] [    0    0    0 ] [      0      0      0 ] [ 0 ],drive [ 16 ] [ 0 ] [ 1383 1809 1603 ] [   53   18   26 ] [   8848  23164   1682 ] [ 0 ],1.00,1.00,1.00,1.00,27.20,-6.11,0.00,0.00,0.00,0.00,0.00,0.00,0.00,0.00,0.00,0.00,0.00,0.00,0.00,0.00,0.00,0
2.69991,27,-7,96,0,DRIVE [ 17 ] [ 1 ] [ 1410 1809 1579 ] [    0    0    0 ] [      0      0      0 ] [ 0 ],drive [ 17 ] [ 0 ] [ 1396 1809 1591 ] [   53   18   26 ] [   8848  23164   1682 ] [ 0 ],1.00,1.00,1.00,1.00,26.85,-7.00,0.00,0.00,0.00,0.00,0.00,0.00,0.00,0.00,0.00,0.00,0.00,0.00,0.00,0.00,0.00,0
2.71261,26,-8,96,0,DRIVE [ 18 ] [ 1 ] [ 1422 1809 1566 ] [    0    0    0 ] [      0      0      0 ] [ 0 ],drive [ 17 ] [ 0 ] [ 1410 1809 1579 ] [   53   18   26 ] [   8848  23164   1682 ] [ 0 ],1.00,1.00,1.00,1.00,26.44,-7.88,0.00,0.00,0.00,0.00,0.00,0.00,0.00,0.00,0.00,0.00,0.00,0.00,0.00,0.00,0.00,0
2.72314,26,-9,95,0,DRIVE [ 18 ] [ 1 ] [ 1436 1809 1552 ] [    0    0    0 ] [      0      0      0 ] [ 0 ],drive [ 18 ] [ 0 ] [ 1422 1809 1566 ] [   53   18   26 ] [   8844  23155   1697 ] [ 0 ],1.00,1.00,1.00,1.00,25.98,-8.81,0.00,0.00,0.00,0.00,0.00,0.00,0.00,0.00,0.00,0.00,0.00,0.00,0.00,0.00,0.00,0
2.73495,25,-10,95,0,DRIVE [ 19 ] [ 1 ] [ 1452 1809 1537 ] [    0    0    0 ] [      0      0      0 ] [ 0 ],drive [ 18 ] [ 0 ] [ 1436 1809 1552 ] [   53   18   26 ] [   8844  23155   1697 ] [ 0 ],1.00,1.00,1.00,1.00,25.43,-9.75,0.00,0.00,0.00,0.00,0.00,0.00,0.00,0.00,0.00,0.00,0.00,0.00,0.00,0.00,0.00,0
2.7472,25,-11,94,0,DRIVE [ 19 ] [ 1 ] [ 1469 1809 1523 ] [    0    0    0 ] [      0      0      0 ] [ 0 ],drive [ 19 ] [ 0 ] [ 1452 1809 1537 ] [   48   25   38 ] [   8844  23155   1697 ] [ 0 ],1.00,1.00,1.00,1.00,24.77,-10.67,0.00,0.00,0.00,0.00,0.00,0.00,0.00,0.00,0.00,0.00,0.00,0.00,0.00,0.00,0.00,0
2.75673,24,-12,94,0,DRIVE [ 20 ] [ 1 ] [ 1487 1809 1509 ] [    0    0    0 ] [      0      0      0 ] [ 0 ],drive [ 19 ] [ 0 ] [ 1469 1809 1523 ] [   48   25   38 ] [   8844  23155   1697 ] [ 0 ],1.00,1.00,1.00,1.00,24.02,-11.60,0.00,0.00,0.00,0.00,0.00,0.00,0.00,0.00,0.00,0.00,0.00,0.00,0.00,0.00,0.00,0
2.76761,23,-13,93,0,DRIVE [ 20 ] [ 1 ] [ 1507 1809 1495 ] [    0    0    0 ] [      0      0      0 ] [ 0 ],drive [ 20 ] [ 0 ] [ 1487 1809 1509 ] [   48   25   38 ] [   8844  23155   1697 ] [ 0 ],1.00,1.00,1.00,1.00,23.17,-12.52,0.00,0.00,0.00,0.00,0.00,0.00,0.00,0.00,0.00,0.00,0.00,0.00,0.00,0.00,0.00,0
2.77878,22,-13,92,0,DRIVE [ 21 ] [ 1 ] [ 1528 1809 1480 ] [    0    0    0 ] [      0      0      0 ] [ 0 ],drive [ 20 ] [ 0 ] [ 1507 1809 1495 ] [   48   25   38 ] [   8842  23092   1714 ] [ 0 ],1.00,1.00,1.00,1.00,22.18,-13.44,0.00,0.00,0.00,0.00,0.00,0.00,0.00,0.00,0.00,0.00,0.00,0.00,0.00,0.00,0.00,0
2.79086,21,-14,92,0,DRIVE [ 21 ] [ 1 ] [ 1550 1809 1465 ] [    0    0    0 ] [      0      0      0 ] [ 0 ],drive [ 21 ] [ 0 ] [ 1528 1809 1480 ] [   42   18   62 ] [   8842  23092   1714 ] [ 0 ],1.00,1.00,1.00,1.00,21.06,-14.33,0.00,0.00,0.00,0.00,0.00,0.00,0.00,0.00,0.00,0.00,0.00,0.00,0.00,0.00,0.00,0
2.80295,20,-15,91,0,DRIVE [ 22 ] [ 1 ] [ 1573 1809 1451 ] [    0    0    0 ] [      0      0      0 ] [ 0 ],drive [ 21 ] [ 0 ] [ 1550 1809 1465 ] [   42   18   62 ] [   8842  23092   1714 ] [ 0 ],1.00,1.00,1.00,1.00,19.86,-15.09,0.00,0.00,0.00,0.00,0.00,0.00,0.00,0.00,0.00,0.00,0.00,0.00,0.00,0.00,0.00,0
2.81502,19,-16,90,0,DRIVE [ 22 ] [ 1 ] [ 1596 1809 1439 ] [    0    0    0 ] [      0      0      0 ] [ 0 ],drive [ 22 ] [ 0 ] [ 1573 1809 1451 ] [   42   18   62 ] [   8842  23092   1714 ] [ 0 ],1.00,1.00,1.00,1.00,18.61,-15.72,0.00,0.00,0.00,0.00,0.00,0.00,0.00,0.00,0.00,0.00,0.00,0.00,0.00,0.00,0.00,0
2.82487,17,-16,89,0,DRIVE [ 23 ] [ 1 ] [ 1621 1809 1428 ] [    0    0    0 ] [      0      0      0 ] [ 0 ],drive [ 22 ] [ 0 ] [ 1596 1809 1439 ] [   42   18   62 ] [   8831  22917   1882 ] [ 0 ],1.00,1.00,1.00,1.00,17.30,-16.29,0.00,0.00,0.00,0.00,0.00,0.00,0.00,0.00,0.00,0.00,0.00,0.00,0.00,0.00,0.00,0
2.83499,16,-17,89,0,DRIVE [ 23 ] [ 1 ] [ 1645 1809 1417 ] [    0    0    0 ] [      0      0      0 ] [ 0 ],drive [ 23 ] [ 0 ] [ 1621 1809 1428 ] [   42   18   62 ] [   8831  22917   1882 ] [ 0 ],1.00,1.00,1.00,1.00,15.90,-16.79,0.00,0.00,0.00,0.00,0.00,0.00,0.00,0.00,0.00,0.00,0.00,0.00,0.00,0.00,0.00,0
2.84688,14,-17,88,0,DRIVE [ 24 ] [ 1 ] [ 1671 1809 1405 ] [    0    0    0 ] [      0      0      0 ] [ 0 ],drive [ 23 ] [ 0 ] [ 1645 1809 1417 ] [   39   30   41 ] [   8831  22917   1882 ] [ 0 ],1.00,1.00,1.00,1.00,14.50,-17.35,0.00,0.00,0.00,0.00,0.00,0.00,0.00,0.00,0.00,0.00,0.00,0.00,0.00,0.00,0.00,0
2.85912,13,-18,88,0,DRIVE [ 24 ] [ 1 ] [ 1696 1809 1388 ] [    0    0    0 ] [      0      0      0 ] [ 0 ],drive [ 24 ] [ 0 ] [ 1671 1809 1405 ] [   39   30   41 ] [   8831  22917   1882 ] [ 0 ],1.00,1.00,1.00,1.00,13.08,-17.96,0.00,0.00,0.00,0.00,0.00,0.00,0.00,0.00,0.00,0.00,0.00,0.00,0.00,0.00,0.00,0
2.87097,12,-19,87,0,DRIVE [ 25 ] [ 1 ] [ 1719 1809 1369 ] [    0    0    0 ] [      0      0      0 ] [ 0 ],drive [ 24 ] [ 0 ] [ 1696 1809 1388 ] [   39   30   41 ] [   8831  22917   1882 ] [ 0 ],1.00,1.00,1.00,1.00,11.71,-18.60,0.00,0.00,0.00,0.00,0.00,0.00,0.00,0.00,0.00,0.00,0.00,0.00,0.00,0.00,0.00,0
2.88035,10,-19,87,0,DRIVE [ 25 ] [ 1 ] [ 1741 1809 1347 ] [    0    0    0 ] [      0      0      0 ] [ 0 ],drive [ 25 ] [ 0 ] [ 1719 1809 1369 ] [   39   30   41 ] [   8734  22846   1933 ] [ 0 ],1.00,1.00,1.00,1.00,10.40,-19.19,0.00,0.00,0.00,0.00,0.00,0.00,0.00,0.00,0.00,0.00,0.00,0.00,0.00,0.00,0.00,0
2.89108,9,-20,86,0,DRIVE [ 26 ] [ 1 ] [ 1760 1809 1324 ] [    0    0    0 ] [      0      0      0 ] [ 0 ],drive [ 25 ] [ 0 ] [ 1741 1809 1347 ] [   46   15   66 ] [   8734  22846   1933 ] [ 0 ],1.00,1.00,1.00,1.00,9.18,-19.73,0.00,0.00,0.00,0.00,0.00,0.00,0.00,0.00,0.00,0.00,0.00,0.00,0.00,0.00,0.00,0
2.90326,8,-20,85,0,DRIVE [ 26 ] [ 1 ] [ 1779 1809 1301 ] [    0    0    0 ] [      0      0      0 ] [ 0 ],drive [ 26 ] [ 0 ] [ 1760 1809 1324 ] [   46   15   66 ] [   8734  22846   1933 ] [ 0 ],1.00,1.00,1.00,1.00,8.00,-20.18,0.00,0.00,0.00,0.00,0.00,0.00,0.00,0.00,0.00,0.00,0.00,0.00,0.00,0.00,0.00,0
2.91493,7,-21,85,0,DRIVE [ 27 ] [ 1 ] [ 1796 1809 1280 ] [    0    0    0 ] [      0      0      0 ] [ 0 ],drive [ 26 ] [ 0 ] [ 1779 1809 1301 ] [   46   15   66 ] [   8734  22846   1933 ] [ 0 ],1.00,1.00,1.00,1.00,6.92,-20.53,0.00,0.00,0.00,0.00,0.00,0.00,0.00,0.00,0.00,0.00,0.00,0.00,0.00,0.00,0.00,0
2.92711,6,-21,84,0,DRIVE [ 27 ] [ 1 ] [ 1810 1809 1261 ] [    0    0    0 ] [      0      0      0 ] [ 0 ],drive [ 27 ] [ 0 ] [ 1796 1809 1280 ] [   46   15   66 ] [   8443  22846   2119 ] [ 0 ],1.00,1.00,1.00,1.00,5.99,-20.79,0.00,0.00,0.00,0.00,0.00,0.00,0.00,0.00,0.00,0.00,0.00,0.00,0.00,0.00,0.00,0
2.93897,5,-21,83,0,DRIVE [ 28 ] [ 1 ] [ 1823 1809 1245 ] [    0    0    0 ] [      0      0      0 ] [ 0 ],drive [ 27 ] [ 0 ] [ 1810 1809 1261 ] [   19   14   78 ] [   8443  22846   2119 ] [ 0 ],1.00,1.00,1.00,1.00,5.17,-20.94,0.00,0.00,0.00,0.00,0.00,0.00,0.00,0.00,0.00,0.00,0.00,0.00,0.00,0.00,0.00,0
2.9482,4,-21,83,0,DRIVE [ 28 ] [ 1 ] [ 1834 1809 1230 ] [    0    0    0 ] [      0      0      0 ] [ 0 ],drive [ 28 ] [ 0 ] [ 1823 1809 1245 ] [   19   14   78 ] [   8443  22846   2119 ] [ 0 ],1.00,1.00,1.00,1.00,4.45,-21.04,0.00,0.00,0.00,0.00,0.00,0.00,0.00,0.00,0.00,0.00,0.00,0.00,0.00,0.00,0.00,0
2.95892,4,-21,82,0,DRIVE [ 29 ] [ 1 ] [ 1843 1809 1220 ] [    0    0    0 ] [      0      0      0 ] [ 0 ],drive [ 28 ] [ 0 ] [ 1834 1809 1230 ] [   19   14   78 ] [   8443  22846   2119 ] [ 0 ],1.00,1.00,1.00,1.00,3.85,-21.05,0.00,0.00,0.00,0.00,0.00,0.00,0.00,0.00,0.00,0.00,0.00,0.00,0.00,0.00,0.00,0
2.97086,3,-21,82,0,DRIVE [ 29 ] [ 1 ] [ 1852 1809 1210 ] [    0    0    0 ] [      0      0      0 ] [ 0 ],drive [ 29 ] [ 0 ] [ 1843 1809 1220 ] [   19   14   78 ] [   8443  22846   2119 ] [ 0 ],1.00,1.00,1.00,1.00,3.26,-21.00,0.00,0.00,0.00,0.00,0.00,0.00,0.00,0.00,0.00,0.00,0.00,0.00,0.00,0.00,0.00,0
2.98269,3,-21,81,0,DRIVE [ 30 ] [ 1 ] [ 1861 1809 1202 ] [    0    0    0 ] [      0      0      0 ] [ 0 ],drive [ 29 ] [ 0 ] [ 1852 1809 1210 ] [   19   14   78 ] [   8027  22844   2308 ] [ 0 ],1.00,1.00,1.00,1.00,2.73,-20.92,0.00,0.00,0.00,0.00,0.00,0.00,0.00,0.00,0.00,0.00,0.00,0.00,0.00,0.00,0.00,0
2.99501,2,-21,80,0,DRIVE [ 30 ] [ 1 ] [ 1868 1809 1198 ] [    0    0    0 ] [      0      0      0 ] [ 0 ],drive [ 30 ] [ 0 ] [ 1861 1809 1202 ] [   25   14   70 ] [   8027  22844   2308 ] [ 0 ],1.00,1.00,1.00,1.00,2.28,-20.71,0.00,0.00,0.00,0.00,0.00,0.00,0.00,0.00,0.00,0.00,0.00,0.00,0.00,0.00,0.00,0
3.00697,2,-20,80,0,DRIVE [ 31 ] [ 1 ] [ 1873 1809 1197 ] [    0    0    0 ] [      0      0      0 ] [ 0 ],drive [ 30 ] [ 0 ] [ 1868 1809 1198 ] [   25   14   70 ] [   8027  22844   2308 ] [ 0 ],1.00,1.00,1.00,1.00,1.93,-20.46,0.00,0.00,0.00,0.00,0.00,0.00,0.00,0.00,0.00,0.00,0.00,0.00,0.00,0.00,0.00,0
3.01744,2,-20,79,0,DRIVE [ 31 ] [ 1 ] [ 1877 1809 1201 ] [    0    0    0 ] [      0      0      0 ] [ 0 ],drive [ 31 ] [ 0 ] [ 1873 1809 1197 ] [   25   14   70 ] [   8027  22844   2308 ] [ 0 ],1.00,1.00,1.00,1.00,1.67,-20.10,0.00,0.00,0.00,0.00,0.00,0.00,0.00,0.00,0.00,0.00,0.00,0.00,0.00,0.00,0.00,0
3.02675,1,-20,78,0,DRIVE [ 32 ] [ 1 ] [ 1880 1809 1212 ] [    0    0    0 ] [      0      0      0 ] [ 0 ],drive [ 31 ] [ 0 ] [ 1877 1809 1201 ] [   25   14   70 ] [   7566  22843   2554 ] [ 0 ],1.00,1.00,1.00,1.00,1.49,-19.56,0.00,0.00,0.00,0.00,0.00,0.00,0.00,0.00,0.00,0.00,0.00,0.00,0.00,0.00,0.00,0
3.03874,1,-19,78,0,DRIVE [ 32 ] [ 1 ] [ 1882 1809 1229 ] [    0    0    0 ] [      0      0      0 ] [ 0 ],drive [ 32 ] [ 0 ] [ 1880 1809 1212 ] [    6   13   84 ] [   7566  22843   2554 ] [ 0 ],1.00,1.00,1.00,1.00,1.37,-18.89,0.00,0.00,0.00,0.00,0.00,0.00,0.00,0.00,0.00,0.00,0.00,0.00,0.00,0.00,0.00,0
3.05075,1,-18,77,0,DRIVE [ 33 ] [ 1 ] [ 1884 1809 1247 ] [    0    0    0 ] [      0      0      0 ] [ 0 ],drive [ 32 ] [ 0 ] [ 1882 1809 1229 ] [    6   13   84 ] [   7566  22843   2554 ] [ 0 ],1.00,1.00,1.00,1.00,1.23,-18.16,0.00,0.00,0.00,0.00,0.00,0.00,0.00,0.00,0.00,0.00,0.00,0.00,0.00,0.00,0.00,0
3.06302,1,-17,77,0,DRIVE [ 33 ] [ 1 ] [ 1887 1809 1267 ] [    0    0    0 ] [      0      0      0 ] [ 0 ],drive [ 33 ] [ 0 ] [ 1884 1809 1247 ] [    6   13   84 ] [   7566  22843   2554 ] [ 0 ],1.00,1.00,1.00,1.00,1.08,-17.42,0.00,0.00,0.00,0.00,0.00,0.00,0.00,0.00,0.00,0.00,0.00,0.00,0.00,0.00,0.00,0
3.07504,1,-17,76,0,DRIVE [ 34 ] [ 1 ] [ 1890 1809 1291 ] [    0    0    0 ] [      0      0      0 ] [ 0 ],drive [ 33 ] [ 0 ] [ 1887 1809 1267 ] [    6   13   84 ] [   7417  22835   2735 ] [ 0 ],1.00,1.00,1.00,1.00,0.87,-16.56,0.00,0.00,0.00,0.00,0.00,0.00,0.00,0.00,0.00,0.00,0.00,0.00,0.00,0.00,0.00,0
3.08484,1,-16,75,0,DRIVE [ 34 ] [ 1 ] [ 1894 1809 1318 ] [    0    0    0 ] [      0      0      0 ] [ 0 ],drive [ 34 ] [ 0 ] [ 1890 1809 1291 ] [    6   13   84 ] [   7417  22835   2735 ] [ 0 ],1.00,1.00,1.00,1.00,0.65,-15.60,0.00,0.00,0.00,0.00,0.00,0.00,0.00,0.00,0.00,0.00,0.00,0.00,0.00,0.00,0.00,0
3.0949,0,-15,75,0,DRIVE [ 35 ] [ 1 ] [ 1898 1809 1344 ] [    0    0    0 ] [      0      0      0 ] [ 0 ],drive [ 34 ] [ 0 ] [ 1894 1809 1318 ] [    9   14   69 ] [   7417  22835   2735 ] [ 0 ],1.00,1.00,1.00,1.00,0.42,-14.66,0.00,0.00,0.00,0.00,0.00,0.00,0.00,0.00,0.00,0.00,0.00,0.00,-0.00,0.00,0.00,0
3.10707,0,-14,74,0,DRIVE [ 35 ] [ 1 ] [ 1902 1809 1372 ] [    0    0    0 ] [      0      0      0 ] [ 0 ],drive [ 35 ] [ 0 ] [ 1898 1809 1344 ] [    9   14   69 ] [   7417  22835   2735 ] [ 0 ],1.00,1.00,1.00,1.00,0.20,-13.68,0.00,0.00,0.00,0.00,0.00,0.00,0.00,0.00,0.00,0.00,0.00,0.00,-0.00,0.00,0.00,0
3.11909,0,-13,73,0,DRIVE [ 36 ] [ 1 ] [ 1905 1809 1403 ] [    0    0    0 ] [      0      0      0 ] [ 0 ],drive [ 35 ] [ 0 ] [ 1902 1809 1372 ] [    9   14   69 ] [   7417  22835   2735 ] [ 0 ],1.00,1.00,1.00,1.00,0.02,-12.67,0.00,0.00,0.00,0.00,0.00,0.00,0.00,0.00,0.00,0.00,0.00,0.00,-0.00,0.00,0.00,0
3.13303,0,-12,73,0,DRIVE [ 36 ] [ 1 ] [ 1905 1821 1444 ] [    0    0    0 ] [      0      0      0 ] [ 0 ],drive [ 36 ] [ 0 ] [ 1905 1809 1403 ] [    9   14   69 ] [   7368  22782   2733 ] [ 0 ],1.00,1.00,1.00,1.00,-0.11,-11.58,0.00,0.00,0.00,0.00,0.00,0.00,0.00,0.00,0.00,0.00,0.00,0.00,0.00,0.00,0.00,0
3.14476,0,-10,72,0,DRIVE [ 37 ] [ 1 ] [ 1905 1820 1489 ] [    0    0    0 ] [      0      0      0 ] [ 0 ],drive [ 36 ] [ 0 ] [ 1905 1821 1444 ] [   29   17   58 ] [   7368  22782   2733 ] [ 0 ],1.00,1.00,1.00,1.00,-0.17,-10.39,0.00,0.00,0.00,0.00,0.00,0.00,0.00,0.00,0.00,0.00,0.00,0.00,0.00,0.00,0.00,0
3.15478,0,-9,71,0,DRIVE [ 37 ] [ 1 ] [ 1905 1820 1539 ] [    0    0    0 ] [      0      0      0 ] [ 0 ],drive [ 37 ] [ 0 ] [ 1905 1820 1489 ] [   29   17   58 ] [   7368  22782   2733 ] [ 0 ],1.00,1.00,1.00,1.00,-0.17,-9.05,0.00,0.00,0.00,0.00,0.00,0.00,0.00,0.00,0.00,0.00,0.00,0.00,0.00,0.00,0.00,0
3.16556,0,-8,71,0,DRIVE [ 38 ] [ 1 ] [ 1905 1821 1594 ] [    0    0    0 ] [      0      0      0 ] [ 0 ],drive [ 37 ] [ 0 ] [ 1905 1820 1539 ] [   29   17   58 ] [   7368  22782   2733 ] [ 0 ],1.00,1.00,1.00,1.00,-0.12,-7.59,0.00,0.00,0.00,0.00,0.00,0.00,0.00,0.00,0.00,0.00,0.00,0.00,0.00,0.00,0.00,0
3.1777,0,-6,70,0,DRIVE [ 38 ] [ 1 ] [ 1905 1821 1656 ] [    0    0    0 ] [      0      0      0 ] [ 0 ],drive [ 38 ] [ 0 ] [ 1905 1821 1594 ] [   29   17   58 ] [   7152  22608   2727 ] [ 0 ],1.00,1.00,1.00,1.00,0.02,-6.00,0.00,0.00,0.00,0.00,0.00,0.00,0.00,0.00,0.00,0.00,0.00,0.00,-0.00,0.00,0.00,0
3.18748,0,-4,70,0,DRIVE [ 39 ] [ 1 ] [ 1900 1821 1729 ] [    0    0    0 ] [      0      0      0 ] [ 0 ],drive [ 38 ] [ 0 ] [ 1905 1821 1656 ] [   14   24   29 ] [   7152  22608   2727 ] [ 0 ],1.00,1.00,1.00,1.00,0.25,-4.31,0.00,0.00,0.00,0.00,0.00,0.00,0.00,0.00,0.00,0.00,0.00,0.00,-0.00,0.00,0.00,0
3.20203,1,-3,69,0,DRIVE [ 39 ] [ 1 ] [ 1895 1821 1805 ] [    0    0    0 ] [      0      0      0 ] [ 0 ],drive [ 39 ] [ 0 ] [ 1900 1821 1729 ] [   14   24   29 ] [   7152  22608   2727 ] [ 0 ],1.00,1.00,1.00,1.00,0.54,-2.55,0.00,0.00,0.00,0.00,0.00,0.00,0.00,0.00,0.00,0.00,0.00,0.00,-0.00,0.00,0.00,0
3.21277,1,-1,69,0,DRIVE [ 40 ] [ 1 ] [ 1884 1821 1875 ] [    0    0    0 ] [      0      0      0 ] [ 0 ],drive [ 39 ] [ 0 ] [ 1895 1821 1805 ] [   14   24   29 ] [   7152  22608   2727 ] [ 0 ],1.00,1.00,1.00,1.00,0.94,-0.75,0.00,0.00,0.00,0.00,0.00,0.00,0.00,0.00,0.00,0.00,0.00,0.00,-0.00,0.00,0.00,0
3.22259,1,1,68,0,DRIVE [ 40 ] [ 1 ] [ 1829 1822 1875 ] [    0    0    0 ] [      0      0      0 ] [ 0 ],drive [ 40 ] [ 0 ] [ 1884 1821 1875 ] [   14   24   29 ] [   7046  22555   2647 ] [ 0 ],1.00,1.00,1.00,1.00,1.44,1.10,0.00,0.00,0.00,0.00,0.00,0.00,0.00,0.00,0.00,0.00,0.00,0.00,0.00,0.00,0.00,0
3.23175,2,3,67,0,DRIVE [ 41 ] [ 1 ] [ 1781 1796 1875 ] [    0    0    0 ] [      0      0      0 ] [ 0 ],drive [ 40 ] [ 0 ] [ 1829 1822 1875 ] [   14   24   29 ] [   7046  22555   2647 ] [ 0 ],1.00,1.00,1.00,1.00,2.00,2.85,0.00,0.00,0.00,0.00,0.00,0.00,0.00,0.00,0.00,0.00,0.00,0.00,0.00,0.00,0.00,0
3.24417,3,4,66,0,DRIVE [ 41 ] [ 1 ] [ 1729 1774 1875 ] [    0    0    0 ] [      0      0      0 ] [ 0 ],drive [ 41 ] [ 0 ] [ 1781 1796 1875 ] [   16   32   16 ] [   7046  22555   2647 ] [ 0 ],1.00,1.00,1.00,1.00,2.61,4.38,0.00,0.00,0.00,0.00,0.00,0.00,0.00,0.00,0.00,0.00,0.00,0.00,0.00,0.00,0.00,0
3.25498,3,6,65,0,DRIVE [ 42 ] [ 1 ] [ 1677 1755 1875 ] [    0    0    0 ] [      0      0      0 ] [ 0 ],drive [ 41 ] [ 0 ] [ 1729 1774 1875 ] [   16   32   16 ] [   7046  22555   2647 ] [ 0 ],1.00,1.00,1.00,1.00,3.27,5.75,0.00,0.00,0.00,0.00,0.00,0.00,0.00,0.00,0.00,0.00,0.00,0.00,0.00,0.00,0.00,0
3.26673,4,7,65,0,DRIVE [ 42 ] [ 1 ] [ 1627 1738 1875 ] [    0    0    0 ] [      0      0      0 ] [ 0 ],drive [ 42 ] [ 0 ] [ 1677 1755 1875 ] [   16   32   16 ] [   7046  22555   2647 ] [ 0 ],1.00,1.00,1.00,1.00,3.93,7.02,0.00,0.00,0.00,0.00,0.00,0.00,0.00,0.00,0.00,0.00,0.00,0.00,0.00,0.00,0.00,0
3.27668,5,8,64,0,DRIVE [ 43 ] [ 1 ] [ 1576 1722 1875 ] [    0    0    0 ] [      0      0      0 ] [ 0 ],drive [ 42 ] [ 0 ] [ 1627 1738 1875 ] [   16   32   16 ] [   7068  22558   2257 ] [ 0 ],1.00,1.00,1.00,1.00,4.58,8.26,0.00,0.00,0.00,0.00,0.00,0.00,0.00,0.00,0.00,0.00,0.00,0.00,0.00,0.00,0.00,0
3.28692,5,10,63,0,DRIVE [ 43 ] [ 1 ] [ 1526 1703 1875 ] [    0    0    0 ] [      0      0      0 ] [ 0 ],drive [ 43 ] [ 0 ] [ 1576 1722 1875 ] [   37   38    5 ] [   7068  22558   2257 ] [ 0 ],1.00,1.00,1.00,1.00,5.20,9.57,0.00,0.00,0.00,0.00,0.00,0.00,0.00,0.00,0.00,0.00,0.00,0.00,0.00,0.00,0.00,0
3.29884,6,11,63,0,DRIVE [ 44 ] [ 1 ] [ 1476 1683 1875 ] [    0    0    0 ] [      0      0      0 ] [ 0 ],drive [ 43 ] [ 0 ] [ 1526 1703 1875 ] [   37   38    5 ] [   7068  22558   2257 ] [ 0 ],1.00,1.00,1.00,1.00,5.75,10.85,0.00,0.00,0.00,0.00,0.00,0.00,0.00,0.00,0.00,0.00,0.00,0.00,0.00,0.00,0.00,0
3.31248,6,12,62,0,DRIVE [ 44 ] [ 1 ] [ 1429 1665 1875 ] [    0    0    0 ] [      0      0      0 ] [ 0 ],drive [ 44 ] [ 0 ] [ 1476 1683 1875 ] [   37   38    5 ] [   7068  22558   2257 ] [ 0 ],1.00,1.00,1.00,1.00,6.27,12.04,0.00,0.00,0.00,0.00,0.00,0.00,0.00,0.00,0.00,0.00,0.00,0.00,0.00,0.00,0.00,0
3.32332,7,13,61,0,DRIVE [ 45 ] [ 1 ] [ 1385 1647 1875 ] [    0    0    0 ] [      0      0      0 ] [ 0 ],drive [ 44 ] [ 0 ] [ 1429 1665 1875 ] [   37   38    5 ] [   7448  22568   2255 ] [ 0 ],1.00,1.00,1.00,1.00,6.73,13.13,0.00,0.00,0.00,0.00,0.00,0.00,0.00,0.00,0.00,0.00,0.00,0.00,0.00,0.00,0.00,0
3.33513,7,14,60,0,DRIVE [ 45 ] [ 1 ] [ 1346 1631 1875 ] [    0    0    0 ] [      0      0      0 ] [ 0 ],drive [ 45 ] [ 0 ] [ 1385 1647 1875 ] [   37   38    5 ] [   7448  22568   2255 ] [ 0 ],1.00,1.00,1.00,1.00,7.13,14.08,0.00,0.00,0.00,0.00,0.00,0.00,0.00,0.00,0.00,0.00,0.00,0.00,0.00,0.00,0.00,0
3.34543,7,15,59,0,DRIVE [ 46 ] [ 1 ] [ 1312 1616 1875 ] [    0    0    0 ] [      0      0      0 ] [ 0 ],drive [ 45 ] [ 0 ] [ 1346 1631 1875 ] [   57   40   10 ] [   7448  22568   2255 ] [ 0 ],1.00,1.00,1.00,1.00,7.45,14.89,0.00,0.00,0.00,0.00,0.00,0.00,0.00,0.00,0.00,0.00,0.00,0.00,0.00,0.00,0.00,0
3.35714,8,16,59,0,DRIVE [ 46 ] [ 1 ] [ 1284 1602 1875 ] [    0    0    0 ] [      0      0      0 ] [ 0 ],drive [ 46 ] [ 0 ] [ 1312 1616 1875 ] [   57   40   10 ] [   7448  22568   2255 ] [ 0 ],1.00,1.00,1.00,1.00,7.64,15.58,0.00,0.00,0.00,0.00,0.00,0.00,0.00,0.00,0.00,0.00,0.00,0.00,0.00,0.00,0.00,0
3.36748,8,16,58,0,DRIVE [ 47 ] [ 1 ] [ 1264 1590 1875 ] [    0    0    0 ] [      0      0      0 ] [ 0 ],drive [ 46 ] [ 0 ] [ 1284 1602 1875 ] [   57   40   10 ] [   7448  22568   2255 ] [ 0 ],1.00,1.00,1.00,1.00,7.74,16.12,0.00,0.00,0.00,0.00,0.00,0.00,0.00,0.00,0.00,0.00,0.00,0.00,0.00,0.00,0.00,0
3.37869,8,16,58,0,DRIVE [ 47 ] [ 1 ] [ 1251 1580 1875 ] [    0    0    0 ] [      0      0      0 ] [ 0 ],drive [ 47 ] [ 0 ] [ 1264 1590 1875 ] [   57   40   10 ] [   8005  22576   2191 ] [ 0 ],1.00,1.00,1.00,1.00,7.73,16.46,0.00,0.00,0.00,0.00,0.00,0.00,0.00,0.00,0.00,0.00,0.00,0.00,0.00,0.00,0.00,0
3.39081,8,17,57,0,DRIVE [ 48 ] [ 1 ] [ 1250 1573 1875 ] [    0    0    0 ] [      0      0      0 ] [ 0 ],drive [ 47 ] [ 0 ] [ 1251 1580 1875 ] [   80   40   12 ] [   8005  22576   2191 ] [ 0 ],1.00,1.00,1.00,1.00,7.60,16.59,0.00,0.00,0.00,0.00,0.00,0.00,0.00,0.00,0.00,0.00,0.00,0.00,0.00,0.00,0.00,0
3.40267,7,16,57,0,DRIVE [ 48 ] [ 1 ] [ 1256 1570 1875 ] [    0    0    0 ] [      0      0      0 ] [ 0 ],drive [ 48 ] [ 0 ] [ 1250 1573 1875 ] [   80   40   12 ] [   8005  22576   2191 ] [ 0 ],1.00,1.00,1.00,1.00,7.40,16.50,0.00,0.00,0.00,0.00,0.00,0.00,0.00,0.00,0.00,0.00,0.00,0.00,0.00,0.00,0.00,0
3.41271,7,16,57,0,DRIVE [ 49 ] [ 1 ] [ 1272 1571 1875 ] [    0    0    0 ] [      0      0      0 ] [ 0 ],drive [ 48 ] [ 0 ] [ 1256 1570 1875 ] [   80   40   12 ] [   8005  22576   2191 ] [ 0 ],1.00,1.00,1.00,1.00,7.10,16.20,0.00,0.00,0.00,0.00,0.00,0.00,0.00,0.00,0.00,0.00,0.00,0.00,0.00,0.00,0.00,0
3.42295,7,16,57,0,DRIVE [ 49 ] [ 1 ] [ 1295 1576 1875 ] [    0    0    0 ] [      0      0      0 ] [ 0 ],drive [ 49 ] [ 0 ] [ 1272 1571 1875 ] [   80   40   12 ] [   8596  22605   1932 ] [ 0 ],1.00,1.00,1.00,1.00,6.74,15.69,0.00,0.00,0.00,0.00,0.00,0.00,0.00,0.00,0.00,0.00,0.00,0.00,0.00,0.00,0.00,0
3.43497,6,15,57,0,DRIVE [ 50 ] [ 1 ] [ 1324 1583 1875 ] [    0    0    0 ] [      0      0      0 ] [ 0 ],drive [ 49 ] [ 0 ] [ 1295 1576 1875 ] [   80   40   12 ] [   8596  22605   1932 ] [ 0 ],1.00,1.00,1.00,1.00,6.32,15.01,0.00,0.00,0.00,0.00,0.00,0.00,0.00,0.00,0.00,0.00,0.00,0.00,0.00,0.00,0.00,0
3.44792,6,14,56,0,DRIVE [ 50 ] [ 1 ] [ 1355 1591 1875 ] [    0    0    0 ] [      0      0      0 ] [ 0 ],drive [ 50 ] [ 0 ] [ 1324 1583 1875 ] [   60   34   28 ] [   8596  22605   1932 ] [ 0 ],1.00,1.00,1.00,1.00,5.87,14.24,0.00,0.00,0.00,0.00,0.00,0.00,0.00,0.00,0.00,0.00,0.00,0.00,0.00,0.00,0.00,0
3.45932,5,13,56,0,DRIVE [ 51 ] [ 1 ] [ 1386 1601 1875 ] [    0    0    0 ] [      0      0      0 ] [ 0 ],drive [ 50 ] [ 0 ] [ 1355 1591 1875 ] [   60   34   28 ] [   8596  22605   1932 ] [ 0 ],1.00,1.00,1.00,1.00,5.44,13.43,0.00,0.00,0.00,0.00,0.00,0.00,0.00,0.00,0.00,0.00,0.00,0.00,0.00,0.00,0.00,0
3.4709,5,13,56,0,DRIVE [ 51 ] [ 1 ] [ 1413 1611 1875 ] [    0    0    0 ] [      0      0      0 ] [ 0 ],drive [ 51 ] [ 0 ] [ 1386 1601 1875 ] [   60   34   28 ] [   8596  22605   1932 ] [ 0 ],1.00,1.00,1.00,1.00,5.09,12.66,0.00,0.00,0.00,0.00,0.00,0.00,0.00,0.00,0.00,0.00,0.00,0.00,0.00,0.00,0.00,0
3.4801,5,12,55,0,DRIVE [ 52 ] [ 1 ] [ 1437 1622 1875 ] [    0    0    0 ] [      0      0      0 ] [ 0 ],drive [ 51 ] [ 0 ] [ 1413 1611 1875 ] [   60   34   28 ] [   8751  22622   1818 ] [ 0 ],1.00,1.00,1.00,1.00,4.82,11.92,0.00,0.00,0.00,0.00,0.00,0.00,0.00,0.00,0.00,0.00,0.00,0.00,0.00,0.00,0.00,0
3.49105,5,11,55,0,DRIVE [ 52 ] [ 1 ] [ 1458 1635 1875 ] [    0    0    0 ] [      0      0      0 ] [ 0 ],drive [ 52 ] [ 0 ] [ 1437 1622 1875 ] [   51   33   14 ] [   8751  22622   1818 ] [ 0 ],1.00,1.00,1.00,1.00,4.62,11.19,0.00,0.00,0.00,0.00,0.00,0.00,0.00,0.00,0.00,0.00,0.00,0.00,0.00,0.00,0.00,0
3.50303,4,10,55,0,DRIVE [ 53 ] [ 1 ] [ 1477 1649 1875 ] [    0    0    0 ] [      0      0      0 ] [ 0 ],drive [ 52 ] [ 0 ] [ 1458 1635 1875 ] [   51   33   14 ] [   8751  22622   1818 ] [ 0 ],1.00,1.00,1.00,1.00,4.48,10.49,0.00,0.00,0.00,0.00,0.00,0.00,0.00,0.00,0.00,0.00,0.00,0.00,0.00,0.00,0.00,0
3.51566,4,10,54,0,DRIVE [ 53 ] [ 1 ] [ 1496 1662 1875 ] [    0    0    0 ] [      0      0      0 ] [ 0 ],drive [ 53 ] [ 0 ] [ 1477 1649 1875 ] [   51   33   14 ] [   8751  22622   1818 ] [ 0 ],1.00,1.00,1.00,1.00,4.35,9.79,0.00,0.00,0.00,0.00,0.00,0.00,0.00,0.00,0.00,0.00,0.00,0.00,0.00,0.00,0.00,0
3.52812,4,9,54,0,DRIVE [ 54 ] [ 1 ] [ 1518 1677 1875 ] [    0    0    0 ] [      0      0      0 ] [ 0 ],drive [ 53 ] [ 0 ] [ 1496 1662 1875 ] [   51   33   14 ] [   8743  22621   1789 ] [ 0 ],1.00,1.00,1.00,1.00,4.19,9.05,0.00,0.00,0.00,0.00,0.00,0.00,0.00,0.00,0.00,0.00,0.00,0.00,0.00,0.00,0.00,0
3.53774,4,8,54,0,DRIVE [ 54 ] [ 1 ] [ 1542 1691 1875 ] [    0    0    0 ] [      0      0      0 ] [ 0 ],drive [ 54 ] [ 0 ] [ 1518 1677 1875 ] [   41   27   19 ] [   8743  22621   1789 ] [ 0 ],1.00,1.00,1.00,1.00,3.98,8.31,0.00,0.00,0.00,0.00,0.00,0.00,0.00,0.00,0.00,0.00,0.00,0.00,-0.00,-0.00,0.00,0
3.54769,4,8,54,0,DRIVE [ 55 ] [ 1 ] [ 1571 1704 1875 ] [    0    0    0 ] [      0      0      0 ] [ 0 ],drive [ 54 ] [ 0 ] [ 1542 1691 1875 ] [   41   27   19 ] [   8743  22621   1789 ] [ 0 ],1.00,1.00,1.00,1.00,3.67,7.53,0.00,0.00,0.00,0.00,0.00,0.00,0.00,0.00,0.00,0.00,0.00,0.00,-0.00,-0.00,0.00,0
3.5602,3,7,53,0,DRIVE [ 55 ] [ 1 ] [ 1604 1715 1875 ] [    0    0    0 ] [      0      0      0 ] [ 0 ],drive [ 55 ] [ 0 ] [ 1571 1704 1875 ] [   41   27   19 ] [   8743  22621   1789 ] [ 0 ],1.00,1.00,1.00,1.00,3.27,6.76,0.00,0.00,0.00,0.00,0.00,0.00,0.00,0.00,0.00,0.00,0.00,0.00,-0.00,-0.00,0.00,0
3.57111,3,6,53,0,DRIVE [ 56 ] [ 1 ] [ 1639 1724 1875 ] [    0    0    0 ] [      0      0      0 ] [ 0 ],drive [ 55 ] [ 0 ] [ 1604 1715 1875 ] [   41   27   19 ] [   8743  22621   1789 ] [ 0 ],1.00,1.00,1.00,1.00,2.81,6.00,0.00,0.00,0.00,0.00,0.00,0.00,0.00,0.00,0.00,0.00,0.00,0.00,-0.00,-0.00,0.00,0
3.583,2,5,53,0,DRIVE [ 56 ] [ 1 ] [ 1677 1731 1875 ] [    0    0    0 ] [      0      0      0 ] [ 0 ],drive [ 56 ] [ 0 ] [ 1639 1724 1875 ] [   41   27   19 ] [   8738  22615   1743 ] [ 0 ],1.00,1.00,1.00,1.00,2.29,5.28,0.00,0.00,0.00,0.00,0.00,0.00,0.00,0.00,0.00,0.00,0.00,0.00,-0.00,-0.00,0.00,0
3.5952,2,5,52,0,DRIVE [ 57 ] [ 1 ] [ 1715 1736 1875 ] [    0    0    0 ] [      0      0      0 ] [ 0 ],drive [ 56 ] [ 0 ] [ 1677 1731 1875 ] [   29   21   27 ] [   8738  22615   1743 ] [ 0 ],1.00,1.00,1.00,1.00,1.73,4.63,0.00,0.00,0.00,0.00,0.00,0.00,0.00,0.00,0.00,0.00,0.00,0.00,-0.00,-0.00,0.00,0
3.60523,1,4,52,0,DRIVE [ 57 ] [ 1 ] [ 1755 1739 1875 ] [    0    0    0 ] [      0      0      0 ] [ 0 ],drive [ 57 ] [ 0 ] [ 1715 1736 1875 ] [   29   21   27 ] [   8738  22615   1743 ] [ 0 ],1.00,1.00,1.00,1.00,1.11,3.99,0.00,0.00,0.00,0.00,0.00,0.00,0.00,0.00,0.00,0.00,0.00,0.00,-0.00,-0.00,0.00,0
3.61456,0,3,51,0,DRIVE [ 58 ] [ 1 ] [ 1794 1739 1875 ] [    0    0    0 ] [      0      0      0 ] [ 0 ],drive [ 57 ] [ 0 ] [ 1755 1739 1875 ] [   29   21   27 ] [   8738  22615   1743 ] [ 0 ],1.00,1.00,1.00,1.00,0.46,3.40,0.00,0.00,0.00,0.00,0.00,0.00,0.00,0.00,0.00,0.00,0.00,0.00,-0.00,-0.00,0.00,0
3.62681,0,3,51,0,DRIVE [ 58 ] [ 1 ] [ 1830 1734 1875 ] [    0    0    0 ] [      0      0      0 ] [ 0 ],drive [ 58 ] [ 0 ] [ 1794 1739 1875 ] [   29   21   27 ] [   8656  22607   1744 ] [ 0 ],1.00,1.00,1.00,1.00,-0.23,2.83,0.00,0.00,0.00,0.00,0.00,0.00,0.00,0.00,0.00,0.00,0.00,0.00,0.00,-0.00,0.00,0
3.63885,-1,2,50,0,DRIVE [ 59 ] [ 1 ] [ 1862 1723 1875 ] [    0    0    0 ] [      0      0      0 ] [ 0 ],drive [ 58 ] [ 0 ] [ 1830 1734 1875 ] [   36   17   26 ] [   8656  22607   1744 ] [ 0 ],1.00,1.00,1.00,1.00,-0.92,2.29,0.00,0.00,0.00,0.00,0.00,0.00,0.00,0.00,0.00,0.00,0.00,0.00,0.00,-0.00,0.00,0
3.65064,-2,2,50,0,DRIVE [ 59 ] [ 1 ] [ 1889 1699 1875 ] [    0    0    0 ] [      0      0      0 ] [ 0 ],drive [ 59 ] [ 0 ] [ 1862 1723 1875 ] [   36   17   26 ] [   8656  22607   1744 ] [ 0 ],1.00,1.00,1.00,1.00,-1.60,1.78,0.00,0.00,0.00,0.00,0.00,0.00,0.00,0.00,0.00,0.00,0.00,0.00,0.00,0.00,0.00,0
3.66279,-2,1,49,0,DRIVE [ 60 ] [ 1 ] [ 1889 1674 1899 ] [    0    0    0 ] [      0      0      0 ] [ 0 ],drive [ 59 ] [ 0 ] [ 1889 1699 1875 ] [   36   17   26 ] [   8656  22607   1744 ] [ 0 ],1.00,1.00,1.00,1.00,-2.27,1.30,0.00,0.00,0.00,0.00,0.00,0.00,0.00,0.00,0.00,0.00,0.00,0.00,0.00,0.00,0.00,0
3.67274,-3,1,49,0,DRIVE [ 60 ] [ 1 ] [ 1889 1670 1878 ] [    0    0    0 ] [      0      0      0 ] [ 0 ],drive [ 60 ] [ 0 ] [ 1889 1674 1899 ] [   36   17   26 ] [   8249  22608   1744 ] [ 0 ],1.00,1.00,1.00,1.00,-2.89,0.85,0.00,0.00,0.00,0.00,0.00,0.00,0.00,0.00,0.00,0.00,0.00,0.00,0.00,0.00,0.00,0
3.68271,-3,0,48,0,DRIVE [ 61 ] [ 1 ] [ 1889 1660 1858 ] [    0    0    0 ] [      0      0      0 ] [ 0 ],drive [ 60 ] [ 0 ] [ 1889 1670 1878 ] [   36   17   26 ] [   8249  22608   1744 ] [ 0 ],1.00,1.00,1.00,1.00,-3.43,0.43,0.00,0.00,0.00,0.00,0.00,0.00,0.00,0.00,0.00,0.00,0.00,0.00,0.00,0.00,0.00,0
3.69478,-4,0,48,0,DRIVE [ 61 ] [ 1 ] [ 1889 1648 1839 ] [    0    0    0 ] [      0      0      0 ] [ 0 ],drive [ 61 ] [ 0 ] [ 1889 1660 1858 ] [   18   24   25 ] [   8249  22608   1744 ] [ 0 ],1.00,1.00,1.00,1.00,-3.95,0.05,0.00,0.00,0.00,0.00,0.00,0.00,0.00,0.00,0.00,0.00,0.00,0.00,0.00,0.00,0.00,0
3.70668,-4,0,47,0,DRIVE [ 62 ] [ 1 ] [ 1889 1635 1819 ] [    0    0    0 ] [      0      0      0 ] [ 0 ],drive [ 61 ] [ 0 ] [ 1889 1648 1839 ] [   18   24   25 ] [   8249  22608   1744 ] [ 0 ],1.00,1.00,1.00,1.00,-4.43,-0.34,0.00,0.00,0.00,0.00,0.00,0.00,0.00,0.00,0.00,0.00,0.00,0.00,0.00,0.00,0.00,0
3.71889,-5,-1,47,0,DRIVE [ 62 ] [ 1 ] [ 1889 1622 1798 ] [    0    0    0 ] [      0      0      0 ] [ 0 ],drive [ 62 ] [ 0 ] [ 1889 1635 1819 ] [   18   24   25 ] [   8249  22608   1744 ] [ 0 ],1.00,1.00,1.00,1.00,-4.88,-0.74,0.00,0.00,0.00,0.00,0.00,0.00,0.00,0.00,0.00,0.00,0.00,0.00,0.00,0.00,0.00,0
3.73069,-5,-1,46,0,DRIVE [ 63 ] [ 1 ] [ 1889 1610 1775 ] [    0    0    0 ] [      0      0      0 ] [ 0 ],drive [ 62 ] [ 0 ] [ 1889 1622 1798 ] [   18   24   25 ] [   7803  22612   1747 ] [ 0 ],1.00,1.00,1.00,1.00,-5.33,-1.17,0.00,0.00,0.00,0.00,0.00,0.00,0.00,0.00,0.00,0.00,0.00,0.00,0.00,0.00,0.00,0
3.74043,-6,-2,46,0,DRIVE [ 63 ] [ 1 ] [ 1889 1595 1748 ] [    0    0    0 ] [      0      0      0 ] [ 0 ],drive [ 63 ] [ 0 ] [ 1889 1610 1775 ] [   15   29   30 ] [   7803  22612   1747 ] [ 0 ],1.00,1.00,1.00,1.00,-5.82,-1.66,0.00,0.00,0.00,0.00,0.00,0.00,0.00,0.00,0.00,0.00,0.00,0.00,0.00,0.00,0.00,0
3.7509,-6,-2,45,0,DRIVE [ 64 ] [ 1 ] [ 1889 1578 1719 ] [    0    0    0 ] [      0      0      0 ] [ 0 ],drive [ 63 ] [ 0 ] [ 1889 1595 1748 ] [   15   29   30 ] [   7803  22612   1747 ] [ 0 ],1.00,1.00,1.00,1.00,-6.37,-2.20,0.00,0.00,0.00,0.00,0.00,0.00,0.00,0.00,0.00,0.00,0.00,0.00,0.00,0.00,0.00,0
3.76263,-7,-3,45,0,DRIVE [ 64 ] [ 1 ] [ 1889 1560 1687 ] [    0    0    0 ] [      0      0      0 ] [ 0 ],drive [ 64 ] [ 0 ] [ 1889 1578 1719 ] [   15   29   30 ] [   7803  22612   1747 ] [ 0 ],1.00,1.00,1.00,1.00,-6.94,-2.76,0.00,0.00,0.00,0.00,0.00,0.00,0.00,0.00,0.00,0.00,0.00,0.00,0.00,0.00,0.00,0
3.77473,-8,-3,45,0,DRIVE [ 65 ] [ 1 ] [ 1889 1538 1652 ] [    0    0    0 ] [      0      0      0 ] [ 0 ],drive [ 64 ] [ 0 ] [ 1889 1560 1687 ] [   15   29   30 ] [   7789  22619   1776 ] [ 0 ],1.00,1.00,1.00,1.00,-7.57,-3.35,0.00,0.00,0.00,0.00,0.00,0.00,0.00,0.00,0.00,0.00,0.00,0.00,0.00,0.00,0.00,0
3.78694,-8,-4,44,0,DRIVE [ 65 ] [ 1 ] [ 1889 1513 1616 ] [    0    0    0 ] [      0      0      0 ] [ 0 ],drive [ 65 ] [ 0 ] [ 1889 1538 1652 ] [   15   29   30 ] [   7789  22619   1776 ] [ 0 ],1.00,1.00,1.00,1.00,-8.25,-3.91,0.00,0.00,0.00,0.00,0.00,0.00,0.00,0.00,0.00,0.00,0.00,0.00,0.00,0.00,0.00,0
3.79604,-9,-4,44,0,DRIVE [ 66 ] [ 1 ] [ 1889 1488 1581 ] [    0    0    0 ] [      0      0      0 ] [ 0 ],drive [ 65 ] [ 0 ] [ 1889 1513 1616 ] [   24   36   25 ] [   7789  22619   1776 ] [ 0 ],1.00,1.00,1.00,1.00,-8.91,-4.44,0.00,0.00,0.00,0.00,0.00,0.00,0.00,0.00,0.00,0.00,0.00,0.00,0.00,0.00,0.00,0
3.80678,-10,-5,43,0,DRIVE [ 66 ] [ 1 ] [ 1889 1465 1547 ] [    0    0    0 ] [      0      0      0 ] [ 0 ],drive [ 66 ] [ 0 ] [ 1889 1488 1581 ] [   24   36   25 ] [   7789  22619   1776 ] [ 0 ],1.00,1.00,1.00,1.00,-9.52,-4.95,0.00,0.00,0.00,0.00,0.00,0.00,0.00,0.00,0.00,0.00,0.00,0.00,0.00,0.00,0.00,0
3.81906,-10,-5,42,0,DRIVE [ 67 ] [ 1 ] [ 1889 1440 1511 ] [    0    0    0 ] [      0      0      0 ] [ 0 ],drive [ 66 ] [ 0 ] [ 1889 1465 1547 ] [   24   36   25 ] [   7789  22619   1776 ] [ 0 ],1.00,1.00,1.00,1.00,-10.12,-5.48,0.00,0.00,0.00,0.00,0.00,0.00,0.00,0.00,0.00,0.00,0.00,0.00,0.00,0.00,0.00,0
3.83115,-11,-6,42,0,DRIVE [ 67 ] [ 1 ] [ 1889 1419 1479 ] [    0    0    0 ] [      0      0      0 ] [ 0 ],drive [ 67 ] [ 0 ] [ 1889 1440 1511 ] [   24   36   25 ] [   7742  22638   1915 ] [ 0 ],1.00,1.00,1.00,1.00,-10.63,-5.93,0.00,0.00,0.00,0.00,0.00,0.00,0.00,0.00,0.00,0.00,0.00,0.00,0.00,0.00,0.00,0
3.84322,-11,-6,41,0,DRIVE [ 68 ] [ 1 ] [ 1889 1400 1452 ] [    0    0    0 ] [      0      0      0 ] [ 0 ],drive [ 67 ] [ 0 ] [ 1889 1419 1479 ] [    9   59   34 ] [   7742  22638   1915 ] [ 0 ],1.00,1.00,1.00,1.00,-11.03,-6.29,0.00,0.00,0.00,0.00,0.00,0.00,0.00,0.00,0.00,0.00,0.00,0.00,0.00,0.00,0.00,0
3.85508,-11,-7,41,0,DRIVE [ 68 ] [ 1 ] [ 1889 1387 1431 ] [    0    0    0 ] [      0      0      0 ] [ 0 ],drive [ 68 ] [ 0 ] [ 1889 1400 1452 ] [    9   59   34 ] [   7742  22638   1915 ] [ 0 ],1.00,1.00,1.00,1.00,-11.28,-6.54,0.00,0.00,0.00,0.00,0.00,0.00,0.00,0.00,0.00,0.00,0.00,0.00,0.00,0.00,0.00,0
3.86484,-11,-7,40,0,DRIVE [ 69 ] [ 1 ] [ 1889 1379 1417 ] [    0    0    0 ] [      0      0      0 ] [ 0 ],drive [ 68 ] [ 0 ] [ 1889 1387 1431 ] [    9   59   34 ] [   7742  22638   1915 ] [ 0 ],1.00,1.00,1.00,1.00,-11.39,-6.70,0.00,0.00,0.00,0.00,0.00,0.00,0.00,0.00,0.00,0.00,0.00,0.00,0.00,0.00,0.00,0
3.87563,-11,-7,40,1,DRIVE [ 69 ] [ 1 ] [ 1889 1374 1409 ] [    0    0    0 ] [      0      0      0 ] [ 0 ],drive [ 69 ] [ 0 ] [ 1889 1379 1417 ] [    9   59   34 ] [   7571  22885   2293 ] [ 0 ],1.00,1.00,1.00,1.00,-11.41,-6.76,0.00,0.00,0.00,0.00,0.00,0.00,0.00,0.00,0.00,0.00,0.00,0.00,0.00,0.00,0.00,0
