timestamp,Xmm,Ymm,Zmm,TouchDetected,OutgoingPacket,IncomingPacket,GainPropAb, GainPropAd, GainPropFl, GainPropEx,PropA, PropB, PropC,GainIntegAb, GainIntegAd, GainIntegFl, GainIntegEx,IntegA, IntegB, IntegC,GainDerivAb, GainDerivAd, GainDerivFl, GainDerivEx,DerivA, DerivB, DerivC,Heading5
0.163149,45,-60,227,0,DRIVE [ 06 ] [ 1 ] [ 1905 1905 1905 ] [    0    0    0 ] [      0      0      0 ] [ 0 ],drive [ 05 ] [ 0 ] [ 1905 1905 1905 ] [   21    6   22 ] [  10229   5869   8781 ] [ 0 ],1.00,1.00,1.00,1.00,44.98,-59.60,0.00,0.00,0.00,0.00,0.00,0.00,0.00,0.00,0.00,0.00,0.00,0.00,0.00,0.00,0.00,0
0.175206,45,-60,227,0,DRIVE [ 06 ] [ 1 ] [ 1905 1905 1905 ] [    0    0    0 ] [      0      0      0 ] [ 1 ],drive [ 06 ] [ 0 ] [ 1905 1905 1905 ] [   21    6   22 ] [  10229   5869   8781 ] [ 0 ],1.00,1.00,1.00,1.00,40.49,-53.64,0.00,0.00,0.00,0.00,0.00,0.00,0.00,0.00,0.00,0.00,0.00,0.00,0.00,0.00,0.00,0
0.18694,39,-49,215,0,DRIVE [ 07 ] [ 1 ] [ 1905 1905 1905 ] [    0    0    0 ] [      0      0      0 ] [ 0 ],drive [ 06 ] [ 0 ] [ 1455 1455 1455 ] [   21    6   22 ] [  10229   5869   8781 ] [ 1 ],1.00,1.00,1.00,1.00,38.87,-49.43,0.00,0.00,0.00,0.00,0.00,0.00,0.00,0.00,0.00,0.00,0.00,0.00,-0.00,0.00,0.00,0
0.199757,39,-49,215,0,DRIVE [ 07 ] [ 1 ] [ 1905 1905 1905 ] [    0    0    0 ] [      0      0      0 ] [ 1 ],drive [ 07 ] [ 0 ] [ 1905 1905 1905 ] [   21    6   22 ] [  10229   5869   8781 ] [ 0 ],1.00,1.00,1.00,1.00,34.98,-44.49,0.00,0.00,0.00,0.00,0.00,0.00,0.00,0.00,0.00,0.00,0.00,0.00,-0.00,0.00,0.00,0
0.212039,37,-47,212,0,DRIVE [ 08 ] [ 1 ] [ 1905 1905 1905 ] [    0    0    0 ] [      0      0      0 ] [ 0 ],drive [ 07 ] [ 0 ] [ 1455 1455 1455 ] [   19   35   39 ] [  10229   5869   8781 ] [ 1 ],1.00,1.00,1.00,1.00,37.10,-46.76,0.00,0.00,0.00,0.00,0.00,0.00,0.00,0.00,0.00,0.00,0.00,0.00,-0.00,0.00,0.00,0
0.224704,36,-45,210,0,DRIVE [ 08 ] [ 1 ] [ 1905 1905 1905 ] [    0    0    0 ] [      0      0      0 ] [ 0 ],drive [ 08 ] [ 0 ] [ 1905 1905 1905 ] [   19   35   39 ] [  10229   5869   8781 ] [ 0 ],1.00,1.00,1.00,1.00,36.04,-44.94,0.00,0.00,0.00,0.00,0.00,0.00,0.00,0.00,0.00,0.00,0.00,0.00,-0.00,0.00,0.00,0
0.23656,35,-44,210,0,DRIVE [ 09 ] [ 1 ] [ 1905 1905 1905 ] [    0    0    0 ] [      0      0      0 ] [ 0 ],drive [ 08 ] [ 0 ] [ 1905 1905 1905 ] [   19   35   39 ] [  10229   5869   8781 ] [ 0 ],1.00,1.00,1.00,1.00,35.46,-43.84,0.00,0.00,0.00,0.00,0.00,0.00,0.00,0.00,0.00,0.00,0.00,0.00,-0.00,0.00,0.00,0
0.248743,35,-43,209,0,DRIVE [ 09 ] [ 1 ] [ 1905 1905 1905 ] [    0    0    0 ] [      0      0      0 ] [ 0 ],drive [ 09 ] [ 0 ] [ 1905 1905 1905 ] [   19   35   39 ] [  10520   6659   9227 ] [ 0 ],1.00,1.00,1.00,1.00,35.34,-42.58,0.00,0.00,0.00,0.00,0.00,0.00,0.00,0.00,0.00,0.00,0.00,0.00,-0.00,0.00,0.00,0
0.261356,36,-42,208,0,DRIVE [ 10 ] [ 1 ] [ 1905 1905 1905 ] [    0    0    0 ] [      0      0      0 ] [ 0 ],drive [ 09 ] [ 0 ] [ 1905 1905 1905 ] [    8   21   25 ] [  10520   6659   9227 ] [ 0 ],1.00,1.00,1.00,1.00,35.68,-41.82,0.00,0.00,0.00,0.00,0.00,0.00,0.00,0.00,0.00,0.00,0.00,0.00,-0.00,0.00,0.00,0
0.273507,36,-41,207,0,DRIVE [ 10 ] [ 1 ] [ 1905 1905 1905 ] [    0    0    0 ] [      0      0      0 ] [ 0 ],drive [ 10 ] [ 0 ] [ 1905 1905 1905 ] [    8   21   25 ] [  10520   6659   9227 ] [ 0 ],1.00,1.00,1.00,1.00,35.96,-41.19,0.00,0.00,0.00,0.00,0.00,0.00,0.00,0.00,0.00,0.00,0.00,0.00,-0.00,0.00,0.00,0
0.285481,37,-42,207,0,DRIVE [ 11 ] [ 1 ] [ 1905 1905 1905 ] [    0    0    0 ] [      0      0      0 ] [ 0 ],drive [ 10 ] [ 0 ] [ 1905 1905 1905 ] [    8   21   25 ] [  10520   6659   9227 ] [ 0 ],1.00,1.00,1.00,1.00,36.82,-41.59,0.00,0.00,0.00,0.00,0.00,0.00,0.00,0.00,0.00,0.00,0.00,0.00,-0.00,0.00,0.00,0
0.297663,38,-42,206,0,DRIVE [ 11 ] [ 1 ] [ 1905 1905 1905 ] [    0    0    0 ] [      0      0      0 ] [ 0 ],drive [ 11 ] [ 0 ] [ 1905 1905 1905 ] [    8   21   25 ] [  10066   6234   8910 ] [ 0 ],1.00,1.00,1.00,1.00,37.50,-42.19,0.00,0.00,0.00,0.00,0.00,0.00,0.00,0.00,0.00,0.00,0.00,0.00,0.00,0.00,0.00,0
0.309782,38,-43,205,0,DRIVE [ 12 ] [ 1 ] [ 1905 1905 1905 ] [    0    0    0 ] [      0      0      0 ] [ 0 ],drive [ 11 ] [ 0 ] [ 1905 1905 1905 ] [   16   23   10 ] [  10066   6234   8910 ] [ 0 ],1.00,1.00,1.00,1.00,38.13,-42.85,0.00,0.00,0.00,0.00,0.00,0.00,0.00,0.00,0.00,0.00,0.00,0.00,0.00,0.00,0.00,0
0.321902,39,-43,205,0,DRIVE [ 12 ] [ 1 ] [ 1905 1905 1905 ] [    0    0    0 ] [      0      0      0 ] [ 0 ],drive [ 12 ] [ 0 ] [ 1905 1905 1905 ] [   16   23   10 ] [  10066   6234   8910 ] [ 0 ],1.00,1.00,1.00,1.00,38.56,-43.29,0.00,0.00,0.00,0.00,0.00,0.00,0.00,0.00,0.00,0.00,0.00,0.00,0.00,0.00,0.00,0
0.333819,39,-44,204,0,DRIVE [ 13 ] [ 1 ] [ 1905 1905 1905 ] [    0    0    0 ] [      0      0      0 ] [ 0 ],drive [ 12 ] [ 0 ] [ 1905 1905 1905 ] [   16   23   10 ] [  10066   6234   8910 ] [ 0 ],1.00,1.00,1.00,1.00,38.74,-43.60,0.00,0.00,0.00,0.00,0.00,0.00,0.00,0.00,0.00,0.00,0.00,0.00,0.00,0.00,0.00,0
0.346031,39,-44,204,0,DRIVE [ 13 ] [ 1 ] [ 1905 1905 1905 ] [    0    0    0 ] [      0      0      0 ] [ 0 ],drive [ 13 ] [ 0 ] [ 1905 1905 1905 ] [   16   23   10 ] [  10061   6178   8927 ] [ 0 ],1.00,1.00,1.00,1.00,38.78,-43.84,0.00,0.00,0.00,0.00,0.00,0.00,0.00,0.00,0.00,0.00,0.00,0.00,0.00,0.00,0.00,0
0.358872,39,-44,204,0,DRIVE [ 14 ] [ 1 ] [ 1905 1905 1905 ] [    0    0    0 ] [      0      0      0 ] [ 0 ],drive [ 13 ] [ 0 ] [ 1905 1905 1905 ] [   13   22    9 ] [  10061   6178   8927 ] [ 0 ],1.00,1.00,1.00,1.00,38.91,-44.09,0.00,0.00,0.00,0.00,0.00,0.00,0.00,0.00,0.00,0.00,0.00,0.00,0.00,0.00,0.00,0
0.371794,39,-44,204,0,DRIVE [ 14 ] [ 1 ] [ 1905 1905 1905 ] [    0    0    0 ] [      0      0      0 ] [ 0 ],drive [ 14 ] [ 0 ] [ 1905 1905 1905 ] [   13   22    9 ] [  10061   6178   8927 ] [ 0 ],1.00,1.00,1.00,1.00,38.92,-44.09,0.00,0.00,0.00,0.00,0.00,0.00,0.00,0.00,0.00,0.00,0.00,0.00,0.00,0.00,0.00,0
0.384898,39,-44,203,0,DRIVE [ 15 ] [ 1 ] [ 1905 1905 1905 ] [    0    0    0 ] [      0      0      0 ] [ 0 ],drive [ 14 ] [ 0 ] [ 1905 1905 1905 ] [   13   22    9 ] [  10061   6178   8927 ] [ 0 ],1.00,1.00,1.00,1.00,38.88,-44.08,0.00,0.00,0.00,0.00,0.00,0.00,0.00,0.00,0.00,0.00,0.00,0.00,0.00,0.00,0.00,0
0.397664,39,-44,203,0,DRIVE [ 15 ] [ 1 ] [ 1905 1905 1905 ] [    0    0    0 ] [      0      0      0 ] [ 0 ],drive [ 15 ] [ 0 ] [ 1905 1905 1905 ] [   13   22    9 ] [  10059   6177   8927 ] [ 0 ],1.00,1.00,1.00,1.00,38.94,-44.10,0.00,0.00,0.00,0.00,0.00,0.00,0.00,0.00,0.00,0.00,0.00,0.00,0.00,0.00,0.00,0
0.409901,39,-44,203,0,DRIVE [ 16 ] [ 1 ] [ 1905 1905 1905 ] [    0    0    0 ] [      0      0      0 ] [ 0 ],drive [ 15 ] [ 0 ] [ 1905 1905 1905 ] [   15   22   10 ] [  10059   6177   8927 ] [ 0 ],1.00,1.00,1.00,1.00,38.95,-44.02,0.00,0.00,0.00,0.00,0.00,0.00,0.00,0.00,0.00,0.00,0.00,0.00,0.00,0.00,0.00,0
0.422313,39,-44,203,0,DRIVE [ 16 ] [ 1 ] [ 1905 1905 1905 ] [    0    0    0 ] [      0      0      0 ] [ 0 ],drive [ 16 ] [ 0 ] [ 1905 1905 1905 ] [   15   22   10 ] [  10059   6177   8927 ] [ 0 ],1.00,1.00,1.00,1.00,38.90,-43.91,0.00,0.00,0.00,0.00,0.00,0.00,0.00,0.00,0.00,0.00,0.00,0.00,0.00,0.00,0.00,0
0.435502,39,-44,203,0,DRIVE [ 17 ] [ 1 ] [ 1905 1905 1905 ] [    0    0    0 ] [      0      0      0 ] [ 0 ],drive [ 16 ] [ 0 ] [ 1905 1905 1905 ] [   15   22   10 ] [  10059   6177   8927 ] [ 0 ],1.00,1.00,1.00,1.00,38.93,-43.60,0.00,0.00,0.00,0.00,0.00,0.00,0.00,0.00,0.00,0.00,0.00,0.00,0.00,0.00,0.00,0
0.449925,39,-43,203,0,DRIVE [ 17 ] [ 1 ] [ 1905 1905 1905 ] [    0    0    0 ] [      0      0      0 ] [ 0 ],drive [ 17 ] [ 0 ] [ 1905 1905 1905 ] [   15   22   10 ] [  10059   6176   8927 ] [ 0 ],1.00,1.00,1.00,1.00,38.85,-43.25,0.00,0.00,0.00,0.00,0.00,0.00,0.00,0.00,0.00,0.00,0.00,0.00,0.00,0.00,0.00,0
0.462662,39,-43,203,0,DRIVE [ 18 ] [ 1 ] [ 1905 1905 1905 ] [    0    0    0 ] [      0      0      0 ] [ 0 ],drive [ 17 ] [ 0 ] [ 1905 1905 1905 ] [   15   23   11 ] [  10059   6176   8927 ] [ 0 ],1.00,1.00,1.00,1.00,38.70,-42.72,0.00,0.00,0.00,0.00,0.00,0.00,0.00,0.00,0.00,0.00,0.00,0.00,-0.00,0.00,0.00,0
0.475144,39,-42,203,0,DRIVE [ 18 ] [ 1 ] [ 1905 1905 1905 ] [    0    0    0 ] [      0      0      0 ] [ 0 ],drive [ 18 ] [ 0 ] [ 1905 1905 1905 ] [   15   23   11 ] [  10059   6176   8927 ] [ 0 ],1.00,1.00,1.00,1.00,38.70,-42.24,0.00,0.00,0.00,0.00,0.00,0.00,0.00,0.00,0.00,0.00,0.00,0.00,-0.00,0.00,0.00,0
0.486957,39,-42,203,0,DRIVE [ 19 ] [ 1 ] [ 1905 1905 1905 ] [    0    0    0 ] [      0      0      0 ] [ 0 ],drive [ 18 ] [ 0 ] [ 1905 1905 1905 ] [   15   23   11 ] [  10059   6176   8927 ] [ 0 ],1.00,1.00,1.00,1.00,38.65,-41.69,0.00,0.00,0.00,0.00,0.00,0.00,0.00,0.00,0.00,0.00,0.00,0.00,-0.00,0.00,0.00,0
0.499518,39,-41,202,0,DRIVE [ 19 ] [ 1 ] [ 1905 1905 1905 ] [    0    0    0 ] [      0      0      0 ] [ 0 ],drive [ 19 ] [ 0 ] [ 1905 1905 1905 ] [   15   23   11 ] [  10056   6174   8926 ] [ 0 ],1.00,1.00,1.00,1.00,38.62,-41.17,0.00,0.00,0.00,0.00,0.00,0.00,0.00,0.00,0.00,0.00,0.00,0.00,-0.00,0.00,0.00,0
0.511656,39,-41,202,0,DRIVE [ 20 ] [ 1 ] [ 1905 1905 1905 ] [    0    0    0 ] [      0      0      0 ] [ 0 ],drive [ 19 ] [ 0 ] [ 1905 1905 1905 ] [   19   23   11 ] [  10056   6174   8926 ] [ 0 ],1.00,1.00,1.00,1.00,38.77,-40.78,0.00,0.00,0.00,0.00,0.00,0.00,0.00,0.00,0.00,0.00,0.00,0.00,-0.00,0.00,0.00,0
0.523809,39,-40,203,0,DRIVE [ 20 ] [ 1 ] [ 1905 1905 1905 ] [    0    0    0 ] [      0      0      0 ] [ 0 ],drive [ 20 ] [ 0 ] [ 1905 1905 1905 ] [   19   23   11 ] [  10056   6174   8926 ] [ 0 ],1.00,1.00,1.00,1.00,39.00,-40.43,0.00,0.00,0.00,0.00,0.00,0.00,0.00,0.00,0.00,0.00,0.00,0.00,-0.00,0.00,0.00,0
0.537825,39,-40,203,0,DRIVE [ 21 ] [ 1 ] [ 1905 1905 1905 ] [    0    0    0 ] [      0      0      0 ] [ 0 ],drive [ 20 ] [ 0 ] [ 1905 1905 1905 ] [   19   23   11 ] [  10056   6174   8926 ] [ 0 ],1.00,1.00,1.00,1.00,39.27,-40.03,0.00,0.00,0.00,0.00,0.00,0.00,0.00,0.00,0.00,0.00,0.00,0.00,-0.00,0.00,0.00,0
0.550195,40,-40,203,0,DRIVE [ 21 ] [ 1 ] [ 1905 1905 1905 ] [    0    0    0 ] [      0      0      0 ] [ 0 ],drive [ 21 ] [ 0 ] [ 1905 1905 1905 ] [   19   23   11 ] [  10054   6173   8926 ] [ 0 ],1.00,1.00,1.00,1.00,39.67,-39.71,0.00,0.00,0.00,0.00,0.00,0.00,0.00,0.00,0.00,0.00,0.00,0.00,-0.00,0.00,0.00,0
0.562572,40,-39,202,0,DRIVE [ 22 ] [ 1 ] [ 1905 1905 1905 ] [    0    0    0 ] [      0      0      0 ] [ 0 ],drive [ 21 ] [ 0 ] [ 1905 1905 1905 ] [   20   24   11 ] [  10054   6173   8926 ] [ 0 ],1.00,1.00,1.00,1.00,40.32,-39.33,0.00,0.00,0.00,0.00,0.00,0.00,0.00,0.00,0.00,0.00,0.00,0.00,-0.00,0.00,0.00,0
0.574845,41,-39,202,0,DRIVE [ 22 ] [ 1 ] [ 1905 1905 1905 ] [    0    0    0 ] [      0      0      0 ] [ 0 ],drive [ 22 ] [ 0 ] [ 1905 1905 1905 ] [   20   24   11 ] [  10054   6173   8926 ] [ 0 ],1.00,1.00,1.00,1.00,41.07,-39.07,0.00,0.00,0.00,0.00,0.00,0.00,0.00,0.00,0.00,0.00,0.00,0.00,-0.00,0.00,0.00,0
0.586795,42,-39,202,0,DRIVE [ 23 ] [ 1 ] [ 1905 1905 1905 ] [    0    0    0 ] [      0      0      0 ] [ 0 ],drive [ 22 ] [ 0 ] [ 1905 1905 1905 ] [   20   24   11 ] [  10054   6173   8926 ] [ 0 ],1.00,1.00,1.00,1.00,41.80,-38.86,0.00,0.00,0.00,0.00,0.00,0.00,0.00,0.00,0.00,0.00,0.00,0.00,0.00,0.00,0.00,0
0.601891,43,-39,202,0,DRIVE [ 23 ] [ 1 ] [ 1905 1905 1905 ] [    0    0    0 ] [      0      0      0 ] [ 0 ],drive [ 23 ] [ 0 ] [ 1905 1905 1905 ] [   20   24   11 ] [  10053   6173   8926 ] [ 0 ],1.00,1.00,1.00,1.00,42.60,-38.75,0.00,0.00,0.00,0.00,0.00,0.00,0.00,0.00,0.00,0.00,0.00,0.00,0.00,0.00,0.00,0
0.615029,43,-39,201,0,DRIVE [ 24 ] [ 1 ] [ 1905 1905 1905 ] [    0    0    0 ] [      0      0      0 ] [ 0 ],drive [ 23 ] [ 0 ] [ 1905 1905 1905 ] [   20   23   10 ] [  10053   6173   8926 ] [ 0 ],1.00,1.00,1.00,1.00,43.46,-38.76,0.00,0.00,0.00,0.00,0.00,0.00,0.00,0.00,0.00,0.00,0.00,0.00,0.00,0.00,0.00,0
0.627275,44,-39,201,0,DRIVE [ 24 ] [ 1 ] [ 1905 1905 1905 ] [    0    0    0 ] [      0      0      0 ] [ 0 ],drive [ 24 ] [ 0 ] [ 1905 1905 1905 ] [   20   23   10 ] [  10053   6173   8926 ] [ 0 ],1.00,1.00,1.00,1.00,44.43,-38.77,0.00,0.00,0.00,0.00,0.00,0.00,0.00,0.00,0.00,0.00,0.00,0.00,0.00,0.00,0.00,0
0.639367,45,-39,201,0,DRIVE [ 25 ] [ 1 ] [ 1905 1905 1905 ] [    0    0    0 ] [      0      0      0 ] [ 0 ],drive [ 24 ] [ 0 ] [ 1905 1905 1905 ] [   20   23   10 ] [  10053   6173   8926 ] [ 0 ],1.00,1.00,1.00,1.00,45.39,-38.85,0.00,0.00,0.00,0.00,0.00,0.00,0.00,0.00,0.00,0.00,0.00,0.00,0.00,0.00,0.00,0
0.651218,46,-39,201,0,DRIVE [ 25 ] [ 1 ] [ 1905 1905 1905 ] [    0    0    0 ] [      0      0      0 ] [ 0 ],drive [ 25 ] [ 0 ] [ 1905 1905 1905 ] [   20   23   10 ] [  10051   6168   8926 ] [ 0 ],1.00,1.00,1.00,1.00,46.45,-38.97,0.00,0.00,0.00,0.00,0.00,0.00,0.00,0.00,0.00,0.00,0.00,0.00,0.00,0.00,0.00,0
0.663423,48,-39,201,0,DRIVE [ 26 ] [ 1 ] [ 1905 1905 1905 ] [    0    0    0 ] [      0      0      0 ] [ 0 ],drive [ 25 ] [ 0 ] [ 1905 1905 1905 ] [   20   25   11 ] [  10051   6168   8926 ] [ 0 ],1.00,1.00,1.00,1.00,47.65,-38.93,0.00,0.00,0.00,0.00,0.00,0.00,0.00,0.00,0.00,0.00,0.00,0.00,0.00,0.00,0.00,0
0.675763,49,-39,201,0,DRIVE [ 26 ] [ 1 ] [ 1905 1905 1905 ] [    0    0    0 ] [      0      0      0 ] [ 0 ],drive [ 26 ] [ 0 ] [ 1905 1905 1905 ] [   20   25   11 ] [  10051   6168   8926 ] [ 0 ],1.00,1.00,1.00,1.00,48.87,-39.01,0.00,0.00,0.00,0.00,0.00,0.00,0.00,0.00,0.00,0.00,0.00,0.00,0.00,0.00,0.00,0
0.687475,50,-39,201,0,DRIVE [ 27 ] [ 1 ] [ 1905 1905 1905 ] [    0    0    0 ] [      0      0      0 ] [ 0 ],drive [ 26 ] [ 0 ] [ 1905 1905 1905 ] [   20   25   11 ] [  10051   6168   8926 ] [ 0 ],1.00,1.00,1.00,1.00,49.90,-38.92,0.00,0.00,0.00,0.00,0.00,0.00,0.00,0.00,0.00,0.00,0.00,0.00,0.00,0.00,0.00,0
0.700028,51,-39,201,0,DRIVE [ 27 ] [ 1 ] [ 1905 1905 1905 ] [    0    0    0 ] [      0      0      0 ] [ 0 ],drive [ 27 ] [ 0 ] [ 1905 1905 1905 ] [   20   25   11 ] [  10037   6138   8926 ] [ 0 ],1.00,1.00,1.00,1.00,50.85,-38.84,0.00,0.00,0.00,0.00,0.00,0.00,0.00,0.00,0.00,0.00,0.00,0.00,0.00,0.00,0.00,0
0.71242,52,-39,201,0,DRIVE [ 28 ] [ 1 ] [ 1905 1905 1905 ] [    0    0    0 ] [      0      0      0 ] [ 0 ],drive [ 27 ] [ 0 ] [ 1905 1905 1905 ] [   11    1   11 ] [  10037   6138   8926 ] [ 0 ],1.00,1.00,1.00,1.00,51.75,-38.71,0.00,0.00,0.00,0.00,0.00,0.00,0.00,0.00,0.00,0.00,0.00,0.00,0.00,0.00,0.00,0
0.725883,53,-39,201,0,DRIVE [ 28 ] [ 1 ] [ 1905 1905 1905 ] [    0    0    0 ] [      0      0      0 ] [ 0 ],drive [ 28 ] [ 0 ] [ 1905 1905 1905 ] [   11    1   11 ] [  10037   6138   8926 ] [ 0 ],1.00,1.00,1.00,1.00,52.60,-38.52,0.00,0.00,0.00,0.00,0.00,0.00,0.00,0.00,0.00,0.00,0.00,0.00,0.00,0.00,0.00,0
0.737353,53,-38,201,0,DRIVE [ 29 ] [ 1 ] [ 1905 1905 1905 ] [    0    0    0 ] [      0      0      0 ] [ 0 ],drive [ 28 ] [ 0 ] [ 1905 1905 1905 ] [   11    1   11 ] [  10037   6138   8926 ] [ 0 ],1.00,1.00,1.00,1.00,53.43,-38.25,0.00,0.00,0.00,0.00,0.00,0.00,0.00,0.00,0.00,0.00,0.00,0.00,0.00,0.00,0.00,0
0.749682,54,-38,200,0,DRIVE [ 29 ] [ 1 ] [ 1905 1905 1905 ] [    0    0    0 ] [      0      0      0 ] [ 0 ],drive [ 29 ] [ 0 ] [ 1905 1905 1905 ] [   11    1   11 ] [   9909   6034   8927 ] [ 0 ],1.00,1.00,1.00,1.00,54.36,-37.66,0.00,0.00,0.00,0.00,0.00,0.00,0.00,0.00,0.00,0.00,0.00,0.00,0.00,0.00,0.00,0
0.761957,55,-37,200,0,DRIVE [ 30 ] [ 1 ] [ 1905 1905 1905 ] [    0    0    0 ] [      0      0      0 ] [ 0 ],drive [ 29 ] [ 0 ] [ 1905 1905 1905 ] [   -1   20    9 ] [   9909   6034   8927 ] [ 0 ],1.00,1.00,1.00,1.00,55.25,-37.00,0.00,0.00,0.00,0.00,0.00,0.00,0.00,0.00,0.00,0.00,0.00,0.00,0.00,0.00,0.00,0
0.773959,56,-36,200,0,DRIVE [ 30 ] [ 1 ] [ 1905 1905 1905 ] [    0    0    0 ] [      0      0      0 ] [ 0 ],drive [ 30 ] [ 0 ] [ 1905 1905 1905 ] [   -1   20    9 ] [   9909   6034   8927 ] [ 0 ],1.00,1.00,1.00,1.00,56.33,-36.37,0.00,0.00,0.00,0.00,0.00,0.00,0.00,0.00,0.00,0.00,0.00,0.00,0.00,0.00,0.00,0
0.785898,57,-36,200,0,DRIVE [ 31 ] [ 1 ] [ 1905 1905 1905 ] [    0    0    0 ] [      0      0      0 ] [ 0 ],drive [ 30 ] [ 0 ] [ 1905 1905 1905 ] [   -1   20    9 ] [   9909   6034   8927 ] [ 0 ],1.00,1.00,1.00,1.00,57.40,-35.75,0.00,0.00,0.00,0.00,0.00,0.00,0.00,0.00,0.00,0.00,0.00,0.00,0.00,0.00,0.00,0
0.798204,59,-35,199,0,DRIVE [ 31 ] [ 1 ] [ 1905 1905 1905 ] [    0    0    0 ] [      0      0      0 ] [ 0 ],drive [ 31 ] [ 0 ] [ 1905 1905 1905 ] [   -1   20    9 ] [   9849   6025   8928 ] [ 0 ],1.00,1.00,1.00,1.00,58.56,-35.09,0.00,0.00,0.00,0.00,0.00,0.00,0.00,0.00,0.00,0.00,0.00,0.00,0.00,0.00,0.00,0
0.81053,60,-34,199,0,DRIVE [ 32 ] [ 1 ] [ 1905 1905 1905 ] [    0    0    0 ] [      0      0      0 ] [ 0 ],drive [ 31 ] [ 0 ] [ 1905 1905 1905 ] [    3   18   10 ] [   9849   6025   8928 ] [ 0 ],1.00,1.00,1.00,1.00,59.88,-34.45,0.00,0.00,0.00,0.00,0.00,0.00,0.00,0.00,0.00,0.00,0.00,0.00,0.00,0.00,0.00,0
0.822752,61,-34,199,0,DRIVE [ 32 ] [ 1 ] [ 1905 1905 1905 ] [    0    0    0 ] [      0      0      0 ] [ 0 ],drive [ 32 ] [ 0 ] [ 1905 1905 1905 ] [    3   18   10 ] [   9849   6025   8928 ] [ 0 ],1.00,1.00,1.00,1.00,61.30,-33.75,0.00,0.00,0.00,0.00,0.00,0.00,0.00,0.00,0.00,0.00,0.00,0.00,0.00,0.00,0.00,0
0.834686,63,-33,199,0,DRIVE [ 33 ] [ 1 ] [ 1905 1905 1905 ] [    0    0    0 ] [      0      0      0 ] [ 0 ],drive [ 32 ] [ 0 ] [ 1905 1905 1905 ] [    3   18   10 ] [   9849   6025   8928 ] [ 0 ],1.00,1.00,1.00,1.00,62.65,-32.88,0.00,0.00,0.00,0.00,0.00,0.00,0.00,0.00,0.00,0.00,0.00,0.00,0.00,0.00,0.00,0
0.847002,64,-32,199,0,DRIVE [ 33 ] [ 1 ] [ 1905 1905 1905 ] [    0    0    0 ] [      0      0      0 ] [ 0 ],drive [ 33 ] [ 0 ] [ 1905 1905 1905 ] [    3   18   10 ] [   9788   6024   8936 ] [ 0 ],1.00,1.00,1.00,1.00,64.18,-31.93,0.00,0.00,0.00,0.00,0.00,0.00,0.00,0.00,0.00,0.00,0.00,0.00,0.00,0.00,0.00,0
0.859465,66,-31,198,0,DRIVE [ 34 ] [ 1 ] [ 1905 1905 1905 ] [    0    0    0 ] [      0      0      0 ] [ 0 ],drive [ 33 ] [ 0 ] [ 1905 1905 1905 ] [   11   17    0 ] [   9788   6024   8936 ] [ 0 ],1.00,1.00,1.00,1.00,65.81,-30.98,0.00,0.00,0.00,0.00,0.00,0.00,0.00,0.00,0.00,0.00,0.00,0.00,0.00,0.00,0.00,0
0.872852,68,-30,198,0,DRIVE [ 34 ] [ 1 ] [ 1905 1905 1905 ] [    0    0    0 ] [      0      0      0 ] [ 0 ],drive [ 34 ] [ 0 ] [ 1905 1905 1905 ] [   11   17    0 ] [   9788   6024   8936 ] [ 0 ],1.00,1.00,1.00,1.00,67.56,-30.01,0.00,0.00,0.00,0.00,0.00,0.00,0.00,0.00,0.00,0.00,0.00,0.00,0.00,0.00,0.00,0
0.884523,69,-29,197,0,DRIVE [ 35 ] [ 1 ] [ 1905 1905 1905 ] [    0    0    0 ] [      0      0      0 ] [ 0 ],drive [ 34 ] [ 0 ] [ 1905 1905 1905 ] [   11   17    0 ] [   9788   6024   8936 ] [ 0 ],1.00,1.00,1.00,1.00,69.39,-29.00,0.00,0.00,0.00,0.00,0.00,0.00,0.00,0.00,0.00,0.00,0.00,0.00,0.00,0.00,0.00,0
0.896487,71,-28,196,0,DRIVE [ 35 ] [ 1 ] [ 1905 1905 1905 ] [    0    0    0 ] [      0      0      0 ] [ 0 ],drive [ 35 ] [ 0 ] [ 1905 1905 1905 ] [   11   17    0 ] [   9507   6024   9012 ] [ 0 ],1.00,1.00,1.00,1.00,71.45,-28.07,0.00,0.00,0.00,0.00,0.00,0.00,0.00,0.00,0.00,0.00,0.00,0.00,0.00,0.00,0.00,0
0.90839,74,-27,196,0,DRIVE [ 36 ] [ 1 ] [ 1905 1905 1905 ] [    0    0    0 ] [      0      0      0 ] [ 0 ],drive [ 35 ] [ 0 ] [ 1905 1905 1905 ] [    3   18   15 ] [   9507   6024   9012 ] [ 0 ],1.00,1.00,1.00,1.00,73.61,-27.25,0.00,0.00,0.00,0.00,0.00,0.00,0.00,0.00,0.00,0.00,0.00,0.00,0.00,0.00,0.00,0
0.919957,76,-26,195,0,DRIVE [ 36 ] [ 1 ] [ 1905 1905 1905 ] [    0    0    0 ] [      0      0      0 ] [ 0 ],drive [ 36 ] [ 0 ] [ 1905 1905 1905 ] [    3   18   15 ] [   9507   6024   9012 ] [ 0 ],1.00,1.00,1.00,1.00,76.36,-26.04,0.00,0.00,0.00,0.00,0.00,0.00,0.00,0.00,0.00,0.00,0.00,0.00,0.00,0.00,0.00,0
0.932075,79,-25,195,0,DRIVE [ 37 ] [ 1 ] [ 1905 1905 1905 ] [    0    0    0 ] [      0      0      0 ] [ 0 ],drive [ 36 ] [ 0 ] [ 1905 1905 1905 ] [    3   18   15 ] [   9507   6024   9012 ] [ 0 ],1.00,1.00,1.00,1.00,78.73,-24.92,0.00,0.00,0.00,0.00,0.00,0.00,0.00,0.00,0.00,0.00,0.00,0.00,0.00,0.00,0.00,0
0.944136,81,-24,194,0,DRIVE [ 37 ] [ 1 ] [ 1905 1905 1905 ] [    0    0    0 ] [      0      0      0 ] [ 0 ],drive [ 37 ] [ 0 ] [ 1905 1905 1905 ] [    3   18   15 ] [   9212   6026   9121 ] [ 0 ],1.00,1.00,1.00,1.00,80.95,-23.82,0.00,0.00,0.00,0.00,0.00,0.00,0.00,0.00,0.00,0.00,0.00,0.00,0.00,0.00,0.00,0
0.95632,83,-23,194,0,DRIVE [ 38 ] [ 1 ] [ 1905 1905 1905 ] [    0    0    0 ] [      0      0      0 ] [ 0 ],drive [ 37 ] [ 0 ] [ 1905 1905 1905 ] [    3   18   15 ] [   9212   6026   9121 ] [ 0 ],1.00,1.00,1.00,1.00,82.71,-22.60,0.00,0.00,0.00,0.00,0.00,0.00,0.00,0.00,0.00,0.00,0.00,0.00,0.00,0.00,0.00,0
0.968148,84,-21,194,0,DRIVE [ 38 ] [ 1 ] [ 1905 1905 1905 ] [    0    0    0 ] [      0      0      0 ] [ 0 ],drive [ 38 ] [ 0 ] [ 1905 1905 1905 ] [    2   18   25 ] [   9212   6026   9121 ] [ 0 ],1.00,1.00,1.00,1.00,84.29,-21.48,0.00,0.00,0.00,0.00,0.00,0.00,0.00,0.00,0.00,0.00,0.00,0.00,0.00,0.00,0.00,0
0.980313,85,-20,194,0,DRIVE [ 39 ] [ 1 ] [ 1905 1905 1905 ] [    0    0    0 ] [      0      0      0 ] [ 0 ],drive [ 38 ] [ 0 ] [ 1905 1905 1905 ] [    2   18   25 ] [   9212   6026   9121 ] [ 0 ],1.00,1.00,1.00,1.00,85.16,-20.45,0.00,0.00,0.00,0.00,0.00,0.00,0.00,0.00,0.00,0.00,0.00,0.00,0.00,0.00,0.00,0
0.992452,86,-19,195,0,DRIVE [ 39 ] [ 1 ] [ 1905 1905 1905 ] [    0    0    0 ] [      0      0      0 ] [ 0 ],drive [ 39 ] [ 0 ] [ 1905 1905 1905 ] [    2   18   25 ] [   9212   6026   9121 ] [ 0 ],1.00,1.00,1.00,1.00,85.79,-19.46,0.00,0.00,0.00,0.00,0.00,0.00,0.00,0.00,0.00,0.00,0.00,0.00,0.00,0.00,0.00,0
1.00418,86,-18,196,0,DRIVE [ 40 ] [ 1 ] [ 1905 1905 1905 ] [    0    0    0 ] [      0      0      0 ] [ 0 ],drive [ 39 ] [ 0 ] [ 1905 1905 1905 ] [    2   18   25 ] [   9174   6028   9136 ] [ 0 ],1.00,1.00,1.00,1.00,85.71,-18.41,0.00,0.00,0.00,0.00,0.00,0.00,0.00,0.00,0.00,0.00,0.00,0.00,0.00,0.00,0.00,0
1.0165,85,-17,197,0,DRIVE [ 40 ] [ 1 ] [ 1905 1905 1905 ] [    0    0    0 ] [      0      0      0 ] [ 0 ],drive [ 40 ] [ 0 ] [ 1905 1905 1905 ] [    2   19   24 ] [   9174   6028   9136 ] [ 0 ],1.00,1.00,1.00,1.00,84.97,-17.35,0.00,0.00,0.00,0.00,0.00,0.00,0.00,0.00,0.00,0.00,0.00,0.00,0.00,0.00,0.00,0
1.02886,84,-16,199,0,DRIVE [ 41 ] [ 1 ] [ 1905 1905 1905 ] [    0    0    0 ] [      0      0      0 ] [ 0 ],drive [ 40 ] [ 0 ] [ 1905 1905 1905 ] [    2   19   24 ] [   9174   6028   9136 ] [ 0 ],1.00,1.00,1.00,1.00,83.78,-16.17,0.00,0.00,0.00,0.00,0.00,0.00,0.00,0.00,0.00,0.00,0.00,0.00,0.00,0.00,0.00,0
1.04082,82,-15,200,0,DRIVE [ 41 ] [ 1 ] [ 1905 1905 1905 ] [    0    0    0 ] [      0      0      0 ] [ 0 ],drive [ 41 ] [ 0 ] [ 1905 1905 1905 ] [    2   19   24 ] [   9174   6028   9136 ] [ 0 ],1.00,1.00,1.00,1.00,81.91,-14.94,0.00,0.00,0.00,0.00,0.00,0.00,0.00,0.00,0.00,0.00,0.00,0.00,0.00,0.00,0.00,0
1.05238,80,-14,202,0,DRIVE [ 42 ] [ 1 ] [ 1905 1905 1905 ] [    0    0    0 ] [      0      0      0 ] [ 0 ],drive [ 41 ] [ 0 ] [ 1905 1905 1905 ] [    2   19   24 ] [   9174   6035   9136 ] [ 0 ],1.00,1.00,1.00,1.00,79.65,-13.79,0.00,0.00,0.00,0.00,0.00,0.00,0.00,0.00,0.00,0.00,0.00,0.00,0.00,0.00,0.00,0
1.0644,76,-12,205,0,DRIVE [ 42 ] [ 1 ] [ 1905 1905 1905 ] [    0    0    0 ] [      0      0      0 ] [ 0 ],drive [ 42 ] [ 0 ] [ 1905 1905 1905 ] [    3   21   25 ] [   9174   6035   9136 ] [ 0 ],1.00,1.00,1.00,1.00,75.88,-12.48,0.00,0.00,0.00,0.00,0.00,0.00,0.00,0.00,0.00,0.00,0.00,0.00,0.00,0.00,0.00,0
1.07671,72,-11,208,0,DRIVE [ 43 ] [ 1 ] [ 1905 1905 1905 ] [    0    0    0 ] [      0      0      0 ] [ 0 ],drive [ 42 ] [ 0 ] [ 1905 1905 1905 ] [    3   21   25 ] [   9174   6035   9136 ] [ 0 ],1.00,1.00,1.00,1.00,71.66,-11.31,0.00,0.00,0.00,0.00,0.00,0.00,0.00,0.00,0.00,0.00,0.00,0.00,-0.00,0.00,0.00,0
1.0889,67,-10,211,0,DRIVE [ 43 ] [ 1 ] [ 1905 1905 1905 ] [    0    0    0 ] [      0      0      0 ] [ 0 ],drive [ 43 ] [ 0 ] [ 1905 1905 1905 ] [    3   21   25 ] [   9174   6035   9136 ] [ 0 ],1.00,1.00,1.00,1.00,66.92,-10.24,0.00,0.00,0.00,0.00,0.00,0.00,0.00,0.00,0.00,0.00,0.00,0.00,-0.00,0.00,0.00,0
1.10032,62,-9,214,0,DRIVE [ 44 ] [ 1 ] [ 1905 1905 1905 ] [    0    0    0 ] [      0      0      0 ] [ 0 ],drive [ 43 ] [ 0 ] [ 1905 1905 1905 ] [    3   21   25 ] [   9175   6092   9134 ] [ 0 ],1.00,1.00,1.00,1.00,62.03,-9.36,0.00,0.00,0.00,0.00,0.00,0.00,0.00,0.00,0.00,0.00,0.00,0.00,-0.00,0.00,0.00,0
1.11254,57,-9,218,0,DRIVE [ 44 ] [ 1 ] [ 1905 1905 1905 ] [    0    0    0 ] [      0      0      0 ] [ 0 ],drive [ 44 ] [ 0 ] [ 1905 1905 1905 ] [    1    1   26 ] [   9175   6092   9134 ] [ 0 ],1.00,1.00,1.00,1.00,56.84,-8.53,0.00,0.00,0.00,0.00,0.00,0.00,0.00,0.00,0.00,0.00,0.00,0.00,-0.00,0.00,0.00,0
1.1252,51,-8,221,0,DRIVE [ 45 ] [ 1 ] [ 1905 1905 1905 ] [    0    0    0 ] [      0      0      0 ] [ 0 ],drive [ 44 ] [ 0 ] [ 1905 1905 1905 ] [    1    1   26 ] [   9175   6092   9134 ] [ 0 ],1.00,1.00,1.00,1.00,50.96,-7.79,0.00,0.00,0.00,0.00,0.00,0.00,-0.00,0.00,0.00,0.00,0.00,0.00,-0.00,0.00,0.00,0
1.13644,45,-7,224,0,DRIVE [ 45 ] [ 1 ] [ 1905 1905 1905 ] [    0    0    0 ] [      0      0      0 ] [ 0 ],drive [ 45 ] [ 0 ] [ 1905 1905 1905 ] [    1    1   26 ] [   9175   6092   9134 ] [ 0 ],1.00,1.00,1.00,1.00,44.71,-7.14,0.00,0.00,0.00,0.00,0.00,0.00,-0.00,0.00,0.00,0.00,0.00,0.00,-0.00,0.00,0.00,0
1.14835,38,-6,226,0,DRIVE [ 46 ] [ 1 ] [ 1905 1905 1905 ] [    0    0    0 ] [      0      0      0 ] [ 0 ],drive [ 45 ] [ 0 ] [ 1905 1905 1905 ] [    1    1   26 ] [   9179   6098   9133 ] [ 0 ],1.00,1.00,1.00,1.00,37.99,-6.45,0.00,0.00,0.00,0.00,0.00,0.00,-0.00,0.00,0.00,0.00,0.00,0.00,-0.00,0.00,0.00,0
1.16025,31,-6,229,0,DRIVE [ 46 ] [ 1 ] [ 1905 1905 1905 ] [    0    0    0 ] [      0      0      0 ] [ 0 ],drive [ 46 ] [ 0 ] [ 1905 1905 1905 ] [    1    1   26 ] [   9179   6098   9133 ] [ 0 ],1.00,1.00,1.00,1.00,31.11,-5.92,0.00,0.00,0.00,0.00,0.00,0.00,-0.00,0.00,0.00,0.00,0.00,0.00,-0.00,0.00,0.00,0
1.17212,24,-5,232,0,DRIVE [ 47 ] [ 1 ] [ 1905 1905 1905 ] [    0    0    0 ] [      0      0      0 ] [ 0 ],drive [ 46 ] [ 0 ] [ 1905 1905 1905 ] [    1    1   26 ] [   9179   6098   9133 ] [ 0 ],1.00,1.00,1.00,1.00,24.03,-5.47,0.00,0.00,0.00,0.00,0.00,0.00,-0.00,0.00,0.00,0.00,0.00,0.00,-0.00,0.00,0.00,0
1.18341,17,-5,236,0,DRIVE [ 47 ] [ 1 ] [ 1905 1905 1905 ] [    0    0    0 ] [      0      0      0 ] [ 0 ],drive [ 47 ] [ 0 ] [ 1905 1905 1905 ] [    1    1   26 ] [   9179   6098   9133 ] [ 0 ],1.00,1.00,1.00,1.00,16.75,-5.20,0.00,0.00,0.00,0.00,0.00,0.00,-0.00,0.00,0.00,0.00,0.00,0.00,-0.00,0.00,0.00,0
1.19516,9,-5,239,0,DRIVE [ 48 ] [ 1 ] [ 1905 1905 1905 ] [    0    0    0 ] [      0      0      0 ] [ 0 ],drive [ 47 ] [ 0 ] [ 1905 1905 1905 ] [    1    1   26 ] [   9179   6098   9133 ] [ 0 ],1.00,1.00,1.00,1.00,9.45,-5.16,0.00,0.00,0.00,0.00,0.00,0.00,-0.00,0.00,0.00,0.00,0.00,0.00,-0.00,0.00,0.00,0
1.20676,2,-5,242,0,DRIVE [ 48 ] [ 1 ] [ 1905 1905 1905 ] [    0    0    0 ] [      0      0      0 ] [ 0 ],drive [ 48 ] [ 0 ] [ 1905 1905 1905 ] [    1    1   26 ] [   9179   6098   9133 ] [ 0 ],1.00,1.00,1.00,1.00,2.24,-5.31,0.00,0.00,0.00,0.00,0.00,0.00,-0.00,0.00,0.00,0.00,0.00,0.00,-0.00,0.00,0.00,0
1.21797,-5,-6,244,0,DRIVE [ 49 ] [ 1 ] [ 1905 1905 1905 ] [    0    0    0 ] [      0      0      0 ] [ 0 ],drive [ 48 ] [ 0 ] [ 1905 1905 1905 ] [    1    2   26 ] [   9179   6098   9133 ] [ 0 ],1.00,1.00,1.00,1.00,-4.98,-5.54,0.00,0.00,0.00,0.00,0.00,0.00,-0.00,0.00,0.00,0.00,0.00,0.00,0.00,0.00,0.00,0
1.22974,-12,-6,246,0,DRIVE [ 49 ] [ 1 ] [ 1905 1905 1905 ] [    0    0    0 ] [      0      0      0 ] [ 0 ],drive [ 49 ] [ 0 ] [ 1905 1905 1905 ] [    1    2   26 ] [   9179   6098   9133 ] [ 0 ],1.00,1.00,1.00,1.00,-11.99,-5.86,0.00,0.00,0.00,0.00,0.00,0.00,-0.00,0.00,0.00,0.00,0.00,0.00,0.00,0.00,0.00,0
1.24145,-19,-6,248,0,DRIVE [ 50 ] [ 1 ] [ 1905 1905 1905 ] [    0    0    0 ] [      0      0      0 ] [ 0 ],drive [ 49 ] [ 0 ] [ 1905 1905 1905 ] [    1    2   26 ] [   9179   6098   9133 ] [ 0 ],1.00,1.00,1.00,1.00,-18.92,-6.35,0.00,0.00,0.00,0.00,0.00,0.00,-0.00,0.00,0.00,0.00,0.00,0.00,0.00,0.00,0.00,0
1.25322,-26,-7,251,0,DRIVE [ 50 ] [ 1 ] [ 1905 1905 1905 ] [    0    0    0 ] [      0      0      0 ] [ 0 ],drive [ 50 ] [ 0 ] [ 1905 1905 1905 ] [    1    2   26 ] [   9178   6098   9133 ] [ 0 ],1.00,1.00,1.00,1.00,-25.70,-6.89,0.00,0.00,0.00,0.00,0.00,0.00,-0.00,0.00,0.00,0.00,0.00,0.00,0.00,0.00,0.00,0
1.26509,-32,-7,253,0,DRIVE [ 51 ] [ 1 ] [ 1905 1905 1905 ] [    0    0    0 ] [      0      0      0 ] [ 0 ],drive [ 50 ] [ 0 ] [ 1905 1905 1905 ] [    1    1   26 ] [   9178   6098   9133 ] [ 0 ],1.00,1.00,1.00,1.00,-32.20,-7.46,0.00,0.00,0.00,0.00,0.00,0.00,-0.00,0.00,0.00,0.00,0.00,0.00,0.00,0.00,0.00,0
1.27703,-38,-8,255,0,DRIVE [ 51 ] [ 1 ] [ 1905 1905 1905 ] [    0    0    0 ] [      0      0      0 ] [ 0 ],drive [ 51 ] [ 0 ] [ 1905 1905 1905 ] [    1    1   26 ] [   9178   6098   9133 ] [ 0 ],1.00,1.00,1.00,1.00,-38.31,-8.00,0.00,0.00,0.00,0.00,0.00,0.00,-0.00,0.00,0.00,0.00,0.00,0.00,0.00,0.00,0.00,0
1.28899,-44,-9,257,0,DRIVE [ 52 ] [ 1 ] [ 1905 1905 1905 ] [    0    0    0 ] [      0      0      0 ] [ 0 ],drive [ 51 ] [ 0 ] [ 1905 1905 1905 ] [    1    1   26 ] [   9178   6098   9133 ] [ 0 ],1.00,1.00,1.00,1.00,-44.31,-8.52,0.00,0.00,0.00,0.00,0.00,-0.00,-0.00,0.00,0.00,0.00,0.00,0.00,0.00,0.00,0.00,0
1.30044,-50,-9,259,0,DRIVE [ 52 ] [ 1 ] [ 1905 1905 1905 ] [    0    0    0 ] [      0      0      0 ] [ 0 ],drive [ 52 ] [ 0 ] [ 1905 1905 1905 ] [    1    1   26 ] [   9178   6098   9133 ] [ 0 ],1.00,1.00,1.00,1.00,-49.82,-9.03,0.00,0.00,0.00,0.00,0.00,-0.00,-0.00,0.00,0.00,0.00,0.00,0.00,0.00,0.00,0.00,0
1.31267,-56,-10,260,0,DRIVE [ 53 ] [ 1 ] [ 1905 1905 1905 ] [    0    0    0 ] [      0      0      0 ] [ 0 ],drive [ 52 ] [ 0 ] [ 1905 1905 1905 ] [    0    1   26 ] [   9178   6098   9133 ] [ 0 ],1.00,1.00,1.00,1.00,-56.12,-9.66,0.00,0.00,0.00,0.00,0.00,-0.00,-0.00,0.00,0.00,0.00,0.00,0.00,0.00,0.00,0.00,0
1.32528,-62,-10,263,0,DRIVE [ 53 ] [ 1 ] [ 1905 1905 1905 ] [    0    0    0 ] [      0      0      0 ] [ 0 ],drive [ 53 ] [ 0 ] [ 1905 1905 1905 ] [    0    1   26 ] [   9178   6098   9133 ] [ 0 ],1.00,1.00,1.00,1.00,-61.92,-10.26,0.00,0.00,0.00,0.00,0.00,-0.00,-0.00,0.00,0.00,0.00,0.00,0.00,0.00,0.00,0.00,0
1.33693,-67,-11,266,0,DRIVE [ 54 ] [ 1 ] [ 1905 1905 1905 ] [    0    0    0 ] [      0      0      0 ] [ 0 ],drive [ 53 ] [ 0 ] [ 1905 1905 1905 ] [    0    1   26 ] [   9178   6098   9133 ] [ 0 ],1.00,1.00,1.00,1.00,-67.08,-10.87,0.00,0.00,0.00,0.00,0.00,-0.00,-0.00,0.00,0.00,0.00,0.00,0.00,0.00,0.00,0.00,0
1.34929,-72,-11,267,0,DRIVE [ 54 ] [ 1 ] [ 1905 1905 1905 ] [    0    0    0 ] [      0      0      0 ] [ 0 ],drive [ 54 ] [ 0 ] [ 1905 1905 1905 ] [    0    1   26 ] [   9177   6098   9133 ] [ 0 ],1.00,1.00,1.00,1.00,-71.51,-11.36,0.00,0.00,0.00,0.00,0.00,-0.00,-0.00,0.00,0.00,0.00,0.00,0.00,0.00,0.00,0.00,0
1.36142,-76,-12,270,0,DRIVE [ 55 ] [ 1 ] [ 1905 1905 1905 ] [    0    0    0 ] [      0      0      0 ] [ 0 ],drive [ 54 ] [ 0 ] [ 1905 1905 1905 ] [    2    1   26 ] [   9177   6098   9133 ] [ 0 ],1.00,1.00,1.00,1.00,-75.78,-11.87,0.00,0.00,0.00,0.00,0.00,-0.00,-0.00,0.00,0.00,0.00,0.00,0.00,0.00,0.00,0.00,0
1.3737,-79,-12,272,0,DRIVE [ 55 ] [ 1 ] [ 1905 1905 1905 ] [    0    0    0 ] [      0      0      0 ] [ 0 ],drive [ 55 ] [ 0 ] [ 1905 1905 1905 ] [    2    1   26 ] [   9177   6098   9133 ] [ 0 ],1.00,1.00,1.00,1.00,-79.34,-12.36,0.00,0.00,0.00,0.00,0.00,-0.00,-0.00,0.00,0.00,0.00,0.00,0.00,0.00,0.00,0.00,0
1.38552,-83,-13,274,0,DRIVE [ 56 ] [ 1 ] [ 1905 1905 1905 ] [    0    0    0 ] [      0      0      0 ] [ 0 ],drive [ 55 ] [ 0 ] [ 1905 1905 1905 ] [    2    1   26 ] [   9177   6098   9133 ] [ 0 ],1.00,1.00,1.00,1.00,-82.61,-12.75,0.00,0.00,0.00,0.00,0.00,-0.00,-0.00,0.00,0.00,0.00,0.00,0.00,0.00,0.00,0.00,0
1.39957,-86,-13,275,0,DRIVE [ 56 ] [ 1 ] [ 1905 1905 1905 ] [    0    0    0 ] [      0      0      0 ] [ 0 ],drive [ 56 ] [ 0 ] [ 1905 1905 1905 ] [    2    1   26 ] [   9177   6098   9132 ] [ 0 ],1.00,1.00,1.00,1.00,-85.59,-13.16,0.00,0.00,0.00,0.00,0.00,-0.00,-0.00,0.00,0.00,0.00,0.00,0.00,0.00,0.00,0.00,0
1.4118,-89,-14,278,0,DRIVE [ 57 ] [ 1 ] [ 1905 1905 1905 ] [    0    0    0 ] [      0      0      0 ] [ 0 ],drive [ 56 ] [ 0 ] [ 1905 1905 1905 ] [    2    1   27 ] [   9177   6098   9132 ] [ 0 ],1.00,1.00,1.00,1.00,-88.80,-13.64,0.00,0.00,0.00,0.00,0.00,-0.00,-0.00,0.00,0.00,0.00,0.00,0.00,0.00,0.00,0.00,0
1.42394,-91,-14,278,0,DRIVE [ 57 ] [ 1 ] [ 1905 1905 1905 ] [    0    0    0 ] [      0      0      0 ] [ 0 ],drive [ 57 ] [ 0 ] [ 1905 1905 1905 ] [    2    1   27 ] [   9177   6098   9132 ] [ 0 ],1.00,1.00,1.00,1.00,-91.08,-13.91,0.00,0.00,0.00,0.00,0.00,-0.00,-0.00,0.00,0.00,0.00,0.00,0.00,0.00,0.00,0.00,0
1.43555,-94,-14,279,0,DRIVE [ 58 ] [ 1 ] [ 1905 1905 1905 ] [    0    0    0 ] [      0      0      0 ] [ 0 ],drive [ 57 ] [ 0 ] [ 1905 1905 1905 ] [    2    1   27 ] [   9177   6098   9132 ] [ 0 ],1.00,1.00,1.00,1.00,-93.71,-14.26,0.00,0.00,0.00,0.00,0.00,-0.00,-0.00,0.00,0.00,0.00,0.00,0.00,0.00,0.00,0.00,0
1.44916,-96,-15,280,0,DRIVE [ 58 ] [ 1 ] [ 1905 1905 1905 ] [    0    0    0 ] [      0      0      0 ] [ 0 ],drive [ 58 ] [ 0 ] [ 1905 1905 1905 ] [    2    1   27 ] [   9177   6098   9131 ] [ 0 ],1.00,1.00,1.00,1.00,-96.30,-14.68,0.00,0.00,0.00,0.00,0.00,-0.00,-0.00,0.00,0.00,0.00,0.00,0.00,0.00,0.00,0.00,0
1.4613,-101,-16,283,0,DRIVE [ 59 ] [ 1 ] [ 1905 1905 1905 ] [    0    0    0 ] [      0      0      0 ] [ 0 ],drive [ 58 ] [ 0 ] [ 1905 1905 1905 ] [    2    1   26 ] [   9177   6098   9131 ] [ 0 ],1.00,1.00,1.00,1.00,-100.64,-15.62,0.00,0.00,0.00,0.00,0.00,-0.00,-0.00,0.00,0.00,0.00,0.00,0.00,0.00,0.00,0.00,0
1.47325,-104,-17,283,0,DRIVE [ 59 ] [ 1 ] [ 1905 1905 1905 ] [    0    0    0 ] [      0      0      0 ] [ 0 ],drive [ 59 ] [ 0 ] [ 1905 1905 1905 ] [    2    1   26 ] [   9177   6098   9131 ] [ 0 ],1.00,1.00,1.00,1.00,-104.22,-16.58,0.00,0.00,0.00,0.00,0.00,-0.00,-0.00,0.00,0.00,0.00,0.00,0.00,0.00,0.00,0.00,0
1.48495,-108,-18,285,0,DRIVE [ 60 ] [ 1 ] [ 1905 1905 1905 ] [    0    0    0 ] [      0      0      0 ] [ 0 ],drive [ 59 ] [ 0 ] [ 1905 1905 1905 ] [    2    1   26 ] [   9177   6098   9131 ] [ 0 ],1.00,1.00,1.00,1.00,-107.99,-17.72,0.00,0.00,0.00,0.00,0.00,-0.00,-0.00,0.00,0.00,0.00,0.00,0.00,0.00,0.00,0.00,0
1.49696,-111,-19,286,0,DRIVE [ 60 ] [ 1 ] [ 1905 1905 1905 ] [    0    0    0 ] [      0      0      0 ] [ 0 ],drive [ 60 ] [ 0 ] [ 1905 1905 1905 ] [    2    1   26 ] [   9178   6097   9131 ] [ 0 ],1.00,1.00,1.00,1.00,-111.49,-18.89,0.00,0.00,0.00,0.00,0.00,-0.00,-0.00,0.00,0.00,0.00,0.00,0.00,0.00,0.00,0.00,0
1.50885,-115,-20,286,0,DRIVE [ 61 ] [ 1 ] [ 1905 1905 1905 ] [    0    0    0 ] [      0      0      0 ] [ 0 ],drive [ 60 ] [ 0 ] [ 1905 1905 1905 ] [    2    2   26 ] [   9178   6097   9131 ] [ 0 ],1.00,1.00,1.00,1.00,-114.90,-20.21,0.00,0.00,0.00,0.00,0.00,-0.00,-0.00,0.00,0.00,0.00,0.00,0.00,0.00,0.00,0.00,0
1.52061,-118,-22,285,0,DRIVE [ 61 ] [ 1 ] [ 1905 1905 1905 ] [    0    0    0 ] [      0      0      0 ] [ 0 ],drive [ 61 ] [ 0 ] [ 1905 1905 1905 ] [    2    2   26 ] [   9178   6097   9131 ] [ 0 ],1.00,1.00,1.00,1.00,-117.71,-21.53,0.00,0.00,0.00,0.00,0.00,-0.00,-0.00,0.00,0.00,0.00,0.00,0.00,0.00,0.00,0.00,0
1.53293,-121,-23,285,0,DRIVE [ 62 ] [ 1 ] [ 1905 1905 1905 ] [    0    0    0 ] [      0      0      0 ] [ 0 ],drive [ 61 ] [ 0 ] [ 1905 1905 1905 ] [    2    2   26 ] [   9178   6097   9131 ] [ 0 ],1.00,1.00,1.00,1.00,-120.93,-22.96,0.00,0.00,0.00,0.00,0.00,-0.00,-0.00,0.00,0.00,0.00,0.00,0.00,0.00,0.00,0.00,0
1.54493,-124,-24,284,0,DRIVE [ 62 ] [ 1 ] [ 1905 1905 1905 ] [    0    0    0 ] [      0      0      0 ] [ 0 ],drive [ 62 ] [ 0 ] [ 1905 1905 1905 ] [    2    2   26 ] [   9180   6094   9131 ] [ 0 ],1.00,1.00,1.00,1.00,-123.84,-24.34,0.00,0.00,0.00,0.00,0.00,-0.00,-0.00,0.00,0.00,0.00,0.00,0.00,0.00,0.00,0.00,0
1.55698,-127,-26,284,0,DRIVE [ 63 ] [ 1 ] [ 1905 1905 1905 ] [    0    0    0 ] [      0      0      0 ] [ 0 ],drive [ 62 ] [ 0 ] [ 1905 1905 1905 ] [    2    2   26 ] [   9180   6094   9131 ] [ 0 ],1.00,1.00,1.00,1.00,-127.06,-25.81,0.00,0.00,0.00,0.00,0.00,-0.00,-0.00,0.00,0.00,0.00,0.00,0.00,0.00,0.00,0.00,0
1.56843,-131,-27,284,0,DRIVE [ 63 ] [ 1 ] [ 1905 1905 1905 ] [    0    0    0 ] [      0      0      0 ] [ 0 ],drive [ 63 ] [ 0 ] [ 1905 1905 1905 ] [    1    2   26 ] [   9180   6094   9131 ] [ 0 ],1.00,1.00,1.00,1.00,-130.51,-27.32,0.00,0.00,0.00,0.00,0.00,-0.00,-0.00,0.00,0.00,0.00,0.00,0.00,0.00,0.00,0.00,0
1.58072,-134,-29,283,0,DRIVE [ 64 ] [ 1 ] [ 1905 1905 1905 ] [    0    0    0 ] [      0      0      0 ] [ 0 ],drive [ 63 ] [ 0 ] [ 1905 1905 1905 ] [    1    2   26 ] [   9180   6094   9131 ] [ 0 ],1.00,1.00,1.00,1.00,-133.65,-28.83,0.00,0.00,0.00,0.00,0.00,-0.00,-0.00,0.00,0.00,0.00,0.00,0.00,0.00,0.00,0.00,0
1.59254,-137,-30,283,0,DRIVE [ 64 ] [ 1 ] [ 1905 1905 1905 ] [    0    0    0 ] [      0      0      0 ] [ 0 ],drive [ 64 ] [ 0 ] [ 1905 1905 1905 ] [    1    2   26 ] [   9181   6094   9131 ] [ 0 ],1.00,1.00,1.00,1.00,-136.83,-30.29,0.00,0.00,0.00,0.00,0.00,-0.00,-0.00,0.00,0.00,0.00,0.00,0.00,0.00,0.00,0.00,0
1.60425,-140,-32,283,0,DRIVE [ 65 ] [ 1 ] [ 1905 1905 1905 ] [    0    0    0 ] [      0      0      0 ] [ 0 ],drive [ 64 ] [ 0 ] [ 1905 1905 1905 ] [    1    2   26 ] [   9181   6094   9131 ] [ 0 ],1.00,1.00,1.00,1.00,-139.96,-31.67,0.00,0.00,0.00,0.00,0.00,-0.00,-0.00,0.00,0.00,0.00,0.00,0.00,0.00,0.00,0.00,0
1.61642,-143,-33,282,0,DRIVE [ 65 ] [ 1 ] [ 1905 1905 1905 ] [    0    0    0 ] [      0      0      0 ] [ 0 ],drive [ 65 ] [ 0 ] [ 1905 1905 1905 ] [    1    2   26 ] [   9181   6094   9131 ] [ 0 ],1.00,1.00,1.00,1.00,-142.56,-32.81,0.00,0.00,0.00,0.00,0.00,-0.00,-0.00,0.00,0.00,0.00,0.00,0.00,0.00,0.00,0.00,0
1.62855,-145,-34,282,0,DRIVE [ 66 ] [ 1 ] [ 1905 1905 1905 ] [    0    0    0 ] [      0      0      0 ] [ 0 ],drive [ 65 ] [ 0 ] [ 1905 1905 1905 ] [    1    2   26 ] [   9181   6094   9131 ] [ 0 ],1.00,1.00,1.00,1.00,-145.44,-33.85,0.00,0.00,0.00,0.00,0.00,-0.00,-0.00,0.00,0.00,0.00,0.00,0.00,0.00,0.00,0.00,0
1.64041,-149,-35,281,0,DRIVE [ 66 ] [ 1 ] [ 1905 1905 1905 ] [    0    0    0 ] [      0      0      0 ] [ 0 ],drive [ 66 ] [ 0 ] [ 1905 1905 1905 ] [    1    2   26 ] [   9181   6094   9131 ] [ 0 ],1.00,1.00,1.00,1.00,-149.38,-34.83,0.00,0.00,0.00,0.00,0.00,-0.00,-0.00,0.00,0.00,0.00,0.00,0.00,0.00,0.00,0.00,0
1.65217,-153,-36,281,0,DRIVE [ 67 ] [ 1 ] [ 1905 1905 1905 ] [    0    0    0 ] [      0      0      0 ] [ 0 ],drive [ 66 ] [ 0 ] [ 1905 1905 1905 ] [    1    2   26 ] [   9181   6094   9131 ] [ 0 ],1.00,1.00,1.00,1.00,-153.16,-35.55,0.00,0.00,0.00,0.00,0.00,-0.00,-0.00,0.00,0.00,0.00,0.00,0.00,0.00,0.00,0.00,0
1.66429,-156,-36,281,0,DRIVE [ 67 ] [ 1 ] [ 1905 1905 1905 ] [    0    0    0 ] [      0      0      0 ] [ 0 ],drive [ 67 ] [ 0 ] [ 1905 1905 1905 ] [    0    1   26 ] [   9181   6094   9131 ] [ 0 ],1.00,1.00,1.00,1.00,-156.36,-36.05,0.00,0.00,0.00,0.00,0.00,-0.00,-0.00,0.00,0.00,0.00,0.00,0.00,0.00,0.00,0.00,0
1.67612,-159,-36,280,0,DRIVE [ 68 ] [ 1 ] [ 1905 1905 1905 ] [    0    0    0 ] [      0      0      0 ] [ 0 ],drive [ 67 ] [ 0 ] [ 1905 1905 1905 ] [    0    1   26 ] [   9181   6094   9131 ] [ 0 ],1.00,1.00,1.00,1.00,-159.49,-36.33,0.00,0.00,0.00,0.00,0.00,-0.00,-0.00,0.00,0.00,0.00,0.00,0.00,0.00,0.00,0.00,0
1.68896,-163,-37,280,0,DRIVE [ 68 ] [ 1 ] [ 1905 1905 1905 ] [    0    0    0 ] [      0      0      0 ] [ 0 ],drive [ 68 ] [ 0 ] [ 1905 1905 1905 ] [    0    1   26 ] [   9181   6094   9131 ] [ 0 ],1.00,1.00,1.00,1.00,-162.65,-36.50,0.00,0.00,0.00,0.00,0.00,-0.00,-0.00,0.00,0.00,0.00,0.00,0.00,0.00,0.00,0.00,0
1.70064,-165,-36,278,0,DRIVE [ 69 ] [ 1 ] [ 1905 1905 1905 ] [    0    0    0 ] [      0      0      0 ] [ 0 ],drive [ 68 ] [ 0 ] [ 1905 1905 1905 ] [    0    1   26 ] [   9182   6093   9131 ] [ 0 ],1.00,1.00,1.00,1.00,-164.69,-36.45,0.00,0.00,0.00,0.00,0.00,-0.00,-0.00,0.00,0.00,0.00,0.00,0.00,0.00,0.00,0.00,0
1.71275,-167,-36,277,0,DRIVE [ 69 ] [ 1 ] [ 1905 1905 1905 ] [    0    0    0 ] [      0      0      0 ] [ 0 ],drive [ 69 ] [ 0 ] [ 1905 1905 1905 ] [    0    4   27 ] [   9182   6093   9131 ] [ 0 ],1.00,1.00,1.00,1.00,-167.37,-36.48,0.00,0.00,0.00,0.00,0.00,-0.00,-0.00,0.00,0.00,0.00,0.00,0.00,0.00,0.00,0.00,0
1.72541,-170,-36,277,0,DRIVE [ 70 ] [ 1 ] [ 1905 1905 1905 ] [    0    0    0 ] [      0      0      0 ] [ 0 ],drive [ 69 ] [ 0 ] [ 1905 1905 1905 ] [    0    4   27 ] [   9182   6093   9131 ] [ 0 ],1.00,1.00,1.00,1.00,-170.14,-36.50,0.00,0.00,0.00,0.00,0.00,-0.00,-0.00,0.00,0.00,0.00,0.00,0.00,0.00,0.00,0.00,0
1.73715,-172,-36,275,0,DRIVE [ 70 ] [ 1 ] [ 1905 1905 1905 ] [    0    0    0 ] [      0      0      0 ] [ 0 ],drive [ 70 ] [ 0 ] [ 1905 1905 1905 ] [    0    4   27 ] [   9182   6093   9131 ] [ 0 ],1.00,1.00,1.00,1.00,-172.21,-36.33,0.00,0.00,0.00,0.00,0.00,-0.00,-0.00,0.00,0.00,0.00,0.00,0.00,0.00,0.00,0.00,0
1.74933,-175,-36,275,0,DRIVE [ 71 ] [ 1 ] [ 1905 1905 1905 ] [    0    0    0 ] [      0      0      0 ] [ 0 ],drive [ 70 ] [ 0 ] [ 1905 1905 1905 ] [    0    4   27 ] [   9182   6089   9131 ] [ 0 ],1.00,1.00,1.00,1.00,-174.98,-36.40,0.00,0.00,0.00,0.00,0.00,-0.00,-0.00,0.00,0.00,0.00,0.00,0.00,0.00,0.00,0.00,0
1.76153,-177,-36,273,0,DRIVE [ 71 ] [ 1 ] [ 1905 1905 1905 ] [    0    0    0 ] [      0      0      0 ] [ 0 ],drive [ 71 ] [ 0 ] [ 1905 1905 1905 ] [    1    5   26 ] [   9182   6089   9131 ] [ 0 ],1.00,1.00,1.00,1.00,-176.97,-36.34,0.00,0.00,0.00,0.00,0.00,-0.00,-0.00,0.00,0.00,0.00,0.00,0.00,0.00,0.00,0.00,0
1.77331,-180,-36,273,0,DRIVE [ 72 ] [ 1 ] [ 1905 1905 1905 ] [    0    0    0 ] [      0      0      0 ] [ 0 ],drive [ 71 ] [ 0 ] [ 1905 1905 1905 ] [    1    5   26 ] [   9182   6089   9131 ] [ 0 ],1.00,1.00,1.00,1.00,-179.66,-36.37,0.00,0.00,0.00,0.00,0.00,-0.00,-0.00,0.00,0.00,0.00,0.00,0.00,0.00,0.00,0.00,0
1.78455,-182,-36,272,0,DRIVE [ 72 ] [ 1 ] [ 1905 1905 1905 ] [    0    0    0 ] [      0      0      0 ] [ 0 ],drive [ 72 ] [ 0 ] [ 1905 1905 1905 ] [    1    5   26 ] [   9182   6089   9131 ] [ 0 ],1.00,1.00,1.00,1.00,-181.63,-36.32,0.00,0.00,0.00,0.00,0.00,-0.00,-0.00,0.00,0.00,0.00,0.00,0.00,0.00,0.00,0.00,0
1.79656,-184,-36,271,0,DRIVE [ 73 ] [ 1 ] [ 1905 1905 1905 ] [    0    0    0 ] [      0      0      0 ] [ 0 ],drive [ 72 ] [ 0 ] [ 1905 1905 1905 ] [    1    5   26 ] [   9182   6085   9131 ] [ 0 ],1.00,1.00,1.00,1.00,-183.88,-36.43,0.00,0.00,0.00,0.00,0.00,-0.00,-0.00,0.00,0.00,0.00,0.00,0.00,0.00,0.00,0.00,0
1.80835,-185,-36,269,0,DRIVE [ 73 ] [ 1 ] [ 1905 1905 1905 ] [    0    0    0 ] [      0      0      0 ] [ 0 ],drive [ 73 ] [ 0 ] [ 1905 1905 1905 ] [    0    7   27 ] [   9182   6085   9131 ] [ 0 ],1.00,1.00,1.00,1.00,-185.37,-36.41,0.00,0.00,0.00,0.00,0.00,-0.00,-0.00,0.00,0.00,0.00,0.00,0.00,0.00,0.00,0.00,0
1.81985,-188,-37,268,0,DRIVE [ 74 ] [ 1 ] [ 1905 1905 1905 ] [    0    0    0 ] [      0      0      0 ] [ 0 ],drive [ 73 ] [ 0 ] [ 1905 1905 1905 ] [    0    7   27 ] [   9182   6085   9131 ] [ 0 ],1.00,1.00,1.00,1.00,-188.02,-36.73,0.00,0.00,0.00,0.00,0.00,-0.00,-0.00,0.00,0.00,0.00,0.00,0.00,0.00,0.00,0.00,0
1.83182,-191,-37,269,0,DRIVE [ 74 ] [ 1 ] [ 1905 1905 1905 ] [    0    0    0 ] [      0      0      0 ] [ 0 ],drive [ 74 ] [ 0 ] [ 1905 1905 1905 ] [    0    7   27 ] [   9182   6085   9131 ] [ 0 ],1.00,1.00,1.00,1.00,-191.31,-37.23,0.00,0.00,0.00,0.00,0.00,-0.00,-0.00,0.00,0.00,0.00,0.00,0.00,0.00,0.00,0.00,0
1.84395,-193,-37,268,0,DRIVE [ 75 ] [ 1 ] [ 1905 1905 1905 ] [    0    0    0 ] [      0      0      0 ] [ 0 ],drive [ 74 ] [ 0 ] [ 1905 1905 1905 ] [    0    7   27 ] [   9183   6081   9129 ] [ 0 ],1.00,1.00,1.00,1.00,-193.18,-37.44,0.00,0.00,0.00,0.00,0.00,-0.00,-0.00,0.00,0.00,0.00,0.00,0.00,0.00,0.00,0.00,0
1.85554,-196,-38,269,0,DRIVE [ 75 ] [ 1 ] [ 1905 1905 1905 ] [    0    0    0 ] [      0      0      0 ] [ 0 ],drive [ 75 ] [ 0 ] [ 1905 1905 1905 ] [    0    7   27 ] [   9183   6081   9129 ] [ 0 ],1.00,1.00,1.00,1.00,-196.43,-37.97,0.00,0.00,0.00,0.00,0.00,-0.00,-0.00,0.00,0.00,0.00,0.00,0.00,0.00,0.00,0.00,0
1.86766,-198,-38,268,0,DRIVE [ 76 ] [ 1 ] [ 1905 1905 1905 ] [    0    0    0 ] [      0      0      0 ] [ 0 ],drive [ 75 ] [ 0 ] [ 1905 1905 1905 ] [    0   10   26 ] [   9183   6081   9129 ] [ 0 ],1.00,1.00,1.00,1.00,-197.56,-38.07,0.00,0.00,0.00,0.00,0.00,-0.00,-0.00,0.00,0.00,0.00,0.00,0.00,0.00,0.00,0.00,0
1.87973,-200,-38,268,0,DRIVE [ 76 ] [ 1 ] [ 1905 1905 1905 ] [    0    0    0 ] [      0      0      0 ] [ 0 ],drive [ 76 ] [ 0 ] [ 1905 1905 1905 ] [    0   10   26 ] [   9183   6081   9129 ] [ 0 ],1.00,1.00,1.00,1.00,-199.65,-38.38,0.00,0.00,0.00,0.00,0.00,-0.00,-0.00,0.00,0.00,0.00,0.00,0.00,0.00,0.00,0.00,0
1.89183,-201,-38,268,0,DRIVE [ 77 ] [ 1 ] [ 1905 1905 1905 ] [    0    0    0 ] [      0      0      0 ] [ 0 ],drive [ 76 ] [ 0 ] [ 1905 1905 1905 ] [    0   10   26 ] [   9183   6081   9129 ] [ 0 ],1.00,1.00,1.00,1.00,-200.69,-38.42,0.00,0.00,0.00,0.00,0.00,-0.00,-0.00,0.00,0.00,0.00,0.00,0.00,0.00,0.00,0.00,0
1.90342,-202,-38,267,0,DRIVE [ 77 ] [ 1 ] [ 1905 1905 1905 ] [    0    0    0 ] [      0      0      0 ] [ 0 ],drive [ 77 ] [ 0 ] [ 1905 1905 1905 ] [    0   10   26 ] [   9184   6070   9127 ] [ 0 ],1.00,1.00,1.00,1.00,-201.51,-38.44,0.00,0.00,0.00,0.00,0.00,-0.00,-0.00,0.00,0.00,0.00,0.00,0.00,0.00,0.00,0.00,0
1.91556,-202,-38,266,0,DRIVE [ 78 ] [ 1 ] [ 1905 1905 1905 ] [    0    0    0 ] [      0      0      0 ] [ 0 ],drive [ 77 ] [ 0 ] [ 1905 1905 1905 ] [    0   15   27 ] [   9184   6070   9127 ] [ 0 ],1.00,1.00,1.00,1.00,-202.01,-38.42,0.00,0.00,0.00,0.00,0.00,-0.00,-0.00,0.00,0.00,0.00,0.00,0.00,0.00,0.00,0.00,0
1.92769,-203,-38,266,0,DRIVE [ 78 ] [ 1 ] [ 1905 1905 1905 ] [    0    0    0 ] [      0      0      0 ] [ 0 ],drive [ 78 ] [ 0 ] [ 1905 1905 1905 ] [    0   15   27 ] [   9184   6070   9127 ] [ 0 ],1.00,1.00,1.00,1.00,-202.55,-38.38,0.00,0.00,0.00,0.00,0.00,-0.00,-0.00,0.00,0.00,0.00,0.00,0.00,0.00,0.00,0.00,0
1.93962,-203,-38,266,0,DRIVE [ 79 ] [ 1 ] [ 1905 1905 1905 ] [    0    0    0 ] [      0      0      0 ] [ 0 ],drive [ 78 ] [ 0 ] [ 1905 1905 1905 ] [    0   15   27 ] [   9184   6070   9127 ] [ 0 ],1.00,1.00,1.00,1.00,-203.11,-38.28,0.00,0.00,0.00,0.00,0.00,-0.00,-0.00,0.00,0.00,0.00,0.00,0.00,0.00,0.00,0.00,0
1.95111,-203,-38,265,0,DRIVE [ 79 ] [ 1 ] [ 1905 1905 1905 ] [    0    0    0 ] [      0      0      0 ] [ 0 ],drive [ 79 ] [ 0 ] [ 1905 1905 1905 ] [    0   15   27 ] [   9184   6068   9128 ] [ 0 ],1.00,1.00,1.00,1.00,-202.89,-37.98,0.00,0.00,0.00,0.00,0.00,-0.00,-0.00,0.00,0.00,0.00,0.00,0.00,0.00,0.00,0.00,0
1.96298,-202,-38,265,0,DRIVE [ 80 ] [ 1 ] [ 1905 1905 1905 ] [    0    0    0 ] [      0      0      0 ] [ 0 ],drive [ 79 ] [ 0 ] [ 1905 1905 1905 ] [    1   16   27 ] [   9184   6068   9128 ] [ 0 ],1.00,1.00,1.00,1.00,-202.47,-37.73,0.00,0.00,0.00,0.00,0.00,-0.00,-0.00,0.00,0.00,0.00,0.00,0.00,0.00,0.00,0.00,0
1.97475,-202,-38,265,0,DRIVE [ 80 ] [ 1 ] [ 1905 1905 1905 ] [    0    0    0 ] [      0      0      0 ] [ 0 ],drive [ 80 ] [ 0 ] [ 1905 1905 1905 ] [    1   16   27 ] [   9184   6068   9128 ] [ 0 ],1.00,1.00,1.00,1.00,-202.13,-37.58,0.00,0.00,0.00,0.00,0.00,-0.00,-0.00,0.00,0.00,0.00,0.00,0.00,0.00,0.00,0.00,0
1.98836,-201,-37,265,0,DRIVE [ 81 ] [ 1 ] [ 1905 1905 1905 ] [    0    0    0 ] [      0      0      0 ] [ 0 ],drive [ 80 ] [ 0 ] [ 1905 1905 1905 ] [    1   16   27 ] [   9184   6068   9128 ] [ 0 ],1.00,1.00,1.00,1.00,-201.16,-37.34,0.00,0.00,0.00,0.00,0.00,-0.00,-0.00,0.00,0.00,0.00,0.00,0.00,0.00,0.00,0.00,0
2.00068,-200,-37,264,0,DRIVE [ 81 ] [ 1 ] [ 1905 1905 1905 ] [    0    0    0 ] [      0      0      0 ] [ 0 ],drive [ 81 ] [ 0 ] [ 1905 1905 1905 ] [    1   16   27 ] [   9183   6068   9127 ] [ 0 ],1.00,1.00,1.00,1.00,-199.54,-37.00,0.00,0.00,0.00,0.00,0.00,-0.00,-0.00,0.00,0.00,0.00,0.00,0.00,0.00,0.00,0.00,0
2.01285,-197,-37,263,0,DRIVE [ 82 ] [ 1 ] [ 1905 1905 1905 ] [    0    0    0 ] [      0      0      0 ] [ 0 ],drive [ 81 ] [ 0 ] [ 1905 1905 1905 ] [    1   16   27 ] [   9183   6068   9127 ] [ 0 ],1.00,1.00,1.00,1.00,-197.39,-36.62,0.00,0.00,0.00,0.00,0.00,-0.00,-0.00,0.00,0.00,0.00,0.00,0.00,0.00,0.00,0.00,0
2.02484,-196,-36,262,0,DRIVE [ 82 ] [ 1 ] [ 1905 1905 1905 ] [    0    0    0 ] [      0      0      0 ] [ 0 ],drive [ 82 ] [ 0 ] [ 1905 1905 1905 ] [    1   16   27 ] [   9183   6068   9127 ] [ 0 ],1.00,1.00,1.00,1.00,-195.60,-36.30,0.00,0.00,0.00,0.00,0.00,-0.00,-0.00,0.00,0.00,0.00,0.00,0.00,0.00,0.00,0.00,0
2.03623,-194,-36,262,0,DRIVE [ 83 ] [ 1 ] [ 1905 1905 1905 ] [    0    0    0 ] [      0      0      0 ] [ 0 ],drive [ 82 ] [ 0 ] [ 1905 1905 1905 ] [    1   16   27 ] [   9183   6068   9127 ] [ 0 ],1.00,1.00,1.00,1.00,-193.57,-35.98,0.00,0.00,0.00,0.00,0.00,-0.00,-0.00,0.00,0.00,0.00,0.00,0.00,0.00,0.00,0.00,0
2.04811,-190,-36,261,0,DRIVE [ 83 ] [ 1 ] [ 1905 1905 1905 ] [    0    0    0 ] [      0      0      0 ] [ 0 ],drive [ 83 ] [ 0 ] [ 1905 1905 1905 ] [    1   16   27 ] [   9183   6067   9122 ] [ 0 ],1.00,1.00,1.00,1.00,-190.42,-35.54,0.00,0.00,0.00,0.00,0.00,-0.00,-0.00,0.00,0.00,0.00,0.00,0.00,0.00,0.00,0.00,0
2.05997,-188,-35,262,0,DRIVE [ 84 ] [ 1 ] [ 1905 1905 1905 ] [    0    0    0 ] [      0      0      0 ] [ 0 ],drive [ 83 ] [ 0 ] [ 1905 1905 1905 ] [    1   17   27 ] [   9183   6067   9122 ] [ 0 ],1.00,1.00,1.00,1.00,-188.04,-35.23,0.00,0.00,0.00,0.00,0.00,-0.00,-0.00,0.00,0.00,0.00,0.00,0.00,0.00,0.00,0.00,0
2.0723,-185,-35,262,0,DRIVE [ 84 ] [ 1 ] [ 1905 1905 1905 ] [    0    0    0 ] [      0      0      0 ] [ 0 ],drive [ 84 ] [ 0 ] [ 1905 1905 1905 ] [    1   17   27 ] [   9183   6067   9122 ] [ 0 ],1.00,1.00,1.00,1.00,-185.32,-34.92,0.00,0.00,0.00,0.00,0.00,-0.00,-0.00,0.00,0.00,0.00,0.00,0.00,0.00,0.00,0.00,0
2.08392,-183,-34,262,0,DRIVE [ 85 ] [ 1 ] [ 1905 1905 1905 ] [    0    0    0 ] [      0      0      0 ] [ 0 ],drive [ 84 ] [ 0 ] [ 1905 1905 1905 ] [    1   17   27 ] [   9183   6067   9122 ] [ 0 ],1.00,1.00,1.00,1.00,-182.50,-34.46,0.00,0.00,0.00,0.00,0.00,-0.00,-0.00,0.00,0.00,0.00,0.00,0.00,0.00,0.00,0.00,0
2.10616,-170,-31,263,0,DRIVE [ 86 ] [ 1 ] [ 1892 1905 1905 ] [    0    0    0 ] [      0      0      0 ] [ 0 ],drive [ 85 ] [ 0 ] [ 1905 1905 1905 ] [    0   17   27 ] [   9181   6067   9122 ] [ 0 ],1.00,1.00,1.00,1.00,-170.49,-31.43,0.00,0.00,0.00,0.00,0.00,0.00,0.00,0.00,0.00,0.00,0.00,0.00,0.00,0.00,0.00,0
2.11834,-170,-31,266,0,DRIVE [ 86 ] [ 1 ] [ 1892 1893 1898 ] [    0    0    0 ] [      0      0      0 ] [ 0 ],drive [ 86 ] [ 0 ] [ 1892 1905 1905 ] [    0   17   27 ] [   9181   6067   9122 ] [ 0 ],1.00,1.00,1.00,1.00,-169.95,-30.75,0.00,0.00,0.00,0.00,0.00,0.00,0.00,0.00,0.00,0.00,0.00,0.00,0.00,0.00,0.00,0
2.13172,-169,-30,266,0,DRIVE [ 87 ] [ 1 ] [ 1892 1878 1890 ] [    0    0    0 ] [      0      0      0 ] [ 0 ],drive [ 86 ] [ 0 ] [ 1892 1893 1898 ] [    0   17   27 ] [   9181   6067   9122 ] [ 0 ],1.00,1.00,1.00,1.00,-169.03,-30.21,0.00,0.00,0.00,0.00,0.00,0.00,0.00,0.00,0.00,0.00,0.00,0.00,0.00,0.00,0.00,0
2.14368,-167,-29,265,0,DRIVE [ 87 ] [ 1 ] [ 1892 1862 1881 ] [    0    0    0 ] [      0      0      0 ] [ 0 ],drive [ 87 ] [ 0 ] [ 1892 1878 1890 ] [    0   17   27 ] [   9180   6067   9122 ] [ 0 ],1.00,1.00,1.00,1.00,-167.11,-29.44,0.00,0.00,0.00,0.00,0.00,0.00,0.00,0.00,0.00,0.00,0.00,0.00,0.00,0.00,0.00,0
2.15563,-166,-29,265,0,DRIVE [ 88 ] [ 1 ] [ 1892 1848 1873 ] [    0    0    0 ] [      0      0      0 ] [ 0 ],drive [ 87 ] [ 0 ] [ 1892 1862 1881 ] [    0   17   27 ] [   9180   6067   9122 ] [ 0 ],1.00,1.00,1.00,1.00,-166.00,-28.83,0.00,0.00,0.00,0.00,0.00,0.00,0.00,0.00,0.00,0.00,0.00,0.00,0.00,0.00,0.00,0
2.16753,-165,-28,266,0,DRIVE [ 88 ] [ 1 ] [ 1892 1834 1866 ] [    0    0    0 ] [      0      0      0 ] [ 0 ],drive [ 88 ] [ 0 ] [ 1892 1848 1873 ] [    2   18   28 ] [   9180   6067   9122 ] [ 0 ],1.00,1.00,1.00,1.00,-165.25,-28.13,0.00,0.00,0.00,0.00,0.00,0.00,0.00,0.00,0.00,0.00,0.00,0.00,0.00,0.00,0.00,0
2.17956,-164,-27,265,0,DRIVE [ 89 ] [ 1 ] [ 1892 1820 1858 ] [    0    0    0 ] [      0      0      0 ] [ 0 ],drive [ 88 ] [ 0 ] [ 1892 1834 1866 ] [    2   18   28 ] [   9180   6067   9122 ] [ 0 ],1.00,1.00,1.00,1.00,-163.76,-27.36,0.00,0.00,0.00,0.00,0.00,0.00,0.00,0.00,0.00,0.00,0.00,0.00,0.00,0.00,0.00,0
2.1922,-163,-27,266,0,DRIVE [ 89 ] [ 1 ] [ 1892 1807 1851 ] [    0    0    0 ] [      0      0      0 ] [ 0 ],drive [ 89 ] [ 0 ] [ 1892 1820 1858 ] [    2   18   28 ] [   9180   6067   9122 ] [ 0 ],1.00,1.00,1.00,1.00,-163.26,-26.78,0.00,0.00,0.00,0.00,0.00,0.00,0.00,0.00,0.00,0.00,0.00,0.00,0.00,0.00,0.00,0
2.20578,-162,-26,266,0,DRIVE [ 90 ] [ 1 ] [ 1892 1793 1844 ] [    0    0    0 ] [      0      0      0 ] [ 0 ],drive [ 89 ] [ 0 ] [ 1892 1807 1851 ] [    2   18   28 ] [   9180   6075   9124 ] [ 0 ],1.00,1.00,1.00,1.00,-162.49,-26.33,0.00,0.00,0.00,0.00,0.00,0.00,0.00,0.00,0.00,0.00,0.00,0.00,0.00,0.00,0.00,0
2.21808,-161,-26,266,0,DRIVE [ 90 ] [ 1 ] [ 1892 1777 1835 ] [    0    0    0 ] [      0      0      0 ] [ 0 ],drive [ 90 ] [ 0 ] [ 1892 1793 1844 ] [    2   14   31 ] [   9180   6075   9124 ] [ 0 ],1.00,1.00,1.00,1.00,-161.45,-25.91,0.00,0.00,0.00,0.00,0.00,0.00,0.00,0.00,0.00,0.00,0.00,0.00,0.00,0.00,0.00,0
2.22989,-161,-26,265,0,DRIVE [ 91 ] [ 1 ] [ 1892 1763 1828 ] [    0    0    0 ] [      0      0      0 ] [ 0 ],drive [ 90 ] [ 0 ] [ 1892 1777 1835 ] [    2   14   31 ] [   9180   6075   9124 ] [ 0 ],1.00,1.00,1.00,1.00,-160.55,-25.52,0.00,0.00,0.00,0.00,0.00,0.00,0.00,0.00,0.00,0.00,0.00,0.00,0.00,0.00,0.00,0
2.24201,-160,-25,265,0,DRIVE [ 91 ] [ 1 ] [ 1892 1749 1821 ] [    0    0    0 ] [      0      0      0 ] [ 0 ],drive [ 91 ] [ 0 ] [ 1892 1763 1828 ] [    2   14   31 ] [   9180   6075   9124 ] [ 0 ],1.00,1.00,1.00,1.00,-160.15,-25.30,0.00,0.00,0.00,0.00,0.00,0.00,0.00,0.00,0.00,0.00,0.00,0.00,0.00,0.00,0.00,0
2.25351,-161,-25,266,0,DRIVE [ 92 ] [ 1 ] [ 1892 1735 1813 ] [    0    0    0 ] [      0      0      0 ] [ 0 ],drive [ 91 ] [ 0 ] [ 1892 1749 1821 ] [    2   14   31 ] [   9181   6094   9135 ] [ 0 ],1.00,1.00,1.00,1.00,-161.04,-25.34,0.00,0.00,0.00,0.00,0.00,0.00,0.00,0.00,0.00,0.00,0.00,0.00,0.00,0.00,0.00,0
2.2653,-162,-25,267,0,DRIVE [ 92 ] [ 1 ] [ 1892 1721 1806 ] [    0    0    0 ] [      0      0      0 ] [ 0 ],drive [ 92 ] [ 0 ] [ 1892 1735 1813 ] [    2   14   32 ] [   9181   6094   9135 ] [ 0 ],1.00,1.00,1.00,1.00,-161.98,-25.33,0.00,0.00,0.00,0.00,0.00,0.00,0.00,0.00,0.00,0.00,0.00,0.00,0.00,0.00,0.00,0
2.27689,-162,-25,266,0,DRIVE [ 93 ] [ 1 ] [ 1892 1707 1798 ] [    0    0    0 ] [      0      0      0 ] [ 0 ],drive [ 92 ] [ 0 ] [ 1892 1721 1806 ] [    2   14   32 ] [   9181   6094   9135 ] [ 0 ],1.00,1.00,1.00,1.00,-162.02,-25.23,0.00,0.00,0.00,0.00,0.00,0.00,0.00,0.00,0.00,0.00,0.00,0.00,0.00,0.00,0.00,0
2.28836,-163,-25,266,0,DRIVE [ 93 ] [ 1 ] [ 1892 1692 1790 ] [    0    0    0 ] [      0      0      0 ] [ 0 ],drive [ 93 ] [ 0 ] [ 1892 1707 1798 ] [    2   14   32 ] [   9181   6094   9135 ] [ 0 ],1.00,1.00,1.00,1.00,-162.73,-25.37,0.00,0.00,0.00,0.00,0.00,0.00,0.00,0.00,0.00,0.00,0.00,0.00,0.00,0.00,0.00,0
2.3002,-163,-26,265,0,DRIVE [ 94 ] [ 1 ] [ 1892 1678 1782 ] [    0    0    0 ] [      0      0      0 ] [ 0 ],drive [ 93 ] [ 0 ] [ 1892 1692 1790 ] [    2   14   32 ] [   9183   6150   9161 ] [ 0 ],1.00,1.00,1.00,1.00,-163.36,-25.69,0.00,0.00,0.00,0.00,0.00,0.00,0.00,0.00,0.00,0.00,0.00,0.00,0.00,0.00,0.00,0
2.31208,-164,-26,265,0,DRIVE [ 94 ] [ 1 ] [ 1892 1663 1774 ] [    0    0    0 ] [      0      0      0 ] [ 0 ],drive [ 94 ] [ 0 ] [ 1892 1678 1782 ] [    2   20   11 ] [   9183   6150   9161 ] [ 0 ],1.00,1.00,1.00,1.00,-164.46,-26.12,0.00,0.00,0.00,0.00,0.00,0.00,0.00,0.00,0.00,0.00,0.00,0.00,0.00,0.00,0.00,0
2.32372,-166,-27,266,0,DRIVE [ 95 ] [ 1 ] [ 1892 1648 1765 ] [    0    0    0 ] [      0      0      0 ] [ 0 ],drive [ 94 ] [ 0 ] [ 1892 1663 1774 ] [    2   20   11 ] [   9183   6150   9161 ] [ 0 ],1.00,1.00,1.00,1.00,-166.20,-26.69,0.00,0.00,0.00,0.00,0.00,0.00,0.00,0.00,0.00,0.00,0.00,0.00,0.00,0.00,0.00,0
2.33575,-167,-27,266,0,DRIVE [ 95 ] [ 1 ] [ 1892 1632 1756 ] [    0    0    0 ] [      0      0      0 ] [ 0 ],drive [ 95 ] [ 0 ] [ 1892 1648 1765 ] [    2   20   11 ] [   9183   6150   9161 ] [ 0 ],1.00,1.00,1.00,1.00,-166.94,-27.04,0.00,0.00,0.00,0.00,0.00,0.00,0.00,0.00,0.00,0.00,0.00,0.00,0.00,0.00,0.00,0
2.34777,-168,-28,266,0,DRIVE [ 96 ] [ 1 ] [ 1892 1617 1747 ] [    0    0    0 ] [      0      0      0 ] [ 0 ],drive [ 95 ] [ 0 ] [ 1892 1632 1756 ] [    2   20   11 ] [   9182   6361   9191 ] [ 0 ],1.00,1.00,1.00,1.00,-167.62,-27.54,0.00,0.00,0.00,0.00,0.00,0.00,0.00,0.00,0.00,0.00,0.00,0.00,0.00,0.00,0.00,0
2.35987,-169,-28,266,0,DRIVE [ 96 ] [ 1 ] [ 1892 1602 1738 ] [    0    0    0 ] [      0      0      0 ] [ 0 ],drive [ 96 ] [ 0 ] [ 1892 1617 1747 ] [    2   45   13 ] [   9182   6361   9191 ] [ 0 ],1.00,1.00,1.00,1.00,-168.62,-28.06,0.00,0.00,0.00,0.00,0.00,0.00,0.00,0.00,0.00,0.00,0.00,0.00,0.00,0.00,0.00,0
2.37211,-169,-28,266,0,DRIVE [ 97 ] [ 1 ] [ 1892 1587 1729 ] [    0    0    0 ] [      0      0      0 ] [ 0 ],drive [ 96 ] [ 0 ] [ 1892 1602 1738 ] [    2   45   13 ] [   9182   6361   9191 ] [ 0 ],1.00,1.00,1.00,1.00,-168.95,-28.45,0.00,0.00,0.00,0.00,0.00,0.00,0.00,0.00,0.00,0.00,0.00,0.00,0.00,0.00,0.00,0
2.38347,-169,-29,266,0,DRIVE [ 97 ] [ 1 ] [ 1892 1572 1720 ] [    0    0    0 ] [      0      0      0 ] [ 0 ],drive [ 97 ] [ 0 ] [ 1892 1587 1729 ] [    2   45   13 ] [   9182   6361   9191 ] [ 0 ],1.00,1.00,1.00,1.00,-169.49,-29.03,0.00,0.00,0.00,0.00,0.00,0.00,0.00,0.00,0.00,0.00,0.00,0.00,0.00,0.00,0.00,0
2.39586,-170,-29,266,0,DRIVE [ 98 ] [ 1 ] [ 1892 1558 1712 ] [    0    0    0 ] [      0      0      0 ] [ 0 ],drive [ 97 ] [ 0 ] [ 1892 1572 1720 ] [    2   45   13 ] [   9180   6463   9232 ] [ 0 ],1.00,1.00,1.00,1.00,-169.68,-29.28,0.00,0.00,0.00,0.00,0.00,0.00,0.00,0.00,0.00,0.00,0.00,0.00,0.00,0.00,0.00,0
2.40772,-170,-29,265,0,DRIVE [ 98 ] [ 1 ] [ 1892 1544 1703 ] [    0    0    0 ] [      0      0      0 ] [ 0 ],drive [ 98 ] [ 0 ] [ 1892 1558 1712 ] [    2   55   27 ] [   9180   6463   9232 ] [ 0 ],1.00,1.00,1.00,1.00,-169.52,-29.43,0.00,0.00,0.00,0.00,0.00,0.00,0.00,0.00,0.00,0.00,0.00,0.00,0.00,0.00,0.00,0
2.41917,-169,-30,265,0,DRIVE [ 99 ] [ 1 ] [ 1892 1531 1695 ] [    0    0    0 ] [      0      0      0 ] [ 0 ],drive [ 98 ] [ 0 ] [ 1892 1544 1703 ] [    2   55   27 ] [   9180   6463   9232 ] [ 0 ],1.00,1.00,1.00,1.00,-169.18,-29.56,0.00,0.00,0.00,0.00,0.00,0.00,0.00,0.00,0.00,0.00,0.00,0.00,0.00,0.00,0.00,0
2.43125,-169,-29,266,0,DRIVE [ 99 ] [ 1 ] [ 1892 1518 1689 ] [    0    0    0 ] [      0      0      0 ] [ 0 ],drive [ 99 ] [ 0 ] [ 1892 1531 1695 ] [    2   55   27 ] [   9180   6463   9232 ] [ 0 ],1.00,1.00,1.00,1.00,-168.97,-29.43,0.00,0.00,0.00,0.00,0.00,0.00,0.00,0.00,0.00,0.00,0.00,0.00,0.00,0.00,0.00,0
2.4432,-169,-29,267,0,DRIVE [ 00 ] [ 1 ] [ 1892 1506 1683 ] [    0    0    0 ] [      0      0      0 ] [ 0 ],drive [ 99 ] [ 0 ] [ 1892 1518 1689 ] [    2   55   27 ] [   9176   6627   9316 ] [ 0 ],1.00,1.00,1.00,1.00,-168.68,-28.88,0.00,0.00,0.00,0.00,0.00,0.00,0.00,0.00,0.00,0.00,0.00,0.00,0.00,0.00,0.00,0
2.45473,-168,-28,267,0,DRIVE [ 00 ] [ 1 ] [ 1892 1495 1678 ] [    0    0    0 ] [      0      0      0 ] [ 0 ],drive [ 00 ] [ 0 ] [ 1892 1506 1683 ] [    2   55   27 ] [   9176   6627   9316 ] [ 0 ],1.00,1.00,1.00,1.00,-167.53,-28.36,0.00,0.00,0.00,0.00,0.00,0.00,0.00,0.00,0.00,0.00,0.00,0.00,0.00,0.00,0.00,0
2.46694,-166,-28,267,0,DRIVE [ 01 ] [ 1 ] [ 1892 1485 1673 ] [    0    0    0 ] [      0      0      0 ] [ 0 ],drive [ 00 ] [ 0 ] [ 1892 1495 1678 ] [    3   38   25 ] [   9176   6627   9316 ] [ 0 ],1.00,1.00,1.00,1.00,-165.93,-27.81,0.00,0.00,0.00,0.00,0.00,0.00,0.00,0.00,0.00,0.00,0.00,0.00,0.00,0.00,0.00,0
2.47901,-165,-27,267,0,DRIVE [ 01 ] [ 1 ] [ 1892 1475 1668 ] [    0    0    0 ] [      0      0      0 ] [ 0 ],drive [ 01 ] [ 0 ] [ 1892 1485 1673 ] [    3   38   25 ] [   9176   6627   9316 ] [ 0 ],1.00,1.00,1.00,1.00,-164.55,-27.38,0.00,0.00,0.00,0.00,0.00,0.00,0.00,0.00,0.00,0.00,0.00,0.00,0.00,0.00,0.00,0
2.49103,-164,-27,269,0,DRIVE [ 02 ] [ 1 ] [ 1892 1466 1663 ] [    0    0    0 ] [      0      0      0 ] [ 0 ],drive [ 01 ] [ 0 ] [ 1892 1475 1668 ] [    3   38   25 ] [   9176   6627   9316 ] [ 0 ],1.00,1.00,1.00,1.00,-163.92,-27.37,0.00,0.00,0.00,0.00,0.00,0.00,0.00,0.00,0.00,0.00,0.00,0.00,0.00,0.00,0.00,0
2.50254,-163,-27,270,0,DRIVE [ 02 ] [ 1 ] [ 1892 1458 1658 ] [    0    0    0 ] [      0      0      0 ] [ 0 ],drive [ 02 ] [ 0 ] [ 1892 1466 1663 ] [    3   38   25 ] [   9177   6694   9320 ] [ 0 ],1.00,1.00,1.00,1.00,-162.80,-27.19,0.00,0.00,0.00,0.00,0.00,0.00,0.00,0.00,0.00,0.00,0.00,0.00,0.00,0.00,0.00,0
2.51466,-162,-27,272,0,DRIVE [ 03 ] [ 1 ] [ 1892 1451 1654 ] [    0    0    0 ] [      0      0      0 ] [ 0 ],drive [ 02 ] [ 0 ] [ 1892 1458 1658 ] [    3   43   38 ] [   9177   6694   9320 ] [ 0 ],1.00,1.00,1.00,1.00,-161.55,-27.08,0.00,0.00,0.00,0.00,0.00,0.00,0.00,0.00,0.00,0.00,0.00,0.00,0.00,0.00,0.00,0
2.52679,-160,-27,273,0,DRIVE [ 03 ] [ 1 ] [ 1892 1444 1650 ] [    0    0    0 ] [      0      0      0 ] [ 0 ],drive [ 03 ] [ 0 ] [ 1892 1451 1654 ] [    3   43   38 ] [   9177   6694   9320 ] [ 0 ],1.00,1.00,1.00,1.00,-160.00,-27.05,0.00,0.00,0.00,0.00,0.00,0.00,0.00,0.00,0.00,0.00,0.00,0.00,0.00,0.00,0.00,0
2.53892,-158,-27,273,0,DRIVE [ 04 ] [ 1 ] [ 1892 1438 1645 ] [    0    0    0 ] [      0      0      0 ] [ 0 ],drive [ 03 ] [ 0 ] [ 1892 1444 1650 ] [    3   43   38 ] [   9177   6694   9320 ] [ 0 ],1.00,1.00,1.00,1.00,-158.01,-26.99,0.00,0.00,0.00,0.00,0.00,0.00,0.00,0.00,0.00,0.00,0.00,0.00,0.00,0.00,0.00,0
2.55036,-156,-27,273,0,DRIVE [ 04 ] [ 1 ] [ 1892 1433 1641 ] [    0    0    0 ] [      0      0      0 ] [ 0 ],drive [ 04 ] [ 0 ] [ 1892 1438 1645 ] [    3   43   38 ] [   9176   6771   9356 ] [ 0 ],1.00,1.00,1.00,1.00,-155.74,-26.92,0.00,0.00,0.00,0.00,0.00,0.00,0.00,0.00,0.00,0.00,0.00,0.00,0.00,0.00,0.00,0
2.56241,-153,-27,273,0,DRIVE [ 05 ] [ 1 ] [ 1892 1429 1638 ] [    0    0    0 ] [      0      0      0 ] [ 0 ],drive [ 04 ] [ 0 ] [ 1892 1433 1641 ] [    3   61   40 ] [   9176   6771   9356 ] [ 0 ],1.00,1.00,1.00,1.00,-153.41,-26.90,0.00,0.00,0.00,0.00,0.00,0.00,0.00,0.00,0.00,0.00,0.00,0.00,0.00,0.00,0.00,0
2.57424,-151,-27,274,0,DRIVE [ 05 ] [ 1 ] [ 1892 1426 1635 ] [    0    0    0 ] [      0      0      0 ] [ 0 ],drive [ 05 ] [ 0 ] [ 1892 1429 1638 ] [    3   61   40 ] [   9176   6771   9356 ] [ 0 ],1.00,1.00,1.00,1.00,-151.26,-26.99,0.00,0.00,0.00,0.00,0.00,0.00,0.00,0.00,0.00,0.00,0.00,0.00,0.00,0.00,0.00,0
2.58598,-149,-27,276,0,DRIVE [ 06 ] [ 1 ] [ 1892 1426 1632 ] [    0    0    0 ] [      0      0      0 ] [ 0 ],drive [ 05 ] [ 0 ] [ 1892 1426 1635 ] [    3   61   40 ] [   9176   6771   9356 ] [ 0 ],1.00,1.00,1.00,1.00,-149.12,-27.38,0.00,0.00,0.00,0.00,0.00,0.00,0.00,0.00,0.00,0.00,0.00,0.00,0.00,0.00,0.00,0
2.59812,-145,-27,275,0,DRIVE [ 06 ] [ 1 ] [ 1892 1426 1629 ] [    0    0    0 ] [      0      0      0 ] [ 0 ],drive [ 06 ] [ 0 ] [ 1892 1426 1632 ] [    3   61   40 ] [   9173   6918   9394 ] [ 0 ],1.00,1.00,1.00,1.00,-145.20,-27.47,0.00,0.00,0.00,0.00,0.00,0.00,0.00,0.00,0.00,0.00,0.00,0.00,0.00,0.00,0.00,0
2.61003,-142,-28,275,0,DRIVE [ 07 ] [ 1 ] [ 1892 1428 1627 ] [    0    0    0 ] [      0      0      0 ] [ 0 ],drive [ 06 ] [ 0 ] [ 1892 1426 1629 ] [    3   47   29 ] [   9173   6918   9394 ] [ 0 ],1.00,1.00,1.00,1.00,-141.57,-27.61,0.00,0.00,0.00,0.00,0.00,0.00,0.00,0.00,0.00,0.00,0.00,0.00,0.00,0.00,0.00,0
2.62256,-139,-28,277,0,DRIVE [ 07 ] [ 1 ] [ 1892 1431 1626 ] [    0    0    0 ] [      0      0      0 ] [ 0 ],drive [ 07 ] [ 0 ] [ 1892 1428 1627 ] [    3   47   29 ] [   9173   6918   9394 ] [ 0 ],1.00,1.00,1.00,1.00,-138.71,-27.94,0.00,0.00,0.00,0.00,0.00,0.00,0.00,0.00,0.00,0.00,0.00,0.00,0.00,0.00,0.00,0
2.63436,-135,-28,277,0,DRIVE [ 08 ] [ 1 ] [ 1892 1433 1623 ] [    0    0    0 ] [      0      0      0 ] [ 0 ],drive [ 07 ] [ 0 ] [ 1892 1431 1626 ] [    3   47   29 ] [   9173   6918   9394 ] [ 0 ],1.00,1.00,1.00,1.00,-135.21,-28.11,0.00,0.00,0.00,0.00,0.00,0.00,0.00,0.00,0.00,0.00,0.00,0.00,0.00,0.00,0.00,0
2.64649,-132,-28,277,0,DRIVE [ 08 ] [ 1 ] [ 1892 1437 1622 ] [    0    0    0 ] [      0      0      0 ] [ 0 ],drive [ 08 ] [ 0 ] [ 1892 1433 1623 ] [    3   47   29 ] [   9166   6918   9403 ] [ 0 ],1.00,1.00,1.00,1.00,-131.96,-28.43,0.00,0.00,0.00,0.00,0.00,0.00,0.00,0.00,0.00,0.00,0.00,0.00,0.00,0.00,0.00,0
2.65894,-128,-29,279,0,DRIVE [ 09 ] [ 1 ] [ 1892 1446 1622 ] [    0    0    0 ] [      0      0      0 ] [ 0 ],drive [ 08 ] [ 0 ] [ 1892 1437 1622 ] [   12   46   27 ] [   9166   6918   9403 ] [ 0 ],1.00,1.00,1.00,1.00,-127.81,-28.87,0.00,0.00,0.00,0.00,0.00,0.00,0.00,0.00,0.00,0.00,0.00,0.00,0.00,0.00,0.00,0
2.67081,-124,-29,280,0,DRIVE [ 09 ] [ 1 ] [ 1892 1454 1621 ] [    0    0    0 ] [      0      0      0 ] [ 0 ],drive [ 09 ] [ 0 ] [ 1892 1446 1622 ] [   12   46   27 ] [   9166   6918   9403 ] [ 0 ],1.00,1.00,1.00,1.00,-123.74,-29.28,0.00,0.00,0.00,0.00,0.00,0.00,0.00,0.00,0.00,0.00,0.00,0.00,0.00,0.00,0.00,0
2.684,-120,-30,280,0,DRIVE [ 10 ] [ 1 ] [ 1892 1463 1621 ] [    0    0    0 ] [      0      0      0 ] [ 0 ],drive [ 09 ] [ 0 ] [ 1892 1454 1621 ] [   12   46   27 ] [   9166   6918   9403 ] [ 0 ],1.00,1.00,1.00,1.00,-119.59,-29.67,0.00,0.00,0.00,0.00,0.00,0.00,0.00,0.00,0.00,0.00,0.00,0.00,0.00,0.00,0.00,0
2.69619,-116,-30,281,0,DRIVE [ 10 ] [ 1 ] [ 1892 1471 1620 ] [    0    0    0 ] [      0      0      0 ] [ 0 ],drive [ 10 ] [ 0 ] [ 1892 1463 1621 ] [   12   46   27 ] [   9157   6918   9426 ] [ 0 ],1.00,1.00,1.00,1.00,-115.61,-30.02,0.00,0.00,0.00,0.00,0.00,0.00,0.00,0.00,0.00,0.00,0.00,0.00,0.00,0.00,0.00,0
2.70816,-112,-30,282,0,DRIVE [ 11 ] [ 1 ] [ 1892 1480 1621 ] [    0    0    0 ] [      0      0      0 ] [ 0 ],drive [ 10 ] [ 0 ] [ 1892 1471 1620 ] [   15   43   30 ] [   9157   6918   9426 ] [ 0 ],1.00,1.00,1.00,1.00,-111.71,-30.33,0.00,0.00,0.00,0.00,0.00,0.00,0.00,0.00,0.00,0.00,0.00,0.00,0.00,0.00,0.00,0
2.71981,-108,-31,283,0,DRIVE [ 11 ] [ 1 ] [ 1892 1491 1621 ] [    0    0    0 ] [      0      0      0 ] [ 0 ],drive [ 11 ] [ 0 ] [ 1892 1480 1621 ] [   15   43   30 ] [   9157   6918   9426 ] [ 0 ],1.00,1.00,1.00,1.00,-108.00,-30.78,0.00,0.00,0.00,0.00,0.00,0.00,0.00,0.00,0.00,0.00,0.00,0.00,0.00,0.00,0.00,0
2.73208,-104,-31,283,0,DRIVE [ 12 ] [ 1 ] [ 1892 1502 1622 ] [    0    0    0 ] [      0      0      0 ] [ 0 ],drive [ 11 ] [ 0 ] [ 1892 1491 1621 ] [   15   43   30 ] [   9157   6918   9426 ] [ 0 ],1.00,1.00,1.00,1.00,-103.66,-30.94,0.00,0.00,0.00,0.00,0.00,0.00,0.00,0.00,0.00,0.00,0.00,0.00,0.00,0.00,0.00,0
2.74407,-99,-31,283,0,DRIVE [ 12 ] [ 1 ] [ 1892 1513 1622 ] [    0    0    0 ] [      0      0      0 ] [ 0 ],drive [ 12 ] [ 0 ] [ 1892 1502 1622 ] [   15   43   30 ] [   9142   6918   9448 ] [ 0 ],1.00,1.00,1.00,1.00,-99.41,-31.21,0.00,0.00,0.00,0.00,0.00,0.00,0.00,0.00,0.00,0.00,0.00,0.00,0.00,0.00,0.00,0
2.75604,-96,-32,284,0,DRIVE [ 13 ] [ 1 ] [ 1892 1526 1623 ] [    0    0    0 ] [      0      0      0 ] [ 0 ],drive [ 12 ] [ 0 ] [ 1892 1513 1622 ] [   15   43   30 ] [   9142   6918   9448 ] [ 0 ],1.00,1.00,1.00,1.00,-95.55,-31.73,0.00,0.00,0.00,0.00,0.00,0.00,0.00,0.00,0.00,0.00,0.00,0.00,0.00,0.00,0.00,0
2.76787,-91,-32,284,0,DRIVE [ 13 ] [ 1 ] [ 1892 1539 1624 ] [    0    0    0 ] [      0      0      0 ] [ 0 ],drive [ 13 ] [ 0 ] [ 1892 1526 1623 ] [   29   40   46 ] [   9142   6918   9448 ] [ 0 ],1.00,1.00,1.00,1.00,-91.12,-31.95,0.00,0.00,0.00,0.00,0.00,0.00,0.00,0.00,0.00,0.00,0.00,0.00,0.00,0.00,0.00,0
2.77987,-86,-33,286,0,DRIVE [ 14 ] [ 1 ] [ 1892 1560 1627 ] [    0    0    0 ] [      0      0      0 ] [ 0 ],drive [ 13 ] [ 0 ] [ 1892 1539 1624 ] [   29   40   46 ] [   9142   6918   9448 ] [ 0 ],1.00,1.00,1.00,1.00,-85.92,-32.57,0.00,0.00,0.00,0.00,0.00,0.00,0.00,0.00,0.00,0.00,0.00,0.00,0.00,0.00,0.00,0
2.79387,-80,-33,285,0,DRIVE [ 14 ] [ 1 ] [ 1892 1579 1630 ] [    0    0    0 ] [      0      0      0 ] [ 0 ],drive [ 14 ] [ 0 ] [ 1892 1560 1627 ] [   29   40   46 ] [   9142   6918   9448 ] [ 0 ],1.00,1.00,1.00,1.00,-80.26,-32.87,0.00,0.00,0.00,0.00,0.00,0.00,0.00,0.00,0.00,0.00,0.00,0.00,0.00,0.00,0.00,0
2.80773,-75,-33,285,0,DRIVE [ 15 ] [ 1 ] [ 1892 1598 1632 ] [    0    0    0 ] [      0      0      0 ] [ 0 ],drive [ 14 ] [ 0 ] [ 1892 1579 1630 ] [   29   40   46 ] [   9070   6916   9495 ] [ 0 ],1.00,1.00,1.00,1.00,-74.87,-33.14,0.00,0.00,0.00,0.00,0.00,0.00,0.00,0.00,0.00,0.00,0.00,0.00,0.00,0.00,0.00,0
2.81942,-69,-33,284,0,DRIVE [ 15 ] [ 1 ] [ 1892 1618 1635 ] [    0    0    0 ] [      0      0      0 ] [ 0 ],drive [ 15 ] [ 0 ] [ 1892 1598 1632 ] [   16   34   27 ] [   9070   6916   9495 ] [ 0 ],1.00,1.00,1.00,1.00,-69.34,-33.20,0.00,0.00,0.00,0.00,0.00,0.00,0.00,0.00,0.00,0.00,0.00,0.00,0.00,0.00,0.00,0
2.83173,-64,-33,284,0,DRIVE [ 16 ] [ 1 ] [ 1892 1639 1639 ] [    0    0    0 ] [      0      0      0 ] [ 0 ],drive [ 15 ] [ 0 ] [ 1892 1618 1635 ] [   16   34   27 ] [   9070   6916   9495 ] [ 0 ],1.00,1.00,1.00,1.00,-64.05,-33.25,0.00,0.00,0.00,0.00,0.00,0.00,0.00,0.00,0.00,0.00,0.00,0.00,0.00,0.00,0.00,0
2.84381,-59,-33,284,0,DRIVE [ 16 ] [ 1 ] [ 1892 1660 1644 ] [    0    0    0 ] [      0      0      0 ] [ 0 ],drive [ 16 ] [ 0 ] [ 1892 1639 1639 ] [   16   34   27 ] [   9021   6912   9541 ] [ 0 ],1.00,1.00,1.00,1.00,-58.74,-33.10,0.00,0.00,0.00,0.00,0.00,0.00,0.00,0.00,0.00,0.00,0.00,0.00,0.00,0.00,0.00,0
2.85523,-53,-33,283,0,DRIVE [ 17 ] [ 1 ] [ 1892 1680 1649 ] [    0    0    0 ] [      0      0      0 ] [ 0 ],drive [ 16 ] [ 0 ] [ 1892 1660 1644 ] [   16   34   27 ] [   9021   6912   9541 ] [ 0 ],1.00,1.00,1.00,1.00,-53.28,-32.79,0.00,0.00,0.00,0.00,0.00,0.00,0.00,0.00,0.00,0.00,0.00,0.00,0.00,0.00,0.00,0
2.86734,-48,-33,283,0,DRIVE [ 17 ] [ 1 ] [ 1892 1703 1653 ] [    0    0    0 ] [      0      0      0 ] [ 0 ],drive [ 17 ] [ 0 ] [ 1892 1680 1649 ] [   22   26   26 ] [   9021   6912   9541 ] [ 0 ],1.00,1.00,1.00,1.00,-48.03,-32.74,0.00,0.00,0.00,0.00,0.00,0.00,0.00,0.00,0.00,0.00,0.00,0.00,0.00,0.00,0.00,0
2.87925,-43,-33,283,0,DRIVE [ 18 ] [ 1 ] [ 1892 1725 1657 ] [    0    0    0 ] [      0      0      0 ] [ 0 ],drive [ 17 ] [ 0 ] [ 1892 1703 1653 ] [   22   26   26 ] [   9021   6912   9541 ] [ 0 ],1.00,1.00,1.00,1.00,-42.99,-32.82,0.00,0.00,0.00,0.00,0.00,0.00,0.00,0.00,0.00,0.00,0.00,0.00,0.00,0.00,0.00,0
2.8913,-38,-33,283,0,DRIVE [ 18 ] [ 1 ] [ 1892 1746 1660 ] [    0    0    0 ] [      0      0      0 ] [ 0 ],drive [ 18 ] [ 0 ] [ 1892 1725 1657 ] [   22   26   26 ] [   9021   6912   9541 ] [ 0 ],1.00,1.00,1.00,1.00,-37.86,-32.76,0.00,0.00,0.00,0.00,0.00,-0.00,-0.00,0.00,0.00,0.00,0.00,0.00,0.00,0.00,0.00,0
2.9029,-33,-33,283,0,DRIVE [ 19 ] [ 1 ] [ 1892 1768 1661 ] [    0    0    0 ] [      0      0      0 ] [ 0 ],drive [ 18 ] [ 0 ] [ 1892 1746 1660 ] [   22   26   26 ] [   9021   6894   9541 ] [ 0 ],1.00,1.00,1.00,1.00,-32.82,-32.84,0.00,0.00,0.00,0.00,0.00,-0.00,-0.00,0.00,0.00,0.00,0.00,0.00,0.00,0.00,0.00,0
2.91499,-28,-33,282,0,DRIVE [ 19 ] [ 1 ] [ 1892 1789 1661 ] [    0    0    0 ] [      0      0      0 ] [ 0 ],drive [ 19 ] [ 0 ] [ 1892 1768 1661 ] [   23   26   25 ] [   9021   6894   9541 ] [ 0 ],1.00,1.00,1.00,1.00,-27.86,-32.90,0.00,0.00,0.00,0.00,0.00,-0.00,-0.00,0.00,0.00,0.00,0.00,0.00,0.00,0.00,0.00,0
2.92695,-23,-33,281,0,DRIVE [ 20 ] [ 1 ] [ 1892 1810 1659 ] [    0    0    0 ] [      0      0      0 ] [ 0 ],drive [ 19 ] [ 0 ] [ 1892 1789 1661 ] [   23   26   25 ] [   9021   6894   9541 ] [ 0 ],1.00,1.00,1.00,1.00,-22.87,-32.98,0.00,0.00,0.00,0.00,0.00,-0.00,-0.00,0.00,0.00,0.00,0.00,0.00,0.00,0.00,0.00,0
2.93947,-18,-33,281,0,DRIVE [ 20 ] [ 1 ] [ 1892 1831 1655 ] [    0    0    0 ] [      0      0      0 ] [ 0 ],drive [ 20 ] [ 0 ] [ 1892 1810 1659 ] [   23   26   25 ] [   9021   6894   9541 ] [ 0 ],1.00,1.00,1.00,1.00,-17.93,-33.05,0.00,0.00,0.00,0.00,0.00,-0.00,-0.00,0.00,0.00,0.00,0.00,0.00,0.00,0.00,0.00,0
2.95113,-13,-33,281,0,DRIVE [ 21 ] [ 1 ] [ 1892 1851 1647 ] [    0    0    0 ] [      0      0      0 ] [ 0 ],drive [ 20 ] [ 0 ] [ 1892 1831 1655 ] [   23   26   25 ] [   9021   6833   9543 ] [ 0 ],1.00,1.00,1.00,1.00,-13.05,-33.12,0.00,0.00,0.00,0.00,0.00,-0.00,-0.00,0.00,0.00,0.00,0.00,0.00,0.00,0.00,0.00,0
2.96318,-8,-33,280,0,DRIVE [ 21 ] [ 1 ] [ 1892 1871 1635 ] [    0    0    0 ] [      0      0      0 ] [ 0 ],drive [ 21 ] [ 0 ] [ 1892 1851 1647 ] [   22   26   29 ] [   9021   6833   9543 ] [ 0 ],1.00,1.00,1.00,1.00,-8.26,-33.13,0.00,0.00,0.00,0.00,0.00,-0.00,-0.00,0.00,0.00,0.00,0.00,0.00,0.00,0.00,0.00,0
2.97506,-2,-33,280,0,DRIVE [ 22 ] [ 1 ] [ 1892 1896 1614 ] [    0    0    0 ] [      0      0      0 ] [ 0 ],drive [ 21 ] [ 0 ] [ 1892 1871 1635 ] [   22   26   29 ] [   9021   6833   9543 ] [ 0 ],1.00,1.00,1.00,1.00,-2.19,-33.10,0.00,0.00,0.00,0.00,0.00,-0.00,-0.00,0.00,0.00,0.00,0.00,0.00,0.00,0.00,0.00,0
2.98672,3,-33,278,0,DRIVE [ 22 ] [ 1 ] [ 1891 1896 1614 ] [    0    0    0 ] [      0      0      0 ] [ 0 ],drive [ 22 ] [ 0 ] [ 1892 1896 1614 ] [   22   26   29 ] [   9021   6833   9543 ] [ 0 ],1.00,1.00,1.00,1.00,3.27,-32.81,0.00,0.00,0.00,0.00,0.00,-0.00,-0.00,0.00,0.00,0.00,0.00,0.00,0.00,0.00,0.00,0
2.99899,8,-33,277,0,DRIVE [ 23 ] [ 1 ] [ 1869 1896 1626 ] [    0    0    0 ] [      0      0      0 ] [ 0 ],drive [ 22 ] [ 0 ] [ 1891 1896 1614 ] [   22   26   29 ] [   9021   6538   9592 ] [ 0 ],1.00,1.00,1.00,1.00,8.25,-32.52,0.00,0.00,0.00,0.00,0.00,-0.00,-0.00,0.00,0.00,0.00,0.00,0.00,0.00,0.00,0.00,0
3.01108,13,-32,276,0,DRIVE [ 23 ] [ 1 ] [ 1848 1896 1633 ] [    0    0    0 ] [      0      0      0 ] [ 0 ],drive [ 23 ] [ 0 ] [ 1869 1896 1626 ] [   23    8   29 ] [   9021   6538   9592 ] [ 0 ],1.00,1.00,1.00,1.00,12.80,-31.94,0.00,0.00,0.00,0.00,0.00,-0.00,-0.00,0.00,0.00,0.00,0.00,0.00,0.00,0.00,0.00,0
3.02317,17,-31,275,0,DRIVE [ 24 ] [ 1 ] [ 1826 1896 1638 ] [    0    0    0 ] [      0      0      0 ] [ 0 ],drive [ 23 ] [ 0 ] [ 1848 1896 1633 ] [   23    8   29 ] [   9021   6538   9592 ] [ 0 ],1.00,1.00,1.00,1.00,17.07,-31.30,0.00,0.00,0.00,0.00,0.00,-0.00,-0.00,0.00,0.00,0.00,0.00,0.00,0.00,0.00,0.00,0
3.03488,21,-30,275,0,DRIVE [ 24 ] [ 1 ] [ 1804 1896 1642 ] [    0    0    0 ] [      0      0      0 ] [ 0 ],drive [ 24 ] [ 0 ] [ 1826 1896 1638 ] [   23    8   29 ] [   9021   6538   9592 ] [ 0 ],1.00,1.00,1.00,1.00,21.05,-30.39,0.00,0.00,0.00,0.00,0.00,-0.00,-0.00,0.00,0.00,0.00,0.00,0.00,0.00,0.00,0.00,0
3.04697,25,-29,274,0,DRIVE [ 25 ] [ 1 ] [ 1782 1896 1647 ] [    0    0    0 ] [      0      0      0 ] [ 0 ],drive [ 24 ] [ 0 ] [ 1804 1896 1642 ] [   23    8   29 ] [   9009   6293   9705 ] [ 0 ],1.00,1.00,1.00,1.00,24.75,-29.04,0.00,0.00,0.00,0.00,0.00,-0.00,-0.00,0.00,0.00,0.00,0.00,0.00,0.00,0.00,0.00,0
3.05953,28,-28,272,0,DRIVE [ 25 ] [ 1 ] [ 1758 1896 1650 ] [    0    0    0 ] [      0      0      0 ] [ 0 ],drive [ 25 ] [ 0 ] [ 1782 1896 1647 ] [   33   25   48 ] [   9009   6293   9705 ] [ 0 ],1.00,1.00,1.00,1.00,28.36,-27.57,0.00,0.00,0.00,0.00,0.00,-0.00,-0.00,0.00,0.00,0.00,0.00,0.00,0.00,0.00,0.00,0
3.07115,32,-26,272,0,DRIVE [ 26 ] [ 1 ] [ 1732 1896 1651 ] [    0    0    0 ] [      0      0      0 ] [ 0 ],drive [ 25 ] [ 0 ] [ 1758 1896 1650 ] [   33   25   48 ] [   9009   6293   9705 ] [ 0 ],1.00,1.00,1.00,1.00,32.06,-26.22,0.00,0.00,0.00,0.00,0.00,-0.00,-0.00,0.00,0.00,0.00,0.00,0.00,0.00,0.00,0.00,0
3.08337,35,-25,269,0,DRIVE [ 26 ] [ 1 ] [ 1704 1896 1650 ] [    0    0    0 ] [      0      0      0 ] [ 0 ],drive [ 26 ] [ 0 ] [ 1732 1896 1651 ] [   33   25   48 ] [   9009   6293   9705 ] [ 0 ],1.00,1.00,1.00,1.00,35.47,-24.77,0.00,0.00,0.00,0.00,0.00,0.00,-0.00,0.00,0.00,0.00,0.00,0.00,0.00,0.00,0.00,0
3.09585,39,-24,268,0,DRIVE [ 27 ] [ 1 ] [ 1674 1896 1647 ] [    0    0    0 ] [      0      0      0 ] [ 0 ],drive [ 26 ] [ 0 ] [ 1704 1896 1650 ] [   33   25   48 ] [   9027   6284   9723 ] [ 0 ],1.00,1.00,1.00,1.00,39.21,-23.54,0.00,0.00,0.00,0.00,0.00,0.00,-0.00,0.00,0.00,0.00,0.00,0.00,0.00,0.00,0.00,0
3.10788,44,-22,268,0,DRIVE [ 27 ] [ 1 ] [ 1634 1896 1642 ] [    0    0    0 ] [      0      0      0 ] [ 0 ],drive [ 27 ] [ 0 ] [ 1674 1896 1647 ] [   35   25   41 ] [   9027   6284   9723 ] [ 0 ],1.00,1.00,1.00,1.00,44.15,-22.17,0.00,0.00,0.00,0.00,0.00,0.00,-0.00,0.00,0.00,0.00,0.00,0.00,0.00,0.00,0.00,0
3.11966,49,-21,267,0,DRIVE [ 28 ] [ 1 ] [ 1600 1896 1638 ] [    0    0    0 ] [      0      0      0 ] [ 0 ],drive [ 27 ] [ 0 ] [ 1634 1896 1642 ] [   35   25   41 ] [   9027   6284   9723 ] [ 0 ],1.00,1.00,1.00,1.00,48.51,-20.95,0.00,0.00,0.00,0.00,0.00,0.00,-0.00,0.00,0.00,0.00,0.00,0.00,0.00,0.00,0.00,0
3.13373,52,-20,266,0,DRIVE [ 28 ] [ 1 ] [ 1567 1896 1634 ] [    0    0    0 ] [      0      0      0 ] [ 0 ],drive [ 28 ] [ 0 ] [ 1600 1896 1638 ] [   35   25   41 ] [   9027   6284   9723 ] [ 0 ],1.00,1.00,1.00,1.00,52.48,-19.82,0.00,0.00,0.00,0.00,0.00,0.00,-0.00,0.00,0.00,0.00,0.00,0.00,0.00,0.00,0.00,0
3.14603,56,-19,265,0,DRIVE [ 29 ] [ 1 ] [ 1537 1896 1629 ] [    0    0    0 ] [      0      0      0 ] [ 0 ],drive [ 28 ] [ 0 ] [ 1567 1896 1634 ] [   35   25   41 ] [   9079   6284   9751 ] [ 0 ],1.00,1.00,1.00,1.00,56.10,-18.87,0.00,0.00,0.00,0.00,0.00,0.00,-0.00,0.00,0.00,0.00,0.00,0.00,0.00,0.00,0.00,0
3.15839,59,-18,264,0,DRIVE [ 29 ] [ 1 ] [ 1510 1896 1624 ] [    0    0    0 ] [      0      0      0 ] [ 0 ],drive [ 29 ] [ 0 ] [ 1537 1896 1629 ] [   53   26   29 ] [   9079   6284   9751 ] [ 0 ],1.00,1.00,1.00,1.00,59.38,-18.10,0.00,0.00,0.00,0.00,0.00,0.00,-0.00,0.00,0.00,0.00,0.00,0.00,0.00,0.00,0.00,0
3.17107,62,-17,263,0,DRIVE [ 30 ] [ 1 ] [ 1486 1896 1619 ] [    0    0    0 ] [      0      0      0 ] [ 0 ],drive [ 29 ] [ 0 ] [ 1510 1896 1624 ] [   53   26   29 ] [   9079   6284   9751 ] [ 0 ],1.00,1.00,1.00,1.00,62.14,-17.46,0.00,0.00,0.00,0.00,0.00,0.00,-0.00,0.00,0.00,0.00,0.00,0.00,0.00,0.00,0.00,0
3.18353,64,-17,262,0,DRIVE [ 30 ] [ 1 ] [ 1465 1896 1614 ] [    0    0    0 ] [      0      0      0 ] [ 0 ],drive [ 30 ] [ 0 ] [ 1486 1896 1619 ] [   53   26   29 ] [   9079   6284   9751 ] [ 0 ],1.00,1.00,1.00,1.00,64.50,-17.02,0.00,0.00,0.00,0.00,0.00,0.00,-0.00,0.00,0.00,0.00,0.00,0.00,0.00,0.00,0.00,0
3.19609,66,-17,261,0,DRIVE [ 31 ] [ 1 ] [ 1448 1896 1610 ] [    0    0    0 ] [      0      0      0 ] [ 0 ],drive [ 30 ] [ 0 ] [ 1465 1896 1614 ] [   53   26   29 ] [   9310   6261   9752 ] [ 0 ],1.00,1.00,1.00,1.00,66.37,-16.68,0.00,0.00,0.00,0.00,0.00,0.00,-0.00,0.00,0.00,0.00,0.00,0.00,0.00,0.00,0.00,0
3.20853,68,-17,261,0,DRIVE [ 31 ] [ 1 ] [ 1436 1896 1605 ] [    0    0    0 ] [      0      0      0 ] [ 0 ],drive [ 31 ] [ 0 ] [ 1448 1896 1610 ] [   44   11   30 ] [   9310   6261   9752 ] [ 0 ],1.00,1.00,1.00,1.00,67.97,-16.57,0.00,0.00,0.00,0.00,0.00,0.00,-0.00,0.00,0.00,0.00,0.00,0.00,0.00,0.00,0.00,0
3.22067,69,-17,260,0,DRIVE [ 32 ] [ 1 ] [ 1428 1896 1602 ] [    0    0    0 ] [      0      0      0 ] [ 0 ],drive [ 31 ] [ 0 ] [ 1436 1896 1605 ] [   44   11   30 ] [   9310   6261   9752 ] [ 0 ],1.00,1.00,1.00,1.00,68.82,-16.58,0.00,0.00,0.00,0.00,0.00,0.00,-0.00,0.00,0.00,0.00,0.00,0.00,0.00,0.00,0.00,0
3.23459,69,-17,260,0,DRIVE [ 32 ] [ 1 ] [ 1425 1896 1600 ] [    0    0    0 ] [      0      0      0 ] [ 0 ],drive [ 32 ] [ 0 ] [ 1428 1896 1602 ] [   44   11   30 ] [   9310   6261   9752 ] [ 0 ],1.00,1.00,1.00,1.00,69.20,-16.68,0.00,0.00,0.00,0.00,0.00,0.00,-0.00,0.00,0.00,0.00,0.00,0.00,0.00,0.00,0.00,0
3.24774,69,-17,260,0,DRIVE [ 33 ] [ 1 ] [ 1430 1896 1602 ] [    0    0    0 ] [      0      0      0 ] [ 0 ],drive [ 32 ] [ 0 ] [ 1425 1896 1600 ] [   44   11   30 ] [   9532   6137   9753 ] [ 0 ],1.00,1.00,1.00,1.00,68.59,-16.65,0.00,0.00,0.00,0.00,0.00,0.00,-0.00,0.00,0.00,0.00,0.00,0.00,0.00,0.00,0.00,0
3.25987,68,-17,260,0,DRIVE [ 33 ] [ 1 ] [ 1437 1896 1606 ] [    0    0    0 ] [      0      0      0 ] [ 0 ],drive [ 33 ] [ 0 ] [ 1430 1896 1602 ] [   64   15   31 ] [   9532   6137   9753 ] [ 0 ],1.00,1.00,1.00,1.00,67.53,-16.53,0.00,0.00,0.00,0.00,0.00,0.00,-0.00,0.00,0.00,0.00,0.00,0.00,0.00,0.00,0.00,0
3.27288,66,-16,260,0,DRIVE [ 34 ] [ 1 ] [ 1448 1896 1610 ] [    0    0    0 ] [      0      0      0 ] [ 0 ],drive [ 33 ] [ 0 ] [ 1437 1896 1606 ] [   64   15   31 ] [   9532   6137   9753 ] [ 0 ],1.00,1.00,1.00,1.00,66.14,-16.46,0.00,0.00,0.00,0.00,0.00,0.00,-0.00,0.00,0.00,0.00,0.00,0.00,0.00,0.00,0.00,0
3.28469,65,-17,260,0,DRIVE [ 34 ] [ 1 ] [ 1461 1896 1614 ] [    0    0    0 ] [      0      0      0 ] [ 0 ],drive [ 34 ] [ 0 ] [ 1448 1896 1610 ] [   64   15   31 ] [   9532   6137   9753 ] [ 0 ],1.00,1.00,1.00,1.00,64.56,-16.68,0.00,0.00,0.00,0.00,0.00,0.00,-0.00,0.00,0.00,0.00,0.00,0.00,0.00,0.00,0.00,0
3.29699,63,-17,261,0,DRIVE [ 35 ] [ 1 ] [ 1475 1896 1619 ] [    0    0    0 ] [      0      0      0 ] [ 0 ],drive [ 34 ] [ 0 ] [ 1461 1896 1614 ] [   64   15   31 ] [   9753   6073   9754 ] [ 0 ],1.00,1.00,1.00,1.00,62.77,-16.81,0.00,0.00,0.00,0.00,0.00,0.00,-0.00,0.00,0.00,0.00,0.00,0.00,0.00,0.00,0.00,0
3.309,61,-17,261,0,DRIVE [ 35 ] [ 1 ] [ 1492 1896 1623 ] [    0    0    0 ] [      0      0      0 ] [ 0 ],drive [ 35 ] [ 0 ] [ 1475 1896 1619 ] [   55   19   31 ] [   9753   6073   9754 ] [ 0 ],1.00,1.00,1.00,1.00,60.68,-17.10,0.00,0.00,0.00,0.00,0.00,0.00,-0.00,0.00,0.00,0.00,0.00,0.00,0.00,0.00,0.00,0
3.32067,58,-17,261,0,DRIVE [ 36 ] [ 1 ] [ 1510 1896 1629 ] [    0    0    0 ] [      0      0      0 ] [ 0 ],drive [ 35 ] [ 0 ] [ 1492 1896 1623 ] [   55   19   31 ] [   9753   6073   9754 ] [ 0 ],1.00,1.00,1.00,1.00,58.43,-17.20,0.00,0.00,0.00,0.00,0.00,0.00,-0.00,0.00,0.00,0.00,0.00,0.00,0.00,0.00,0.00,0
3.33283,56,-17,262,0,DRIVE [ 36 ] [ 1 ] [ 1531 1896 1637 ] [    0    0    0 ] [      0      0      0 ] [ 0 ],drive [ 36 ] [ 0 ] [ 1510 1896 1629 ] [   55   19   31 ] [   9753   6073   9754 ] [ 0 ],1.00,1.00,1.00,1.00,55.76,-17.20,0.00,0.00,0.00,0.00,0.00,0.00,-0.00,0.00,0.00,0.00,0.00,0.00,0.00,0.00,0.00,0
3.34513,53,-17,263,0,DRIVE [ 37 ] [ 1 ] [ 1553 1896 1646 ] [    0    0    0 ] [      0      0      0 ] [ 0 ],drive [ 36 ] [ 0 ] [ 1531 1896 1637 ] [   55   19   31 ] [   9769   6000   9753 ] [ 0 ],1.00,1.00,1.00,1.00,52.87,-17.08,0.00,0.00,0.00,0.00,0.00,0.00,-0.00,0.00,0.00,0.00,0.00,0.00,0.00,0.00,0.00,0
3.35736,49,-17,263,0,DRIVE [ 37 ] [ 1 ] [ 1580 1896 1659 ] [    0    0    0 ] [      0      0      0 ] [ 0 ],drive [ 37 ] [ 0 ] [ 1553 1896 1646 ] [   55   19   31 ] [   9769   6000   9753 ] [ 0 ],1.00,1.00,1.00,1.00,49.17,-16.83,0.00,0.00,0.00,0.00,0.00,0.00,-0.00,0.00,0.00,0.00,0.00,0.00,0.00,0.00,0.00,0
3.36914,46,-17,264,0,DRIVE [ 38 ] [ 1 ] [ 1606 1896 1670 ] [    0    0    0 ] [      0      0      0 ] [ 0 ],drive [ 37 ] [ 0 ] [ 1580 1896 1659 ] [   48   12   28 ] [   9769   6000   9753 ] [ 0 ],1.00,1.00,1.00,1.00,45.67,-16.56,0.00,0.00,0.00,0.00,0.00,0.00,-0.00,0.00,0.00,0.00,0.00,0.00,0.00,0.00,0.00,0
3.38139,42,-16,264,0,DRIVE [ 38 ] [ 1 ] [ 1630 1896 1682 ] [    0    0    0 ] [      0      0      0 ] [ 0 ],drive [ 38 ] [ 0 ] [ 1606 1896 1670 ] [   48   12   28 ] [   9769   6000   9753 ] [ 0 ],1.00,1.00,1.00,1.00,42.24,-16.22,0.00,0.00,0.00,0.00,0.00,0.00,-0.00,0.00,0.00,0.00,0.00,0.00,0.00,0.00,0.00,0
3.39359,39,-16,264,0,DRIVE [ 39 ] [ 1 ] [ 1654 1896 1693 ] [    0    0    0 ] [      0      0      0 ] [ 0 ],drive [ 38 ] [ 0 ] [ 1630 1896 1682 ] [   48   12   28 ] [   9763   5944   9752 ] [ 0 ],1.00,1.00,1.00,1.00,38.91,-15.85,0.00,0.00,0.00,0.00,0.00,0.00,-0.00,0.00,0.00,0.00,0.00,0.00,0.00,0.00,0.00,0
3.40636,36,-16,265,0,DRIVE [ 39 ] [ 1 ] [ 1677 1896 1705 ] [    0    0    0 ] [      0      0      0 ] [ 0 ],drive [ 39 ] [ 0 ] [ 1654 1896 1693 ] [   48   12   28 ] [   9763   5944   9752 ] [ 0 ],1.00,1.00,1.00,1.00,35.79,-15.54,0.00,0.00,0.00,0.00,0.00,0.00,-0.00,0.00,0.00,0.00,0.00,0.00,-0.00,0.00,0.00,0
3.41828,33,-15,265,0,DRIVE [ 40 ] [ 1 ] [ 1699 1896 1715 ] [    0    0    0 ] [      0      0      0 ] [ 0 ],drive [ 39 ] [ 0 ] [ 1677 1896 1705 ] [   34   19   24 ] [   9763   5944   9752 ] [ 0 ],1.00,1.00,1.00,1.00,32.68,-15.30,0.00,0.00,0.00,0.00,0.00,0.00,-0.00,0.00,0.00,0.00,0.00,0.00,-0.00,0.00,0.00,0
3.43073,30,-15,266,0,DRIVE [ 40 ] [ 1 ] [ 1721 1896 1724 ] [    0    0    0 ] [      0      0      0 ] [ 0 ],drive [ 40 ] [ 0 ] [ 1699 1896 1715 ] [   34   19   24 ] [   9763   5944   9752 ] [ 0 ],1.00,1.00,1.00,1.00,29.66,-15.08,0.00,0.00,0.00,0.00,0.00,0.00,-0.00,0.00,0.00,0.00,0.00,0.00,-0.00,0.00,0.00,0
3.44501,27,-15,265,0,DRIVE [ 41 ] [ 1 ] [ 1742 1896 1733 ] [    0    0    0 ] [      0      0      0 ] [ 0 ],drive [ 40 ] [ 0 ] [ 1721 1896 1724 ] [   34   19   24 ] [   9756   5944   9750 ] [ 0 ],1.00,1.00,1.00,1.00,26.59,-14.80,0.00,0.00,0.00,0.00,0.00,0.00,-0.00,0.00,0.00,0.00,0.00,0.00,-0.00,0.00,0.00,0
3.45666,24,-15,265,0,DRIVE [ 41 ] [ 1 ] [ 1762 1896 1742 ] [    0    0    0 ] [      0      0      0 ] [ 0 ],drive [ 41 ] [ 0 ] [ 1742 1896 1733 ] [   34   19   24 ] [   9756   5944   9750 ] [ 0 ],1.00,1.00,1.00,1.00,23.68,-14.59,0.00,0.00,0.00,0.00,0.00,0.00,-0.00,0.00,0.00,0.00,0.00,0.00,-0.00,0.00,0.00,0
3.46861,21,-14,266,0,DRIVE [ 42 ] [ 1 ] [ 1782 1896 1750 ] [    0    0    0 ] [      0      0      0 ] [ 0 ],drive [ 41 ] [ 0 ] [ 1762 1896 1742 ] [   21   19   22 ] [   9756   5944   9750 ] [ 0 ],1.00,1.00,1.00,1.00,20.82,-14.43,0.00,0.00,0.00,0.00,0.00,0.00,-0.00,0.00,0.00,0.00,0.00,0.00,-0.00,0.00,0.00,0
3.48068,18,-14,266,0,DRIVE [ 42 ] [ 1 ] [ 1801 1896 1757 ] [    0    0    0 ] [      0      0      0 ] [ 0 ],drive [ 42 ] [ 0 ] [ 1782 1896 1750 ] [   21   19   22 ] [   9756   5944   9750 ] [ 0 ],1.00,1.00,1.00,1.00,17.96,-14.29,0.00,0.00,0.00,0.00,0.00,0.00,-0.00,0.00,0.00,0.00,0.00,0.00,-0.00,0.00,0.00,0
3.49285,15,-14,266,0,DRIVE [ 43 ] [ 1 ] [ 1819 1896 1763 ] [    0    0    0 ] [      0      0      0 ] [ 0 ],drive [ 42 ] [ 0 ] [ 1801 1896 1757 ] [   21   19   22 ] [   9716   5944   9747 ] [ 0 ],1.00,1.00,1.00,1.00,15.22,-14.09,0.00,0.00,0.00,0.00,0.00,0.00,-0.00,0.00,0.00,0.00,0.00,0.00,-0.00,0.00,0.00,0
3.50557,12,-14,265,0,DRIVE [ 43 ] [ 1 ] [ 1840 1896 1769 ] [    0    0    0 ] [      0      0      0 ] [ 0 ],drive [ 43 ] [ 0 ] [ 1819 1896 1763 ] [   21   19   22 ] [   9716   5944   9747 ] [ 0 ],1.00,1.00,1.00,1.00,11.81,-13.86,0.00,0.00,0.00,0.00,0.00,0.00,-0.00,0.00,0.00,0.00,0.00,0.00,-0.00,0.00,0.00,0
3.51726,9,-14,265,0,DRIVE [ 44 ] [ 1 ] [ 1858 1896 1772 ] [    0    0    0 ] [      0      0      0 ] [ 0 ],drive [ 43 ] [ 0 ] [ 1840 1896 1769 ] [   29   20   20 ] [   9716   5944   9747 ] [ 0 ],1.00,1.00,1.00,1.00,8.73,-13.71,0.00,0.00,0.00,0.00,0.00,0.00,-0.00,0.00,0.00,0.00,0.00,0.00,-0.00,0.00,0.00,0
3.53112,6,-14,266,0,DRIVE [ 44 ] [ 1 ] [ 1874 1896 1772 ] [    0    0    0 ] [      0      0      0 ] [ 0 ],drive [ 44 ] [ 0 ] [ 1858 1896 1772 ] [   29   20   20 ] [   9716   5944   9747 ] [ 0 ],1.00,1.00,1.00,1.00,5.92,-13.64,0.00,0.00,0.00,0.00,0.00,0.00,-0.00,0.00,0.00,0.00,0.00,0.00,-0.00,0.00,0.00,0
3.54319,3,-14,266,0,DRIVE [ 45 ] [ 1 ] [ 1888 1896 1768 ] [    0    0    0 ] [      0      0      0 ] [ 0 ],drive [ 44 ] [ 0 ] [ 1874 1896 1772 ] [   29   20   20 ] [   9638   5944   9744 ] [ 0 ],1.00,1.00,1.00,1.00,3.38,-13.60,0.00,0.00,0.00,0.00,0.00,0.00,-0.00,0.00,0.00,0.00,0.00,0.00,-0.00,0.00,0.00,0
3.55586,1,-14,267,0,DRIVE [ 45 ] [ 1 ] [ 1900 1896 1761 ] [    0    0    0 ] [      0      0      0 ] [ 0 ],drive [ 45 ] [ 0 ] [ 1888 1896 1768 ] [   29   20   20 ] [   9638   5944   9744 ] [ 0 ],1.00,1.00,1.00,1.00,1.03,-13.57,0.00,0.00,0.00,0.00,0.00,0.00,-0.00,0.00,0.00,0.00,0.00,0.00,-0.00,0.00,0.00,0
3.56752,-1,-13,266,0,DRIVE [ 46 ] [ 1 ] [ 1900 1900 1762 ] [    0    0    0 ] [      0      0      0 ] [ 0 ],drive [ 45 ] [ 0 ] [ 1900 1896 1761 ] [   24   19   21 ] [   9638   5944   9744 ] [ 0 ],1.00,1.00,1.00,1.00,-1.06,-13.44,0.00,0.00,0.00,0.00,0.00,0.00,-0.00,0.00,0.00,0.00,0.00,0.00,0.00,0.00,0.00,0
3.58023,-3,-13,266,0,DRIVE [ 46 ] [ 1 ] [ 1900 1890 1770 ] [    0    0    0 ] [      0      0      0 ] [ 0 ],drive [ 46 ] [ 0 ] [ 1900 1900 1762 ] [   24   19   21 ] [   9638   5944   9744 ] [ 0 ],1.00,1.00,1.00,1.00,-2.96,-13.38,0.00,0.00,0.00,0.00,0.00,0.00,-0.00,0.00,0.00,0.00,0.00,0.00,0.00,0.00,0.00,0
3.59287,-5,-13,267,0,DRIVE [ 47 ] [ 1 ] [ 1900 1882 1774 ] [    0    0    0 ] [      0      0      0 ] [ 0 ],drive [ 46 ] [ 0 ] [ 1900 1890 1770 ] [   24   19   21 ] [   9638   5944   9744 ] [ 0 ],1.00,1.00,1.00,1.00,-4.51,-13.27,0.00,0.00,0.00,0.00,0.00,0.00,-0.00,0.00,0.00,0.00,0.00,0.00,0.00,0.00,0.00,0
3.60443,-6,-13,267,0,DRIVE [ 47 ] [ 1 ] [ 1900 1874 1778 ] [    0    0    0 ] [      0      0      0 ] [ 0 ],drive [ 47 ] [ 0 ] [ 1900 1882 1774 ] [   24   19   21 ] [   9358   5944   9746 ] [ 0 ],1.00,1.00,1.00,1.00,-6.01,-13.15,0.00,0.00,0.00,0.00,0.00,0.00,-0.00,0.00,0.00,0.00,0.00,0.00,0.00,0.00,0.00,0
3.61652,-7,-13,267,0,DRIVE [ 48 ] [ 1 ] [ 1900 1868 1780 ] [    0    0    0 ] [      0      0      0 ] [ 0 ],drive [ 47 ] [ 0 ] [ 1900 1874 1778 ] [   15   19   19 ] [   9358   5944   9746 ] [ 0 ],1.00,1.00,1.00,1.00,-7.16,-13.01,0.00,0.00,0.00,0.00,0.00,0.00,-0.00,0.00,0.00,0.00,0.00,0.00,0.00,0.00,0.00,0
3.62855,-8,-13,266,0,DRIVE [ 48 ] [ 1 ] [ 1900 1863 1781 ] [    0    0    0 ] [      0      0      0 ] [ 0 ],drive [ 48 ] [ 0 ] [ 1900 1868 1780 ] [   15   19   19 ] [   9358   5944   9746 ] [ 0 ],1.00,1.00,1.00,1.00,-7.98,-12.87,0.00,0.00,0.00,0.00,0.00,0.00,-0.00,0.00,0.00,0.00,0.00,0.00,0.00,0.00,0.00,0
3.64088,-9,-13,267,0,DRIVE [ 49 ] [ 1 ] [ 1900 1859 1782 ] [    0    0    0 ] [      0      0      0 ] [ 0 ],drive [ 48 ] [ 0 ] [ 1900 1863 1781 ] [   15   19   19 ] [   9358   5944   9746 ] [ 0 ],1.00,1.00,1.00,1.00,-8.59,-12.83,0.00,0.00,0.00,0.00,0.00,0.00,-0.00,0.00,0.00,0.00,0.00,0.00,0.00,0.00,0.00,0
3.65232,-9,-13,266,0,DRIVE [ 49 ] [ 1 ] [ 1900 1857 1782 ] [    0    0    0 ] [      0      0      0 ] [ 0 ],drive [ 49 ] [ 0 ] [ 1900 1859 1782 ] [   15   19   19 ] [   9210   5945   9747 ] [ 0 ],1.00,1.00,1.00,1.00,-9.02,-12.73,0.00,0.00,0.00,0.00,0.00,0.00,-0.00,0.00,0.00,0.00,0.00,0.00,0.00,0.00,0.00,0
3.66447,-9,-13,266,0,DRIVE [ 50 ] [ 1 ] [ 1900 1855 1780 ] [    0    0    0 ] [      0      0      0 ] [ 0 ],drive [ 49 ] [ 0 ] [ 1900 1857 1782 ] [    7   21   19 ] [   9210   5945   9747 ] [ 0 ],1.00,1.00,1.00,1.00,-9.34,-12.95,0.00,0.00,0.00,0.00,0.00,0.00,-0.00,0.00,0.00,0.00,0.00,0.00,0.00,0.00,0.00,0
3.67661,-10,-13,266,0,DRIVE [ 50 ] [ 1 ] [ 1900 1853 1779 ] [    0    0    0 ] [      0      0      0 ] [ 0 ],drive [ 50 ] [ 0 ] [ 1900 1855 1780 ] [    7   21   19 ] [   9210   5945   9747 ] [ 0 ],1.00,1.00,1.00,1.00,-9.65,-13.05,0.00,0.00,0.00,0.00,0.00,0.00,-0.00,0.00,0.00,0.00,0.00,0.00,0.00,0.00,0.00,0
3.68867,-10,-13,266,0,DRIVE [ 51 ] [ 1 ] [ 1900 1851 1778 ] [    0    0    0 ] [      0      0      0 ] [ 0 ],drive [ 50 ] [ 0 ] [ 1900 1853 1779 ] [    7   21   19 ] [   9210   5945   9747 ] [ 0 ],1.00,1.00,1.00,1.00,-9.96,-13.10,0.00,0.00,0.00,0.00,0.00,0.00,-0.00,0.00,0.00,0.00,0.00,0.00,0.00,0.00,0.00,0
3.7004,-10,-13,266,0,DRIVE [ 51 ] [ 1 ] [ 1900 1850 1777 ] [    0    0    0 ] [      0      0      0 ] [ 0 ],drive [ 51 ] [ 0 ] [ 1900 1851 1778 ] [    7   21   19 ] [   9202   5947   9746 ] [ 0 ],1.00,1.00,1.00,1.00,-10.20,-13.23,0.00,0.00,0.00,0.00,0.00,0.00,-0.00,0.00,0.00,0.00,0.00,0.00,0.00,0.00,0.00,0
3.7123,-10,-13,265,0,DRIVE [ 52 ] [ 1 ] [ 1900 1849 1775 ] [    0    0    0 ] [      0      0      0 ] [ 0 ],drive [ 51 ] [ 0 ] [ 1900 1850 1777 ] [    2   21   19 ] [   9202   5947   9746 ] [ 0 ],1.00,1.00,1.00,1.00,-10.37,-13.36,0.00,0.00,0.00,0.00,0.00,0.00,-0.00,0.00,0.00,0.00,0.00,0.00,0.00,0.00,0.00,0
3.72407,-10,-14,265,0,DRIVE [ 52 ] [ 1 ] [ 1900 1848 1773 ] [    0    0    0 ] [      0      0      0 ] [ 0 ],drive [ 52 ] [ 0 ] [ 1900 1849 1775 ] [    2   21   19 ] [   9202   5947   9746 ] [ 0 ],1.00,1.00,1.00,1.00,-10.46,-13.52,0.00,0.00,0.00,0.00,0.00,0.00,-0.00,0.00,0.00,0.00,0.00,0.00,0.00,0.00,0.00,0
3.73596,-10,-14,265,0,DRIVE [ 53 ] [ 1 ] [ 1900 1849 1772 ] [    0    0    0 ] [      0      0      0 ] [ 0 ],drive [ 52 ] [ 0 ] [ 1900 1848 1773 ] [    2   21   19 ] [   9202   5947   9746 ] [ 0 ],1.00,1.00,1.00,1.00,-10.40,-13.68,0.00,0.00,0.00,0.00,0.00,0.00,-0.00,0.00,0.00,0.00,0.00,0.00,0.00,0.00,0.00,0
3.7479,-10,-14,265,0,DRIVE [ 53 ] [ 1 ] [ 1900 1849 1770 ] [    0    0    0 ] [      0      0      0 ] [ 0 ],drive [ 53 ] [ 0 ] [ 1900 1849 1772 ] [    2   21   19 ] [   9192   5948   9746 ] [ 0 ],1.00,1.00,1.00,1.00,-10.28,-13.85,0.00,0.00,0.00,0.00,0.00,0.00,-0.00,0.00,0.00,0.00,0.00,0.00,0.00,0.00,0.00,0
3.75984,-10,-14,265,0,DRIVE [ 54 ] [ 1 ] [ 1900 1850 1768 ] [    0    0    0 ] [      0      0      0 ] [ 0 ],drive [ 53 ] [ 0 ] [ 1900 1849 1770 ] [    1   22   20 ] [   9192   5948   9746 ] [ 0 ],1.00,1.00,1.00,1.00,-10.14,-14.12,0.00,0.00,0.00,0.00,0.00,0.00,-0.00,0.00,0.00,0.00,0.00,0.00,0.00,0.00,0.00,0
3.77278,-10,-14,265,0,DRIVE [ 54 ] [ 1 ] [ 1900 1851 1765 ] [    0    0    0 ] [      0      0      0 ] [ 0 ],drive [ 54 ] [ 0 ] [ 1900 1850 1768 ] [    1   22   20 ] [   9192   5948   9746 ] [ 0 ],1.00,1.00,1.00,1.00,-10.00,-14.45,0.00,0.00,0.00,0.00,0.00,0.00,-0.00,0.00,0.00,0.00,0.00,0.00,0.00,0.00,0.00,0
3.78466,-10,-15,265,0,DRIVE [ 55 ] [ 1 ] [ 1900 1853 1763 ] [    0    0    0 ] [      0      0      0 ] [ 0 ],drive [ 54 ] [ 0 ] [ 1900 1851 1765 ] [    1   22   20 ] [   9192   5948   9746 ] [ 0 ],1.00,1.00,1.00,1.00,-9.72,-14.65,0.00,0.00,0.00,0.00,0.00,0.00,-0.00,0.00,0.00,0.00,0.00,0.00,0.00,0.00,0.00,0
3.79684,-9,-15,265,0,DRIVE [ 55 ] [ 1 ] [ 1900 1854 1760 ] [    0    0    0 ] [      0      0      0 ] [ 0 ],drive [ 55 ] [ 0 ] [ 1900 1853 1763 ] [    1   22   20 ] [   9192   5949   9746 ] [ 0 ],1.00,1.00,1.00,1.00,-9.48,-15.01,0.00,0.00,0.00,0.00,0.00,0.00,-0.00,0.00,0.00,0.00,0.00,0.00,0.00,0.00,0.00,0
3.81067,-9,-15,264,0,DRIVE [ 56 ] [ 1 ] [ 1900 1856 1756 ] [    0    0    0 ] [      0      0      0 ] [ 0 ],drive [ 55 ] [ 0 ] [ 1900 1854 1760 ] [    1   19   20 ] [   9192   5949   9746 ] [ 0 ],1.00,1.00,1.00,1.00,-9.28,-15.30,0.00,0.00,0.00,0.00,0.00,0.00,-0.00,0.00,0.00,0.00,0.00,0.00,0.00,0.00,0.00,0
3.82403,-9,-16,264,0,DRIVE [ 56 ] [ 1 ] [ 1900 1857 1754 ] [    0    0    0 ] [      0      0      0 ] [ 0 ],drive [ 56 ] [ 0 ] [ 1900 1856 1756 ] [    1   19   20 ] [   9192   5949   9746 ] [ 0 ],1.00,1.00,1.00,1.00,-9.07,-15.54,0.00,0.00,0.00,0.00,0.00,0.00,-0.00,0.00,0.00,0.00,0.00,0.00,0.00,0.00,0.00,0
3.83627,-9,-16,263,0,DRIVE [ 57 ] [ 1 ] [ 1900 1858 1752 ] [    0    0    0 ] [      0      0      0 ] [ 0 ],drive [ 56 ] [ 0 ] [ 1900 1857 1754 ] [    1   19   20 ] [   9192   5949   9746 ] [ 0 ],1.00,1.00,1.00,1.00,-8.81,-15.70,0.00,0.00,0.00,0.00,0.00,0.00,-0.00,0.00,0.00,0.00,0.00,0.00,0.00,0.00,0.00,0
3.85038,-9,-16,264,0,DRIVE [ 57 ] [ 1 ] [ 1900 1860 1751 ] [    0    0    0 ] [      0      0      0 ] [ 0 ],drive [ 57 ] [ 0 ] [ 1900 1858 1752 ] [    1   19   20 ] [   9184   5949   9747 ] [ 0 ],1.00,1.00,1.00,1.00,-8.59,-15.85,0.00,0.00,0.00,0.00,0.00,0.00,-0.00,0.00,0.00,0.00,0.00,0.00,0.00,0.00,0.00,0
3.86241,-8,-16,264,0,DRIVE [ 58 ] [ 1 ] [ 1900 1861 1750 ] [    0    0    0 ] [      0      0      0 ] [ 0 ],drive [ 57 ] [ 0 ] [ 1900 1860 1751 ] [    1   19   20 ] [   9184   5949   9747 ] [ 0 ],1.00,1.00,1.00,1.00,-8.42,-15.98,0.00,0.00,0.00,0.00,0.00,0.00,-0.00,0.00,0.00,0.00,0.00,0.00,0.00,0.00,0.00,0
3.87433,-8,-16,265,0,DRIVE [ 58 ] [ 1 ] [ 1900 1862 1749 ] [    0    0    0 ] [      0      0      0 ] [ 0 ],drive [ 58 ] [ 0 ] [ 1900 1861 1750 ] [    1   19   20 ] [   9184   5949   9747 ] [ 0 ],1.00,1.00,1.00,1.00,-8.22,-16.04,0.00,0.00,0.00,0.00,0.00,0.00,-0.00,0.00,0.00,0.00,0.00,0.00,0.00,0.00,0.00,0
3.88647,-8,-16,264,0,DRIVE [ 59 ] [ 1 ] [ 1900 1863 1749 ] [    0    0    0 ] [      0      0      0 ] [ 0 ],drive [ 58 ] [ 0 ] [ 1900 1862 1749 ] [    1   19   20 ] [   9184   5949   9747 ] [ 0 ],1.00,1.00,1.00,1.00,-8.02,-15.99,0.00,0.00,0.00,0.00,0.00,0.00,-0.00,0.00,0.00,0.00,0.00,0.00,0.00,0.00,0.00,0
3.89884,-8,-16,264,0,DRIVE [ 59 ] [ 1 ] [ 1900 1864 1750 ] [    0    0    0 ] [      0      0      0 ] [ 0 ],drive [ 59 ] [ 0 ] [ 1900 1863 1749 ] [    1   19   20 ] [   9180   5949   9747 ] [ 0 ],1.00,1.00,1.00,1.00,-7.89,-15.94,0.00,0.00,0.00,0.00,0.00,0.00,-0.00,0.00,0.00,0.00,0.00,0.00,0.00,0.00,0.00,0
3.91125,-8,-16,264,0,DRIVE [ 60 ] [ 1 ] [ 1900 1865 1750 ] [    0    0    0 ] [      0      0      0 ] [ 0 ],drive [ 59 ] [ 0 ] [ 1900 1864 1750 ] [    2   19   20 ] [   9180   5949   9747 ] [ 0 ],1.00,1.00,1.00,1.00,-7.71,-15.89,0.00,0.00,0.00,0.00,0.00,0.00,-0.00,0.00,0.00,0.00,0.00,0.00,0.00,0.00,0.00,0
3.92294,-8,-16,265,0,DRIVE [ 60 ] [ 1 ] [ 1900 1866 1751 ] [    0    0    0 ] [      0      0      0 ] [ 0 ],drive [ 60 ] [ 0 ] [ 1900 1865 1750 ] [    2   19   20 ] [   9180   5949   9747 ] [ 0 ],1.00,1.00,1.00,1.00,-7.56,-15.84,0.00,0.00,0.00,0.00,0.00,0.00,-0.00,0.00,0.00,0.00,0.00,0.00,0.00,0.00,0.00,0
3.93502,-7,-16,264,0,DRIVE [ 61 ] [ 1 ] [ 1900 1867 1751 ] [    0    0    0 ] [      0      0      0 ] [ 0 ],drive [ 60 ] [ 0 ] [ 1900 1866 1751 ] [    2   19   20 ] [   9180   5949   9747 ] [ 0 ],1.00,1.00,1.00,1.00,-7.30,-15.76,0.00,0.00,0.00,0.00,0.00,0.00,-0.00,0.00,0.00,0.00,0.00,0.00,0.00,0.00,0.00,0
3.94702,-7,-16,264,0,DRIVE [ 61 ] [ 1 ] [ 1900 1868 1752 ] [    0    0    0 ] [      0      0      0 ] [ 0 ],drive [ 61 ] [ 0 ] [ 1900 1867 1751 ] [    2   19   20 ] [   9174   5949   9748 ] [ 0 ],1.00,1.00,1.00,1.00,-7.06,-15.66,0.00,0.00,0.00,0.00,0.00,0.00,-0.00,0.00,0.00,0.00,0.00,0.00,0.00,0.00,0.00,0
3.95893,-7,-16,264,0,DRIVE [ 62 ] [ 1 ] [ 1900 1870 1752 ] [    0    0    0 ] [      0      0      0 ] [ 0 ],drive [ 61 ] [ 0 ] [ 1900 1868 1752 ] [    3   19   18 ] [   9174   5949   9748 ] [ 0 ],1.00,1.00,1.00,1.00,-6.78,-15.64,0.00,0.00,0.00,0.00,0.00,0.00,-0.00,0.00,0.00,0.00,0.00,0.00,0.00,0.00,0.00,0
3.97044,-7,-16,264,0,DRIVE [ 62 ] [ 1 ] [ 1900 1871 1752 ] [    0    0    0 ] [      0      0      0 ] [ 0 ],drive [ 62 ] [ 0 ] [ 1900 1870 1752 ] [    3   19   18 ] [   9174   5949   9748 ] [ 0 ],1.00,1.00,1.00,1.00,-6.52,-15.60,0.00,0.00,0.00,0.00,0.00,0.00,-0.00,0.00,0.00,0.00,0.00,0.00,0.00,0.00,0.00,0
3.9825,-6,-16,263,0,DRIVE [ 63 ] [ 1 ] [ 1900 1873 1751 ] [    0    0    0 ] [      0      0      0 ] [ 0 ],drive [ 62 ] [ 0 ] [ 1900 1871 1752 ] [    3   19   18 ] [   9174   5949   9748 ] [ 0 ],1.00,1.00,1.00,1.00,-6.23,-15.53,0.00,0.00,0.00,0.00,0.00,0.00,-0.00,0.00,0.00,0.00,0.00,0.00,0.00,0.00,0.00,0
3.99459,-6,-16,263,0,DRIVE [ 63 ] [ 1 ] [ 1900 1874 1751 ] [    0    0    0 ] [      0      0      0 ] [ 0 ],drive [ 63 ] [ 0 ] [ 1900 1873 1751 ] [    3   19   18 ] [   9157   5949   9749 ] [ 0 ],1.00,1.00,1.00,1.00,-5.98,-15.58,0.00,0.00,0.00,0.00,0.00,0.00,-0.00,0.00,0.00,0.00,0.00,0.00,0.00,0.00,0.00,0
4.00662,-6,-16,263,0,DRIVE [ 64 ] [ 1 ] [ 1900 1875 1749 ] [    0    0    0 ] [      0      0      0 ] [ 0 ],drive [ 63 ] [ 0 ] [ 1900 1874 1751 ] [    3   19   18 ] [   9157   5949   9749 ] [ 0 ],1.00,1.00,1.00,1.00,-5.77,-15.70,0.00,0.00,0.00,0.00,0.00,0.00,-0.00,0.00,0.00,0.00,0.00,0.00,0.00,0.00,0.00,0
4.01827,-6,-16,264,0,DRIVE [ 64 ] [ 1 ] [ 1900 1876 1748 ] [    0    0    0 ] [      0      0      0 ] [ 0 ],drive [ 64 ] [ 0 ] [ 1900 1875 1749 ] [   13   18   20 ] [   9157   5949   9749 ] [ 0 ],1.00,1.00,1.00,1.00,-5.61,-15.84,0.00,0.00,0.00,0.00,0.00,0.00,-0.00,0.00,0.00,0.00,0.00,0.00,0.00,0.00,0.00,0
4.031,-5,-16,264,0,DRIVE [ 65 ] [ 1 ] [ 1900 1877 1745 ] [    0    0    0 ] [      0      0      0 ] [ 0 ],drive [ 64 ] [ 0 ] [ 1900 1876 1748 ] [   13   18   20 ] [   9157   5949   9749 ] [ 0 ],1.00,1.00,1.00,1.00,-5.45,-16.04,0.00,0.00,0.00,0.00,0.00,0.00,-0.00,0.00,0.00,0.00,0.00,0.00,0.00,0.00,0.00,0
4.04307,-5,-16,264,0,DRIVE [ 65 ] [ 1 ] [ 1900 1877 1742 ] [    0    0    0 ] [      0      0      0 ] [ 0 ],drive [ 65 ] [ 0 ] [ 1900 1877 1745 ] [   13   18   20 ] [   9157   5949   9749 ] [ 0 ],1.00,1.00,1.00,1.00,-5.44,-16.40,0.00,0.00,0.00,0.00,0.00,0.00,-0.00,0.00,0.00,0.00,0.00,0.00,0.00,0.00,0.00,0
4.05463,-5,-17,264,0,DRIVE [ 66 ] [ 1 ] [ 1900 1877 1738 ] [    0    0    0 ] [      0      0      0 ] [ 0 ],drive [ 65 ] [ 0 ] [ 1900 1877 1742 ] [   13   18   20 ] [   9157   5949   9749 ] [ 0 ],1.00,1.00,1.00,1.00,-5.44,-16.72,0.00,0.00,0.00,0.00,0.00,0.00,-0.00,0.00,0.00,0.00,0.00,0.00,0.00,0.00,0.00,0
4.06695,-6,-17,264,0,DRIVE [ 66 ] [ 1 ] [ 1900 1876 1734 ] [    0    0    0 ] [      0      0      0 ] [ 0 ],drive [ 66 ] [ 0 ] [ 1900 1877 1738 ] [   12   18   19 ] [   9157   5949   9749 ] [ 0 ],1.00,1.00,1.00,1.00,-5.57,-17.19,0.00,0.00,0.00,0.00,0.00,0.00,-0.00,0.00,0.00,0.00,0.00,0.00,0.00,0.00,0.00,0
4.07899,-6,-18,264,0,DRIVE [ 67 ] [ 1 ] [ 1900 1876 1730 ] [    0    0    0 ] [      0      0      0 ] [ 0 ],drive [ 66 ] [ 0 ] [ 1900 1876 1734 ] [   12   18   19 ] [   9157   5949   9749 ] [ 0 ],1.00,1.00,1.00,1.00,-5.71,-17.56,0.00,0.00,0.00,0.00,0.00,0.00,-0.00,0.00,0.00,0.00,0.00,0.00,0.00,0.00,0.00,0
4.0909,-6,-18,263,0,DRIVE [ 67 ] [ 1 ] [ 1900 1875 1726 ] [    0    0    0 ] [      0      0      0 ] [ 0 ],drive [ 67 ] [ 0 ] [ 1900 1876 1730 ] [   12   18   19 ] [   9157   5949   9749 ] [ 0 ],1.00,1.00,1.00,1.00,-5.90,-17.93,0.00,0.00,0.00,0.00,0.00,0.00,-0.00,0.00,0.00,0.00,0.00,0.00,0.00,0.00,0.00,0
4.10239,-6,-18,264,0,DRIVE [ 68 ] [ 1 ] [ 1900 1874 1722 ] [    0    0    0 ] [      0      0      0 ] [ 0 ],drive [ 67 ] [ 0 ] [ 1900 1875 1726 ] [   12   18   19 ] [   9157   5949   9750 ] [ 0 ],1.00,1.00,1.00,1.00,-6.11,-18.38,0.00,0.00,0.00,0.00,0.00,0.00,-0.00,0.00,0.00,0.00,0.00,0.00,0.00,0.00,0.00,0
4.1147,-6,-19,264,0,DRIVE [ 68 ] [ 1 ] [ 1900 1872 1719 ] [    0    0    0 ] [      0      0      0 ] [ 0 ],drive [ 68 ] [ 0 ] [ 1900 1874 1722 ] [   13   18   19 ] [   9157   5949   9750 ] [ 0 ],1.00,1.00,1.00,1.00,-6.32,-18.73,0.00,0.00,0.00,0.00,0.00,0.00,-0.00,0.00,0.00,0.00,0.00,0.00,0.00,0.00,0.00,0
4.1267,-6,-19,265,0,DRIVE [ 69 ] [ 1 ] [ 1900 1872 1715 ] [    0    0    0 ] [      0      0      0 ] [ 0 ],drive [ 68 ] [ 0 ] [ 1900 1872 1719 ] [   13   18   19 ] [   9157   5949   9750 ] [ 0 ],1.00,1.00,1.00,1.00,-6.49,-19.16,0.00,0.00,0.00,0.00,0.00,0.00,-0.00,0.00,0.00,0.00,0.00,0.00,0.00,0.00,0.00,0
4.13823,-7,-19,264,0,DRIVE [ 69 ] [ 1 ] [ 1900 1871 1713 ] [    0    0    0 ] [      0      0      0 ] [ 0 ],drive [ 69 ] [ 0 ] [ 1900 1872 1715 ] [   13   18   19 ] [   9157   5949   9750 ] [ 0 ],1.00,1.00,1.00,1.00,-6.67,-19.33,0.00,0.00,0.00,0.00,0.00,0.00,-0.00,0.00,0.00,0.00,0.00,0.00,0.00,0.00,0.00,0
4.15034,-7,-19,264,0,DRIVE [ 70 ] [ 1 ] [ 1900 1870 1713 ] [    0    0    0 ] [      0      0      0 ] [ 0 ],drive [ 69 ] [ 0 ] [ 1900 1871 1713 ] [   13   18   19 ] [   9156   5949   9755 ] [ 0 ],1.00,1.00,1.00,1.00,-6.77,-19.39,0.00,0.00,0.00,0.00,0.00,0.00,-0.00,0.00,0.00,0.00,0.00,0.00,0.00,0.00,0.00,0
4.16304,-7,-19,264,0,DRIVE [ 70 ] [ 1 ] [ 1900 1870 1713 ] [    0    0    0 ] [      0      0      0 ] [ 0 ],drive [ 70 ] [ 0 ] [ 1900 1870 1713 ] [   14   19   20 ] [   9156   5949   9755 ] [ 0 ],1.00,1.00,1.00,1.00,-6.81,-19.39,0.00,0.00,0.00,0.00,0.00,0.00,-0.00,0.00,0.00,0.00,0.00,0.00,0.00,0.00,0.00,0
4.17503,-7,-19,263,0,DRIVE [ 71 ] [ 1 ] [ 1900 1870 1713 ] [    0    0    0 ] [      0      0      0 ] [ 0 ],drive [ 70 ] [ 0 ] [ 1900 1870 1713 ] [   14   19   20 ] [   9156   5949   9755 ] [ 0 ],1.00,1.00,1.00,1.00,-6.80,-19.34,0.00,0.00,0.00,0.00,0.00,0.00,-0.00,0.00,0.00,0.00,0.00,0.00,0.00,0.00,0.00,0
4.18672,-7,-19,264,0,DRIVE [ 71 ] [ 1 ] [ 1900 1870 1714 ] [    0    0    0 ] [      0      0      0 ] [ 0 ],drive [ 71 ] [ 0 ] [ 1900 1870 1713 ] [   14   19   20 ] [   9156   5949   9755 ] [ 0 ],1.00,1.00,1.00,1.00,-6.85,-19.32,0.00,0.00,0.00,0.00,0.00,0.00,-0.00,0.00,0.00,0.00,0.00,0.00,0.00,0.00,0.00,0
4.20064,-7,-19,264,0,DRIVE [ 72 ] [ 1 ] [ 1900 1870 1715 ] [    0    0    0 ] [      0      0      0 ] [ 0 ],drive [ 71 ] [ 0 ] [ 1900 1870 1714 ] [   14   19   20 ] [   9154   5949   9758 ] [ 0 ],1.00,1.00,1.00,1.00,-6.81,-19.23,0.00,0.00,0.00,0.00,0.00,0.00,-0.00,0.00,0.00,0.00,0.00,0.00,0.00,0.00,0.00,0
4.21273,-7,-19,265,0,DRIVE [ 72 ] [ 1 ] [ 1900 1870 1716 ] [    0    0    0 ] [      0      0      0 ] [ 0 ],drive [ 72 ] [ 0 ] [ 1900 1870 1715 ] [   16   19   20 ] [   9154   5949   9758 ] [ 0 ],1.00,1.00,1.00,1.00,-6.80,-19.10,0.00,0.00,0.00,0.00,0.00,0.00,-0.00,0.00,0.00,0.00,0.00,0.00,0.00,0.00,0.00,0
4.22479,-7,-19,265,0,DRIVE [ 73 ] [ 1 ] [ 1900 1871 1718 ] [    0    0    0 ] [      0      0      0 ] [ 0 ],drive [ 72 ] [ 0 ] [ 1900 1870 1716 ] [   16   19   20 ] [   9154   5949   9758 ] [ 0 ],1.00,1.00,1.00,1.00,-6.63,-18.90,0.00,0.00,0.00,0.00,0.00,0.00,-0.00,0.00,0.00,0.00,0.00,0.00,0.00,0.00,0.00,0
4.23643,-6,-19,265,0,DRIVE [ 73 ] [ 1 ] [ 1900 1872 1721 ] [    0    0    0 ] [      0      0      0 ] [ 0 ],drive [ 73 ] [ 0 ] [ 1900 1871 1718 ] [   16   19   20 ] [   9154   5949   9758 ] [ 0 ],1.00,1.00,1.00,1.00,-6.46,-18.62,0.00,0.00,0.00,0.00,0.00,0.00,-0.00,0.00,0.00,0.00,0.00,0.00,0.00,0.00,0.00,0
4.24872,-6,-18,264,0,DRIVE [ 74 ] [ 1 ] [ 1900 1873 1723 ] [    0    0    0 ] [      0      0      0 ] [ 0 ],drive [ 73 ] [ 0 ] [ 1900 1872 1721 ] [   16   19   20 ] [   9149   5949   9758 ] [ 0 ],1.00,1.00,1.00,1.00,-6.24,-18.32,0.00,0.00,0.00,0.00,0.00,0.00,-0.00,0.00,0.00,0.00,0.00,0.00,0.00,0.00,0.00,0
4.26067,-6,-18,264,0,DRIVE [ 74 ] [ 1 ] [ 1900 1875 1727 ] [    0    0    0 ] [      0      0      0 ] [ 0 ],drive [ 74 ] [ 0 ] [ 1900 1873 1723 ] [   18   18   19 ] [   9149   5949   9758 ] [ 0 ],1.00,1.00,1.00,1.00,-5.90,-17.90,0.00,0.00,0.00,0.00,0.00,0.00,-0.00,0.00,0.00,0.00,0.00,0.00,0.00,0.00,0.00,0
4.27346,-6,-18,264,0,DRIVE [ 75 ] [ 1 ] [ 1900 1876 1730 ] [    0    0    0 ] [      0      0      0 ] [ 0 ],drive [ 74 ] [ 0 ] [ 1900 1875 1727 ] [   18   18   19 ] [   9149   5949   9758 ] [ 0 ],1.00,1.00,1.00,1.00,-5.57,-17.54,0.00,0.00,0.00,0.00,0.00,-0.00,-0.00,0.00,0.00,0.00,0.00,0.00,0.00,0.00,0.00,0
4.28526,-5,-17,264,0,DRIVE [ 75 ] [ 1 ] [ 1900 1878 1733 ] [    0    0    0 ] [      0      0      0 ] [ 0 ],drive [ 75 ] [ 0 ] [ 1900 1876 1730 ] [   18   18   19 ] [   9149   5949   9758 ] [ 0 ],1.00,1.00,1.00,1.00,-5.24,-17.19,0.00,0.00,0.00,0.00,0.00,-0.00,-0.00,0.00,0.00,0.00,0.00,0.00,0.00,0.00,0.00,0
4.29725,-5,-17,264,0,DRIVE [ 76 ] [ 1 ] [ 1900 1880 1736 ] [    0    0    0 ] [      0      0      0 ] [ 0 ],drive [ 75 ] [ 0 ] [ 1900 1878 1733 ] [   18   18   19 ] [   9141   5949   9760 ] [ 0 ],1.00,1.00,1.00,1.00,-4.89,-16.77,0.00,0.00,0.00,0.00,0.00,-0.00,-0.00,0.00,0.00,0.00,0.00,0.00,0.00,0.00,0.00,0
4.30979,-5,-16,263,0,DRIVE [ 76 ] [ 1 ] [ 1900 1882 1739 ] [    0    0    0 ] [      0      0      0 ] [ 0 ],drive [ 76 ] [ 0 ] [ 1900 1880 1736 ] [   25   18   17 ] [   9141   5949   9760 ] [ 0 ],1.00,1.00,1.00,1.00,-4.54,-16.41,0.00,0.00,0.00,0.00,0.00,-0.00,-0.00,0.00,0.00,0.00,0.00,0.00,0.00,0.00,0.00,0
4.32236,-4,-16,263,0,DRIVE [ 77 ] [ 1 ] [ 1900 1884 1742 ] [    0    0    0 ] [      0      0      0 ] [ 0 ],drive [ 76 ] [ 0 ] [ 1900 1882 1739 ] [   25   18   17 ] [   9141   5949   9760 ] [ 0 ],1.00,1.00,1.00,1.00,-4.17,-16.05,0.00,0.00,0.00,0.00,0.00,-0.00,-0.00,0.00,0.00,0.00,0.00,0.00,0.00,0.00,0.00,0
4.33484,-4,-16,263,0,DRIVE [ 77 ] [ 1 ] [ 1900 1885 1745 ] [    0    0    0 ] [      0      0      0 ] [ 0 ],drive [ 77 ] [ 0 ] [ 1900 1884 1742 ] [   25   18   17 ] [   9141   5949   9760 ] [ 0 ],1.00,1.00,1.00,1.00,-3.85,-15.68,0.00,0.00,0.00,0.00,0.00,-0.00,-0.00,0.00,0.00,0.00,0.00,0.00,0.00,0.00,0.00,0
4.34692,-4,-15,263,0,DRIVE [ 78 ] [ 1 ] [ 1900 1887 1747 ] [    0    0    0 ] [      0      0      0 ] [ 0 ],drive [ 77 ] [ 0 ] [ 1900 1885 1745 ] [   25   18   17 ] [   9122   5949   9760 ] [ 0 ],1.00,1.00,1.00,1.00,-3.54,-15.41,0.00,0.00,0.00,0.00,0.00,-0.00,-0.00,0.00,0.00,0.00,0.00,0.00,0.00,0.00,0.00,0
4.35955,-3,-15,263,0,DRIVE [ 78 ] [ 1 ] [ 1900 1889 1749 ] [    0    0    0 ] [      0      0      0 ] [ 0 ],drive [ 78 ] [ 0 ] [ 1900 1887 1747 ] [   29   17   16 ] [   9122   5949   9760 ] [ 0 ],1.00,1.00,1.00,1.00,-3.22,-15.15,0.00,0.00,0.00,0.00,0.00,-0.00,-0.00,0.00,0.00,0.00,0.00,0.00,0.00,0.00,0.00,0
4.37429,-3,-15,263,0,DRIVE [ 79 ] [ 1 ] [ 1900 1890 1751 ] [    0    0    0 ] [      0      0      0 ] [ 0 ],drive [ 78 ] [ 0 ] [ 1900 1889 1749 ] [   29   17   16 ] [   9122   5949   9760 ] [ 0 ],1.00,1.00,1.00,1.00,-2.87,-14.92,0.00,0.00,0.00,0.00,0.00,-0.00,-0.00,0.00,0.00,0.00,0.00,0.00,0.00,0.00,0.00,0
4.38647,-3,-15,263,0,DRIVE [ 79 ] [ 1 ] [ 1900 1892 1752 ] [    0    0    0 ] [      0      0      0 ] [ 0 ],drive [ 79 ] [ 0 ] [ 1900 1890 1751 ] [   29   17   16 ] [   9122   5949   9760 ] [ 0 ],1.00,1.00,1.00,1.00,-2.57,-14.72,0.00,0.00,0.00,0.00,0.00,-0.00,-0.00,0.00,0.00,0.00,0.00,0.00,0.00,0.00,0.00,0
4.39883,-2,-15,263,0,DRIVE [ 80 ] [ 1 ] [ 1900 1893 1752 ] [    0    0    0 ] [      0      0      0 ] [ 0 ],drive [ 79 ] [ 0 ] [ 1900 1892 1752 ] [   29   17   16 ] [   9121   5949   9760 ] [ 0 ],1.00,1.00,1.00,1.00,-2.34,-14.64,0.00,0.00,0.00,0.00,0.00,-0.00,-0.00,0.00,0.00,0.00,0.00,0.00,0.00,0.00,0.00,0
4.41319,-2,-15,264,0,DRIVE [ 80 ] [ 1 ] [ 1900 1894 1753 ] [    0    0    0 ] [      0      0      0 ] [ 0 ],drive [ 80 ] [ 0 ] [ 1900 1893 1752 ] [   30   18   16 ] [   9121   5949   9760 ] [ 0 ],1.00,1.00,1.00,1.00,-2.14,-14.56,0.00,0.00,0.00,0.00,0.00,-0.00,-0.00,0.00,0.00,0.00,0.00,0.00,0.00,0.00,0.00,0
4.42601,-2,-15,264,0,DRIVE [ 81 ] [ 1 ] [ 1900 1895 1752 ] [    0    0    0 ] [      0      0      0 ] [ 0 ],drive [ 80 ] [ 0 ] [ 1900 1894 1753 ] [   30   18   16 ] [   9121   5949   9760 ] [ 0 ],1.00,1.00,1.00,1.00,-1.94,-14.57,0.00,0.00,0.00,0.00,0.00,-0.00,-0.00,0.00,0.00,0.00,0.00,0.00,0.00,0.00,0.00,0
4.4388,-2,-15,264,0,DRIVE [ 81 ] [ 1 ] [ 1900 1896 1751 ] [    0    0    0 ] [      0      0      0 ] [ 0 ],drive [ 81 ] [ 0 ] [ 1900 1895 1752 ] [   30   18   16 ] [   9121   5949   9760 ] [ 0 ],1.00,1.00,1.00,1.00,-1.73,-14.62,0.00,0.00,0.00,0.00,0.00,-0.00,-0.00,0.00,0.00,0.00,0.00,0.00,0.00,0.00,0.00,0
4.45062,-2,-15,264,0,DRIVE [ 82 ] [ 1 ] [ 1900 1897 1749 ] [    0    0    0 ] [      0      0      0 ] [ 0 ],drive [ 81 ] [ 0 ] [ 1900 1896 1751 ] [   30   18   16 ] [   9110   5948   9760 ] [ 0 ],1.00,1.00,1.00,1.00,-1.56,-14.69,0.00,0.00,0.00,0.00,0.00,-0.00,-0.00,0.00,0.00,0.00,0.00,0.00,0.00,0.00,0.00,0
4.46323,-1,-15,264,0,DRIVE [ 82 ] [ 1 ] [ 1900 1898 1748 ] [    0    0    0 ] [      0      0      0 ] [ 0 ],drive [ 82 ] [ 0 ] [ 1900 1897 1749 ] [   22   16   15 ] [   9110   5948   9760 ] [ 0 ],1.00,1.00,1.00,1.00,-1.46,-14.77,0.00,0.00,0.00,0.00,0.00,-0.00,-0.00,0.00,0.00,0.00,0.00,0.00,0.00,0.00,0.00,0
4.47516,-1,-15,264,0,DRIVE [ 83 ] [ 1 ] [ 1900 1898 1745 ] [    0    0    0 ] [      0      0      0 ] [ 0 ],drive [ 82 ] [ 0 ] [ 1900 1898 1748 ] [   22   16   15 ] [   9110   5948   9760 ] [ 0 ],1.00,1.00,1.00,1.00,-1.34,-14.96,0.00,0.00,0.00,0.00,0.00,-0.00,-0.00,0.00,0.00,0.00,0.00,0.00,0.00,0.00,0.00,0
4.48748,-1,-15,264,0,DRIVE [ 83 ] [ 1 ] [ 1900 1899 1743 ] [    0    0    0 ] [      0      0      0 ] [ 0 ],drive [ 83 ] [ 0 ] [ 1900 1898 1745 ] [   22   16   15 ] [   9110   5948   9760 ] [ 0 ],1.00,1.00,1.00,1.00,-1.22,-15.13,0.00,0.00,0.00,0.00,0.00,-0.00,-0.00,0.00,0.00,0.00,0.00,0.00,0.00,0.00,0.00,0
4.49972,-1,-15,264,0,DRIVE [ 84 ] [ 1 ] [ 1900 1899 1740 ] [    0    0    0 ] [      0      0      0 ] [ 0 ],drive [ 83 ] [ 0 ] [ 1900 1899 1743 ] [   22   16   15 ] [   9100   5948   9761 ] [ 0 ],1.00,1.00,1.00,1.00,-1.13,-15.36,0.00,0.00,0.00,0.00,0.00,-0.00,-0.00,0.00,0.00,0.00,0.00,0.00,0.00,0.00,0.00,0
4.51199,-1,-16,265,0,DRIVE [ 84 ] [ 1 ] [ 1900 1900 1737 ] [    0    0    0 ] [      0      0      0 ] [ 0 ],drive [ 84 ] [ 0 ] [ 1900 1899 1740 ] [   19   16   18 ] [   9100   5948   9761 ] [ 0 ],1.00,1.00,1.00,1.00,-1.09,-15.62,0.00,0.00,0.00,0.00,0.00,-0.00,-0.00,0.00,0.00,0.00,0.00,0.00,0.00,0.00,0.00,0
4.52366,-1,-16,265,0,DRIVE [ 85 ] [ 1 ] [ 1900 1900 1734 ] [    0    0    0 ] [      0      0      0 ] [ 0 ],drive [ 84 ] [ 0 ] [ 1900 1900 1737 ] [   19   16   18 ] [   9100   5948   9761 ] [ 0 ],1.00,1.00,1.00,1.00,-1.05,-15.89,0.00,0.00,0.00,0.00,0.00,-0.00,-0.00,0.00,0.00,0.00,0.00,0.00,0.00,0.00,0.00,0
4.53582,-1,-16,265,0,DRIVE [ 85 ] [ 1 ] [ 1900 1900 1732 ] [    0    0    0 ] [      0      0      0 ] [ 0 ],drive [ 85 ] [ 0 ] [ 1900 1900 1734 ] [   19   16   18 ] [   9100   5948   9761 ] [ 0 ],1.00,1.00,1.00,1.00,-1.03,-16.09,0.00,0.00,0.00,0.00,0.00,-0.00,-0.00,0.00,0.00,0.00,0.00,0.00,0.00,0.00,0.00,0
4.54772,-1,-16,265,0,DRIVE [ 86 ] [ 1 ] [ 1900 1900 1731 ] [    0    0    0 ] [      0      0      0 ] [ 0 ],drive [ 85 ] [ 0 ] [ 1900 1900 1732 ] [   19   16   18 ] [   9099   5948   9773 ] [ 0 ],1.00,1.00,1.00,1.00,-1.01,-16.23,0.00,0.00,0.00,0.00,0.00,-0.00,-0.00,0.00,0.00,0.00,0.00,0.00,0.00,0.00,0.00,0
4.55901,-1,-16,265,0,DRIVE [ 86 ] [ 1 ] [ 1900 1900 1730 ] [    0    0    0 ] [      0      0      0 ] [ 0 ],drive [ 86 ] [ 0 ] [ 1900 1900 1731 ] [   18   16   18 ] [   9099   5948   9773 ] [ 0 ],1.00,1.00,1.00,1.00,-1.00,-16.32,0.00,0.00,0.00,0.00,0.00,-0.00,-0.00,0.00,0.00,0.00,0.00,0.00,0.00,0.00,0.00,0
4.57072,-1,-16,264,0,DRIVE [ 87 ] [ 1 ] [ 1900 1900 1729 ] [    0    0    0 ] [      0      0      0 ] [ 0 ],drive [ 86 ] [ 0 ] [ 1900 1900 1730 ] [   18   16   18 ] [   9099   5948   9773 ] [ 0 ],1.00,1.00,1.00,1.00,-0.98,-16.37,0.00,0.00,0.00,0.00,0.00,-0.00,-0.00,0.00,0.00,0.00,0.00,0.00,0.00,0.00,0.00,0
4.58279,-1,-16,264,0,DRIVE [ 87 ] [ 1 ] [ 1900 1901 1728 ] [    0    0    0 ] [      0      0      0 ] [ 0 ],drive [ 87 ] [ 0 ] [ 1900 1900 1729 ] [   18   16   18 ] [   9099   5948   9773 ] [ 0 ],1.00,1.00,1.00,1.00,-0.92,-16.41,0.00,0.00,0.00,0.00,0.00,-0.00,-0.00,0.00,0.00,0.00,0.00,0.00,0.00,0.00,0.00,0
4.59434,-1,-17,265,0,DRIVE [ 88 ] [ 1 ] [ 1900 1901 1726 ] [    0    0    0 ] [      0      0      0 ] [ 0 ],drive [ 87 ] [ 0 ] [ 1900 1901 1728 ] [   18   16   18 ] [   9098   5948   9781 ] [ 0 ],1.00,1.00,1.00,1.00,-0.87,-16.54,0.00,0.00,0.00,0.00,0.00,-0.00,-0.00,0.00,0.00,0.00,0.00,0.00,0.00,0.00,0.00,0
4.6079,-1,-17,265,0,DRIVE [ 88 ] [ 1 ] [ 1900 1901 1726 ] [    0    0    0 ] [      0      0      0 ] [ 0 ],drive [ 88 ] [ 0 ] [ 1900 1901 1726 ] [   18   16   18 ] [   9098   5948   9781 ] [ 0 ],1.00,1.00,1.00,1.00,-0.79,-16.59,0.00,0.00,0.00,0.00,0.00,-0.00,-0.00,0.00,0.00,0.00,0.00,0.00,0.00,0.00,0.00,0
4.61953,-1,-17,265,0,DRIVE [ 89 ] [ 1 ] [ 1900 1901 1725 ] [    0    0    0 ] [      0      0      0 ] [ 0 ],drive [ 88 ] [ 0 ] [ 1900 1901 1726 ] [   16   16   33 ] [   9098   5948   9781 ] [ 0 ],1.00,1.00,1.00,1.00,-0.74,-16.59,0.00,0.00,0.00,0.00,0.00,-0.00,-0.00,0.00,0.00,0.00,0.00,0.00,0.00,0.00,0.00,0
4.63342,-1,-16,265,0,DRIVE [ 89 ] [ 1 ] [ 1900 1902 1726 ] [    0    0    0 ] [      0      0      0 ] [ 0 ],drive [ 89 ] [ 0 ] [ 1900 1901 1725 ] [   16   16   33 ] [   9098   5948   9781 ] [ 0 ],1.00,1.00,1.00,1.00,-0.66,-16.46,0.00,0.00,0.00,0.00,0.00,-0.00,-0.00,0.00,0.00,0.00,0.00,0.00,0.00,0.00,0.00,0
4.646,-1,-16,265,0,DRIVE [ 90 ] [ 1 ] [ 1900 1902 1728 ] [    0    0    0 ] [      0      0      0 ] [ 0 ],drive [ 89 ] [ 0 ] [ 1900 1902 1726 ] [   16   16   33 ] [   9089   5948   9813 ] [ 0 ],1.00,1.00,1.00,1.00,-0.58,-16.31,0.00,0.00,0.00,0.00,0.00,-0.00,-0.00,0.00,0.00,0.00,0.00,0.00,0.00,0.00,0.00,0
4.658,0,-16,265,0,DRIVE [ 90 ] [ 1 ] [ 1900 1903 1730 ] [    0    0    0 ] [      0      0      0 ] [ 0 ],drive [ 90 ] [ 0 ] [ 1900 1902 1728 ] [   11   17   35 ] [   9089   5948   9813 ] [ 0 ],1.00,1.00,1.00,1.00,-0.48,-16.05,0.00,0.00,0.00,0.00,0.00,-0.00,-0.00,0.00,0.00,0.00,0.00,0.00,0.00,0.00,0.00,0
4.67122,0,-16,265,0,DRIVE [ 91 ] [ 1 ] [ 1900 1904 1734 ] [    0    0    0 ] [      0      0      0 ] [ 0 ],drive [ 90 ] [ 0 ] [ 1900 1903 1730 ] [   11   17   35 ] [   9089   5948   9813 ] [ 0 ],1.00,1.00,1.00,1.00,-0.30,-15.61,0.00,0.00,0.00,0.00,0.00,-0.00,-0.00,0.00,0.00,0.00,0.00,0.00,0.00,0.00,0.00,0
4.68422,0,-15,264,0,DRIVE [ 91 ] [ 1 ] [ 1900 1904 1738 ] [    0    0    0 ] [      0      0      0 ] [ 0 ],drive [ 91 ] [ 0 ] [ 1900 1904 1734 ] [   11   17   35 ] [   9089   5948   9813 ] [ 0 ],1.00,1.00,1.00,1.00,-0.16,-15.15,0.00,0.00,0.00,0.00,0.00,-0.00,-0.00,0.00,0.00,0.00,0.00,0.00,0.00,0.00,0.00,0
4.69653,0,-15,264,0,DRIVE [ 92 ] [ 1 ] [ 1905 1904 1742 ] [    0    0    0 ] [      0      0      0 ] [ 0 ],drive [ 91 ] [ 0 ] [ 1900 1904 1738 ] [   11   17   35 ] [   9088   5947   9846 ] [ 0 ],1.00,1.00,1.00,1.00,0.04,-14.68,0.00,0.00,0.00,0.00,0.00,-0.00,-0.00,0.00,0.00,0.00,0.00,0.00,-0.00,0.00,0.00,0
4.71008,0,-14,263,0,DRIVE [ 92 ] [ 1 ] [ 1904 1904 1749 ] [    0    0    0 ] [      0      0      0 ] [ 0 ],drive [ 92 ] [ 0 ] [ 1905 1904 1742 ] [   11   16   27 ] [   9088   5947   9846 ] [ 0 ],1.00,1.00,1.00,1.00,0.23,-14.16,0.00,0.00,0.00,0.00,0.00,-0.00,-0.00,0.00,0.00,0.00,0.00,0.00,-0.00,0.00,0.00,0
4.72192,0,-14,263,0,DRIVE [ 93 ] [ 1 ] [ 1903 1904 1753 ] [    0    0    0 ] [      0      0      0 ] [ 0 ],drive [ 92 ] [ 0 ] [ 1904 1904 1749 ] [   11   16   27 ] [   9088   5947   9846 ] [ 0 ],1.00,1.00,1.00,1.00,0.39,-13.85,0.00,0.00,0.00,0.00,0.00,-0.00,-0.00,0.00,0.00,0.00,0.00,0.00,-0.00,0.00,0.00,0
4.73442,1,-13,264,0,DRIVE [ 93 ] [ 1 ] [ 1902 1904 1758 ] [    0    0    0 ] [      0      0      0 ] [ 0 ],drive [ 93 ] [ 0 ] [ 1903 1904 1753 ] [   11   16   27 ] [   9088   5947   9846 ] [ 0 ],1.00,1.00,1.00,1.00,0.54,-13.50,0.00,0.00,0.00,0.00,0.00,-0.00,-0.00,0.00,0.00,0.00,0.00,0.00,-0.00,0.00,0.00,0
4.74658,1,-13,263,0,DRIVE [ 94 ] [ 1 ] [ 1902 1904 1762 ] [    0    0    0 ] [      0      0      0 ] [ 0 ],drive [ 93 ] [ 0 ] [ 1902 1904 1758 ] [   11   16   27 ] [   9072   5947   9846 ] [ 0 ],1.00,1.00,1.00,1.00,0.70,-13.17,0.00,0.00,0.00,0.00,0.00,-0.00,-0.00,0.00,0.00,0.00,0.00,0.00,-0.00,0.00,0.00,0
4.76002,1,-13,263,0,DRIVE [ 94 ] [ 1 ] [ 1901 1904 1766 ] [    0    0    0 ] [      0      0      0 ] [ 0 ],drive [ 94 ] [ 0 ] [ 1902 1904 1762 ] [    5   17   25 ] [   9072   5947   9846 ] [ 0 ],1.00,1.00,1.00,1.00,0.81,-12.88,0.00,0.00,0.00,0.00,0.00,-0.00,-0.00,0.00,0.00,0.00,0.00,0.00,-0.00,0.00,0.00,0
4.77227,1,-13,263,0,DRIVE [ 95 ] [ 1 ] [ 1900 1904 1769 ] [    0    0    0 ] [      0      0      0 ] [ 0 ],drive [ 94 ] [ 0 ] [ 1901 1904 1766 ] [    5   17   25 ] [   9072   5947   9846 ] [ 0 ],1.00,1.00,1.00,1.00,1.03,-12.64,0.00,0.00,0.00,0.00,0.00,-0.00,-0.00,0.00,0.00,0.00,0.00,0.00,-0.00,0.00,0.00,0
4.78449,1,-12,263,0,DRIVE [ 95 ] [ 1 ] [ 1899 1904 1772 ] [    0    0    0 ] [      0      0      0 ] [ 0 ],drive [ 95 ] [ 0 ] [ 1900 1904 1769 ] [    5   17   25 ] [   9072   5947   9846 ] [ 0 ],1.00,1.00,1.00,1.00,1.22,-12.44,0.00,0.00,0.00,0.00,0.00,-0.00,-0.00,0.00,0.00,0.00,0.00,0.00,-0.00,0.00,0.00,0
4.79701,1,-12,263,0,DRIVE [ 96 ] [ 1 ] [ 1898 1904 1774 ] [    0    0    0 ] [      0      0      0 ] [ 0 ],drive [ 95 ] [ 0 ] [ 1899 1904 1772 ] [    5   17   25 ] [   9062   5947   9845 ] [ 0 ],1.00,1.00,1.00,1.00,1.35,-12.26,0.00,0.00,0.00,0.00,0.00,-0.00,-0.00,0.00,0.00,0.00,0.00,0.00,-0.00,0.00,0.00,0
4.80914,1,-12,263,0,DRIVE [ 96 ] [ 1 ] [ 1898 1904 1776 ] [    0    0    0 ] [      0      0      0 ] [ 0 ],drive [ 96 ] [ 0 ] [ 1898 1904 1774 ] [    5   15   24 ] [   9062   5947   9845 ] [ 0 ],1.00,1.00,1.00,1.00,1.44,-12.14,0.00,0.00,0.00,0.00,0.00,-0.00,-0.00,0.00,0.00,0.00,0.00,0.00,-0.00,0.00,0.00,0
4.82277,2,-12,263,0,DRIVE [ 97 ] [ 1 ] [ 1898 1904 1777 ] [    0    0    0 ] [      0      0      0 ] [ 0 ],drive [ 96 ] [ 0 ] [ 1898 1904 1776 ] [    5   15   24 ] [   9062   5947   9845 ] [ 0 ],1.00,1.00,1.00,1.00,1.50,-12.08,0.00,0.00,0.00,0.00,0.00,-0.00,-0.00,0.00,0.00,0.00,0.00,0.00,-0.00,0.00,0.00,0
4.8358,2,-12,263,0,DRIVE [ 97 ] [ 1 ] [ 1897 1904 1777 ] [    0    0    0 ] [      0      0      0 ] [ 0 ],drive [ 97 ] [ 0 ] [ 1898 1904 1777 ] [    5   15   24 ] [   9062   5947   9845 ] [ 0 ],1.00,1.00,1.00,1.00,1.53,-12.10,0.00,0.00,0.00,0.00,0.00,-0.00,-0.00,0.00,0.00,0.00,0.00,0.00,-0.00,0.00,0.00,0
4.84822,2,-12,264,0,DRIVE [ 98 ] [ 1 ] [ 1897 1904 1777 ] [    0    0    0 ] [      0      0      0 ] [ 0 ],drive [ 97 ] [ 0 ] [ 1897 1904 1777 ] [    5   15   24 ] [   9062   5947   9845 ] [ 0 ],1.00,1.00,1.00,1.00,1.57,-12.14,0.00,0.00,0.00,0.00,0.00,-0.00,-0.00,0.00,0.00,0.00,0.00,0.00,-0.00,0.00,0.00,0
4.86001,2,-12,264,0,DRIVE [ 98 ] [ 1 ] [ 1897 1904 1777 ] [    0    0    0 ] [      0      0      0 ] [ 0 ],drive [ 98 ] [ 0 ] [ 1897 1904 1777 ] [    5   16   24 ] [   9062   5947   9845 ] [ 0 ],1.00,1.00,1.00,1.00,1.57,-12.20,0.00,0.00,0.00,0.00,0.00,-0.00,-0.00,0.00,0.00,0.00,0.00,0.00,-0.00,0.00,0.00,0
4.87313,2,-12,265,0,DRIVE [ 99 ] [ 1 ] [ 1897 1904 1776 ] [    0    0    0 ] [      0      0      0 ] [ 0 ],drive [ 98 ] [ 0 ] [ 1897 1904 1777 ] [    5   16   24 ] [   9062   5947   9845 ] [ 0 ],1.00,1.00,1.00,1.00,1.57,-12.28,0.00,0.00,0.00,0.00,0.00,-0.00,-0.00,0.00,0.00,0.00,0.00,0.00,-0.00,0.00,0.00,0
4.885,2,-12,264,0,DRIVE [ 99 ] [ 1 ] [ 1897 1904 1775 ] [    0    0    0 ] [      0      0      0 ] [ 0 ],drive [ 99 ] [ 0 ] [ 1897 1904 1776 ] [    5   16   24 ] [   9062   5947   9845 ] [ 0 ],1.00,1.00,1.00,1.00,1.61,-12.39,0.00,0.00,0.00,0.00,0.00,-0.00,-0.00,0.00,0.00,0.00,0.00,0.00,-0.00,0.00,0.00,0
4.89672,2,-12,264,0,DRIVE [ 00 ] [ 1 ] [ 1897 1904 1774 ] [    0    0    0 ] [      0      0      0 ] [ 0 ],drive [ 99 ] [ 0 ] [ 1897 1904 1775 ] [    5   16   24 ] [   9062   5947   9845 ] [ 0 ],1.00,1.00,1.00,1.00,1.65,-12.48,0.00,0.00,0.00,0.00,0.00,-0.00,-0.00,0.00,0.00,0.00,0.00,0.00,-0.00,0.00,0.00,0
4.90891,2,-13,264,0,DRIVE [ 00 ] [ 1 ] [ 1897 1904 1773 ] [    0    0    0 ] [      0      0      0 ] [ 0 ],drive [ 00 ] [ 0 ] [ 1897 1904 1774 ] [    4   16   24 ] [   9062   5947   9845 ] [ 0 ],1.00,1.00,1.00,1.00,1.66,-12.56,0.00,0.00,0.00,0.00,0.00,-0.00,-0.00,0.00,0.00,0.00,0.00,0.00,-0.00,0.00,0.00,0
4.9207,2,-13,264,0,DRIVE [ 01 ] [ 1 ] [ 1897 1904 1772 ] [    0    0    0 ] [      0      0      0 ] [ 0 ],drive [ 00 ] [ 0 ] [ 1897 1904 1773 ] [    4   16   24 ] [   9062   5947   9845 ] [ 0 ],1.00,1.00,1.00,1.00,1.67,-12.62,0.00,0.00,0.00,0.00,0.00,-0.00,-0.00,0.00,0.00,0.00,0.00,0.00,-0.00,0.00,0.00,0
4.93248,2,-13,264,0,DRIVE [ 01 ] [ 1 ] [ 1897 1904 1772 ] [    0    0    0 ] [      0      0      0 ] [ 0 ],drive [ 01 ] [ 0 ] [ 1897 1904 1772 ] [    4   16   24 ] [   9062   5947   9845 ] [ 0 ],1.00,1.00,1.00,1.00,1.69,-12.67,0.00,0.00,0.00,0.00,0.00,-0.00,-0.00,0.00,0.00,0.00,0.00,0.00,-0.00,0.00,0.00,0
4.94487,2,-13,264,0,DRIVE [ 02 ] [ 1 ] [ 1896 1904 1772 ] [    0    0    0 ] [      0      0      0 ] [ 0 ],drive [ 01 ] [ 0 ] [ 1897 1904 1772 ] [    4   16   24 ] [   9062   5947   9845 ] [ 0 ],1.00,1.00,1.00,1.00,1.73,-12.71,0.00,0.00,0.00,0.00,0.00,-0.00,-0.00,0.00,0.00,0.00,0.00,0.00,-0.00,0.00,0.00,0
4.95827,2,-13,264,0,DRIVE [ 02 ] [ 1 ] [ 1896 1904 1771 ] [    0    0    0 ] [      0      0      0 ] [ 0 ],drive [ 02 ] [ 0 ] [ 1896 1904 1772 ] [    4   16   24 ] [   9062   5947   9845 ] [ 0 ],1.00,1.00,1.00,1.00,1.75,-12.75,0.00,0.00,0.00,0.00,0.00,-0.00,-0.00,0.00,0.00,0.00,0.00,0.00,-0.00,0.00,0.00,0
4.96997,2,-13,264,0,DRIVE [ 03 ] [ 1 ] [ 1896 1904 1771 ] [    0    0    0 ] [      0      0      0 ] [ 0 ],drive [ 02 ] [ 0 ] [ 1896 1904 1771 ] [    5   17   24 ] [   9062   5947   9845 ] [ 0 ],1.00,1.00,1.00,1.00,1.76,-12.77,0.00,0.00,0.00,0.00,0.00,-0.00,-0.00,0.00,0.00,0.00,0.00,0.00,-0.00,0.00,0.00,0
4.98259,2,-13,263,0,DRIVE [ 03 ] [ 1 ] [ 1896 1904 1770 ] [    0    0    0 ] [      0      0      0 ] [ 0 ],drive [ 03 ] [ 0 ] [ 1896 1904 1771 ] [    5   17   24 ] [   9062   5947   9845 ] [ 0 ],1.00,1.00,1.00,1.00,1.79,-12.81,0.00,0.00,0.00,0.00,0.00,-0.00,-0.00,0.00,0.00,0.00,0.00,0.00,-0.00,0.00,0.00,0
4.99606,2,-13,264,0,DRIVE [ 04 ] [ 1 ] [ 1896 1904 1770 ] [    0    0    0 ] [      0      0      0 ] [ 0 ],drive [ 03 ] [ 0 ] [ 1896 1904 1770 ] [    5   17   24 ] [   9062   5947   9845 ] [ 0 ],1.00,1.00,1.00,1.00,1.85,-12.84,0.00,0.00,0.00,0.00,0.00,-0.00,-0.00,0.00,0.00,0.00,0.00,0.00,-0.00,0.00,0.00,0
5.00814,2,-13,264,0,DRIVE [ 04 ] [ 1 ] [ 1895 1904 1771 ] [    0    0    0 ] [      0      0      0 ] [ 0 ],drive [ 04 ] [ 0 ] [ 1896 1904 1770 ] [    5   16   25 ] [   9062   5947   9845 ] [ 0 ],1.00,1.00,1.00,1.00,1.92,-12.83,0.00,0.00,0.00,0.00,0.00,-0.00,-0.00,0.00,0.00,0.00,0.00,0.00,-0.00,0.00,0.00,0
5.01997,2,-13,264,0,DRIVE [ 05 ] [ 1 ] [ 1895 1904 1771 ] [    0    0    0 ] [      0      0      0 ] [ 0 ],drive [ 04 ] [ 0 ] [ 1895 1904 1771 ] [    5   16   25 ] [   9062   5947   9845 ] [ 0 ],1.00,1.00,1.00,1.00,2.08,-12.84,0.00,0.00,0.00,0.00,0.00,-0.00,-0.00,0.00,0.00,0.00,0.00,0.00,-0.00,0.00,0.00,0
5.0319,2,-13,264,0,DRIVE [ 05 ] [ 1 ] [ 1894 1904 1772 ] [    0    0    0 ] [      0      0      0 ] [ 0 ],drive [ 05 ] [ 0 ] [ 1895 1904 1771 ] [    5   16   25 ] [   9062   5947   9845 ] [ 0 ],1.00,1.00,1.00,1.00,2.17,-12.85,0.00,0.00,0.00,0.00,0.00,-0.00,-0.00,0.00,0.00,0.00,0.00,0.00,-0.00,0.00,0.00,0
5.04406,2,-13,264,0,DRIVE [ 06 ] [ 1 ] [ 1894 1904 1772 ] [    0    0    0 ] [      0      0      0 ] [ 0 ],drive [ 05 ] [ 0 ] [ 1894 1904 1772 ] [    5   16   25 ] [   9062   5947   9845 ] [ 0 ],1.00,1.00,1.00,1.00,2.23,-12.82,0.00,0.00,0.00,0.00,0.00,-0.00,-0.00,0.00,0.00,0.00,0.00,0.00,-0.00,0.00,0.00,0
5.05577,2,-13,265,0,DRIVE [ 06 ] [ 1 ] [ 1894 1904 1773 ] [    0    0    0 ] [      0      0      0 ] [ 0 ],drive [ 06 ] [ 0 ] [ 1894 1904 1772 ] [    5   16   25 ] [   9062   5947   9845 ] [ 0 ],1.00,1.00,1.00,1.00,2.26,-12.78,0.00,0.00,0.00,0.00,0.00,-0.00,-0.00,0.00,0.00,0.00,0.00,0.00,-0.00,0.00,0.00,0
5.06766,2,-13,264,0,DRIVE [ 07 ] [ 1 ] [ 1893 1904 1775 ] [    0    0    0 ] [      0      0      0 ] [ 0 ],drive [ 06 ] [ 0 ] [ 1894 1904 1773 ] [    6   16   24 ] [   9062   5947   9845 ] [ 0 ],1.00,1.00,1.00,1.00,2.37,-12.66,0.00,0.00,0.00,0.00,0.00,-0.00,-0.00,0.00,0.00,0.00,0.00,0.00,-0.00,0.00,0.00,0
5.07969,2,-13,264,0,DRIVE [ 07 ] [ 1 ] [ 1892 1904 1776 ] [    0    0    0 ] [      0      0      0 ] [ 0 ],drive [ 07 ] [ 0 ] [ 1893 1904 1775 ] [    6   16   24 ] [   9062   5947   9845 ] [ 0 ],1.00,1.00,1.00,1.00,2.49,-12.54,0.00,0.00,0.00,0.00,0.00,-0.00,-0.00,0.00,0.00,0.00,0.00,0.00,-0.00,0.00,0.00,0
5.09137,3,-12,264,0,DRIVE [ 08 ] [ 1 ] [ 1892 1904 1777 ] [    0    0    0 ] [      0      0      0 ] [ 0 ],drive [ 07 ] [ 0 ] [ 1892 1904 1776 ] [    6   16   24 ] [   9062   5947   9845 ] [ 0 ],1.00,1.00,1.00,1.00,2.59,-12.47,0.00,0.00,0.00,0.00,0.00,-0.00,-0.00,0.00,0.00,0.00,0.00,0.00,-0.00,0.00,0.00,0
5.10324,3,-12,264,0,DRIVE [ 08 ] [ 1 ] [ 1891 1904 1778 ] [    0    0    0 ] [      0      0      0 ] [ 0 ],drive [ 08 ] [ 0 ] [ 1892 1904 1777 ] [    6   16   24 ] [   9062   5947   9845 ] [ 0 ],1.00,1.00,1.00,1.00,2.69,-12.43,0.00,0.00,0.00,0.00,0.00,-0.00,-0.00,0.00,0.00,0.00,0.00,0.00,-0.00,0.00,0.00,0
5.11571,3,-12,264,0,DRIVE [ 09 ] [ 1 ] [ 1891 1904 1779 ] [    0    0    0 ] [      0      0      0 ] [ 0 ],drive [ 08 ] [ 0 ] [ 1891 1904 1778 ] [    6   16   24 ] [   9062   5947   9845 ] [ 0 ],1.00,1.00,1.00,1.00,2.76,-12.33,0.00,0.00,0.00,0.00,0.00,-0.00,-0.00,0.00,0.00,0.00,0.00,0.00,-0.00,0.00,0.00,0
5.12748,3,-12,263,0,DRIVE [ 09 ] [ 1 ] [ 1890 1904 1780 ] [    0    0    0 ] [      0      0      0 ] [ 0 ],drive [ 09 ] [ 0 ] [ 1891 1904 1779 ] [    6   16   24 ] [   9062   5947   9845 ] [ 0 ],1.00,1.00,1.00,1.00,2.88,-12.23,0.00,0.00,0.00,0.00,0.00,-0.00,-0.00,0.00,0.00,0.00,0.00,0.00,-0.00,0.00,0.00,0
5.1401,3,-12,263,0,DRIVE [ 10 ] [ 1 ] [ 1890 1904 1781 ] [    0    0    0 ] [      0      0      0 ] [ 0 ],drive [ 09 ] [ 0 ] [ 1890 1904 1780 ] [    6   16   24 ] [   9062   5947   9845 ] [ 0 ],1.00,1.00,1.00,1.00,2.96,-12.13,0.00,0.00,0.00,0.00,0.00,-0.00,-0.00,0.00,0.00,0.00,0.00,0.00,-0.00,0.00,0.00,0
5.15415,3,-12,262,0,DRIVE [ 10 ] [ 1 ] [ 1890 1904 1782 ] [    0    0    0 ] [      0      0      0 ] [ 0 ],drive [ 10 ] [ 0 ] [ 1890 1904 1781 ] [    6   16   24 ] [   9062   5947   9845 ] [ 0 ],1.00,1.00,1.00,1.00,3.01,-12.07,0.00,0.00,0.00,0.00,0.00,0.00,-0.00,0.00,0.00,0.00,0.00,0.00,-0.00,0.00,0.00,0
5.16637,3,-12,263,0,DRIVE [ 11 ] [ 1 ] [ 1889 1904 1782 ] [    0    0    0 ] [      0      0      0 ] [ 0 ],drive [ 10 ] [ 0 ] [ 1890 1904 1782 ] [    7   16   23 ] [   9062   5947   9845 ] [ 0 ],1.00,1.00,1.00,1.00,3.08,-12.06,0.00,0.00,0.00,0.00,0.00,0.00,-0.00,0.00,0.00,0.00,0.00,0.00,-0.00,0.00,0.00,0
5.17848,3,-12,263,0,DRIVE [ 11 ] [ 1 ] [ 1889 1904 1783 ] [    0    0    0 ] [      0      0      0 ] [ 0 ],drive [ 11 ] [ 0 ] [ 1889 1904 1782 ] [    7   16   23 ] [   9062   5947   9845 ] [ 0 ],1.00,1.00,1.00,1.00,3.20,-12.01,0.00,0.00,0.00,0.00,0.00,0.00,-0.00,0.00,0.00,0.00,0.00,0.00,-0.00,0.00,0.00,0
5.19026,3,-12,263,0,DRIVE [ 12 ] [ 1 ] [ 1888 1904 1784 ] [    0    0    0 ] [      0      0      0 ] [ 0 ],drive [ 11 ] [ 0 ] [ 1889 1904 1783 ] [    7   16   23 ] [   9062   5947   9845 ] [ 0 ],1.00,1.00,1.00,1.00,3.32,-11.96,0.00,0.00,0.00,0.00,0.00,0.00,-0.00,0.00,0.00,0.00,0.00,0.00,-0.00,0.00,0.00,0
5.20183,3,-12,263,0,DRIVE [ 12 ] [ 1 ] [ 1887 1904 1785 ] [    0    0    0 ] [      0      0      0 ] [ 0 ],drive [ 12 ] [ 0 ] [ 1888 1904 1784 ] [    7   16   23 ] [   9062   5947   9845 ] [ 0 ],1.00,1.00,1.00,1.00,3.43,-11.91,0.00,0.00,0.00,0.00,0.00,0.00,-0.00,0.00,0.00,0.00,0.00,0.00,-0.00,0.00,0.00,0
5.21389,3,-12,263,0,DRIVE [ 13 ] [ 1 ] [ 1887 1904 1785 ] [    0    0    0 ] [      0      0      0 ] [ 0 ],drive [ 12 ] [ 0 ] [ 1887 1904 1785 ] [    6   17   22 ] [   9062   5947   9845 ] [ 0 ],1.00,1.00,1.00,1.00,3.50,-11.85,0.00,0.00,0.00,0.00,0.00,0.00,-0.00,0.00,0.00,0.00,0.00,0.00,-0.00,0.00,0.00,0
5.22538,4,-12,263,0,DRIVE [ 13 ] [ 1 ] [ 1887 1904 1786 ] [    0    0    0 ] [      0      0      0 ] [ 0 ],drive [ 13 ] [ 0 ] [ 1887 1904 1785 ] [    6   17   22 ] [   9062   5947   9845 ] [ 0 ],1.00,1.00,1.00,1.00,3.53,-11.78,0.00,0.00,0.00,0.00,0.00,0.00,-0.00,0.00,0.00,0.00,0.00,0.00,-0.00,0.00,0.00,0
5.2371,4,-12,263,0,DRIVE [ 14 ] [ 1 ] [ 1887 1904 1787 ] [    0    0    0 ] [      0      0      0 ] [ 0 ],drive [ 13 ] [ 0 ] [ 1887 1904 1786 ] [    6   17   22 ] [   9062   5947   9845 ] [ 0 ],1.00,1.00,1.00,1.00,3.58,-11.78,0.00,0.00,0.00,0.00,0.00,0.00,-0.00,0.00,0.00,0.00,0.00,0.00,-0.00,0.00,0.00,0
5.24935,4,-12,263,0,DRIVE [ 14 ] [ 1 ] [ 1887 1904 1787 ] [    0    0    0 ] [      0      0      0 ] [ 0 ],drive [ 14 ] [ 0 ] [ 1887 1904 1787 ] [    6   17   22 ] [   9062   5947   9846 ] [ 0 ],1.00,1.00,1.00,1.00,3.60,-11.76,0.00,0.00,0.00,0.00,0.00,0.00,-0.00,0.00,0.00,0.00,0.00,0.00,-0.00,0.00,0.00,0
5.26109,4,-12,263,0,DRIVE [ 15 ] [ 1 ] [ 1886 1904 1788 ] [    0    0    0 ] [      0      0      0 ] [ 0 ],drive [ 14 ] [ 0 ] [ 1887 1904 1787 ] [    7   17   22 ] [   9062   5947   9846 ] [ 0 ],1.00,1.00,1.00,1.00,3.67,-11.71,0.00,0.00,0.00,0.00,0.00,0.00,-0.00,0.00,0.00,0.00,0.00,0.00,-0.00,0.00,0.00,0
5.27362,4,-12,264,0,DRIVE [ 15 ] [ 1 ] [ 1886 1904 1788 ] [    0    0    0 ] [      0      0      0 ] [ 0 ],drive [ 15 ] [ 0 ] [ 1886 1904 1788 ] [    7   17   22 ] [   9062   5947   9846 ] [ 0 ],1.00,1.00,1.00,1.00,3.70,-11.69,0.00,0.00,0.00,0.00,0.00,0.00,-0.00,0.00,0.00,0.00,0.00,0.00,-0.00,0.00,0.00,0
5.28552,4,-12,263,0,DRIVE [ 16 ] [ 1 ] [ 1886 1904 1789 ] [    0    0    0 ] [      0      0      0 ] [ 0 ],drive [ 15 ] [ 0 ] [ 1886 1904 1788 ] [    7   17   22 ] [   9062   5947   9846 ] [ 0 ],1.00,1.00,1.00,1.00,3.77,-11.60,0.00,0.00,0.00,0.00,0.00,0.00,-0.00,0.00,0.00,0.00,0.00,0.00,-0.00,0.00,0.00,0
5.29783,4,-12,263,0,DRIVE [ 16 ] [ 1 ] [ 1885 1904 1790 ] [    0    0    0 ] [      0      0      0 ] [ 0 ],drive [ 16 ] [ 0 ] [ 1886 1904 1789 ] [    7   17   22 ] [   9062   5947   9846 ] [ 0 ],1.00,1.00,1.00,1.00,3.86,-11.53,0.00,0.00,0.00,0.00,0.00,0.00,-0.00,0.00,0.00,0.00,0.00,0.00,-0.00,0.00,0.00,0
5.30983,4,-11,262,0,DRIVE [ 17 ] [ 1 ] [ 1885 1904 1791 ] [    0    0    0 ] [      0      0      0 ] [ 0 ],drive [ 16 ] [ 0 ] [ 1885 1904 1790 ] [    7   17   22 ] [   9062   5947   9846 ] [ 0 ],1.00,1.00,1.00,1.00,3.91,-11.41,0.00,0.00,0.00,0.00,0.00,0.00,-0.00,0.00,0.00,0.00,0.00,0.00,-0.00,0.00,0.00,0
5.32123,4,-11,263,0,DRIVE [ 17 ] [ 1 ] [ 1885 1904 1792 ] [    0    0    0 ] [      0      0      0 ] [ 0 ],drive [ 17 ] [ 0 ] [ 1885 1904 1791 ] [    7   17   22 ] [   9062   5947   9846 ] [ 0 ],1.00,1.00,1.00,1.00,3.97,-11.36,0.00,0.00,0.00,0.00,0.00,0.00,-0.00,0.00,0.00,0.00,0.00,0.00,-0.00,0.00,0.00,0
5.3335,4,-11,262,0,DRIVE [ 18 ] [ 1 ] [ 1884 1904 1793 ] [    0    0    0 ] [      0      0      0 ] [ 0 ],drive [ 17 ] [ 0 ] [ 1885 1904 1792 ] [    7   17   22 ] [   9062   5947   9846 ] [ 0 ],1.00,1.00,1.00,1.00,4.10,-11.23,0.00,0.00,0.00,0.00,0.00,0.00,-0.00,0.00,0.00,0.00,0.00,0.00,-0.00,0.00,0.00,0
5.34567,4,-11,262,0,DRIVE [ 18 ] [ 1 ] [ 1883 1904 1795 ] [    0    0    0 ] [      0      0      0 ] [ 0 ],drive [ 18 ] [ 0 ] [ 1884 1904 1793 ] [    7   17   22 ] [   9062   5947   9846 ] [ 0 ],1.00,1.00,1.00,1.00,4.23,-11.08,0.00,0.00,0.00,0.00,0.00,0.00,-0.00,0.00,0.00,0.00,0.00,0.00,-0.00,0.00,0.00,0
5.35752,4,-11,262,0,DRIVE [ 19 ] [ 1 ] [ 1883 1904 1797 ] [    0    0    0 ] [      0      0      0 ] [ 0 ],drive [ 18 ] [ 0 ] [ 1883 1904 1795 ] [    7   16   22 ] [   9062   5947   9846 ] [ 0 ],1.00,1.00,1.00,1.00,4.30,-10.88,0.00,0.00,0.00,0.00,0.00,0.00,-0.00,0.00,0.00,0.00,0.00,0.00,-0.00,0.00,0.00,0
5.36897,4,-11,262,0,DRIVE [ 19 ] [ 1 ] [ 1883 1904 1798 ] [    0    0    0 ] [      0      0      0 ] [ 0 ],drive [ 19 ] [ 0 ] [ 1883 1904 1797 ] [    7   16   22 ] [   9062   5947   9846 ] [ 0 ],1.00,1.00,1.00,1.00,4.31,-10.77,0.00,0.00,0.00,0.00,0.00,0.00,-0.00,0.00,0.00,0.00,0.00,0.00,-0.00,0.00,0.00,0
5.38139,4,-11,263,0,DRIVE [ 20 ] [ 1 ] [ 1882 1904 1799 ] [    0    0    0 ] [      0      0      0 ] [ 0 ],drive [ 19 ] [ 0 ] [ 1883 1904 1798 ] [    7   16   22 ] [   9062   5947   9846 ] [ 0 ],1.00,1.00,1.00,1.00,4.40,-10.68,0.00,0.00,0.00,0.00,0.00,0.00,-0.00,0.00,0.00,0.00,0.00,0.00,-0.00,0.00,0.00,0
5.39343,5,-11,263,0,DRIVE [ 20 ] [ 1 ] [ 1882 1904 1801 ] [    0    0    0 ] [      0      0      0 ] [ 0 ],drive [ 20 ] [ 0 ] [ 1882 1904 1799 ] [    7   16   22 ] [   9062   5947   9845 ] [ 0 ],1.00,1.00,1.00,1.00,4.51,-10.59,0.00,0.00,0.00,0.00,0.00,0.00,-0.00,0.00,0.00,0.00,0.00,0.00,-0.00,0.00,0.00,0
5.40495,5,-11,263,0,DRIVE [ 21 ] [ 1 ] [ 1881 1904 1801 ] [    0    0    0 ] [      0      0      0 ] [ 0 ],drive [ 20 ] [ 0 ] [ 1882 1904 1801 ] [    7   16   22 ] [   9062   5947   9845 ] [ 0 ],1.00,1.00,1.00,1.00,4.59,-10.51,0.00,0.00,0.00,0.00,0.00,0.00,-0.00,0.00,0.00,0.00,0.00,0.00,-0.00,0.00,0.00,0
5.41702,5,-11,263,0,DRIVE [ 21 ] [ 1 ] [ 1881 1904 1801 ] [    0    0    0 ] [      0      0      0 ] [ 0 ],drive [ 21 ] [ 0 ] [ 1881 1904 1801 ] [    6   17   22 ] [   9062   5947   9845 ] [ 0 ],1.00,1.00,1.00,1.00,4.67,-10.54,0.00,0.00,0.00,0.00,0.00,0.00,-0.00,0.00,0.00,0.00,0.00,0.00,-0.00,0.00,0.00,0
5.42907,5,-10,263,0,DRIVE [ 22 ] [ 1 ] [ 1880 1904 1803 ] [    0    0    0 ] [      0      0      0 ] [ 0 ],drive [ 21 ] [ 0 ] [ 1881 1904 1801 ] [    6   17   22 ] [   9062   5947   9845 ] [ 0 ],1.00,1.00,1.00,1.00,4.72,-10.41,0.00,0.00,0.00,0.00,0.00,0.00,-0.00,0.00,0.00,0.00,0.00,0.00,-0.00,0.00,0.00,0
5.44118,5,-10,263,0,DRIVE [ 22 ] [ 1 ] [ 1880 1904 1804 ] [    0    0    0 ] [      0      0      0 ] [ 0 ],drive [ 22 ] [ 0 ] [ 1880 1904 1803 ] [    6   17   22 ] [   9062   5947   9845 ] [ 0 ],1.00,1.00,1.00,1.00,4.75,-10.32,0.00,0.00,0.00,0.00,0.00,0.00,-0.00,0.00,0.00,0.00,0.00,0.00,-0.00,0.00,0.00,0
5.45253,5,-10,263,0,DRIVE [ 23 ] [ 1 ] [ 1880 1904 1804 ] [    0    0    0 ] [      0      0      0 ] [ 0 ],drive [ 22 ] [ 0 ] [ 1880 1904 1804 ] [    6   17   22 ] [   9063   5947   9845 ] [ 0 ],1.00,1.00,1.00,1.00,4.79,-10.24,0.00,0.00,0.00,0.00,0.00,0.00,-0.00,0.00,0.00,0.00,0.00,0.00,-0.00,0.00,0.00,0
5.46495,5,-10,262,0,DRIVE [ 23 ] [ 1 ] [ 1880 1904 1805 ] [    0    0    0 ] [      0      0      0 ] [ 0 ],drive [ 23 ] [ 0 ] [ 1880 1904 1804 ] [    6   16   21 ] [   9063   5947   9845 ] [ 0 ],1.00,1.00,1.00,1.00,4.80,-10.18,0.00,0.00,0.00,0.00,0.00,0.00,-0.00,0.00,0.00,0.00,0.00,0.00,-0.00,0.00,0.00,0
5.47621,5,-10,263,0,DRIVE [ 24 ] [ 1 ] [ 1880 1904 1805 ] [    0    0    0 ] [      0      0      0 ] [ 0 ],drive [ 23 ] [ 0 ] [ 1880 1904 1805 ] [    6   16   21 ] [   9063   5947   9845 ] [ 0 ],1.00,1.00,1.00,1.00,4.86,-10.15,0.00,0.00,0.00,0.00,0.00,0.00,-0.00,0.00,0.00,0.00,0.00,0.00,-0.00,0.00,0.00,0
5.48883,5,-10,263,0,DRIVE [ 24 ] [ 1 ] [ 1879 1904 1805 ] [    0    0    0 ] [      0      0      0 ] [ 0 ],drive [ 24 ] [ 0 ] [ 1880 1904 1805 ] [    6   16   21 ] [   9063   5947   9845 ] [ 0 ],1.00,1.00,1.00,1.00,4.87,-10.15,0.00,0.00,0.00,0.00,0.00,0.00,-0.00,0.00,0.00,0.00,0.00,0.00,-0.00,0.00,0.00,0
5.50038,5,-10,264,0,DRIVE [ 25 ] [ 1 ] [ 1879 1904 1806 ] [    0    0    0 ] [      0      0      0 ] [ 0 ],drive [ 24 ] [ 0 ] [ 1879 1904 1805 ] [    6   16   21 ] [   9063   5947   9846 ] [ 0 ],1.00,1.00,1.00,1.00,4.92,-10.13,0.00,0.00,0.00,0.00,0.00,0.00,-0.00,0.00,0.00,0.00,0.00,0.00,-0.00,0.00,0.00,0
5.51171,5,-10,264,0,DRIVE [ 25 ] [ 1 ] [ 1879 1904 1806 ] [    0    0    0 ] [      0      0      0 ] [ 0 ],drive [ 25 ] [ 0 ] [ 1879 1904 1806 ] [    7   17   21 ] [   9063   5947   9846 ] [ 0 ],1.00,1.00,1.00,1.00,4.98,-10.09,0.00,0.00,0.00,0.00,0.00,0.00,-0.00,0.00,0.00,0.00,0.00,0.00,-0.00,0.00,0.00,0
5.52309,5,-10,264,0,DRIVE [ 26 ] [ 1 ] [ 1879 1904 1807 ] [    0    0    0 ] [      0      0      0 ] [ 0 ],drive [ 25 ] [ 0 ] [ 1879 1904 1806 ] [    7   17   21 ] [   9063   5947   9846 ] [ 0 ],1.00,1.00,1.00,1.00,4.98,-10.09,0.00,0.00,0.00,0.00,0.00,0.00,-0.00,0.00,0.00,0.00,0.00,0.00,-0.00,0.00,0.00,0
5.53509,5,-10,264,0,DRIVE [ 26 ] [ 1 ] [ 1879 1904 1807 ] [    0    0    0 ] [      0      0      0 ] [ 0 ],drive [ 26 ] [ 0 ] [ 1879 1904 1807 ] [    7   17   21 ] [   9063   5947   9846 ] [ 0 ],1.00,1.00,1.00,1.00,4.99,-10.09,0.00,0.00,0.00,0.00,0.00,0.00,-0.00,0.00,0.00,0.00,0.00,0.00,-0.00,0.00,0.00,0
5.54647,5,-10,264,0,DRIVE [ 27 ] [ 1 ] [ 1879 1904 1807 ] [    0    0    0 ] [      0      0      0 ] [ 0 ],drive [ 26 ] [ 0 ] [ 1879 1904 1807 ] [    7   17   21 ] [   9063   5947   9846 ] [ 0 ],1.00,1.00,1.00,1.00,4.97,-10.08,0.00,0.00,0.00,0.00,0.00,0.00,-0.00,0.00,0.00,0.00,0.00,0.00,-0.00,0.00,0.00,0
5.55841,5,-10,264,0,DRIVE [ 27 ] [ 1 ] [ 1879 1904 1807 ] [    0    0    0 ] [      0      0      0 ] [ 0 ],drive [ 27 ] [ 0 ] [ 1879 1904 1807 ] [    7   16   21 ] [   9063   5947   9846 ] [ 0 ],1.00,1.00,1.00,1.00,4.93,-10.02,0.00,0.00,0.00,0.00,0.00,0.00,-0.00,0.00,0.00,0.00,0.00,0.00,-0.00,0.00,0.00,0
5.57014,5,-10,264,0,DRIVE [ 28 ] [ 1 ] [ 1879 1904 1807 ] [    0    0    0 ] [      0      0      0 ] [ 0 ],drive [ 27 ] [ 0 ] [ 1879 1904 1807 ] [    7   16   21 ] [   9063   5947   9846 ] [ 0 ],1.00,1.00,1.00,1.00,4.97,-10.09,0.00,0.00,0.00,0.00,0.00,0.00,-0.00,0.00,0.00,0.00,0.00,0.00,-0.00,0.00,0.00,0
5.58166,5,-10,265,0,DRIVE [ 28 ] [ 1 ] [ 1879 1904 1807 ] [    0    0    0 ] [      0      0      0 ] [ 0 ],drive [ 28 ] [ 0 ] [ 1879 1904 1807 ] [    7   16   21 ] [   9063   5947   9846 ] [ 0 ],1.00,1.00,1.00,1.00,4.99,-10.09,0.00,0.00,0.00,0.00,0.00,0.00,-0.00,0.00,0.00,0.00,0.00,0.00,-0.00,0.00,0.00,0
5.59383,5,-10,265,0,DRIVE [ 29 ] [ 1 ] [ 1879 1904 1807 ] [    0    0    0 ] [      0      0      0 ] [ 0 ],drive [ 28 ] [ 0 ] [ 1879 1904 1807 ] [    7   16   21 ] [   9063   5947   9846 ] [ 0 ],1.00,1.00,1.00,1.00,4.99,-10.09,0.00,0.00,0.00,0.00,0.00,0.00,-0.00,0.00,0.00,0.00,0.00,0.00,-0.00,0.00,0.00,0
5.60715,5,-10,265,0,DRIVE [ 29 ] [ 1 ] [ 1879 1904 1808 ] [    0    0    0 ] [      0      0      0 ] [ 0 ],drive [ 29 ] [ 0 ] [ 1879 1904 1807 ] [    7   16   21 ] [   9063   5947   9846 ] [ 0 ],1.00,1.00,1.00,1.00,4.99,-10.03,0.00,0.00,0.00,0.00,0.00,0.00,-0.00,0.00,0.00,0.00,0.00,0.00,-0.00,0.00,0.00,0
5.61888,5,-10,265,0,DRIVE [ 30 ] [ 1 ] [ 1879 1904 1808 ] [    0    0    0 ] [      0      0      0 ] [ 0 ],drive [ 29 ] [ 0 ] [ 1879 1904 1808 ] [    7   16   20 ] [   9063   5947   9846 ] [ 0 ],1.00,1.00,1.00,1.00,4.97,-10.01,0.00,0.00,0.00,0.00,0.00,0.00,-0.00,0.00,0.00,0.00,0.00,0.00,-0.00,0.00,0.00,0
5.63125,5,-10,265,0,DRIVE [ 30 ] [ 1 ] [ 1879 1904 1808 ] [    0    0    0 ] [      0      0      0 ] [ 0 ],drive [ 30 ] [ 0 ] [ 1879 1904 1808 ] [    7   16   20 ] [   9063   5947   9846 ] [ 0 ],1.00,1.00,1.00,1.00,4.95,-9.99,0.00,0.00,0.00,0.00,0.00,0.00,-0.00,0.00,0.00,0.00,0.00,0.00,-0.00,0.00,0.00,0
5.64539,5,-10,266,0,DRIVE [ 31 ] [ 1 ] [ 1879 1904 1808 ] [    0    0    0 ] [      0      0      0 ] [ 0 ],drive [ 30 ] [ 0 ] [ 1879 1904 1808 ] [    7   16   20 ] [   9063   5947   9846 ] [ 0 ],1.00,1.00,1.00,1.00,4.95,-10.01,0.00,0.00,0.00,0.00,0.00,0.00,-0.00,0.00,0.00,0.00,0.00,0.00,-0.00,0.00,0.00,0
5.65737,5,-10,265,0,DRIVE [ 31 ] [ 1 ] [ 1880 1904 1808 ] [    0    0    0 ] [      0      0      0 ] [ 0 ],drive [ 31 ] [ 0 ] [ 1879 1904 1808 ] [    7   16   20 ] [   9063   5947   9846 ] [ 0 ],1.00,1.00,1.00,1.00,4.89,-9.95,0.00,0.00,0.00,0.00,0.00,0.00,-0.00,0.00,0.00,0.00,0.00,0.00,-0.00,0.00,0.00,0
5.66978,5,-10,264,0,DRIVE [ 32 ] [ 1 ] [ 1880 1904 1809 ] [    0    0    0 ] [      0      0      0 ] [ 0 ],drive [ 31 ] [ 0 ] [ 1880 1904 1808 ] [    7   16   20 ] [   9063   5947   9846 ] [ 0 ],1.00,1.00,1.00,1.00,4.86,-9.90,0.00,0.00,0.00,0.00,0.00,0.00,-0.00,0.00,0.00,0.00,0.00,0.00,-0.00,0.00,0.00,0
5.68133,5,-10,264,0,DRIVE [ 32 ] [ 1 ] [ 1880 1904 1808 ] [    0    0    0 ] [      0      0      0 ] [ 0 ],drive [ 32 ] [ 0 ] [ 1880 1904 1809 ] [    7   16   20 ] [   9063   5947   9846 ] [ 0 ],1.00,1.00,1.00,1.00,4.80,-9.89,0.00,0.00,0.00,0.00,0.00,0.00,-0.00,0.00,0.00,0.00,0.00,0.00,-0.00,0.00,0.00,0
5.69346,5,-10,264,0,DRIVE [ 33 ] [ 1 ] [ 1880 1904 1809 ] [    0    0    0 ] [      0      0      0 ] [ 0 ],drive [ 32 ] [ 0 ] [ 1880 1904 1808 ] [    7   16   20 ] [   9063   5947   9846 ] [ 0 ],1.00,1.00,1.00,1.00,4.79,-9.89,0.00,0.00,0.00,0.00,0.00,0.00,-0.00,0.00,0.00,0.00,0.00,0.00,-0.00,0.00,0.00,0
5.70508,5,-10,264,0,DRIVE [ 33 ] [ 1 ] [ 1880 1904 1809 ] [    0    0    0 ] [      0      0      0 ] [ 0 ],drive [ 33 ] [ 0 ] [ 1880 1904 1809 ] [    7   16   20 ] [   9063   5947   9846 ] [ 0 ],1.00,1.00,1.00,1.00,4.72,-9.88,0.00,0.00,0.00,0.00,0.00,0.00,-0.00,0.00,0.00,0.00,0.00,0.00,-0.00,0.00,0.00,0
5.71674,5,-10,264,0,DRIVE [ 34 ] [ 1 ] [ 1880 1904 1809 ] [    0    0    0 ] [      0      0      0 ] [ 0 ],drive [ 33 ] [ 0 ] [ 1880 1904 1809 ] [    7   16   20 ] [   9063   5947   9846 ] [ 0 ],1.00,1.00,1.00,1.00,4.74,-9.82,0.00,0.00,0.00,0.00,0.00,0.00,-0.00,0.00,0.00,0.00,0.00,0.00,-0.00,0.00,0.00,0
5.7289,5,-10,264,0,DRIVE [ 34 ] [ 1 ] [ 1880 1904 1810 ] [    0    0    0 ] [      0      0      0 ] [ 0 ],drive [ 34 ] [ 0 ] [ 1880 1904 1809 ] [    7   16   20 ] [   9063   5947   9846 ] [ 0 ],1.00,1.00,1.00,1.00,4.71,-9.76,0.00,0.00,0.00,0.00,0.00,0.00,-0.00,0.00,0.00,0.00,0.00,0.00,-0.00,0.00,0.00,0
5.74038,5,-10,263,0,DRIVE [ 35 ] [ 1 ] [ 1880 1904 1809 ] [    0    0    0 ] [      0      0      0 ] [ 0 ],drive [ 34 ] [ 0 ] [ 1880 1904 1810 ] [    7   16   20 ] [   9063   5947   9846 ] [ 0 ],1.00,1.00,1.00,1.00,4.71,-9.75,0.00,0.00,0.00,0.00,0.00,0.00,-0.00,0.00,0.00,0.00,0.00,0.00,-0.00,0.00,0.00,0
5.75202,5,-10,263,0,DRIVE [ 35 ] [ 1 ] [ 1880 1904 1811 ] [    0    0    0 ] [      0      0      0 ] [ 0 ],drive [ 35 ] [ 0 ] [ 1880 1904 1809 ] [    7   16   20 ] [   9063   5947   9847 ] [ 0 ],1.00,1.00,1.00,1.00,4.71,-9.58,0.00,0.00,0.00,0.00,0.00,0.00,-0.00,0.00,0.00,0.00,0.00,0.00,-0.00,0.00,0.00,0
5.76452,5,-9,262,0,DRIVE [ 36 ] [ 1 ] [ 1880 1904 1812 ] [    0    0    0 ] [      0      0      0 ] [ 0 ],drive [ 35 ] [ 0 ] [ 1880 1904 1811 ] [    7   16   20 ] [   9063   5947   9847 ] [ 0 ],1.00,1.00,1.00,1.00,4.72,-9.46,0.00,0.00,0.00,0.00,0.00,0.00,-0.00,0.00,0.00,0.00,0.00,0.00,-0.00,0.00,0.00,0
5.77632,5,-9,262,0,DRIVE [ 36 ] [ 1 ] [ 1880 1904 1813 ] [    0    0    0 ] [      0      0      0 ] [ 0 ],drive [ 36 ] [ 0 ] [ 1880 1904 1812 ] [    7   16   20 ] [   9063   5947   9847 ] [ 0 ],1.00,1.00,1.00,1.00,4.73,-9.38,0.00,0.00,0.00,0.00,0.00,0.00,-0.00,0.00,0.00,0.00,0.00,0.00,-0.00,0.00,0.00,0
5.78799,5,-9,262,0,DRIVE [ 37 ] [ 1 ] [ 1880 1904 1813 ] [    0    0    0 ] [      0      0      0 ] [ 0 ],drive [ 36 ] [ 0 ] [ 1880 1904 1813 ] [    7   16   20 ] [   9063   5947   9847 ] [ 0 ],1.00,1.00,1.00,1.00,4.72,-9.31,0.00,0.00,0.00,0.00,0.00,0.00,-0.00,0.00,0.00,0.00,0.00,0.00,-0.00,0.00,0.00,0
5.80028,5,-9,263,0,DRIVE [ 37 ] [ 1 ] [ 1880 1904 1814 ] [    0    0    0 ] [      0      0      0 ] [ 0 ],drive [ 37 ] [ 0 ] [ 1880 1904 1813 ] [    7   16   20 ] [   9063   5947   9848 ] [ 0 ],1.00,1.00,1.00,1.00,4.78,-9.29,0.00,0.00,0.00,0.00,0.00,0.00,-0.00,0.00,0.00,0.00,0.00,0.00,-0.00,0.00,0.00,0
5.81253,5,-9,263,0,DRIVE [ 38 ] [ 1 ] [ 1879 1904 1814 ] [    0    0    0 ] [      0      0      0 ] [ 0 ],drive [ 37 ] [ 0 ] [ 1880 1904 1814 ] [    7   17   19 ] [   9063   5947   9848 ] [ 0 ],1.00,1.00,1.00,1.00,4.89,-9.26,0.00,0.00,0.00,0.00,0.00,0.00,-0.00,0.00,0.00,0.00,0.00,0.00,-0.00,0.00,0.00,0
5.82479,5,-9,263,0,DRIVE [ 38 ] [ 1 ] [ 1879 1904 1815 ] [    0    0    0 ] [      0      0      0 ] [ 0 ],drive [ 38 ] [ 0 ] [ 1879 1904 1814 ] [    7   17   19 ] [   9063   5947   9848 ] [ 0 ],1.00,1.00,1.00,1.00,5.00,-9.21,0.00,0.00,0.00,0.00,0.00,0.00,-0.00,0.00,0.00,0.00,0.00,0.00,-0.00,0.00,0.00,0
5.83647,5,-9,263,0,DRIVE [ 39 ] [ 1 ] [ 1878 1904 1815 ] [    0    0    0 ] [      0      0      0 ] [ 0 ],drive [ 38 ] [ 0 ] [ 1879 1904 1815 ] [    7   17   19 ] [   9063   5947   9848 ] [ 0 ],1.00,1.00,1.00,1.00,5.09,-9.18,0.00,0.00,0.00,0.00,0.00,0.00,-0.00,0.00,0.00,0.00,0.00,0.00,-0.00,0.00,0.00,0
5.84896,5,-9,264,0,DRIVE [ 39 ] [ 1 ] [ 1877 1904 1815 ] [    0    0    0 ] [      0      0      0 ] [ 0 ],drive [ 39 ] [ 0 ] [ 1878 1904 1815 ] [    7   17   19 ] [   9063   5947   9848 ] [ 0 ],1.00,1.00,1.00,1.00,5.22,-9.23,0.00,0.00,0.00,0.00,0.00,0.00,-0.00,0.00,0.00,0.00,0.00,0.00,-0.00,0.00,0.00,0
5.86052,5,-9,264,0,DRIVE [ 40 ] [ 1 ] [ 1877 1904 1815 ] [    0    0    0 ] [      0      0      0 ] [ 0 ],drive [ 39 ] [ 0 ] [ 1877 1904 1815 ] [    7   16   19 ] [   9063   5947   9848 ] [ 0 ],1.00,1.00,1.00,1.00,5.31,-9.28,0.00,0.00,0.00,0.00,0.00,0.00,-0.00,0.00,0.00,0.00,0.00,0.00,-0.00,0.00,0.00,0
5.87335,5,-9,264,0,DRIVE [ 40 ] [ 1 ] [ 1877 1904 1815 ] [    0    0    0 ] [      0      0      0 ] [ 0 ],drive [ 40 ] [ 0 ] [ 1877 1904 1815 ] [    7   16   19 ] [   9063   5947   9848 ] [ 0 ],1.00,1.00,1.00,1.00,5.38,-9.31,0.00,0.00,0.00,0.00,0.00,0.00,-0.00,0.00,0.00,0.00,0.00,0.00,-0.00,0.00,0.00,0
5.88519,5,-9,264,0,DRIVE [ 41 ] [ 1 ] [ 1876 1904 1815 ] [    0    0    0 ] [      0      0      0 ] [ 0 ],drive [ 40 ] [ 0 ] [ 1877 1904 1815 ] [    7   16   19 ] [   9063   5947   9848 ] [ 0 ],1.00,1.00,1.00,1.00,5.43,-9.28,0.00,0.00,0.00,0.00,0.00,0.00,-0.00,0.00,0.00,0.00,0.00,0.00,-0.00,0.00,0.00,0
5.89672,5,-9,264,0,DRIVE [ 41 ] [ 1 ] [ 1876 1904 1815 ] [    0    0    0 ] [      0      0      0 ] [ 0 ],drive [ 41 ] [ 0 ] [ 1876 1904 1815 ] [    7   16   19 ] [   9063   5947   9848 ] [ 0 ],1.00,1.00,1.00,1.00,5.48,-9.26,0.00,0.00,0.00,0.00,0.00,0.00,-0.00,0.00,0.00,0.00,0.00,0.00,-0.00,0.00,0.00,0
5.90866,6,-9,263,0,DRIVE [ 42 ] [ 1 ] [ 1876 1904 1815 ] [    0    0    0 ] [      0      0      0 ] [ 0 ],drive [ 41 ] [ 0 ] [ 1876 1904 1815 ] [    7   16   18 ] [   9063   5947   9848 ] [ 0 ],1.00,1.00,1.00,1.00,5.53,-9.22,0.00,0.00,0.00,0.00,0.00,0.00,-0.00,0.00,0.00,0.00,0.00,0.00,-0.00,0.00,0.00,0
5.92038,6,-9,262,0,DRIVE [ 42 ] [ 1 ] [ 1875 1904 1815 ] [    0    0    0 ] [      0      0      0 ] [ 0 ],drive [ 42 ] [ 0 ] [ 1876 1904 1815 ] [    7   16   18 ] [   9063   5947   9848 ] [ 0 ],1.00,1.00,1.00,1.00,5.57,-9.24,0.00,0.00,0.00,0.00,0.00,0.00,-0.00,0.00,0.00,0.00,0.00,0.00,-0.00,0.00,0.00,0
5.93206,6,-9,263,0,DRIVE [ 43 ] [ 1 ] [ 1875 1904 1815 ] [    0    0    0 ] [      0      0      0 ] [ 0 ],drive [ 42 ] [ 0 ] [ 1875 1904 1815 ] [    7   16   18 ] [   9063   5947   9848 ] [ 0 ],1.00,1.00,1.00,1.00,5.58,-9.22,0.00,0.00,0.00,0.00,0.00,0.00,-0.00,0.00,0.00,0.00,0.00,0.00,-0.00,0.00,0.00,0
5.94413,6,-9,263,0,DRIVE [ 43 ] [ 1 ] [ 1875 1904 1815 ] [    0    0    0 ] [      0      0      0 ] [ 0 ],drive [ 43 ] [ 0 ] [ 1875 1904 1815 ] [    7   16   18 ] [   9063   5947   9848 ] [ 0 ],1.00,1.00,1.00,1.00,5.59,-9.26,0.00,0.00,0.00,0.00,0.00,0.00,-0.00,0.00,0.00,0.00,0.00,0.00,-0.00,0.00,0.00,0
5.95569,6,-9,262,0,DRIVE [ 44 ] [ 1 ] [ 1875 1904 1814 ] [    0    0    0 ] [      0      0      0 ] [ 0 ],drive [ 43 ] [ 0 ] [ 1875 1904 1815 ] [    7   16   18 ] [   9063   5947   9848 ] [ 0 ],1.00,1.00,1.00,1.00,5.61,-9.27,0.00,0.00,0.00,0.00,0.00,0.00,-0.00,0.00,0.00,0.00,0.00,0.00,-0.00,0.00,0.00,0
5.96724,6,-9,262,0,DRIVE [ 44 ] [ 1 ] [ 1875 1904 1814 ] [    0    0    0 ] [      0      0      0 ] [ 0 ],drive [ 44 ] [ 0 ] [ 1875 1904 1814 ] [    7   16   19 ] [   9063   5947   9848 ] [ 0 ],1.00,1.00,1.00,1.00,5.63,-9.32,0.00,0.00,0.00,0.00,0.00,0.00,-0.00,0.00,0.00,0.00,0.00,0.00,0.00,0.00,0.00,0
5.97947,6,-9,262,0,DRIVE [ 45 ] [ 1 ] [ 1875 1904 1814 ] [    0    0    0 ] [      0      0      0 ] [ 0 ],drive [ 44 ] [ 0 ] [ 1875 1904 1814 ] [    7   16   19 ] [   9063   5947   9848 ] [ 0 ],1.00,1.00,1.00,1.00,5.62,-9.30,0.00,0.00,0.00,0.00,0.00,0.00,-0.00,0.00,0.00,0.00,0.00,0.00,0.00,0.00,0.00,0
5.99119,6,-9,262,0,DRIVE [ 45 ] [ 1 ] [ 1875 1904 1814 ] [    0    0    0 ] [      0      0      0 ] [ 0 ],drive [ 45 ] [ 0 ] [ 1875 1904 1814 ] [    7   16   19 ] [   9063   5947   9848 ] [ 0 ],1.00,1.00,1.00,1.00,5.64,-9.26,0.00,0.00,0.00,0.00,0.00,0.00,-0.00,0.00,0.00,0.00,0.00,0.00,-0.00,0.00,0.00,0
6.00333,6,-9,262,0,DRIVE [ 46 ] [ 1 ] [ 1875 1904 1814 ] [    0    0    0 ] [      0      0      0 ] [ 0 ],drive [ 45 ] [ 0 ] [ 1875 1904 1814 ] [    7   16   19 ] [   9063   5947   9848 ] [ 0 ],1.00,1.00,1.00,1.00,5.66,-9.26,0.00,0.00,0.00,0.00,0.00,0.00,-0.00,0.00,0.00,0.00,0.00,0.00,0.00,0.00,0.00,0
6.01579,6,-9,262,0,DRIVE [ 46 ] [ 1 ] [ 1875 1904 1814 ] [    0    0    0 ] [      0      0      0 ] [ 0 ],drive [ 46 ] [ 0 ] [ 1875 1904 1814 ] [    8   16   19 ] [   9063   5947   9848 ] [ 0 ],1.00,1.00,1.00,1.00,5.67,-9.28,0.00,0.00,0.00,0.00,0.00,0.00,-0.00,0.00,0.00,0.00,0.00,0.00,0.00,0.00,0.00,0
6.028,6,-9,263,0,DRIVE [ 47 ] [ 1 ] [ 1874 1904 1813 ] [    0    0    0 ] [      0      0      0 ] [ 0 ],drive [ 46 ] [ 0 ] [ 1875 1904 1814 ] [    8   16   19 ] [   9063   5947   9848 ] [ 0 ],1.00,1.00,1.00,1.00,5.71,-9.40,0.00,0.00,0.00,0.00,0.00,0.00,-0.00,0.00,0.00,0.00,0.00,0.00,0.00,0.00,0.00,0
6.04018,6,-10,264,0,DRIVE [ 47 ] [ 1 ] [ 1874 1904 1812 ] [    0    0    0 ] [      0      0      0 ] [ 0 ],drive [ 47 ] [ 0 ] [ 1874 1904 1813 ] [    8   16   19 ] [   9063   5947   9848 ] [ 0 ],1.00,1.00,1.00,1.00,5.78,-9.52,0.00,0.00,0.00,0.00,0.00,0.00,-0.00,0.00,0.00,0.00,0.00,0.00,0.00,0.00,0.00,0
6.05153,6,-10,264,0,DRIVE [ 48 ] [ 1 ] [ 1874 1904 1812 ] [    0    0    0 ] [      0      0      0 ] [ 0 ],drive [ 47 ] [ 0 ] [ 1874 1904 1812 ] [    8   16   19 ] [   9063   5947   9848 ] [ 0 ],1.00,1.00,1.00,1.00,5.82,-9.62,0.00,0.00,0.00,0.00,0.00,0.00,-0.00,0.00,0.00,0.00,0.00,0.00,0.00,0.00,0.00,0
6.06376,6,-10,264,0,DRIVE [ 48 ] [ 1 ] [ 1874 1904 1811 ] [    0    0    0 ] [      0      0      0 ] [ 0 ],drive [ 48 ] [ 0 ] [ 1874 1904 1812 ] [    8   17   19 ] [   9063   5947   9848 ] [ 0 ],1.00,1.00,1.00,1.00,5.86,-9.72,0.00,0.00,0.00,0.00,0.00,0.00,-0.00,0.00,0.00,0.00,0.00,0.00,0.00,0.00,0.00,0
6.07584,6,-10,264,0,DRIVE [ 49 ] [ 1 ] [ 1874 1904 1810 ] [    0    0    0 ] [      0      0      0 ] [ 0 ],drive [ 48 ] [ 0 ] [ 1874 1904 1811 ] [    8   17   19 ] [   9063   5947   9848 ] [ 0 ],1.00,1.00,1.00,1.00,5.88,-9.80,0.00,0.00,0.00,0.00,0.00,0.00,-0.00,0.00,0.00,0.00,0.00,0.00,0.00,0.00,0.00,0
6.08729,6,-10,264,0,DRIVE [ 49 ] [ 1 ] [ 1873 1904 1809 ] [    0    0    0 ] [      0      0      0 ] [ 0 ],drive [ 49 ] [ 0 ] [ 1874 1904 1810 ] [    8   17   19 ] [   9063   5947   9848 ] [ 0 ],1.00,1.00,1.00,1.00,5.94,-9.88,0.00,0.00,0.00,0.00,0.00,0.00,-0.00,0.00,0.00,0.00,0.00,0.00,0.00,0.00,0.00,0
6.0995,6,-10,264,0,DRIVE [ 50 ] [ 1 ] [ 1873 1904 1809 ] [    0    0    0 ] [      0      0      0 ] [ 0 ],drive [ 49 ] [ 0 ] [ 1873 1904 1809 ] [    8   17   19 ] [   9063   5947   9848 ] [ 0 ],1.00,1.00,1.00,1.00,5.99,-9.86,0.00,0.00,0.00,0.00,0.00,0.00,-0.00,0.00,0.00,0.00,0.00,0.00,0.00,0.00,0.00,0
6.11179,6,-10,263,0,DRIVE [ 50 ] [ 1 ] [ 1873 1904 1809 ] [    0    0    0 ] [      0      0      0 ] [ 0 ],drive [ 50 ] [ 0 ] [ 1873 1904 1809 ] [    7   17   18 ] [   9063   5947   9848 ] [ 0 ],1.00,1.00,1.00,1.00,6.03,-9.82,0.00,0.00,0.00,0.00,0.00,0.00,-0.00,0.00,0.00,0.00,0.00,0.00,0.00,0.00,0.00,0
6.12333,6,-10,263,0,DRIVE [ 51 ] [ 1 ] [ 1873 1904 1810 ] [    0    0    0 ] [      0      0      0 ] [ 0 ],drive [ 50 ] [ 0 ] [ 1873 1904 1809 ] [    7   17   18 ] [   9063   5947   9848 ] [ 0 ],1.00,1.00,1.00,1.00,6.06,-9.77,0.00,0.00,0.00,0.00,0.00,0.00,-0.00,0.00,0.00,0.00,0.00,0.00,0.00,0.00,0.00,0
6.13566,6,-10,263,0,DRIVE [ 51 ] [ 1 ] [ 1872 1904 1809 ] [    0    0    0 ] [      0      0      0 ] [ 0 ],drive [ 51 ] [ 0 ] [ 1873 1904 1810 ] [    7   17   18 ] [   9063   5947   9848 ] [ 0 ],1.00,1.00,1.00,1.00,6.12,-9.83,0.00,0.00,0.00,0.00,0.00,0.00,-0.00,0.00,0.00,0.00,0.00,0.00,0.00,0.00,0.00,0
6.14775,6,-10,263,0,DRIVE [ 52 ] [ 1 ] [ 1873 1904 1811 ] [    0    0    0 ] [      0      0      0 ] [ 0 ],drive [ 51 ] [ 0 ] [ 1872 1904 1809 ] [    7   17   18 ] [   9064   5947   9848 ] [ 0 ],1.00,1.00,1.00,1.00,6.08,-9.69,0.00,0.00,0.00,0.00,0.00,0.00,-0.00,0.00,0.00,0.00,0.00,0.00,0.00,0.00,0.00,0
6.15998,6,-10,263,0,DRIVE [ 52 ] [ 1 ] [ 1873 1904 1812 ] [    0    0    0 ] [      0      0      0 ] [ 0 ],drive [ 52 ] [ 0 ] [ 1873 1904 1811 ] [    7   16   19 ] [   9064   5947   9848 ] [ 0 ],1.00,1.00,1.00,1.00,6.01,-9.59,0.00,0.00,0.00,0.00,0.00,0.00,-0.00,0.00,0.00,0.00,0.00,0.00,0.00,0.00,0.00,0
6.17246,6,-10,264,0,DRIVE [ 53 ] [ 1 ] [ 1873 1904 1812 ] [    0    0    0 ] [      0      0      0 ] [ 0 ],drive [ 52 ] [ 0 ] [ 1873 1904 1812 ] [    7   16   19 ] [   9064   5947   9848 ] [ 0 ],1.00,1.00,1.00,1.00,6.03,-9.50,0.00,0.00,0.00,0.00,0.00,0.00,-0.00,0.00,0.00,0.00,0.00,0.00,0.00,0.00,0.00,0
6.18427,6,-9,264,0,DRIVE [ 53 ] [ 1 ] [ 1873 1904 1813 ] [    0    0    0 ] [      0      0      0 ] [ 0 ],drive [ 53 ] [ 0 ] [ 1873 1904 1812 ] [    7   16   19 ] [   9064   5947   9848 ] [ 0 ],1.00,1.00,1.00,1.00,5.99,-9.44,0.00,0.00,0.00,0.00,0.00,0.00,-0.00,0.00,0.00,0.00,0.00,0.00,0.00,0.00,0.00,0
6.19753,6,-9,265,0,DRIVE [ 54 ] [ 1 ] [ 1873 1904 1814 ] [    0    0    0 ] [      0      0      0 ] [ 0 ],drive [ 53 ] [ 0 ] [ 1873 1904 1813 ] [    7   16   19 ] [   9064   5947   9848 ] [ 0 ],1.00,1.00,1.00,1.00,5.98,-9.37,0.00,0.00,0.00,0.00,0.00,0.00,-0.00,0.00,0.00,0.00,0.00,0.00,-0.00,0.00,0.00,0
6.20987,6,-9,264,0,DRIVE [ 54 ] [ 1 ] [ 1873 1904 1815 ] [    0    0    0 ] [      0      0      0 ] [ 0 ],drive [ 54 ] [ 0 ] [ 1873 1904 1814 ] [    8   19   19 ] [   9064   5947   9848 ] [ 0 ],1.00,1.00,1.00,1.00,5.93,-9.23,0.00,0.00,0.00,0.00,0.00,0.00,-0.00,0.00,0.00,0.00,0.00,0.00,-0.00,0.00,0.00,0
6.22199,6,-9,264,0,DRIVE [ 55 ] [ 1 ] [ 1874 1904 1816 ] [    0    0    0 ] [      0      0      0 ] [ 0 ],drive [ 54 ] [ 0 ] [ 1873 1904 1815 ] [    8   19   19 ] [   9064   5947   9848 ] [ 0 ],1.00,1.00,1.00,1.00,5.87,-9.18,0.00,0.00,0.00,0.00,0.00,0.00,-0.00,0.00,0.00,0.00,0.00,0.00,-0.00,0.00,0.00,0
6.23375,6,-9,264,0,DRIVE [ 55 ] [ 1 ] [ 1874 1904 1817 ] [    0    0    0 ] [      0      0      0 ] [ 0 ],drive [ 55 ] [ 0 ] [ 1874 1904 1816 ] [    8   19   19 ] [   9064   5947   9848 ] [ 0 ],1.00,1.00,1.00,1.00,5.84,-9.09,0.00,0.00,0.00,0.00,0.00,0.00,-0.00,0.00,0.00,0.00,0.00,0.00,-0.00,0.00,0.00,0
6.24606,6,-9,265,0,DRIVE [ 56 ] [ 1 ] [ 1874 1904 1817 ] [    0    0    0 ] [      0      0      0 ] [ 0 ],drive [ 55 ] [ 0 ] [ 1874 1904 1817 ] [    8   19   19 ] [   9064   5947   9848 ] [ 0 ],1.00,1.00,1.00,1.00,5.81,-9.04,0.00,0.00,0.00,0.00,0.00,0.00,-0.00,0.00,0.00,0.00,0.00,0.00,-0.00,0.00,0.00,0
6.25875,6,-9,264,0,DRIVE [ 56 ] [ 1 ] [ 1874 1904 1818 ] [    0    0    0 ] [      0      0      0 ] [ 0 ],drive [ 56 ] [ 0 ] [ 1874 1904 1817 ] [    6   16   19 ] [   9064   5947   9848 ] [ 0 ],1.00,1.00,1.00,1.00,5.76,-8.96,0.00,0.00,0.00,0.00,0.00,0.00,-0.00,0.00,0.00,0.00,0.00,0.00,-0.00,0.00,0.00,0
6.27084,6,-9,264,0,DRIVE [ 57 ] [ 1 ] [ 1874 1904 1818 ] [    0    0    0 ] [      0      0      0 ] [ 0 ],drive [ 56 ] [ 0 ] [ 1874 1904 1818 ] [    6   16   19 ] [   9064   5947   9848 ] [ 0 ],1.00,1.00,1.00,1.00,5.74,-8.92,0.00,0.00,0.00,0.00,0.00,0.00,-0.00,0.00,0.00,0.00,0.00,0.00,-0.00,0.00,0.00,0
6.2828,6,-9,264,0,DRIVE [ 57 ] [ 1 ] [ 1875 1904 1818 ] [    0    0    0 ] [      0      0      0 ] [ 0 ],drive [ 57 ] [ 0 ] [ 1874 1904 1818 ] [    6   16   19 ] [   9064   5947   9848 ] [ 0 ],1.00,1.00,1.00,1.00,5.72,-8.93,0.00,0.00,0.00,0.00,0.00,0.00,-0.00,0.00,0.00,0.00,0.00,0.00,-0.00,0.00,0.00,0
6.2949,6,-9,265,0,DRIVE [ 58 ] [ 1 ] [ 1875 1904 1818 ] [    0    0    0 ] [      0      0      0 ] [ 0 ],drive [ 57 ] [ 0 ] [ 1875 1904 1818 ] [    6   16   19 ] [   9064   5947   9848 ] [ 0 ],1.00,1.00,1.00,1.00,5.73,-8.95,0.00,0.00,0.00,0.00,0.00,0.00,-0.00,0.00,0.00,0.00,0.00,0.00,-0.00,0.00,0.00,0
6.30641,6,-9,265,0,DRIVE [ 58 ] [ 1 ] [ 1874 1904 1818 ] [    0    0    0 ] [      0      0      0 ] [ 0 ],drive [ 58 ] [ 0 ] [ 1875 1904 1818 ] [    6   16   19 ] [   9064   5947   9848 ] [ 0 ],1.00,1.00,1.00,1.00,5.78,-8.95,0.00,0.00,0.00,0.00,0.00,0.00,-0.00,0.00,0.00,0.00,0.00,0.00,-0.00,0.00,0.00,0
6.31791,6,-9,264,0,DRIVE [ 59 ] [ 1 ] [ 1874 1904 1818 ] [    0    0    0 ] [      0      0      0 ] [ 0 ],drive [ 58 ] [ 0 ] [ 1874 1904 1818 ] [    8   17   18 ] [   9064   5947   9848 ] [ 0 ],1.00,1.00,1.00,1.00,5.86,-8.90,0.00,0.00,0.00,0.00,0.00,0.00,-0.00,0.00,0.00,0.00,0.00,0.00,-0.00,0.00,0.00,0
6.32998,6,-9,264,0,DRIVE [ 59 ] [ 1 ] [ 1873 1904 1818 ] [    0    0    0 ] [      0      0      0 ] [ 0 ],drive [ 59 ] [ 0 ] [ 1874 1904 1818 ] [    8   17   18 ] [   9064   5947   9848 ] [ 0 ],1.00,1.00,1.00,1.00,5.92,-8.89,0.00,0.00,0.00,0.00,0.00,0.00,-0.00,0.00,0.00,0.00,0.00,0.00,-0.00,0.00,0.00,0
6.34154,6,-9,263,0,DRIVE [ 60 ] [ 1 ] [ 1873 1904 1818 ] [    0    0    0 ] [      0      0      0 ] [ 0 ],drive [ 59 ] [ 0 ] [ 1873 1904 1818 ] [    8   17   18 ] [   9064   5947   9848 ] [ 0 ],1.00,1.00,1.00,1.00,5.97,-8.88,0.00,0.00,0.00,0.00,0.00,0.00,-0.00,0.00,0.00,0.00,0.00,0.00,-0.00,0.00,0.00,0
6.35407,6,-9,263,0,DRIVE [ 60 ] [ 1 ] [ 1873 1904 1818 ] [    0    0    0 ] [      0      0      0 ] [ 0 ],drive [ 60 ] [ 0 ] [ 1873 1904 1818 ] [    8   17   18 ] [   9064   5947   9848 ] [ 0 ],1.00,1.00,1.00,1.00,5.99,-8.88,0.00,0.00,0.00,0.00,0.00,0.00,-0.00,0.00,0.00,0.00,0.00,0.00,-0.00,0.00,0.00,0
6.36633,6,-9,263,0,DRIVE [ 61 ] [ 1 ] [ 1872 1904 1818 ] [    0    0    0 ] [      0      0      0 ] [ 0 ],drive [ 60 ] [ 0 ] [ 1873 1904 1818 ] [    8   16   18 ] [   9064   5947   9848 ] [ 0 ],1.00,1.00,1.00,1.00,6.04,-8.92,0.00,0.00,0.00,0.00,0.00,0.00,-0.00,0.00,0.00,0.00,0.00,0.00,-0.00,0.00,0.00,0
6.37808,6,-9,263,0,DRIVE [ 61 ] [ 1 ] [ 1873 1904 1818 ] [    0    0    0 ] [      0      0      0 ] [ 0 ],drive [ 61 ] [ 0 ] [ 1872 1904 1818 ] [    8   16   18 ] [   9064   5947   9848 ] [ 0 ],1.00,1.00,1.00,1.00,6.02,-8.91,0.00,0.00,0.00,0.00,0.00,0.00,-0.00,0.00,0.00,0.00,0.00,0.00,-0.00,0.00,0.00,0
6.38976,6,-9,264,0,DRIVE [ 62 ] [ 1 ] [ 1873 1904 1818 ] [    0    0    0 ] [      0      0      0 ] [ 0 ],drive [ 61 ] [ 0 ] [ 1873 1904 1818 ] [    8   16   18 ] [   9064   5947   9848 ] [ 0 ],1.00,1.00,1.00,1.00,5.95,-8.94,0.00,0.00,0.00,0.00,0.00,0.00,-0.00,0.00,0.00,0.00,0.00,0.00,-0.00,0.00,0.00,0
6.40288,6,-9,264,0,DRIVE [ 62 ] [ 1 ] [ 1873 1904 1818 ] [    0    0    0 ] [      0      0      0 ] [ 0 ],drive [ 62 ] [ 0 ] [ 1873 1904 1818 ] [    8   16   18 ] [   9064   5947   9848 ] [ 0 ],1.00,1.00,1.00,1.00,5.90,-8.93,0.00,0.00,0.00,0.00,0.00,0.00,-0.00,0.00,0.00,0.00,0.00,0.00,-0.00,0.00,0.00,0
6.41454,6,-9,264,0,DRIVE [ 63 ] [ 1 ] [ 1874 1904 1819 ] [    0    0    0 ] [      0      0      0 ] [ 0 ],drive [ 62 ] [ 0 ] [ 1873 1904 1818 ] [    7   16   18 ] [   9064   5947   9848 ] [ 0 ],1.00,1.00,1.00,1.00,5.84,-8.87,0.00,0.00,0.00,0.00,0.00,0.00,-0.00,0.00,0.00,0.00,0.00,0.00,-0.00,0.00,0.00,0
6.42664,6,-9,264,0,DRIVE [ 63 ] [ 1 ] [ 1874 1904 1820 ] [    0    0    0 ] [      0      0      0 ] [ 0 ],drive [ 63 ] [ 0 ] [ 1874 1904 1819 ] [    7   16   18 ] [   9064   5947   9848 ] [ 0 ],1.00,1.00,1.00,1.00,5.79,-8.78,0.00,0.00,0.00,0.00,0.00,0.00,-0.00,0.00,0.00,0.00,0.00,0.00,-0.00,0.00,0.00,0
6.43831,6,-9,264,0,DRIVE [ 64 ] [ 1 ] [ 1874 1904 1821 ] [    0    0    0 ] [      0      0      0 ] [ 0 ],drive [ 63 ] [ 0 ] [ 1874 1904 1820 ] [    7   16   18 ] [   9064   5947   9848 ] [ 0 ],1.00,1.00,1.00,1.00,5.71,-8.65,0.00,0.00,0.00,0.00,0.00,0.00,-0.00,0.00,0.00,0.00,0.00,0.00,-0.00,0.00,0.00,0
6.44969,6,-9,264,0,DRIVE [ 64 ] [ 1 ] [ 1875 1904 1822 ] [    0    0    0 ] [      0      0      0 ] [ 0 ],drive [ 64 ] [ 0 ] [ 1874 1904 1821 ] [    7   16   18 ] [   9064   5947   9848 ] [ 0 ],1.00,1.00,1.00,1.00,5.60,-8.57,0.00,0.00,0.00,0.00,0.00,0.00,-0.00,0.00,0.00,0.00,0.00,0.00,-0.00,0.00,0.00,0
6.46184,5,-8,264,0,DRIVE [ 65 ] [ 1 ] [ 1876 1904 1823 ] [    0    0    0 ] [      0      0      0 ] [ 0 ],drive [ 64 ] [ 0 ] [ 1875 1904 1822 ] [    7   17   18 ] [   9064   5947   9848 ] [ 0 ],1.00,1.00,1.00,1.00,5.48,-8.46,0.00,0.00,0.00,0.00,0.00,0.00,-0.00,0.00,0.00,0.00,0.00,0.00,-0.00,0.00,0.00,0
6.47374,5,-8,264,0,DRIVE [ 65 ] [ 1 ] [ 1876 1904 1824 ] [    0    0    0 ] [      0      0      0 ] [ 0 ],drive [ 65 ] [ 0 ] [ 1876 1904 1823 ] [    7   17   18 ] [   9064   5947   9848 ] [ 0 ],1.00,1.00,1.00,1.00,5.41,-8.39,0.00,0.00,0.00,0.00,0.00,0.00,-0.00,0.00,0.00,0.00,0.00,0.00,-0.00,0.00,0.00,0
6.48546,5,-8,265,0,DRIVE [ 66 ] [ 1 ] [ 1877 1904 1824 ] [    0    0    0 ] [      0      0      0 ] [ 0 ],drive [ 65 ] [ 0 ] [ 1876 1904 1824 ] [    7   17   18 ] [   9064   5947   9848 ] [ 0 ],1.00,1.00,1.00,1.00,5.29,-8.34,0.00,0.00,0.00,0.00,0.00,0.00,-0.00,0.00,0.00,0.00,0.00,0.00,-0.00,0.00,0.00,0
6.49773,5,-8,266,0,DRIVE [ 66 ] [ 1 ] [ 1877 1904 1825 ] [    0    0    0 ] [      0      0      0 ] [ 0 ],drive [ 66 ] [ 0 ] [ 1877 1904 1824 ] [    7   17   18 ] [   9063   5947   9848 ] [ 0 ],1.00,1.00,1.00,1.00,5.23,-8.27,0.00,0.00,0.00,0.00,0.00,0.00,-0.00,0.00,0.00,0.00,0.00,0.00,-0.00,0.00,0.00,0
6.5093,5,-8,266,0,DRIVE [ 67 ] [ 1 ] [ 1878 1904 1826 ] [    0    0    0 ] [      0      0      0 ] [ 0 ],drive [ 66 ] [ 0 ] [ 1877 1904 1825 ] [    8   17   18 ] [   9063   5947   9848 ] [ 0 ],1.00,1.00,1.00,1.00,5.09,-8.13,0.00,0.00,0.00,0.00,0.00,0.00,-0.00,0.00,0.00,0.00,0.00,0.00,-0.00,0.00,0.00,0
6.52093,5,-8,266,0,DRIVE [ 67 ] [ 1 ] [ 1879 1904 1827 ] [    0    0    0 ] [      0      0      0 ] [ 0 ],drive [ 67 ] [ 0 ] [ 1878 1904 1826 ] [    8   17   18 ] [   9063   5947   9848 ] [ 0 ],1.00,1.00,1.00,1.00,5.00,-8.03,0.00,0.00,0.00,0.00,0.00,0.00,-0.00,0.00,0.00,0.00,0.00,0.00,-0.00,0.00,0.00,0
6.53321,5,-8,264,0,DRIVE [ 68 ] [ 1 ] [ 1879 1904 1827 ] [    0    0    0 ] [      0      0      0 ] [ 0 ],drive [ 67 ] [ 0 ] [ 1879 1904 1827 ] [    8   17   18 ] [   9063   5947   9848 ] [ 0 ],1.00,1.00,1.00,1.00,4.87,-8.02,0.00,0.00,0.00,0.00,0.00,0.00,-0.00,0.00,0.00,0.00,0.00,0.00,-0.00,0.00,0.00,0
6.54566,5,-8,264,0,DRIVE [ 68 ] [ 1 ] [ 1880 1904 1827 ] [    0    0    0 ] [      0      0      0 ] [ 0 ],drive [ 68 ] [ 0 ] [ 1879 1904 1827 ] [    8   17   18 ] [   9063   5947   9848 ] [ 0 ],1.00,1.00,1.00,1.00,4.79,-8.04,0.00,0.00,0.00,0.00,0.00,0.00,-0.00,0.00,0.00,0.00,0.00,0.00,-0.00,0.00,0.00,0
6.55794,5,-8,263,0,DRIVE [ 69 ] [ 1 ] [ 1880 1904 1827 ] [    0    0    0 ] [      0      0      0 ] [ 0 ],drive [ 68 ] [ 0 ] [ 1880 1904 1827 ] [    8   18   17 ] [   9063   5947   9848 ] [ 0 ],1.00,1.00,1.00,1.00,4.70,-8.05,0.00,0.00,0.00,0.00,0.00,0.00,-0.00,0.00,0.00,0.00,0.00,0.00,-0.00,0.00,0.00,0
6.56981,5,-8,264,0,DRIVE [ 69 ] [ 1 ] [ 1881 1904 1826 ] [    0    0    0 ] [      0      0      0 ] [ 0 ],drive [ 69 ] [ 0 ] [ 1880 1904 1827 ] [    8   18   17 ] [   9063   5947   9848 ] [ 0 ],1.00,1.00,1.00,1.00,4.63,-8.10,0.00,0.00,0.00,0.00,0.00,0.00,-0.00,0.00,0.00,0.00,0.00,0.00,-0.00,0.00,0.00,0
6.58201,5,-8,265,0,DRIVE [ 70 ] [ 1 ] [ 1881 1904 1827 ] [    0    0    0 ] [      0      0      0 ] [ 0 ],drive [ 69 ] [ 0 ] [ 1881 1904 1826 ] [    8   18   17 ] [   9063   5947   9848 ] [ 0 ],1.00,1.00,1.00,1.00,4.59,-8.08,0.00,0.00,0.00,0.00,0.00,0.00,-0.00,0.00,0.00,0.00,0.00,0.00,-0.00,0.00,0.00,0
6.59433,5,-8,264,0,DRIVE [ 70 ] [ 1 ] [ 1881 1904 1826 ] [    0    0    0 ] [      0      0      0 ] [ 0 ],drive [ 70 ] [ 0 ] [ 1881 1904 1827 ] [    8   18   17 ] [   9063   5947   9848 ] [ 0 ],1.00,1.00,1.00,1.00,4.61,-8.10,0.00,0.00,0.00,0.00,0.00,0.00,-0.00,0.00,0.00,0.00,0.00,0.00,-0.00,0.00,0.00,0
6.60725,5,-8,264,0,DRIVE [ 71 ] [ 1 ] [ 1881 1904 1826 ] [    0    0    0 ] [      0      0      0 ] [ 0 ],drive [ 70 ] [ 0 ] [ 1881 1904 1826 ] [    8   18   17 ] [   9063   5947   9848 ] [ 0 ],1.00,1.00,1.00,1.00,4.64,-8.14,0.00,0.00,0.00,0.00,0.00,0.00,-0.00,0.00,0.00,0.00,0.00,0.00,-0.00,0.00,0.00,0
6.61898,5,-8,265,0,DRIVE [ 71 ] [ 1 ] [ 1880 1904 1826 ] [    0    0    0 ] [      0      0      0 ] [ 0 ],drive [ 71 ] [ 0 ] [ 1881 1904 1826 ] [    6   16   16 ] [   9063   5947   9848 ] [ 0 ],1.00,1.00,1.00,1.00,4.74,-8.20,0.00,0.00,0.00,0.00,0.00,0.00,-0.00,0.00,0.00,0.00,0.00,0.00,-0.00,0.00,0.00,0
6.63126,5,-8,265,0,DRIVE [ 72 ] [ 1 ] [ 1879 1904 1826 ] [    0    0    0 ] [      0      0      0 ] [ 0 ],drive [ 71 ] [ 0 ] [ 1880 1904 1826 ] [    6   16   16 ] [   9063   5947   9848 ] [ 0 ],1.00,1.00,1.00,1.00,4.86,-8.16,0.00,0.00,0.00,0.00,0.00,0.00,-0.00,0.00,0.00,0.00,0.00,0.00,-0.00,0.00,0.00,0
6.64376,5,-8,265,0,DRIVE [ 72 ] [ 1 ] [ 1879 1904 1826 ] [    0    0    0 ] [      0      0      0 ] [ 0 ],drive [ 72 ] [ 0 ] [ 1879 1904 1826 ] [    6   16   16 ] [   9063   5947   9855 ] [ 0 ],1.00,1.00,1.00,1.00,5.00,-8.17,0.00,0.00,0.00,0.00,0.00,0.00,-0.00,0.00,0.00,0.00,0.00,0.00,-0.00,0.00,0.00,0
6.65564,5,-8,265,0,DRIVE [ 73 ] [ 1 ] [ 1878 1904 1827 ] [    0    0    0 ] [      0      0      0 ] [ 0 ],drive [ 72 ] [ 0 ] [ 1879 1904 1826 ] [    6   16   16 ] [   9063   5947   9855 ] [ 0 ],1.00,1.00,1.00,1.00,5.06,-8.05,0.00,0.00,0.00,0.00,0.00,0.00,-0.00,0.00,0.00,0.00,0.00,0.00,-0.00,0.00,0.00,0
6.66804,5,-8,266,0,DRIVE [ 73 ] [ 1 ] [ 1877 1904 1828 ] [    0    0    0 ] [      0      0      0 ] [ 0 ],drive [ 73 ] [ 0 ] [ 1878 1904 1827 ] [    6   16   14 ] [   9063   5947   9855 ] [ 0 ],1.00,1.00,1.00,1.00,5.31,-7.96,0.00,0.00,0.00,0.00,0.00,0.00,-0.00,0.00,0.00,0.00,0.00,0.00,-0.00,0.00,0.00,0
6.68033,6,-8,265,0,DRIVE [ 74 ] [ 1 ] [ 1875 1904 1830 ] [    0    0    0 ] [      0      0      0 ] [ 0 ],drive [ 73 ] [ 0 ] [ 1877 1904 1828 ] [    6   16   14 ] [   9063   5947   9855 ] [ 0 ],1.00,1.00,1.00,1.00,5.59,-7.75,0.00,0.00,0.00,0.00,0.00,0.00,-0.00,0.00,0.00,0.00,0.00,0.00,-0.00,0.00,0.00,0
6.69235,6,-7,266,0,DRIVE [ 74 ] [ 1 ] [ 1873 1904 1832 ] [    0    0    0 ] [      0      0      0 ] [ 0 ],drive [ 74 ] [ 0 ] [ 1875 1904 1830 ] [    6   16   14 ] [   9063   5947   9855 ] [ 0 ],1.00,1.00,1.00,1.00,5.84,-7.48,0.00,0.00,0.00,0.00,0.00,0.00,-0.00,0.00,0.00,0.00,0.00,0.00,-0.00,0.00,0.00,0
6.70424,6,-7,266,0,DRIVE [ 75 ] [ 1 ] [ 1871 1904 1834 ] [    0    0    0 ] [      0      0      0 ] [ 0 ],drive [ 74 ] [ 0 ] [ 1873 1904 1832 ] [    6   16   14 ] [   9063   5947   9855 ] [ 0 ],1.00,1.00,1.00,1.00,6.19,-7.27,0.00,0.00,0.00,0.00,0.00,0.00,-0.00,0.00,0.00,0.00,0.00,0.00,-0.00,0.00,0.00,0
6.71651,7,-7,266,0,DRIVE [ 75 ] [ 1 ] [ 1868 1904 1836 ] [    0    0    0 ] [      0      0      0 ] [ 0 ],drive [ 75 ] [ 0 ] [ 1871 1904 1834 ] [    7   14   13 ] [   9063   5947   9855 ] [ 0 ],1.00,1.00,1.00,1.00,6.64,-6.99,0.00,0.00,0.00,0.00,0.00,0.00,-0.00,0.00,0.00,0.00,0.00,0.00,-0.00,0.00,0.00,0
6.72868,7,-7,266,0,DRIVE [ 76 ] [ 1 ] [ 1865 1904 1838 ] [    0    0    0 ] [      0      0      0 ] [ 0 ],drive [ 75 ] [ 0 ] [ 1868 1904 1836 ] [    7   14   13 ] [   9063   5947   9855 ] [ 0 ],1.00,1.00,1.00,1.00,7.15,-6.65,0.00,0.00,0.00,0.00,0.00,0.00,-0.00,0.00,0.00,0.00,0.00,0.00,0.00,0.00,0.00,0
6.74081,8,-6,266,0,DRIVE [ 76 ] [ 1 ] [ 1860 1904 1841 ] [    0    0    0 ] [      0      0      0 ] [ 0 ],drive [ 76 ] [ 0 ] [ 1865 1904 1838 ] [    7   14   13 ] [   9063   5947   9855 ] [ 0 ],1.00,1.00,1.00,1.00,7.76,-6.21,0.00,0.00,0.00,0.00,0.00,0.00,-0.00,0.00,0.00,0.00,0.00,0.00,0.00,0.00,0.00,0
6.75279,8,-6,266,0,DRIVE [ 77 ] [ 1 ] [ 1855 1904 1842 ] [    0    0    0 ] [      0      0      0 ] [ 0 ],drive [ 76 ] [ 0 ] [ 1860 1904 1841 ] [    7   14   13 ] [   9063   5947   9855 ] [ 0 ],1.00,1.00,1.00,1.00,8.44,-5.80,0.00,0.00,0.00,0.00,0.00,0.00,-0.00,0.00,0.00,0.00,0.00,0.00,0.00,0.00,0.00,0
6.76485,9,-5,265,0,DRIVE [ 77 ] [ 1 ] [ 1849 1904 1844 ] [    0    0    0 ] [      0      0      0 ] [ 0 ],drive [ 77 ] [ 0 ] [ 1855 1904 1842 ] [    9   16   13 ] [   9063   5947   9855 ] [ 0 ],1.00,1.00,1.00,1.00,9.20,-5.29,0.00,0.00,0.00,0.00,0.00,0.00,-0.00,0.00,0.00,0.00,0.00,0.00,0.00,0.00,0.00,0
6.77692,10,-5,266,0,DRIVE [ 78 ] [ 1 ] [ 1841 1904 1846 ] [    0    0    0 ] [      0      0      0 ] [ 0 ],drive [ 77 ] [ 0 ] [ 1849 1904 1844 ] [    9   16   13 ] [   9063   5947   9855 ] [ 0 ],1.00,1.00,1.00,1.00,10.20,-4.76,0.00,0.00,0.00,0.00,0.00,0.00,-0.00,0.00,0.00,0.00,0.00,0.00,0.00,0.00,0.00,0
6.78875,11,-4,264,0,DRIVE [ 78 ] [ 1 ] [ 1831 1904 1847 ] [    0    0    0 ] [      0      0      0 ] [ 0 ],drive [ 78 ] [ 0 ] [ 1841 1904 1846 ] [    9   16   13 ] [   9063   5947   9855 ] [ 0 ],1.00,1.00,1.00,1.00,11.26,-4.13,0.00,0.00,0.00,0.00,0.00,0.00,-0.00,0.00,0.00,0.00,0.00,0.00,0.00,0.00,0.00,0
6.80132,13,-3,264,0,DRIVE [ 79 ] [ 1 ] [ 1814 1904 1846 ] [    0    0    0 ] [      0      0      0 ] [ 0 ],drive [ 78 ] [ 0 ] [ 1831 1904 1847 ] [    9   16   13 ] [   9064   5947   9854 ] [ 0 ],1.00,1.00,1.00,1.00,13.18,-3.28,0.00,0.00,0.00,0.00,0.00,0.00,-0.00,0.00,0.00,0.00,0.00,0.00,0.00,0.00,0.00,0
6.8136,15,-2,263,0,DRIVE [ 79 ] [ 1 ] [ 1795 1904 1846 ] [    0    0    0 ] [      0      0      0 ] [ 0 ],drive [ 79 ] [ 0 ] [ 1814 1904 1846 ] [   12   17   13 ] [   9064   5947   9854 ] [ 0 ],1.00,1.00,1.00,1.00,15.12,-2.34,0.00,0.00,0.00,0.00,0.00,0.00,-0.00,0.00,0.00,0.00,0.00,0.00,0.00,0.00,0.00,0
6.82586,17,-2,263,0,DRIVE [ 80 ] [ 1 ] [ 1775 1904 1844 ] [    0    0    0 ] [      0      0      0 ] [ 0 ],drive [ 79 ] [ 0 ] [ 1795 1904 1846 ] [   12   17   13 ] [   9064   5947   9854 ] [ 0 ],1.00,1.00,1.00,1.00,17.22,-1.51,0.00,0.00,0.00,0.00,0.00,0.00,-0.00,0.00,0.00,0.00,0.00,0.00,0.00,0.00,0.00,0
6.83888,19,-1,264,0,DRIVE [ 80 ] [ 1 ] [ 1753 1904 1842 ] [    0    0    0 ] [      0      0      0 ] [ 0 ],drive [ 80 ] [ 0 ] [ 1775 1904 1844 ] [   12   17   13 ] [   9064   5947   9854 ] [ 0 ],1.00,1.00,1.00,1.00,19.37,-0.52,0.00,0.00,0.00,0.00,0.00,0.00,-0.00,0.00,0.00,0.00,0.00,0.00,0.00,0.00,0.00,0
6.8505,22,0,263,0,DRIVE [ 81 ] [ 1 ] [ 1730 1904 1840 ] [    0    0    0 ] [      0      0      0 ] [ 0 ],drive [ 80 ] [ 0 ] [ 1753 1904 1842 ] [   12   17   13 ] [   9067   5947   9854 ] [ 0 ],1.00,1.00,1.00,1.00,21.57,0.44,0.00,0.00,0.00,0.00,0.00,0.00,-0.00,0.00,0.00,0.00,0.00,0.00,0.00,0.00,0.00,0
6.86302,24,1,263,0,DRIVE [ 81 ] [ 1 ] [ 1706 1904 1838 ] [    0    0    0 ] [      0      0      0 ] [ 0 ],drive [ 81 ] [ 0 ] [ 1730 1904 1840 ] [   15   17   12 ] [   9067   5947   9854 ] [ 0 ],1.00,1.00,1.00,1.00,23.95,1.43,0.00,0.00,0.00,0.00,0.00,0.00,-0.00,0.00,0.00,0.00,0.00,0.00,0.00,0.00,0.00,0
6.87506,26,3,263,0,DRIVE [ 82 ] [ 1 ] [ 1680 1904 1836 ] [    0    0    0 ] [      0      0      0 ] [ 0 ],drive [ 81 ] [ 0 ] [ 1706 1904 1838 ] [   15   17   12 ] [   9067   5947   9854 ] [ 0 ],1.00,1.00,1.00,1.00,26.44,2.53,0.00,0.00,0.00,0.00,0.00,0.00,-0.00,0.00,0.00,0.00,0.00,0.00,0.00,0.00,0.00,0
6.88681,29,4,263,0,DRIVE [ 82 ] [ 1 ] [ 1653 1904 1832 ] [    0    0    0 ] [      0      0      0 ] [ 0 ],drive [ 82 ] [ 0 ] [ 1680 1904 1836 ] [   15   17   12 ] [   9067   5947   9854 ] [ 0 ],1.00,1.00,1.00,1.00,29.05,3.52,0.00,0.00,0.00,0.00,0.00,0.00,-0.00,0.00,0.00,0.00,0.00,0.00,0.00,0.00,0.00,0
6.89929,32,5,263,0,DRIVE [ 83 ] [ 1 ] [ 1624 1904 1829 ] [    0    0    0 ] [      0      0      0 ] [ 0 ],drive [ 82 ] [ 0 ] [ 1653 1904 1832 ] [   15   17   12 ] [   9076   5947   9871 ] [ 0 ],1.00,1.00,1.00,1.00,31.82,4.67,0.00,0.00,0.00,0.00,0.00,0.00,-0.00,0.00,0.00,0.00,0.00,0.00,0.00,0.00,0.00,0
6.91159,35,6,261,0,DRIVE [ 83 ] [ 1 ] [ 1595 1904 1826 ] [    0    0    0 ] [      0      0      0 ] [ 0 ],drive [ 83 ] [ 0 ] [ 1624 1904 1829 ] [   25   16    5 ] [   9076   5947   9871 ] [ 0 ],1.00,1.00,1.00,1.00,34.50,5.76,0.00,0.00,0.00,0.00,0.00,0.00,-0.00,0.00,0.00,0.00,0.00,0.00,0.00,0.00,0.00,0
6.92326,37,7,262,0,DRIVE [ 84 ] [ 1 ] [ 1564 1904 1822 ] [    0    0    0 ] [      0      0      0 ] [ 0 ],drive [ 83 ] [ 0 ] [ 1595 1904 1826 ] [   25   16    5 ] [   9076   5947   9871 ] [ 0 ],1.00,1.00,1.00,1.00,37.44,6.97,0.00,0.00,0.00,0.00,0.00,0.00,-0.00,0.00,0.00,0.00,0.00,0.00,0.00,0.00,0.00,0
6.9354,40,8,260,0,DRIVE [ 84 ] [ 1 ] [ 1534 1904 1819 ] [    0    0    0 ] [      0      0      0 ] [ 0 ],drive [ 84 ] [ 0 ] [ 1564 1904 1822 ] [   25   16    5 ] [   9076   5947   9871 ] [ 0 ],1.00,1.00,1.00,1.00,40.17,8.11,0.00,0.00,0.00,0.00,0.00,0.00,-0.00,0.00,0.00,0.00,0.00,0.00,0.00,0.00,0.00,0
6.94738,43,9,259,0,DRIVE [ 85 ] [ 1 ] [ 1503 1904 1815 ] [    0    0    0 ] [      0      0      0 ] [ 0 ],drive [ 84 ] [ 0 ] [ 1534 1904 1819 ] [   25   16    5 ] [   9092   5947   9888 ] [ 0 ],1.00,1.00,1.00,1.00,43.02,9.15,0.00,0.00,0.00,0.00,0.00,0.00,-0.00,0.00,0.00,0.00,0.00,0.00,0.00,0.00,0.00,0
6.95956,47,10,259,0,DRIVE [ 85 ] [ 1 ] [ 1463 1904 1808 ] [    0    0    0 ] [      0      0      0 ] [ 0 ],drive [ 85 ] [ 0 ] [ 1503 1904 1815 ] [   58   16   12 ] [   9092   5947   9888 ] [ 0 ],1.00,1.00,1.00,1.00,47.03,10.32,0.00,0.00,0.00,0.00,0.00,0.00,-0.00,0.00,0.00,0.00,0.00,0.00,0.00,0.00,0.00,0
6.97217,51,11,258,0,DRIVE [ 86 ] [ 1 ] [ 1427 1904 1800 ] [    0    0    0 ] [      0      0      0 ] [ 0 ],drive [ 85 ] [ 0 ] [ 1463 1904 1808 ] [   58   16   12 ] [   9092   5947   9888 ] [ 0 ],1.00,1.00,1.00,1.00,50.76,11.27,0.00,0.00,0.00,0.00,0.00,0.00,-0.00,0.00,0.00,0.00,0.00,0.00,0.00,0.00,0.00,0
6.98376,54,12,258,0,DRIVE [ 86 ] [ 1 ] [ 1394 1904 1794 ] [    0    0    0 ] [      0      0      0 ] [ 0 ],drive [ 86 ] [ 0 ] [ 1427 1904 1800 ] [   58   16   12 ] [   9092   5947   9888 ] [ 0 ],1.00,1.00,1.00,1.00,54.21,12.10,0.00,0.00,0.00,0.00,0.00,0.00,-0.00,0.00,0.00,0.00,0.00,0.00,0.00,0.00,0.00,0
6.99609,58,13,257,0,DRIVE [ 87 ] [ 1 ] [ 1364 1904 1786 ] [    0    0    0 ] [      0      0      0 ] [ 0 ],drive [ 86 ] [ 0 ] [ 1394 1904 1794 ] [   58   16   12 ] [   9218   5950   9895 ] [ 0 ],1.00,1.00,1.00,1.00,57.51,12.73,0.00,0.00,0.00,0.00,0.00,0.00,-0.00,0.00,0.00,0.00,0.00,0.00,0.00,0.00,0.00,0
7.00833,60,13,257,0,DRIVE [ 87 ] [ 1 ] [ 1337 1904 1779 ] [    0    0    0 ] [      0      0      0 ] [ 0 ],drive [ 87 ] [ 0 ] [ 1364 1904 1786 ] [   61   13   17 ] [   9218   5950   9895 ] [ 0 ],1.00,1.00,1.00,1.00,60.48,13.16,0.00,0.00,0.00,0.00,0.00,0.00,-0.00,0.00,0.00,0.00,0.00,0.00,0.00,0.00,0.00,0
7.02027,63,13,256,0,DRIVE [ 88 ] [ 1 ] [ 1314 1904 1771 ] [    0    0    0 ] [      0      0      0 ] [ 0 ],drive [ 87 ] [ 0 ] [ 1337 1904 1779 ] [   61   13   17 ] [   9218   5950   9895 ] [ 0 ],1.00,1.00,1.00,1.00,63.35,13.32,0.00,0.00,0.00,0.00,0.00,0.00,-0.00,0.00,0.00,0.00,0.00,0.00,0.00,0.00,0.00,0
7.03282,66,13,257,0,DRIVE [ 88 ] [ 1 ] [ 1294 1904 1763 ] [    0    0    0 ] [      0      0      0 ] [ 0 ],drive [ 88 ] [ 0 ] [ 1314 1904 1771 ] [   61   13   17 ] [   9218   5950   9895 ] [ 0 ],1.00,1.00,1.00,1.00,66.07,13.40,0.00,0.00,0.00,0.00,0.00,0.00,-0.00,0.00,0.00,0.00,0.00,0.00,0.00,0.00,0.00,0
7.04535,68,13,256,0,DRIVE [ 89 ] [ 1 ] [ 1278 1904 1756 ] [    0    0    0 ] [      0      0      0 ] [ 0 ],drive [ 88 ] [ 0 ] [ 1294 1904 1763 ] [   61   13   17 ] [   9329   5959   9897 ] [ 0 ],1.00,1.00,1.00,1.00,68.24,13.23,0.00,0.00,0.00,0.00,0.00,0.00,-0.00,0.00,0.00,0.00,0.00,0.00,0.00,0.00,0.00,0
7.05716,70,13,256,0,DRIVE [ 89 ] [ 1 ] [ 1265 1904 1748 ] [    0    0    0 ] [      0      0      0 ] [ 0 ],drive [ 89 ] [ 0 ] [ 1278 1904 1756 ] [   61   13   17 ] [   9329   5959   9897 ] [ 0 ],1.00,1.00,1.00,1.00,70.30,12.90,0.00,0.00,0.00,0.00,0.00,0.00,-0.00,0.00,0.00,0.00,0.00,0.00,0.00,0.00,0.00,0
7.06953,72,13,255,0,DRIVE [ 90 ] [ 1 ] [ 1254 1904 1742 ] [    0    0    0 ] [      0      0      0 ] [ 0 ],drive [ 89 ] [ 0 ] [ 1265 1904 1748 ] [   82   10   20 ] [   9329   5959   9897 ] [ 0 ],1.00,1.00,1.00,1.00,71.68,12.54,0.00,0.00,0.00,0.00,0.00,0.00,-0.00,0.00,0.00,0.00,0.00,0.00,0.00,0.00,0.00,0
7.08175,73,12,254,0,DRIVE [ 90 ] [ 1 ] [ 1246 1904 1736 ] [    0    0    0 ] [      0      0      0 ] [ 0 ],drive [ 90 ] [ 0 ] [ 1254 1904 1742 ] [   82   10   20 ] [   9329   5959   9897 ] [ 0 ],1.00,1.00,1.00,1.00,72.78,12.13,0.00,0.00,0.00,0.00,0.00,0.00,-0.00,0.00,0.00,0.00,0.00,0.00,0.00,0.00,0.00,0
7.09444,74,11,254,0,DRIVE [ 91 ] [ 1 ] [ 1241 1904 1729 ] [    0    0    0 ] [      0      0      0 ] [ 0 ],drive [ 90 ] [ 0 ] [ 1246 1904 1736 ] [   82   10   20 ] [   9663   5965   9900 ] [ 0 ],1.00,1.00,1.00,1.00,73.85,11.46,0.00,0.00,0.00,0.00,0.00,0.00,-0.00,0.00,0.00,0.00,0.00,0.00,0.00,0.00,0.00,0
7.1068,75,11,255,0,DRIVE [ 91 ] [ 1 ] [ 1240 1904 1724 ] [    0    0    0 ] [      0      0      0 ] [ 0 ],drive [ 91 ] [ 0 ] [ 1241 1904 1729 ] [   82   10   20 ] [   9663   5965   9900 ] [ 0 ],1.00,1.00,1.00,1.00,74.91,10.81,0.00,0.00,0.00,0.00,0.00,0.00,-0.00,0.00,0.00,0.00,0.00,0.00,0.00,0.00,0.00,0
7.11875,75,10,255,0,DRIVE [ 92 ] [ 1 ] [ 1248 1904 1719 ] [    0    0    0 ] [      0      0      0 ] [ 0 ],drive [ 91 ] [ 0 ] [ 1240 1904 1724 ] [   72    8   24 ] [   9663   5965   9900 ] [ 0 ],1.00,1.00,1.00,1.00,74.83,9.75,0.00,0.00,0.00,0.00,0.00,0.00,-0.00,0.00,0.00,0.00,0.00,0.00,0.00,0.00,0.00,0
7.13089,74,9,255,0,DRIVE [ 92 ] [ 1 ] [ 1260 1904 1717 ] [    0    0    0 ] [      0      0      0 ] [ 0 ],drive [ 92 ] [ 0 ] [ 1248 1904 1719 ] [   72    8   24 ] [   9663   5965   9900 ] [ 0 ],1.00,1.00,1.00,1.00,74.09,8.77,0.00,0.00,0.00,0.00,0.00,0.00,-0.00,0.00,0.00,0.00,0.00,0.00,0.00,0.00,0.00,0
7.14298,73,8,256,0,DRIVE [ 93 ] [ 1 ] [ 1275 1904 1716 ] [    0    0    0 ] [      0      0      0 ] [ 0 ],drive [ 92 ] [ 0 ] [ 1260 1904 1717 ] [   72    8   24 ] [   9900   5965   9899 ] [ 0 ],1.00,1.00,1.00,1.00,73.08,7.87,0.00,0.00,0.00,0.00,0.00,0.00,-0.00,0.00,0.00,0.00,0.00,0.00,0.00,0.00,0.00,0
7.15564,71,7,256,0,DRIVE [ 93 ] [ 1 ] [ 1291 1904 1717 ] [    0    0    0 ] [      0      0      0 ] [ 0 ],drive [ 93 ] [ 0 ] [ 1275 1904 1716 ] [   72    8   24 ] [   9900   5965   9899 ] [ 0 ],1.00,1.00,1.00,1.00,71.48,7.16,0.00,0.00,0.00,0.00,0.00,0.00,-0.00,0.00,0.00,0.00,0.00,0.00,0.00,0.00,0.00,0
7.16723,70,7,257,0,DRIVE [ 94 ] [ 1 ] [ 1308 1904 1720 ] [    0    0    0 ] [      0      0      0 ] [ 0 ],drive [ 93 ] [ 0 ] [ 1291 1904 1717 ] [   80    9   26 ] [   9900   5965   9899 ] [ 0 ],1.00,1.00,1.00,1.00,69.91,6.59,0.00,0.00,0.00,0.00,0.00,0.00,-0.00,0.00,0.00,0.00,0.00,0.00,0.00,0.00,0.00,0
7.17949,68,6,258,0,DRIVE [ 94 ] [ 1 ] [ 1327 1904 1723 ] [    0    0    0 ] [      0      0      0 ] [ 0 ],drive [ 94 ] [ 0 ] [ 1308 1904 1720 ] [   80    9   26 ] [   9900   5965   9899 ] [ 0 ],1.00,1.00,1.00,1.00,68.09,5.99,0.00,0.00,0.00,0.00,0.00,0.00,-0.00,0.00,0.00,0.00,0.00,0.00,0.00,0.00,0.00,0
7.19125,66,5,258,0,DRIVE [ 95 ] [ 1 ] [ 1345 1904 1726 ] [    0    0    0 ] [      0      0      0 ] [ 0 ],drive [ 94 ] [ 0 ] [ 1327 1904 1723 ] [   80    9   26 ] [   9900   5965   9899 ] [ 0 ],1.00,1.00,1.00,1.00,66.33,5.40,0.00,0.00,0.00,0.00,0.00,0.00,-0.00,0.00,0.00,0.00,0.00,0.00,0.00,0.00,0.00,0
7.20361,64,5,259,0,DRIVE [ 95 ] [ 1 ] [ 1364 1904 1729 ] [    0    0    0 ] [      0      0      0 ] [ 0 ],drive [ 95 ] [ 0 ] [ 1345 1904 1726 ] [   80    9   26 ] [   9966   5965   9899 ] [ 0 ],1.00,1.00,1.00,1.00,64.37,4.79,0.00,0.00,0.00,0.00,0.00,0.00,-0.00,0.00,0.00,0.00,0.00,0.00,0.00,0.00,0.00,0
7.21608,62,4,259,0,DRIVE [ 96 ] [ 1 ] [ 1385 1904 1733 ] [    0    0    0 ] [      0      0      0 ] [ 0 ],drive [ 95 ] [ 0 ] [ 1364 1904 1729 ] [   56    9   25 ] [   9966   5965   9899 ] [ 0 ],1.00,1.00,1.00,1.00,62.11,4.26,0.00,0.00,0.00,0.00,0.00,0.00,-0.00,0.00,0.00,0.00,0.00,0.00,0.00,0.00,0.00,0
7.22805,60,4,260,0,DRIVE [ 96 ] [ 1 ] [ 1407 1904 1737 ] [    0    0    0 ] [      0      0      0 ] [ 0 ],drive [ 96 ] [ 0 ] [ 1385 1904 1733 ] [   56    9   25 ] [   9966   5965   9899 ] [ 0 ],1.00,1.00,1.00,1.00,59.90,3.68,0.00,0.00,0.00,0.00,0.00,0.00,-0.00,0.00,0.00,0.00,0.00,0.00,0.00,0.00,0.00,0
7.24014,58,3,261,0,DRIVE [ 97 ] [ 1 ] [ 1429 1904 1744 ] [    0    0    0 ] [      0      0      0 ] [ 0 ],drive [ 96 ] [ 0 ] [ 1407 1904 1737 ] [   56    9   25 ] [   9966   5965   9899 ] [ 0 ],1.00,1.00,1.00,1.00,57.51,3.33,0.00,0.00,0.00,0.00,0.00,0.00,-0.00,0.00,0.00,0.00,0.00,0.00,0.00,0.00,0.00,0
7.25179,55,3,261,0,DRIVE [ 97 ] [ 1 ] [ 1452 1904 1750 ] [    0    0    0 ] [      0      0      0 ] [ 0 ],drive [ 97 ] [ 0 ] [ 1429 1904 1744 ] [   56    9   25 ] [   9964   5964   9899 ] [ 0 ],1.00,1.00,1.00,1.00,54.79,3.06,0.00,0.00,0.00,0.00,0.00,0.00,-0.00,0.00,0.00,0.00,0.00,0.00,-0.00,-0.00,0.00,0
7.26414,51,3,261,0,DRIVE [ 98 ] [ 1 ] [ 1481 1904 1760 ] [    0    0    0 ] [      0      0      0 ] [ 0 ],drive [ 97 ] [ 0 ] [ 1452 1904 1750 ] [   49   10   24 ] [   9964   5964   9899 ] [ 0 ],1.00,1.00,1.00,1.00,51.14,2.84,0.00,0.00,0.00,0.00,0.00,0.00,-0.00,0.00,0.00,0.00,0.00,0.00,-0.00,-0.00,0.00,0
7.27599,48,3,261,0,DRIVE [ 98 ] [ 1 ] [ 1509 1904 1771 ] [    0    0    0 ] [      0      0      0 ] [ 0 ],drive [ 98 ] [ 0 ] [ 1481 1904 1760 ] [   49   10   24 ] [   9964   5964   9899 ] [ 0 ],1.00,1.00,1.00,1.00,47.65,2.82,0.00,0.00,0.00,0.00,0.00,0.00,-0.00,0.00,0.00,0.00,0.00,0.00,-0.00,-0.00,0.00,0
7.28922,44,3,261,0,DRIVE [ 99 ] [ 1 ] [ 1535 1904 1782 ] [    0    0    0 ] [      0      0      0 ] [ 0 ],drive [ 98 ] [ 0 ] [ 1509 1904 1771 ] [   49   10   24 ] [   9964   5964   9899 ] [ 0 ],1.00,1.00,1.00,1.00,44.25,2.88,0.00,0.00,0.00,0.00,0.00,0.00,-0.00,0.00,0.00,0.00,0.00,0.00,-0.00,-0.00,0.00,0
7.30094,41,3,261,0,DRIVE [ 99 ] [ 1 ] [ 1560 1904 1792 ] [    0    0    0 ] [      0      0      0 ] [ 0 ],drive [ 99 ] [ 0 ] [ 1535 1904 1782 ] [   49   10   24 ] [   9955   5954   9897 ] [ 0 ],1.00,1.00,1.00,1.00,41.03,2.96,0.00,0.00,0.00,0.00,0.00,0.00,-0.00,0.00,0.00,0.00,0.00,0.00,-0.00,-0.00,0.00,0
7.31295,38,3,262,0,DRIVE [ 00 ] [ 1 ] [ 1584 1904 1802 ] [    0    0    0 ] [      0      0      0 ] [ 0 ],drive [ 99 ] [ 0 ] [ 1560 1904 1792 ] [   45   14   19 ] [   9955   5954   9897 ] [ 0 ],1.00,1.00,1.00,1.00,37.97,3.03,0.00,0.00,0.00,0.00,0.00,0.00,-0.00,0.00,0.00,0.00,0.00,0.00,-0.00,-0.00,0.00,0
7.32456,35,3,262,0,DRIVE [ 00 ] [ 1 ] [ 1608 1904 1812 ] [    0    0    0 ] [      0      0      0 ] [ 0 ],drive [ 00 ] [ 0 ] [ 1584 1904 1802 ] [   45   14   19 ] [   9955   5954   9897 ] [ 0 ],1.00,1.00,1.00,1.00,34.92,3.19,0.00,0.00,0.00,0.00,0.00,0.00,-0.00,0.00,0.00,0.00,0.00,0.00,-0.00,-0.00,0.00,0
7.33681,32,3,262,0,DRIVE [ 01 ] [ 1 ] [ 1630 1904 1822 ] [    0    0    0 ] [      0      0      0 ] [ 0 ],drive [ 00 ] [ 0 ] [ 1608 1904 1812 ] [   45   14   19 ] [   9955   5954   9897 ] [ 0 ],1.00,1.00,1.00,1.00,32.00,3.36,0.00,0.00,0.00,0.00,0.00,0.00,-0.00,0.00,0.00,0.00,0.00,0.00,-0.00,-0.00,0.00,0
7.34899,29,4,263,0,DRIVE [ 01 ] [ 1 ] [ 1652 1904 1832 ] [    0    0    0 ] [      0      0      0 ] [ 0 ],drive [ 01 ] [ 0 ] [ 1630 1904 1822 ] [   45   14   19 ] [   9939   5948   9893 ] [ 0 ],1.00,1.00,1.00,1.00,29.13,3.59,0.00,0.00,0.00,0.00,0.00,0.00,-0.00,0.00,0.00,0.00,0.00,0.00,-0.00,-0.00,0.00,0
7.36138,26,4,264,0,DRIVE [ 02 ] [ 1 ] [ 1673 1904 1842 ] [    0    0    0 ] [      0      0      0 ] [ 0 ],drive [ 01 ] [ 0 ] [ 1652 1904 1832 ] [   48   17   13 ] [   9939   5948   9893 ] [ 0 ],1.00,1.00,1.00,1.00,26.40,3.81,0.00,0.00,0.00,0.00,0.00,0.00,-0.00,0.00,0.00,0.00,0.00,0.00,-0.00,-0.00,0.00,0
7.37365,24,4,264,0,DRIVE [ 02 ] [ 1 ] [ 1693 1904 1851 ] [    0    0    0 ] [      0      0      0 ] [ 0 ],drive [ 02 ] [ 0 ] [ 1673 1904 1842 ] [   48   17   13 ] [   9939   5948   9893 ] [ 0 ],1.00,1.00,1.00,1.00,23.66,4.05,0.00,0.00,0.00,0.00,0.00,0.00,-0.00,0.00,0.00,0.00,0.00,0.00,-0.00,-0.00,0.00,0
7.38523,21,4,264,0,DRIVE [ 03 ] [ 1 ] [ 1711 1904 1861 ] [    0    0    0 ] [      0      0      0 ] [ 0 ],drive [ 02 ] [ 0 ] [ 1693 1904 1851 ] [   48   17   13 ] [   9939   5948   9893 ] [ 0 ],1.00,1.00,1.00,1.00,21.10,4.34,0.00,0.00,0.00,0.00,0.00,0.00,-0.00,0.00,0.00,0.00,0.00,0.00,-0.00,-0.00,0.00,0
7.39757,19,5,263,0,DRIVE [ 03 ] [ 1 ] [ 1728 1904 1869 ] [    0    0    0 ] [      0      0      0 ] [ 0 ],drive [ 03 ] [ 0 ] [ 1711 1904 1861 ] [   48   17   13 ] [   9842   5944   9887 ] [ 0 ],1.00,1.00,1.00,1.00,18.58,4.58,0.00,0.00,0.00,0.00,0.00,0.00,-0.00,0.00,0.00,0.00,0.00,0.00,-0.00,-0.00,0.00,0
7.40952,16,5,263,0,DRIVE [ 04 ] [ 1 ] [ 1744 1904 1878 ] [    0    0    0 ] [      0      0      0 ] [ 0 ],drive [ 03 ] [ 0 ] [ 1728 1904 1869 ] [   44   18    6 ] [   9842   5944   9887 ] [ 0 ],1.00,1.00,1.00,1.00,16.23,4.88,0.00,0.00,0.00,0.00,0.00,0.00,-0.00,0.00,0.00,0.00,0.00,0.00,-0.00,-0.00,0.00,0
7.42217,14,5,263,0,DRIVE [ 04 ] [ 1 ] [ 1758 1904 1886 ] [    0    0    0 ] [      0      0      0 ] [ 0 ],drive [ 04 ] [ 0 ] [ 1744 1904 1878 ] [   44   18    6 ] [   9842   5944   9887 ] [ 0 ],1.00,1.00,1.00,1.00,14.02,5.21,0.00,0.00,0.00,0.00,0.00,0.00,-0.00,0.00,0.00,0.00,0.00,0.00,-0.00,-0.00,0.00,0
7.4339,12,6,263,0,DRIVE [ 05 ] [ 1 ] [ 1773 1904 1895 ] [    0    0    0 ] [      0      0      0 ] [ 0 ],drive [ 04 ] [ 0 ] [ 1758 1904 1886 ] [   44   18    6 ] [   9842   5944   9887 ] [ 0 ],1.00,1.00,1.00,1.00,11.51,5.56,0.00,0.00,0.00,0.00,0.00,0.00,-0.00,0.00,0.00,0.00,0.00,0.00,-0.00,-0.00,0.00,0
7.44592,9,6,263,0,DRIVE [ 05 ] [ 1 ] [ 1786 1904 1902 ] [    0    0    0 ] [      0      0      0 ] [ 0 ],drive [ 05 ] [ 0 ] [ 1773 1904 1895 ] [   44   18    6 ] [   9716   5944   9885 ] [ 0 ],1.00,1.00,1.00,1.00,9.31,5.76,0.00,0.00,0.00,0.00,0.00,0.00,-0.00,0.00,0.00,0.00,0.00,0.00,-0.00,-0.00,0.00,0
7.45758,7,6,262,0,DRIVE [ 06 ] [ 1 ] [ 1803 1901 1902 ] [    0    0    0 ] [      0      0      0 ] [ 0 ],drive [ 05 ] [ 0 ] [ 1786 1904 1902 ] [   36   19    2 ] [   9716   5944   9885 ] [ 0 ],1.00,1.00,1.00,1.00,7.41,6.02,0.00,0.00,0.00,0.00,0.00,0.00,-0.00,0.00,0.00,0.00,0.00,0.00,-0.00,-0.00,0.00,0
7.4696,6,6,262,0,DRIVE [ 06 ] [ 1 ] [ 1822 1894 1902 ] [    0    0    0 ] [      0      0      0 ] [ 0 ],drive [ 06 ] [ 0 ] [ 1803 1901 1902 ] [   36   19    2 ] [   9716   5944   9885 ] [ 0 ],1.00,1.00,1.00,1.00,5.67,6.29,0.00,0.00,0.00,0.00,0.00,0.00,-0.00,0.00,0.00,0.00,0.00,0.00,-0.00,-0.00,0.00,0
7.48219,4,7,262,0,DRIVE [ 07 ] [ 1 ] [ 1836 1888 1902 ] [    0    0    0 ] [      0      0      0 ] [ 0 ],drive [ 06 ] [ 0 ] [ 1822 1894 1902 ] [   36   19    2 ] [   9716   5944   9885 ] [ 0 ],1.00,1.00,1.00,1.00,4.20,6.53,0.00,0.00,0.00,0.00,0.00,0.00,-0.00,0.00,0.00,0.00,0.00,0.00,-0.00,-0.00,0.00,0
7.49459,3,7,262,0,DRIVE [ 07 ] [ 1 ] [ 1847 1881 1902 ] [    0    0    0 ] [      0      0      0 ] [ 0 ],drive [ 07 ] [ 0 ] [ 1836 1888 1902 ] [   36   19    2 ] [   9607   5943   9883 ] [ 0 ],1.00,1.00,1.00,1.00,2.87,6.76,0.00,0.00,0.00,0.00,0.00,0.00,-0.00,0.00,0.00,0.00,0.00,0.00,-0.00,-0.00,0.00,0
7.50683,2,7,263,0,DRIVE [ 08 ] [ 1 ] [ 1855 1875 1902 ] [    0    0    0 ] [      0      0      0 ] [ 0 ],drive [ 07 ] [ 0 ] [ 1847 1881 1902 ] [   36   19    2 ] [   9607   5943   9883 ] [ 0 ],1.00,1.00,1.00,1.00,1.70,6.93,0.00,0.00,0.00,0.00,0.00,0.00,-0.00,0.00,0.00,0.00,0.00,0.00,-0.00,-0.00,0.00,0
7.51846,1,7,263,0,DRIVE [ 08 ] [ 1 ] [ 1862 1869 1902 ] [    0    0    0 ] [      0      0      0 ] [ 0 ],drive [ 08 ] [ 0 ] [ 1855 1875 1902 ] [    9   20    1 ] [   9607   5943   9883 ] [ 0 ],1.00,1.00,1.00,1.00,0.64,7.05,0.00,0.00,0.00,0.00,0.00,0.00,-0.00,0.00,0.00,0.00,0.00,0.00,-0.00,-0.00,0.00,0
7.53084,0,7,263,0,DRIVE [ 09 ] [ 1 ] [ 1867 1864 1902 ] [    0    0    0 ] [      0      0      0 ] [ 0 ],drive [ 08 ] [ 0 ] [ 1862 1869 1902 ] [    9   20    1 ] [   9607   5943   9883 ] [ 0 ],1.00,1.00,1.00,1.00,-0.27,7.12,0.00,0.00,0.00,0.00,0.00,0.00,-0.00,0.00,0.00,0.00,0.00,0.00,0.00,0.00,0.00,0
7.5429,-1,7,263,0,DRIVE [ 09 ] [ 1 ] [ 1871 1860 1902 ] [    0    0    0 ] [      0      0      0 ] [ 0 ],drive [ 09 ] [ 0 ] [ 1867 1864 1902 ] [    9   20    1 ] [   9335   5946   9883 ] [ 0 ],1.00,1.00,1.00,1.00,-0.94,7.13,0.00,0.00,0.00,0.00,0.00,0.00,-0.00,0.00,0.00,0.00,0.00,0.00,0.00,0.00,0.00,0
7.55564,-1,7,263,0,DRIVE [ 10 ] [ 1 ] [ 1873 1856 1902 ] [    0    0    0 ] [      0      0      0 ] [ 0 ],drive [ 09 ] [ 0 ] [ 1871 1860 1902 ] [    9   20    1 ] [   9335   5946   9883 ] [ 0 ],1.00,1.00,1.00,1.00,-1.47,7.18,0.00,0.00,0.00,0.00,0.00,0.00,-0.00,0.00,0.00,0.00,0.00,0.00,0.00,0.00,0.00,0
7.56763,-2,7,263,0,DRIVE [ 10 ] [ 1 ] [ 1875 1853 1902 ] [    0    0    0 ] [      0      0      0 ] [ 0 ],drive [ 10 ] [ 0 ] [ 1873 1856 1902 ] [   25   20    2 ] [   9335   5946   9883 ] [ 0 ],1.00,1.00,1.00,1.00,-1.85,7.20,0.00,0.00,0.00,0.00,0.00,0.00,-0.00,0.00,0.00,0.00,0.00,0.00,0.00,0.00,0.00,0
7.57977,-2,7,263,0,DRIVE [ 11 ] [ 1 ] [ 1875 1850 1902 ] [    0    0    0 ] [      0      0      0 ] [ 0 ],drive [ 10 ] [ 0 ] [ 1875 1853 1902 ] [   25   20    2 ] [   9335   5946   9883 ] [ 0 ],1.00,1.00,1.00,1.00,-2.11,7.36,0.00,0.00,0.00,0.00,0.00,0.00,-0.00,0.00,0.00,0.00,0.00,0.00,0.00,0.00,0.00,0
7.59166,-2,7,262,0,DRIVE [ 11 ] [ 1 ] [ 1875 1848 1902 ] [    0    0    0 ] [      0      0      0 ] [ 0 ],drive [ 11 ] [ 0 ] [ 1875 1850 1902 ] [   25   20    2 ] [   9335   5946   9883 ] [ 0 ],1.00,1.00,1.00,1.00,-2.25,7.45,0.00,0.00,0.00,0.00,0.00,0.00,-0.00,0.00,0.00,0.00,0.00,0.00,0.00,0.00,0.00,0
7.60389,-2,8,262,0,DRIVE [ 12 ] [ 1 ] [ 1874 1849 1902 ] [    0    0    0 ] [      0      0      0 ] [ 0 ],drive [ 11 ] [ 0 ] [ 1875 1848 1902 ] [   25   20    2 ] [   9167   5947   9886 ] [ 0 ],1.00,1.00,1.00,1.00,-2.10,7.52,0.00,0.00,0.00,0.00,0.00,0.00,-0.00,0.00,0.00,0.00,0.00,0.00,0.00,0.00,0.00,0
7.61621,-2,8,263,0,DRIVE [ 12 ] [ 1 ] [ 1874 1849 1902 ] [    0    0    0 ] [      0      0      0 ] [ 0 ],drive [ 12 ] [ 0 ] [ 1874 1849 1902 ] [    8   21    2 ] [   9167   5947   9886 ] [ 0 ],1.00,1.00,1.00,1.00,-2.06,7.55,0.00,0.00,0.00,0.00,0.00,0.00,-0.00,0.00,0.00,0.00,0.00,0.00,0.00,0.00,0.00,0
7.62833,-2,8,263,0,DRIVE [ 13 ] [ 1 ] [ 1873 1850 1902 ] [    0    0    0 ] [      0      0      0 ] [ 0 ],drive [ 12 ] [ 0 ] [ 1874 1849 1902 ] [    8   21    2 ] [   9167   5947   9886 ] [ 0 ],1.00,1.00,1.00,1.00,-1.99,7.56,0.00,0.00,0.00,0.00,0.00,0.00,-0.00,0.00,0.00,0.00,0.00,0.00,0.00,0.00,0.00,0
7.64047,-2,8,263,0,DRIVE [ 13 ] [ 1 ] [ 1874 1850 1902 ] [    0    0    0 ] [      0      0      0 ] [ 0 ],drive [ 13 ] [ 0 ] [ 1873 1850 1902 ] [    8   21    2 ] [   9167   5947   9886 ] [ 0 ],1.00,1.00,1.00,1.00,-2.03,7.55,0.00,0.00,0.00,0.00,0.00,0.00,-0.00,0.00,0.00,0.00,0.00,0.00,0.00,0.00,0.00,0
7.65248,-2,8,263,0,DRIVE [ 14 ] [ 1 ] [ 1875 1849 1902 ] [    0    0    0 ] [      0      0      0 ] [ 0 ],drive [ 13 ] [ 0 ] [ 1874 1850 1902 ] [    8   21    2 ] [   9166   5948   9886 ] [ 0 ],1.00,1.00,1.00,1.00,-2.18,7.50,0.00,0.00,0.00,0.00,0.00,0.00,-0.00,0.00,0.00,0.00,0.00,0.00,0.00,0.00,0.00,0
7.665,-2,7,263,0,DRIVE [ 14 ] [ 1 ] [ 1875 1849 1902 ] [    0    0    0 ] [      0      0      0 ] [ 0 ],drive [ 14 ] [ 0 ] [ 1875 1849 1902 ] [    8   21    2 ] [   9166   5948   9886 ] [ 0 ],1.00,1.00,1.00,1.00,-2.25,7.41,0.00,0.00,0.00,0.00,0.00,0.00,-0.00,0.00,0.00,0.00,0.00,0.00,0.00,0.00,0.00,0
7.67698,-2,7,263,0,DRIVE [ 15 ] [ 1 ] [ 1876 1849 1902 ] [    0    0    0 ] [      0      0      0 ] [ 0 ],drive [ 14 ] [ 0 ] [ 1875 1849 1902 ] [    8   21    2 ] [   9166   5948   9886 ] [ 0 ],1.00,1.00,1.00,1.00,-2.27,7.26,0.00,0.00,0.00,0.00,0.00,0.00,-0.00,0.00,0.00,0.00,0.00,0.00,0.00,0.00,0.00,0
7.68904,-2,7,263,0,DRIVE [ 15 ] [ 1 ] [ 1877 1850 1902 ] [    0    0    0 ] [      0      0      0 ] [ 0 ],drive [ 15 ] [ 0 ] [ 1876 1849 1902 ] [    8   21    2 ] [   9166   5948   9886 ] [ 0 ],1.00,1.00,1.00,1.00,-2.24,7.12,0.00,0.00,0.00,0.00,0.00,0.00,-0.00,0.00,0.00,0.00,0.00,0.00,0.00,0.00,0.00,0
7.7006,-2,7,263,0,DRIVE [ 16 ] [ 1 ] [ 1877 1851 1902 ] [    0    0    0 ] [      0      0      0 ] [ 0 ],drive [ 15 ] [ 0 ] [ 1877 1850 1902 ] [    8   21    2 ] [   9165   5948   9886 ] [ 0 ],1.00,1.00,1.00,1.00,-2.21,7.00,0.00,0.00,0.00,0.00,0.00,0.00,-0.00,0.00,0.00,0.00,0.00,0.00,0.00,0.00,0.00,0
7.71272,-2,7,263,0,DRIVE [ 16 ] [ 1 ] [ 1877 1853 1902 ] [    0    0    0 ] [      0      0      0 ] [ 0 ],drive [ 16 ] [ 0 ] [ 1877 1851 1902 ] [    9   20    2 ] [   9165   5948   9886 ] [ 0 ],1.00,1.00,1.00,1.00,-2.11,6.89,0.00,0.00,0.00,0.00,0.00,0.00,-0.00,0.00,0.00,0.00,0.00,0.00,0.00,0.00,0.00,0
7.7243,-2,7,262,0,DRIVE [ 17 ] [ 1 ] [ 1877 1855 1902 ] [    0    0    0 ] [      0      0      0 ] [ 0 ],drive [ 16 ] [ 0 ] [ 1877 1853 1902 ] [    9   20    2 ] [   9165   5948   9886 ] [ 0 ],1.00,1.00,1.00,1.00,-1.90,6.79,0.00,0.00,0.00,0.00,0.00,0.00,-0.00,0.00,0.00,0.00,0.00,0.00,0.00,0.00,0.00,0
7.73653,-2,7,263,0,DRIVE [ 17 ] [ 1 ] [ 1877 1857 1902 ] [    0    0    0 ] [      0      0      0 ] [ 0 ],drive [ 17 ] [ 0 ] [ 1877 1855 1902 ] [    9   20    2 ] [   9165   5948   9886 ] [ 0 ],1.00,1.00,1.00,1.00,-1.69,6.70,0.00,0.00,0.00,0.00,0.00,0.00,-0.00,0.00,0.00,0.00,0.00,0.00,0.00,0.00,0.00,0
7.74883,-1,7,263,0,DRIVE [ 18 ] [ 1 ] [ 1875 1860 1902 ] [    0    0    0 ] [      0      0      0 ] [ 0 ],drive [ 17 ] [ 0 ] [ 1877 1857 1902 ] [    9   20    2 ] [   9164   5949   9885 ] [ 0 ],1.00,1.00,1.00,1.00,-1.29,6.59,0.00,0.00,0.00,0.00,0.00,0.00,-0.00,0.00,0.00,0.00,0.00,0.00,0.00,0.00,0.00,0
7.76101,-1,6,263,0,DRIVE [ 18 ] [ 1 ] [ 1874 1864 1902 ] [    0    0    0 ] [      0      0      0 ] [ 0 ],drive [ 18 ] [ 0 ] [ 1875 1860 1902 ] [   10   19    2 ] [   9164   5949   9885 ] [ 0 ],1.00,1.00,1.00,1.00,-0.85,6.47,0.00,0.00,0.00,0.00,0.00,0.00,-0.00,0.00,0.00,0.00,0.00,0.00,0.00,0.00,0.00,0
7.77294,0,6,263,0,DRIVE [ 19 ] [ 1 ] [ 1872 1867 1902 ] [    0    0    0 ] [      0      0      0 ] [ 0 ],drive [ 18 ] [ 0 ] [ 1874 1864 1902 ] [   10   19    2 ] [   9164   5949   9885 ] [ 0 ],1.00,1.00,1.00,1.00,-0.40,6.37,0.00,0.00,0.00,0.00,0.00,0.00,-0.00,0.00,0.00,0.00,0.00,0.00,0.00,0.00,0.00,0
7.78441,0,6,264,0,DRIVE [ 19 ] [ 1 ] [ 1870 1871 1902 ] [    0    0    0 ] [      0      0      0 ] [ 0 ],drive [ 19 ] [ 0 ] [ 1872 1867 1902 ] [   10   19    2 ] [   9164   5949   9885 ] [ 0 ],1.00,1.00,1.00,1.00,0.04,6.27,0.00,0.00,0.00,0.00,0.00,0.00,-0.00,0.00,0.00,0.00,0.00,0.00,-0.00,-0.00,0.00,0
7.79659,1,6,263,0,DRIVE [ 20 ] [ 1 ] [ 1867 1873 1902 ] [    0    0    0 ] [      0      0      0 ] [ 0 ],drive [ 19 ] [ 0 ] [ 1870 1871 1902 ] [   10   19    2 ] [   9161   5950   9885 ] [ 0 ],1.00,1.00,1.00,1.00,0.51,6.22,0.00,0.00,0.00,0.00,0.00,0.00,-0.00,0.00,0.00,0.00,0.00,0.00,-0.00,-0.00,0.00,0
7.80859,1,6,263,0,DRIVE [ 20 ] [ 1 ] [ 1866 1875 1902 ] [    0    0    0 ] [      0      0      0 ] [ 0 ],drive [ 20 ] [ 0 ] [ 1867 1873 1902 ] [   12   19    3 ] [   9161   5950   9885 ] [ 0 ],1.00,1.00,1.00,1.00,0.86,6.17,0.00,0.00,0.00,0.00,0.00,0.00,-0.00,0.00,0.00,0.00,0.00,0.00,-0.00,-0.00,0.00,0
7.82027,1,6,264,0,DRIVE [ 21 ] [ 1 ] [ 1863 1878 1902 ] [    0    0    0 ] [      0      0      0 ] [ 0 ],drive [ 20 ] [ 0 ] [ 1866 1875 1902 ] [   12   19    3 ] [   9161   5950   9885 ] [ 0 ],1.00,1.00,1.00,1.00,1.26,6.15,0.00,0.00,0.00,0.00,0.00,0.00,-0.00,0.00,0.00,0.00,0.00,0.00,-0.00,-0.00,0.00,0
7.83268,2,6,264,0,DRIVE [ 21 ] [ 1 ] [ 1860 1879 1902 ] [    0    0    0 ] [      0      0      0 ] [ 0 ],drive [ 21 ] [ 0 ] [ 1863 1878 1902 ] [   12   19    3 ] [   9161   5950   9885 ] [ 0 ],1.00,1.00,1.00,1.00,1.62,6.14,0.00,0.00,0.00,0.00,0.00,0.00,-0.00,0.00,0.00,0.00,0.00,0.00,-0.00,-0.00,0.00,0
7.84469,2,6,264,0,DRIVE [ 22 ] [ 1 ] [ 1858 1881 1902 ] [    0    0    0 ] [      0      0      0 ] [ 0 ],drive [ 21 ] [ 0 ] [ 1860 1879 1902 ] [   12   19    3 ] [   9161   5950   9885 ] [ 0 ],1.00,1.00,1.00,1.00,1.92,6.15,0.00,0.00,0.00,0.00,0.00,0.00,-0.00,0.00,0.00,0.00,0.00,0.00,-0.00,-0.00,0.00,0
7.85627,2,6,264,0,DRIVE [ 22 ] [ 1 ] [ 1856 1882 1902 ] [    0    0    0 ] [      0      0      0 ] [ 0 ],drive [ 22 ] [ 0 ] [ 1858 1881 1902 ] [   12   19    3 ] [   9161   5950   9885 ] [ 0 ],1.00,1.00,1.00,1.00,2.18,6.15,0.00,0.00,0.00,0.00,0.00,0.00,-0.00,0.00,0.00,0.00,0.00,0.00,-0.00,-0.00,0.00,0
7.86872,2,6,263,0,DRIVE [ 23 ] [ 1 ] [ 1854 1883 1902 ] [    0    0    0 ] [      0      0      0 ] [ 0 ],drive [ 22 ] [ 0 ] [ 1856 1882 1902 ] [   12   17    2 ] [   9161   5950   9885 ] [ 0 ],1.00,1.00,1.00,1.00,2.39,6.14,0.00,0.00,0.00,0.00,0.00,0.00,-0.00,0.00,0.00,0.00,0.00,0.00,-0.00,-0.00,0.00,0
7.88084,3,6,263,0,DRIVE [ 23 ] [ 1 ] [ 1853 1883 1902 ] [    0    0    0 ] [      0      0      0 ] [ 0 ],drive [ 23 ] [ 0 ] [ 1854 1883 1902 ] [   12   17    2 ] [   9161   5950   9885 ] [ 0 ],1.00,1.00,1.00,1.00,2.54,6.15,0.00,0.00,0.00,0.00,0.00,0.00,-0.00,0.00,0.00,0.00,0.00,0.00,-0.00,-0.00,0.00,0
7.89321,3,6,263,0,DRIVE [ 24 ] [ 1 ] [ 1852 1883 1902 ] [    0    0    0 ] [      0      0      0 ] [ 0 ],drive [ 23 ] [ 0 ] [ 1853 1883 1902 ] [   12   17    2 ] [   9163   5950   9885 ] [ 0 ],1.00,1.00,1.00,1.00,2.62,6.23,0.00,0.00,0.00,0.00,0.00,0.00,-0.00,0.00,0.00,0.00,0.00,0.00,-0.00,-0.00,0.00,0
7.90536,3,6,263,0,DRIVE [ 24 ] [ 1 ] [ 1851 1884 1902 ] [    0    0    0 ] [      0      0      0 ] [ 0 ],drive [ 24 ] [ 0 ] [ 1852 1883 1902 ] [   12   17    2 ] [   9163   5950   9885 ] [ 0 ],1.00,1.00,1.00,1.00,2.70,6.21,0.00,0.00,0.00,0.00,0.00,0.00,-0.00,0.00,0.00,0.00,0.00,0.00,-0.00,-0.00,0.00,0
7.91729,3,6,262,0,DRIVE [ 25 ] [ 1 ] [ 1851 1884 1902 ] [    0    0    0 ] [      0      0      0 ] [ 0 ],drive [ 24 ] [ 0 ] [ 1851 1884 1902 ] [   13   16    2 ] [   9163   5950   9885 ] [ 0 ],1.00,1.00,1.00,1.00,2.78,6.18,0.00,0.00,0.00,0.00,0.00,0.00,-0.00,0.00,0.00,0.00,0.00,0.00,-0.00,-0.00,0.00,0
7.92947,3,6,262,0,DRIVE [ 25 ] [ 1 ] [ 1851 1884 1902 ] [    0    0    0 ] [      0      0      0 ] [ 0 ],drive [ 25 ] [ 0 ] [ 1851 1884 1902 ] [   13   16    2 ] [   9163   5950   9885 ] [ 0 ],1.00,1.00,1.00,1.00,2.79,6.13,0.00,0.00,0.00,0.00,0.00,0.00,-0.00,0.00,0.00,0.00,0.00,0.00,-0.00,-0.00,0.00,0
7.94152,3,6,262,0,DRIVE [ 26 ] [ 1 ] [ 1851 1884 1902 ] [    0    0    0 ] [      0      0      0 ] [ 0 ],drive [ 25 ] [ 0 ] [ 1851 1884 1902 ] [   13   16    2 ] [   9163   5950   9885 ] [ 0 ],1.00,1.00,1.00,1.00,2.68,6.18,0.00,0.00,0.00,0.00,0.00,0.00,-0.00,0.00,0.00,0.00,0.00,0.00,-0.00,-0.00,0.00,0
7.95348,3,6,263,0,DRIVE [ 26 ] [ 1 ] [ 1852 1884 1902 ] [    0    0    0 ] [      0      0      0 ] [ 0 ],drive [ 26 ] [ 0 ] [ 1851 1884 1902 ] [   13   16    2 ] [   9163   5950   9885 ] [ 0 ],1.00,1.00,1.00,1.00,2.65,6.16,0.00,0.00,0.00,0.00,0.00,0.00,-0.00,0.00,0.00,0.00,0.00,0.00,-0.00,-0.00,0.00,0
7.96575,3,6,263,0,DRIVE [ 27 ] [ 1 ] [ 1853 1883 1902 ] [    0    0    0 ] [      0      0      0 ] [ 0 ],drive [ 26 ] [ 0 ] [ 1852 1884 1902 ] [   13   16    2 ] [   9163   5950   9885 ] [ 0 ],1.00,1.00,1.00,1.00,2.55,6.15,0.00,0.00,0.00,0.00,0.00,0.00,-0.00,0.00,0.00,0.00,0.00,0.00,-0.00,-0.00,0.00,0
7.97787,2,6,263,0,DRIVE [ 27 ] [ 1 ] [ 1854 1883 1902 ] [    0    0    0 ] [      0      0      0 ] [ 0 ],drive [ 27 ] [ 0 ] [ 1853 1883 1902 ] [   13   16    2 ] [   9163   5950   9885 ] [ 0 ],1.00,1.00,1.00,1.00,2.43,6.15,0.00,0.00,0.00,0.00,0.00,0.00,-0.00,0.00,0.00,0.00,0.00,0.00,-0.00,-0.00,0.00,0
7.98954,2,6,262,0,DRIVE [ 28 ] [ 1 ] [ 1855 1882 1902 ] [    0    0    0 ] [      0      0      0 ] [ 0 ],drive [ 27 ] [ 0 ] [ 1854 1883 1902 ] [   13   16    2 ] [   9163   5950   9885 ] [ 0 ],1.00,1.00,1.00,1.00,2.32,6.13,0.00,0.00,0.00,0.00,0.00,0.00,-0.00,0.00,0.00,0.00,0.00,0.00,-0.00,-0.00,0.00,0
8.00198,2,6,262,0,DRIVE [ 28 ] [ 1 ] [ 1855 1882 1902 ] [    0    0    0 ] [      0      0      0 ] [ 0 ],drive [ 28 ] [ 0 ] [ 1855 1882 1902 ] [   13   16    2 ] [   9162   5950   9885 ] [ 0 ],1.00,1.00,1.00,1.00,2.23,6.16,0.00,0.00,0.00,0.00,0.00,0.00,-0.00,0.00,0.00,0.00,0.00,0.00,-0.00,-0.00,0.00,0
8.01416,2,6,262,0,DRIVE [ 29 ] [ 1 ] [ 1856 1881 1902 ] [    0    0    0 ] [      0      0      0 ] [ 0 ],drive [ 28 ] [ 0 ] [ 1855 1882 1902 ] [   13   18    2 ] [   9162   5950   9885 ] [ 0 ],1.00,1.00,1.00,1.00,2.14,6.22,0.00,0.00,0.00,0.00,0.00,0.00,-0.00,0.00,0.00,0.00,0.00,0.00,-0.00,-0.00,0.00,0
8.02647,2,6,262,0,DRIVE [ 29 ] [ 1 ] [ 1856 1881 1902 ] [    0    0    0 ] [      0      0      0 ] [ 0 ],drive [ 29 ] [ 0 ] [ 1856 1881 1902 ] [   13   18    2 ] [   9162   5950   9885 ] [ 0 ],1.00,1.00,1.00,1.00,2.09,6.27,0.00,0.00,0.00,0.00,0.00,0.00,-0.00,0.00,0.00,0.00,0.00,0.00,-0.00,-0.00,0.00,0
8.0389,2,6,263,0,DRIVE [ 30 ] [ 1 ] [ 1856 1880 1902 ] [    0    0    0 ] [      0      0      0 ] [ 0 ],drive [ 29 ] [ 0 ] [ 1856 1881 1902 ] [   13   18    2 ] [   9162   5950   9885 ] [ 0 ],1.00,1.00,1.00,1.00,2.05,6.33,0.00,0.00,0.00,0.00,0.00,0.00,-0.00,0.00,0.00,0.00,0.00,0.00,-0.00,-0.00,0.00,0
8.05051,2,6,263,0,DRIVE [ 30 ] [ 1 ] [ 1856 1880 1902 ] [    0    0    0 ] [      0      0      0 ] [ 0 ],drive [ 30 ] [ 0 ] [ 1856 1880 1902 ] [   13   18    2 ] [   9162   5950   9885 ] [ 0 ],1.00,1.00,1.00,1.00,2.08,6.32,0.00,0.00,0.00,0.00,0.00,0.00,-0.00,0.00,0.00,0.00,0.00,0.00,-0.00,-0.00,0.00,0
8.06276,2,6,263,0,DRIVE [ 31 ] [ 1 ] [ 1855 1881 1902 ] [    0    0    0 ] [      0      0      0 ] [ 0 ],drive [ 30 ] [ 0 ] [ 1856 1880 1902 ] [   13   16    2 ] [   9162   5950   9885 ] [ 0 ],1.00,1.00,1.00,1.00,2.16,6.30,0.00,0.00,0.00,0.00,0.00,0.00,-0.00,0.00,0.00,0.00,0.00,0.00,-0.00,-0.00,0.00,0
8.07505,2,6,263,0,DRIVE [ 31 ] [ 1 ] [ 1854 1881 1902 ] [    0    0    0 ] [      0      0      0 ] [ 0 ],drive [ 31 ] [ 0 ] [ 1855 1881 1902 ] [   13   16    2 ] [   9162   5950   9885 ] [ 0 ],1.00,1.00,1.00,1.00,2.28,6.28,0.00,0.00,0.00,0.00,0.00,0.00,-0.00,0.00,0.00,0.00,0.00,0.00,-0.00,-0.00,0.00,0
8.08676,2,6,263,0,DRIVE [ 32 ] [ 1 ] [ 1853 1881 1902 ] [    0    0    0 ] [      0      0      0 ] [ 0 ],drive [ 31 ] [ 0 ] [ 1854 1881 1902 ] [   13   16    2 ] [   9162   5950   9885 ] [ 0 ],1.00,1.00,1.00,1.00,2.35,6.36,0.00,0.00,0.00,0.00,0.00,0.00,-0.00,0.00,0.00,0.00,0.00,0.00,-0.00,-0.00,0.00,0
8.0991,2,6,262,0,DRIVE [ 32 ] [ 1 ] [ 1853 1881 1902 ] [    0    0    0 ] [      0      0      0 ] [ 0 ],drive [ 32 ] [ 0 ] [ 1853 1881 1902 ] [   13   16    2 ] [   9162   5950   9885 ] [ 0 ],1.00,1.00,1.00,1.00,2.39,6.43,0.00,0.00,0.00,0.00,0.00,0.00,-0.00,0.00,0.00,0.00,0.00,0.00,-0.00,-0.00,0.00,0
8.11099,3,6,262,0,DRIVE [ 33 ] [ 1 ] [ 1852 1881 1902 ] [    0    0    0 ] [      0      0      0 ] [ 0 ],drive [ 32 ] [ 0 ] [ 1853 1881 1902 ] [   13   16    2 ] [   9162   5950   9885 ] [ 0 ],1.00,1.00,1.00,1.00,2.51,6.48,0.00,0.00,0.00,0.00,0.00,0.00,-0.00,0.00,0.00,0.00,0.00,0.00,-0.00,-0.00,0.00,0
8.12256,3,7,262,0,DRIVE [ 33 ] [ 1 ] [ 1850 1882 1902 ] [    0    0    0 ] [      0      0      0 ] [ 0 ],drive [ 33 ] [ 0 ] [ 1852 1881 1902 ] [   13   16    2 ] [   9162   5950   9885 ] [ 0 ],1.00,1.00,1.00,1.00,2.68,6.51,0.00,0.00,0.00,0.00,0.00,0.00,-0.00,0.00,0.00,0.00,0.00,0.00,0.00,0.00,0.00,0
8.13475,3,7,262,0,DRIVE [ 34 ] [ 1 ] [ 1848 1882 1902 ] [    0    0    0 ] [      0      0      0 ] [ 0 ],drive [ 33 ] [ 0 ] [ 1850 1882 1902 ] [   13   16    2 ] [   9162   5950   9885 ] [ 0 ],1.00,1.00,1.00,1.00,2.88,6.54,0.00,0.00,0.00,0.00,0.00,0.00,-0.00,0.00,0.00,0.00,0.00,0.00,0.00,0.00,0.00,0
8.14701,3,7,262,0,DRIVE [ 34 ] [ 1 ] [ 1846 1883 1902 ] [    0    0    0 ] [      0      0      0 ] [ 0 ],drive [ 34 ] [ 0 ] [ 1848 1882 1902 ] [   13   16    2 ] [   9162   5950   9885 ] [ 0 ],1.00,1.00,1.00,1.00,3.06,6.64,0.00,0.00,0.00,0.00,0.00,0.00,-0.00,0.00,0.00,0.00,0.00,0.00,0.00,0.00,0.00,0
8.1592,3,7,263,0,DRIVE [ 35 ] [ 1 ] [ 1844 1883 1902 ] [    0    0    0 ] [      0      0      0 ] [ 0 ],drive [ 34 ] [ 0 ] [ 1846 1883 1902 ] [   13   17    2 ] [   9162   5950   9885 ] [ 0 ],1.00,1.00,1.00,1.00,3.26,6.72,0.00,0.00,0.00,0.00,0.00,0.00,-0.00,0.00,0.00,0.00,0.00,0.00,0.00,0.00,0.00,0
8.17217,4,7,262,0,DRIVE [ 35 ] [ 1 ] [ 1841 1884 1902 ] [    0    0    0 ] [      0      0      0 ] [ 0 ],drive [ 35 ] [ 0 ] [ 1844 1883 1902 ] [   13   17    2 ] [   9162   5950   9885 ] [ 0 ],1.00,1.00,1.00,1.00,3.50,6.82,0.00,0.00,0.00,0.00,0.00,0.00,-0.00,0.00,0.00,0.00,0.00,0.00,0.00,0.00,0.00,0
8.18383,4,7,262,0,DRIVE [ 36 ] [ 1 ] [ 1839 1883 1902 ] [    0    0    0 ] [      0      0      0 ] [ 0 ],drive [ 35 ] [ 0 ] [ 1841 1884 1902 ] [   13   17    2 ] [   9162   5950   9885 ] [ 0 ],1.00,1.00,1.00,1.00,3.64,6.98,0.00,0.00,0.00,0.00,0.00,0.00,-0.00,0.00,0.00,0.00,0.00,0.00,0.00,0.00,0.00,0
8.19587,4,7,262,0,DRIVE [ 36 ] [ 1 ] [ 1837 1884 1902 ] [    0    0    0 ] [      0      0      0 ] [ 0 ],drive [ 36 ] [ 0 ] [ 1839 1883 1902 ] [   13   17    2 ] [   9163   5950   9885 ] [ 0 ],1.00,1.00,1.00,1.00,3.85,7.00,0.00,0.00,0.00,0.00,0.00,0.00,-0.00,0.00,0.00,0.00,0.00,0.00,0.00,0.00,0.00,0
8.20794,4,7,262,0,DRIVE [ 37 ] [ 1 ] [ 1835 1884 1902 ] [    0    0    0 ] [      0      0      0 ] [ 0 ],drive [ 36 ] [ 0 ] [ 1837 1884 1902 ] [   13   17    2 ] [   9163   5950   9885 ] [ 0 ],1.00,1.00,1.00,1.00,4.07,7.11,0.00,0.00,0.00,0.00,0.00,0.00,-0.00,0.00,0.00,0.00,0.00,0.00,0.00,0.00,0.00,0
8.21953,4,7,262,0,DRIVE [ 37 ] [ 1 ] [ 1833 1884 1902 ] [    0    0    0 ] [      0      0      0 ] [ 0 ],drive [ 37 ] [ 0 ] [ 1835 1884 1902 ] [   13   17    2 ] [   9163   5950   9885 ] [ 0 ],1.00,1.00,1.00,1.00,4.19,7.25,0.00,0.00,0.00,0.00,0.00,0.00,-0.00,0.00,0.00,0.00,0.00,0.00,0.00,0.00,0.00,0
8.23158,4,7,262,0,DRIVE [ 38 ] [ 1 ] [ 1831 1884 1902 ] [    0    0    0 ] [      0      0      0 ] [ 0 ],drive [ 37 ] [ 0 ] [ 1833 1884 1902 ] [   13   17    2 ] [   9163   5950   9885 ] [ 0 ],1.00,1.00,1.00,1.00,4.33,7.31,0.00,0.00,0.00,0.00,0.00,0.00,-0.00,0.00,0.00,0.00,0.00,0.00,0.00,0.00,0.00,0
8.24373,4,7,262,0,DRIVE [ 38 ] [ 1 ] [ 1830 1884 1902 ] [    0    0    0 ] [      0      0      0 ] [ 0 ],drive [ 38 ] [ 0 ] [ 1831 1884 1902 ] [   13   17    2 ] [   9163   5950   9885 ] [ 0 ],1.00,1.00,1.00,1.00,4.40,7.37,0.00,0.00,0.00,0.00,0.00,0.00,-0.00,0.00,0.00,0.00,0.00,0.00,0.00,0.00,0.00,0
8.25546,5,7,262,0,DRIVE [ 39 ] [ 1 ] [ 1829 1884 1902 ] [    0    0    0 ] [      0      0      0 ] [ 0 ],drive [ 38 ] [ 0 ] [ 1830 1884 1902 ] [   13   17    2 ] [   9163   5950   9885 ] [ 0 ],1.00,1.00,1.00,1.00,4.51,7.44,0.00,0.00,0.00,0.00,0.00,0.00,-0.00,0.00,0.00,0.00,0.00,0.00,0.00,0.00,0.00,0
8.26801,5,7,262,0,DRIVE [ 39 ] [ 1 ] [ 1828 1884 1902 ] [    0    0    0 ] [      0      0      0 ] [ 0 ],drive [ 39 ] [ 0 ] [ 1829 1884 1902 ] [   14   17    2 ] [   9163   5950   9885 ] [ 0 ],1.00,1.00,1.00,1.00,4.56,7.48,0.00,0.00,0.00,0.00,0.00,0.00,-0.00,0.00,0.00,0.00,0.00,0.00,0.00,0.00,0.00,0
8.28007,5,7,262,0,DRIVE [ 40 ] [ 1 ] [ 1828 1884 1902 ] [    0    0    0 ] [      0      0      0 ] [ 0 ],drive [ 39 ] [ 0 ] [ 1828 1884 1902 ] [   14   17    2 ] [   9163   5950   9885 ] [ 0 ],1.00,1.00,1.00,1.00,4.60,7.48,0.00,0.00,0.00,0.00,0.00,0.00,-0.00,0.00,0.00,0.00,0.00,0.00,0.00,0.00,0.00,0
8.29232,5,7,263,0,DRIVE [ 40 ] [ 1 ] [ 1828 1884 1902 ] [    0    0    0 ] [      0      0      0 ] [ 0 ],drive [ 40 ] [ 0 ] [ 1828 1884 1902 ] [   14   17    2 ] [   9163   5950   9885 ] [ 0 ],1.00,1.00,1.00,1.00,4.63,7.48,0.00,0.00,0.00,0.00,0.00,0.00,-0.00,0.00,0.00,0.00,0.00,0.00,0.00,0.00,0.00,0
8.30422,5,7,263,0,DRIVE [ 41 ] [ 1 ] [ 1828 1885 1902 ] [    0    0    0 ] [      0      0      0 ] [ 0 ],drive [ 40 ] [ 0 ] [ 1828 1884 1902 ] [   14   17    2 ] [   9164   5950   9885 ] [ 0 ],1.00,1.00,1.00,1.00,4.67,7.48,0.00,0.00,0.00,0.00,0.00,0.00,-0.00,0.00,0.00,0.00,0.00,0.00,0.00,0.00,0.00,0
8.31642,5,7,263,0,DRIVE [ 41 ] [ 1 ] [ 1828 1885 1902 ] [    0    0    0 ] [      0      0      0 ] [ 0 ],drive [ 41 ] [ 0 ] [ 1828 1885 1902 ] [   14   16    2 ] [   9164   5950   9885 ] [ 0 ],1.00,1.00,1.00,1.00,4.60,7.45,0.00,0.00,0.00,0.00,0.00,0.00,-0.00,0.00,0.00,0.00,0.00,0.00,0.00,0.00,0.00,0
8.32858,5,7,263,0,DRIVE [ 42 ] [ 1 ] [ 1829 1885 1902 ] [    0    0    0 ] [      0      0      0 ] [ 0 ],drive [ 41 ] [ 0 ] [ 1828 1885 1902 ] [   14   16    2 ] [   9164   5950   9885 ] [ 0 ],1.00,1.00,1.00,1.00,4.56,7.43,0.00,0.00,0.00,0.00,0.00,0.00,-0.00,0.00,0.00,0.00,0.00,0.00,0.00,0.00,0.00,0
8.34153,5,7,264,0,DRIVE [ 42 ] [ 1 ] [ 1829 1885 1902 ] [    0    0    0 ] [      0      0      0 ] [ 0 ],drive [ 42 ] [ 0 ] [ 1829 1885 1902 ] [   14   16    2 ] [   9164   5950   9885 ] [ 0 ],1.00,1.00,1.00,1.00,4.60,7.37,0.00,0.00,0.00,0.00,0.00,0.00,-0.00,0.00,0.00,0.00,0.00,0.00,0.00,0.00,0.00,0
8.35714,5,7,264,0,DRIVE [ 43 ] [ 1 ] [ 1828 1886 1902 ] [    0    0    0 ] [      0      0      0 ] [ 0 ],drive [ 42 ] [ 0 ] [ 1829 1885 1902 ] [   14   16    2 ] [   9164   5950   9885 ] [ 0 ],1.00,1.00,1.00,1.00,4.67,7.29,0.00,0.00,0.00,0.00,0.00,0.00,-0.00,0.00,0.00,0.00,0.00,0.00,0.00,0.00,0.00,0
8.36932,5,7,263,0,DRIVE [ 43 ] [ 1 ] [ 1828 1886 1902 ] [    0    0    0 ] [      0      0      0 ] [ 0 ],drive [ 43 ] [ 0 ] [ 1828 1886 1902 ] [   13   16    2 ] [   9164   5950   9885 ] [ 0 ],1.00,1.00,1.00,1.00,4.75,7.21,0.00,0.00,0.00,0.00,0.00,0.00,-0.00,0.00,0.00,0.00,0.00,0.00,0.00,0.00,0.00,0
8.38125,5,7,262,0,DRIVE [ 44 ] [ 1 ] [ 1827 1887 1902 ] [    0    0    0 ] [      0      0      0 ] [ 0 ],drive [ 43 ] [ 0 ] [ 1828 1886 1902 ] [   13   16    2 ] [   9164   5950   9885 ] [ 0 ],1.00,1.00,1.00,1.00,4.80,7.15,0.00,0.00,0.00,0.00,0.00,0.00,-0.00,0.00,0.00,0.00,0.00,0.00,0.00,0.00,0.00,0
8.39423,5,7,262,0,DRIVE [ 44 ] [ 1 ] [ 1827 1887 1902 ] [    0    0    0 ] [      0      0      0 ] [ 0 ],drive [ 44 ] [ 0 ] [ 1827 1887 1902 ] [   13   16    2 ] [   9164   5950   9885 ] [ 0 ],1.00,1.00,1.00,1.00,4.88,7.10,0.00,0.00,0.00,0.00,0.00,0.00,-0.00,0.00,0.00,0.00,0.00,0.00,0.00,0.00,0.00,0
8.40609,5,7,262,0,DRIVE [ 45 ] [ 1 ] [ 1827 1888 1902 ] [    0    0    0 ] [      0      0      0 ] [ 0 ],drive [ 44 ] [ 0 ] [ 1827 1887 1902 ] [   13   16    2 ] [   9164   5950   9885 ] [ 0 ],1.00,1.00,1.00,1.00,4.91,7.02,0.00,0.00,0.00,0.00,0.00,0.00,-0.00,0.00,0.00,0.00,0.00,0.00,0.00,0.00,0.00,0
8.41831,5,7,262,0,DRIVE [ 45 ] [ 1 ] [ 1827 1888 1902 ] [    0    0    0 ] [      0      0      0 ] [ 0 ],drive [ 45 ] [ 0 ] [ 1827 1888 1902 ] [   14   17    2 ] [   9164   5950   9885 ] [ 0 ],1.00,1.00,1.00,1.00,4.92,6.97,0.00,0.00,0.00,0.00,0.00,0.00,-0.00,0.00,0.00,0.00,0.00,0.00,0.00,0.00,0.00,0
8.43033,5,7,262,0,DRIVE [ 46 ] [ 1 ] [ 1826 1888 1902 ] [    0    0    0 ] [      0      0      0 ] [ 0 ],drive [ 45 ] [ 0 ] [ 1827 1888 1902 ] [   14   17    2 ] [   9164   5950   9885 ] [ 0 ],1.00,1.00,1.00,1.00,4.98,6.98,0.00,0.00,0.00,0.00,0.00,0.00,-0.00,0.00,0.00,0.00,0.00,0.00,0.00,0.00,0.00,0
8.44229,5,7,262,0,DRIVE [ 46 ] [ 1 ] [ 1825 1889 1902 ] [    0    0    0 ] [      0      0      0 ] [ 0 ],drive [ 46 ] [ 0 ] [ 1826 1888 1902 ] [   14   17    2 ] [   9164   5950   9885 ] [ 0 ],1.00,1.00,1.00,1.00,5.09,6.95,0.00,0.00,0.00,0.00,0.00,0.00,-0.00,0.00,0.00,0.00,0.00,0.00,0.00,0.00,0.00,0
8.45401,5,7,263,0,DRIVE [ 47 ] [ 1 ] [ 1824 1889 1902 ] [    0    0    0 ] [      0      0      0 ] [ 0 ],drive [ 46 ] [ 0 ] [ 1825 1889 1902 ] [   14   17    2 ] [   9164   5950   9885 ] [ 0 ],1.00,1.00,1.00,1.00,5.16,7.05,0.00,0.00,0.00,0.00,0.00,0.00,-0.00,0.00,0.00,0.00,0.00,0.00,0.00,0.00,0.00,0
8.46628,5,7,263,0,DRIVE [ 47 ] [ 1 ] [ 1824 1888 1902 ] [    0    0    0 ] [      0      0      0 ] [ 0 ],drive [ 47 ] [ 0 ] [ 1824 1889 1902 ] [   14   17    2 ] [   9164   5950   9885 ] [ 0 ],1.00,1.00,1.00,1.00,5.21,7.14,0.00,0.00,0.00,0.00,0.00,0.00,-0.00,0.00,0.00,0.00,0.00,0.00,0.00,0.00,0.00,0
8.48033,5,7,264,0,DRIVE [ 48 ] [ 1 ] [ 1823 1889 1902 ] [    0    0    0 ] [      0      0      0 ] [ 0 ],drive [ 47 ] [ 0 ] [ 1824 1888 1902 ] [   14   17    2 ] [   9164   5950   9885 ] [ 0 ],1.00,1.00,1.00,1.00,5.31,7.15,0.00,0.00,0.00,0.00,0.00,0.00,-0.00,0.00,0.00,0.00,0.00,0.00,0.00,0.00,0.00,0
8.49262,5,7,263,0,DRIVE [ 48 ] [ 1 ] [ 1821 1889 1902 ] [    0    0    0 ] [      0      0      0 ] [ 0 ],drive [ 48 ] [ 0 ] [ 1823 1889 1902 ] [   14   17    2 ] [   9164   5950   9885 ] [ 0 ],1.00,1.00,1.00,1.00,5.42,7.13,0.00,0.00,0.00,0.00,0.00,0.00,-0.00,0.00,0.00,0.00,0.00,0.00,0.00,0.00,0.00,0
8.50579,5,7,262,0,DRIVE [ 49 ] [ 1 ] [ 1821 1889 1902 ] [    0    0    0 ] [      0      0      0 ] [ 0 ],drive [ 48 ] [ 0 ] [ 1821 1889 1902 ] [   14   17    2 ] [   9164   5950   9885 ] [ 0 ],1.00,1.00,1.00,1.00,5.49,7.10,0.00,0.00,0.00,0.00,0.00,0.00,-0.00,0.00,0.00,0.00,0.00,0.00,0.00,0.00,0.00,0
8.51762,6,7,262,0,DRIVE [ 49 ] [ 1 ] [ 1820 1890 1902 ] [    0    0    0 ] [      0      0      0 ] [ 0 ],drive [ 49 ] [ 0 ] [ 1821 1889 1902 ] [   14   17    2 ] [   9164   5950   9885 ] [ 0 ],1.00,1.00,1.00,1.00,5.57,7.12,0.00,0.00,0.00,0.00,0.00,0.00,-0.00,0.00,0.00,0.00,0.00,0.00,0.00,0.00,0.00,0
8.53185,6,7,262,0,DRIVE [ 50 ] [ 1 ] [ 1819 1889 1902 ] [    0    0    0 ] [      0      0      0 ] [ 0 ],drive [ 49 ] [ 0 ] [ 1820 1890 1902 ] [   14   17    2 ] [   9164   5950   9885 ] [ 0 ],1.00,1.00,1.00,1.00,5.57,7.24,0.00,0.00,0.00,0.00,0.00,0.00,-0.00,0.00,0.00,0.00,0.00,0.00,0.00,0.00,0.00,0
8.54394,6,7,262,0,DRIVE [ 50 ] [ 1 ] [ 1819 1889 1902 ] [    0    0    0 ] [      0      0      0 ] [ 0 ],drive [ 50 ] [ 0 ] [ 1819 1889 1902 ] [   14   17    2 ] [   9165   5950   9885 ] [ 0 ],1.00,1.00,1.00,1.00,5.58,7.29,0.00,0.00,0.00,0.00,0.00,0.00,-0.00,0.00,0.00,0.00,0.00,0.00,0.00,0.00,0.00,0
8.55582,6,7,263,0,DRIVE [ 51 ] [ 1 ] [ 1819 1888 1902 ] [    0    0    0 ] [      0      0      0 ] [ 0 ],drive [ 50 ] [ 0 ] [ 1819 1889 1902 ] [   14   17    2 ] [   9165   5950   9885 ] [ 0 ],1.00,1.00,1.00,1.00,5.57,7.36,0.00,0.00,0.00,0.00,0.00,0.00,-0.00,0.00,0.00,0.00,0.00,0.00,0.00,0.00,0.00,0
8.56755,6,7,263,0,DRIVE [ 51 ] [ 1 ] [ 1819 1888 1902 ] [    0    0    0 ] [      0      0      0 ] [ 0 ],drive [ 51 ] [ 0 ] [ 1819 1888 1902 ] [   14   16    2 ] [   9165   5950   9885 ] [ 0 ],1.00,1.00,1.00,1.00,5.55,7.44,0.00,0.00,0.00,0.00,0.00,0.00,-0.00,0.00,0.00,0.00,0.00,0.00,0.00,0.00,0.00,0
8.57989,6,8,263,0,DRIVE [ 52 ] [ 1 ] [ 1819 1888 1902 ] [    0    0    0 ] [      0      0      0 ] [ 0 ],drive [ 51 ] [ 0 ] [ 1819 1888 1902 ] [   14   16    2 ] [   9165   5950   9885 ] [ 0 ],1.00,1.00,1.00,1.00,5.54,7.53,0.00,0.00,0.00,0.00,0.00,0.00,-0.00,0.00,0.00,0.00,0.00,0.00,0.00,0.00,0.00,0
8.59173,6,8,264,0,DRIVE [ 52 ] [ 1 ] [ 1818 1887 1902 ] [    0    0    0 ] [      0      0      0 ] [ 0 ],drive [ 52 ] [ 0 ] [ 1819 1888 1902 ] [   14   16    2 ] [   9165   5950   9885 ] [ 0 ],1.00,1.00,1.00,1.00,5.58,7.64,0.00,0.00,0.00,0.00,0.00,0.00,-0.00,0.00,0.00,0.00,0.00,0.00,0.00,0.00,0.00,0
8.60394,6,8,265,0,DRIVE [ 53 ] [ 1 ] [ 1818 1887 1902 ] [    0    0    0 ] [      0      0      0 ] [ 0 ],drive [ 52 ] [ 0 ] [ 1818 1887 1902 ] [   14   16    2 ] [   9165   5950   9885 ] [ 0 ],1.00,1.00,1.00,1.00,5.61,7.71,0.00,0.00,0.00,0.00,0.00,0.00,-0.00,0.00,0.00,0.00,0.00,0.00,0.00,0.00,0.00,0
8.61604,6,8,264,0,DRIVE [ 53 ] [ 1 ] [ 1817 1887 1902 ] [    0    0    0 ] [      0      0      0 ] [ 0 ],drive [ 53 ] [ 0 ] [ 1818 1887 1902 ] [   14   16    2 ] [   9165   5950   9885 ] [ 0 ],1.00,1.00,1.00,1.00,5.65,7.73,0.00,0.00,0.00,0.00,0.00,0.00,-0.00,0.00,0.00,0.00,0.00,0.00,0.00,0.00,0.00,0
8.62813,6,8,264,0,DRIVE [ 54 ] [ 1 ] [ 1817 1886 1902 ] [    0    0    0 ] [      0      0      0 ] [ 0 ],drive [ 53 ] [ 0 ] [ 1817 1887 1902 ] [   14   16    2 ] [   9165   5950   9885 ] [ 0 ],1.00,1.00,1.00,1.00,5.55,7.91,0.00,0.00,0.00,0.00,0.00,0.00,-0.00,0.00,0.00,0.00,0.00,0.00,0.00,0.00,0.00,0
8.64007,5,8,264,0,DRIVE [ 54 ] [ 1 ] [ 1818 1885 1902 ] [    0    0    0 ] [      0      0      0 ] [ 0 ],drive [ 54 ] [ 0 ] [ 1817 1886 1902 ] [   14   16    2 ] [   9165   5950   9885 ] [ 0 ],1.00,1.00,1.00,1.00,5.46,8.09,0.00,0.00,0.00,0.00,0.00,0.00,-0.00,0.00,0.00,0.00,0.00,0.00,0.00,0.00,0.00,0
8.65171,5,8,263,0,DRIVE [ 55 ] [ 1 ] [ 1817 1884 1902 ] [    0    0    0 ] [      0      0      0 ] [ 0 ],drive [ 54 ] [ 0 ] [ 1818 1885 1902 ] [   14   16    2 ] [   9165   5950   9885 ] [ 0 ],1.00,1.00,1.00,1.00,5.39,8.23,0.00,0.00,0.00,0.00,0.00,0.00,-0.00,0.00,0.00,0.00,0.00,0.00,0.00,0.00,0.00,0
8.66385,5,8,264,0,DRIVE [ 55 ] [ 1 ] [ 1817 1883 1902 ] [    0    0    0 ] [      0      0      0 ] [ 0 ],drive [ 55 ] [ 0 ] [ 1817 1884 1902 ] [   14   17    1 ] [   9165   5950   9885 ] [ 0 ],1.00,1.00,1.00,1.00,5.36,8.35,0.00,0.00,0.00,0.00,0.00,0.00,-0.00,0.00,0.00,0.00,0.00,0.00,0.00,0.00,0.00,0
8.6759,5,8,263,0,DRIVE [ 56 ] [ 1 ] [ 1817 1882 1902 ] [    0    0    0 ] [      0      0      0 ] [ 0 ],drive [ 55 ] [ 0 ] [ 1817 1883 1902 ] [   14   17    1 ] [   9165   5950   9885 ] [ 0 ],1.00,1.00,1.00,1.00,5.31,8.43,0.00,0.00,0.00,0.00,0.00,0.00,-0.00,0.00,0.00,0.00,0.00,0.00,0.00,0.00,0.00,0
8.68871,5,8,263,0,DRIVE [ 56 ] [ 1 ] [ 1817 1882 1902 ] [    0    0    0 ] [      0      0      0 ] [ 0 ],drive [ 56 ] [ 0 ] [ 1817 1882 1902 ] [   14   17    1 ] [   9165   5950   9885 ] [ 0 ],1.00,1.00,1.00,1.00,5.29,8.49,0.00,0.00,0.00,0.00,0.00,0.00,-0.00,0.00,0.00,0.00,0.00,0.00,0.00,0.00,0.00,0
8.70028,5,9,263,0,DRIVE [ 57 ] [ 1 ] [ 1817 1881 1902 ] [    0    0    0 ] [      0      0      0 ] [ 0 ],drive [ 56 ] [ 0 ] [ 1817 1882 1902 ] [   14   17    1 ] [   9165   5950   9885 ] [ 0 ],1.00,1.00,1.00,1.00,5.26,8.54,0.00,0.00,0.00,0.00,0.00,0.00,-0.00,0.00,0.00,0.00,0.00,0.00,0.00,0.00,0.00,0
8.71226,5,9,263,0,DRIVE [ 57 ] [ 1 ] [ 1817 1881 1902 ] [    0    0    0 ] [      0      0      0 ] [ 0 ],drive [ 57 ] [ 0 ] [ 1817 1881 1902 ] [   14   16    2 ] [   9165   5950   9885 ] [ 0 ],1.00,1.00,1.00,1.00,5.24,8.61,0.00,0.00,0.00,0.00,0.00,0.00,-0.00,0.00,0.00,0.00,0.00,0.00,0.00,0.00,0.00,0
8.72425,5,9,263,0,DRIVE [ 58 ] [ 1 ] [ 1817 1881 1902 ] [    0    0    0 ] [      0      0      0 ] [ 0 ],drive [ 57 ] [ 0 ] [ 1817 1881 1902 ] [   14   16    2 ] [   9165   5950   9885 ] [ 0 ],1.00,1.00,1.00,1.00,5.23,8.66,0.00,0.00,0.00,0.00,0.00,0.00,-0.00,0.00,0.00,0.00,0.00,0.00,0.00,0.00,0.00,0
8.73679,5,9,263,0,DRIVE [ 58 ] [ 1 ] [ 1817 1880 1902 ] [    0    0    0 ] [      0      0      0 ] [ 0 ],drive [ 58 ] [ 0 ] [ 1817 1881 1902 ] [   14   16    2 ] [   9165   5950   9885 ] [ 0 ],1.00,1.00,1.00,1.00,5.21,8.70,0.00,0.00,0.00,0.00,0.00,0.00,-0.00,0.00,0.00,0.00,0.00,0.00,0.00,0.00,0.00,0
8.74934,5,9,264,0,DRIVE [ 59 ] [ 1 ] [ 1816 1880 1902 ] [    0    0    0 ] [      0      0      0 ] [ 0 ],drive [ 58 ] [ 0 ] [ 1817 1880 1902 ] [   14   16    2 ] [   9165   5950   9885 ] [ 0 ],1.00,1.00,1.00,1.00,5.27,8.83,0.00,0.00,0.00,0.00,0.00,0.00,-0.00,0.00,0.00,0.00,0.00,0.00,0.00,0.00,0.00,0
8.76154,5,9,265,0,DRIVE [ 59 ] [ 1 ] [ 1815 1880 1902 ] [    0    0    0 ] [      0      0      0 ] [ 0 ],drive [ 59 ] [ 0 ] [ 1816 1880 1902 ] [   14   17    2 ] [   9165   5950   9885 ] [ 0 ],1.00,1.00,1.00,1.00,5.31,8.92,0.00,0.00,0.00,0.00,0.00,0.00,-0.00,0.00,0.00,0.00,0.00,0.00,0.00,0.00,0.00,0
8.77351,5,9,264,0,DRIVE [ 60 ] [ 1 ] [ 1815 1879 1902 ] [    0    0    0 ] [      0      0      0 ] [ 0 ],drive [ 59 ] [ 0 ] [ 1815 1880 1902 ] [   14   17    2 ] [   9165   5950   9885 ] [ 0 ],1.00,1.00,1.00,1.00,5.30,9.03,0.00,0.00,0.00,0.00,0.00,0.00,-0.00,0.00,0.00,0.00,0.00,0.00,0.00,0.00,0.00,0
8.78661,5,9,265,0,DRIVE [ 60 ] [ 1 ] [ 1815 1879 1902 ] [    0    0    0 ] [      0      0      0 ] [ 0 ],drive [ 60 ] [ 0 ] [ 1815 1879 1902 ] [   14   17    2 ] [   9165   5950   9885 ] [ 0 ],1.00,1.00,1.00,1.00,5.32,9.09,0.00,0.00,0.00,0.00,0.00,0.00,-0.00,0.00,0.00,0.00,0.00,0.00,0.00,0.00,0.00,0
8.79909,5,9,265,0,DRIVE [ 61 ] [ 1 ] [ 1814 1879 1902 ] [    0    0    0 ] [      0      0      0 ] [ 0 ],drive [ 60 ] [ 0 ] [ 1815 1879 1902 ] [   14   17    2 ] [   9165   5950   9885 ] [ 0 ],1.00,1.00,1.00,1.00,5.32,9.16,0.00,0.00,0.00,0.00,0.00,0.00,-0.00,0.00,0.00,0.00,0.00,0.00,0.00,0.00,0.00,0
8.81089,5,9,264,0,DRIVE [ 61 ] [ 1 ] [ 1813 1879 1902 ] [    0    0    0 ] [      0      0      0 ] [ 0 ],drive [ 61 ] [ 0 ] [ 1814 1879 1902 ] [   14   18    2 ] [   9165   5950   9885 ] [ 0 ],1.00,1.00,1.00,1.00,5.38,9.20,0.00,0.00,0.00,0.00,0.00,0.00,-0.00,0.00,0.00,0.00,0.00,0.00,0.00,0.00,0.00,0
8.82306,5,9,264,0,DRIVE [ 62 ] [ 1 ] [ 1812 1878 1902 ] [    0    0    0 ] [      0      0      0 ] [ 0 ],drive [ 61 ] [ 0 ] [ 1813 1879 1902 ] [   14   18    2 ] [   9165   5950   9885 ] [ 0 ],1.00,1.00,1.00,1.00,5.47,9.29,0.00,0.00,0.00,0.00,0.00,0.00,-0.00,0.00,0.00,0.00,0.00,0.00,0.00,0.00,0.00,0
8.83482,6,9,263,0,DRIVE [ 62 ] [ 1 ] [ 1811 1878 1902 ] [    0    0    0 ] [      0      0      0 ] [ 0 ],drive [ 62 ] [ 0 ] [ 1812 1878 1902 ] [   14   18    2 ] [   9165   5950   9885 ] [ 0 ],1.00,1.00,1.00,1.00,5.52,9.32,0.00,0.00,0.00,0.00,0.00,0.00,-0.00,0.00,0.00,0.00,0.00,0.00,0.00,0.00,0.00,0
8.84695,6,9,263,0,DRIVE [ 63 ] [ 1 ] [ 1810 1879 1902 ] [    0    0    0 ] [      0      0      0 ] [ 0 ],drive [ 62 ] [ 0 ] [ 1811 1878 1902 ] [   14   18    2 ] [   9165   5956   9885 ] [ 0 ],1.00,1.00,1.00,1.00,5.64,9.31,0.00,0.00,0.00,0.00,0.00,0.00,-0.00,0.00,0.00,0.00,0.00,0.00,0.00,0.00,0.00,0
8.85966,6,9,263,0,DRIVE [ 63 ] [ 1 ] [ 1810 1880 1902 ] [    0    0    0 ] [      0      0      0 ] [ 0 ],drive [ 63 ] [ 0 ] [ 1810 1879 1902 ] [   15   14    2 ] [   9165   5956   9885 ] [ 0 ],1.00,1.00,1.00,1.00,5.75,9.16,0.00,0.00,0.00,0.00,0.00,0.00,-0.00,0.00,0.00,0.00,0.00,0.00,0.00,0.00,0.00,0
8.87097,6,9,263,0,DRIVE [ 64 ] [ 1 ] [ 1808 1881 1902 ] [    0    0    0 ] [      0      0      0 ] [ 0 ],drive [ 63 ] [ 0 ] [ 1810 1880 1902 ] [   15   14    2 ] [   9165   5956   9885 ] [ 0 ],1.00,1.00,1.00,1.00,5.89,9.14,0.00,0.00,0.00,0.00,0.00,0.00,-0.00,0.00,0.00,0.00,0.00,0.00,0.00,0.00,0.00,0
8.883,6,9,263,0,DRIVE [ 64 ] [ 1 ] [ 1807 1881 1902 ] [    0    0    0 ] [      0      0      0 ] [ 0 ],drive [ 64 ] [ 0 ] [ 1808 1881 1902 ] [   15   14    2 ] [   9165   5956   9885 ] [ 0 ],1.00,1.00,1.00,1.00,5.97,9.19,0.00,0.00,0.00,0.00,0.00,0.00,-0.00,0.00,0.00,0.00,0.00,0.00,0.00,0.00,0.00,0
8.89488,6,9,263,0,DRIVE [ 65 ] [ 1 ] [ 1807 1881 1902 ] [    0    0    0 ] [      0      0      0 ] [ 0 ],drive [ 64 ] [ 0 ] [ 1807 1881 1902 ] [   15   14    2 ] [   9166   5956   9885 ] [ 0 ],1.00,1.00,1.00,1.00,6.07,9.21,0.00,0.00,0.00,0.00,0.00,0.00,-0.00,0.00,0.00,0.00,0.00,0.00,0.00,0.00,0.00,0
8.90696,6,9,264,0,DRIVE [ 65 ] [ 1 ] [ 1806 1882 1902 ] [    0    0    0 ] [      0      0      0 ] [ 0 ],drive [ 65 ] [ 0 ] [ 1807 1881 1902 ] [   15   14    2 ] [   9166   5956   9885 ] [ 0 ],1.00,1.00,1.00,1.00,6.15,9.18,0.00,0.00,0.00,0.00,0.00,0.00,-0.00,0.00,0.00,0.00,0.00,0.00,0.00,0.00,0.00,0
8.91864,6,9,264,0,DRIVE [ 66 ] [ 1 ] [ 1806 1882 1902 ] [    0    0    0 ] [      0      0      0 ] [ 0 ],drive [ 65 ] [ 0 ] [ 1806 1882 1902 ] [   14   14    2 ] [   9166   5956   9885 ] [ 0 ],1.00,1.00,1.00,1.00,6.23,9.15,0.00,0.00,0.00,0.00,0.00,0.00,-0.00,0.00,0.00,0.00,0.00,0.00,0.00,0.00,0.00,0
8.93171,6,9,264,0,DRIVE [ 66 ] [ 1 ] [ 1805 1883 1902 ] [    0    0    0 ] [      0      0      0 ] [ 0 ],drive [ 66 ] [ 0 ] [ 1806 1882 1902 ] [   14   14    2 ] [   9166   5956   9885 ] [ 0 ],1.00,1.00,1.00,1.00,6.32,9.06,0.00,0.00,0.00,0.00,0.00,0.00,-0.00,0.00,0.00,0.00,0.00,0.00,0.00,0.00,0.00,0
8.94367,6,9,264,0,DRIVE [ 67 ] [ 1 ] [ 1805 1883 1902 ] [    0    0    0 ] [      0      0      0 ] [ 0 ],drive [ 66 ] [ 0 ] [ 1805 1883 1902 ] [   14   14    2 ] [   9166   5956   9885 ] [ 0 ],1.00,1.00,1.00,1.00,6.29,9.07,0.00,0.00,0.00,0.00,0.00,0.00,-0.00,0.00,0.00,0.00,0.00,0.00,0.00,0.00,0.00,0
8.95587,6,9,264,0,DRIVE [ 67 ] [ 1 ] [ 1805 1882 1902 ] [    0    0    0 ] [      0      0      0 ] [ 0 ],drive [ 67 ] [ 0 ] [ 1805 1883 1902 ] [   14   14    2 ] [   9166   5956   9885 ] [ 0 ],1.00,1.00,1.00,1.00,6.25,9.08,0.00,0.00,0.00,0.00,0.00,0.00,-0.00,0.00,0.00,0.00,0.00,0.00,0.00,0.00,0.00,0
8.96749,6,9,264,0,DRIVE [ 68 ] [ 1 ] [ 1806 1882 1902 ] [    0    0    0 ] [      0      0      0 ] [ 0 ],drive [ 67 ] [ 0 ] [ 1805 1882 1902 ] [   14   15    2 ] [   9166   5956   9885 ] [ 0 ],1.00,1.00,1.00,1.00,6.26,9.08,0.00,0.00,0.00,0.00,0.00,0.00,-0.00,0.00,0.00,0.00,0.00,0.00,0.00,0.00,0.00,0
8.97989,6,9,265,0,DRIVE [ 68 ] [ 1 ] [ 1805 1883 1902 ] [    0    0    0 ] [      0      0      0 ] [ 0 ],drive [ 68 ] [ 0 ] [ 1806 1882 1902 ] [   14   15    2 ] [   9166   5956   9885 ] [ 0 ],1.00,1.00,1.00,1.00,6.29,9.08,0.00,0.00,0.00,0.00,0.00,0.00,-0.00,0.00,0.00,0.00,0.00,0.00,0.00,0.00,0.00,0
8.993,6,9,264,0,DRIVE [ 69 ] [ 1 ] [ 1806 1883 1902 ] [    0    0    0 ] [      0      0      0 ] [ 0 ],drive [ 68 ] [ 0 ] [ 1805 1883 1902 ] [   14   15    2 ] [   9166   5956   9885 ] [ 0 ],1.00,1.00,1.00,1.00,6.24,8.98,0.00,0.00,0.00,0.00,0.00,0.00,-0.00,0.00,0.00,0.00,0.00,0.00,0.00,0.00,0.00,0
9.00455,6,9,263,0,DRIVE [ 69 ] [ 1 ] [ 1808 1884 1902 ] [    0    0    0 ] [      0      0      0 ] [ 0 ],drive [ 69 ] [ 0 ] [ 1806 1883 1902 ] [   14   15    2 ] [   9167   5956   9885 ] [ 0 ],1.00,1.00,1.00,1.00,6.16,8.79,0.00,0.00,0.00,0.00,0.00,0.00,0.00,0.00,0.00,0.00,0.00,0.00,0.00,0.00,0.00,0
9.01694,6,9,263,0,DRIVE [ 70 ] [ 1 ] [ 1809 1884 1902 ] [    0    0    0 ] [      0      0      0 ] [ 0 ],drive [ 69 ] [ 0 ] [ 1808 1884 1902 ] [   14   14    2 ] [   9167   5956   9885 ] [ 0 ],1.00,1.00,1.00,1.00,6.10,8.64,0.00,0.00,0.00,0.00,0.00,0.00,0.00,0.00,0.00,0.00,0.00,0.00,0.00,0.00,0.00,0
9.02896,6,9,263,0,DRIVE [ 70 ] [ 1 ] [ 1810 1884 1902 ] [    0    0    0 ] [      0      0      0 ] [ 0 ],drive [ 70 ] [ 0 ] [ 1809 1884 1902 ] [   14   14    2 ] [   9167   5956   9885 ] [ 0 ],1.00,1.00,1.00,1.00,6.02,8.54,0.00,0.00,0.00,0.00,0.00,0.00,0.00,0.00,0.00,0.00,0.00,0.00,-0.00,-0.00,0.00,0
9.04091,6,9,263,0,DRIVE [ 71 ] [ 1 ] [ 1811 1884 1902 ] [    0    0    0 ] [      0      0      0 ] [ 0 ],drive [ 70 ] [ 0 ] [ 1810 1884 1902 ] [   14   14    2 ] [   9167   5956   9885 ] [ 0 ],1.00,1.00,1.00,1.00,5.92,8.54,0.00,0.00,0.00,0.00,0.00,0.00,0.00,0.00,0.00,0.00,0.00,0.00,-0.00,-0.00,0.00,0
9.05305,6,9,263,0,DRIVE [ 71 ] [ 1 ] [ 1811 1883 1902 ] [    0    0    0 ] [      0      0      0 ] [ 0 ],drive [ 71 ] [ 0 ] [ 1811 1884 1902 ] [   14   14    2 ] [   9167   5956   9885 ] [ 0 ],1.00,1.00,1.00,1.00,5.84,8.56,0.00,0.00,0.00,0.00,0.00,0.00,0.00,0.00,0.00,0.00,0.00,0.00,-0.00,-0.00,0.00,0
9.06515,6,9,263,0,DRIVE [ 72 ] [ 1 ] [ 1812 1883 1902 ] [    0    0    0 ] [      0      0      0 ] [ 0 ],drive [ 71 ] [ 0 ] [ 1811 1883 1902 ] [   14   15    2 ] [   9167   5956   9885 ] [ 0 ],1.00,1.00,1.00,1.00,5.78,8.57,0.00,0.00,0.00,0.00,0.00,0.00,0.00,0.00,0.00,0.00,0.00,0.00,-0.00,-0.00,0.00,0
9.07722,6,9,263,0,DRIVE [ 72 ] [ 1 ] [ 1812 1883 1902 ] [    0    0    0 ] [      0      0      0 ] [ 0 ],drive [ 72 ] [ 0 ] [ 1812 1883 1902 ] [   14   15    2 ] [   9167   5956   9885 ] [ 0 ],1.00,1.00,1.00,1.00,5.74,8.59,0.00,0.00,0.00,0.00,0.00,0.00,0.00,0.00,0.00,0.00,0.00,0.00,-0.00,-0.00,0.00,0
9.08923,6,9,263,0,DRIVE [ 73 ] [ 1 ] [ 1813 1883 1902 ] [    0    0    0 ] [      0      0      0 ] [ 0 ],drive [ 72 ] [ 0 ] [ 1812 1883 1902 ] [   14   15    2 ] [   9167   5956   9885 ] [ 0 ],1.00,1.00,1.00,1.00,5.70,8.61,0.00,0.00,0.00,0.00,0.00,0.00,0.00,0.00,0.00,0.00,0.00,0.00,-0.00,-0.00,0.00,0
9.10121,6,9,263,0,DRIVE [ 73 ] [ 1 ] [ 1813 1883 1902 ] [    0    0    0 ] [      0      0      0 ] [ 0 ],drive [ 73 ] [ 0 ] [ 1813 1883 1902 ] [   14   15    2 ] [   9167   5956   9885 ] [ 0 ],1.00,1.00,1.00,1.00,5.67,8.62,0.00,0.00,0.00,0.00,0.00,0.00,0.00,0.00,0.00,0.00,0.00,0.00,-0.00,-0.00,0.00,0
9.11327,6,9,263,0,DRIVE [ 74 ] [ 1 ] [ 1813 1883 1902 ] [    0    0    0 ] [      0      0      0 ] [ 0 ],drive [ 73 ] [ 0 ] [ 1813 1883 1902 ] [   14   13    2 ] [   9167   5956   9885 ] [ 0 ],1.00,1.00,1.00,1.00,5.72,8.57,0.00,0.00,0.00,0.00,0.00,0.00,0.00,0.00,0.00,0.00,0.00,0.00,-0.00,-0.00,0.00,0
9.12643,6,9,264,0,DRIVE [ 74 ] [ 1 ] [ 1813 1883 1902 ] [    0    0    0 ] [      0      0      0 ] [ 0 ],drive [ 74 ] [ 0 ] [ 1813 1883 1902 ] [   14   13    2 ] [   9167   5956   9885 ] [ 0 ],1.00,1.00,1.00,1.00,5.77,8.54,0.00,0.00,0.00,0.00,0.00,0.00,0.00,0.00,0.00,0.00,0.00,0.00,-0.00,-0.00,0.00,0
9.13807,6,8,263,0,DRIVE [ 75 ] [ 1 ] [ 1812 1884 1902 ] [    0    0    0 ] [      0      0      0 ] [ 0 ],drive [ 74 ] [ 0 ] [ 1813 1883 1902 ] [   14   13    2 ] [   9167   5956   9885 ] [ 0 ],1.00,1.00,1.00,1.00,5.84,8.48,0.00,0.00,0.00,0.00,0.00,0.00,0.00,0.00,0.00,0.00,0.00,0.00,-0.00,-0.00,0.00,0
9.1503,6,9,263,0,DRIVE [ 75 ] [ 1 ] [ 1811 1884 1902 ] [    0    0    0 ] [      0      0      0 ] [ 0 ],drive [ 75 ] [ 0 ] [ 1812 1884 1902 ] [   14   13    2 ] [   9166   5956   9885 ] [ 0 ],1.00,1.00,1.00,1.00,5.88,8.56,0.00,0.00,0.00,0.00,0.00,0.00,0.00,0.00,0.00,0.00,0.00,0.00,-0.00,-0.00,0.00,0
9.16238,6,9,263,0,DRIVE [ 76 ] [ 1 ] [ 1810 1883 1902 ] [    0    0    0 ] [      0      0      0 ] [ 0 ],drive [ 75 ] [ 0 ] [ 1811 1884 1902 ] [   14   13    2 ] [   9166   5956   9885 ] [ 0 ],1.00,1.00,1.00,1.00,5.95,8.69,0.00,0.00,0.00,0.00,0.00,0.00,0.00,0.00,0.00,0.00,0.00,0.00,0.00,0.00,0.00,0
9.17429,6,9,264,0,DRIVE [ 76 ] [ 1 ] [ 1809 1883 1902 ] [    0    0    0 ] [      0      0      0 ] [ 0 ],drive [ 76 ] [ 0 ] [ 1810 1883 1902 ] [   14   13    2 ] [   9166   5956   9885 ] [ 0 ],1.00,1.00,1.00,1.00,6.05,8.75,0.00,0.00,0.00,0.00,0.00,0.00,0.00,0.00,0.00,0.00,0.00,0.00,0.00,0.00,0.00,0
9.18615,6,9,264,0,DRIVE [ 77 ] [ 1 ] [ 1808 1883 1902 ] [    0    0    0 ] [      0      0      0 ] [ 0 ],drive [ 76 ] [ 0 ] [ 1809 1883 1902 ] [   14   13    2 ] [   9166   5956   9885 ] [ 0 ],1.00,1.00,1.00,1.00,6.12,8.81,0.00,0.00,0.00,0.00,0.00,0.00,0.00,0.00,0.00,0.00,0.00,0.00,0.00,0.00,0.00,0
9.19835,6,9,264,0,DRIVE [ 77 ] [ 1 ] [ 1807 1884 1902 ] [    0    0    0 ] [      0      0      0 ] [ 0 ],drive [ 77 ] [ 0 ] [ 1808 1883 1902 ] [   14   13    2 ] [   9166   5956   9885 ] [ 0 ],1.00,1.00,1.00,1.00,6.26,8.78,0.00,0.00,0.00,0.00,0.00,0.00,0.00,0.00,0.00,0.00,0.00,0.00,0.00,0.00,0.00,0
9.21054,6,9,264,0,DRIVE [ 78 ] [ 1 ] [ 1806 1884 1902 ] [    0    0    0 ] [      0      0      0 ] [ 0 ],drive [ 77 ] [ 0 ] [ 1807 1884 1902 ] [   14   14    2 ] [   9166   5956   9885 ] [ 0 ],1.00,1.00,1.00,1.00,6.35,8.76,0.00,0.00,0.00,0.00,0.00,0.00,0.00,0.00,0.00,0.00,0.00,0.00,0.00,0.00,0.00,0
9.22253,6,9,264,0,DRIVE [ 78 ] [ 1 ] [ 1805 1884 1902 ] [    0    0    0 ] [      0      0      0 ] [ 0 ],drive [ 78 ] [ 0 ] [ 1806 1884 1902 ] [   14   14    2 ] [   9166   5956   9885 ] [ 0 ],1.00,1.00,1.00,1.00,6.39,8.85,0.00,0.00,0.00,0.00,0.00,0.00,0.00,0.00,0.00,0.00,0.00,0.00,0.00,0.00,0.00,0
9.23431,6,9,264,0,DRIVE [ 79 ] [ 1 ] [ 1805 1884 1902 ] [    0    0    0 ] [      0      0      0 ] [ 0 ],drive [ 78 ] [ 0 ] [ 1805 1884 1902 ] [   14   14    2 ] [   9166   5956   9885 ] [ 0 ],1.00,1.00,1.00,1.00,6.45,8.82,0.00,0.00,0.00,0.00,0.00,0.00,0.00,0.00,0.00,0.00,0.00,0.00,0.00,0.00,0.00,0
9.24664,6,9,264,0,DRIVE [ 79 ] [ 1 ] [ 1804 1884 1902 ] [    0    0    0 ] [      0      0      0 ] [ 0 ],drive [ 79 ] [ 0 ] [ 1805 1884 1902 ] [   14   14    2 ] [   9167   5956   9885 ] [ 0 ],1.00,1.00,1.00,1.00,6.45,8.89,0.00,0.00,0.00,0.00,0.00,0.00,0.00,0.00,0.00,0.00,0.00,0.00,0.00,0.00,0.00,0
9.2597,6,9,264,0,DRIVE [ 80 ] [ 1 ] [ 1804 1884 1902 ] [    0    0    0 ] [      0      0      0 ] [ 0 ],drive [ 79 ] [ 0 ] [ 1804 1884 1902 ] [   14   12    2 ] [   9167   5956   9885 ] [ 0 ],1.00,1.00,1.00,1.00,6.49,8.86,0.00,0.00,0.00,0.00,0.00,0.00,0.00,0.00,0.00,0.00,0.00,0.00,0.00,0.00,0.00,0
9.27145,6,9,263,0,DRIVE [ 80 ] [ 1 ] [ 1804 1884 1902 ] [    0    0    0 ] [      0      0      0 ] [ 0 ],drive [ 80 ] [ 0 ] [ 1804 1884 1902 ] [   14   12    2 ] [   9167   5956   9885 ] [ 0 ],1.00,1.00,1.00,1.00,6.48,8.86,0.00,0.00,0.00,0.00,0.00,0.00,0.00,0.00,0.00,0.00,0.00,0.00,0.00,0.00,0.00,0
9.28361,6,9,263,0,DRIVE [ 81 ] [ 1 ] [ 1804 1884 1902 ] [    0    0    0 ] [      0      0      0 ] [ 0 ],drive [ 80 ] [ 0 ] [ 1804 1884 1902 ] [   14   12    2 ] [   9167   5956   9885 ] [ 0 ],1.00,1.00,1.00,1.00,6.46,8.80,0.00,0.00,0.00,0.00,0.00,0.00,0.00,0.00,0.00,0.00,0.00,0.00,0.00,0.00,0.00,0
9.29559,6,9,263,0,DRIVE [ 81 ] [ 1 ] [ 1804 1885 1902 ] [    0    0    0 ] [      0      0      0 ] [ 0 ],drive [ 81 ] [ 0 ] [ 1804 1884 1902 ] [   14   12    2 ] [   9167   5956   9885 ] [ 0 ],1.00,1.00,1.00,1.00,6.49,8.80,0.00,0.00,0.00,0.00,0.00,0.00,0.00,0.00,0.00,0.00,0.00,0.00,0.00,0.00,0.00,0
9.30737,6,9,263,0,DRIVE [ 82 ] [ 1 ] [ 1805 1884 1902 ] [    0    0    0 ] [      0      0      0 ] [ 0 ],drive [ 81 ] [ 0 ] [ 1804 1885 1902 ] [   14   13    2 ] [   9167   5956   9885 ] [ 0 ],1.00,1.00,1.00,1.00,6.38,8.89,0.00,0.00,0.00,0.00,0.00,0.00,0.00,0.00,0.00,0.00,0.00,0.00,0.00,0.00,0.00,0
9.31893,6,9,264,0,DRIVE [ 82 ] [ 1 ] [ 1805 1883 1902 ] [    0    0    0 ] [      0      0      0 ] [ 0 ],drive [ 82 ] [ 0 ] [ 1805 1884 1902 ] [   14   13    2 ] [   9167   5956   9885 ] [ 0 ],1.00,1.00,1.00,1.00,6.33,8.94,0.00,0.00,0.00,0.00,0.00,0.00,0.00,0.00,0.00,0.00,0.00,0.00,0.00,0.00,0.00,0
9.33109,6,9,264,0,DRIVE [ 83 ] [ 1 ] [ 1806 1883 1902 ] [    0    0    0 ] [      0      0      0 ] [ 0 ],drive [ 82 ] [ 0 ] [ 1805 1883 1902 ] [   14   13    2 ] [   9167   5956   9885 ] [ 0 ],1.00,1.00,1.00,1.00,6.26,9.01,0.00,0.00,0.00,0.00,0.00,0.00,0.00,0.00,0.00,0.00,0.00,0.00,0.00,0.00,0.00,0
9.34278,6,9,264,0,DRIVE [ 83 ] [ 1 ] [ 1806 1882 1902 ] [    0    0    0 ] [      0      0      0 ] [ 0 ],drive [ 83 ] [ 0 ] [ 1806 1883 1902 ] [   14   13    2 ] [   9167   5956   9885 ] [ 0 ],1.00,1.00,1.00,1.00,6.23,9.06,0.00,0.00,0.00,0.00,0.00,0.00,0.00,0.00,0.00,0.00,0.00,0.00,0.00,0.00,0.00,0
9.3557,6,9,263,0,DRIVE [ 84 ] [ 1 ] [ 1806 1882 1902 ] [    0    0    0 ] [      0      0      0 ] [ 0 ],drive [ 83 ] [ 0 ] [ 1806 1882 1902 ] [   14   13    2 ] [   9167   5956   9885 ] [ 0 ],1.00,1.00,1.00,1.00,6.14,9.06,0.00,0.00,0.00,0.00,0.00,0.00,0.00,0.00,0.00,0.00,0.00,0.00,0.00,0.00,0.00,0
9.36737,6,9,263,0,DRIVE [ 84 ] [ 1 ] [ 1808 1882 1902 ] [    0    0    0 ] [      0      0      0 ] [ 0 ],drive [ 84 ] [ 0 ] [ 1806 1882 1902 ] [   14   14    2 ] [   9167   5956   9885 ] [ 0 ],1.00,1.00,1.00,1.00,6.06,8.98,0.00,0.00,0.00,0.00,0.00,0.00,0.00,0.00,0.00,0.00,0.00,0.00,0.00,0.00,0.00,0
9.37944,6,9,264,0,DRIVE [ 85 ] [ 1 ] [ 1809 1881 1902 ] [    0    0    0 ] [      0      0      0 ] [ 0 ],drive [ 84 ] [ 0 ] [ 1808 1882 1902 ] [   14   14    2 ] [   9167   5956   9885 ] [ 0 ],1.00,1.00,1.00,1.00,5.94,9.10,0.00,0.00,0.00,0.00,0.00,0.00,0.00,0.00,0.00,0.00,0.00,0.00,0.00,0.00,0.00,0
9.39125,6,9,264,0,DRIVE [ 85 ] [ 1 ] [ 1809 1881 1902 ] [    0    0    0 ] [      0      0      0 ] [ 0 ],drive [ 85 ] [ 0 ] [ 1809 1881 1902 ] [   14   14    2 ] [   9167   5956   9885 ] [ 0 ],1.00,1.00,1.00,1.00,5.87,9.19,0.00,0.00,0.00,0.00,0.00,0.00,0.00,0.00,0.00,0.00,0.00,0.00,0.00,0.00,0.00,0
9.40344,6,9,264,0,DRIVE [ 86 ] [ 1 ] [ 1809 1881 1902 ] [    0    0    0 ] [      0      0      0 ] [ 0 ],drive [ 85 ] [ 0 ] [ 1809 1881 1902 ] [   14   14    2 ] [   9167   5956   9885 ] [ 0 ],1.00,1.00,1.00,1.00,5.89,9.17,0.00,0.00,0.00,0.00,0.00,0.00,0.00,0.00,0.00,0.00,0.00,0.00,0.00,0.00,0.00,0
9.41572,6,9,263,0,DRIVE [ 86 ] [ 1 ] [ 1808 1881 1902 ] [    0    0    0 ] [      0      0      0 ] [ 0 ],drive [ 86 ] [ 0 ] [ 1809 1881 1902 ] [   14   14    2 ] [   9167   5956   9885 ] [ 0 ],1.00,1.00,1.00,1.00,5.91,9.16,0.00,0.00,0.00,0.00,0.00,0.00,0.00,0.00,0.00,0.00,0.00,0.00,0.00,0.00,0.00,0
9.42784,6,9,263,0,DRIVE [ 87 ] [ 1 ] [ 1808 1881 1902 ] [    0    0    0 ] [      0      0      0 ] [ 0 ],drive [ 86 ] [ 0 ] [ 1808 1881 1902 ] [   14   14    2 ] [   9167   5956   9885 ] [ 0 ],1.00,1.00,1.00,1.00,5.92,9.15,0.00,0.00,0.00,0.00,0.00,0.00,0.00,0.00,0.00,0.00,0.00,0.00,0.00,0.00,0.00,0
9.43991,6,9,263,0,DRIVE [ 87 ] [ 1 ] [ 1808 1881 1902 ] [    0    0    0 ] [      0      0      0 ] [ 0 ],drive [ 87 ] [ 0 ] [ 1808 1881 1902 ] [   14   14    2 ] [   9167   5956   9885 ] [ 0 ],1.00,1.00,1.00,1.00,5.93,9.14,0.00,0.00,0.00,0.00,0.00,0.00,0.00,0.00,0.00,0.00,0.00,0.00,0.00,0.00,0.00,0
9.45137,6,9,263,0,DRIVE [ 88 ] [ 1 ] [ 1807 1881 1902 ] [    0    0    0 ] [      0      0      0 ] [ 0 ],drive [ 87 ] [ 0 ] [ 1808 1881 1902 ] [   14   14    2 ] [   9167   5956   9885 ] [ 0 ],1.00,1.00,1.00,1.00,5.98,9.23,0.00,0.00,0.00,0.00,0.00,0.00,0.00,0.00,0.00,0.00,0.00,0.00,0.00,0.00,0.00,0
9.4634,6,9,264,0,DRIVE [ 88 ] [ 1 ] [ 1806 1881 1902 ] [    0    0    0 ] [      0      0      0 ] [ 0 ],drive [ 88 ] [ 0 ] [ 1807 1881 1902 ] [   14   14    2 ] [   9167   5956   9885 ] [ 0 ],1.00,1.00,1.00,1.00,6.05,9.32,0.00,0.00,0.00,0.00,0.00,0.00,0.00,0.00,0.00,0.00,0.00,0.00,0.00,0.00,0.00,0
9.47574,6,9,265,0,DRIVE [ 89 ] [ 1 ] [ 1804 1881 1902 ] [    0    0    0 ] [      0      0      0 ] [ 0 ],drive [ 88 ] [ 0 ] [ 1806 1881 1902 ] [   14   14    2 ] [   9167   5956   9885 ] [ 0 ],1.00,1.00,1.00,1.00,6.25,9.41,0.00,0.00,0.00,0.00,0.00,0.00,0.00,0.00,0.00,0.00,0.00,0.00,0.00,0.00,0.00,0
9.48889,7,9,265,0,DRIVE [ 89 ] [ 1 ] [ 1801 1882 1902 ] [    0    0    0 ] [      0      0      0 ] [ 0 ],drive [ 89 ] [ 0 ] [ 1804 1881 1902 ] [   14   14    2 ] [   9167   5956   9885 ] [ 0 ],1.00,1.00,1.00,1.00,6.55,9.48,0.00,0.00,0.00,0.00,0.00,0.00,0.00,0.00,0.00,0.00,0.00,0.00,0.00,0.00,0.00,0
9.50065,7,9,264,0,DRIVE [ 90 ] [ 1 ] [ 1798 1883 1902 ] [    0    0    0 ] [      0      0      0 ] [ 0 ],drive [ 89 ] [ 0 ] [ 1801 1882 1902 ] [   14   14    2 ] [   9166   5956   9885 ] [ 0 ],1.00,1.00,1.00,1.00,6.90,9.44,0.00,0.00,0.00,0.00,0.00,0.00,0.00,0.00,0.00,0.00,0.00,0.00,0.00,0.00,0.00,0
9.51272,7,10,264,0,DRIVE [ 90 ] [ 1 ] [ 1792 1884 1902 ] [    0    0    0 ] [      0      0      0 ] [ 0 ],drive [ 90 ] [ 0 ] [ 1798 1883 1902 ] [   15   13    2 ] [   9166   5956   9885 ] [ 0 ],1.00,1.00,1.00,1.00,7.40,9.61,0.00,0.00,0.00,0.00,0.00,0.00,0.00,0.00,0.00,0.00,0.00,0.00,0.00,0.00,0.00,0
9.52645,8,10,264,0,DRIVE [ 91 ] [ 1 ] [ 1786 1886 1902 ] [    0    0    0 ] [      0      0      0 ] [ 0 ],drive [ 90 ] [ 0 ] [ 1792 1884 1902 ] [   15   13    2 ] [   9166   5956   9885 ] [ 0 ],1.00,1.00,1.00,1.00,7.99,9.57,0.00,0.00,0.00,0.00,0.00,0.00,0.00,0.00,0.00,0.00,0.00,0.00,0.00,0.00,0.00,0
9.53823,9,10,263,0,DRIVE [ 91 ] [ 1 ] [ 1779 1887 1902 ] [    0    0    0 ] [      0      0      0 ] [ 0 ],drive [ 91 ] [ 0 ] [ 1786 1886 1902 ] [   15   13    2 ] [   9166   5956   9885 ] [ 0 ],1.00,1.00,1.00,1.00,8.57,9.71,0.00,0.00,0.00,0.00,0.00,0.00,0.00,0.00,0.00,0.00,0.00,0.00,0.00,0.00,0.00,0
9.55059,9,10,265,0,DRIVE [ 92 ] [ 1 ] [ 1771 1890 1902 ] [    0    0    0 ] [      0      0      0 ] [ 0 ],drive [ 91 ] [ 0 ] [ 1779 1887 1902 ] [   15   13    2 ] [   9167   5956   9885 ] [ 0 ],1.00,1.00,1.00,1.00,9.35,9.80,0.00,0.00,0.00,0.00,0.00,0.00,0.00,0.00,0.00,0.00,0.00,0.00,0.00,0.00,0.00,0
9.56483,10,10,264,0,DRIVE [ 92 ] [ 1 ] [ 1760 1893 1902 ] [    0    0    0 ] [      0      0      0 ] [ 0 ],drive [ 92 ] [ 0 ] [ 1771 1890 1902 ] [   15   14    2 ] [   9167   5956   9885 ] [ 0 ],1.00,1.00,1.00,1.00,10.25,9.84,0.00,0.00,0.00,0.00,0.00,0.00,0.00,0.00,0.00,0.00,0.00,0.00,0.00,0.00,0.00,0
9.5771,11,10,264,0,DRIVE [ 93 ] [ 1 ] [ 1750 1896 1902 ] [    0    0    0 ] [      0      0      0 ] [ 0 ],drive [ 92 ] [ 0 ] [ 1760 1893 1902 ] [   15   14    2 ] [   9167   5956   9885 ] [ 0 ],1.00,1.00,1.00,1.00,11.13,9.81,0.00,0.00,0.00,0.00,0.00,0.00,0.00,0.00,0.00,0.00,0.00,0.00,0.00,0.00,0.00,0
9.5893,12,10,264,0,DRIVE [ 93 ] [ 1 ] [ 1737 1900 1902 ] [    0    0    0 ] [      0      0      0 ] [ 0 ],drive [ 93 ] [ 0 ] [ 1750 1896 1902 ] [   15   14    2 ] [   9167   5956   9885 ] [ 0 ],1.00,1.00,1.00,1.00,12.26,9.72,0.00,0.00,0.00,0.00,0.00,0.00,0.00,0.00,0.00,0.00,0.00,0.00,0.00,0.00,0.00,0
9.6018,13,10,264,0,DRIVE [ 94 ] [ 1 ] [ 1723 1905 1902 ] [    0    0    0 ] [      0      0      0 ] [ 0 ],drive [ 93 ] [ 0 ] [ 1737 1900 1902 ] [   15   14    2 ] [   9169   5956   9885 ] [ 0 ],1.00,1.00,1.00,1.00,13.46,9.57,0.00,0.00,0.00,0.00,0.00,0.00,0.00,0.00,0.00,0.00,0.00,0.00,0.00,0.00,0.00,0
9.61333,15,9,264,0,DRIVE [ 94 ] [ 1 ] [ 1714 1905 1901 ] [    0    0    0 ] [      0      0      0 ] [ 0 ],drive [ 94 ] [ 0 ] [ 1723 1905 1902 ] [   18   14    2 ] [   9169   5956   9885 ] [ 0 ],1.00,1.00,1.00,1.00,14.85,9.42,0.00,0.00,0.00,0.00,0.00,0.00,0.00,0.00,0.00,0.00,0.00,0.00,0.00,0.00,0.00,0
9.62539,17,9,264,0,DRIVE [ 95 ] [ 1 ] [ 1704 1905 1893 ] [    0    0    0 ] [      0      0      0 ] [ 0 ],drive [ 94 ] [ 0 ] [ 1714 1905 1901 ] [   18   14    2 ] [   9169   5956   9885 ] [ 0 ],1.00,1.00,1.00,1.00,16.94,9.03,0.00,0.00,0.00,0.00,0.00,0.00,0.00,0.00,0.00,0.00,0.00,0.00,0.00,0.00,0.00,0
9.63716,19,9,264,0,DRIVE [ 95 ] [ 1 ] [ 1693 1905 1885 ] [    0    0    0 ] [      0      0      0 ] [ 0 ],drive [ 95 ] [ 0 ] [ 1704 1905 1893 ] [   18   14    2 ] [   9169   5956   9885 ] [ 0 ],1.00,1.00,1.00,1.00,19.07,8.56,0.00,0.00,0.00,0.00,0.00,0.00,0.00,0.00,0.00,0.00,0.00,0.00,0.00,0.00,0.00,0
9.64963,21,8,263,0,DRIVE [ 96 ] [ 1 ] [ 1682 1905 1876 ] [    0    0    0 ] [      0      0      0 ] [ 0 ],drive [ 95 ] [ 0 ] [ 1693 1905 1885 ] [   18   14    2 ] [   9178   5955   9885 ] [ 0 ],1.00,1.00,1.00,1.00,21.29,7.93,0.00,0.00,0.00,0.00,0.00,0.00,0.00,0.00,0.00,0.00,0.00,0.00,0.00,0.00,0.00,0
9.66204,23,7,263,0,DRIVE [ 96 ] [ 1 ] [ 1670 1905 1867 ] [    0    0    0 ] [      0      0      0 ] [ 0 ],drive [ 96 ] [ 0 ] [ 1682 1905 1876 ] [   20   13    3 ] [   9178   5955   9885 ] [ 0 ],1.00,1.00,1.00,1.00,23.49,7.40,0.00,0.00,0.00,0.00,0.00,0.00,0.00,0.00,0.00,0.00,0.00,0.00,0.00,0.00,0.00,0
9.67467,26,7,263,0,DRIVE [ 97 ] [ 1 ] [ 1657 1905 1857 ] [    0    0    0 ] [      0      0      0 ] [ 0 ],drive [ 96 ] [ 0 ] [ 1670 1905 1867 ] [   20   13    3 ] [   9178   5955   9885 ] [ 0 ],1.00,1.00,1.00,1.00,25.82,6.80,0.00,0.00,0.00,0.00,0.00,0.00,0.00,0.00,0.00,0.00,0.00,0.00,0.00,0.00,0.00,0
9.68637,28,6,262,0,DRIVE [ 97 ] [ 1 ] [ 1642 1905 1847 ] [    0    0    0 ] [      0      0      0 ] [ 0 ],drive [ 97 ] [ 0 ] [ 1657 1905 1857 ] [   20   13    3 ] [   9178   5955   9885 ] [ 0 ],1.00,1.00,1.00,1.00,28.14,6.18,0.00,0.00,0.00,0.00,0.00,0.00,0.00,0.00,0.00,0.00,0.00,0.00,0.00,0.00,0.00,0
9.69848,31,6,262,0,DRIVE [ 98 ] [ 1 ] [ 1627 1905 1836 ] [    0    0    0 ] [      0      0      0 ] [ 0 ],drive [ 97 ] [ 0 ] [ 1642 1905 1847 ] [   20   13    3 ] [   9191   5954   9886 ] [ 0 ],1.00,1.00,1.00,1.00,30.66,5.51,0.00,0.00,0.00,0.00,0.00,0.00,0.00,0.00,0.00,0.00,0.00,0.00,0.00,0.00,0.00,0
9.71073,33,5,263,0,DRIVE [ 98 ] [ 1 ] [ 1612 1905 1825 ] [    0    0    0 ] [      0      0      0 ] [ 0 ],drive [ 98 ] [ 0 ] [ 1627 1905 1836 ] [   24   13    6 ] [   9191   5954   9886 ] [ 0 ],1.00,1.00,1.00,1.00,33.34,4.77,0.00,0.00,0.00,0.00,0.00,0.00,0.00,0.00,0.00,0.00,0.00,0.00,0.00,0.00,0.00,0
9.72235,36,4,263,0,DRIVE [ 99 ] [ 1 ] [ 1596 1905 1814 ] [    0    0    0 ] [      0      0      0 ] [ 0 ],drive [ 98 ] [ 0 ] [ 1612 1905 1825 ] [   24   13    6 ] [   9191   5954   9886 ] [ 0 ],1.00,1.00,1.00,1.00,36.03,4.09,0.00,0.00,0.00,0.00,0.00,0.00,0.00,0.00,0.00,0.00,0.00,0.00,0.00,0.00,0.00,0
9.73491,39,3,264,0,DRIVE [ 99 ] [ 1 ] [ 1579 1905 1802 ] [    0    0    0 ] [      0      0      0 ] [ 0 ],drive [ 99 ] [ 0 ] [ 1596 1905 1814 ] [   24   13    6 ] [   9191   5954   9886 ] [ 0 ],1.00,1.00,1.00,1.00,38.81,3.32,0.00,0.00,0.00,0.00,0.00,0.00,0.00,0.00,0.00,0.00,0.00,0.00,0.00,0.00,0.00,0
9.74714,42,3,264,0,DRIVE [ 00 ] [ 1 ] [ 1562 1905 1789 ] [    0    0    0 ] [      0      0      0 ] [ 0 ],drive [ 99 ] [ 0 ] [ 1579 1905 1802 ] [   24   13    6 ] [   9202   5954   9891 ] [ 0 ],1.00,1.00,1.00,1.00,41.56,2.53,0.00,0.00,0.00,0.00,0.00,0.00,0.00,0.00,0.00,0.00,0.00,0.00,0.00,0.00,0.00,0
9.7593,44,2,264,0,DRIVE [ 00 ] [ 1 ] [ 1544 1905 1777 ] [    0    0    0 ] [      0      0      0 ] [ 0 ],drive [ 00 ] [ 0 ] [ 1562 1905 1789 ] [   46   12   16 ] [   9202   5954   9891 ] [ 0 ],1.00,1.00,1.00,1.00,44.40,1.78,0.00,0.00,0.00,0.00,0.00,0.00,0.00,0.00,0.00,0.00,0.00,0.00,0.00,0.00,0.00,0
9.77256,47,1,263,0,DRIVE [ 01 ] [ 1 ] [ 1526 1905 1764 ] [    0    0    0 ] [      0      0      0 ] [ 0 ],drive [ 00 ] [ 0 ] [ 1544 1905 1777 ] [   46   12   16 ] [   9202   5954   9891 ] [ 0 ],1.00,1.00,1.00,1.00,47.24,0.86,0.00,0.00,0.00,0.00,0.00,0.00,0.00,0.00,0.00,0.00,0.00,0.00,0.00,0.00,0.00,0
9.78437,50,0,264,0,DRIVE [ 01 ] [ 1 ] [ 1507 1905 1751 ] [    0    0    0 ] [      0      0      0 ] [ 0 ],drive [ 01 ] [ 0 ] [ 1526 1905 1764 ] [   46   12   16 ] [   9202   5954   9891 ] [ 0 ],1.00,1.00,1.00,1.00,50.25,0.08,0.00,0.00,0.00,0.00,0.00,0.00,0.00,0.00,0.00,0.00,0.00,0.00,0.00,0.00,0.00,0
9.79669,54,-1,262,0,DRIVE [ 02 ] [ 1 ] [ 1483 1905 1735 ] [    0    0    0 ] [      0      0      0 ] [ 0 ],drive [ 01 ] [ 0 ] [ 1507 1905 1751 ] [   46   12   16 ] [   9314   5954   9896 ] [ 0 ],1.00,1.00,1.00,1.00,53.76,-0.93,0.00,0.00,0.00,0.00,0.00,0.00,0.00,0.00,0.00,0.00,0.00,0.00,0.00,0.00,0.00,0
9.8089,57,-2,262,0,DRIVE [ 02 ] [ 1 ] [ 1463 1905 1719 ] [    0    0    0 ] [      0      0      0 ] [ 0 ],drive [ 02 ] [ 0 ] [ 1483 1905 1735 ] [   53   12   22 ] [   9314   5954   9896 ] [ 0 ],1.00,1.00,1.00,1.00,57.11,-2.05,0.00,0.00,0.00,0.00,0.00,0.00,0.00,0.00,0.00,0.00,0.00,0.00,0.00,0.00,0.00,0
9.82089,60,-3,263,0,DRIVE [ 03 ] [ 1 ] [ 1444 1905 1704 ] [    0    0    0 ] [      0      0      0 ] [ 0 ],drive [ 02 ] [ 0 ] [ 1463 1905 1719 ] [   53   12   22 ] [   9314   5954   9896 ] [ 0 ],1.00,1.00,1.00,1.00,60.23,-3.14,0.00,0.00,0.00,0.00,0.00,0.00,0.00,0.00,0.00,0.00,0.00,0.00,0.00,0.00,0.00,0
9.83335,63,-4,262,0,DRIVE [ 03 ] [ 1 ] [ 1427 1905 1691 ] [    0    0    0 ] [      0      0      0 ] [ 0 ],drive [ 03 ] [ 0 ] [ 1444 1905 1704 ] [   53   12   22 ] [   9314   5954   9896 ] [ 0 ],1.00,1.00,1.00,1.00,63.00,-4.02,0.00,0.00,0.00,0.00,0.00,0.00,0.00,0.00,0.00,0.00,0.00,0.00,0.00,0.00,0.00,0
9.84553,65,-5,261,0,DRIVE [ 04 ] [ 1 ] [ 1411 1905 1679 ] [    0    0    0 ] [      0      0      0 ] [ 0 ],drive [ 03 ] [ 0 ] [ 1427 1905 1691 ] [   53   12   22 ] [   9330   5954   9920 ] [ 0 ],1.00,1.00,1.00,1.00,65.34,-4.79,0.00,0.00,0.00,0.00,0.00,0.00,0.00,0.00,0.00,0.00,0.00,0.00,0.00,0.00,0.00,0
9.8577,67,-6,260,0,DRIVE [ 04 ] [ 1 ] [ 1396 1905 1668 ] [    0    0    0 ] [      0      0      0 ] [ 0 ],drive [ 04 ] [ 0 ] [ 1411 1905 1679 ] [   70   12   27 ] [   9330   5954   9920 ] [ 0 ],1.00,1.00,1.00,1.00,67.33,-5.52,0.00,0.00,0.00,0.00,0.00,0.00,0.00,0.00,0.00,0.00,0.00,0.00,0.00,0.00,0.00,0
9.86994,70,-6,260,0,DRIVE [ 05 ] [ 1 ] [ 1380 1905 1657 ] [    0    0    0 ] [      0      0      0 ] [ 0 ],drive [ 04 ] [ 0 ] [ 1396 1905 1668 ] [   70   12   27 ] [   9330   5954   9920 ] [ 0 ],1.00,1.00,1.00,1.00,69.96,-6.22,0.00,0.00,0.00,0.00,0.00,0.00,0.00,0.00,0.00,0.00,0.00,0.00,0.00,0.00,0.00,0
9.8822,72,-7,259,0,DRIVE [ 05 ] [ 1 ] [ 1365 1905 1648 ] [    0    0    0 ] [      0      0      0 ] [ 0 ],drive [ 05 ] [ 0 ] [ 1380 1905 1657 ] [   70   12   27 ] [   9330   5954   9920 ] [ 0 ],1.00,1.00,1.00,1.00,72.00,-6.77,0.00,0.00,0.00,0.00,0.00,0.00,0.00,0.00,0.00,0.00,0.00,0.00,0.00,0.00,0.00,0
9.8945,74,-7,259,0,DRIVE [ 06 ] [ 1 ] [ 1350 1905 1639 ] [    0    0    0 ] [      0      0      0 ] [ 0 ],drive [ 05 ] [ 0 ] [ 1365 1905 1648 ] [   70   12   27 ] [   9563   5944  10019 ] [ 0 ],1.00,1.00,1.00,1.00,74.26,-7.21,0.00,0.00,0.00,0.00,0.00,0.00,0.00,0.00,0.00,0.00,0.00,0.00,0.00,0.00,0.00,0
9.90695,76,-7,257,0,DRIVE [ 06 ] [ 1 ] [ 1336 1905 1632 ] [    0    0    0 ] [      0      0      0 ] [ 0 ],drive [ 06 ] [ 0 ] [ 1350 1905 1639 ] [   70   12   27 ] [   9563   5944  10019 ] [ 0 ],1.00,1.00,1.00,1.00,75.70,-7.39,0.00,0.00,0.00,0.00,0.00,0.00,0.00,0.00,0.00,0.00,0.00,0.00,0.00,0.00,0.00,0
9.91858,78,-8,258,0,DRIVE [ 07 ] [ 1 ] [ 1323 1905 1622 ] [    0    0    0 ] [      0      0      0 ] [ 0 ],drive [ 06 ] [ 0 ] [ 1336 1905 1632 ] [   69   17   40 ] [   9563   5944  10019 ] [ 0 ],1.00,1.00,1.00,1.00,77.88,-8.00,0.00,0.00,0.00,0.00,0.00,0.00,0.00,0.00,0.00,0.00,0.00,0.00,0.00,0.00,0.00,0
9.93097,80,-9,258,0,DRIVE [ 07 ] [ 1 ] [ 1312 1905 1614 ] [    0    0    0 ] [      0      0      0 ] [ 0 ],drive [ 07 ] [ 0 ] [ 1323 1905 1622 ] [   69   17   40 ] [   9563   5944  10019 ] [ 0 ],1.00,1.00,1.00,1.00,79.58,-8.58,0.00,0.00,0.00,0.00,0.00,0.00,0.00,0.00,0.00,0.00,0.00,0.00,0.00,0.00,0.00,0
9.94331,81,-9,257,0,DRIVE [ 08 ] [ 1 ] [ 1305 1905 1607 ] [    0    0    0 ] [      0      0      0 ] [ 0 ],drive [ 07 ] [ 0 ] [ 1312 1905 1614 ] [   69   17   40 ] [   9788   5942  10020 ] [ 0 ],1.00,1.00,1.00,1.00,80.73,-9.16,0.00,0.00,0.00,0.00,0.00,0.00,0.00,0.00,0.00,0.00,0.00,0.00,0.00,0.00,0.00,0
9.95576,82,-10,257,0,DRIVE [ 08 ] [ 1 ] [ 1299 1905 1600 ] [    0    0    0 ] [      0      0      0 ] [ 0 ],drive [ 08 ] [ 0 ] [ 1305 1905 1607 ] [   69   17   40 ] [   9788   5942  10020 ] [ 0 ],1.00,1.00,1.00,1.00,81.94,-9.78,0.00,0.00,0.00,0.00,0.00,0.00,0.00,0.00,0.00,0.00,0.00,0.00,0.00,0.00,0.00,0
9.96777,83,-10,257,0,DRIVE [ 09 ] [ 1 ] [ 1295 1905 1594 ] [    0    0    0 ] [      0      0      0 ] [ 0 ],drive [ 08 ] [ 0 ] [ 1299 1905 1600 ] [   66   20   43 ] [   9788   5942  10020 ] [ 0 ],1.00,1.00,1.00,1.00,82.83,-10.46,0.00,0.00,0.00,0.00,0.00,0.00,0.00,0.00,0.00,0.00,0.00,0.00,0.00,0.00,0.00,0
9.98005,83,-11,256,0,DRIVE [ 09 ] [ 1 ] [ 1291 1905 1589 ] [    0    0    0 ] [      0      0      0 ] [ 0 ],drive [ 09 ] [ 0 ] [ 1295 1905 1594 ] [   66   20   43 ] [   9788   5942  10020 ] [ 0 ],1.00,1.00,1.00,1.00,83.34,-10.94,0.00,0.00,0.00,0.00,0.00,0.00,0.00,0.00,0.00,0.00,0.00,0.00,0.00,0.00,0.00,0
9.99175,84,-12,256,0,DRIVE [ 10 ] [ 1 ] [ 1288 1905 1583 ] [    0    0    0 ] [      0      0      0 ] [ 0 ],drive [ 09 ] [ 0 ] [ 1291 1905 1589 ] [   66   20   43 ] [   9788   5942  10020 ] [ 0 ],1.00,1.00,1.00,1.00,84.32,-11.58,0.00,0.00,0.00,0.00,0.00,0.00,0.00,0.00,0.00,0.00,0.00,0.00,0.00,0.00,0.00,0
10.004,85,-12,256,0,DRIVE [ 10 ] [ 1 ] [ 1286 1905 1578 ] [    0    0    0 ] [      0      0      0 ] [ 0 ],drive [ 10 ] [ 0 ] [ 1288 1905 1583 ] [   66   20   43 ] [   9864   5942  10029 ] [ 0 ],1.00,1.00,1.00,1.00,84.87,-12.33,0.00,0.00,0.00,0.00,0.00,0.00,0.00,0.00,0.00,0.00,0.00,0.00,0.00,0.00,0.00,0
10.0164,85,-13,256,0,DRIVE [ 11 ] [ 1 ] [ 1285 1905 1573 ] [    0    0    0 ] [      0      0      0 ] [ 0 ],drive [ 10 ] [ 0 ] [ 1286 1905 1578 ] [   56   19   56 ] [   9864   5942  10029 ] [ 0 ],1.00,1.00,1.00,1.00,85.40,-12.99,0.00,0.00,0.00,0.00,0.00,0.00,0.00,0.00,0.00,0.00,0.00,0.00,0.00,0.00,0.00,0
10.029,86,-14,256,0,DRIVE [ 11 ] [ 1 ] [ 1285 1905 1568 ] [    0    0    0 ] [      0      0      0 ] [ 0 ],drive [ 11 ] [ 0 ] [ 1285 1905 1573 ] [   56   19   56 ] [   9864   5942  10029 ] [ 0 ],1.00,1.00,1.00,1.00,85.52,-13.52,0.00,0.00,0.00,0.00,0.00,0.00,0.00,0.00,0.00,0.00,0.00,0.00,0.00,0.00,0.00,0
10.0412,86,-14,256,0,DRIVE [ 12 ] [ 1 ] [ 1285 1905 1565 ] [    0    0    0 ] [      0      0      0 ] [ 0 ],drive [ 11 ] [ 0 ] [ 1285 1905 1568 ] [   56   19   56 ] [   9864   5942  10029 ] [ 0 ],1.00,1.00,1.00,1.00,85.78,-13.98,0.00,0.00,0.00,0.00,0.00,0.00,0.00,0.00,0.00,0.00,0.00,0.00,0.00,0.00,0.00,0
10.0534,86,-14,256,0,DRIVE [ 12 ] [ 1 ] [ 1286 1905 1563 ] [    0    0    0 ] [      0      0      0 ] [ 0 ],drive [ 12 ] [ 0 ] [ 1285 1905 1565 ] [   56   19   56 ] [   9869   5942  10106 ] [ 0 ],1.00,1.00,1.00,1.00,85.91,-14.39,0.00,0.00,0.00,0.00,0.00,0.00,0.00,0.00,0.00,0.00,0.00,0.00,0.00,0.00,0.00,0
10.0659,86,-15,257,0,DRIVE [ 13 ] [ 1 ] [ 1289 1905 1563 ] [    0    0    0 ] [      0      0      0 ] [ 0 ],drive [ 12 ] [ 0 ] [ 1286 1905 1563 ] [   58   20   30 ] [   9869   5942  10106 ] [ 0 ],1.00,1.00,1.00,1.00,85.89,-14.61,0.00,0.00,0.00,0.00,0.00,0.00,0.00,0.00,0.00,0.00,0.00,0.00,0.00,0.00,0.00,0
10.0784,85,-15,256,0,DRIVE [ 13 ] [ 1 ] [ 1291 1905 1563 ] [    0    0    0 ] [      0      0      0 ] [ 0 ],drive [ 13 ] [ 0 ] [ 1289 1905 1563 ] [   58   20   30 ] [   9869   5942  10106 ] [ 0 ],1.00,1.00,1.00,1.00,85.47,-14.70,0.00,0.00,0.00,0.00,0.00,0.00,0.00,0.00,0.00,0.00,0.00,0.00,0.00,0.00,0.00,0
10.0907,85,-15,257,0,DRIVE [ 14 ] [ 1 ] [ 1296 1905 1564 ] [    0    0    0 ] [      0      0      0 ] [ 0 ],drive [ 13 ] [ 0 ] [ 1291 1905 1563 ] [   58   20   30 ] [   9869   5942  10106 ] [ 0 ],1.00,1.00,1.00,1.00,84.96,-14.85,0.00,0.00,0.00,0.00,0.00,0.00,0.00,0.00,0.00,0.00,0.00,0.00,0.00,0.00,0.00,0
10.1027,84,-15,257,0,DRIVE [ 14 ] [ 1 ] [ 1302 1905 1565 ] [    0    0    0 ] [      0      0      0 ] [ 0 ],drive [ 14 ] [ 0 ] [ 1296 1905 1564 ] [   58   20   30 ] [   9887   5942  10106 ] [ 0 ],1.00,1.00,1.00,1.00,84.27,-14.96,0.00,0.00,0.00,0.00,0.00,0.00,0.00,0.00,0.00,0.00,0.00,0.00,0.00,0.00,0.00,0
10.1151,84,-15,257,0,DRIVE [ 15 ] [ 1 ] [ 1309 1905 1567 ] [    0    0    0 ] [      0      0      0 ] [ 0 ],drive [ 14 ] [ 0 ] [ 1302 1905 1565 ] [   77   20   31 ] [   9887   5942  10106 ] [ 0 ],1.00,1.00,1.00,1.00,83.53,-15.06,0.00,0.00,0.00,0.00,0.00,0.00,0.00,0.00,0.00,0.00,0.00,0.00,0.00,0.00,0.00,0
10.1275,82,-15,257,0,DRIVE [ 15 ] [ 1 ] [ 1317 1905 1570 ] [    0    0    0 ] [      0      0      0 ] [ 0 ],drive [ 15 ] [ 0 ] [ 1309 1905 1567 ] [   77   20   31 ] [   9887   5942  10106 ] [ 0 ],1.00,1.00,1.00,1.00,82.40,-15.08,0.00,0.00,0.00,0.00,0.00,0.00,0.00,0.00,0.00,0.00,0.00,0.00,0.00,0.00,0.00,0
10.1404,81,-15,258,0,DRIVE [ 16 ] [ 1 ] [ 1325 1905 1574 ] [    0    0    0 ] [      0      0      0 ] [ 0 ],drive [ 15 ] [ 0 ] [ 1317 1905 1570 ] [   77   20   31 ] [   9887   5942  10106 ] [ 0 ],1.00,1.00,1.00,1.00,81.32,-15.01,0.00,0.00,0.00,0.00,0.00,0.00,0.00,0.00,0.00,0.00,0.00,0.00,0.00,0.00,0.00,0
10.1525,80,-15,258,0,DRIVE [ 16 ] [ 1 ] [ 1334 1905 1578 ] [    0    0    0 ] [      0      0      0 ] [ 0 ],drive [ 16 ] [ 0 ] [ 1325 1905 1574 ] [   77   20   31 ] [   9992   5942  10106 ] [ 0 ],1.00,1.00,1.00,1.00,80.17,-14.91,0.00,0.00,0.00,0.00,0.00,0.00,0.00,0.00,0.00,0.00,0.00,0.00,0.00,0.00,0.00,0
10.1648,79,-15,258,0,DRIVE [ 17 ] [ 1 ] [ 1345 1905 1583 ] [    0    0    0 ] [      0      0      0 ] [ 0 ],drive [ 16 ] [ 0 ] [ 1334 1905 1578 ] [   60   17   30 ] [   9992   5942  10106 ] [ 0 ],1.00,1.00,1.00,1.00,78.60,-14.79,0.00,0.00,0.00,0.00,0.00,0.00,0.00,0.00,0.00,0.00,0.00,0.00,0.00,0.00,0.00,0
10.177,77,-15,258,0,DRIVE [ 17 ] [ 1 ] [ 1357 1905 1588 ] [    0    0    0 ] [      0      0      0 ] [ 0 ],drive [ 17 ] [ 0 ] [ 1345 1905 1583 ] [   60   17   30 ] [   9992   5942  10106 ] [ 0 ],1.00,1.00,1.00,1.00,77.01,-14.65,0.00,0.00,0.00,0.00,0.00,0.00,0.00,0.00,0.00,0.00,0.00,0.00,0.00,0.00,0.00,0
10.1887,75,-14,259,0,DRIVE [ 18 ] [ 1 ] [ 1372 1905 1597 ] [    0    0    0 ] [      0      0      0 ] [ 0 ],drive [ 17 ] [ 0 ] [ 1357 1905 1588 ] [   60   17   30 ] [   9992   5942  10106 ] [ 0 ],1.00,1.00,1.00,1.00,75.10,-14.29,0.00,0.00,0.00,0.00,0.00,0.00,0.00,0.00,0.00,0.00,0.00,0.00,0.00,0.00,0.00,0
10.2012,73,-14,260,0,DRIVE [ 18 ] [ 1 ] [ 1387 1905 1606 ] [    0    0    0 ] [      0      0      0 ] [ 0 ],drive [ 18 ] [ 0 ] [ 1372 1905 1597 ] [   60   17   30 ] [   9992   5942  10106 ] [ 0 ],1.00,1.00,1.00,1.00,73.06,-13.89,0.00,0.00,0.00,0.00,0.00,0.00,0.00,0.00,0.00,0.00,0.00,0.00,0.00,0.00,0.00,0
10.2136,71,-13,260,0,DRIVE [ 19 ] [ 1 ] [ 1399 1905 1614 ] [    0    0    0 ] [      0      0      0 ] [ 0 ],drive [ 18 ] [ 0 ] [ 1387 1905 1606 ] [   56   19   28 ] [   9992   5942  10106 ] [ 0 ],1.00,1.00,1.00,1.00,71.17,-13.40,0.00,0.00,0.00,0.00,0.00,0.00,0.00,0.00,0.00,0.00,0.00,0.00,-0.00,0.00,0.00,0
10.2259,69,-13,260,0,DRIVE [ 19 ] [ 1 ] [ 1412 1905 1623 ] [    0    0    0 ] [      0      0      0 ] [ 0 ],drive [ 19 ] [ 0 ] [ 1399 1905 1614 ] [   56   19   28 ] [   9992   5942  10106 ] [ 0 ],1.00,1.00,1.00,1.00,69.35,-12.90,0.00,0.00,0.00,0.00,0.00,0.00,0.00,0.00,0.00,0.00,0.00,0.00,-0.00,0.00,0.00,0
10.2392,67,-12,260,0,DRIVE [ 20 ] [ 1 ] [ 1425 1905 1631 ] [    0    0    0 ] [      0      0      0 ] [ 0 ],drive [ 19 ] [ 0 ] [ 1412 1905 1623 ] [   56   19   28 ] [   9992   5942  10106 ] [ 0 ],1.00,1.00,1.00,1.00,67.34,-12.46,0.00,0.00,0.00,0.00,0.00,0.00,0.00,0.00,0.00,0.00,0.00,0.00,-0.00,0.00,0.00,0
10.2511,66,-12,260,0,DRIVE [ 20 ] [ 1 ] [ 1437 1905 1639 ] [    0    0    0 ] [      0      0      0 ] [ 0 ],drive [ 20 ] [ 0 ] [ 1425 1905 1631 ] [   56   19   28 ] [   9989   5942  10106 ] [ 0 ],1.00,1.00,1.00,1.00,65.53,-11.89,0.00,0.00,0.00,0.00,0.00,0.00,0.00,0.00,0.00,0.00,0.00,0.00,-0.00,0.00,0.00,0
10.2634,64,-11,260,0,DRIVE [ 21 ] [ 1 ] [ 1449 1905 1648 ] [    0    0    0 ] [      0      0      0 ] [ 0 ],drive [ 20 ] [ 0 ] [ 1437 1905 1639 ] [   48   20   25 ] [   9989   5942  10106 ] [ 0 ],1.00,1.00,1.00,1.00,63.67,-11.31,0.00,0.00,0.00,0.00,0.00,0.00,0.00,0.00,0.00,0.00,0.00,0.00,-0.00,0.00,0.00,0
10.2755,62,-11,261,0,DRIVE [ 21 ] [ 1 ] [ 1461 1905 1656 ] [    0    0    0 ] [      0      0      0 ] [ 0 ],drive [ 21 ] [ 0 ] [ 1449 1905 1648 ] [   48   20   25 ] [   9989   5942  10106 ] [ 0 ],1.00,1.00,1.00,1.00,61.95,-10.78,0.00,0.00,0.00,0.00,0.00,0.00,0.00,0.00,0.00,0.00,0.00,0.00,-0.00,0.00,0.00,0
10.2871,60,-10,261,0,DRIVE [ 22 ] [ 1 ] [ 1473 1905 1665 ] [    0    0    0 ] [      0      0      0 ] [ 0 ],drive [ 21 ] [ 0 ] [ 1461 1905 1656 ] [   48   20   25 ] [   9989   5942  10106 ] [ 0 ],1.00,1.00,1.00,1.00,59.95,-10.17,0.00,0.00,0.00,0.00,0.00,0.00,0.00,0.00,0.00,0.00,0.00,0.00,-0.00,0.00,0.00,0
10.2998,58,-10,261,0,DRIVE [ 22 ] [ 1 ] [ 1485 1905 1673 ] [    0    0    0 ] [      0      0      0 ] [ 0 ],drive [ 22 ] [ 0 ] [ 1473 1905 1665 ] [   48   20   25 ] [   9986   5942  10105 ] [ 0 ],1.00,1.00,1.00,1.00,58.20,-9.72,0.00,0.00,0.00,0.00,0.00,0.00,0.00,0.00,0.00,0.00,0.00,0.00,-0.00,0.00,0.00,0
10.3124,56,-9,262,0,DRIVE [ 23 ] [ 1 ] [ 1498 1905 1681 ] [    0    0    0 ] [      0      0      0 ] [ 0 ],drive [ 22 ] [ 0 ] [ 1485 1905 1673 ] [   43   19   22 ] [   9986   5942  10105 ] [ 0 ],1.00,1.00,1.00,1.00,56.44,-9.30,0.00,0.00,0.00,0.00,0.00,0.00,0.00,0.00,0.00,0.00,0.00,0.00,-0.00,0.00,0.00,0
10.3244,55,-9,262,0,DRIVE [ 23 ] [ 1 ] [ 1510 1905 1690 ] [    0    0    0 ] [      0      0      0 ] [ 0 ],drive [ 23 ] [ 0 ] [ 1498 1905 1681 ] [   43   19   22 ] [   9986   5942  10105 ] [ 0 ],1.00,1.00,1.00,1.00,54.74,-8.71,0.00,0.00,0.00,0.00,0.00,0.00,0.00,0.00,0.00,0.00,0.00,0.00,-0.00,0.00,0.00,0
10.3368,53,-8,263,0,DRIVE [ 24 ] [ 1 ] [ 1522 1905 1699 ] [    0    0    0 ] [      0      0      0 ] [ 0 ],drive [ 23 ] [ 0 ] [ 1510 1905 1690 ] [   43   19   22 ] [   9986   5942  10105 ] [ 0 ],1.00,1.00,1.00,1.00,52.94,-8.16,0.00,0.00,0.00,0.00,0.00,0.00,0.00,0.00,0.00,0.00,0.00,0.00,-0.00,0.00,0.00,0
10.3495,51,-8,263,0,DRIVE [ 24 ] [ 1 ] [ 1534 1905 1707 ] [    0    0    0 ] [      0      0      0 ] [ 0 ],drive [ 24 ] [ 0 ] [ 1522 1905 1699 ] [   43   19   22 ] [   9982   5942  10104 ] [ 0 ],1.00,1.00,1.00,1.00,51.17,-7.59,0.00,0.00,0.00,0.00,0.00,0.00,0.00,0.00,0.00,0.00,0.00,0.00,-0.00,0.00,0.00,0
10.3618,49,-7,263,0,DRIVE [ 25 ] [ 1 ] [ 1550 1905 1717 ] [    0    0    0 ] [      0      0      0 ] [ 0 ],drive [ 24 ] [ 0 ] [ 1534 1905 1707 ] [   36   19   19 ] [   9982   5942  10104 ] [ 0 ],1.00,1.00,1.00,1.00,48.74,-7.02,0.00,0.00,0.00,0.00,0.00,0.00,0.00,0.00,0.00,0.00,0.00,0.00,-0.00,0.00,0.00,0
10.3741,46,-6,263,0,DRIVE [ 25 ] [ 1 ] [ 1565 1905 1727 ] [    0    0    0 ] [      0      0      0 ] [ 0 ],drive [ 25 ] [ 0 ] [ 1550 1905 1717 ] [   36   19   19 ] [   9982   5942  10104 ] [ 0 ],1.00,1.00,1.00,1.00,46.48,-6.48,0.00,0.00,0.00,0.00,0.00,0.00,0.00,0.00,0.00,0.00,0.00,0.00,-0.00,0.00,0.00,0
10.3859,45,-6,264,0,DRIVE [ 26 ] [ 1 ] [ 1580 1905 1736 ] [    0    0    0 ] [      0      0      0 ] [ 0 ],drive [ 25 ] [ 0 ] [ 1565 1905 1727 ] [   36   19   19 ] [   9982   5942  10104 ] [ 0 ],1.00,1.00,1.00,1.00,44.55,-6.06,0.00,0.00,0.00,0.00,0.00,0.00,0.00,0.00,0.00,0.00,0.00,0.00,-0.00,0.00,0.00,0
10.3985,43,-6,264,0,DRIVE [ 26 ] [ 1 ] [ 1592 1905 1744 ] [    0    0    0 ] [      0      0      0 ] [ 0 ],drive [ 26 ] [ 0 ] [ 1580 1905 1736 ] [   36   19   19 ] [   9972   5942  10102 ] [ 0 ],1.00,1.00,1.00,1.00,42.58,-5.60,0.00,0.00,0.00,0.00,0.00,0.00,0.00,0.00,0.00,0.00,0.00,0.00,-0.00,0.00,0.00,0
10.4108,41,-5,263,0,DRIVE [ 27 ] [ 1 ] [ 1605 1905 1752 ] [    0    0    0 ] [      0      0      0 ] [ 0 ],drive [ 26 ] [ 0 ] [ 1592 1905 1744 ] [   34   19   17 ] [   9972   5942  10102 ] [ 0 ],1.00,1.00,1.00,1.00,40.68,-5.20,0.00,0.00,0.00,0.00,0.00,0.00,0.00,0.00,0.00,0.00,0.00,0.00,-0.00,0.00,0.00,0
10.4228,39,-5,262,0,DRIVE [ 27 ] [ 1 ] [ 1616 1905 1759 ] [    0    0    0 ] [      0      0      0 ] [ 0 ],drive [ 27 ] [ 0 ] [ 1605 1905 1752 ] [   34   19   17 ] [   9972   5942  10102 ] [ 0 ],1.00,1.00,1.00,1.00,39.01,-4.78,0.00,0.00,0.00,0.00,0.00,0.00,0.00,0.00,0.00,0.00,0.00,0.00,-0.00,0.00,0.00,0
10.4345,38,-4,263,0,DRIVE [ 28 ] [ 1 ] [ 1626 1905 1765 ] [    0    0    0 ] [      0      0      0 ] [ 0 ],drive [ 27 ] [ 0 ] [ 1616 1905 1759 ] [   34   19   17 ] [   9972   5942  10102 ] [ 0 ],1.00,1.00,1.00,1.00,37.63,-4.48,0.00,0.00,0.00,0.00,0.00,0.00,0.00,0.00,0.00,0.00,0.00,0.00,-0.00,0.00,0.00,0
10.4468,36,-4,263,0,DRIVE [ 28 ] [ 1 ] [ 1635 1905 1771 ] [    0    0    0 ] [      0      0      0 ] [ 0 ],drive [ 28 ] [ 0 ] [ 1626 1905 1765 ] [   34   19   17 ] [   9956   5942  10098 ] [ 0 ],1.00,1.00,1.00,1.00,36.26,-4.14,0.00,0.00,0.00,0.00,0.00,0.00,0.00,0.00,0.00,0.00,0.00,0.00,-0.00,0.00,0.00,0
10.4584,35,-4,263,0,DRIVE [ 29 ] [ 1 ] [ 1644 1905 1776 ] [    0    0    0 ] [      0      0      0 ] [ 0 ],drive [ 28 ] [ 0 ] [ 1635 1905 1771 ] [   33   20   18 ] [   9956   5942  10098 ] [ 0 ],1.00,1.00,1.00,1.00,34.94,-3.88,0.00,0.00,0.00,0.00,0.00,0.00,0.00,0.00,0.00,0.00,0.00,0.00,-0.00,0.00,0.00,0
10.4705,34,-4,263,0,DRIVE [ 29 ] [ 1 ] [ 1651 1905 1781 ] [    0    0    0 ] [      0      0      0 ] [ 0 ],drive [ 29 ] [ 0 ] [ 1644 1905 1776 ] [   33   20   18 ] [   9956   5942  10098 ] [ 0 ],1.00,1.00,1.00,1.00,33.90,-3.63,0.00,0.00,0.00,0.00,0.00,0.00,-0.00,0.00,0.00,0.00,0.00,0.00,-0.00,0.00,0.00,0
10.4829,33,-3,264,0,DRIVE [ 30 ] [ 1 ] [ 1658 1905 1785 ] [    0    0    0 ] [      0      0      0 ] [ 0 ],drive [ 29 ] [ 0 ] [ 1651 1905 1781 ] [   33   20   18 ] [   9956   5942  10098 ] [ 0 ],1.00,1.00,1.00,1.00,33.11,-3.43,0.00,0.00,0.00,0.00,0.00,0.00,-0.00,0.00,0.00,0.00,0.00,0.00,-0.00,0.00,0.00,0
10.4951,32,-3,265,0,DRIVE [ 30 ] [ 1 ] [ 1664 1905 1788 ] [    0    0    0 ] [      0      0      0 ] [ 0 ],drive [ 30 ] [ 0 ] [ 1658 1905 1785 ] [   33   20   18 ] [   9942   5942  10093 ] [ 0 ],1.00,1.00,1.00,1.00,32.28,-3.30,0.00,0.00,0.00,0.00,0.00,0.00,-0.00,0.00,0.00,0.00,0.00,0.00,-0.00,0.00,0.00,0
10.5073,32,-3,265,0,DRIVE [ 31 ] [ 1 ] [ 1670 1905 1791 ] [    0    0    0 ] [      0      0      0 ] [ 0 ],drive [ 30 ] [ 0 ] [ 1664 1905 1788 ] [   33   20   18 ] [   9942   5942  10093 ] [ 0 ],1.00,1.00,1.00,1.00,31.55,-3.23,0.00,0.00,0.00,0.00,0.00,0.00,-0.00,0.00,0.00,0.00,0.00,0.00,-0.00,0.00,0.00,0
10.5188,31,-3,265,0,DRIVE [ 31 ] [ 1 ] [ 1674 1905 1793 ] [    0    0    0 ] [      0      0      0 ] [ 0 ],drive [ 31 ] [ 0 ] [ 1670 1905 1791 ] [   37   19   17 ] [   9942   5942  10093 ] [ 0 ],1.00,1.00,1.00,1.00,30.94,-3.13,0.00,0.00,0.00,0.00,0.00,0.00,-0.00,0.00,0.00,0.00,0.00,0.00,-0.00,0.00,0.00,0
10.5309,31,-3,265,0,DRIVE [ 32 ] [ 1 ] [ 1678 1905 1795 ] [    0    0    0 ] [      0      0      0 ] [ 0 ],drive [ 31 ] [ 0 ] [ 1674 1905 1793 ] [   37   19   17 ] [   9942   5942  10093 ] [ 0 ],1.00,1.00,1.00,1.00,30.51,-3.09,0.00,0.00,0.00,0.00,0.00,0.00,-0.00,0.00,0.00,0.00,0.00,0.00,-0.00,0.00,0.00,0
10.543,30,-3,265,0,DRIVE [ 32 ] [ 1 ] [ 1680 1905 1796 ] [    0    0    0 ] [      0      0      0 ] [ 0 ],drive [ 32 ] [ 0 ] [ 1678 1905 1795 ] [   37   19   17 ] [   9911   5942  10092 ] [ 0 ],1.00,1.00,1.00,1.00,30.21,-3.10,0.00,0.00,0.00,0.00,0.00,0.00,-0.00,0.00,0.00,0.00,0.00,0.00,-0.00,0.00,0.00,0
10.5557,30,-3,265,0,DRIVE [ 33 ] [ 1 ] [ 1681 1905 1796 ] [    0    0    0 ] [      0      0      0 ] [ 0 ],drive [ 32 ] [ 0 ] [ 1680 1905 1796 ] [   37   19   17 ] [   9911   5942  10092 ] [ 0 ],1.00,1.00,1.00,1.00,30.11,-3.08,0.00,0.00,0.00,0.00,0.00,0.00,-0.00,0.00,0.00,0.00,0.00,0.00,-0.00,0.00,0.00,0
10.5675,30,-3,265,0,DRIVE [ 33 ] [ 1 ] [ 1681 1905 1797 ] [    0    0    0 ] [      0      0      0 ] [ 0 ],drive [ 33 ] [ 0 ] [ 1681 1905 1796 ] [   22   20   17 ] [   9911   5942  10092 ] [ 0 ],1.00,1.00,1.00,1.00,30.05,-3.05,0.00,0.00,0.00,0.00,0.00,0.00,-0.00,0.00,0.00,0.00,0.00,0.00,-0.00,0.00,0.00,0
10.5798,30,-3,265,0,DRIVE [ 34 ] [ 1 ] [ 1681 1905 1796 ] [    0    0    0 ] [      0      0      0 ] [ 0 ],drive [ 33 ] [ 0 ] [ 1681 1905 1797 ] [   22   20   17 ] [   9911   5942  10092 ] [ 0 ],1.00,1.00,1.00,1.00,30.15,-3.13,0.00,0.00,0.00,0.00,0.00,0.00,-0.00,0.00,0.00,0.00,0.00,0.00,-0.00,0.00,0.00,0
10.5913,30,-3,265,0,DRIVE [ 34 ] [ 1 ] [ 1679 1905 1795 ] [    0    0    0 ] [      0      0      0 ] [ 0 ],drive [ 34 ] [ 0 ] [ 1681 1905 1796 ] [   22   20   17 ] [   9911   5942  10092 ] [ 0 ],1.00,1.00,1.00,1.00,30.37,-3.11,0.00,0.00,0.00,0.00,0.00,0.00,-0.00,0.00,0.00,0.00,0.00,0.00,-0.00,0.00,0.00,0
10.6034,31,-3,264,0,DRIVE [ 35 ] [ 1 ] [ 1675 1905 1795 ] [    0    0    0 ] [      0      0      0 ] [ 0 ],drive [ 34 ] [ 0 ] [ 1679 1905 1795 ] [   22   20   17 ] [   9849   5942  10092 ] [ 0 ],1.00,1.00,1.00,1.00,30.66,-3.01,0.00,0.00,0.00,0.00,0.00,0.00,-0.00,0.00,0.00,0.00,0.00,0.00,-0.00,0.00,0.00,0
10.6153,31,-3,263,0,DRIVE [ 35 ] [ 1 ] [ 1672 1905 1794 ] [    0    0    0 ] [      0      0      0 ] [ 0 ],drive [ 35 ] [ 0 ] [ 1675 1905 1795 ] [   24   20   17 ] [   9849   5942  10092 ] [ 0 ],1.00,1.00,1.00,1.00,30.83,-2.93,0.00,0.00,0.00,0.00,0.00,0.00,-0.00,0.00,0.00,0.00,0.00,0.00,-0.00,0.00,0.00,0
10.6274,31,-3,263,0,DRIVE [ 36 ] [ 1 ] [ 1670 1905 1793 ] [    0    0    0 ] [      0      0      0 ] [ 0 ],drive [ 35 ] [ 0 ] [ 1672 1905 1794 ] [   24   20   17 ] [   9849   5942  10092 ] [ 0 ],1.00,1.00,1.00,1.00,31.23,-2.94,0.00,0.00,0.00,0.00,0.00,0.00,-0.00,0.00,0.00,0.00,0.00,0.00,-0.00,0.00,0.00,0
10.6395,32,-3,263,0,DRIVE [ 36 ] [ 1 ] [ 1667 1905 1792 ] [    0    0    0 ] [      0      0      0 ] [ 0 ],drive [ 36 ] [ 0 ] [ 1670 1905 1793 ] [   24   20   17 ] [   9849   5942  10092 ] [ 0 ],1.00,1.00,1.00,1.00,31.55,-2.90,0.00,0.00,0.00,0.00,0.00,0.00,-0.00,0.00,0.00,0.00,0.00,0.00,-0.00,0.00,0.00,0
10.6515,32,-3,264,0,DRIVE [ 37 ] [ 1 ] [ 1665 1905 1791 ] [    0    0    0 ] [      0      0      0 ] [ 0 ],drive [ 36 ] [ 0 ] [ 1667 1905 1792 ] [   24   20   17 ] [   9849   5942  10092 ] [ 0 ],1.00,1.00,1.00,1.00,31.80,-2.94,0.00,0.00,0.00,0.00,0.00,0.00,-0.00,0.00,0.00,0.00,0.00,0.00,-0.00,0.00,0.00,0
10.6637,32,-3,264,0,DRIVE [ 37 ] [ 1 ] [ 1664 1905 1790 ] [    0    0    0 ] [      0      0      0 ] [ 0 ],drive [ 37 ] [ 0 ] [ 1665 1905 1791 ] [   25   20   16 ] [   9849   5942  10092 ] [ 0 ],1.00,1.00,1.00,1.00,32.02,-3.00,0.00,0.00,0.00,0.00,0.00,0.00,-0.00,0.00,0.00,0.00,0.00,0.00,-0.00,0.00,0.00,0
10.6758,32,-3,265,0,DRIVE [ 38 ] [ 1 ] [ 1663 1905 1789 ] [    0    0    0 ] [      0      0      0 ] [ 0 ],drive [ 37 ] [ 0 ] [ 1664 1905 1790 ] [   25   20   16 ] [   9849   5942  10092 ] [ 0 ],1.00,1.00,1.00,1.00,32.31,-3.11,0.00,0.00,0.00,0.00,0.00,0.00,-0.00,0.00,0.00,0.00,0.00,0.00,-0.00,0.00,0.00,0
10.6874,32,-3,265,0,DRIVE [ 38 ] [ 1 ] [ 1662 1905 1788 ] [    0    0    0 ] [      0      0      0 ] [ 0 ],drive [ 38 ] [ 0 ] [ 1663 1905 1789 ] [   25   20   16 ] [   9849   5942  10092 ] [ 0 ],1.00,1.00,1.00,1.00,32.46,-3.18,0.00,0.00,0.00,0.00,0.00,0.00,-0.00,0.00,0.00,0.00,0.00,0.00,-0.00,0.00,0.00,0
10.6997,32,-3,263,0,DRIVE [ 39 ] [ 1 ] [ 1662 1905 1788 ] [    0    0    0 ] [      0      0      0 ] [ 0 ],drive [ 38 ] [ 0 ] [ 1662 1905 1788 ] [   25   20   16 ] [   9849   5942  10092 ] [ 0 ],1.00,1.00,1.00,1.00,32.38,-3.26,0.00,0.00,0.00,0.00,0.00,0.00,-0.00,0.00,0.00,0.00,0.00,0.00,-0.00,0.00,0.00,0
10.7121,32,-3,263,0,DRIVE [ 39 ] [ 1 ] [ 1662 1905 1786 ] [    0    0    0 ] [      0      0      0 ] [ 0 ],drive [ 39 ] [ 0 ] [ 1662 1905 1788 ] [   25   19   18 ] [   9849   5942  10092 ] [ 0 ],1.00,1.00,1.00,1.00,32.40,-3.42,0.00,0.00,0.00,0.00,0.00,0.00,-0.00,0.00,0.00,0.00,0.00,0.00,-0.00,0.00,0.00,0
10.7238,32,-4,262,0,DRIVE [ 40 ] [ 1 ] [ 1663 1905 1786 ] [    0    0    0 ] [      0      0      0 ] [ 0 ],drive [ 39 ] [ 0 ] [ 1662 1905 1786 ] [   25   19   18 ] [   9849   5942  10092 ] [ 0 ],1.00,1.00,1.00,1.00,32.31,-3.58,0.00,0.00,0.00,0.00,0.00,0.00,-0.00,0.00,0.00,0.00,0.00,0.00,-0.00,0.00,0.00,0
10.7363,32,-4,263,0,DRIVE [ 40 ] [ 1 ] [ 1664 1905 1785 ] [    0    0    0 ] [      0      0      0 ] [ 0 ],drive [ 40 ] [ 0 ] [ 1663 1905 1786 ] [   25   19   18 ] [   9849   5942  10092 ] [ 0 ],1.00,1.00,1.00,1.00,32.38,-3.80,0.00,0.00,0.00,0.00,0.00,0.00,-0.00,0.00,0.00,0.00,0.00,0.00,-0.00,0.00,0.00,0
10.7484,32,-4,262,0,DRIVE [ 41 ] [ 1 ] [ 1665 1905 1784 ] [    0    0    0 ] [      0      0      0 ] [ 0 ],drive [ 40 ] [ 0 ] [ 1664 1905 1785 ] [   25   19   18 ] [   9850   5942  10092 ] [ 0 ],1.00,1.00,1.00,1.00,32.29,-3.95,0.00,0.00,0.00,0.00,0.00,0.00,-0.00,0.00,0.00,0.00,0.00,0.00,-0.00,0.00,0.00,0
10.7607,32,-4,263,0,DRIVE [ 41 ] [ 1 ] [ 1667 1905 1783 ] [    0    0    0 ] [      0      0      0 ] [ 0 ],drive [ 41 ] [ 0 ] [ 1665 1905 1784 ] [   25   19   17 ] [   9850   5942  10092 ] [ 0 ],1.00,1.00,1.00,1.00,32.23,-4.15,0.00,0.00,0.00,0.00,0.00,0.00,-0.00,0.00,0.00,0.00,0.00,0.00,-0.00,0.00,0.00,0
10.773,32,-4,264,0,DRIVE [ 42 ] [ 1 ] [ 1668 1905 1782 ] [    0    0    0 ] [      0      0      0 ] [ 0 ],drive [ 41 ] [ 0 ] [ 1667 1905 1783 ] [   25   19   17 ] [   9850   5942  10092 ] [ 0 ],1.00,1.00,1.00,1.00,32.23,-4.36,0.00,0.00,0.00,0.00,0.00,0.00,-0.00,0.00,0.00,0.00,0.00,0.00,-0.00,0.00,0.00,0
10.7846,32,-5,263,0,DRIVE [ 42 ] [ 1 ] [ 1669 1905 1782 ] [    0    0    0 ] [      0      0      0 ] [ 0 ],drive [ 42 ] [ 0 ] [ 1668 1905 1782 ] [   25   19   17 ] [   9850   5942  10092 ] [ 0 ],1.00,1.00,1.00,1.00,32.12,-4.51,0.00,0.00,0.00,0.00,0.00,0.00,-0.00,0.00,0.00,0.00,0.00,0.00,-0.00,0.00,0.00,0
10.7969,32,-5,263,0,DRIVE [ 43 ] [ 1 ] [ 1670 1905 1781 ] [    0    0    0 ] [      0      0      0 ] [ 0 ],drive [ 42 ] [ 0 ] [ 1669 1905 1782 ] [   25   19   17 ] [   9850   5942  10092 ] [ 0 ],1.00,1.00,1.00,1.00,31.99,-4.60,0.00,0.00,0.00,0.00,0.00,0.00,-0.00,0.00,0.00,0.00,0.00,0.00,-0.00,0.00,0.00,0
10.8091,32,-5,263,0,DRIVE [ 43 ] [ 1 ] [ 1672 1905 1781 ] [    0    0    0 ] [      0      0      0 ] [ 0 ],drive [ 43 ] [ 0 ] [ 1670 1905 1781 ] [   25   19   18 ] [   9850   5942  10092 ] [ 0 ],1.00,1.00,1.00,1.00,31.91,-4.78,0.00,0.00,0.00,0.00,0.00,0.00,-0.00,0.00,0.00,0.00,0.00,0.00,-0.00,0.00,0.00,0
10.8208,32,-5,263,0,DRIVE [ 44 ] [ 1 ] [ 1674 1905 1779 ] [    0    0    0 ] [      0      0      0 ] [ 0 ],drive [ 43 ] [ 0 ] [ 1672 1905 1781 ] [   25   19   18 ] [   9850   5942  10092 ] [ 0 ],1.00,1.00,1.00,1.00,31.86,-5.03,0.00,0.00,0.00,0.00,0.00,0.00,-0.00,0.00,0.00,0.00,0.00,0.00,-0.00,0.00,0.00,0
10.8332,32,-5,264,0,DRIVE [ 44 ] [ 1 ] [ 1674 1905 1779 ] [    0    0    0 ] [      0      0      0 ] [ 0 ],drive [ 44 ] [ 0 ] [ 1674 1905 1779 ] [   25   19   18 ] [   9850   5942  10092 ] [ 0 ],1.00,1.00,1.00,1.00,31.91,-5.16,0.00,0.00,0.00,0.00,0.00,0.00,-0.00,0.00,0.00,0.00,0.00,0.00,-0.00,0.00,0.00,0
10.8454,32,-5,264,0,DRIVE [ 45 ] [ 1 ] [ 1675 1905 1778 ] [    0    0    0 ] [      0      0      0 ] [ 0 ],drive [ 44 ] [ 0 ] [ 1674 1905 1779 ] [   25   19   18 ] [   9849   5942  10092 ] [ 0 ],1.00,1.00,1.00,1.00,31.87,-5.25,0.00,0.00,0.00,0.00,0.00,0.00,-0.00,0.00,0.00,0.00,0.00,0.00,-0.00,0.00,0.00,0
10.8572,32,-5,264,0,DRIVE [ 45 ] [ 1 ] [ 1675 1905 1778 ] [    0    0    0 ] [      0      0      0 ] [ 0 ],drive [ 45 ] [ 0 ] [ 1675 1905 1778 ] [   25   19   18 ] [   9849   5942  10092 ] [ 0 ],1.00,1.00,1.00,1.00,31.94,-5.39,0.00,0.00,0.00,0.00,0.00,0.00,-0.00,0.00,0.00,0.00,0.00,0.00,-0.00,0.00,0.00,0
10.8695,32,-6,265,0,DRIVE [ 46 ] [ 1 ] [ 1675 1905 1777 ] [    0    0    0 ] [      0      0      0 ] [ 0 ],drive [ 45 ] [ 0 ] [ 1675 1905 1778 ] [   25   19   18 ] [   9849   5942  10092 ] [ 0 ],1.00,1.00,1.00,1.00,32.15,-5.55,0.00,0.00,0.00,0.00,0.00,0.00,-0.00,0.00,0.00,0.00,0.00,0.00,-0.00,0.00,0.00,0
10.8821,32,-6,265,0,DRIVE [ 46 ] [ 1 ] [ 1675 1905 1775 ] [    0    0    0 ] [      0      0      0 ] [ 0 ],drive [ 46 ] [ 0 ] [ 1675 1905 1777 ] [   25   19   18 ] [   9849   5942  10092 ] [ 0 ],1.00,1.00,1.00,1.00,32.20,-5.70,0.00,0.00,0.00,0.00,0.00,0.00,-0.00,0.00,0.00,0.00,0.00,0.00,-0.00,0.00,0.00,0
10.8942,32,-6,264,0,DRIVE [ 47 ] [ 1 ] [ 1674 1905 1775 ] [    0    0    0 ] [      0      0      0 ] [ 0 ],drive [ 46 ] [ 0 ] [ 1675 1905 1775 ] [   25   19   18 ] [   9849   5942  10092 ] [ 0 ],1.00,1.00,1.00,1.00,32.22,-5.77,0.00,0.00,0.00,0.00,0.00,0.00,-0.00,0.00,0.00,0.00,0.00,0.00,-0.00,0.00,0.00,0
10.9064,32,-6,264,0,DRIVE [ 47 ] [ 1 ] [ 1674 1905 1774 ] [    0    0    0 ] [      0      0      0 ] [ 0 ],drive [ 47 ] [ 0 ] [ 1674 1905 1775 ] [   25   19   18 ] [   9849   5942  10092 ] [ 0 ],1.00,1.00,1.00,1.00,32.33,-5.89,0.00,0.00,0.00,0.00,0.00,0.00,-0.00,0.00,0.00,0.00,0.00,0.00,-0.00,0.00,0.00,0
10.9183,33,-6,266,0,DRIVE [ 48 ] [ 1 ] [ 1674 1905 1773 ] [    0    0    0 ] [      0      0      0 ] [ 0 ],drive [ 47 ] [ 0 ] [ 1674 1905 1774 ] [   24   19   18 ] [   9849   5942  10092 ] [ 0 ],1.00,1.00,1.00,1.00,32.58,-6.05,0.00,0.00,0.00,0.00,0.00,0.00,-0.00,0.00,0.00,0.00,0.00,0.00,-0.00,0.00,0.00,0
10.9307,33,-6,266,0,DRIVE [ 48 ] [ 1 ] [ 1673 1905 1772 ] [    0    0    0 ] [      0      0      0 ] [ 0 ],drive [ 48 ] [ 0 ] [ 1674 1905 1773 ] [   24   19   18 ] [   9849   5942  10092 ] [ 0 ],1.00,1.00,1.00,1.00,32.69,-6.16,0.00,0.00,0.00,0.00,0.00,0.00,-0.00,0.00,0.00,0.00,0.00,0.00,-0.00,0.00,0.00,0
10.9429,33,-6,265,0,DRIVE [ 49 ] [ 1 ] [ 1673 1905 1771 ] [    0    0    0 ] [      0      0      0 ] [ 0 ],drive [ 48 ] [ 0 ] [ 1673 1905 1772 ] [   24   19   18 ] [   9849   5942  10092 ] [ 0 ],1.00,1.00,1.00,1.00,32.69,-6.21,0.00,0.00,0.00,0.00,0.00,0.00,-0.00,0.00,0.00,0.00,0.00,0.00,-0.00,0.00,0.00,0
10.956,33,-6,264,0,DRIVE [ 49 ] [ 1 ] [ 1673 1905 1770 ] [    0    0    0 ] [      0      0      0 ] [ 0 ],drive [ 49 ] [ 0 ] [ 1673 1905 1771 ] [   24   19   18 ] [   9849   5942  10092 ] [ 0 ],1.00,1.00,1.00,1.00,32.63,-6.25,0.00,0.00,0.00,0.00,0.00,0.00,-0.00,0.00,0.00,0.00,0.00,0.00,-0.00,0.00,0.00,0
10.9677,33,-6,264,0,DRIVE [ 50 ] [ 1 ] [ 1673 1905 1770 ] [    0    0    0 ] [      0      0      0 ] [ 0 ],drive [ 49 ] [ 0 ] [ 1673 1905 1770 ] [   24   19   18 ] [   9849   5942  10092 ] [ 0 ],1.00,1.00,1.00,1.00,32.67,-6.35,0.00,0.00,0.00,0.00,0.00,0.00,-0.00,0.00,0.00,0.00,0.00,0.00,-0.00,0.00,0.00,0
10.9801,33,-6,265,0,DRIVE [ 50 ] [ 1 ] [ 1673 1905 1769 ] [    0    0    0 ] [      0      0      0 ] [ 0 ],drive [ 50 ] [ 0 ] [ 1673 1905 1770 ] [   24   19   18 ] [   9849   5942  10092 ] [ 0 ],1.00,1.00,1.00,1.00,32.76,-6.49,0.00,0.00,0.00,0.00,0.00,0.00,-0.00,0.00,0.00,0.00,0.00,0.00,-0.00,0.00,0.00,0
10.9918,33,-7,266,0,DRIVE [ 51 ] [ 1 ] [ 1673 1905 1769 ] [    0    0    0 ] [      0      0      0 ] [ 0 ],drive [ 50 ] [ 0 ] [ 1673 1905 1769 ] [   24   19   18 ] [   9849   5942  10092 ] [ 0 ],1.00,1.00,1.00,1.00,32.89,-6.60,0.00,0.00,0.00,0.00,0.00,0.00,-0.00,0.00,0.00,0.00,0.00,0.00,-0.00,0.00,0.00,0
11.004,33,-7,265,0,DRIVE [ 51 ] [ 1 ] [ 1674 1905 1768 ] [    0    0    0 ] [      0      0      0 ] [ 0 ],drive [ 51 ] [ 0 ] [ 1673 1905 1769 ] [   24   19   18 ] [   9849   5942  10092 ] [ 0 ],1.00,1.00,1.00,1.00,32.84,-6.68,0.00,0.00,0.00,0.00,0.00,0.00,-0.00,0.00,0.00,0.00,0.00,0.00,-0.00,0.00,0.00,0
11.0164,33,-7,264,0,DRIVE [ 52 ] [ 1 ] [ 1674 1905 1768 ] [    0    0    0 ] [      0      0      0 ] [ 0 ],drive [ 51 ] [ 0 ] [ 1674 1905 1768 ] [   25   20   19 ] [   9849   5942  10092 ] [ 0 ],1.00,1.00,1.00,1.00,32.66,-6.69,0.00,0.00,0.00,0.00,0.00,0.00,-0.00,0.00,0.00,0.00,0.00,0.00,-0.00,0.00,0.00,0
11.0287,33,-7,265,0,DRIVE [ 52 ] [ 1 ] [ 1675 1905 1768 ] [    0    0    0 ] [      0      0      0 ] [ 0 ],drive [ 52 ] [ 0 ] [ 1674 1905 1768 ] [   25   20   19 ] [   9849   5942  10092 ] [ 0 ],1.00,1.00,1.00,1.00,32.59,-6.74,0.00,0.00,0.00,0.00,0.00,0.00,-0.00,0.00,0.00,0.00,0.00,0.00,-0.00,0.00,0.00,0
11.041,32,-7,264,0,DRIVE [ 53 ] [ 1 ] [ 1677 1905 1769 ] [    0    0    0 ] [      0      0      0 ] [ 0 ],drive [ 52 ] [ 0 ] [ 1675 1905 1768 ] [   25   20   19 ] [   9849   5942  10092 ] [ 0 ],1.00,1.00,1.00,1.00,32.41,-6.74,0.00,0.00,0.00,0.00,0.00,0.00,-0.00,0.00,0.00,0.00,0.00,0.00,-0.00,0.00,0.00,0
11.0529,32,-7,264,0,DRIVE [ 53 ] [ 1 ] [ 1678 1905 1769 ] [    0    0    0 ] [      0      0      0 ] [ 0 ],drive [ 53 ] [ 0 ] [ 1677 1905 1769 ] [   25   20   19 ] [   9849   5942  10093 ] [ 0 ],1.00,1.00,1.00,1.00,32.19,-6.81,0.00,0.00,0.00,0.00,0.00,0.00,-0.00,0.00,0.00,0.00,0.00,0.00,-0.00,0.00,0.00,0
11.0653,32,-7,265,0,DRIVE [ 54 ] [ 1 ] [ 1680 1905 1769 ] [    0    0    0 ] [      0      0      0 ] [ 0 ],drive [ 53 ] [ 0 ] [ 1678 1905 1769 ] [   24   19   17 ] [   9849   5942  10093 ] [ 0 ],1.00,1.00,1.00,1.00,32.03,-6.80,0.00,0.00,0.00,0.00,0.00,0.00,-0.00,0.00,0.00,0.00,0.00,0.00,-0.00,0.00,0.00,0
11.0777,32,-7,264,0,DRIVE [ 54 ] [ 1 ] [ 1682 1905 1770 ] [    0    0    0 ] [      0      0      0 ] [ 0 ],drive [ 54 ] [ 0 ] [ 1680 1905 1769 ] [   24   19   17 ] [   9849   5942  10093 ] [ 0 ],1.00,1.00,1.00,1.00,31.79,-6.86,0.00,0.00,0.00,0.00,0.00,0.00,-0.00,0.00,0.00,0.00,0.00,0.00,-0.00,0.00,0.00,0
11.09,32,-7,265,0,DRIVE [ 55 ] [ 1 ] [ 1684 1905 1771 ] [    0    0    0 ] [      0      0      0 ] [ 0 ],drive [ 54 ] [ 0 ] [ 1682 1905 1770 ] [   24   19   17 ] [   9849   5942  10093 ] [ 0 ],1.00,1.00,1.00,1.00,31.61,-6.86,0.00,0.00,0.00,0.00,0.00,0.00,-0.00,0.00,0.00,0.00,0.00,0.00,-0.00,0.00,0.00,0
11.1019,31,-7,264,0,DRIVE [ 55 ] [ 1 ] [ 1686 1905 1772 ] [    0    0    0 ] [      0      0      0 ] [ 0 ],drive [ 55 ] [ 0 ] [ 1684 1905 1771 ] [   24   19   17 ] [   9849   5942  10093 ] [ 0 ],1.00,1.00,1.00,1.00,31.21,-6.80,0.00,0.00,0.00,0.00,0.00,0.00,-0.00,0.00,0.00,0.00,0.00,0.00,-0.00,0.00,0.00,0
11.1143,31,-7,264,0,DRIVE [ 56 ] [ 1 ] [ 1688 1905 1772 ] [    0    0    0 ] [      0      0      0 ] [ 0 ],drive [ 55 ] [ 0 ] [ 1686 1905 1772 ] [   24   18   19 ] [   9849   5942  10093 ] [ 0 ],1.00,1.00,1.00,1.00,30.91,-6.85,0.00,0.00,0.00,0.00,0.00,0.00,-0.00,0.00,0.00,0.00,0.00,0.00,-0.00,0.00,0.00,0
11.127,31,-7,263,0,DRIVE [ 56 ] [ 1 ] [ 1691 1905 1773 ] [    0    0    0 ] [      0      0      0 ] [ 0 ],drive [ 56 ] [ 0 ] [ 1688 1905 1772 ] [   24   18   19 ] [   9849   5942  10093 ] [ 0 ],1.00,1.00,1.00,1.00,30.53,-6.88,0.00,0.00,0.00,0.00,0.00,0.00,-0.00,0.00,0.00,0.00,0.00,0.00,-0.00,0.00,0.00,0
11.1387,30,-7,265,0,DRIVE [ 57 ] [ 1 ] [ 1693 1905 1774 ] [    0    0    0 ] [      0      0      0 ] [ 0 ],drive [ 56 ] [ 0 ] [ 1691 1905 1773 ] [   24   18   19 ] [   9849   5942  10093 ] [ 0 ],1.00,1.00,1.00,1.00,30.36,-6.87,0.00,0.00,0.00,0.00,0.00,0.00,-0.00,0.00,0.00,0.00,0.00,0.00,-0.00,0.00,0.00,0
11.1509,30,-7,264,0,DRIVE [ 57 ] [ 1 ] [ 1695 1905 1775 ] [    0    0    0 ] [      0      0      0 ] [ 0 ],drive [ 57 ] [ 0 ] [ 1693 1905 1774 ] [   24   18   19 ] [   9848   5942  10094 ] [ 0 ],1.00,1.00,1.00,1.00,30.04,-6.80,0.00,0.00,0.00,0.00,0.00,0.00,-0.00,0.00,0.00,0.00,0.00,0.00,-0.00,0.00,0.00,0
11.163,30,-7,264,0,DRIVE [ 58 ] [ 1 ] [ 1697 1905 1777 ] [    0    0    0 ] [      0      0      0 ] [ 0 ],drive [ 57 ] [ 0 ] [ 1695 1905 1775 ] [   23   19   18 ] [   9848   5942  10094 ] [ 0 ],1.00,1.00,1.00,1.00,29.74,-6.68,0.00,0.00,0.00,0.00,0.00,0.00,-0.00,0.00,0.00,0.00,0.00,0.00,-0.00,0.00,0.00,0
11.175,30,-7,265,0,DRIVE [ 58 ] [ 1 ] [ 1698 1905 1777 ] [    0    0    0 ] [      0      0      0 ] [ 0 ],drive [ 58 ] [ 0 ] [ 1697 1905 1777 ] [   23   19   18 ] [   9848   5942  10094 ] [ 0 ],1.00,1.00,1.00,1.00,29.62,-6.68,0.00,0.00,0.00,0.00,0.00,0.00,-0.00,0.00,0.00,0.00,0.00,0.00,-0.00,0.00,0.00,0
11.1865,30,-7,265,0,DRIVE [ 59 ] [ 1 ] [ 1699 1905 1778 ] [    0    0    0 ] [      0      0      0 ] [ 0 ],drive [ 58 ] [ 0 ] [ 1698 1905 1777 ] [   23   19   18 ] [   9848   5942  10094 ] [ 0 ],1.00,1.00,1.00,1.00,29.51,-6.71,0.00,0.00,0.00,0.00,0.00,0.00,-0.00,0.00,0.00,0.00,0.00,0.00,-0.00,0.00,0.00,0
11.1987,29,-7,265,0,DRIVE [ 59 ] [ 1 ] [ 1701 1905 1778 ] [    0    0    0 ] [      0      0      0 ] [ 0 ],drive [ 59 ] [ 0 ] [ 1699 1905 1778 ] [   23   19   18 ] [   9846   5942  10094 ] [ 0 ],1.00,1.00,1.00,1.00,29.29,-6.74,0.00,0.00,0.00,0.00,0.00,0.00,-0.00,0.00,0.00,0.00,0.00,0.00,-0.00,0.00,0.00,0
11.2109,29,-7,265,0,DRIVE [ 60 ] [ 1 ] [ 1702 1905 1778 ] [    0    0    0 ] [      0      0      0 ] [ 0 ],drive [ 59 ] [ 0 ] [ 1701 1905 1778 ] [   24   19   17 ] [   9846   5942  10094 ] [ 0 ],1.00,1.00,1.00,1.00,29.09,-6.79,0.00,0.00,0.00,0.00,0.00,0.00,-0.00,0.00,0.00,0.00,0.00,0.00,-0.00,0.00,0.00,0
11.2231,29,-7,265,0,DRIVE [ 60 ] [ 1 ] [ 1704 1905 1778 ] [    0    0    0 ] [      0      0      0 ] [ 0 ],drive [ 60 ] [ 0 ] [ 1702 1905 1778 ] [   24   19   17 ] [   9846   5942  10094 ] [ 0 ],1.00,1.00,1.00,1.00,28.95,-6.88,0.00,0.00,0.00,0.00,0.00,0.00,-0.00,0.00,0.00,0.00,0.00,0.00,-0.00,0.00,0.00,0
11.2348,29,-7,264,0,DRIVE [ 61 ] [ 1 ] [ 1706 1905 1778 ] [    0    0    0 ] [      0      0      0 ] [ 0 ],drive [ 60 ] [ 0 ] [ 1704 1905 1778 ] [   24   19   17 ] [   9846   5942  10094 ] [ 0 ],1.00,1.00,1.00,1.00,28.65,-6.97,0.00,0.00,0.00,0.00,0.00,0.00,-0.00,0.00,0.00,0.00,0.00,0.00,-0.00,0.00,0.00,0
11.2472,28,-7,264,0,DRIVE [ 61 ] [ 1 ] [ 1708 1905 1778 ] [    0    0    0 ] [      0      0      0 ] [ 0 ],drive [ 61 ] [ 0 ] [ 1706 1905 1778 ] [   24   19   17 ] [   9842   5942  10094 ] [ 0 ],1.00,1.00,1.00,1.00,28.42,-7.13,0.00,0.00,0.00,0.00,0.00,0.00,-0.00,0.00,0.00,0.00,0.00,0.00,-0.00,0.00,0.00,0
11.2588,28,-7,264,0,DRIVE [ 62 ] [ 1 ] [ 1711 1905 1778 ] [    0    0    0 ] [      0      0      0 ] [ 0 ],drive [ 61 ] [ 0 ] [ 1708 1905 1778 ] [   25   19   17 ] [   9842   5942  10094 ] [ 0 ],1.00,1.00,1.00,1.00,28.14,-7.30,0.00,0.00,0.00,0.00,0.00,0.00,-0.00,0.00,0.00,0.00,0.00,0.00,-0.00,0.00,0.00,0
11.2711,28,-8,263,0,DRIVE [ 62 ] [ 1 ] [ 1713 1905 1777 ] [    0    0    0 ] [      0      0      0 ] [ 0 ],drive [ 62 ] [ 0 ] [ 1711 1905 1778 ] [   25   19   17 ] [   9842   5942  10094 ] [ 0 ],1.00,1.00,1.00,1.00,27.86,-7.51,0.00,0.00,0.00,0.00,0.00,0.00,-0.00,0.00,0.00,0.00,0.00,0.00,-0.00,0.00,0.00,0
11.2835,28,-8,263,0,DRIVE [ 63 ] [ 1 ] [ 1716 1905 1776 ] [    0    0    0 ] [      0      0      0 ] [ 0 ],drive [ 62 ] [ 0 ] [ 1713 1905 1777 ] [   25   19   17 ] [   9842   5942  10094 ] [ 0 ],1.00,1.00,1.00,1.00,27.67,-7.79,0.00,0.00,0.00,0.00,0.00,0.00,-0.00,0.00,0.00,0.00,0.00,0.00,-0.00,0.00,0.00,0
11.2959,27,-8,264,0,DRIVE [ 63 ] [ 1 ] [ 1719 1905 1775 ] [    0    0    0 ] [      0      0      0 ] [ 0 ],drive [ 63 ] [ 0 ] [ 1716 1905 1776 ] [   25   19   17 ] [   9841   5942  10094 ] [ 0 ],1.00,1.00,1.00,1.00,27.47,-8.12,0.00,0.00,0.00,0.00,0.00,0.00,-0.00,0.00,0.00,0.00,0.00,0.00,-0.00,0.00,0.00,0
11.3082,27,-9,265,0,DRIVE [ 64 ] [ 1 ] [ 1723 1905 1773 ] [    0    0    0 ] [      0      0      0 ] [ 0 ],drive [ 63 ] [ 0 ] [ 1719 1905 1775 ] [   24   19   17 ] [   9841   5942  10094 ] [ 0 ],1.00,1.00,1.00,1.00,27.25,-8.58,0.00,0.00,0.00,0.00,0.00,0.00,-0.00,0.00,0.00,0.00,0.00,0.00,-0.00,0.00,0.00,0
11.3207,27,-9,266,0,DRIVE [ 64 ] [ 1 ] [ 1728 1905 1771 ] [    0    0    0 ] [      0      0      0 ] [ 0 ],drive [ 64 ] [ 0 ] [ 1723 1905 1773 ] [   24   19   17 ] [   9841   5942  10094 ] [ 0 ],1.00,1.00,1.00,1.00,26.79,-9.15,0.00,0.00,0.00,0.00,0.00,0.00,-0.00,0.00,0.00,0.00,0.00,0.00,-0.00,0.00,0.00,0
11.3331,26,-10,266,0,DRIVE [ 65 ] [ 1 ] [ 1734 1905 1769 ] [    0    0    0 ] [      0      0      0 ] [ 0 ],drive [ 64 ] [ 0 ] [ 1728 1905 1771 ] [   24   19   17 ] [   9841   5942  10094 ] [ 0 ],1.00,1.00,1.00,1.00,26.32,-9.78,0.00,0.00,0.00,0.00,0.00,0.00,-0.00,0.00,0.00,0.00,0.00,0.00,-0.00,0.00,0.00,0
11.3452,26,-10,266,0,DRIVE [ 65 ] [ 1 ] [ 1739 1905 1766 ] [    0    0    0 ] [      0      0      0 ] [ 0 ],drive [ 65 ] [ 0 ] [ 1734 1905 1769 ] [   24   19   17 ] [   9837   5944  10093 ] [ 0 ],1.00,1.00,1.00,1.00,25.77,-10.34,0.00,0.00,0.00,0.00,0.00,0.00,-0.00,0.00,0.00,0.00,0.00,0.00,-0.00,0.00,0.00,0
11.3574,25,-11,266,0,DRIVE [ 66 ] [ 1 ] [ 1744 1905 1764 ] [    0    0    0 ] [      0      0      0 ] [ 0 ],drive [ 65 ] [ 0 ] [ 1739 1905 1766 ] [   24   19   17 ] [   9837   5944  10093 ] [ 0 ],1.00,1.00,1.00,1.00,25.28,-10.89,0.00,0.00,0.00,0.00,0.00,0.00,-0.00,0.00,0.00,0.00,0.00,0.00,-0.00,0.00,0.00,0
11.3693,25,-11,267,0,DRIVE [ 66 ] [ 1 ] [ 1749 1905 1762 ] [    0    0    0 ] [      0      0      0 ] [ 0 ],drive [ 66 ] [ 0 ] [ 1744 1905 1764 ] [   26   17   18 ] [   9837   5944  10093 ] [ 0 ],1.00,1.00,1.00,1.00,24.84,-11.46,0.00,0.00,0.00,0.00,0.00,0.00,-0.00,0.00,0.00,0.00,0.00,0.00,-0.00,0.00,0.00,0
11.3816,24,-12,266,0,DRIVE [ 67 ] [ 1 ] [ 1754 1905 1761 ] [    0    0    0 ] [      0      0      0 ] [ 0 ],drive [ 66 ] [ 0 ] [ 1749 1905 1762 ] [   26   17   18 ] [   9837   5944  10093 ] [ 0 ],1.00,1.00,1.00,1.00,24.11,-11.80,0.00,0.00,0.00,0.00,0.00,0.00,-0.00,0.00,0.00,0.00,0.00,0.00,-0.00,0.00,0.00,0
11.3937,24,-12,267,0,DRIVE [ 67 ] [ 1 ] [ 1760 1905 1760 ] [    0    0    0 ] [      0      0      0 ] [ 0 ],drive [ 67 ] [ 0 ] [ 1754 1905 1761 ] [   26   17   18 ] [   9817   5945  10094 ] [ 0 ],1.00,1.00,1.00,1.00,23.53,-12.26,0.00,0.00,0.00,0.00,0.00,0.00,-0.00,0.00,0.00,0.00,0.00,0.00,-0.00,0.00,0.00,0
11.4052,23,-13,267,0,DRIVE [ 68 ] [ 1 ] [ 1766 1905 1759 ] [    0    0    0 ] [      0      0      0 ] [ 0 ],drive [ 67 ] [ 0 ] [ 1760 1905 1760 ] [   26   17   18 ] [   9817   5945  10094 ] [ 0 ],1.00,1.00,1.00,1.00,22.80,-12.61,0.00,0.00,0.00,0.00,0.00,0.00,-0.00,0.00,0.00,0.00,0.00,0.00,-0.00,0.00,0.00,0
11.4175,22,-13,268,0,DRIVE [ 68 ] [ 1 ] [ 1772 1905 1759 ] [    0    0    0 ] [      0      0      0 ] [ 0 ],drive [ 68 ] [ 0 ] [ 1766 1905 1759 ] [   35   17   20 ] [   9817   5945  10094 ] [ 0 ],1.00,1.00,1.00,1.00,22.07,-12.94,0.00,0.00,0.00,0.00,0.00,0.00,-0.00,0.00,0.00,0.00,0.00,0.00,-0.00,0.00,0.00,0
11.4295,21,-13,268,0,DRIVE [ 69 ] [ 1 ] [ 1778 1905 1759 ] [    0    0    0 ] [      0      0      0 ] [ 0 ],drive [ 68 ] [ 0 ] [ 1772 1905 1759 ] [   35   17   20 ] [   9817   5945  10094 ] [ 0 ],1.00,1.00,1.00,1.00,21.25,-13.20,0.00,0.00,0.00,0.00,0.00,0.00,-0.00,0.00,0.00,0.00,0.00,0.00,-0.00,0.00,0.00,0
11.4418,20,-13,268,0,DRIVE [ 69 ] [ 1 ] [ 1787 1905 1760 ] [    0    0    0 ] [      0      0      0 ] [ 0 ],drive [ 69 ] [ 0 ] [ 1778 1905 1759 ] [   35   17   20 ] [   9817   5945  10094 ] [ 0 ],1.00,1.00,1.00,1.00,20.10,-13.47,0.00,0.00,0.00,0.00,0.00,0.00,-0.00,0.00,0.00,0.00,0.00,0.00,-0.00,0.00,0.00,0
11.4536,19,-14,269,0,DRIVE [ 70 ] [ 1 ] [ 1795 1905 1761 ] [    0    0    0 ] [      0      0      0 ] [ 0 ],drive [ 69 ] [ 0 ] [ 1787 1905 1760 ] [   35   17   20 ] [   9777   5945  10094 ] [ 0 ],1.00,1.00,1.00,1.00,18.93,-13.73,0.00,0.00,0.00,0.00,0.00,0.00,-0.00,0.00,0.00,0.00,0.00,0.00,-0.00,0.00,0.00,0
11.4659,18,-14,269,0,DRIVE [ 70 ] [ 1 ] [ 1803 1905 1762 ] [    0    0    0 ] [      0      0      0 ] [ 0 ],drive [ 70 ] [ 0 ] [ 1795 1905 1761 ] [   17   17   18 ] [   9777   5945  10094 ] [ 0 ],1.00,1.00,1.00,1.00,17.82,-13.89,0.00,0.00,0.00,0.00,0.00,0.00,-0.00,0.00,0.00,0.00,0.00,0.00,-0.00,0.00,0.00,0
11.4779,17,-14,269,0,DRIVE [ 71 ] [ 1 ] [ 1809 1905 1763 ] [    0    0    0 ] [      0      0      0 ] [ 0 ],drive [ 70 ] [ 0 ] [ 1803 1905 1762 ] [   17   17   18 ] [   9777   5945  10094 ] [ 0 ],1.00,1.00,1.00,1.00,16.89,-13.96,0.00,0.00,0.00,0.00,0.00,0.00,-0.00,0.00,0.00,0.00,0.00,0.00,-0.00,0.00,0.00,0
11.4901,16,-14,270,0,DRIVE [ 71 ] [ 1 ] [ 1815 1905 1765 ] [    0    0    0 ] [      0      0      0 ] [ 0 ],drive [ 71 ] [ 0 ] [ 1809 1905 1763 ] [   17   17   18 ] [   9777   5945  10094 ] [ 0 ],1.00,1.00,1.00,1.00,16.00,-14.04,0.00,0.00,0.00,0.00,0.00,0.00,-0.00,0.00,0.00,0.00,0.00,0.00,-0.00,0.00,0.00,0
11.5018,15,-14,270,0,DRIVE [ 72 ] [ 1 ] [ 1821 1905 1766 ] [    0    0    0 ] [      0      0      0 ] [ 0 ],drive [ 71 ] [ 0 ] [ 1815 1905 1765 ] [   17   17   18 ] [   9706   5945  10097 ] [ 0 ],1.00,1.00,1.00,1.00,15.16,-14.06,0.00,0.00,0.00,0.00,0.00,0.00,-0.00,0.00,0.00,0.00,0.00,0.00,-0.00,0.00,0.00,0
11.5142,14,-14,270,0,DRIVE [ 72 ] [ 1 ] [ 1826 1905 1766 ] [    0    0    0 ] [      0      0      0 ] [ 0 ],drive [ 72 ] [ 0 ] [ 1821 1905 1766 ] [   28   15   16 ] [   9706   5945  10097 ] [ 0 ],1.00,1.00,1.00,1.00,14.29,-14.18,0.00,0.00,0.00,0.00,0.00,0.00,-0.00,0.00,0.00,0.00,0.00,0.00,-0.00,0.00,0.00,0
11.5272,13,-14,270,0,DRIVE [ 73 ] [ 1 ] [ 1832 1905 1766 ] [    0    0    0 ] [      0      0      0 ] [ 0 ],drive [ 72 ] [ 0 ] [ 1826 1905 1766 ] [   28   15   16 ] [   9706   5945  10097 ] [ 0 ],1.00,1.00,1.00,1.00,13.42,-14.28,0.00,0.00,0.00,0.00,0.00,0.00,-0.00,0.00,0.00,0.00,0.00,0.00,-0.00,0.00,0.00,0
11.5388,13,-14,270,0,DRIVE [ 73 ] [ 1 ] [ 1837 1905 1767 ] [    0    0    0 ] [      0      0      0 ] [ 0 ],drive [ 73 ] [ 0 ] [ 1832 1905 1766 ] [   28   15   16 ] [   9706   5945  10097 ] [ 0 ],1.00,1.00,1.00,1.00,12.53,-14.33,0.00,0.00,0.00,0.00,0.00,0.00,-0.00,0.00,0.00,0.00,0.00,0.00,-0.00,0.00,0.00,0
11.5511,12,-14,270,0,DRIVE [ 74 ] [ 1 ] [ 1842 1905 1767 ] [    0    0    0 ] [      0      0      0 ] [ 0 ],drive [ 73 ] [ 0 ] [ 1837 1905 1767 ] [   28   15   16 ] [   9694   5945  10097 ] [ 0 ],1.00,1.00,1.00,1.00,11.74,-14.40,0.00,0.00,0.00,0.00,0.00,0.00,-0.00,0.00,0.00,0.00,0.00,0.00,-0.00,0.00,0.00,0
11.5633,11,-14,270,0,DRIVE [ 74 ] [ 1 ] [ 1847 1905 1767 ] [    0    0    0 ] [      0      0      0 ] [ 0 ],drive [ 74 ] [ 0 ] [ 1842 1905 1767 ] [   30   17   16 ] [   9694   5945  10097 ] [ 0 ],1.00,1.00,1.00,1.00,10.92,-14.40,0.00,0.00,0.00,0.00,0.00,0.00,-0.00,0.00,0.00,0.00,0.00,0.00,-0.00,0.00,0.00,0
11.5752,10,-14,270,0,DRIVE [ 75 ] [ 1 ] [ 1852 1905 1768 ] [    0    0    0 ] [      0      0      0 ] [ 0 ],drive [ 74 ] [ 0 ] [ 1847 1905 1767 ] [   30   17   16 ] [   9694   5945  10097 ] [ 0 ],1.00,1.00,1.00,1.00,10.12,-14.46,0.00,0.00,0.00,0.00,0.00,0.00,-0.00,0.00,0.00,0.00,0.00,0.00,-0.00,0.00,0.00,0
11.5891,9,-14,270,0,DRIVE [ 75 ] [ 1 ] [ 1856 1905 1768 ] [    0    0    0 ] [      0      0      0 ] [ 0 ],drive [ 75 ] [ 0 ] [ 1852 1905 1768 ] [   30   17   16 ] [   9694   5945  10097 ] [ 0 ],1.00,1.00,1.00,1.00,9.38,-14.43,0.00,0.00,0.00,0.00,0.00,0.00,-0.00,0.00,0.00,0.00,0.00,0.00,-0.00,0.00,0.00,0
11.6027,9,-14,270,0,DRIVE [ 76 ] [ 1 ] [ 1860 1905 1768 ] [    0    0    0 ] [      0      0      0 ] [ 0 ],drive [ 75 ] [ 0 ] [ 1856 1905 1768 ] [   30   17   16 ] [   9615   5945  10097 ] [ 0 ],1.00,1.00,1.00,1.00,8.72,-14.41,0.00,0.00,0.00,0.00,0.00,0.00,-0.00,0.00,0.00,0.00,0.00,0.00,-0.00,0.00,0.00,0
11.6144,8,-14,270,0,DRIVE [ 76 ] [ 1 ] [ 1863 1905 1768 ] [    0    0    0 ] [      0      0      0 ] [ 0 ],drive [ 76 ] [ 0 ] [ 1860 1905 1768 ] [   30   18   17 ] [   9615   5945  10097 ] [ 0 ],1.00,1.00,1.00,1.00,8.05,-14.34,0.00,0.00,0.00,0.00,0.00,0.00,-0.00,0.00,0.00,0.00,0.00,0.00,-0.00,0.00,0.00,0
11.6267,8,-14,270,0,DRIVE [ 77 ] [ 1 ] [ 1866 1905 1769 ] [    0    0    0 ] [      0      0      0 ] [ 0 ],drive [ 76 ] [ 0 ] [ 1863 1905 1768 ] [   30   18   17 ] [   9615   5945  10097 ] [ 0 ],1.00,1.00,1.00,1.00,7.57,-14.28,0.00,0.00,0.00,0.00,0.00,0.00,-0.00,0.00,0.00,0.00,0.00,0.00,-0.00,0.00,0.00,0
11.6388,7,-14,269,0,DRIVE [ 77 ] [ 1 ] [ 1869 1905 1770 ] [    0    0    0 ] [      0      0      0 ] [ 0 ],drive [ 77 ] [ 0 ] [ 1866 1905 1769 ] [   30   18   17 ] [   9615   5945  10097 ] [ 0 ],1.00,1.00,1.00,1.00,7.06,-14.11,0.00,0.00,0.00,0.00,0.00,0.00,-0.00,0.00,0.00,0.00,0.00,0.00,-0.00,0.00,0.00,0
11.6504,7,-14,270,0,DRIVE [ 78 ] [ 1 ] [ 1871 1905 1771 ] [    0    0    0 ] [      0      0      0 ] [ 0 ],drive [ 77 ] [ 0 ] [ 1869 1905 1770 ] [   30   18   17 ] [   9532   5945  10100 ] [ 0 ],1.00,1.00,1.00,1.00,6.62,-13.95,0.00,0.00,0.00,0.00,0.00,0.00,-0.00,0.00,0.00,0.00,0.00,0.00,-0.00,0.00,0.00,0
11.6626,6,-14,269,0,DRIVE [ 78 ] [ 1 ] [ 1873 1905 1773 ] [    0    0    0 ] [      0      0      0 ] [ 0 ],drive [ 78 ] [ 0 ] [ 1871 1905 1771 ] [    8   17   13 ] [   9532   5945  10100 ] [ 0 ],1.00,1.00,1.00,1.00,6.31,-13.73,0.00,0.00,0.00,0.00,0.00,0.00,-0.00,0.00,0.00,0.00,0.00,0.00,-0.00,0.00,0.00,0
11.6746,6,-14,268,0,DRIVE [ 79 ] [ 1 ] [ 1874 1905 1775 ] [    0    0    0 ] [      0      0      0 ] [ 0 ],drive [ 78 ] [ 0 ] [ 1873 1905 1773 ] [    8   17   13 ] [   9532   5945  10100 ] [ 0 ],1.00,1.00,1.00,1.00,5.99,-13.52,0.00,0.00,0.00,0.00,0.00,0.00,-0.00,0.00,0.00,0.00,0.00,0.00,-0.00,0.00,0.00,0
11.6865,6,-13,268,0,DRIVE [ 79 ] [ 1 ] [ 1875 1905 1778 ] [    0    0    0 ] [      0      0      0 ] [ 0 ],drive [ 79 ] [ 0 ] [ 1874 1905 1775 ] [    8   17   13 ] [   9532   5945  10100 ] [ 0 ],1.00,1.00,1.00,1.00,5.85,-13.21,0.00,0.00,0.00,0.00,0.00,0.00,-0.00,0.00,0.00,0.00,0.00,0.00,-0.00,0.00,0.00,0
11.6987,6,-13,269,0,DRIVE [ 80 ] [ 1 ] [ 1876 1905 1780 ] [    0    0    0 ] [      0      0      0 ] [ 0 ],drive [ 79 ] [ 0 ] [ 1875 1905 1778 ] [    8   17   13 ] [   9492   5945  10101 ] [ 0 ],1.00,1.00,1.00,1.00,5.68,-13.01,0.00,0.00,0.00,0.00,0.00,0.00,-0.00,0.00,0.00,0.00,0.00,0.00,-0.00,0.00,0.00,0
11.7108,6,-13,270,0,DRIVE [ 80 ] [ 1 ] [ 1877 1905 1782 ] [    0    0    0 ] [      0      0      0 ] [ 0 ],drive [ 80 ] [ 0 ] [ 1876 1905 1780 ] [   16   18   14 ] [   9492   5945  10101 ] [ 0 ],1.00,1.00,1.00,1.00,5.57,-12.81,0.00,0.00,0.00,0.00,0.00,0.00,-0.00,0.00,0.00,0.00,0.00,0.00,-0.00,0.00,0.00,0
11.7227,6,-12,269,0,DRIVE [ 81 ] [ 1 ] [ 1877 1905 1785 ] [    0    0    0 ] [      0      0      0 ] [ 0 ],drive [ 80 ] [ 0 ] [ 1877 1905 1782 ] [   16   18   14 ] [   9492   5945  10101 ] [ 0 ],1.00,1.00,1.00,1.00,5.50,-12.42,0.00,0.00,0.00,0.00,0.00,0.00,-0.00,0.00,0.00,0.00,0.00,0.00,-0.00,0.00,0.00,0
11.7351,5,-12,268,0,DRIVE [ 81 ] [ 1 ] [ 1877 1905 1788 ] [    0    0    0 ] [      0      0      0 ] [ 0 ],drive [ 81 ] [ 0 ] [ 1877 1905 1785 ] [   16   18   14 ] [   9492   5945  10101 ] [ 0 ],1.00,1.00,1.00,1.00,5.40,-12.07,0.00,0.00,0.00,0.00,0.00,0.00,-0.00,0.00,0.00,0.00,0.00,0.00,-0.00,0.00,0.00,0
11.7474,5,-12,267,0,DRIVE [ 82 ] [ 1 ] [ 1877 1905 1792 ] [    0    0    0 ] [      0      0      0 ] [ 0 ],drive [ 81 ] [ 0 ] [ 1877 1905 1788 ] [   16   18   14 ] [   9484   5945  10101 ] [ 0 ],1.00,1.00,1.00,1.00,5.40,-11.70,0.00,0.00,0.00,0.00,0.00,0.00,-0.00,0.00,0.00,0.00,0.00,0.00,-0.00,0.00,0.00,0
11.7596,5,-11,267,0,DRIVE [ 82 ] [ 1 ] [ 1877 1905 1796 ] [    0    0    0 ] [      0      0      0 ] [ 0 ],drive [ 82 ] [ 0 ] [ 1877 1905 1792 ] [   22   18   13 ] [   9484   5945  10101 ] [ 0 ],1.00,1.00,1.00,1.00,5.40,-11.31,0.00,0.00,0.00,0.00,0.00,0.00,-0.00,0.00,0.00,0.00,0.00,0.00,-0.00,0.00,0.00,0
11.7725,6,-11,267,0,DRIVE [ 83 ] [ 1 ] [ 1876 1905 1800 ] [    0    0    0 ] [      0      0      0 ] [ 0 ],drive [ 82 ] [ 0 ] [ 1877 1905 1796 ] [   22   18   13 ] [   9484   5945  10101 ] [ 0 ],1.00,1.00,1.00,1.00,5.52,-10.90,0.00,0.00,0.00,0.00,0.00,0.00,-0.00,0.00,0.00,0.00,0.00,0.00,-0.00,0.00,0.00,0
11.7846,6,-10,268,0,DRIVE [ 83 ] [ 1 ] [ 1875 1905 1805 ] [    0    0    0 ] [      0      0      0 ] [ 0 ],drive [ 83 ] [ 0 ] [ 1876 1905 1800 ] [   22   18   13 ] [   9484   5945  10101 ] [ 0 ],1.00,1.00,1.00,1.00,5.76,-10.48,0.00,0.00,0.00,0.00,0.00,0.00,-0.00,0.00,0.00,0.00,0.00,0.00,-0.00,0.00,0.00,0
11.797,6,-10,268,0,DRIVE [ 84 ] [ 1 ] [ 1874 1905 1808 ] [    0    0    0 ] [      0      0      0 ] [ 0 ],drive [ 83 ] [ 0 ] [ 1875 1905 1805 ] [   22   18   13 ] [   9382   5945  10100 ] [ 0 ],1.00,1.00,1.00,1.00,5.97,-10.10,0.00,0.00,0.00,0.00,0.00,0.00,-0.00,0.00,0.00,0.00,0.00,0.00,-0.00,0.00,0.00,0
11.8092,6,-10,267,0,DRIVE [ 84 ] [ 1 ] [ 1872 1905 1811 ] [    0    0    0 ] [      0      0      0 ] [ 0 ],drive [ 84 ] [ 0 ] [ 1874 1905 1808 ] [   29   17   11 ] [   9382   5945  10100 ] [ 0 ],1.00,1.00,1.00,1.00,6.29,-9.75,0.00,0.00,0.00,0.00,0.00,0.00,-0.00,0.00,0.00,0.00,0.00,0.00,-0.00,0.00,0.00,0
11.8222,7,-9,268,0,DRIVE [ 85 ] [ 1 ] [ 1869 1905 1815 ] [    0    0    0 ] [      0      0      0 ] [ 0 ],drive [ 84 ] [ 0 ] [ 1872 1905 1811 ] [   29   17   11 ] [   9382   5945  10100 ] [ 0 ],1.00,1.00,1.00,1.00,6.70,-9.32,0.00,0.00,0.00,0.00,0.00,0.00,-0.00,0.00,0.00,0.00,0.00,0.00,-0.00,0.00,0.00,0
11.8341,7,-9,268,0,DRIVE [ 85 ] [ 1 ] [ 1866 1905 1819 ] [    0    0    0 ] [      0      0      0 ] [ 0 ],drive [ 85 ] [ 0 ] [ 1869 1905 1815 ] [   29   17   11 ] [   9382   5945  10100 ] [ 0 ],1.00,1.00,1.00,1.00,7.26,-8.91,0.00,0.00,0.00,0.00,0.00,0.00,-0.00,0.00,0.00,0.00,0.00,0.00,-0.00,0.00,0.00,0
11.8464,8,-9,268,0,DRIVE [ 86 ] [ 1 ] [ 1863 1905 1821 ] [    0    0    0 ] [      0      0      0 ] [ 0 ],drive [ 85 ] [ 0 ] [ 1866 1905 1819 ] [   29   17   11 ] [   9290   5946  10101 ] [ 0 ],1.00,1.00,1.00,1.00,7.78,-8.57,0.00,0.00,0.00,0.00,0.00,0.00,-0.00,0.00,0.00,0.00,0.00,0.00,-0.00,0.00,0.00,0
11.8585,8,-8,268,0,DRIVE [ 86 ] [ 1 ] [ 1859 1905 1823 ] [    0    0    0 ] [      0      0      0 ] [ 0 ],drive [ 86 ] [ 0 ] [ 1863 1905 1821 ] [    5   16    9 ] [   9290   5946  10101 ] [ 0 ],1.00,1.00,1.00,1.00,8.30,-8.28,0.00,0.00,0.00,0.00,0.00,0.00,-0.00,0.00,0.00,0.00,0.00,0.00,-0.00,0.00,0.00,0
11.8703,9,-8,268,0,DRIVE [ 87 ] [ 1 ] [ 1855 1905 1824 ] [    0    0    0 ] [      0      0      0 ] [ 0 ],drive [ 86 ] [ 0 ] [ 1859 1905 1823 ] [    5   16    9 ] [   9290   5946  10101 ] [ 0 ],1.00,1.00,1.00,1.00,8.92,-8.01,0.00,0.00,0.00,0.00,0.00,0.00,-0.00,0.00,0.00,0.00,0.00,0.00,-0.00,0.00,0.00,0
11.883,9,-8,268,0,DRIVE [ 87 ] [ 1 ] [ 1851 1905 1825 ] [    0    0    0 ] [      0      0      0 ] [ 0 ],drive [ 87 ] [ 0 ] [ 1855 1905 1824 ] [    5   16    9 ] [   9290   5946  10101 ] [ 0 ],1.00,1.00,1.00,1.00,9.48,-7.80,0.00,0.00,0.00,0.00,0.00,0.00,-0.00,0.00,0.00,0.00,0.00,0.00,-0.00,0.00,0.00,0
11.8951,10,-8,267,0,DRIVE [ 88 ] [ 1 ] [ 1847 1905 1825 ] [    0    0    0 ] [      0      0      0 ] [ 0 ],drive [ 87 ] [ 0 ] [ 1851 1905 1825 ] [    5   16    9 ] [   9290   5947  10100 ] [ 0 ],1.00,1.00,1.00,1.00,9.99,-7.65,0.00,0.00,0.00,0.00,0.00,0.00,-0.00,0.00,0.00,0.00,0.00,0.00,-0.00,0.00,0.00,0
11.9072,11,-8,269,0,DRIVE [ 88 ] [ 1 ] [ 1844 1905 1825 ] [    0    0    0 ] [      0      0      0 ] [ 0 ],drive [ 88 ] [ 0 ] [ 1847 1905 1825 ] [    5   16    9 ] [   9290   5947  10100 ] [ 0 ],1.00,1.00,1.00,1.00,10.51,-7.54,0.00,0.00,0.00,0.00,0.00,0.00,-0.00,0.00,0.00,0.00,0.00,0.00,-0.00,0.00,0.00,0
11.9191,11,-8,268,0,DRIVE [ 89 ] [ 1 ] [ 1841 1905 1825 ] [    0    0    0 ] [      0      0      0 ] [ 0 ],drive [ 88 ] [ 0 ] [ 1844 1905 1825 ] [    7   16    9 ] [   9290   5947  10100 ] [ 0 ],1.00,1.00,1.00,1.00,10.91,-7.51,0.00,0.00,0.00,0.00,0.00,0.00,-0.00,0.00,0.00,0.00,0.00,0.00,-0.00,0.00,0.00,0
11.9314,11,-7,268,0,DRIVE [ 89 ] [ 1 ] [ 1839 1905 1825 ] [    0    0    0 ] [      0      0      0 ] [ 0 ],drive [ 89 ] [ 0 ] [ 1841 1905 1825 ] [    7   16    9 ] [   9290   5947  10100 ] [ 0 ],1.00,1.00,1.00,1.00,11.21,-7.44,0.00,0.00,0.00,0.00,0.00,0.00,-0.00,0.00,0.00,0.00,0.00,0.00,-0.00,0.00,0.00,0
11.9436,11,-7,269,0,DRIVE [ 90 ] [ 1 ] [ 1837 1905 1825 ] [    0    0    0 ] [      0      0      0 ] [ 0 ],drive [ 89 ] [ 0 ] [ 1839 1905 1825 ] [    7   16    9 ] [   9291   5947  10100 ] [ 0 ],1.00,1.00,1.00,1.00,11.48,-7.38,0.00,0.00,0.00,0.00,0.00,0.00,-0.00,0.00,0.00,0.00,0.00,0.00,-0.00,0.00,0.00,0
11.9559,12,-7,269,0,DRIVE [ 90 ] [ 1 ] [ 1835 1905 1825 ] [    0    0    0 ] [      0      0      0 ] [ 0 ],drive [ 90 ] [ 0 ] [ 1837 1905 1825 ] [    7   16    9 ] [   9291   5947  10100 ] [ 0 ],1.00,1.00,1.00,1.00,11.72,-7.31,0.00,0.00,0.00,0.00,0.00,0.00,-0.00,0.00,0.00,0.00,0.00,0.00,-0.00,0.00,0.00,0
11.9677,12,-7,270,0,DRIVE [ 91 ] [ 1 ] [ 1834 1905 1825 ] [    0    0    0 ] [      0      0      0 ] [ 0 ],drive [ 90 ] [ 0 ] [ 1835 1905 1825 ] [    8   17    9 ] [   9291   5947  10100 ] [ 0 ],1.00,1.00,1.00,1.00,11.90,-7.27,0.00,0.00,0.00,0.00,0.00,0.00,-0.00,0.00,0.00,0.00,0.00,0.00,0.00,0.00,0.00,0
11.9799,12,-7,270,0,DRIVE [ 91 ] [ 1 ] [ 1833 1905 1825 ] [    0    0    0 ] [      0      0      0 ] [ 0 ],drive [ 91 ] [ 0 ] [ 1834 1905 1825 ] [    8   17    9 ] [   9291   5947  10100 ] [ 0 ],1.00,1.00,1.00,1.00,12.08,-7.24,0.00,0.00,0.00,0.00,0.00,0.00,-0.00,0.00,0.00,0.00,0.00,0.00,0.00,0.00,0.00,0
11.992,12,-7,270,0,DRIVE [ 92 ] [ 1 ] [ 1833 1905 1825 ] [    0    0    0 ] [      0      0      0 ] [ 0 ],drive [ 91 ] [ 0 ] [ 1833 1905 1825 ] [    8   17    9 ] [   9291   5947  10100 ] [ 0 ],1.00,1.00,1.00,1.00,12.13,-7.17,0.00,0.00,0.00,0.00,0.00,0.00,-0.00,0.00,0.00,0.00,0.00,0.00,0.00,0.00,0.00,0
12.0036,12,-7,271,0,DRIVE [ 92 ] [ 1 ] [ 1832 1905 1825 ] [    0    0    0 ] [      0      0      0 ] [ 0 ],drive [ 92 ] [ 0 ] [ 1833 1905 1825 ] [    8   17    9 ] [   9291   5947  10100 ] [ 0 ],1.00,1.00,1.00,1.00,12.18,-7.13,0.00,0.00,0.00,0.00,0.00,0.00,-0.00,0.00,0.00,0.00,0.00,0.00,0.00,0.00,0.00,0
12.0162,12,-7,270,0,DRIVE [ 93 ] [ 1 ] [ 1832 1905 1825 ] [    0    0    0 ] [      0      0      0 ] [ 0 ],drive [ 92 ] [ 0 ] [ 1832 1905 1825 ] [    8   16   10 ] [   9291   5947  10100 ] [ 0 ],1.00,1.00,1.00,1.00,12.22,-7.13,0.00,0.00,0.00,0.00,0.00,0.00,-0.00,0.00,0.00,0.00,0.00,0.00,0.00,0.00,0.00,0
12.0285,12,-7,268,0,DRIVE [ 93 ] [ 1 ] [ 1831 1905 1826 ] [    0    0    0 ] [      0      0      0 ] [ 0 ],drive [ 93 ] [ 0 ] [ 1832 1905 1825 ] [    8   16   10 ] [   9291   5947  10100 ] [ 0 ],1.00,1.00,1.00,1.00,12.21,-6.99,0.00,0.00,0.00,0.00,0.00,0.00,-0.00,0.00,0.00,0.00,0.00,0.00,0.00,0.00,0.00,0
12.0405,12,-7,269,0,DRIVE [ 94 ] [ 1 ] [ 1831 1905 1826 ] [    0    0    0 ] [      0      0      0 ] [ 0 ],drive [ 93 ] [ 0 ] [ 1831 1905 1826 ] [    8   16   10 ] [   9291   5947  10100 ] [ 0 ],1.00,1.00,1.00,1.00,12.27,-6.88,0.00,0.00,0.00,0.00,0.00,0.00,-0.00,0.00,0.00,0.00,0.00,0.00,0.00,0.00,0.00,0
12.0523,12,-7,270,0,DRIVE [ 94 ] [ 1 ] [ 1830 1905 1827 ] [    0    0    0 ] [      0      0      0 ] [ 0 ],drive [ 94 ] [ 0 ] [ 1831 1905 1826 ] [    8   16   10 ] [   9292   5947  10100 ] [ 0 ],1.00,1.00,1.00,1.00,12.41,-6.81,0.00,0.00,0.00,0.00,0.00,0.00,-0.00,0.00,0.00,0.00,0.00,0.00,0.00,0.00,0.00,0
12.0648,13,-7,270,0,DRIVE [ 95 ] [ 1 ] [ 1829 1905 1827 ] [    0    0    0 ] [      0      0      0 ] [ 0 ],drive [ 94 ] [ 0 ] [ 1830 1905 1827 ] [    8   17    9 ] [   9292   5947  10100 ] [ 0 ],1.00,1.00,1.00,1.00,12.55,-6.73,0.00,0.00,0.00,0.00,0.00,0.00,-0.00,0.00,0.00,0.00,0.00,0.00,0.00,0.00,0.00,0
12.0768,13,-7,270,0,DRIVE [ 95 ] [ 1 ] [ 1828 1905 1827 ] [    0    0    0 ] [      0      0      0 ] [ 0 ],drive [ 95 ] [ 0 ] [ 1829 1905 1827 ] [    8   17    9 ] [   9292   5947  10100 ] [ 0 ],1.00,1.00,1.00,1.00,12.62,-6.67,0.00,0.00,0.00,0.00,0.00,0.00,-0.00,0.00,0.00,0.00,0.00,0.00,0.00,0.00,0.00,0
12.0891,13,-7,269,0,DRIVE [ 96 ] [ 1 ] [ 1828 1905 1827 ] [    0    0    0 ] [      0      0      0 ] [ 0 ],drive [ 95 ] [ 0 ] [ 1828 1905 1827 ] [    8   17    9 ] [   9292   5947  10100 ] [ 0 ],1.00,1.00,1.00,1.00,12.68,-6.69,0.00,0.00,0.00,0.00,0.00,0.00,-0.00,0.00,0.00,0.00,0.00,0.00,0.00,0.00,0.00,0
12.1008,13,-7,270,0,DRIVE [ 96 ] [ 1 ] [ 1827 1905 1827 ] [    0    0    0 ] [      0      0      0 ] [ 0 ],drive [ 96 ] [ 0 ] [ 1828 1905 1827 ] [    8   17    9 ] [   9292   5947  10100 ] [ 0 ],1.00,1.00,1.00,1.00,12.83,-6.66,0.00,0.00,0.00,0.00,0.00,0.00,-0.00,0.00,0.00,0.00,0.00,0.00,0.00,0.00,0.00,0
12.1129,13,-7,270,0,DRIVE [ 97 ] [ 1 ] [ 1826 1905 1827 ] [    0    0    0 ] [      0      0      0 ] [ 0 ],drive [ 96 ] [ 0 ] [ 1827 1905 1827 ] [    8   17    9 ] [   9292   5947  10100 ] [ 0 ],1.00,1.00,1.00,1.00,12.94,-6.63,0.00,0.00,0.00,0.00,0.00,0.00,-0.00,0.00,0.00,0.00,0.00,0.00,0.00,0.00,0.00,0
12.126,13,-7,269,0,DRIVE [ 97 ] [ 1 ] [ 1825 1905 1826 ] [    0    0    0 ] [      0      0      0 ] [ 0 ],drive [ 97 ] [ 0 ] [ 1826 1905 1827 ] [    8   17    9 ] [   9292   5947  10100 ] [ 0 ],1.00,1.00,1.00,1.00,13.02,-6.66,0.00,0.00,0.00,0.00,0.00,0.00,-0.00,0.00,0.00,0.00,0.00,0.00,0.00,0.00,0.00,0
12.139,13,-7,268,0,DRIVE [ 98 ] [ 1 ] [ 1824 1905 1826 ] [    0    0    0 ] [      0      0      0 ] [ 0 ],drive [ 97 ] [ 0 ] [ 1825 1905 1826 ] [    8   17    9 ] [   9292   5947  10100 ] [ 0 ],1.00,1.00,1.00,1.00,13.05,-6.58,0.00,0.00,0.00,0.00,0.00,0.00,-0.00,0.00,0.00,0.00,0.00,0.00,0.00,0.00,0.00,0
12.1532,13,-6,269,0,DRIVE [ 98 ] [ 1 ] [ 1823 1905 1827 ] [    0    0    0 ] [      0      0      0 ] [ 0 ],drive [ 98 ] [ 0 ] [ 1824 1905 1826 ] [    8   17    9 ] [   9292   5947  10100 ] [ 0 ],1.00,1.00,1.00,1.00,13.27,-6.50,0.00,0.00,0.00,0.00,0.00,0.00,-0.00,0.00,0.00,0.00,0.00,0.00,0.00,0.00,0.00,0
12.1655,13,-6,270,0,DRIVE [ 99 ] [ 1 ] [ 1822 1905 1827 ] [    0    0    0 ] [      0      0      0 ] [ 0 ],drive [ 98 ] [ 0 ] [ 1823 1905 1827 ] [    8   17    9 ] [   9292   5947  10100 ] [ 0 ],1.00,1.00,1.00,1.00,13.39,-6.41,0.00,0.00,0.00,0.00,0.00,0.00,-0.00,0.00,0.00,0.00,0.00,0.00,0.00,0.00,0.00,0
12.1777,14,-6,269,0,DRIVE [ 99 ] [ 1 ] [ 1821 1905 1827 ] [    0    0    0 ] [      0      0      0 ] [ 0 ],drive [ 99 ] [ 0 ] [ 1822 1905 1827 ] [    8   17    9 ] [   9292   5947  10100 ] [ 0 ],1.00,1.00,1.00,1.00,13.51,-6.35,0.00,0.00,0.00,0.00,0.00,0.00,-0.00,0.00,0.00,0.00,0.00,0.00,0.00,0.00,0.00,0
12.1892,14,-6,269,0,DRIVE [ 00 ] [ 1 ] [ 1820 1905 1827 ] [    0    0    0 ] [      0      0      0 ] [ 0 ],drive [ 99 ] [ 0 ] [ 1821 1905 1827 ] [    8   17    9 ] [   9292   5947  10100 ] [ 0 ],1.00,1.00,1.00,1.00,13.64,-6.27,0.00,0.00,0.00,0.00,0.00,0.00,-0.00,0.00,0.00,0.00,0.00,0.00,0.00,0.00,0.00,0
12.2013,14,-6,269,0,DRIVE [ 00 ] [ 1 ] [ 1819 1905 1827 ] [    0    0    0 ] [      0      0      0 ] [ 0 ],drive [ 00 ] [ 0 ] [ 1820 1905 1827 ] [    8   17    9 ] [   9292   5947  10100 ] [ 0 ],1.00,1.00,1.00,1.00,13.79,-6.28,0.00,0.00,0.00,0.00,0.00,0.00,-0.00,0.00,0.00,0.00,0.00,0.00,0.00,0.00,0.00,0
12.2133,14,-6,269,0,DRIVE [ 01 ] [ 1 ] [ 1817 1905 1826 ] [    0    0    0 ] [      0      0      0 ] [ 0 ],drive [ 00 ] [ 0 ] [ 1819 1905 1827 ] [   10   16    9 ] [   9292   5947  10100 ] [ 0 ],1.00,1.00,1.00,1.00,14.05,-6.24,0.00,0.00,0.00,0.00,0.00,0.00,-0.00,0.00,0.00,0.00,0.00,0.00,0.00,0.00,0.00,0
12.2251,14,-6,269,0,DRIVE [ 01 ] [ 1 ] [ 1815 1905 1825 ] [    0    0    0 ] [      0      0      0 ] [ 0 ],drive [ 01 ] [ 0 ] [ 1817 1905 1826 ] [   10   16    9 ] [   9292   5947  10100 ] [ 0 ],1.00,1.00,1.00,1.00,14.21,-6.27,0.00,0.00,0.00,0.00,0.00,0.00,-0.00,0.00,0.00,0.00,0.00,0.00,0.00,0.00,0.00,0
12.2369,14,-6,269,0,DRIVE [ 02 ] [ 1 ] [ 1814 1905 1826 ] [    0    0    0 ] [      0      0      0 ] [ 0 ],drive [ 01 ] [ 0 ] [ 1815 1905 1825 ] [   10   16    9 ] [   9292   5947  10100 ] [ 0 ],1.00,1.00,1.00,1.00,14.34,-6.22,0.00,0.00,0.00,0.00,0.00,0.00,-0.00,0.00,0.00,0.00,0.00,0.00,0.00,0.00,0.00,0
12.2491,14,-6,268,0,DRIVE [ 02 ] [ 1 ] [ 1813 1905 1826 ] [    0    0    0 ] [      0      0      0 ] [ 0 ],drive [ 02 ] [ 0 ] [ 1814 1905 1826 ] [   10   16    9 ] [   9292   5947  10100 ] [ 0 ],1.00,1.00,1.00,1.00,14.48,-6.07,0.00,0.00,0.00,0.00,0.00,0.00,-0.00,0.00,0.00,0.00,0.00,0.00,0.00,0.00,0.00,0
12.2612,15,-6,268,0,DRIVE [ 03 ] [ 1 ] [ 1812 1905 1826 ] [    0    0    0 ] [      0      0      0 ] [ 0 ],drive [ 02 ] [ 0 ] [ 1813 1905 1826 ] [    9   17    8 ] [   9292   5947  10100 ] [ 0 ],1.00,1.00,1.00,1.00,14.63,-5.94,0.00,0.00,0.00,0.00,0.00,0.00,-0.00,0.00,0.00,0.00,0.00,0.00,0.00,0.00,0.00,0
12.274,15,-6,268,0,DRIVE [ 03 ] [ 1 ] [ 1811 1905 1826 ] [    0    0    0 ] [      0      0      0 ] [ 0 ],drive [ 03 ] [ 0 ] [ 1812 1905 1826 ] [    9   17    8 ] [   9292   5947  10100 ] [ 0 ],1.00,1.00,1.00,1.00,14.76,-5.93,0.00,0.00,0.00,0.00,0.00,0.00,-0.00,0.00,0.00,0.00,0.00,0.00,0.00,0.00,0.00,0
12.2857,15,-6,267,0,DRIVE [ 04 ] [ 1 ] [ 1809 1905 1826 ] [    0    0    0 ] [      0      0      0 ] [ 0 ],drive [ 03 ] [ 0 ] [ 1811 1905 1826 ] [    9   17    8 ] [   9292   5947  10100 ] [ 0 ],1.00,1.00,1.00,1.00,14.82,-5.82,0.00,0.00,0.00,0.00,0.00,0.00,-0.00,0.00,0.00,0.00,0.00,0.00,0.00,0.00,0.00,0
12.2989,15,-6,267,0,DRIVE [ 04 ] [ 1 ] [ 1809 1905 1826 ] [    0    0    0 ] [      0      0      0 ] [ 0 ],drive [ 04 ] [ 0 ] [ 1809 1905 1826 ] [    9   17    8 ] [   9292   5947  10100 ] [ 0 ],1.00,1.00,1.00,1.00,14.95,-5.85,0.00,0.00,0.00,0.00,0.00,0.00,-0.00,0.00,0.00,0.00,0.00,0.00,0.00,0.00,0.00,0
12.3111,15,-6,268,0,DRIVE [ 05 ] [ 1 ] [ 1807 1905 1826 ] [    0    0    0 ] [      0      0      0 ] [ 0 ],drive [ 04 ] [ 0 ] [ 1809 1905 1826 ] [   10   16   10 ] [   9292   5947  10100 ] [ 0 ],1.00,1.00,1.00,1.00,15.10,-5.77,0.00,0.00,0.00,0.00,0.00,0.00,-0.00,0.00,0.00,0.00,0.00,0.00,0.00,0.00,0.00,0
12.3227,15,-6,268,0,DRIVE [ 05 ] [ 1 ] [ 1806 1905 1826 ] [    0    0    0 ] [      0      0      0 ] [ 0 ],drive [ 05 ] [ 0 ] [ 1807 1905 1826 ] [   10   16   10 ] [   9292   5947  10100 ] [ 0 ],1.00,1.00,1.00,1.00,15.28,-5.70,0.00,0.00,0.00,0.00,0.00,0.00,-0.00,0.00,0.00,0.00,0.00,0.00,0.00,0.00,0.00,0
12.335,15,-6,268,0,DRIVE [ 06 ] [ 1 ] [ 1805 1905 1827 ] [    0    0    0 ] [      0      0      0 ] [ 0 ],drive [ 05 ] [ 0 ] [ 1806 1905 1826 ] [   10   16   10 ] [   9292   5947  10100 ] [ 0 ],1.00,1.00,1.00,1.00,15.37,-5.58,0.00,0.00,0.00,0.00,0.00,0.00,-0.00,0.00,0.00,0.00,0.00,0.00,0.00,0.00,0.00,0
12.3472,16,-5,269,0,DRIVE [ 06 ] [ 1 ] [ 1804 1905 1827 ] [    0    0    0 ] [      0      0      0 ] [ 0 ],drive [ 06 ] [ 0 ] [ 1805 1905 1827 ] [   10   16   10 ] [   9292   5947  10100 ] [ 0 ],1.00,1.00,1.00,1.00,15.57,-5.49,0.00,0.00,0.00,0.00,0.00,0.00,-0.00,0.00,0.00,0.00,0.00,0.00,0.00,0.00,0.00,0
12.3593,16,-5,268,0,DRIVE [ 07 ] [ 1 ] [ 1802 1905 1827 ] [    0    0    0 ] [      0      0      0 ] [ 0 ],drive [ 06 ] [ 0 ] [ 1804 1905 1827 ] [   11   15    7 ] [   9292   5947  10100 ] [ 0 ],1.00,1.00,1.00,1.00,15.70,-5.44,0.00,0.00,0.00,0.00,0.00,0.00,-0.00,0.00,0.00,0.00,0.00,0.00,0.00,0.00,0.00,0
12.373,16,-5,268,0,DRIVE [ 07 ] [ 1 ] [ 1801 1905 1828 ] [    0    0    0 ] [      0      0      0 ] [ 0 ],drive [ 07 ] [ 0 ] [ 1802 1905 1827 ] [   11   15    7 ] [   9292   5947  10100 ] [ 0 ],1.00,1.00,1.00,1.00,15.76,-5.27,0.00,0.00,0.00,0.00,0.00,0.00,-0.00,0.00,0.00,0.00,0.00,0.00,0.00,0.00,0.00,0
12.3849,16,-5,267,0,DRIVE [ 08 ] [ 1 ] [ 1800 1905 1828 ] [    0    0    0 ] [      0      0      0 ] [ 0 ],drive [ 07 ] [ 0 ] [ 1801 1905 1828 ] [   11   15    7 ] [   9292   5947  10100 ] [ 0 ],1.00,1.00,1.00,1.00,15.78,-5.09,0.00,0.00,0.00,0.00,0.00,0.00,-0.00,0.00,0.00,0.00,0.00,0.00,0.00,0.00,0.00,0
12.399,16,-5,267,0,DRIVE [ 08 ] [ 1 ] [ 1799 1905 1829 ] [    0    0    0 ] [      0      0      0 ] [ 0 ],drive [ 08 ] [ 0 ] [ 1800 1905 1828 ] [   11   15    7 ] [   9293   5947  10100 ] [ 0 ],1.00,1.00,1.00,1.00,15.92,-5.00,0.00,0.00,0.00,0.00,0.00,0.00,-0.00,0.00,0.00,0.00,0.00,0.00,0.00,0.00,0.00,0
12.4126,16,-5,268,0,DRIVE [ 09 ] [ 1 ] [ 1798 1905 1829 ] [    0    0    0 ] [      0      0      0 ] [ 0 ],drive [ 08 ] [ 0 ] [ 1799 1905 1829 ] [   11   16    9 ] [   9293   5947  10100 ] [ 0 ],1.00,1.00,1.00,1.00,16.04,-4.89,0.00,0.00,0.00,0.00,0.00,0.00,-0.00,0.00,0.00,0.00,0.00,0.00,0.00,0.00,0.00,0
12.4268,16,-5,268,0,DRIVE [ 09 ] [ 1 ] [ 1797 1905 1829 ] [    0    0    0 ] [      0      0      0 ] [ 0 ],drive [ 09 ] [ 0 ] [ 1798 1905 1829 ] [   11   16    9 ] [   9293   5947  10100 ] [ 0 ],1.00,1.00,1.00,1.00,16.16,-4.80,0.00,0.00,0.00,0.00,0.00,0.00,-0.00,0.00,0.00,0.00,0.00,0.00,0.00,0.00,0.00,0
12.4391,16,-5,268,0,DRIVE [ 10 ] [ 1 ] [ 1796 1905 1829 ] [    0    0    0 ] [      0      0      0 ] [ 0 ],drive [ 09 ] [ 0 ] [ 1797 1905 1829 ] [   11   16    9 ] [   9293   5947  10100 ] [ 0 ],1.00,1.00,1.00,1.00,16.24,-4.77,0.00,0.00,0.00,0.00,0.00,0.00,-0.00,0.00,0.00,0.00,0.00,0.00,0.00,0.00,0.00,0
12.4512,16,-5,268,0,DRIVE [ 10 ] [ 1 ] [ 1796 1905 1829 ] [    0    0    0 ] [      0      0      0 ] [ 0 ],drive [ 10 ] [ 0 ] [ 1796 1905 1829 ] [   11   16    9 ] [   9293   5947  10100 ] [ 0 ],1.00,1.00,1.00,1.00,16.30,-4.84,0.00,0.00,0.00,0.00,0.00,0.00,-0.00,0.00,0.00,0.00,0.00,0.00,0.00,0.00,0.00,0
12.4655,16,-5,267,0,DRIVE [ 11 ] [ 1 ] [ 1796 1905 1829 ] [    0    0    0 ] [      0      0      0 ] [ 0 ],drive [ 10 ] [ 0 ] [ 1796 1905 1829 ] [   12   17    9 ] [   9293   5947  10100 ] [ 0 ],1.00,1.00,1.00,1.00,16.31,-4.81,0.00,0.00,0.00,0.00,0.00,0.00,-0.00,0.00,0.00,0.00,0.00,0.00,0.00,0.00,0.00,0
12.4784,16,-5,268,0,DRIVE [ 11 ] [ 1 ] [ 1795 1905 1828 ] [    0    0    0 ] [      0      0      0 ] [ 0 ],drive [ 11 ] [ 0 ] [ 1796 1905 1829 ] [   12   17    9 ] [   9293   5947  10100 ] [ 0 ],1.00,1.00,1.00,1.00,16.37,-4.83,0.00,0.00,0.00,0.00,0.00,0.00,-0.00,0.00,0.00,0.00,0.00,0.00,0.00,0.00,0.00,0
12.4927,16,-5,267,0,DRIVE [ 12 ] [ 1 ] [ 1795 1905 1828 ] [    0    0    0 ] [      0      0      0 ] [ 0 ],drive [ 11 ] [ 0 ] [ 1795 1905 1828 ] [   12   17    9 ] [   9293   5947  10100 ] [ 0 ],1.00,1.00,1.00,1.00,16.40,-4.84,0.00,0.00,0.00,0.00,0.00,0.00,-0.00,0.00,0.00,0.00,0.00,0.00,0.00,0.00,0.00,0
12.506,17,-5,267,0,DRIVE [ 12 ] [ 1 ] [ 1794 1905 1827 ] [    0    0    0 ] [      0      0      0 ] [ 0 ],drive [ 12 ] [ 0 ] [ 1795 1905 1828 ] [   12   17    9 ] [   9293   5947  10100 ] [ 0 ],1.00,1.00,1.00,1.00,16.53,-5.00,0.00,0.00,0.00,0.00,0.00,0.00,-0.00,0.00,0.00,0.00,0.00,0.00,0.00,0.00,0.00,0
12.5181,17,-5,267,0,DRIVE [ 13 ] [ 1 ] [ 1794 1905 1826 ] [    0    0    0 ] [      0      0      0 ] [ 0 ],drive [ 12 ] [ 0 ] [ 1794 1905 1827 ] [   12   16    8 ] [   9293   5947  10100 ] [ 0 ],1.00,1.00,1.00,1.00,16.63,-5.07,0.00,0.00,0.00,0.00,0.00,0.00,-0.00,0.00,0.00,0.00,0.00,0.00,0.00,0.00,0.00,0
12.5303,17,-5,268,0,DRIVE [ 13 ] [ 1 ] [ 1793 1905 1825 ] [    0    0    0 ] [      0      0      0 ] [ 0 ],drive [ 13 ] [ 0 ] [ 1794 1905 1826 ] [   12   16    8 ] [   9293   5947  10100 ] [ 0 ],1.00,1.00,1.00,1.00,16.82,-5.18,0.00,0.00,0.00,0.00,0.00,0.00,-0.00,0.00,0.00,0.00,0.00,0.00,0.00,0.00,0.00,0
12.5425,17,-5,268,0,DRIVE [ 14 ] [ 1 ] [ 1792 1905 1824 ] [    0    0    0 ] [      0      0      0 ] [ 0 ],drive [ 13 ] [ 0 ] [ 1793 1905 1825 ] [   12   16    8 ] [   9293   5947  10100 ] [ 0 ],1.00,1.00,1.00,1.00,16.95,-5.25,0.00,0.00,0.00,0.00,0.00,0.00,-0.00,0.00,0.00,0.00,0.00,0.00,0.00,0.00,0.00,0
12.5559,17,-5,268,0,DRIVE [ 14 ] [ 1 ] [ 1792 1905 1824 ] [    0    0    0 ] [      0      0      0 ] [ 0 ],drive [ 14 ] [ 0 ] [ 1792 1905 1824 ] [   12   16    8 ] [   9294   5947  10100 ] [ 0 ],1.00,1.00,1.00,1.00,17.03,-5.31,0.00,0.00,0.00,0.00,0.00,0.00,-0.00,0.00,0.00,0.00,0.00,0.00,0.00,0.00,0.00,0
12.5679,17,-5,268,0,DRIVE [ 15 ] [ 1 ] [ 1792 1905 1823 ] [    0    0    0 ] [      0      0      0 ] [ 0 ],drive [ 14 ] [ 0 ] [ 1792 1905 1824 ] [   12   16    9 ] [   9294   5947  10100 ] [ 0 ],1.00,1.00,1.00,1.00,17.08,-5.37,0.00,0.00,0.00,0.00,0.00,0.00,-0.00,0.00,0.00,0.00,0.00,0.00,0.00,0.00,0.00,0
12.5805,17,-5,267,0,DRIVE [ 15 ] [ 1 ] [ 1791 1905 1823 ] [    0    0    0 ] [      0      0      0 ] [ 0 ],drive [ 15 ] [ 0 ] [ 1792 1905 1823 ] [   12   16    9 ] [   9294   5947  10100 ] [ 0 ],1.00,1.00,1.00,1.00,17.10,-5.38,0.00,0.00,0.00,0.00,0.00,0.00,-0.00,0.00,0.00,0.00,0.00,0.00,0.00,0.00,0.00,0
12.593,17,-5,268,0,DRIVE [ 16 ] [ 1 ] [ 1790 1905 1822 ] [    0    0    0 ] [      0      0      0 ] [ 0 ],drive [ 15 ] [ 0 ] [ 1791 1905 1823 ] [   12   16    9 ] [   9294   5947  10100 ] [ 0 ],1.00,1.00,1.00,1.00,17.27,-5.42,0.00,0.00,0.00,0.00,0.00,0.00,-0.00,0.00,0.00,0.00,0.00,0.00,0.00,0.00,0.00,0
12.6049,17,-5,268,0,DRIVE [ 16 ] [ 1 ] [ 1790 1905 1821 ] [    0    0    0 ] [      0      0      0 ] [ 0 ],drive [ 16 ] [ 0 ] [ 1790 1905 1822 ] [   12   16    9 ] [   9294   5947  10100 ] [ 0 ],1.00,1.00,1.00,1.00,17.39,-5.49,0.00,0.00,0.00,0.00,0.00,0.00,-0.00,0.00,0.00,0.00,0.00,0.00,0.00,0.00,0.00,0
12.6173,18,-6,268,0,DRIVE [ 17 ] [ 1 ] [ 1788 1905 1821 ] [    0    0    0 ] [      0      0      0 ] [ 0 ],drive [ 16 ] [ 0 ] [ 1790 1905 1821 ] [   12   16    9 ] [   9294   5947  10100 ] [ 0 ],1.00,1.00,1.00,1.00,17.58,-5.53,0.00,0.00,0.00,0.00,0.00,0.00,-0.00,0.00,0.00,0.00,0.00,0.00,0.00,0.00,0.00,0
12.6289,18,-6,268,0,DRIVE [ 17 ] [ 1 ] [ 1787 1905 1820 ] [    0    0    0 ] [      0      0      0 ] [ 0 ],drive [ 17 ] [ 0 ] [ 1788 1905 1821 ] [   12   16    9 ] [   9294   5947  10100 ] [ 0 ],1.00,1.00,1.00,1.00,17.79,-5.54,0.00,0.00,0.00,0.00,0.00,0.00,-0.00,0.00,0.00,0.00,0.00,0.00,0.00,0.00,0.00,0
12.641,18,-6,268,0,DRIVE [ 18 ] [ 1 ] [ 1786 1905 1820 ] [    0    0    0 ] [      0      0      0 ] [ 0 ],drive [ 17 ] [ 0 ] [ 1787 1905 1820 ] [   12   16    9 ] [   9294   5947  10100 ] [ 0 ],1.00,1.00,1.00,1.00,17.93,-5.54,0.00,0.00,0.00,0.00,0.00,0.00,-0.00,0.00,0.00,0.00,0.00,0.00,0.00,0.00,0.00,0
12.6526,18,-5,267,0,DRIVE [ 18 ] [ 1 ] [ 1785 1905 1820 ] [    0    0    0 ] [      0      0      0 ] [ 0 ],drive [ 18 ] [ 0 ] [ 1786 1905 1820 ] [   12   16    9 ] [   9294   5947  10100 ] [ 0 ],1.00,1.00,1.00,1.00,17.96,-5.40,0.00,0.00,0.00,0.00,0.00,0.00,-0.00,0.00,0.00,0.00,0.00,0.00,0.00,0.00,0.00,0
12.6647,18,-5,268,0,DRIVE [ 19 ] [ 1 ] [ 1783 1905 1821 ] [    0    0    0 ] [      0      0      0 ] [ 0 ],drive [ 18 ] [ 0 ] [ 1785 1905 1820 ] [   12   16   10 ] [   9294   5947  10100 ] [ 0 ],1.00,1.00,1.00,1.00,18.14,-5.28,0.00,0.00,0.00,0.00,0.00,0.00,-0.00,0.00,0.00,0.00,0.00,0.00,0.00,0.00,0.00,0
12.6769,18,-5,268,0,DRIVE [ 19 ] [ 1 ] [ 1782 1905 1820 ] [    0    0    0 ] [      0      0      0 ] [ 0 ],drive [ 19 ] [ 0 ] [ 1783 1905 1821 ] [   12   16   10 ] [   9294   5947  10100 ] [ 0 ],1.00,1.00,1.00,1.00,18.27,-5.26,0.00,0.00,0.00,0.00,0.00,0.00,-0.00,0.00,0.00,0.00,0.00,0.00,0.00,0.00,0.00,0
12.6891,18,-5,268,0,DRIVE [ 20 ] [ 1 ] [ 1781 1905 1821 ] [    0    0    0 ] [      0      0      0 ] [ 0 ],drive [ 19 ] [ 0 ] [ 1782 1905 1820 ] [   12   16   10 ] [   9294   5947  10100 ] [ 0 ],1.00,1.00,1.00,1.00,18.36,-5.17,0.00,0.00,0.00,0.00,0.00,0.00,-0.00,0.00,0.00,0.00,0.00,0.00,0.00,0.00,0.00,0
12.701,18,-5,268,0,DRIVE [ 20 ] [ 1 ] [ 1781 1905 1821 ] [    0    0    0 ] [      0      0      0 ] [ 0 ],drive [ 20 ] [ 0 ] [ 1781 1905 1821 ] [   12   16   10 ] [   9294   5947  10100 ] [ 0 ],1.00,1.00,1.00,1.00,18.41,-5.14,0.00,0.00,0.00,0.00,0.00,0.00,-0.00,0.00,0.00,0.00,0.00,0.00,0.00,0.00,0.00,0
12.7132,18,-5,268,0,DRIVE [ 21 ] [ 1 ] [ 1780 1905 1821 ] [    0    0    0 ] [      0      0      0 ] [ 0 ],drive [ 20 ] [ 0 ] [ 1781 1905 1821 ] [   12   17   10 ] [   9294   5947  10100 ] [ 0 ],1.00,1.00,1.00,1.00,18.48,-5.11,0.00,0.00,0.00,0.00,0.00,0.00,-0.00,0.00,0.00,0.00,0.00,0.00,0.00,0.00,0.00,0
12.7252,18,-5,268,0,DRIVE [ 21 ] [ 1 ] [ 1780 1905 1821 ] [    0    0    0 ] [      0      0      0 ] [ 0 ],drive [ 21 ] [ 0 ] [ 1780 1905 1821 ] [   12   17   10 ] [   9294   5947  10100 ] [ 0 ],1.00,1.00,1.00,1.00,18.48,-5.10,0.00,0.00,0.00,0.00,0.00,0.00,-0.00,0.00,0.00,0.00,0.00,0.00,0.00,0.00,0.00,0
12.7371,19,-5,268,0,DRIVE [ 22 ] [ 1 ] [ 1780 1905 1820 ] [    0    0    0 ] [      0      0      0 ] [ 0 ],drive [ 21 ] [ 0 ] [ 1780 1905 1821 ] [   12   17   10 ] [   9294   5947  10100 ] [ 0 ],1.00,1.00,1.00,1.00,18.52,-5.13,0.00,0.00,0.00,0.00,0.00,0.00,-0.00,0.00,0.00,0.00,0.00,0.00,0.00,0.00,0.00,0
12.7495,19,-5,268,0,DRIVE [ 22 ] [ 1 ] [ 1780 1905 1819 ] [    0    0    0 ] [      0      0      0 ] [ 0 ],drive [ 22 ] [ 0 ] [ 1780 1905 1820 ] [   12   17   10 ] [   9294   5947  10100 ] [ 0 ],1.00,1.00,1.00,1.00,18.56,-5.27,0.00,0.00,0.00,0.00,0.00,0.00,-0.00,0.00,0.00,0.00,0.00,0.00,0.00,0.00,0.00,0
12.7624,19,-5,268,0,DRIVE [ 23 ] [ 1 ] [ 1781 1905 1819 ] [    0    0    0 ] [      0      0      0 ] [ 0 ],drive [ 22 ] [ 0 ] [ 1780 1905 1819 ] [   12   16    9 ] [   9294   5947  10100 ] [ 0 ],1.00,1.00,1.00,1.00,18.56,-5.40,0.00,0.00,0.00,0.00,0.00,0.00,-0.00,0.00,0.00,0.00,0.00,0.00,0.00,0.00,0.00,0
12.7747,19,-5,269,0,DRIVE [ 23 ] [ 1 ] [ 1781 1905 1818 ] [    0    0    0 ] [      0      0      0 ] [ 0 ],drive [ 23 ] [ 0 ] [ 1781 1905 1819 ] [   12   16    9 ] [   9294   5947  10100 ] [ 0 ],1.00,1.00,1.00,1.00,18.56,-5.47,0.00,0.00,0.00,0.00,0.00,0.00,-0.00,0.00,0.00,0.00,0.00,0.00,0.00,0.00,0.00,0
12.7864,19,-5,268,0,DRIVE [ 24 ] [ 1 ] [ 1781 1905 1818 ] [    0    0    0 ] [      0      0      0 ] [ 0 ],drive [ 23 ] [ 0 ] [ 1781 1905 1818 ] [   12   16    9 ] [   9294   5947  10100 ] [ 0 ],1.00,1.00,1.00,1.00,18.60,-5.45,0.00,0.00,0.00,0.00,0.00,0.00,-0.00,0.00,0.00,0.00,0.00,0.00,0.00,0.00,0.00,0
12.7995,19,-5,268,0,DRIVE [ 24 ] [ 1 ] [ 1780 1905 1818 ] [    0    0    0 ] [      0      0      0 ] [ 0 ],drive [ 24 ] [ 0 ] [ 1781 1905 1818 ] [   12   16    9 ] [   9294   5947  10100 ] [ 0 ],1.00,1.00,1.00,1.00,18.61,-5.43,0.00,0.00,0.00,0.00,0.00,0.00,-0.00,0.00,0.00,0.00,0.00,0.00,0.00,0.00,0.00,0
12.8117,19,-5,267,0,DRIVE [ 25 ] [ 1 ] [ 1780 1905 1818 ] [    0    0    0 ] [      0      0      0 ] [ 0 ],drive [ 24 ] [ 0 ] [ 1780 1905 1818 ] [   13   17    9 ] [   9294   5947  10100 ] [ 0 ],1.00,1.00,1.00,1.00,18.63,-5.48,0.00,0.00,0.00,0.00,0.00,0.00,-0.00,0.00,0.00,0.00,0.00,0.00,0.00,0.00,0.00,0
12.824,19,-5,268,0,DRIVE [ 25 ] [ 1 ] [ 1780 1905 1818 ] [    0    0    0 ] [      0      0      0 ] [ 0 ],drive [ 25 ] [ 0 ] [ 1780 1905 1818 ] [   13   17    9 ] [   9294   5947  10100 ] [ 0 ],1.00,1.00,1.00,1.00,18.71,-5.43,0.00,0.00,0.00,0.00,0.00,0.00,-0.00,0.00,0.00,0.00,0.00,0.00,0.00,0.00,0.00,0
12.8358,19,-5,269,0,DRIVE [ 26 ] [ 1 ] [ 1779 1905 1818 ] [    0    0    0 ] [      0      0      0 ] [ 0 ],drive [ 25 ] [ 0 ] [ 1780 1905 1818 ] [   13   17    9 ] [   9294   5947  10100 ] [ 0 ],1.00,1.00,1.00,1.00,18.82,-5.40,0.00,0.00,0.00,0.00,0.00,0.00,-0.00,0.00,0.00,0.00,0.00,0.00,0.00,0.00,0.00,0
12.8482,19,-5,269,0,DRIVE [ 26 ] [ 1 ] [ 1779 1905 1818 ] [    0    0    0 ] [      0      0      0 ] [ 0 ],drive [ 26 ] [ 0 ] [ 1779 1905 1818 ] [   13   17    9 ] [   9294   5947  10100 ] [ 0 ],1.00,1.00,1.00,1.00,18.85,-5.36,0.00,0.00,0.00,0.00,0.00,0.00,-0.00,0.00,0.00,0.00,0.00,0.00,0.00,0.00,0.00,0
12.8604,19,-5,269,0,DRIVE [ 27 ] [ 1 ] [ 1778 1905 1819 ] [    0    0    0 ] [      0      0      0 ] [ 0 ],drive [ 26 ] [ 0 ] [ 1779 1905 1818 ] [   14   16    9 ] [   9294   5947  10100 ] [ 0 ],1.00,1.00,1.00,1.00,18.88,-5.29,0.00,0.00,0.00,0.00,0.00,0.00,-0.00,0.00,0.00,0.00,0.00,0.00,0.00,0.00,0.00,0
12.8724,19,-5,268,0,DRIVE [ 27 ] [ 1 ] [ 1778 1905 1819 ] [    0    0    0 ] [      0      0      0 ] [ 0 ],drive [ 27 ] [ 0 ] [ 1778 1905 1819 ] [   14   16    9 ] [   9294   5947  10100 ] [ 0 ],1.00,1.00,1.00,1.00,18.90,-5.26,0.00,0.00,0.00,0.00,0.00,0.00,-0.00,0.00,0.00,0.00,0.00,0.00,0.00,0.00,0.00,0
12.8848,19,-5,268,0,DRIVE [ 28 ] [ 1 ] [ 1777 1905 1819 ] [    0    0    0 ] [      0      0      0 ] [ 0 ],drive [ 27 ] [ 0 ] [ 1778 1905 1819 ] [   14   16    9 ] [   9294   5947  10100 ] [ 0 ],1.00,1.00,1.00,1.00,18.90,-5.14,0.00,0.00,0.00,0.00,0.00,0.00,-0.00,0.00,0.00,0.00,0.00,0.00,0.00,0.00,0.00,0
12.897,19,-5,267,0,DRIVE [ 28 ] [ 1 ] [ 1776 1905 1820 ] [    0    0    0 ] [      0      0      0 ] [ 0 ],drive [ 28 ] [ 0 ] [ 1777 1905 1819 ] [   14   16    9 ] [   9294   5948  10100 ] [ 0 ],1.00,1.00,1.00,1.00,18.90,-5.03,0.00,0.00,0.00,0.00,0.00,0.00,-0.00,0.00,0.00,0.00,0.00,0.00,0.00,0.00,0.00,0
12.9092,19,-5,267,0,DRIVE [ 29 ] [ 1 ] [ 1775 1905 1820 ] [    0    0    0 ] [      0      0      0 ] [ 0 ],drive [ 28 ] [ 0 ] [ 1776 1905 1820 ] [   14   16   10 ] [   9294   5948  10100 ] [ 0 ],1.00,1.00,1.00,1.00,19.00,-4.89,0.00,0.00,0.00,0.00,0.00,0.00,-0.00,0.00,0.00,0.00,0.00,0.00,0.00,0.00,0.00,0
12.9209,19,-5,268,0,DRIVE [ 29 ] [ 1 ] [ 1774 1905 1820 ] [    0    0    0 ] [      0      0      0 ] [ 0 ],drive [ 29 ] [ 0 ] [ 1775 1905 1820 ] [   14   16   10 ] [   9294   5948  10100 ] [ 0 ],1.00,1.00,1.00,1.00,19.14,-4.82,0.00,0.00,0.00,0.00,0.00,0.00,-0.00,0.00,0.00,0.00,0.00,0.00,0.00,0.00,0.00,0
12.9331,19,-5,268,0,DRIVE [ 30 ] [ 1 ] [ 1774 1905 1821 ] [    0    0    0 ] [      0      0      0 ] [ 0 ],drive [ 29 ] [ 0 ] [ 1774 1905 1820 ] [   14   16   10 ] [   9294   5948  10100 ] [ 0 ],1.00,1.00,1.00,1.00,19.20,-4.74,0.00,0.00,0.00,0.00,0.00,0.00,-0.00,0.00,0.00,0.00,0.00,0.00,0.00,0.00,0.00,0
12.9452,19,-5,267,0,DRIVE [ 30 ] [ 1 ] [ 1773 1905 1821 ] [    0    0    0 ] [      0      0      0 ] [ 0 ],drive [ 30 ] [ 0 ] [ 1774 1905 1821 ] [   14   16   10 ] [   9294   5948  10101 ] [ 0 ],1.00,1.00,1.00,1.00,19.23,-4.66,0.00,0.00,0.00,0.00,0.00,0.00,-0.00,0.00,0.00,0.00,0.00,0.00,0.00,0.00,0.00,0
12.9574,19,-5,267,0,DRIVE [ 31 ] [ 1 ] [ 1772 1905 1821 ] [    0    0    0 ] [      0      0      0 ] [ 0 ],drive [ 30 ] [ 0 ] [ 1773 1905 1821 ] [   14   16   10 ] [   9294   5948  10101 ] [ 0 ],1.00,1.00,1.00,1.00,19.25,-4.58,0.00,0.00,0.00,0.00,0.00,0.00,-0.00,0.00,0.00,0.00,0.00,0.00,0.00,0.00,0.00,0
12.9695,19,-5,267,0,DRIVE [ 31 ] [ 1 ] [ 1771 1905 1821 ] [    0    0    0 ] [      0      0      0 ] [ 0 ],drive [ 31 ] [ 0 ] [ 1772 1905 1821 ] [   14   15    8 ] [   9294   5948  10101 ] [ 0 ],1.00,1.00,1.00,1.00,19.41,-4.55,0.00,0.00,0.00,0.00,0.00,0.00,-0.00,0.00,0.00,0.00,0.00,0.00,0.00,0.00,0.00,0
12.982,20,-5,267,0,DRIVE [ 32 ] [ 1 ] [ 1770 1905 1821 ] [    0    0    0 ] [      0      0      0 ] [ 0 ],drive [ 31 ] [ 0 ] [ 1771 1905 1821 ] [   14   15    8 ] [   9294   5948  10101 ] [ 0 ],1.00,1.00,1.00,1.00,19.51,-4.51,0.00,0.00,0.00,0.00,0.00,0.00,-0.00,0.00,0.00,0.00,0.00,0.00,0.00,0.00,0.00,0
12.9943,20,-5,268,0,DRIVE [ 32 ] [ 1 ] [ 1770 1905 1821 ] [    0    0    0 ] [      0      0      0 ] [ 0 ],drive [ 32 ] [ 0 ] [ 1770 1905 1821 ] [   14   15    8 ] [   9295   5948  10101 ] [ 0 ],1.00,1.00,1.00,1.00,19.61,-4.54,0.00,0.00,0.00,0.00,0.00,0.00,-0.00,0.00,0.00,0.00,0.00,0.00,0.00,0.00,0.00,0
13.0078,20,-5,268,0,DRIVE [ 33 ] [ 1 ] [ 1769 1905 1820 ] [    0    0    0 ] [      0      0      0 ] [ 0 ],drive [ 32 ] [ 0 ] [ 1770 1905 1821 ] [   14   15    8 ] [   9295   5948  10101 ] [ 0 ],1.00,1.00,1.00,1.00,19.69,-4.56,0.00,0.00,0.00,0.00,0.00,0.00,-0.00,0.00,0.00,0.00,0.00,0.00,0.00,0.00,0.00,0
13.0196,20,-5,267,0,DRIVE [ 33 ] [ 1 ] [ 1769 1905 1820 ] [    0    0    0 ] [      0      0      0 ] [ 0 ],drive [ 33 ] [ 0 ] [ 1769 1905 1820 ] [   13   16   10 ] [   9295   5948  10101 ] [ 0 ],1.00,1.00,1.00,1.00,19.70,-4.52,0.00,0.00,0.00,0.00,0.00,0.00,-0.00,0.00,0.00,0.00,0.00,0.00,0.00,0.00,0.00,0
13.032,20,-5,267,0,DRIVE [ 34 ] [ 1 ] [ 1768 1905 1820 ] [    0    0    0 ] [      0      0      0 ] [ 0 ],drive [ 33 ] [ 0 ] [ 1769 1905 1820 ] [   13   16   10 ] [   9295   5948  10101 ] [ 0 ],1.00,1.00,1.00,1.00,19.74,-4.50,0.00,0.00,0.00,0.00,0.00,0.00,-0.00,0.00,0.00,0.00,0.00,0.00,0.00,0.00,0.00,0
13.0441,20,-5,267,0,DRIVE [ 34 ] [ 1 ] [ 1768 1905 1820 ] [    0    0    0 ] [      0      0      0 ] [ 0 ],drive [ 34 ] [ 0 ] [ 1768 1905 1820 ] [   13   16   10 ] [   9295   5948  10101 ] [ 0 ],1.00,1.00,1.00,1.00,19.74,-4.51,0.00,0.00,0.00,0.00,0.00,0.00,-0.00,0.00,0.00,0.00,0.00,0.00,0.00,0.00,0.00,0
13.0561,20,-5,266,0,DRIVE [ 35 ] [ 1 ] [ 1768 1905 1820 ] [    0    0    0 ] [      0      0      0 ] [ 0 ],drive [ 34 ] [ 0 ] [ 1768 1905 1820 ] [   13   16   10 ] [   9295   5948  10101 ] [ 0 ],1.00,1.00,1.00,1.00,19.73,-4.56,0.00,0.00,0.00,0.00,0.00,0.00,-0.00,0.00,0.00,0.00,0.00,0.00,0.00,0.00,0.00,0
13.068,20,-5,266,0,DRIVE [ 35 ] [ 1 ] [ 1768 1905 1819 ] [    0    0    0 ] [      0      0      0 ] [ 0 ],drive [ 35 ] [ 0 ] [ 1768 1905 1820 ] [   15   15    8 ] [   9295   5948  10101 ] [ 0 ],1.00,1.00,1.00,1.00,19.76,-4.66,0.00,0.00,0.00,0.00,0.00,0.00,-0.00,0.00,0.00,0.00,0.00,0.00,0.00,0.00,0.00,0
13.08,20,-5,265,0,DRIVE [ 36 ] [ 1 ] [ 1768 1905 1818 ] [    0    0    0 ] [      0      0      0 ] [ 0 ],drive [ 35 ] [ 0 ] [ 1768 1905 1819 ] [   15   15    8 ] [   9295   5948  10101 ] [ 0 ],1.00,1.00,1.00,1.00,19.81,-4.78,0.00,0.00,0.00,0.00,0.00,0.00,-0.00,0.00,0.00,0.00,0.00,0.00,0.00,0.00,0.00,0
13.092,20,-5,265,0,DRIVE [ 36 ] [ 1 ] [ 1768 1905 1816 ] [    0    0    0 ] [      0      0      0 ] [ 0 ],drive [ 36 ] [ 0 ] [ 1768 1905 1818 ] [   15   15    8 ] [   9295   5948  10101 ] [ 0 ],1.00,1.00,1.00,1.00,19.90,-4.99,0.00,0.00,0.00,0.00,0.00,0.00,-0.00,0.00,0.00,0.00,0.00,0.00,0.00,0.00,0.00,0
13.1038,20,-5,266,0,DRIVE [ 37 ] [ 1 ] [ 1768 1905 1815 ] [    0    0    0 ] [      0      0      0 ] [ 0 ],drive [ 36 ] [ 0 ] [ 1768 1905 1816 ] [   15   15    8 ] [   9295   5948  10101 ] [ 0 ],1.00,1.00,1.00,1.00,19.98,-5.15,0.00,0.00,0.00,0.00,0.00,0.00,-0.00,0.00,0.00,0.00,0.00,0.00,0.00,0.00,0.00,0
13.116,20,-5,267,0,DRIVE [ 37 ] [ 1 ] [ 1768 1905 1814 ] [    0    0    0 ] [      0      0      0 ] [ 0 ],drive [ 37 ] [ 0 ] [ 1768 1905 1815 ] [   14   16   10 ] [   9295   5948  10101 ] [ 0 ],1.00,1.00,1.00,1.00,20.07,-5.34,0.00,0.00,0.00,0.00,0.00,0.00,-0.00,0.00,0.00,0.00,0.00,0.00,0.00,0.00,0.00,0
13.1278,20,-6,267,0,DRIVE [ 38 ] [ 1 ] [ 1769 1905 1813 ] [    0    0    0 ] [      0      0      0 ] [ 0 ],drive [ 37 ] [ 0 ] [ 1768 1905 1814 ] [   14   16   10 ] [   9295   5948  10101 ] [ 0 ],1.00,1.00,1.00,1.00,20.13,-5.59,0.00,0.00,0.00,0.00,0.00,0.00,-0.00,0.00,0.00,0.00,0.00,0.00,0.00,0.00,0.00,0
13.1413,20,-6,267,0,DRIVE [ 38 ] [ 1 ] [ 1769 1905 1812 ] [    0    0    0 ] [      0      0      0 ] [ 0 ],drive [ 38 ] [ 0 ] [ 1769 1905 1813 ] [   14   16   10 ] [   9295   5948  10101 ] [ 0 ],1.00,1.00,1.00,1.00,20.16,-5.74,0.00,0.00,0.00,0.00,0.00,0.00,-0.00,0.00,0.00,0.00,0.00,0.00,0.00,0.00,0.00,0
13.1532,20,-6,267,0,DRIVE [ 39 ] [ 1 ] [ 1769 1905 1811 ] [    0    0    0 ] [      0      0      0 ] [ 0 ],drive [ 38 ] [ 0 ] [ 1769 1905 1812 ] [   14   16   10 ] [   9295   5948  10101 ] [ 0 ],1.00,1.00,1.00,1.00,20.17,-5.82,0.00,0.00,0.00,0.00,0.00,0.00,-0.00,0.00,0.00,0.00,0.00,0.00,0.00,0.00,0.00,0
13.1655,20,-6,268,0,DRIVE [ 39 ] [ 1 ] [ 1770 1905 1811 ] [    0    0    0 ] [      0      0      0 ] [ 0 ],drive [ 39 ] [ 0 ] [ 1769 1905 1811 ] [   13   15   10 ] [   9295   5948  10101 ] [ 0 ],1.00,1.00,1.00,1.00,20.20,-5.91,0.00,0.00,0.00,0.00,0.00,0.00,-0.00,0.00,0.00,0.00,0.00,0.00,0.00,0.00,0.00,0
13.1778,20,-6,268,0,DRIVE [ 40 ] [ 1 ] [ 1770 1905 1809 ] [    0    0    0 ] [      0      0      0 ] [ 0 ],drive [ 39 ] [ 0 ] [ 1770 1905 1811 ] [   13   15   10 ] [   9295   5948  10101 ] [ 0 ],1.00,1.00,1.00,1.00,20.23,-6.14,0.00,0.00,0.00,0.00,0.00,0.00,-0.00,0.00,0.00,0.00,0.00,0.00,0.00,0.00,0.00,0
13.1899,20,-6,268,0,DRIVE [ 40 ] [ 1 ] [ 1771 1905 1808 ] [    0    0    0 ] [      0      0      0 ] [ 0 ],drive [ 40 ] [ 0 ] [ 1770 1905 1809 ] [   13   15   10 ] [   9295   5948  10101 ] [ 0 ],1.00,1.00,1.00,1.00,20.27,-6.31,0.00,0.00,0.00,0.00,0.00,0.00,-0.00,0.00,0.00,0.00,0.00,0.00,0.00,0.00,0.00,0
13.2018,20,-6,268,0,DRIVE [ 41 ] [ 1 ] [ 1771 1905 1808 ] [    0    0    0 ] [      0      0      0 ] [ 0 ],drive [ 40 ] [ 0 ] [ 1771 1905 1808 ] [   13   15   10 ] [   9295   5948  10101 ] [ 0 ],1.00,1.00,1.00,1.00,20.26,-6.39,0.00,0.00,0.00,0.00,0.00,0.00,-0.00,0.00,0.00,0.00,0.00,0.00,0.00,0.00,0.00,0
13.214,20,-6,268,0,DRIVE [ 41 ] [ 1 ] [ 1771 1905 1808 ] [    0    0    0 ] [      0      0      0 ] [ 0 ],drive [ 41 ] [ 0 ] [ 1771 1905 1808 ] [   15   14   10 ] [   9295   5948  10101 ] [ 0 ],1.00,1.00,1.00,1.00,20.26,-6.43,0.00,0.00,0.00,0.00,0.00,0.00,-0.00,0.00,0.00,0.00,0.00,0.00,0.00,0.00,0.00,0
13.2259,20,-6,269,0,DRIVE [ 42 ] [ 1 ] [ 1770 1905 1807 ] [    0    0    0 ] [      0      0      0 ] [ 0 ],drive [ 41 ] [ 0 ] [ 1771 1905 1808 ] [   15   14   10 ] [   9295   5948  10101 ] [ 0 ],1.00,1.00,1.00,1.00,20.38,-6.46,0.00,0.00,0.00,0.00,0.00,0.00,-0.00,0.00,0.00,0.00,0.00,0.00,0.00,0.00,0.00,0
13.2389,20,-6,269,0,DRIVE [ 42 ] [ 1 ] [ 1770 1905 1807 ] [    0    0    0 ] [      0      0      0 ] [ 0 ],drive [ 42 ] [ 0 ] [ 1770 1905 1807 ] [   15   14   10 ] [   9295   5948  10101 ] [ 0 ],1.00,1.00,1.00,1.00,20.47,-6.48,0.00,0.00,0.00,0.00,0.00,0.00,-0.00,0.00,0.00,0.00,0.00,0.00,0.00,0.00,0.00,0
13.2505,21,-7,268,0,DRIVE [ 43 ] [ 1 ] [ 1769 1905 1806 ] [    0    0    0 ] [      0      0      0 ] [ 0 ],drive [ 42 ] [ 0 ] [ 1770 1905 1807 ] [   15   14   10 ] [   9295   5948  10102 ] [ 0 ],1.00,1.00,1.00,1.00,20.56,-6.54,0.00,0.00,0.00,0.00,0.00,0.00,-0.00,0.00,0.00,0.00,0.00,0.00,0.00,0.00,0.00,0
13.2627,21,-7,268,0,DRIVE [ 43 ] [ 1 ] [ 1768 1905 1806 ] [    0    0    0 ] [      0      0      0 ] [ 0 ],drive [ 43 ] [ 0 ] [ 1769 1905 1806 ] [   14   16    9 ] [   9295   5948  10102 ] [ 0 ],1.00,1.00,1.00,1.00,20.63,-6.57,0.00,0.00,0.00,0.00,0.00,0.00,-0.00,0.00,0.00,0.00,0.00,0.00,0.00,0.00,0.00,0
13.2749,21,-6,268,0,DRIVE [ 44 ] [ 1 ] [ 1768 1905 1806 ] [    0    0    0 ] [      0      0      0 ] [ 0 ],drive [ 43 ] [ 0 ] [ 1768 1905 1806 ] [   14   16    9 ] [   9295   5948  10102 ] [ 0 ],1.00,1.00,1.00,1.00,20.72,-6.47,0.00,0.00,0.00,0.00,0.00,0.00,-0.00,0.00,0.00,0.00,0.00,0.00,0.00,0.00,0.00,0
13.2867,21,-6,269,0,DRIVE [ 44 ] [ 1 ] [ 1767 1905 1807 ] [    0    0    0 ] [      0      0      0 ] [ 0 ],drive [ 44 ] [ 0 ] [ 1768 1905 1806 ] [   14   16    9 ] [   9295   5948  10102 ] [ 0 ],1.00,1.00,1.00,1.00,20.75,-6.38,0.00,0.00,0.00,0.00,0.00,0.00,-0.00,0.00,0.00,0.00,0.00,0.00,0.00,0.00,0.00,0
13.2992,21,-6,269,0,DRIVE [ 45 ] [ 1 ] [ 1767 1905 1807 ] [    0    0    0 ] [      0      0      0 ] [ 0 ],drive [ 44 ] [ 0 ] [ 1767 1905 1807 ] [   14   16    9 ] [   9295   5948  10103 ] [ 0 ],1.00,1.00,1.00,1.00,20.77,-6.31,0.00,0.00,0.00,0.00,0.00,0.00,-0.00,0.00,0.00,0.00,0.00,0.00,0.00,0.00,0.00,0
13.3115,21,-6,269,0,DRIVE [ 45 ] [ 1 ] [ 1767 1905 1807 ] [    0    0    0 ] [      0      0      0 ] [ 0 ],drive [ 45 ] [ 0 ] [ 1767 1905 1807 ] [   12   16    9 ] [   9295   5948  10103 ] [ 0 ],1.00,1.00,1.00,1.00,20.75,-6.28,0.00,0.00,0.00,0.00,0.00,0.00,-0.00,0.00,0.00,0.00,0.00,0.00,0.00,0.00,0.00,0
13.3236,21,-6,268,0,DRIVE [ 46 ] [ 1 ] [ 1767 1905 1807 ] [    0    0    0 ] [      0      0      0 ] [ 0 ],drive [ 45 ] [ 0 ] [ 1767 1905 1807 ] [   12   16    9 ] [   9295   5948  10103 ] [ 0 ],1.00,1.00,1.00,1.00,20.73,-6.25,0.00,0.00,0.00,0.00,0.00,0.00,-0.00,0.00,0.00,0.00,0.00,0.00,0.00,0.00,0.00,0
13.3356,21,-6,268,0,DRIVE [ 46 ] [ 1 ] [ 1767 1905 1808 ] [    0    0    0 ] [      0      0      0 ] [ 0 ],drive [ 46 ] [ 0 ] [ 1767 1905 1807 ] [   12   16    9 ] [   9295   5948  10103 ] [ 0 ],1.00,1.00,1.00,1.00,20.71,-6.21,0.00,0.00,0.00,0.00,0.00,0.00,-0.00,0.00,0.00,0.00,0.00,0.00,0.00,0.00,0.00,0
13.3479,21,-6,268,0,DRIVE [ 47 ] [ 1 ] [ 1767 1905 1808 ] [    0    0    0 ] [      0      0      0 ] [ 0 ],drive [ 46 ] [ 0 ] [ 1767 1905 1808 ] [   12   16    9 ] [   9295   5948  10103 ] [ 0 ],1.00,1.00,1.00,1.00,20.73,-6.19,0.00,0.00,0.00,0.00,0.00,0.00,-0.00,0.00,0.00,0.00,0.00,0.00,0.00,0.00,0.00,0
13.3599,21,-6,268,0,DRIVE [ 47 ] [ 1 ] [ 1767 1905 1808 ] [    0    0    0 ] [      0      0      0 ] [ 0 ],drive [ 47 ] [ 0 ] [ 1767 1905 1808 ] [   15   16    9 ] [   9295   5948  10103 ] [ 0 ],1.00,1.00,1.00,1.00,20.70,-6.18,0.00,0.00,0.00,0.00,0.00,0.00,-0.00,0.00,0.00,0.00,0.00,0.00,0.00,0.00,0.00,0
13.3737,21,-6,268,0,DRIVE [ 48 ] [ 1 ] [ 1767 1905 1809 ] [    0    0    0 ] [      0      0      0 ] [ 0 ],drive [ 47 ] [ 0 ] [ 1767 1905 1808 ] [   15   16    9 ] [   9295   5948  10103 ] [ 0 ],1.00,1.00,1.00,1.00,20.69,-6.03,0.00,0.00,0.00,0.00,0.00,0.00,-0.00,0.00,0.00,0.00,0.00,0.00,0.00,0.00,0.00,0
13.3855,21,-6,268,0,DRIVE [ 48 ] [ 1 ] [ 1766 1905 1810 ] [    0    0    0 ] [      0      0      0 ] [ 0 ],drive [ 48 ] [ 0 ] [ 1767 1905 1809 ] [   15   16    9 ] [   9295   5948  10103 ] [ 0 ],1.00,1.00,1.00,1.00,20.65,-5.85,0.00,0.00,0.00,0.00,0.00,0.00,-0.00,0.00,0.00,0.00,0.00,0.00,0.00,0.00,0.00,0
13.398,21,-6,267,0,DRIVE [ 49 ] [ 1 ] [ 1766 1905 1811 ] [    0    0    0 ] [      0      0      0 ] [ 0 ],drive [ 48 ] [ 0 ] [ 1766 1905 1810 ] [   15   16    9 ] [   9295   5948  10103 ] [ 0 ],1.00,1.00,1.00,1.00,20.56,-5.71,0.00,0.00,0.00,0.00,0.00,0.00,-0.00,0.00,0.00,0.00,0.00,0.00,0.00,0.00,0.00,0
13.4102,20,-6,267,0,DRIVE [ 49 ] [ 1 ] [ 1766 1905 1811 ] [    0    0    0 ] [      0      0      0 ] [ 0 ],drive [ 49 ] [ 0 ] [ 1766 1905 1811 ] [   14   16    9 ] [   9295   5948  10103 ] [ 0 ],1.00,1.00,1.00,1.00,20.49,-5.61,0.00,0.00,0.00,0.00,0.00,0.00,-0.00,0.00,0.00,0.00,0.00,0.00,0.00,0.00,0.00,0
13.4225,20,-6,267,0,DRIVE [ 50 ] [ 1 ] [ 1766 1905 1812 ] [    0    0    0 ] [      0      0      0 ] [ 0 ],drive [ 49 ] [ 0 ] [ 1766 1905 1811 ] [   14   16    9 ] [   9295   5948  10103 ] [ 0 ],1.00,1.00,1.00,1.00,20.46,-5.55,0.00,0.00,0.00,0.00,0.00,0.00,-0.00,0.00,0.00,0.00,0.00,0.00,0.00,0.00,0.00,0
13.4344,20,-6,267,0,DRIVE [ 50 ] [ 1 ] [ 1766 1905 1812 ] [    0    0    0 ] [      0      0      0 ] [ 0 ],drive [ 50 ] [ 0 ] [ 1766 1905 1812 ] [   14   16    9 ] [   9295   5948  10103 ] [ 0 ],1.00,1.00,1.00,1.00,20.49,-5.55,0.00,0.00,0.00,0.00,0.00,0.00,-0.00,0.00,0.00,0.00,0.00,0.00,0.00,0.00,0.00,0
13.4468,21,-6,267,0,DRIVE [ 51 ] [ 1 ] [ 1766 1905 1812 ] [    0    0    0 ] [      0      0      0 ] [ 0 ],drive [ 50 ] [ 0 ] [ 1766 1905 1812 ] [   14   16    9 ] [   9295   5948  10103 ] [ 0 ],1.00,1.00,1.00,1.00,20.51,-5.55,0.00,0.00,0.00,0.00,0.00,0.00,-0.00,0.00,0.00,0.00,0.00,0.00,0.00,0.00,0.00,0
13.459,20,-6,267,0,DRIVE [ 51 ] [ 1 ] [ 1766 1905 1812 ] [    0    0    0 ] [      0      0      0 ] [ 0 ],drive [ 51 ] [ 0 ] [ 1766 1905 1812 ] [   15   15    9 ] [   9295   5948  10103 ] [ 0 ],1.00,1.00,1.00,1.00,20.50,-5.57,0.00,0.00,0.00,0.00,0.00,0.00,-0.00,0.00,0.00,0.00,0.00,0.00,0.00,0.00,0.00,0
13.4707,21,-6,267,0,DRIVE [ 52 ] [ 1 ] [ 1766 1905 1812 ] [    0    0    0 ] [      0      0      0 ] [ 0 ],drive [ 51 ] [ 0 ] [ 1766 1905 1812 ] [   15   15    9 ] [   9295   5948  10103 ] [ 0 ],1.00,1.00,1.00,1.00,20.53,-5.51,0.00,0.00,0.00,0.00,0.00,0.00,-0.00,0.00,0.00,0.00,0.00,0.00,0.00,0.00,0.00,0
13.4829,21,-6,267,0,DRIVE [ 52 ] [ 1 ] [ 1766 1905 1812 ] [    0    0    0 ] [      0      0      0 ] [ 0 ],drive [ 52 ] [ 0 ] [ 1766 1905 1812 ] [   15   15    9 ] [   9295   5948  10103 ] [ 0 ],1.00,1.00,1.00,1.00,20.55,-5.52,0.00,0.00,0.00,0.00,0.00,0.00,-0.00,0.00,0.00,0.00,0.00,0.00,0.00,0.00,0.00,0
13.495,21,-6,268,0,DRIVE [ 53 ] [ 1 ] [ 1766 1905 1812 ] [    0    0    0 ] [      0      0      0 ] [ 0 ],drive [ 52 ] [ 0 ] [ 1766 1905 1812 ] [   15   15    9 ] [   9295   5948  10103 ] [ 0 ],1.00,1.00,1.00,1.00,20.56,-5.52,0.00,0.00,0.00,0.00,0.00,0.00,-0.00,0.00,0.00,0.00,0.00,0.00,0.00,0.00,0.00,0
13.5072,21,-6,268,0,DRIVE [ 53 ] [ 1 ] [ 1766 1905 1812 ] [    0    0    0 ] [      0      0      0 ] [ 0 ],drive [ 53 ] [ 0 ] [ 1766 1905 1812 ] [   15   15    9 ] [   9295   5948  10103 ] [ 0 ],1.00,1.00,1.00,1.00,20.56,-5.51,0.00,0.00,0.00,0.00,0.00,0.00,-0.00,0.00,0.00,0.00,0.00,0.00,0.00,0.00,0.00,0
13.5191,21,-5,268,0,DRIVE [ 54 ] [ 1 ] [ 1766 1905 1812 ] [    0    0    0 ] [      0      0      0 ] [ 0 ],drive [ 53 ] [ 0 ] [ 1766 1905 1812 ] [   15   16    9 ] [   9295   5948  10103 ] [ 0 ],1.00,1.00,1.00,1.00,20.56,-5.50,0.00,0.00,0.00,0.00,0.00,0.00,-0.00,0.00,0.00,0.00,0.00,0.00,0.00,0.00,0.00,0
13.5313,21,-5,268,0,DRIVE [ 54 ] [ 1 ] [ 1766 1905 1812 ] [    0    0    0 ] [      0      0      0 ] [ 0 ],drive [ 54 ] [ 0 ] [ 1766 1905 1812 ] [   15   16    9 ] [   9295   5948  10103 ] [ 0 ],1.00,1.00,1.00,1.00,20.56,-5.49,0.00,0.00,0.00,0.00,0.00,0.00,-0.00,0.00,0.00,0.00,0.00,0.00,0.00,0.00,0.00,0
13.5437,21,-6,268,0,DRIVE [ 55 ] [ 1 ] [ 1766 1905 1812 ] [    0    0    0 ] [      0      0      0 ] [ 0 ],drive [ 54 ] [ 0 ] [ 1766 1905 1812 ] [   15   16    9 ] [   9295   5948  10103 ] [ 0 ],1.00,1.00,1.00,1.00,20.58,-5.53,0.00,0.00,0.00,0.00,0.00,0.00,-0.00,0.00,0.00,0.00,0.00,0.00,0.00,0.00,0.00,0
13.5559,21,-6,268,0,DRIVE [ 55 ] [ 1 ] [ 1766 1905 1811 ] [    0    0    0 ] [      0      0      0 ] [ 0 ],drive [ 55 ] [ 0 ] [ 1766 1905 1812 ] [   15   16    9 ] [   9295   5948  10103 ] [ 0 ],1.00,1.00,1.00,1.00,20.63,-5.72,0.00,0.00,0.00,0.00,0.00,0.00,-0.00,0.00,0.00,0.00,0.00,0.00,0.00,0.00,0.00,0
13.5676,21,-6,268,0,DRIVE [ 56 ] [ 1 ] [ 1766 1905 1810 ] [    0    0    0 ] [      0      0      0 ] [ 0 ],drive [ 55 ] [ 0 ] [ 1766 1905 1811 ] [   14   16    8 ] [   9295   5948  10103 ] [ 0 ],1.00,1.00,1.00,1.00,20.69,-5.87,0.00,0.00,0.00,0.00,0.00,0.00,-0.00,0.00,0.00,0.00,0.00,0.00,0.00,0.00,0.00,0
13.5801,21,-6,268,0,DRIVE [ 56 ] [ 1 ] [ 1766 1905 1810 ] [    0    0    0 ] [      0      0      0 ] [ 0 ],drive [ 56 ] [ 0 ] [ 1766 1905 1810 ] [   14   16    8 ] [   9295   5948  10103 ] [ 0 ],1.00,1.00,1.00,1.00,20.66,-5.85,0.00,0.00,0.00,0.00,0.00,0.00,-0.00,0.00,0.00,0.00,0.00,0.00,0.00,0.00,0.00,0
13.5923,21,-6,268,0,DRIVE [ 57 ] [ 1 ] [ 1767 1905 1809 ] [    0    0    0 ] [      0      0      0 ] [ 0 ],drive [ 56 ] [ 0 ] [ 1766 1905 1810 ] [   14   16    8 ] [   9295   5948  10103 ] [ 0 ],1.00,1.00,1.00,1.00,20.61,-5.95,0.00,0.00,0.00,0.00,0.00,0.00,-0.00,0.00,0.00,0.00,0.00,0.00,0.00,0.00,0.00,0
13.6041,21,-6,268,0,DRIVE [ 57 ] [ 1 ] [ 1767 1905 1809 ] [    0    0    0 ] [      0      0      0 ] [ 0 ],drive [ 57 ] [ 0 ] [ 1767 1905 1809 ] [   14   16    8 ] [   9295   5948  10103 ] [ 0 ],1.00,1.00,1.00,1.00,20.64,-5.99,0.00,0.00,0.00,0.00,0.00,0.00,-0.00,0.00,0.00,0.00,0.00,0.00,0.00,0.00,0.00,0
13.6165,21,-6,268,0,DRIVE [ 58 ] [ 1 ] [ 1767 1905 1810 ] [    0    0    0 ] [      0      0      0 ] [ 0 ],drive [ 57 ] [ 0 ] [ 1767 1905 1809 ] [   14   15    9 ] [   9295   5948  10103 ] [ 0 ],1.00,1.00,1.00,1.00,20.63,-5.92,0.00,0.00,0.00,0.00,0.00,0.00,-0.00,0.00,0.00,0.00,0.00,0.00,0.00,0.00,0.00,0
13.629,21,-6,268,0,DRIVE [ 58 ] [ 1 ] [ 1766 1905 1810 ] [    0    0    0 ] [      0      0      0 ] [ 0 ],drive [ 58 ] [ 0 ] [ 1767 1905 1810 ] [   14   15    9 ] [   9295   5948  10103 ] [ 0 ],1.00,1.00,1.00,1.00,20.61,-5.82,0.00,0.00,0.00,0.00,0.00,0.00,-0.00,0.00,0.00,0.00,0.00,0.00,0.00,0.00,0.00,0
13.6411,21,-6,268,0,DRIVE [ 59 ] [ 1 ] [ 1766 1905 1810 ] [    0    0    0 ] [      0      0      0 ] [ 0 ],drive [ 58 ] [ 0 ] [ 1766 1905 1810 ] [   14   15    9 ] [   9295   5948  10103 ] [ 0 ],1.00,1.00,1.00,1.00,20.63,-5.76,0.00,0.00,0.00,0.00,0.00,0.00,-0.00,0.00,0.00,0.00,0.00,0.00,0.00,0.00,0.00,0
13.6528,21,-6,267,0,DRIVE [ 59 ] [ 1 ] [ 1765 1905 1811 ] [    0    0    0 ] [      0      0      0 ] [ 0 ],drive [ 59 ] [ 0 ] [ 1766 1905 1810 ] [   14   15    9 ] [   9295   5948  10103 ] [ 0 ],1.00,1.00,1.00,1.00,20.61,-5.68,0.00,0.00,0.00,0.00,0.00,0.00,-0.00,0.00,0.00,0.00,0.00,0.00,0.00,0.00,0.00,0
13.6651,21,-6,267,0,DRIVE [ 60 ] [ 1 ] [ 1765 1905 1811 ] [    0    0    0 ] [      0      0      0 ] [ 0 ],drive [ 59 ] [ 0 ] [ 1765 1905 1811 ] [   15   14    8 ] [   9295   5948  10103 ] [ 0 ],1.00,1.00,1.00,1.00,20.62,-5.63,0.00,0.00,0.00,0.00,0.00,0.00,-0.00,0.00,0.00,0.00,0.00,0.00,0.00,0.00,0.00,0
13.6773,21,-6,267,0,DRIVE [ 60 ] [ 1 ] [ 1765 1905 1811 ] [    0    0    0 ] [      0      0      0 ] [ 0 ],drive [ 60 ] [ 0 ] [ 1765 1905 1811 ] [   15   14    8 ] [   9295   5948  10103 ] [ 0 ],1.00,1.00,1.00,1.00,20.60,-5.65,0.00,0.00,0.00,0.00,0.00,0.00,-0.00,0.00,0.00,0.00,0.00,0.00,0.00,0.00,0.00,0
13.6895,21,-6,266,0,DRIVE [ 61 ] [ 1 ] [ 1765 1905 1810 ] [    0    0    0 ] [      0      0      0 ] [ 0 ],drive [ 60 ] [ 0 ] [ 1765 1905 1811 ] [   15   14    8 ] [   9295   5948  10103 ] [ 0 ],1.00,1.00,1.00,1.00,20.58,-5.73,0.00,0.00,0.00,0.00,0.00,0.00,-0.00,0.00,0.00,0.00,0.00,0.00,0.00,0.00,0.00,0
13.7015,21,-6,266,0,DRIVE [ 61 ] [ 1 ] [ 1765 1905 1810 ] [    0    0    0 ] [      0      0      0 ] [ 0 ],drive [ 61 ] [ 0 ] [ 1765 1905 1810 ] [   15   14    8 ] [   9295   5948  10103 ] [ 0 ],1.00,1.00,1.00,1.00,20.59,-5.79,0.00,0.00,0.00,0.00,0.00,0.00,-0.00,0.00,0.00,0.00,0.00,0.00,0.00,0.00,0.00,0
13.7138,21,-6,267,0,DRIVE [ 62 ] [ 1 ] [ 1765 1905 1809 ] [    0    0    0 ] [      0      0      0 ] [ 0 ],drive [ 61 ] [ 0 ] [ 1765 1905 1810 ] [   14   15    9 ] [   9295   5948  10103 ] [ 0 ],1.00,1.00,1.00,1.00,20.70,-5.86,0.00,0.00,0.00,0.00,0.00,0.00,-0.00,0.00,0.00,0.00,0.00,0.00,0.00,0.00,0.00,0
13.7258,21,-6,266,0,DRIVE [ 62 ] [ 1 ] [ 1765 1905 1808 ] [    0    0    0 ] [      0      0      0 ] [ 0 ],drive [ 62 ] [ 0 ] [ 1765 1905 1809 ] [   14   15    9 ] [   9295   5948  10103 ] [ 0 ],1.00,1.00,1.00,1.00,20.68,-6.00,0.00,0.00,0.00,0.00,0.00,0.00,-0.00,0.00,0.00,0.00,0.00,0.00,0.00,0.00,0.00,0
13.7374,21,-6,266,0,DRIVE [ 63 ] [ 1 ] [ 1766 1905 1807 ] [    0    0    0 ] [      0      0      0 ] [ 0 ],drive [ 62 ] [ 0 ] [ 1765 1905 1808 ] [   14   15    9 ] [   9295   5948  10103 ] [ 0 ],1.00,1.00,1.00,1.00,20.67,-6.11,0.00,0.00,0.00,0.00,0.00,0.00,-0.00,0.00,0.00,0.00,0.00,0.00,0.00,0.00,0.00,0
13.7498,21,-6,266,0,DRIVE [ 63 ] [ 1 ] [ 1765 1905 1807 ] [    0    0    0 ] [      0      0      0 ] [ 0 ],drive [ 63 ] [ 0 ] [ 1766 1905 1807 ] [   14   15    9 ] [   9295   5948  10103 ] [ 0 ],1.00,1.00,1.00,1.00,20.76,-6.23,0.00,0.00,0.00,0.00,0.00,0.00,-0.00,0.00,0.00,0.00,0.00,0.00,0.00,0.00,0.00,0
13.762,21,-6,267,0,DRIVE [ 64 ] [ 1 ] [ 1766 1905 1805 ] [    0    0    0 ] [      0      0      0 ] [ 0 ],drive [ 63 ] [ 0 ] [ 1765 1905 1807 ] [   14   15   10 ] [   9295   5948  10103 ] [ 0 ],1.00,1.00,1.00,1.00,20.88,-6.45,0.00,0.00,0.00,0.00,0.00,0.00,-0.00,0.00,0.00,0.00,0.00,0.00,0.00,0.00,0.00,0
13.7742,21,-7,267,0,DRIVE [ 64 ] [ 1 ] [ 1766 1905 1804 ] [    0    0    0 ] [      0      0      0 ] [ 0 ],drive [ 64 ] [ 0 ] [ 1766 1905 1805 ] [   14   15   10 ] [   9295   5948  10103 ] [ 0 ],1.00,1.00,1.00,1.00,20.94,-6.67,0.00,0.00,0.00,0.00,0.00,0.00,-0.00,0.00,0.00,0.00,0.00,0.00,0.00,0.00,0.00,0
13.7862,21,-7,268,0,DRIVE [ 65 ] [ 1 ] [ 1766 1905 1803 ] [    0    0    0 ] [      0      0      0 ] [ 0 ],drive [ 64 ] [ 0 ] [ 1766 1905 1804 ] [   14   15   10 ] [   9295   5948  10103 ] [ 0 ],1.00,1.00,1.00,1.00,20.97,-6.77,0.00,0.00,0.00,0.00,0.00,0.00,-0.00,0.00,0.00,0.00,0.00,0.00,0.00,0.00,0.00,0
13.7986,21,-7,268,0,DRIVE [ 65 ] [ 1 ] [ 1766 1905 1803 ] [    0    0    0 ] [      0      0      0 ] [ 0 ],drive [ 65 ] [ 0 ] [ 1766 1905 1803 ] [   14   15   10 ] [   9295   5948  10103 ] [ 0 ],1.00,1.00,1.00,1.00,20.98,-6.83,0.00,0.00,0.00,0.00,0.00,0.00,-0.00,0.00,0.00,0.00,0.00,0.00,0.00,0.00,0.00,0
13.811,21,-7,268,0,DRIVE [ 66 ] [ 1 ] [ 1767 1905 1802 ] [    0    0    0 ] [      0      0      0 ] [ 0 ],drive [ 65 ] [ 0 ] [ 1766 1905 1803 ] [   14   15    8 ] [   9295   5948  10103 ] [ 0 ],1.00,1.00,1.00,1.00,21.00,-6.95,0.00,0.00,0.00,0.00,0.00,0.00,-0.00,0.00,0.00,0.00,0.00,0.00,0.00,0.00,0.00,0
13.8233,21,-7,267,0,DRIVE [ 66 ] [ 1 ] [ 1767 1905 1801 ] [    0    0    0 ] [      0      0      0 ] [ 0 ],drive [ 66 ] [ 0 ] [ 1767 1905 1802 ] [   14   15    8 ] [   9295   5948  10103 ] [ 0 ],1.00,1.00,1.00,1.00,20.99,-7.07,0.00,0.00,0.00,0.00,0.00,0.00,-0.00,0.00,0.00,0.00,0.00,0.00,0.00,0.00,0.00,0
13.8351,21,-7,267,0,DRIVE [ 67 ] [ 1 ] [ 1767 1905 1802 ] [    0    0    0 ] [      0      0      0 ] [ 0 ],drive [ 66 ] [ 0 ] [ 1767 1905 1801 ] [   14   15    8 ] [   9295   5948  10103 ] [ 0 ],1.00,1.00,1.00,1.00,20.96,-7.02,0.00,0.00,0.00,0.00,0.00,0.00,-0.00,0.00,0.00,0.00,0.00,0.00,0.00,0.00,0.00,0
13.848,21,-7,267,0,DRIVE [ 67 ] [ 1 ] [ 1768 1905 1802 ] [    0    0    0 ] [      0      0      0 ] [ 0 ],drive [ 67 ] [ 0 ] [ 1767 1905 1802 ] [   14   15    8 ] [   9295   5948  10103 ] [ 0 ],1.00,1.00,1.00,1.00,20.78,-7.01,0.00,0.00,0.00,0.00,0.00,0.00,-0.00,0.00,0.00,0.00,0.00,0.00,0.00,0.00,0.00,0
13.86,21,-7,267,0,DRIVE [ 68 ] [ 1 ] [ 1768 1905 1802 ] [    0    0    0 ] [      0      0      0 ] [ 0 ],drive [ 67 ] [ 0 ] [ 1768 1905 1802 ] [   13   16    9 ] [   9295   5948  10103 ] [ 0 ],1.00,1.00,1.00,1.00,20.82,-6.98,0.00,0.00,0.00,0.00,0.00,0.00,-0.00,0.00,0.00,0.00,0.00,0.00,0.00,0.00,0.00,0
13.8718,21,-7,267,0,DRIVE [ 68 ] [ 1 ] [ 1768 1905 1803 ] [    0    0    0 ] [      0      0      0 ] [ 0 ],drive [ 68 ] [ 0 ] [ 1768 1905 1802 ] [   13   16    9 ] [   9295   5948  10103 ] [ 0 ],1.00,1.00,1.00,1.00,20.79,-6.94,0.00,0.00,0.00,0.00,0.00,0.00,-0.00,0.00,0.00,0.00,0.00,0.00,0.00,0.00,0.00,0
13.884,21,-7,268,0,DRIVE [ 69 ] [ 1 ] [ 1768 1905 1803 ] [    0    0    0 ] [      0      0      0 ] [ 0 ],drive [ 68 ] [ 0 ] [ 1768 1905 1803 ] [   13   16    9 ] [   9295   5948  10103 ] [ 0 ],1.00,1.00,1.00,1.00,20.83,-6.97,0.00,0.00,0.00,0.00,0.00,0.00,-0.00,0.00,0.00,0.00,0.00,0.00,0.00,0.00,0.00,0
13.8962,21,-7,268,0,DRIVE [ 69 ] [ 1 ] [ 1768 1905 1803 ] [    0    0    0 ] [      0      0      0 ] [ 0 ],drive [ 69 ] [ 0 ] [ 1768 1905 1803 ] [   13   16    9 ] [   9295   5948  10104 ] [ 0 ],1.00,1.00,1.00,1.00,20.82,-6.91,0.00,0.00,0.00,0.00,0.00,0.00,-0.00,0.00,0.00,0.00,0.00,0.00,0.00,0.00,0.00,0
13.9084,21,-7,269,0,DRIVE [ 70 ] [ 1 ] [ 1768 1905 1804 ] [    0    0    0 ] [      0      0      0 ] [ 0 ],drive [ 69 ] [ 0 ] [ 1768 1905 1803 ] [   14   16    9 ] [   9295   5948  10104 ] [ 0 ],1.00,1.00,1.00,1.00,20.89,-6.83,0.00,0.00,0.00,0.00,0.00,0.00,-0.00,0.00,0.00,0.00,0.00,0.00,0.00,0.00,0.00,0
13.9204,21,-7,268,0,DRIVE [ 70 ] [ 1 ] [ 1767 1905 1804 ] [    0    0    0 ] [      0      0      0 ] [ 0 ],drive [ 70 ] [ 0 ] [ 1768 1905 1804 ] [   14   16    9 ] [   9295   5948  10104 ] [ 0 ],1.00,1.00,1.00,1.00,20.85,-6.68,0.00,0.00,0.00,0.00,0.00,0.00,-0.00,0.00,0.00,0.00,0.00,0.00,0.00,0.00,0.00,0
13.9327,21,-7,268,0,DRIVE [ 71 ] [ 1 ] [ 1767 1905 1805 ] [    0    0    0 ] [      0      0      0 ] [ 0 ],drive [ 70 ] [ 0 ] [ 1767 1905 1804 ] [   14   16    9 ] [   9295   5948  10104 ] [ 0 ],1.00,1.00,1.00,1.00,20.78,-6.58,0.00,0.00,0.00,0.00,0.00,0.00,-0.00,0.00,0.00,0.00,0.00,0.00,0.00,0.00,0.00,0
13.9449,21,-7,267,0,DRIVE [ 71 ] [ 1 ] [ 1767 1905 1805 ] [    0    0    0 ] [      0      0      0 ] [ 0 ],drive [ 71 ] [ 0 ] [ 1767 1905 1805 ] [   14   16    9 ] [   9295   5948  10104 ] [ 0 ],1.00,1.00,1.00,1.00,20.76,-6.53,0.00,0.00,0.00,0.00,0.00,0.00,-0.00,0.00,0.00,0.00,0.00,0.00,0.00,0.00,0.00,0
13.957,21,-6,267,0,DRIVE [ 72 ] [ 1 ] [ 1767 1905 1805 ] [    0    0    0 ] [      0      0      0 ] [ 0 ],drive [ 71 ] [ 0 ] [ 1767 1905 1805 ] [   14   16    9 ] [   9295   5948  10104 ] [ 0 ],1.00,1.00,1.00,1.00,20.77,-6.49,0.00,0.00,0.00,0.00,0.00,0.00,-0.00,0.00,0.00,0.00,0.00,0.00,0.00,0.00,0.00,0
13.9687,21,-6,267,0,DRIVE [ 72 ] [ 1 ] [ 1767 1905 1806 ] [    0    0    0 ] [      0      0      0 ] [ 0 ],drive [ 72 ] [ 0 ] [ 1767 1905 1805 ] [   14   16   10 ] [   9295   5948  10104 ] [ 0 ],1.00,1.00,1.00,1.00,20.74,-6.45,0.00,0.00,0.00,0.00,0.00,0.00,-0.00,0.00,0.00,0.00,0.00,0.00,0.00,0.00,0.00,0
13.981,21,-6,266,0,DRIVE [ 73 ] [ 1 ] [ 1767 1905 1806 ] [    0    0    0 ] [      0      0      0 ] [ 0 ],drive [ 72 ] [ 0 ] [ 1767 1905 1806 ] [   14   16   10 ] [   9295   5948  10104 ] [ 0 ],1.00,1.00,1.00,1.00,20.64,-6.36,0.00,0.00,0.00,0.00,0.00,0.00,-0.00,0.00,0.00,0.00,0.00,0.00,-0.00,0.00,0.00,0
13.9931,21,-6,266,0,DRIVE [ 73 ] [ 1 ] [ 1766 1905 1806 ] [    0    0    0 ] [      0      0      0 ] [ 0 ],drive [ 73 ] [ 0 ] [ 1767 1905 1806 ] [   14   16   10 ] [   9295   5948  10104 ] [ 0 ],1.00,1.00,1.00,1.00,20.77,-6.34,0.00,0.00,0.00,0.00,0.00,0.00,-0.00,0.00,0.00,0.00,0.00,0.00,0.00,0.00,0.00,0
14.005,21,-6,267,0,DRIVE [ 74 ] [ 1 ] [ 1765 1905 1806 ] [    0    0    0 ] [      0      0      0 ] [ 0 ],drive [ 73 ] [ 0 ] [ 1766 1905 1806 ] [   14   16   10 ] [   9295   5948  10104 ] [ 0 ],1.00,1.00,1.00,1.00,20.87,-6.29,0.00,0.00,0.00,0.00,0.00,0.00,-0.00,0.00,0.00,0.00,0.00,0.00,0.00,0.00,0.00,0
14.0173,21,-6,267,0,DRIVE [ 74 ] [ 1 ] [ 1765 1905 1806 ] [    0    0    0 ] [      0      0      0 ] [ 0 ],drive [ 74 ] [ 0 ] [ 1765 1905 1806 ] [   15   14    9 ] [   9295   5948  10104 ] [ 0 ],1.00,1.00,1.00,1.00,20.94,-6.33,0.00,0.00,0.00,0.00,0.00,0.00,-0.00,0.00,0.00,0.00,0.00,0.00,0.00,0.00,0.00,0
14.0298,21,-6,267,0,DRIVE [ 75 ] [ 1 ] [ 1765 1905 1806 ] [    0    0    0 ] [      0      0      0 ] [ 0 ],drive [ 74 ] [ 0 ] [ 1765 1905 1806 ] [   15   14    9 ] [   9295   5948  10104 ] [ 0 ],1.00,1.00,1.00,1.00,20.97,-6.34,0.00,0.00,0.00,0.00,0.00,0.00,-0.00,0.00,0.00,0.00,0.00,0.00,0.00,0.00,0.00,0
14.042,21,-6,268,0,DRIVE [ 75 ] [ 1 ] [ 1764 1905 1806 ] [    0    0    0 ] [      0      0      0 ] [ 0 ],drive [ 75 ] [ 0 ] [ 1765 1905 1806 ] [   15   14    9 ] [   9295   5948  10104 ] [ 0 ],1.00,1.00,1.00,1.00,21.02,-6.31,0.00,0.00,0.00,0.00,0.00,0.00,-0.00,0.00,0.00,0.00,0.00,0.00,0.00,0.00,0.00,0
14.054,21,-6,268,0,DRIVE [ 76 ] [ 1 ] [ 1764 1905 1807 ] [    0    0    0 ] [      0      0      0 ] [ 0 ],drive [ 75 ] [ 0 ] [ 1764 1905 1806 ] [   15   14    9 ] [   9295   5948  10104 ] [ 0 ],1.00,1.00,1.00,1.00,21.02,-6.21,0.00,0.00,0.00,0.00,0.00,0.00,-0.00,0.00,0.00,0.00,0.00,0.00,0.00,0.00,0.00,0
14.0663,21,-6,268,0,DRIVE [ 76 ] [ 1 ] [ 1764 1905 1807 ] [    0    0    0 ] [      0      0      0 ] [ 0 ],drive [ 76 ] [ 0 ] [ 1764 1905 1807 ] [   15   15    8 ] [   9295   5948  10104 ] [ 0 ],1.00,1.00,1.00,1.00,21.01,-6.14,0.00,0.00,0.00,0.00,0.00,0.00,-0.00,0.00,0.00,0.00,0.00,0.00,0.00,0.00,0.00,0
14.0792,21,-6,268,0,DRIVE [ 77 ] [ 1 ] [ 1764 1905 1808 ] [    0    0    0 ] [      0      0      0 ] [ 0 ],drive [ 76 ] [ 0 ] [ 1764 1905 1807 ] [   15   15    8 ] [   9295   5948  10104 ] [ 0 ],1.00,1.00,1.00,1.00,21.02,-6.07,0.00,0.00,0.00,0.00,0.00,0.00,-0.00,0.00,0.00,0.00,0.00,0.00,0.00,0.00,0.00,0
14.0914,21,-6,268,0,DRIVE [ 77 ] [ 1 ] [ 1764 1905 1808 ] [    0    0    0 ] [      0      0      0 ] [ 0 ],drive [ 77 ] [ 0 ] [ 1764 1905 1808 ] [   15   15    8 ] [   9295   5948  10104 ] [ 0 ],1.00,1.00,1.00,1.00,21.01,-6.02,0.00,0.00,0.00,0.00,0.00,0.00,-0.00,0.00,0.00,0.00,0.00,0.00,0.00,0.00,0.00,0
14.1031,21,-6,268,0,DRIVE [ 78 ] [ 1 ] [ 1764 1905 1808 ] [    0    0    0 ] [      0      0      0 ] [ 0 ],drive [ 77 ] [ 0 ] [ 1764 1905 1808 ] [   15   15    8 ] [   9295   5948  10104 ] [ 0 ],1.00,1.00,1.00,1.00,21.01,-6.00,0.00,0.00,0.00,0.00,0.00,0.00,-0.00,0.00,0.00,0.00,0.00,0.00,0.00,0.00,0.00,0
14.1152,21,-6,268,0,DRIVE [ 78 ] [ 1 ] [ 1764 1905 1808 ] [    0    0    0 ] [      0      0      0 ] [ 0 ],drive [ 78 ] [ 0 ] [ 1764 1905 1808 ] [   15   16    9 ] [   9295   5948  10104 ] [ 0 ],1.00,1.00,1.00,1.00,21.00,-5.96,0.00,0.00,0.00,0.00,0.00,0.00,-0.00,0.00,0.00,0.00,0.00,0.00,0.00,0.00,0.00,0
14.1273,21,-6,267,0,DRIVE [ 79 ] [ 1 ] [ 1763 1905 1808 ] [    0    0    0 ] [      0      0      0 ] [ 0 ],drive [ 78 ] [ 0 ] [ 1764 1905 1808 ] [   15   16    9 ] [   9295   5948  10104 ] [ 0 ],1.00,1.00,1.00,1.00,20.97,-5.88,0.00,0.00,0.00,0.00,0.00,0.00,-0.00,0.00,0.00,0.00,0.00,0.00,0.00,0.00,0.00,0
14.1389,21,-6,266,0,DRIVE [ 79 ] [ 1 ] [ 1763 1905 1809 ] [    0    0    0 ] [      0      0      0 ] [ 0 ],drive [ 79 ] [ 0 ] [ 1763 1905 1808 ] [   15   16    9 ] [   9295   5948  10104 ] [ 0 ],1.00,1.00,1.00,1.00,20.95,-5.83,0.00,0.00,0.00,0.00,0.00,0.00,-0.00,0.00,0.00,0.00,0.00,0.00,-0.00,0.00,0.00,0
14.151,21,-6,267,0,DRIVE [ 80 ] [ 1 ] [ 1763 1905 1808 ] [    0    0    0 ] [      0      0      0 ] [ 0 ],drive [ 79 ] [ 0 ] [ 1763 1905 1809 ] [   15   16    9 ] [   9295   5948  10104 ] [ 0 ],1.00,1.00,1.00,1.00,20.97,-5.89,0.00,0.00,0.00,0.00,0.00,0.00,-0.00,0.00,0.00,0.00,0.00,0.00,0.00,0.00,0.00,0
14.1629,21,-6,267,0,DRIVE [ 80 ] [ 1 ] [ 1763 1905 1808 ] [    0    0    0 ] [      0      0      0 ] [ 0 ],drive [ 80 ] [ 0 ] [ 1763 1905 1808 ] [   15   15    9 ] [   9295   5948  10104 ] [ 0 ],1.00,1.00,1.00,1.00,21.01,-5.91,0.00,0.00,0.00,0.00,0.00,0.00,-0.00,0.00,0.00,0.00,0.00,0.00,0.00,0.00,0.00,0
14.1747,21,-6,267,0,DRIVE [ 81 ] [ 1 ] [ 1763 1905 1808 ] [    0    0    0 ] [      0      0      0 ] [ 0 ],drive [ 80 ] [ 0 ] [ 1763 1905 1808 ] [   15   15    9 ] [   9295   5948  10104 ] [ 0 ],1.00,1.00,1.00,1.00,21.05,-5.89,0.00,0.00,0.00,0.00,0.00,0.00,-0.00,0.00,0.00,0.00,0.00,0.00,0.00,0.00,0.00,0
14.1862,21,-6,268,0,DRIVE [ 81 ] [ 1 ] [ 1763 1905 1809 ] [    0    0    0 ] [      0      0      0 ] [ 0 ],drive [ 81 ] [ 0 ] [ 1763 1905 1808 ] [   15   15    9 ] [   9295   5948  10104 ] [ 0 ],1.00,1.00,1.00,1.00,21.04,-5.76,0.00,0.00,0.00,0.00,0.00,0.00,-0.00,0.00,0.00,0.00,0.00,0.00,0.00,0.00,0.00,0
14.1982,21,-6,268,0,DRIVE [ 82 ] [ 1 ] [ 1763 1905 1810 ] [    0    0    0 ] [      0      0      0 ] [ 0 ],drive [ 81 ] [ 0 ] [ 1763 1905 1809 ] [   15   15    9 ] [   9295   5948  10104 ] [ 0 ],1.00,1.00,1.00,1.00,21.02,-5.66,0.00,0.00,0.00,0.00,0.00,0.00,-0.00,0.00,0.00,0.00,0.00,0.00,-0.00,0.00,0.00,0
14.2103,21,-6,267,0,DRIVE [ 82 ] [ 1 ] [ 1762 1905 1811 ] [    0    0    0 ] [      0      0      0 ] [ 0 ],drive [ 82 ] [ 0 ] [ 1763 1905 1810 ] [   15   16    8 ] [   9295   5948  10104 ] [ 0 ],1.00,1.00,1.00,1.00,21.02,-5.53,0.00,0.00,0.00,0.00,0.00,0.00,-0.00,0.00,0.00,0.00,0.00,0.00,-0.00,0.00,0.00,0
14.2224,21,-5,266,0,DRIVE [ 83 ] [ 1 ] [ 1761 1905 1811 ] [    0    0    0 ] [      0      0      0 ] [ 0 ],drive [ 82 ] [ 0 ] [ 1762 1905 1811 ] [   15   16    8 ] [   9295   5948  10104 ] [ 0 ],1.00,1.00,1.00,1.00,20.96,-5.35,0.00,0.00,0.00,0.00,0.00,0.00,-0.00,0.00,0.00,0.00,0.00,0.00,-0.00,0.00,0.00,0
14.2342,21,-5,266,0,DRIVE [ 83 ] [ 1 ] [ 1761 1905 1812 ] [    0    0    0 ] [      0      0      0 ] [ 0 ],drive [ 83 ] [ 0 ] [ 1761 1905 1811 ] [   15   16    8 ] [   9295   5948  10104 ] [ 0 ],1.00,1.00,1.00,1.00,20.97,-5.20,0.00,0.00,0.00,0.00,0.00,0.00,-0.00,0.00,0.00,0.00,0.00,0.00,-0.00,0.00,0.00,0
14.2464,21,-5,266,0,DRIVE [ 84 ] [ 1 ] [ 1760 1905 1813 ] [    0    0    0 ] [      0      0      0 ] [ 0 ],drive [ 83 ] [ 0 ] [ 1761 1905 1812 ] [   15   16    8 ] [   9295   5948  10104 ] [ 0 ],1.00,1.00,1.00,1.00,20.97,-5.10,0.00,0.00,0.00,0.00,0.00,0.00,-0.00,0.00,0.00,0.00,0.00,0.00,-0.00,0.00,0.00,0
14.2583,21,-5,266,0,DRIVE [ 84 ] [ 1 ] [ 1760 1905 1813 ] [    0    0    0 ] [      0      0      0 ] [ 0 ],drive [ 84 ] [ 0 ] [ 1760 1905 1813 ] [   15   16    9 ] [   9295   5948  10104 ] [ 0 ],1.00,1.00,1.00,1.00,20.95,-5.04,0.00,0.00,0.00,0.00,0.00,0.00,-0.00,0.00,0.00,0.00,0.00,0.00,-0.00,0.00,0.00,0
14.27,21,-5,265,0,DRIVE [ 85 ] [ 1 ] [ 1759 1905 1813 ] [    0    0    0 ] [      0      0      0 ] [ 0 ],drive [ 84 ] [ 0 ] [ 1760 1905 1813 ] [   15   16    9 ] [   9295   5948  10104 ] [ 0 ],1.00,1.00,1.00,1.00,20.99,-4.96,0.00,0.00,0.00,0.00,0.00,0.00,-0.00,0.00,0.00,0.00,0.00,0.00,-0.00,0.00,0.00,0
14.2822,21,-5,266,0,DRIVE [ 85 ] [ 1 ] [ 1758 1905 1813 ] [    0    0    0 ] [      0      0      0 ] [ 0 ],drive [ 85 ] [ 0 ] [ 1759 1905 1813 ] [   15   16    9 ] [   9295   5948  10104 ] [ 0 ],1.00,1.00,1.00,1.00,21.18,-4.90,0.00,0.00,0.00,0.00,0.00,0.00,-0.00,0.00,0.00,0.00,0.00,0.00,0.00,0.00,0.00,0
14.2943,21,-5,267,0,DRIVE [ 86 ] [ 1 ] [ 1757 1905 1814 ] [    0    0    0 ] [      0      0      0 ] [ 0 ],drive [ 85 ] [ 0 ] [ 1758 1905 1813 ] [   15   16    9 ] [   9295   5948  10104 ] [ 0 ],1.00,1.00,1.00,1.00,21.30,-4.79,0.00,0.00,0.00,0.00,0.00,0.00,-0.00,0.00,0.00,0.00,0.00,0.00,0.00,0.00,0.00,0
14.3063,21,-5,268,0,DRIVE [ 86 ] [ 1 ] [ 1757 1905 1814 ] [    0    0    0 ] [      0      0      0 ] [ 0 ],drive [ 86 ] [ 0 ] [ 1757 1905 1814 ] [   15   16    9 ] [   9295   5948  10104 ] [ 0 ],1.00,1.00,1.00,1.00,21.37,-4.69,0.00,0.00,0.00,0.00,0.00,0.00,-0.00,0.00,0.00,0.00,0.00,0.00,0.00,0.00,0.00,0
14.3182,21,-5,268,0,DRIVE [ 87 ] [ 1 ] [ 1756 1905 1815 ] [    0    0    0 ] [      0      0      0 ] [ 0 ],drive [ 86 ] [ 0 ] [ 1757 1905 1814 ] [   15   16    8 ] [   9295   5948  10104 ] [ 0 ],1.00,1.00,1.00,1.00,21.43,-4.64,0.00,0.00,0.00,0.00,0.00,0.00,-0.00,0.00,0.00,0.00,0.00,0.00,0.00,0.00,0.00,0
14.3305,21,-5,268,0,DRIVE [ 87 ] [ 1 ] [ 1756 1905 1815 ] [    0    0    0 ] [      0      0      0 ] [ 0 ],drive [ 87 ] [ 0 ] [ 1756 1905 1815 ] [   15   16    8 ] [   9295   5948  10104 ] [ 0 ],1.00,1.00,1.00,1.00,21.47,-4.58,0.00,0.00,0.00,0.00,0.00,0.00,-0.00,0.00,0.00,0.00,0.00,0.00,0.00,0.00,0.00,0
14.3427,21,-5,268,0,DRIVE [ 88 ] [ 1 ] [ 1756 1905 1815 ] [    0    0    0 ] [      0      0      0 ] [ 0 ],drive [ 87 ] [ 0 ] [ 1756 1905 1815 ] [   15   16    8 ] [   9295   5948  10104 ] [ 0 ],1.00,1.00,1.00,1.00,21.48,-4.55,0.00,0.00,0.00,0.00,0.00,0.00,-0.00,0.00,0.00,0.00,0.00,0.00,0.00,0.00,0.00,0
14.3556,21,-5,268,0,DRIVE [ 88 ] [ 1 ] [ 1755 1905 1815 ] [    0    0    0 ] [      0      0      0 ] [ 0 ],drive [ 88 ] [ 0 ] [ 1756 1905 1815 ] [   15   16    8 ] [   9295   5948  10104 ] [ 0 ],1.00,1.00,1.00,1.00,21.49,-4.53,0.00,0.00,0.00,0.00,0.00,0.00,-0.00,0.00,0.00,0.00,0.00,0.00,0.00,0.00,0.00,0
14.3677,22,-5,268,0,DRIVE [ 89 ] [ 1 ] [ 1755 1905 1815 ] [    0    0    0 ] [      0      0      0 ] [ 0 ],drive [ 88 ] [ 0 ] [ 1755 1905 1815 ] [   15   16    8 ] [   9295   5948  10104 ] [ 0 ],1.00,1.00,1.00,1.00,21.53,-4.55,0.00,0.00,0.00,0.00,0.00,0.00,-0.00,0.00,0.00,0.00,0.00,0.00,0.00,0.00,0.00,0
14.3808,22,-5,269,0,DRIVE [ 89 ] [ 1 ] [ 1756 1905 1814 ] [    0    0    0 ] [      0      0      0 ] [ 0 ],drive [ 89 ] [ 0 ] [ 1755 1905 1815 ] [   15   16    8 ] [   9295   5948  10104 ] [ 0 ],1.00,1.00,1.00,1.00,21.53,-4.69,0.00,0.00,0.00,0.00,0.00,0.00,-0.00,0.00,0.00,0.00,0.00,0.00,0.00,0.00,0.00,0
14.3928,22,-5,268,0,DRIVE [ 90 ] [ 1 ] [ 1756 1905 1814 ] [    0    0    0 ] [      0      0      0 ] [ 0 ],drive [ 89 ] [ 0 ] [ 1756 1905 1814 ] [   15   16    8 ] [   9295   5948  10104 ] [ 0 ],1.00,1.00,1.00,1.00,21.52,-4.80,0.00,0.00,0.00,0.00,0.00,0.00,-0.00,0.00,0.00,0.00,0.00,0.00,0.00,0.00,0.00,0
14.4046,22,-5,268,0,DRIVE [ 90 ] [ 1 ] [ 1757 1905 1812 ] [    0    0    0 ] [      0      0      0 ] [ 0 ],drive [ 90 ] [ 0 ] [ 1756 1905 1814 ] [   15   16    8 ] [   9295   5948  10104 ] [ 0 ],1.00,1.00,1.00,1.00,21.54,-5.04,0.00,0.00,0.00,0.00,0.00,0.00,-0.00,0.00,0.00,0.00,0.00,0.00,0.00,0.00,0.00,0
14.4172,22,-5,268,0,DRIVE [ 91 ] [ 1 ] [ 1757 1905 1812 ] [    0    0    0 ] [      0      0      0 ] [ 0 ],drive [ 90 ] [ 0 ] [ 1757 1905 1812 ] [   16   16    9 ] [   9295   5948  10104 ] [ 0 ],1.00,1.00,1.00,1.00,21.51,-5.15,0.00,0.00,0.00,0.00,0.00,0.00,-0.00,0.00,0.00,0.00,0.00,0.00,0.00,0.00,0.00,0
14.4297,21,-5,267,0,DRIVE [ 91 ] [ 1 ] [ 1758 1905 1811 ] [    0    0    0 ] [      0      0      0 ] [ 0 ],drive [ 91 ] [ 0 ] [ 1757 1905 1812 ] [   16   16    9 ] [   9295   5948  10104 ] [ 0 ],1.00,1.00,1.00,1.00,21.40,-5.23,0.00,0.00,0.00,0.00,0.00,0.00,-0.00,0.00,0.00,0.00,0.00,0.00,0.00,0.00,0.00,0
14.4418,21,-5,267,0,DRIVE [ 92 ] [ 1 ] [ 1759 1905 1811 ] [    0    0    0 ] [      0      0      0 ] [ 0 ],drive [ 91 ] [ 0 ] [ 1758 1905 1811 ] [   16   16    9 ] [   9295   5948  10104 ] [ 0 ],1.00,1.00,1.00,1.00,21.35,-5.31,0.00,0.00,0.00,0.00,0.00,0.00,-0.00,0.00,0.00,0.00,0.00,0.00,0.00,0.00,0.00,0
14.4536,21,-5,267,0,DRIVE [ 92 ] [ 1 ] [ 1760 1905 1810 ] [    0    0    0 ] [      0      0      0 ] [ 0 ],drive [ 92 ] [ 0 ] [ 1759 1905 1811 ] [   16   16    9 ] [   9296   5948  10104 ] [ 0 ],1.00,1.00,1.00,1.00,21.22,-5.43,0.00,0.00,0.00,0.00,0.00,0.00,-0.00,0.00,0.00,0.00,0.00,0.00,0.00,0.00,0.00,0
14.4659,21,-6,266,0,DRIVE [ 93 ] [ 1 ] [ 1761 1905 1810 ] [    0    0    0 ] [      0      0      0 ] [ 0 ],drive [ 92 ] [ 0 ] [ 1760 1905 1810 ] [   15   15    9 ] [   9296   5948  10104 ] [ 0 ],1.00,1.00,1.00,1.00,21.11,-5.55,0.00,0.00,0.00,0.00,0.00,0.00,-0.00,0.00,0.00,0.00,0.00,0.00,-0.00,0.00,0.00,0
14.4778,21,-6,266,0,DRIVE [ 93 ] [ 1 ] [ 1761 1905 1809 ] [    0    0    0 ] [      0      0      0 ] [ 0 ],drive [ 93 ] [ 0 ] [ 1761 1905 1810 ] [   15   15    9 ] [   9296   5948  10104 ] [ 0 ],1.00,1.00,1.00,1.00,21.02,-5.63,0.00,0.00,0.00,0.00,0.00,0.00,-0.00,0.00,0.00,0.00,0.00,0.00,-0.00,0.00,0.00,0
14.49,21,-6,266,0,DRIVE [ 94 ] [ 1 ] [ 1762 1905 1809 ] [    0    0    0 ] [      0      0      0 ] [ 0 ],drive [ 93 ] [ 0 ] [ 1761 1905 1809 ] [   15   15    9 ] [   9296   5948  10104 ] [ 0 ],1.00,1.00,1.00,1.00,21.02,-5.75,0.00,0.00,0.00,0.00,0.00,0.00,-0.00,0.00,0.00,0.00,0.00,0.00,-0.00,0.00,0.00,0
14.5014,21,-6,266,0,DRIVE [ 94 ] [ 1 ] [ 1762 1905 1809 ] [    0    0    0 ] [      0      0      0 ] [ 0 ],drive [ 94 ] [ 0 ] [ 1762 1905 1809 ] [   15   15    9 ] [   9296   5948  10104 ] [ 0 ],1.00,1.00,1.00,1.00,20.97,-5.78,0.00,0.00,0.00,0.00,0.00,0.00,-0.00,0.00,0.00,0.00,0.00,0.00,-0.00,0.00,0.00,0
14.5135,21,-6,266,0,DRIVE [ 95 ] [ 1 ] [ 1762 1905 1808 ] [    0    0    0 ] [      0      0      0 ] [ 0 ],drive [ 94 ] [ 0 ] [ 1762 1905 1809 ] [   15   16    9 ] [   9296   5948  10104 ] [ 0 ],1.00,1.00,1.00,1.00,21.03,-5.81,0.00,0.00,0.00,0.00,0.00,0.00,-0.00,0.00,0.00,0.00,0.00,0.00,-0.00,0.00,0.00,0
14.5253,21,-6,268,0,DRIVE [ 95 ] [ 1 ] [ 1762 1905 1809 ] [    0    0    0 ] [      0      0      0 ] [ 0 ],drive [ 95 ] [ 0 ] [ 1762 1905 1808 ] [   15   16    9 ] [   9296   5948  10104 ] [ 0 ],1.00,1.00,1.00,1.00,21.18,-5.76,0.00,0.00,0.00,0.00,0.00,0.00,-0.00,0.00,0.00,0.00,0.00,0.00,0.00,0.00,0.00,0
14.5368,21,-6,268,0,DRIVE [ 96 ] [ 1 ] [ 1761 1905 1809 ] [    0    0    0 ] [      0      0      0 ] [ 0 ],drive [ 95 ] [ 0 ] [ 1762 1905 1809 ] [   15   16    9 ] [   9296   5948  10104 ] [ 0 ],1.00,1.00,1.00,1.00,21.26,-5.68,0.00,0.00,0.00,0.00,0.00,0.00,-0.00,0.00,0.00,0.00,0.00,0.00,0.00,0.00,0.00,0
14.549,21,-6,268,0,DRIVE [ 96 ] [ 1 ] [ 1760 1905 1809 ] [    0    0    0 ] [      0      0      0 ] [ 0 ],drive [ 96 ] [ 0 ] [ 1761 1905 1809 ] [   15   16    9 ] [   9296   5948  10104 ] [ 0 ],1.00,1.00,1.00,1.00,21.32,-5.64,0.00,0.00,0.00,0.00,0.00,0.00,-0.00,0.00,0.00,0.00,0.00,0.00,0.00,0.00,0.00,0
14.561,21,-6,268,0,DRIVE [ 97 ] [ 1 ] [ 1760 1905 1809 ] [    0    0    0 ] [      0      0      0 ] [ 0 ],drive [ 96 ] [ 0 ] [ 1760 1905 1809 ] [   14   16    8 ] [   9296   5948  10104 ] [ 0 ],1.00,1.00,1.00,1.00,21.37,-5.64,0.00,0.00,0.00,0.00,0.00,0.00,-0.00,0.00,0.00,0.00,0.00,0.00,0.00,0.00,0.00,0
14.5729,21,-6,268,0,DRIVE [ 97 ] [ 1 ] [ 1759 1905 1810 ] [    0    0    0 ] [      0      0      0 ] [ 0 ],drive [ 97 ] [ 0 ] [ 1760 1905 1809 ] [   14   16    8 ] [   9296   5948  10104 ] [ 0 ],1.00,1.00,1.00,1.00,21.49,-5.52,0.00,0.00,0.00,0.00,0.00,0.00,-0.00,0.00,0.00,0.00,0.00,0.00,0.00,0.00,0.00,0
14.5846,21,-5,269,0,DRIVE [ 98 ] [ 1 ] [ 1759 1905 1810 ] [    0    0    0 ] [      0      0      0 ] [ 0 ],drive [ 97 ] [ 0 ] [ 1759 1905 1810 ] [   14   16    8 ] [   9296   5948  10104 ] [ 0 ],1.00,1.00,1.00,1.00,21.50,-5.40,0.00,0.00,0.00,0.00,0.00,0.00,-0.00,0.00,0.00,0.00,0.00,0.00,0.00,0.00,0.00,0
14.597,22,-5,269,0,DRIVE [ 98 ] [ 1 ] [ 1758 1905 1811 ] [    0    0    0 ] [      0      0      0 ] [ 0 ],drive [ 98 ] [ 0 ] [ 1759 1905 1810 ] [   14   16    8 ] [   9296   5948  10104 ] [ 0 ],1.00,1.00,1.00,1.00,21.51,-5.30,0.00,0.00,0.00,0.00,0.00,0.00,-0.00,0.00,0.00,0.00,0.00,0.00,0.00,0.00,0.00,0
14.6091,21,-5,268,0,DRIVE [ 99 ] [ 1 ] [ 1757 1905 1812 ] [    0    0    0 ] [      0      0      0 ] [ 0 ],drive [ 98 ] [ 0 ] [ 1758 1905 1811 ] [   15   16    9 ] [   9296   5948  10104 ] [ 0 ],1.00,1.00,1.00,1.00,21.48,-5.12,0.00,0.00,0.00,0.00,0.00,0.00,-0.00,0.00,0.00,0.00,0.00,0.00,0.00,0.00,0.00,0
14.6207,21,-5,267,0,DRIVE [ 99 ] [ 1 ] [ 1756 1905 1813 ] [    0    0    0 ] [      0      0      0 ] [ 0 ],drive [ 99 ] [ 0 ] [ 1757 1905 1812 ] [   15   16    9 ] [   9296   5948  10104 ] [ 0 ],1.00,1.00,1.00,1.00,21.48,-4.93,0.00,0.00,0.00,0.00,0.00,0.00,-0.00,0.00,0.00,0.00,0.00,0.00,0.00,0.00,0.00,0
14.6328,21,-5,267,0,DRIVE [ 00 ] [ 1 ] [ 1756 1905 1813 ] [    0    0    0 ] [      0      0      0 ] [ 0 ],drive [ 99 ] [ 0 ] [ 1756 1905 1813 ] [   15   16    9 ] [   9296   5948  10104 ] [ 0 ],1.00,1.00,1.00,1.00,21.46,-4.80,0.00,0.00,0.00,0.00,0.00,0.00,-0.00,0.00,0.00,0.00,0.00,0.00,0.00,0.00,0.00,0
14.6447,21,-5,267,0,DRIVE [ 00 ] [ 1 ] [ 1755 1905 1814 ] [    0    0    0 ] [      0      0      0 ] [ 0 ],drive [ 00 ] [ 0 ] [ 1756 1905 1813 ] [   15   16    9 ] [   9296   5948  10104 ] [ 0 ],1.00,1.00,1.00,1.00,21.50,-4.68,0.00,0.00,0.00,0.00,0.00,0.00,-0.00,0.00,0.00,0.00,0.00,0.00,0.00,0.00,0.00,0
14.6569,22,-4,267,0,DRIVE [ 01 ] [ 1 ] [ 1754 1905 1815 ] [    0    0    0 ] [      0      0      0 ] [ 0 ],drive [ 00 ] [ 0 ] [ 1755 1905 1814 ] [   15   16    9 ] [   9296   5948  10104 ] [ 0 ],1.00,1.00,1.00,1.00,21.58,-4.50,0.00,0.00,0.00,0.00,0.00,0.00,-0.00,0.00,0.00,0.00,0.00,0.00,0.00,0.00,0.00,0
14.6686,22,-4,267,0,DRIVE [ 01 ] [ 1 ] [ 1753 1905 1816 ] [    0    0    0 ] [      0      0      0 ] [ 0 ],drive [ 01 ] [ 0 ] [ 1754 1905 1815 ] [   15   16    8 ] [   9296   5948  10104 ] [ 0 ],1.00,1.00,1.00,1.00,21.60,-4.34,0.00,0.00,0.00,0.00,0.00,0.00,-0.00,0.00,0.00,0.00,0.00,0.00,0.00,0.00,0.00,0
14.6805,22,-4,267,0,DRIVE [ 02 ] [ 1 ] [ 1753 1905 1816 ] [    0    0    0 ] [      0      0      0 ] [ 0 ],drive [ 01 ] [ 0 ] [ 1753 1905 1816 ] [   15   16    8 ] [   9296   5948  10104 ] [ 0 ],1.00,1.00,1.00,1.00,21.60,-4.22,0.00,0.00,0.00,0.00,0.00,0.00,-0.00,0.00,0.00,0.00,0.00,0.00,0.00,0.00,0.00,0
14.6924,22,-4,267,0,DRIVE [ 02 ] [ 1 ] [ 1752 1905 1817 ] [    0    0    0 ] [      0      0      0 ] [ 0 ],drive [ 02 ] [ 0 ] [ 1753 1905 1816 ] [   15   16    8 ] [   9296   5948  10104 ] [ 0 ],1.00,1.00,1.00,1.00,21.63,-4.08,0.00,0.00,0.00,0.00,0.00,0.00,-0.00,0.00,0.00,0.00,0.00,0.00,0.00,0.00,0.00,0
14.7043,22,-4,267,0,DRIVE [ 03 ] [ 1 ] [ 1751 1905 1818 ] [    0    0    0 ] [      0      0      0 ] [ 0 ],drive [ 02 ] [ 0 ] [ 1752 1905 1817 ] [   15   16    8 ] [   9296   5948  10104 ] [ 0 ],1.00,1.00,1.00,1.00,21.67,-3.94,0.00,0.00,0.00,0.00,0.00,0.00,-0.00,0.00,0.00,0.00,0.00,0.00,0.00,0.00,0.00,0
14.7169,22,-4,267,0,DRIVE [ 03 ] [ 1 ] [ 1751 1905 1818 ] [    0    0    0 ] [      0      0      0 ] [ 0 ],drive [ 03 ] [ 0 ] [ 1751 1905 1818 ] [   15   16    8 ] [   9296   5948  10104 ] [ 0 ],1.00,1.00,1.00,1.00,21.67,-3.83,0.00,0.00,0.00,0.00,0.00,0.00,-0.00,0.00,0.00,0.00,0.00,0.00,0.00,0.00,0.00,0
14.7291,22,-4,266,0,DRIVE [ 04 ] [ 1 ] [ 1751 1905 1819 ] [    0    0    0 ] [      0      0      0 ] [ 0 ],drive [ 03 ] [ 0 ] [ 1751 1905 1818 ] [   15   16    8 ] [   9296   5948  10104 ] [ 0 ],1.00,1.00,1.00,1.00,21.57,-3.76,0.00,0.00,0.00,0.00,0.00,0.00,-0.00,0.00,0.00,0.00,0.00,0.00,-0.00,0.00,0.00,0
14.742,22,-4,266,0,DRIVE [ 04 ] [ 1 ] [ 1751 1905 1819 ] [    0    0    0 ] [      0      0      0 ] [ 0 ],drive [ 04 ] [ 0 ] [ 1751 1905 1819 ] [   15   16    8 ] [   9296   5948  10104 ] [ 0 ],1.00,1.00,1.00,1.00,21.51,-3.68,0.00,0.00,0.00,0.00,0.00,0.00,-0.00,0.00,0.00,0.00,0.00,0.00,-0.00,0.00,0.00,0
14.7554,21,-4,266,0,DRIVE [ 05 ] [ 1 ] [ 1751 1905 1820 ] [    0    0    0 ] [      0      0      0 ] [ 0 ],drive [ 04 ] [ 0 ] [ 1751 1905 1819 ] [   15   16    8 ] [   9296   5948  10104 ] [ 0 ],1.00,1.00,1.00,1.00,21.46,-3.62,0.00,0.00,0.00,0.00,0.00,0.00,-0.00,0.00,0.00,0.00,0.00,0.00,-0.00,0.00,0.00,0
14.7679,21,-4,266,0,DRIVE [ 05 ] [ 1 ] [ 1751 1905 1820 ] [    0    0    0 ] [      0      0      0 ] [ 0 ],drive [ 05 ] [ 0 ] [ 1751 1905 1820 ] [   15   15    9 ] [   9296   5948  10104 ] [ 0 ],1.00,1.00,1.00,1.00,21.42,-3.58,0.00,0.00,0.00,0.00,0.00,0.00,-0.00,0.00,0.00,0.00,0.00,0.00,-0.00,0.00,0.00,0
14.7824,21,-4,265,0,DRIVE [ 06 ] [ 1 ] [ 1751 1905 1820 ] [    0    0    0 ] [      0      0      0 ] [ 0 ],drive [ 05 ] [ 0 ] [ 1751 1905 1820 ] [   15   15    9 ] [   9296   5948  10104 ] [ 0 ],1.00,1.00,1.00,1.00,21.38,-3.55,0.00,0.00,0.00,0.00,0.00,0.00,-0.00,0.00,0.00,0.00,0.00,0.00,-0.00,0.00,0.00,0
14.7965,21,-4,265,0,DRIVE [ 06 ] [ 1 ] [ 1751 1905 1820 ] [    0    0    0 ] [      0      0      0 ] [ 0 ],drive [ 06 ] [ 0 ] [ 1751 1905 1820 ] [   15   15    9 ] [   9296   5948  10103 ] [ 0 ],1.00,1.00,1.00,1.00,21.36,-3.54,0.00,0.00,0.00,0.00,0.00,0.00,-0.00,0.00,0.00,0.00,0.00,0.00,-0.00,0.00,0.00,0
14.8086,21,-4,265,0,DRIVE [ 07 ] [ 1 ] [ 1751 1905 1820 ] [    0    0    0 ] [      0      0      0 ] [ 0 ],drive [ 06 ] [ 0 ] [ 1751 1905 1820 ] [   16   17    7 ] [   9296   5948  10103 ] [ 0 ],1.00,1.00,1.00,1.00,21.38,-3.54,0.00,0.00,0.00,0.00,0.00,0.00,-0.00,0.00,0.00,0.00,0.00,0.00,-0.00,0.00,0.00,0
14.822,21,-4,266,0,DRIVE [ 07 ] [ 1 ] [ 1751 1905 1820 ] [    0    0    0 ] [      0      0      0 ] [ 0 ],drive [ 07 ] [ 0 ] [ 1751 1905 1820 ] [   16   17    7 ] [   9296   5948  10103 ] [ 0 ],1.00,1.00,1.00,1.00,21.41,-3.58,0.00,0.00,0.00,0.00,0.00,0.00,-0.00,0.00,0.00,0.00,0.00,0.00,-0.00,0.00,0.00,0
14.8362,21,-4,266,0,DRIVE [ 08 ] [ 1 ] [ 1752 1905 1820 ] [    0    0    0 ] [      0      0      0 ] [ 0 ],drive [ 07 ] [ 0 ] [ 1751 1905 1820 ] [   16   17    7 ] [   9296   5948  10103 ] [ 0 ],1.00,1.00,1.00,1.00,21.43,-3.60,0.00,0.00,0.00,0.00,0.00,0.00,-0.00,0.00,0.00,0.00,0.00,0.00,-0.00,0.00,0.00,0
14.8488,21,-4,267,0,DRIVE [ 08 ] [ 1 ] [ 1752 1905 1819 ] [    0    0    0 ] [      0      0      0 ] [ 0 ],drive [ 08 ] [ 0 ] [ 1752 1905 1820 ] [   16   17    7 ] [   9296   5948  10103 ] [ 0 ],1.00,1.00,1.00,1.00,21.47,-3.74,0.00,0.00,0.00,0.00,0.00,0.00,-0.00,0.00,0.00,0.00,0.00,0.00,-0.00,0.00,0.00,0
14.861,21,-4,267,0,DRIVE [ 09 ] [ 1 ] [ 1753 1905 1819 ] [    0    0    0 ] [      0      0      0 ] [ 0 ],drive [ 08 ] [ 0 ] [ 1752 1905 1819 ] [   15   16    9 ] [   9296   5948  10103 ] [ 0 ],1.00,1.00,1.00,1.00,21.48,-3.83,0.00,0.00,0.00,0.00,0.00,0.00,-0.00,0.00,0.00,0.00,0.00,0.00,-0.00,0.00,0.00,0
14.8726,22,-4,268,0,DRIVE [ 09 ] [ 1 ] [ 1753 1905 1819 ] [    0    0    0 ] [      0      0      0 ] [ 0 ],drive [ 09 ] [ 0 ] [ 1753 1905 1819 ] [   15   16    9 ] [   9296   5948  10103 ] [ 0 ],1.00,1.00,1.00,1.00,21.51,-3.93,0.00,0.00,0.00,0.00,0.00,0.00,-0.00,0.00,0.00,0.00,0.00,0.00,0.00,0.00,0.00,0
14.8849,22,-4,268,0,DRIVE [ 10 ] [ 1 ] [ 1753 1905 1818 ] [    0    0    0 ] [      0      0      0 ] [ 0 ],drive [ 09 ] [ 0 ] [ 1753 1905 1819 ] [   15   16    9 ] [   9296   5948  10103 ] [ 0 ],1.00,1.00,1.00,1.00,21.53,-4.01,0.00,0.00,0.00,0.00,0.00,0.00,-0.00,0.00,0.00,0.00,0.00,0.00,0.00,0.00,0.00,0
14.8971,21,-4,267,0,DRIVE [ 10 ] [ 1 ] [ 1754 1905 1817 ] [    0    0    0 ] [      0      0      0 ] [ 0 ],drive [ 10 ] [ 0 ] [ 1753 1905 1818 ] [   15   16    9 ] [   9296   5949  10103 ] [ 0 ],1.00,1.00,1.00,1.00,21.42,-4.16,0.00,0.00,0.00,0.00,0.00,0.00,-0.00,0.00,0.00,0.00,0.00,0.00,-0.00,0.00,0.00,0
14.9096,21,-4,267,0,DRIVE [ 11 ] [ 1 ] [ 1754 1905 1818 ] [    0    0    0 ] [      0      0      0 ] [ 0 ],drive [ 10 ] [ 0 ] [ 1754 1905 1817 ] [   17   14    7 ] [   9296   5949  10103 ] [ 0 ],1.00,1.00,1.00,1.00,21.44,-4.10,0.00,0.00,0.00,0.00,0.00,0.00,-0.00,0.00,0.00,0.00,0.00,0.00,-0.00,0.00,0.00,0
14.9225,21,-4,268,0,DRIVE [ 11 ] [ 1 ] [ 1754 1905 1818 ] [    0    0    0 ] [      0      0      0 ] [ 0 ],drive [ 11 ] [ 0 ] [ 1754 1905 1818 ] [   17   14    7 ] [   9296   5949  10103 ] [ 0 ],1.00,1.00,1.00,1.00,21.39,-4.06,0.00,0.00,0.00,0.00,0.00,0.00,-0.00,0.00,0.00,0.00,0.00,0.00,-0.00,0.00,0.00,0
14.9345,21,-4,268,0,DRIVE [ 12 ] [ 1 ] [ 1754 1905 1818 ] [    0    0    0 ] [      0      0      0 ] [ 0 ],drive [ 11 ] [ 0 ] [ 1754 1905 1818 ] [   17   14    7 ] [   9296   5949  10103 ] [ 0 ],1.00,1.00,1.00,1.00,21.46,-4.05,0.00,0.00,0.00,0.00,0.00,0.00,-0.00,0.00,0.00,0.00,0.00,0.00,-0.00,0.00,0.00,0
14.9478,21,-4,268,0,DRIVE [ 12 ] [ 1 ] [ 1754 1905 1819 ] [    0    0    0 ] [      0      0      0 ] [ 0 ],drive [ 12 ] [ 0 ] [ 1754 1905 1818 ] [   17   14    7 ] [   9296   5949  10104 ] [ 0 ],1.00,1.00,1.00,1.00,21.44,-3.92,0.00,0.00,0.00,0.00,0.00,0.00,-0.00,0.00,0.00,0.00,0.00,0.00,-0.00,0.00,0.00,0
14.9604,21,-4,268,0,DRIVE [ 13 ] [ 1 ] [ 1753 1905 1819 ] [    0    0    0 ] [      0      0      0 ] [ 0 ],drive [ 12 ] [ 0 ] [ 1754 1905 1819 ] [   15   15    8 ] [   9296   5949  10104 ] [ 0 ],1.00,1.00,1.00,1.00,21.46,-3.84,0.00,0.00,0.00,0.00,0.00,0.00,-0.00,0.00,0.00,0.00,0.00,0.00,-0.00,0.00,0.00,0
14.9736,21,-4,268,0,DRIVE [ 13 ] [ 1 ] [ 1753 1905 1820 ] [    0    0    0 ] [      0      0      0 ] [ 0 ],drive [ 13 ] [ 0 ] [ 1753 1905 1819 ] [   15   15    8 ] [   9296   5949  10104 ] [ 0 ],1.00,1.00,1.00,1.00,21.47,-3.80,0.00,0.00,0.00,0.00,0.00,0.00,-0.00,0.00,0.00,0.00,0.00,0.00,-0.00,0.00,0.00,0
14.9854,21,-4,268,0,DRIVE [ 14 ] [ 1 ] [ 1753 1905 1820 ] [    0    0    0 ] [      0      0      0 ] [ 0 ],drive [ 13 ] [ 0 ] [ 1753 1905 1820 ] [   15   15    8 ] [   9296   5949  10104 ] [ 0 ],1.00,1.00,1.00,1.00,21.47,-3.76,0.00,0.00,0.00,0.00,0.00,0.00,-0.00,0.00,0.00,0.00,0.00,0.00,-0.00,0.00,0.00,0
14.9977,21,-4,267,0,DRIVE [ 14 ] [ 1 ] [ 1753 1905 1820 ] [    0    0    0 ] [      0      0      0 ] [ 0 ],drive [ 14 ] [ 0 ] [ 1753 1905 1820 ] [   15   15    8 ] [   9296   5950  10104 ] [ 0 ],1.00,1.00,1.00,1.00,21.38,-3.79,0.00,0.00,0.00,0.00,0.00,0.00,-0.00,0.00,0.00,0.00,0.00,0.00,-0.00,0.00,0.00,0
15.0099,21,-4,268,0,DRIVE [ 15 ] [ 1 ] [ 1754 1905 1820 ] [    0    0    0 ] [      0      0      0 ] [ 0 ],drive [ 14 ] [ 0 ] [ 1753 1905 1820 ] [   16   14    7 ] [   9296   5950  10104 ] [ 0 ],1.00,1.00,1.00,1.00,21.35,-3.82,0.00,0.00,0.00,0.00,0.00,0.00,-0.00,0.00,0.00,0.00,0.00,0.00,-0.00,0.00,0.00,0
15.0229,21,-4,269,0,DRIVE [ 15 ] [ 1 ] [ 1755 1905 1820 ] [    0    0    0 ] [      0      0      0 ] [ 0 ],drive [ 15 ] [ 0 ] [ 1754 1905 1820 ] [   16   14    7 ] [   9296   5950  10104 ] [ 0 ],1.00,1.00,1.00,1.00,21.25,-3.81,0.00,0.00,0.00,0.00,0.00,0.00,-0.00,0.00,0.00,0.00,0.00,0.00,-0.00,0.00,0.00,0
15.0348,21,-4,269,0,DRIVE [ 16 ] [ 1 ] [ 1756 1905 1821 ] [    0    0    0 ] [      0      0      0 ] [ 0 ],drive [ 15 ] [ 0 ] [ 1755 1905 1820 ] [   16   14    7 ] [   9296   5950  10104 ] [ 0 ],1.00,1.00,1.00,1.00,21.17,-3.79,0.00,0.00,0.00,0.00,0.00,0.00,-0.00,0.00,0.00,0.00,0.00,0.00,-0.00,0.00,0.00,0
15.0471,21,-4,269,0,DRIVE [ 16 ] [ 1 ] [ 1756 1905 1821 ] [    0    0    0 ] [      0      0      0 ] [ 0 ],drive [ 16 ] [ 0 ] [ 1756 1905 1821 ] [   16   14    7 ] [   9296   5950  10104 ] [ 0 ],1.00,1.00,1.00,1.00,21.12,-3.78,0.00,0.00,0.00,0.00,0.00,0.00,-0.00,0.00,0.00,0.00,0.00,0.00,-0.00,0.00,0.00,0
15.0592,21,-4,269,0,DRIVE [ 17 ] [ 1 ] [ 1756 1905 1821 ] [    0    0    0 ] [      0      0      0 ] [ 0 ],drive [ 16 ] [ 0 ] [ 1756 1905 1821 ] [   15   15    7 ] [   9296   5950  10104 ] [ 0 ],1.00,1.00,1.00,1.00,21.07,-3.75,0.00,0.00,0.00,0.00,0.00,0.00,-0.00,0.00,0.00,0.00,0.00,0.00,-0.00,0.00,0.00,0
15.071,21,-4,268,0,DRIVE [ 17 ] [ 1 ] [ 1756 1905 1821 ] [    0    0    0 ] [      0      0      0 ] [ 0 ],drive [ 17 ] [ 0 ] [ 1756 1905 1821 ] [   15   15    7 ] [   9296   5950  10104 ] [ 0 ],1.00,1.00,1.00,1.00,21.10,-3.74,0.00,0.00,0.00,0.00,0.00,0.00,-0.00,0.00,0.00,0.00,0.00,0.00,-0.00,0.00,0.00,0
15.0835,21,-4,267,0,DRIVE [ 18 ] [ 1 ] [ 1756 1905 1821 ] [    0    0    0 ] [      0      0      0 ] [ 0 ],drive [ 17 ] [ 0 ] [ 1756 1905 1821 ] [   15   15    7 ] [   9296   5950  10104 ] [ 0 ],1.00,1.00,1.00,1.00,21.02,-3.77,0.00,0.00,0.00,0.00,0.00,0.00,-0.00,0.00,0.00,0.00,0.00,0.00,-0.00,0.00,0.00,0
15.096,21,-4,266,0,DRIVE [ 18 ] [ 1 ] [ 1756 1905 1820 ] [    0    0    0 ] [      0      0      0 ] [ 0 ],drive [ 18 ] [ 0 ] [ 1756 1905 1821 ] [   15   15    7 ] [   9296   5950  10104 ] [ 0 ],1.00,1.00,1.00,1.00,20.97,-3.88,0.00,0.00,0.00,0.00,0.00,0.00,-0.00,0.00,0.00,0.00,0.00,0.00,-0.00,0.00,0.00,0
15.1081,21,-4,267,0,DRIVE [ 19 ] [ 1 ] [ 1756 1905 1819 ] [    0    0    0 ] [      0      0      0 ] [ 0 ],drive [ 18 ] [ 0 ] [ 1756 1905 1820 ] [   16   14    7 ] [   9296   5950  10104 ] [ 0 ],1.00,1.00,1.00,1.00,21.13,-3.98,0.00,0.00,0.00,0.00,0.00,0.00,-0.00,0.00,0.00,0.00,0.00,0.00,-0.00,0.00,0.00,0
15.1201,21,-4,268,0,DRIVE [ 19 ] [ 1 ] [ 1755 1905 1818 ] [    0    0    0 ] [      0      0      0 ] [ 0 ],drive [ 19 ] [ 0 ] [ 1756 1905 1819 ] [   16   14    7 ] [   9296   5950  10104 ] [ 0 ],1.00,1.00,1.00,1.00,21.26,-4.07,0.00,0.00,0.00,0.00,0.00,0.00,-0.00,0.00,0.00,0.00,0.00,0.00,-0.00,0.00,0.00,0
15.1324,21,-4,268,0,DRIVE [ 20 ] [ 1 ] [ 1755 1905 1818 ] [    0    0    0 ] [      0      0      0 ] [ 0 ],drive [ 19 ] [ 0 ] [ 1755 1905 1818 ] [   16   14    7 ] [   9296   5950  10104 ] [ 0 ],1.00,1.00,1.00,1.00,21.39,-4.11,0.00,0.00,0.00,0.00,0.00,0.00,-0.00,0.00,0.00,0.00,0.00,0.00,0.00,0.00,0.00,0
15.1446,21,-4,267,0,DRIVE [ 20 ] [ 1 ] [ 1754 1905 1817 ] [    0    0    0 ] [      0      0      0 ] [ 0 ],drive [ 20 ] [ 0 ] [ 1755 1905 1818 ] [   16   14    7 ] [   9296   5950  10104 ] [ 0 ],1.00,1.00,1.00,1.00,21.45,-4.22,0.00,0.00,0.00,0.00,0.00,0.00,-0.00,0.00,0.00,0.00,0.00,0.00,0.00,0.00,0.00,0
15.1567,22,-4,267,0,DRIVE [ 21 ] [ 1 ] [ 1754 1905 1816 ] [    0    0    0 ] [      0      0      0 ] [ 0 ],drive [ 20 ] [ 0 ] [ 1754 1905 1817 ] [   16   14    7 ] [   9296   5950  10104 ] [ 0 ],1.00,1.00,1.00,1.00,21.55,-4.34,0.00,0.00,0.00,0.00,0.00,0.00,-0.00,0.00,0.00,0.00,0.00,0.00,0.00,0.00,0.00,0
15.1684,22,-4,267,0,DRIVE [ 21 ] [ 1 ] [ 1753 1905 1815 ] [    0    0    0 ] [      0      0      0 ] [ 0 ],drive [ 21 ] [ 0 ] [ 1754 1905 1816 ] [   15   15    8 ] [   9296   5950  10104 ] [ 0 ],1.00,1.00,1.00,1.00,21.67,-4.44,0.00,0.00,0.00,0.00,0.00,0.00,-0.00,0.00,0.00,0.00,0.00,0.00,0.00,0.00,0.00,0
15.1808,22,-5,268,0,DRIVE [ 22 ] [ 1 ] [ 1753 1905 1814 ] [    0    0    0 ] [      0      0      0 ] [ 0 ],drive [ 21 ] [ 0 ] [ 1753 1905 1815 ] [   15   15    8 ] [   9296   5950  10104 ] [ 0 ],1.00,1.00,1.00,1.00,21.78,-4.53,0.00,0.00,0.00,0.00,0.00,0.00,-0.00,0.00,0.00,0.00,0.00,0.00,0.00,0.00,0.00,0
15.1929,22,-5,268,0,DRIVE [ 22 ] [ 1 ] [ 1753 1905 1814 ] [    0    0    0 ] [      0      0      0 ] [ 0 ],drive [ 22 ] [ 0 ] [ 1753 1905 1814 ] [   15   15    8 ] [   9296   5951  10104 ] [ 0 ],1.00,1.00,1.00,1.00,21.83,-4.59,0.00,0.00,0.00,0.00,0.00,0.00,-0.00,0.00,0.00,0.00,0.00,0.00,0.00,0.00,0.00,0
15.2045,22,-5,268,0,DRIVE [ 23 ] [ 1 ] [ 1753 1905 1814 ] [    0    0    0 ] [      0      0      0 ] [ 0 ],drive [ 22 ] [ 0 ] [ 1753 1905 1814 ] [   15   15    8 ] [   9296   5951  10104 ] [ 0 ],1.00,1.00,1.00,1.00,21.87,-4.62,0.00,0.00,0.00,0.00,0.00,0.00,-0.00,0.00,0.00,0.00,0.00,0.00,0.00,0.00,0.00,0
15.2168,22,-5,268,0,DRIVE [ 23 ] [ 1 ] [ 1752 1905 1813 ] [    0    0    0 ] [      0      0      0 ] [ 0 ],drive [ 23 ] [ 0 ] [ 1753 1905 1814 ] [   15   14    8 ] [   9296   5951  10104 ] [ 0 ],1.00,1.00,1.00,1.00,21.90,-4.62,0.00,0.00,0.00,0.00,0.00,0.00,-0.00,0.00,0.00,0.00,0.00,0.00,0.00,0.00,0.00,0
15.2288,22,-5,268,0,DRIVE [ 24 ] [ 1 ] [ 1753 1905 1813 ] [    0    0    0 ] [      0      0      0 ] [ 0 ],drive [ 23 ] [ 0 ] [ 1752 1905 1813 ] [   15   14    8 ] [   9296   5951  10104 ] [ 0 ],1.00,1.00,1.00,1.00,21.95,-4.67,0.00,0.00,0.00,0.00,0.00,0.00,-0.00,0.00,0.00,0.00,0.00,0.00,0.00,0.00,0.00,0
15.241,22,-5,267,0,DRIVE [ 24 ] [ 1 ] [ 1752 1905 1813 ] [    0    0    0 ] [      0      0      0 ] [ 0 ],drive [ 24 ] [ 0 ] [ 1753 1905 1813 ] [   15   14    8 ] [   9296   5951  10104 ] [ 0 ],1.00,1.00,1.00,1.00,21.94,-4.61,0.00,0.00,0.00,0.00,0.00,0.00,-0.00,0.00,0.00,0.00,0.00,0.00,0.00,0.00,0.00,0
15.2528,22,-5,268,0,DRIVE [ 25 ] [ 1 ] [ 1752 1905 1813 ] [    0    0    0 ] [      0      0      0 ] [ 0 ],drive [ 24 ] [ 0 ] [ 1752 1905 1813 ] [   15   14    8 ] [   9296   5951  10105 ] [ 0 ],1.00,1.00,1.00,1.00,21.96,-4.64,0.00,0.00,0.00,0.00,0.00,0.00,-0.00,0.00,0.00,0.00,0.00,0.00,0.00,0.00,0.00,0
15.2653,22,-5,268,0,DRIVE [ 25 ] [ 1 ] [ 1752 1905 1814 ] [    0    0    0 ] [      0      0      0 ] [ 0 ],drive [ 25 ] [ 0 ] [ 1752 1905 1813 ] [   15   15    9 ] [   9296   5951  10105 ] [ 0 ],1.00,1.00,1.00,1.00,21.95,-4.54,0.00,0.00,0.00,0.00,0.00,0.00,-0.00,0.00,0.00,0.00,0.00,0.00,0.00,0.00,0.00,0
15.2777,22,-4,268,0,DRIVE [ 26 ] [ 1 ] [ 1752 1905 1815 ] [    0    0    0 ] [      0      0      0 ] [ 0 ],drive [ 25 ] [ 0 ] [ 1752 1905 1814 ] [   15   15    9 ] [   9296   5951  10105 ] [ 0 ],1.00,1.00,1.00,1.00,21.87,-4.42,0.00,0.00,0.00,0.00,0.00,0.00,-0.00,0.00,0.00,0.00,0.00,0.00,0.00,0.00,0.00,0
15.2898,22,-4,268,0,DRIVE [ 26 ] [ 1 ] [ 1753 1905 1815 ] [    0    0    0 ] [      0      0      0 ] [ 0 ],drive [ 26 ] [ 0 ] [ 1752 1905 1815 ] [   15   15    9 ] [   9296   5951  10105 ] [ 0 ],1.00,1.00,1.00,1.00,21.81,-4.37,0.00,0.00,0.00,0.00,0.00,0.00,-0.00,0.00,0.00,0.00,0.00,0.00,0.00,0.00,0.00,0
15.3015,22,-4,269,0,DRIVE [ 27 ] [ 1 ] [ 1753 1905 1816 ] [    0    0    0 ] [      0      0      0 ] [ 0 ],drive [ 26 ] [ 0 ] [ 1753 1905 1815 ] [   15   15    9 ] [   9296   5951  10105 ] [ 0 ],1.00,1.00,1.00,1.00,21.73,-4.34,0.00,0.00,0.00,0.00,0.00,0.00,-0.00,0.00,0.00,0.00,0.00,0.00,0.00,0.00,0.00,0
15.3139,21,-4,268,0,DRIVE [ 27 ] [ 1 ] [ 1754 1905 1817 ] [    0    0    0 ] [      0      0      0 ] [ 0 ],drive [ 27 ] [ 0 ] [ 1753 1905 1816 ] [   15   15    7 ] [   9296   5951  10105 ] [ 0 ],1.00,1.00,1.00,1.00,21.48,-4.26,0.00,0.00,0.00,0.00,0.00,0.00,-0.00,0.00,0.00,0.00,0.00,0.00,-0.00,0.00,0.00,0
15.3262,21,-4,268,0,DRIVE [ 28 ] [ 1 ] [ 1756 1905 1817 ] [    0    0    0 ] [      0      0      0 ] [ 0 ],drive [ 27 ] [ 0 ] [ 1754 1905 1817 ] [   15   15    7 ] [   9296   5951  10105 ] [ 0 ],1.00,1.00,1.00,1.00,21.35,-4.29,0.00,0.00,0.00,0.00,0.00,0.00,-0.00,0.00,0.00,0.00,0.00,0.00,-0.00,0.00,0.00,0
15.3379,21,-4,268,0,DRIVE [ 28 ] [ 1 ] [ 1756 1905 1818 ] [    0    0    0 ] [      0      0      0 ] [ 0 ],drive [ 28 ] [ 0 ] [ 1756 1905 1817 ] [   15   15    7 ] [   9296   5951  10105 ] [ 0 ],1.00,1.00,1.00,1.00,21.20,-4.22,0.00,0.00,0.00,0.00,0.00,0.00,-0.00,0.00,0.00,0.00,0.00,0.00,-0.00,0.00,0.00,0
15.3501,21,-4,268,0,DRIVE [ 29 ] [ 1 ] [ 1757 1905 1819 ] [    0    0    0 ] [      0      0      0 ] [ 0 ],drive [ 28 ] [ 0 ] [ 1756 1905 1818 ] [   15   15    7 ] [   9296   5951  10107 ] [ 0 ],1.00,1.00,1.00,1.00,21.08,-4.16,0.00,0.00,0.00,0.00,0.00,0.00,-0.00,0.00,0.00,0.00,0.00,0.00,-0.00,0.00,0.00,0
15.3624,21,-4,268,0,DRIVE [ 29 ] [ 1 ] [ 1758 1905 1819 ] [    0    0    0 ] [      0      0      0 ] [ 0 ],drive [ 29 ] [ 0 ] [ 1757 1905 1819 ] [   15   16    7 ] [   9296   5951  10107 ] [ 0 ],1.00,1.00,1.00,1.00,20.93,-4.10,0.00,0.00,0.00,0.00,0.00,0.00,-0.00,0.00,0.00,0.00,0.00,0.00,-0.00,0.00,0.00,0
15.3745,21,-4,267,0,DRIVE [ 30 ] [ 1 ] [ 1759 1905 1820 ] [    0    0    0 ] [      0      0      0 ] [ 0 ],drive [ 29 ] [ 0 ] [ 1758 1905 1819 ] [   15   16    7 ] [   9296   5951  10107 ] [ 0 ],1.00,1.00,1.00,1.00,20.78,-4.07,0.00,0.00,0.00,0.00,0.00,0.00,-0.00,0.00,0.00,0.00,0.00,0.00,-0.00,0.00,0.00,0
15.3863,21,-4,267,0,DRIVE [ 30 ] [ 1 ] [ 1760 1905 1820 ] [    0    0    0 ] [      0      0      0 ] [ 0 ],drive [ 30 ] [ 0 ] [ 1759 1905 1820 ] [   15   16    7 ] [   9296   5951  10107 ] [ 0 ],1.00,1.00,1.00,1.00,20.69,-4.12,0.00,0.00,0.00,0.00,0.00,0.00,-0.00,0.00,0.00,0.00,0.00,0.00,-0.00,0.00,0.00,0
15.3988,21,-4,267,0,DRIVE [ 31 ] [ 1 ] [ 1760 1905 1820 ] [    0    0    0 ] [      0      0      0 ] [ 0 ],drive [ 30 ] [ 0 ] [ 1760 1905 1820 ] [   15   16    7 ] [   9296   5951  10107 ] [ 0 ],1.00,1.00,1.00,1.00,20.62,-4.08,0.00,0.00,0.00,0.00,0.00,0.00,-0.00,0.00,0.00,0.00,0.00,0.00,-0.00,0.00,0.00,0
15.4114,21,-4,266,0,DRIVE [ 31 ] [ 1 ] [ 1760 1905 1820 ] [    0    0    0 ] [      0      0      0 ] [ 0 ],drive [ 31 ] [ 0 ] [ 1760 1905 1820 ] [   15   14    7 ] [   9296   5951  10107 ] [ 0 ],1.00,1.00,1.00,1.00,20.56,-4.05,0.00,0.00,0.00,0.00,0.00,0.00,-0.00,0.00,0.00,0.00,0.00,0.00,-0.00,0.00,0.00,0
15.4237,21,-4,266,0,DRIVE [ 32 ] [ 1 ] [ 1760 1905 1820 ] [    0    0    0 ] [      0      0      0 ] [ 0 ],drive [ 31 ] [ 0 ] [ 1760 1905 1820 ] [   15   14    7 ] [   9296   5951  10107 ] [ 0 ],1.00,1.00,1.00,1.00,20.52,-4.04,0.00,0.00,0.00,0.00,0.00,0.00,-0.00,0.00,0.00,0.00,0.00,0.00,-0.00,0.00,0.00,0
15.4355,21,-4,267,0,DRIVE [ 32 ] [ 1 ] [ 1760 1905 1820 ] [    0    0    0 ] [      0      0      0 ] [ 0 ],drive [ 32 ] [ 0 ] [ 1760 1905 1820 ] [   15   14    7 ] [   9296   5951  10107 ] [ 0 ],1.00,1.00,1.00,1.00,20.59,-4.03,0.00,0.00,0.00,0.00,0.00,0.00,-0.00,0.00,0.00,0.00,0.00,0.00,-0.00,0.00,0.00,0
15.4478,21,-4,267,0,DRIVE [ 33 ] [ 1 ] [ 1760 1905 1820 ] [    0    0    0 ] [      0      0      0 ] [ 0 ],drive [ 32 ] [ 0 ] [ 1760 1905 1820 ] [   15   14    7 ] [   9296   5951  10107 ] [ 0 ],1.00,1.00,1.00,1.00,20.65,-4.01,0.00,0.00,0.00,0.00,0.00,0.00,-0.00,0.00,0.00,0.00,0.00,0.00,-0.00,0.00,0.00,0
15.46,21,-4,267,0,DRIVE [ 33 ] [ 1 ] [ 1759 1905 1820 ] [    0    0    0 ] [      0      0      0 ] [ 0 ],drive [ 33 ] [ 0 ] [ 1760 1905 1820 ] [   15   14    7 ] [   9296   5951  10107 ] [ 0 ],1.00,1.00,1.00,1.00,20.70,-4.09,0.00,0.00,0.00,0.00,0.00,0.00,-0.00,0.00,0.00,0.00,0.00,0.00,-0.00,0.00,0.00,0
15.4718,21,-4,267,0,DRIVE [ 34 ] [ 1 ] [ 1759 1905 1819 ] [    0    0    0 ] [      0      0      0 ] [ 0 ],drive [ 33 ] [ 0 ] [ 1759 1905 1820 ] [   15   14    7 ] [   9296   5951  10107 ] [ 0 ],1.00,1.00,1.00,1.00,20.79,-4.13,0.00,0.00,0.00,0.00,0.00,0.00,-0.00,0.00,0.00,0.00,0.00,0.00,-0.00,0.00,0.00,0
15.4841,21,-4,267,0,DRIVE [ 34 ] [ 1 ] [ 1759 1905 1819 ] [    0    0    0 ] [      0      0      0 ] [ 0 ],drive [ 34 ] [ 0 ] [ 1759 1905 1819 ] [   15   14    7 ] [   9296   5951  10107 ] [ 0 ],1.00,1.00,1.00,1.00,20.82,-4.12,0.00,0.00,0.00,0.00,0.00,0.00,-0.00,0.00,0.00,0.00,0.00,0.00,-0.00,0.00,0.00,0
15.4962,21,-4,267,0,DRIVE [ 35 ] [ 1 ] [ 1758 1905 1819 ] [    0    0    0 ] [      0      0      0 ] [ 0 ],drive [ 34 ] [ 0 ] [ 1759 1905 1819 ] [   15   14    7 ] [   9296   5952  10107 ] [ 0 ],1.00,1.00,1.00,1.00,20.84,-4.09,0.00,0.00,0.00,0.00,0.00,0.00,-0.00,0.00,0.00,0.00,0.00,0.00,-0.00,0.00,0.00,0
15.5082,21,-4,266,0,DRIVE [ 35 ] [ 1 ] [ 1758 1905 1819 ] [    0    0    0 ] [      0      0      0 ] [ 0 ],drive [ 35 ] [ 0 ] [ 1758 1905 1819 ] [   15   13    7 ] [   9296   5952  10107 ] [ 0 ],1.00,1.00,1.00,1.00,20.84,-4.09,0.00,0.00,0.00,0.00,0.00,0.00,-0.00,0.00,0.00,0.00,0.00,0.00,-0.00,0.00,0.00,0
15.52,21,-4,266,0,DRIVE [ 36 ] [ 1 ] [ 1758 1905 1819 ] [    0    0    0 ] [      0      0      0 ] [ 0 ],drive [ 35 ] [ 0 ] [ 1758 1905 1819 ] [   15   13    7 ] [   9296   5952  10107 ] [ 0 ],1.00,1.00,1.00,1.00,20.84,-4.09,0.00,0.00,0.00,0.00,0.00,0.00,-0.00,0.00,0.00,0.00,0.00,0.00,-0.00,0.00,0.00,0
15.5325,21,-4,266,0,DRIVE [ 36 ] [ 1 ] [ 1757 1905 1819 ] [    0    0    0 ] [      0      0      0 ] [ 0 ],drive [ 36 ] [ 0 ] [ 1758 1905 1819 ] [   15   13    7 ] [   9296   5952  10107 ] [ 0 ],1.00,1.00,1.00,1.00,20.84,-4.08,0.00,0.00,0.00,0.00,0.00,0.00,-0.00,0.00,0.00,0.00,0.00,0.00,-0.00,0.00,0.00,0
15.5449,21,-4,266,0,DRIVE [ 37 ] [ 1 ] [ 1758 1905 1819 ] [    0    0    0 ] [      0      0      0 ] [ 0 ],drive [ 36 ] [ 0 ] [ 1757 1905 1819 ] [   15   13    7 ] [   9296   5952  10107 ] [ 0 ],1.00,1.00,1.00,1.00,20.88,-4.13,0.00,0.00,0.00,0.00,0.00,0.00,-0.00,0.00,0.00,0.00,0.00,0.00,-0.00,0.00,0.00,0
15.5571,21,-4,267,0,DRIVE [ 37 ] [ 1 ] [ 1758 1905 1819 ] [    0    0    0 ] [      0      0      0 ] [ 0 ],drive [ 37 ] [ 0 ] [ 1758 1905 1819 ] [   15   13    7 ] [   9296   5952  10107 ] [ 0 ],1.00,1.00,1.00,1.00,20.92,-4.16,0.00,0.00,0.00,0.00,0.00,0.00,-0.00,0.00,0.00,0.00,0.00,0.00,-0.00,0.00,0.00,0
15.5688,21,-4,268,0,DRIVE [ 38 ] [ 1 ] [ 1758 1905 1818 ] [    0    0    0 ] [      0      0      0 ] [ 0 ],drive [ 37 ] [ 0 ] [ 1758 1905 1819 ] [   15   12    7 ] [   9296   5952  10107 ] [ 0 ],1.00,1.00,1.00,1.00,20.96,-4.21,0.00,0.00,0.00,0.00,0.00,0.00,-0.00,0.00,0.00,0.00,0.00,0.00,-0.00,0.00,0.00,0
15.5811,21,-4,268,0,DRIVE [ 38 ] [ 1 ] [ 1758 1905 1819 ] [    0    0    0 ] [      0      0      0 ] [ 0 ],drive [ 38 ] [ 0 ] [ 1758 1905 1818 ] [   15   12    7 ] [   9296   5952  10107 ] [ 0 ],1.00,1.00,1.00,1.00,20.98,-4.13,0.00,0.00,0.00,0.00,0.00,0.00,-0.00,0.00,0.00,0.00,0.00,0.00,-0.00,0.00,0.00,0
15.5933,21,-4,267,0,DRIVE [ 39 ] [ 1 ] [ 1757 1905 1820 ] [    0    0    0 ] [      0      0      0 ] [ 0 ],drive [ 38 ] [ 0 ] [ 1758 1905 1819 ] [   15   12    7 ] [   9296   5952  10111 ] [ 0 ],1.00,1.00,1.00,1.00,20.93,-4.00,0.00,0.00,0.00,0.00,0.00,0.00,-0.00,0.00,0.00,0.00,0.00,0.00,-0.00,0.00,0.00,0
15.6051,21,-4,266,0,DRIVE [ 39 ] [ 1 ] [ 1757 1905 1820 ] [    0    0    0 ] [      0      0      0 ] [ 0 ],drive [ 39 ] [ 0 ] [ 1757 1905 1820 ] [   15   12    7 ] [   9296   5952  10111 ] [ 0 ],1.00,1.00,1.00,1.00,20.82,-3.86,0.00,0.00,0.00,0.00,0.00,0.00,-0.00,0.00,0.00,0.00,0.00,0.00,-0.00,0.00,0.00,0
15.6173,21,-4,266,0,DRIVE [ 40 ] [ 1 ] [ 1757 1905 1821 ] [    0    0    0 ] [      0      0      0 ] [ 0 ],drive [ 39 ] [ 0 ] [ 1757 1905 1820 ] [   14   14    7 ] [   9296   5952  10111 ] [ 0 ],1.00,1.00,1.00,1.00,20.77,-3.68,0.00,0.00,0.00,0.00,0.00,0.00,-0.00,0.00,0.00,0.00,0.00,0.00,-0.00,0.00,0.00,0
15.6294,21,-4,265,0,DRIVE [ 40 ] [ 1 ] [ 1756 1905 1822 ] [    0    0    0 ] [      0      0      0 ] [ 0 ],drive [ 40 ] [ 0 ] [ 1757 1905 1821 ] [   14   14    7 ] [   9296   5952  10111 ] [ 0 ],1.00,1.00,1.00,1.00,20.70,-3.50,0.00,0.00,0.00,0.00,0.00,0.00,-0.00,0.00,0.00,0.00,0.00,0.00,-0.00,0.00,0.00,0
15.6415,21,-3,265,0,DRIVE [ 41 ] [ 1 ] [ 1756 1905 1823 ] [    0    0    0 ] [      0      0      0 ] [ 0 ],drive [ 40 ] [ 0 ] [ 1756 1905 1822 ] [   14   14    7 ] [   9296   5952  10111 ] [ 0 ],1.00,1.00,1.00,1.00,20.68,-3.35,0.00,0.00,0.00,0.00,0.00,0.00,-0.00,0.00,0.00,0.00,0.00,0.00,-0.00,0.00,0.00,0
15.6533,21,-3,266,0,DRIVE [ 41 ] [ 1 ] [ 1755 1905 1824 ] [    0    0    0 ] [      0      0      0 ] [ 0 ],drive [ 41 ] [ 0 ] [ 1756 1905 1823 ] [   14   14    7 ] [   9296   5952  10111 ] [ 0 ],1.00,1.00,1.00,1.00,20.73,-3.16,0.00,0.00,0.00,0.00,0.00,0.00,-0.00,0.00,0.00,0.00,0.00,0.00,-0.00,0.00,0.00,0
15.6656,21,-3,266,0,DRIVE [ 42 ] [ 1 ] [ 1754 1905 1825 ] [    0    0    0 ] [      0      0      0 ] [ 0 ],drive [ 41 ] [ 0 ] [ 1755 1905 1824 ] [   15   14    7 ] [   9296   5952  10111 ] [ 0 ],1.00,1.00,1.00,1.00,20.73,-3.01,0.00,0.00,0.00,0.00,0.00,0.00,-0.00,0.00,0.00,0.00,0.00,0.00,-0.00,0.00,0.00,0
15.6777,21,-3,266,0,DRIVE [ 42 ] [ 1 ] [ 1754 1905 1826 ] [    0    0    0 ] [      0      0      0 ] [ 0 ],drive [ 42 ] [ 0 ] [ 1754 1905 1825 ] [   15   14    7 ] [   9296   5952  10111 ] [ 0 ],1.00,1.00,1.00,1.00,20.77,-2.89,0.00,0.00,0.00,0.00,0.00,0.00,-0.00,0.00,0.00,0.00,0.00,0.00,-0.00,0.00,0.00,0
15.6898,21,-3,266,0,DRIVE [ 43 ] [ 1 ] [ 1753 1905 1826 ] [    0    0    0 ] [      0      0      0 ] [ 0 ],drive [ 42 ] [ 0 ] [ 1754 1905 1826 ] [   15   14    7 ] [   9296   5952  10111 ] [ 0 ],1.00,1.00,1.00,1.00,20.83,-2.82,0.00,0.00,0.00,0.00,0.00,0.00,-0.00,0.00,0.00,0.00,0.00,0.00,-0.00,0.00,0.00,0
15.7016,21,-3,266,0,DRIVE [ 43 ] [ 1 ] [ 1753 1905 1827 ] [    0    0    0 ] [      0      0      0 ] [ 0 ],drive [ 43 ] [ 0 ] [ 1753 1905 1826 ] [   15   14    7 ] [   9296   5952  10111 ] [ 0 ],1.00,1.00,1.00,1.00,20.80,-2.74,0.00,0.00,0.00,0.00,0.00,0.00,-0.00,0.00,0.00,0.00,0.00,0.00,-0.00,0.00,0.00,0
15.7139,21,-3,266,0,DRIVE [ 44 ] [ 1 ] [ 1753 1905 1827 ] [    0    0    0 ] [      0      0      0 ] [ 0 ],drive [ 43 ] [ 0 ] [ 1753 1905 1827 ] [   15   14    4 ] [   9296   5952  10111 ] [ 0 ],1.00,1.00,1.00,1.00,20.79,-2.72,0.00,0.00,0.00,0.00,0.00,0.00,-0.00,0.00,0.00,0.00,0.00,0.00,-0.00,0.00,0.00,0
15.7263,21,-3,266,0,DRIVE [ 44 ] [ 1 ] [ 1753 1905 1827 ] [    0    0    0 ] [      0      0      0 ] [ 0 ],drive [ 44 ] [ 0 ] [ 1753 1905 1827 ] [   15   14    4 ] [   9296   5952  10111 ] [ 0 ],1.00,1.00,1.00,1.00,20.73,-2.70,0.00,0.00,0.00,0.00,0.00,0.00,-0.00,0.00,0.00,0.00,0.00,0.00,-0.00,0.00,0.00,0
15.7382,21,-3,266,0,DRIVE [ 45 ] [ 1 ] [ 1753 1905 1826 ] [    0    0    0 ] [      0      0      0 ] [ 0 ],drive [ 44 ] [ 0 ] [ 1753 1905 1827 ] [   15   14    4 ] [   9296   5952  10111 ] [ 0 ],1.00,1.00,1.00,1.00,20.81,-2.85,0.00,0.00,0.00,0.00,0.00,0.00,-0.00,0.00,0.00,0.00,0.00,0.00,-0.00,0.00,0.00,0
15.7505,21,-3,267,0,DRIVE [ 45 ] [ 1 ] [ 1754 1905 1825 ] [    0    0    0 ] [      0      0      0 ] [ 0 ],drive [ 45 ] [ 0 ] [ 1753 1905 1826 ] [   15   14    4 ] [   9296   5952  10111 ] [ 0 ],1.00,1.00,1.00,1.00,20.88,-3.00,0.00,0.00,0.00,0.00,0.00,0.00,-0.00,0.00,0.00,0.00,0.00,0.00,-0.00,0.00,0.00,0
15.7626,21,-3,267,0,DRIVE [ 46 ] [ 1 ] [ 1754 1905 1825 ] [    0    0    0 ] [      0      0      0 ] [ 0 ],drive [ 45 ] [ 0 ] [ 1754 1905 1825 ] [   15   13    5 ] [   9296   5952  10111 ] [ 0 ],1.00,1.00,1.00,1.00,20.92,-3.07,0.00,0.00,0.00,0.00,0.00,0.00,-0.00,0.00,0.00,0.00,0.00,0.00,-0.00,0.00,0.00,0
15.775,21,-3,268,0,DRIVE [ 46 ] [ 1 ] [ 1754 1905 1824 ] [    0    0    0 ] [      0      0      0 ] [ 0 ],drive [ 46 ] [ 0 ] [ 1754 1905 1825 ] [   15   13    5 ] [   9296   5952  10111 ] [ 0 ],1.00,1.00,1.00,1.00,20.94,-3.17,0.00,0.00,0.00,0.00,0.00,0.00,-0.00,0.00,0.00,0.00,0.00,0.00,-0.00,0.00,0.00,0
15.7869,21,-3,268,0,DRIVE [ 47 ] [ 1 ] [ 1755 1905 1823 ] [    0    0    0 ] [      0      0      0 ] [ 0 ],drive [ 46 ] [ 0 ] [ 1754 1905 1824 ] [   15   13    5 ] [   9296   5952  10111 ] [ 0 ],1.00,1.00,1.00,1.00,20.97,-3.35,0.00,0.00,0.00,0.00,0.00,0.00,-0.00,0.00,0.00,0.00,0.00,0.00,0.00,0.00,0.00,0
15.7991,21,-3,268,0,DRIVE [ 47 ] [ 1 ] [ 1755 1905 1823 ] [    0    0    0 ] [      0      0      0 ] [ 0 ],drive [ 47 ] [ 0 ] [ 1755 1905 1823 ] [   15   13    5 ] [   9296   5952  10111 ] [ 0 ],1.00,1.00,1.00,1.00,20.99,-3.48,0.00,0.00,0.00,0.00,0.00,0.00,-0.00,0.00,0.00,0.00,0.00,0.00,0.00,0.00,0.00,0
15.8113,21,-4,268,0,DRIVE [ 48 ] [ 1 ] [ 1756 1905 1821 ] [    0    0    0 ] [      0      0      0 ] [ 0 ],drive [ 47 ] [ 0 ] [ 1755 1905 1823 ] [   15   15    7 ] [   9296   5952  10111 ] [ 0 ],1.00,1.00,1.00,1.00,21.03,-3.72,0.00,0.00,0.00,0.00,0.00,0.00,-0.00,0.00,0.00,0.00,0.00,0.00,0.00,0.00,0.00,0
15.8232,21,-4,268,0,DRIVE [ 48 ] [ 1 ] [ 1757 1905 1820 ] [    0    0    0 ] [      0      0      0 ] [ 0 ],drive [ 48 ] [ 0 ] [ 1756 1905 1821 ] [   15   15    7 ] [   9296   5952  10111 ] [ 0 ],1.00,1.00,1.00,1.00,21.03,-3.88,0.00,0.00,0.00,0.00,0.00,0.00,-0.00,0.00,0.00,0.00,0.00,0.00,0.00,0.00,0.00,0
15.835,21,-4,268,0,DRIVE [ 49 ] [ 1 ] [ 1757 1905 1820 ] [    0    0    0 ] [      0      0      0 ] [ 0 ],drive [ 48 ] [ 0 ] [ 1757 1905 1820 ] [   15   15    7 ] [   9296   5952  10111 ] [ 0 ],1.00,1.00,1.00,1.00,21.03,-3.99,0.00,0.00,0.00,0.00,0.00,0.00,-0.00,0.00,0.00,0.00,0.00,0.00,0.00,0.00,0.00,0
15.8473,21,-4,267,0,DRIVE [ 49 ] [ 1 ] [ 1758 1905 1819 ] [    0    0    0 ] [      0      0      0 ] [ 0 ],drive [ 49 ] [ 0 ] [ 1757 1905 1820 ] [   15   15    7 ] [   9296   5952  10111 ] [ 0 ],1.00,1.00,1.00,1.00,20.90,-4.10,0.00,0.00,0.00,0.00,0.00,0.00,-0.00,0.00,0.00,0.00,0.00,0.00,0.00,0.00,0.00,0
15.8596,21,-4,267,0,DRIVE [ 50 ] [ 1 ] [ 1758 1905 1819 ] [    0    0    0 ] [      0      0      0 ] [ 0 ],drive [ 49 ] [ 0 ] [ 1758 1905 1819 ] [   17   14    6 ] [   9296   5952  10111 ] [ 0 ],1.00,1.00,1.00,1.00,20.91,-4.17,0.00,0.00,0.00,0.00,0.00,0.00,-0.00,0.00,0.00,0.00,0.00,0.00,0.00,0.00,0.00,0
15.8713,21,-4,267,0,DRIVE [ 50 ] [ 1 ] [ 1758 1905 1819 ] [    0    0    0 ] [      0      0      0 ] [ 0 ],drive [ 50 ] [ 0 ] [ 1758 1905 1819 ] [   17   14    6 ] [   9296   5952  10111 ] [ 0 ],1.00,1.00,1.00,1.00,20.91,-4.19,0.00,0.00,0.00,0.00,0.00,0.00,-0.00,0.00,0.00,0.00,0.00,0.00,0.00,0.00,0.00,0
15.8837,21,-4,267,0,DRIVE [ 51 ] [ 1 ] [ 1758 1905 1819 ] [    0    0    0 ] [      0      0      0 ] [ 0 ],drive [ 50 ] [ 0 ] [ 1758 1905 1819 ] [   17   14    6 ] [   9296   5952  10111 ] [ 0 ],1.00,1.00,1.00,1.00,20.87,-4.19,0.00,0.00,0.00,0.00,0.00,0.00,-0.00,0.00,0.00,0.00,0.00,0.00,0.00,0.00,0.00,0
15.8959,21,-4,267,0,DRIVE [ 51 ] [ 1 ] [ 1758 1905 1819 ] [    0    0    0 ] [      0      0      0 ] [ 0 ],drive [ 51 ] [ 0 ] [ 1758 1905 1819 ] [   17   14    6 ] [   9296   5952  10111 ] [ 0 ],1.00,1.00,1.00,1.00,20.91,-4.20,0.00,0.00,0.00,0.00,0.00,0.00,-0.00,0.00,0.00,0.00,0.00,0.00,0.00,0.00,0.00,0
15.9081,21,-4,267,0,DRIVE [ 52 ] [ 1 ] [ 1758 1905 1818 ] [    0    0    0 ] [      0      0      0 ] [ 0 ],drive [ 51 ] [ 0 ] [ 1758 1905 1819 ] [   15   13    7 ] [   9296   5952  10111 ] [ 0 ],1.00,1.00,1.00,1.00,20.93,-4.25,0.00,0.00,0.00,0.00,0.00,0.00,-0.00,0.00,0.00,0.00,0.00,0.00,0.00,0.00,0.00,0
15.9201,21,-4,267,0,DRIVE [ 52 ] [ 1 ] [ 1758 1905 1818 ] [    0    0    0 ] [      0      0      0 ] [ 0 ],drive [ 52 ] [ 0 ] [ 1758 1905 1818 ] [   15   13    7 ] [   9296   5952  10111 ] [ 0 ],1.00,1.00,1.00,1.00,20.99,-4.24,0.00,0.00,0.00,0.00,0.00,0.00,-0.00,0.00,0.00,0.00,0.00,0.00,0.00,0.00,0.00,0
15.9324,21,-4,268,0,DRIVE [ 53 ] [ 1 ] [ 1758 1905 1819 ] [    0    0    0 ] [      0      0      0 ] [ 0 ],drive [ 52 ] [ 0 ] [ 1758 1905 1818 ] [   15   13    7 ] [   9296   5952  10111 ] [ 0 ],1.00,1.00,1.00,1.00,20.98,-4.10,0.00,0.00,0.00,0.00,0.00,0.00,-0.00,0.00,0.00,0.00,0.00,0.00,0.00,0.00,0.00,0
15.944,21,-4,268,0,DRIVE [ 53 ] [ 1 ] [ 1757 1905 1820 ] [    0    0    0 ] [      0      0      0 ] [ 0 ],drive [ 53 ] [ 0 ] [ 1758 1905 1819 ] [   15   13    7 ] [   9296   5952  10111 ] [ 0 ],1.00,1.00,1.00,1.00,21.00,-4.01,0.00,0.00,0.00,0.00,0.00,0.00,-0.00,0.00,0.00,0.00,0.00,0.00,0.00,0.00,0.00,0
15.9564,21,-4,268,0,DRIVE [ 54 ] [ 1 ] [ 1757 1905 1820 ] [    0    0    0 ] [      0      0      0 ] [ 0 ],drive [ 53 ] [ 0 ] [ 1757 1905 1820 ] [   15   13    7 ] [   9296   5952  10111 ] [ 0 ],1.00,1.00,1.00,1.00,20.99,-3.99,0.00,0.00,0.00,0.00,0.00,0.00,-0.00,0.00,0.00,0.00,0.00,0.00,0.00,0.00,0.00,0
15.9684,21,-4,267,0,DRIVE [ 54 ] [ 1 ] [ 1757 1905 1821 ] [    0    0    0 ] [      0      0      0 ] [ 0 ],drive [ 54 ] [ 0 ] [ 1757 1905 1820 ] [   15   14    7 ] [   9296   5952  10111 ] [ 0 ],1.00,1.00,1.00,1.00,20.90,-3.80,0.00,0.00,0.00,0.00,0.00,0.00,-0.00,0.00,0.00,0.00,0.00,0.00,-0.00,0.00,0.00,0
15.9806,21,-4,267,0,DRIVE [ 55 ] [ 1 ] [ 1756 1905 1821 ] [    0    0    0 ] [      0      0      0 ] [ 0 ],drive [ 54 ] [ 0 ] [ 1757 1905 1821 ] [   15   14    7 ] [   9296   5952  10111 ] [ 0 ],1.00,1.00,1.00,1.00,20.93,-3.73,0.00,0.00,0.00,0.00,0.00,0.00,-0.00,0.00,0.00,0.00,0.00,0.00,-0.00,0.00,0.00,0
15.9928,21,-4,267,0,DRIVE [ 55 ] [ 1 ] [ 1756 1905 1821 ] [    0    0    0 ] [      0      0      0 ] [ 0 ],drive [ 55 ] [ 0 ] [ 1756 1905 1821 ] [   15   14    7 ] [   9296   5952  10111 ] [ 0 ],1.00,1.00,1.00,1.00,20.98,-3.74,0.00,0.00,0.00,0.00,0.00,0.00,-0.00,0.00,0.00,0.00,0.00,0.00,0.00,0.00,0.00,0
16.0046,21,-4,268,0,DRIVE [ 56 ] [ 1 ] [ 1756 1905 1821 ] [    0    0    0 ] [      0      0      0 ] [ 0 ],drive [ 55 ] [ 0 ] [ 1756 1905 1821 ] [   15   14    7 ] [   9296   5952  10111 ] [ 0 ],1.00,1.00,1.00,1.00,21.02,-3.74,0.00,0.00,0.00,0.00,0.00,0.00,-0.00,0.00,0.00,0.00,0.00,0.00,0.00,0.00,0.00,0
16.017,21,-4,268,0,DRIVE [ 56 ] [ 1 ] [ 1756 1905 1821 ] [    0    0    0 ] [      0      0      0 ] [ 0 ],drive [ 56 ] [ 0 ] [ 1756 1905 1821 ] [   14   14    6 ] [   9296   5952  10111 ] [ 0 ],1.00,1.00,1.00,1.00,21.03,-3.77,0.00,0.00,0.00,0.00,0.00,0.00,-0.00,0.00,0.00,0.00,0.00,0.00,0.00,0.00,0.00,0
16.0293,21,-4,268,0,DRIVE [ 57 ] [ 1 ] [ 1756 1905 1821 ] [    0    0    0 ] [      0      0      0 ] [ 0 ],drive [ 56 ] [ 0 ] [ 1756 1905 1821 ] [   14   14    6 ] [   9296   5952  10111 ] [ 0 ],1.00,1.00,1.00,1.00,21.04,-3.80,0.00,0.00,0.00,0.00,0.00,0.00,-0.00,0.00,0.00,0.00,0.00,0.00,0.00,0.00,0.00,0
16.0418,21,-4,268,0,DRIVE [ 57 ] [ 1 ] [ 1757 1905 1821 ] [    0    0    0 ] [      0      0      0 ] [ 0 ],drive [ 57 ] [ 0 ] [ 1756 1905 1821 ] [   14   14    6 ] [   9296   5952  10111 ] [ 0 ],1.00,1.00,1.00,1.00,21.05,-3.84,0.00,0.00,0.00,0.00,0.00,0.00,-0.00,0.00,0.00,0.00,0.00,0.00,0.00,0.00,0.00,0
16.0535,21,-4,269,0,DRIVE [ 58 ] [ 1 ] [ 1757 1905 1821 ] [    0    0    0 ] [      0      0      0 ] [ 0 ],drive [ 57 ] [ 0 ] [ 1757 1905 1821 ] [   14   14    6 ] [   9296   5953  10111 ] [ 0 ],1.00,1.00,1.00,1.00,21.10,-3.83,0.00,0.00,0.00,0.00,0.00,0.00,-0.00,0.00,0.00,0.00,0.00,0.00,0.00,0.00,0.00,0
16.0658,21,-4,268,0,DRIVE [ 58 ] [ 1 ] [ 1756 1905 1821 ] [    0    0    0 ] [      0      0      0 ] [ 0 ],drive [ 58 ] [ 0 ] [ 1757 1905 1821 ] [   15   14    6 ] [   9296   5953  10111 ] [ 0 ],1.00,1.00,1.00,1.00,21.09,-3.78,0.00,0.00,0.00,0.00,0.00,0.00,-0.00,0.00,0.00,0.00,0.00,0.00,0.00,0.00,0.00,0
16.078,21,-4,268,0,DRIVE [ 59 ] [ 1 ] [ 1755 1905 1821 ] [    0    0    0 ] [      0      0      0 ] [ 0 ],drive [ 58 ] [ 0 ] [ 1756 1905 1821 ] [   15   14    6 ] [   9296   5953  10111 ] [ 0 ],1.00,1.00,1.00,1.00,21.15,-3.76,0.00,0.00,0.00,0.00,0.00,0.00,-0.00,0.00,0.00,0.00,0.00,0.00,0.00,0.00,0.00,0
16.09,21,-4,267,0,DRIVE [ 59 ] [ 1 ] [ 1756 1905 1821 ] [    0    0    0 ] [      0      0      0 ] [ 0 ],drive [ 59 ] [ 0 ] [ 1755 1905 1821 ] [   15   14    6 ] [   9296   5953  10111 ] [ 0 ],1.00,1.00,1.00,1.00,21.07,-3.78,0.00,0.00,0.00,0.00,0.00,0.00,-0.00,0.00,0.00,0.00,0.00,0.00,0.00,0.00,0.00,0
16.1019,21,-4,268,0,DRIVE [ 60 ] [ 1 ] [ 1756 1905 1820 ] [    0    0    0 ] [      0      0      0 ] [ 0 ],drive [ 59 ] [ 0 ] [ 1756 1905 1821 ] [   15   14    6 ] [   9296   5954  10111 ] [ 0 ],1.00,1.00,1.00,1.00,21.12,-3.93,0.00,0.00,0.00,0.00,0.00,0.00,-0.00,0.00,0.00,0.00,0.00,0.00,0.00,0.00,0.00,0
16.1145,21,-4,268,0,DRIVE [ 60 ] [ 1 ] [ 1756 1905 1819 ] [    0    0    0 ] [      0      0      0 ] [ 0 ],drive [ 60 ] [ 0 ] [ 1756 1905 1820 ] [   14   13    6 ] [   9296   5954  10111 ] [ 0 ],1.00,1.00,1.00,1.00,21.12,-4.02,0.00,0.00,0.00,0.00,0.00,0.00,-0.00,0.00,0.00,0.00,0.00,0.00,0.00,0.00,0.00,0
16.1268,21,-4,267,0,DRIVE [ 61 ] [ 1 ] [ 1756 1905 1819 ] [    0    0    0 ] [      0      0      0 ] [ 0 ],drive [ 60 ] [ 0 ] [ 1756 1905 1819 ] [   14   13    6 ] [   9296   5954  10111 ] [ 0 ],1.00,1.00,1.00,1.00,21.08,-4.07,0.00,0.00,0.00,0.00,0.00,0.00,-0.00,0.00,0.00,0.00,0.00,0.00,0.00,0.00,0.00,0
16.1385,21,-4,267,0,DRIVE [ 61 ] [ 1 ] [ 1757 1905 1819 ] [    0    0    0 ] [      0      0      0 ] [ 0 ],drive [ 61 ] [ 0 ] [ 1756 1905 1819 ] [   14   13    6 ] [   9296   5954  10111 ] [ 0 ],1.00,1.00,1.00,1.00,21.04,-4.11,0.00,0.00,0.00,0.00,0.00,0.00,-0.00,0.00,0.00,0.00,0.00,0.00,0.00,0.00,0.00,0
16.1509,21,-4,266,0,DRIVE [ 62 ] [ 1 ] [ 1756 1905 1818 ] [    0    0    0 ] [      0      0      0 ] [ 0 ],drive [ 61 ] [ 0 ] [ 1757 1905 1819 ] [   14   13    6 ] [   9296   5956  10111 ] [ 0 ],1.00,1.00,1.00,1.00,21.08,-4.16,0.00,0.00,0.00,0.00,0.00,0.00,-0.00,0.00,0.00,0.00,0.00,0.00,0.00,0.00,0.00,0
16.1631,21,-4,266,0,DRIVE [ 62 ] [ 1 ] [ 1756 1905 1817 ] [    0    0    0 ] [      0      0      0 ] [ 0 ],drive [ 62 ] [ 0 ] [ 1756 1905 1818 ] [   15   13    6 ] [   9296   5956  10111 ] [ 0 ],1.00,1.00,1.00,1.00,21.21,-4.34,0.00,0.00,0.00,0.00,0.00,0.00,-0.00,0.00,0.00,0.00,0.00,0.00,0.00,0.00,0.00,0
16.1752,21,-4,267,0,DRIVE [ 63 ] [ 1 ] [ 1756 1905 1816 ] [    0    0    0 ] [      0      0      0 ] [ 0 ],drive [ 62 ] [ 0 ] [ 1756 1905 1817 ] [   15   13    6 ] [   9296   5956  10111 ] [ 0 ],1.00,1.00,1.00,1.00,21.28,-4.39,0.00,0.00,0.00,0.00,0.00,0.00,-0.00,0.00,0.00,0.00,0.00,0.00,0.00,0.00,0.00,0
16.1868,21,-5,267,0,DRIVE [ 63 ] [ 1 ] [ 1756 1905 1815 ] [    0    0    0 ] [      0      0      0 ] [ 0 ],drive [ 63 ] [ 0 ] [ 1756 1905 1816 ] [   15   13    6 ] [   9296   5956  10111 ] [ 0 ],1.00,1.00,1.00,1.00,21.38,-4.51,0.00,0.00,0.00,0.00,0.00,0.00,-0.00,0.00,0.00,0.00,0.00,0.00,0.00,0.00,0.00,0
16.1991,21,-5,268,0,DRIVE [ 64 ] [ 1 ] [ 1755 1905 1815 ] [    0    0    0 ] [      0      0      0 ] [ 0 ],drive [ 63 ] [ 0 ] [ 1756 1905 1815 ] [   15   13    6 ] [   9296   5956  10113 ] [ 0 ],1.00,1.00,1.00,1.00,21.48,-4.58,0.00,0.00,0.00,0.00,0.00,0.00,-0.00,0.00,0.00,0.00,0.00,0.00,0.00,0.00,0.00,0
16.2115,21,-4,267,0,DRIVE [ 64 ] [ 1 ] [ 1755 1905 1815 ] [    0    0    0 ] [      0      0      0 ] [ 0 ],drive [ 64 ] [ 0 ] [ 1755 1905 1815 ] [   14   10   10 ] [   9296   5956  10113 ] [ 0 ],1.00,1.00,1.00,1.00,21.41,-4.50,0.00,0.00,0.00,0.00,0.00,0.00,-0.00,0.00,0.00,0.00,0.00,0.00,0.00,0.00,0.00,0
16.2236,21,-4,266,0,DRIVE [ 65 ] [ 1 ] [ 1755 1905 1816 ] [    0    0    0 ] [      0      0      0 ] [ 0 ],drive [ 64 ] [ 0 ] [ 1755 1905 1815 ] [   14   10   10 ] [   9296   5956  10113 ] [ 0 ],1.00,1.00,1.00,1.00,21.34,-4.43,0.00,0.00,0.00,0.00,0.00,0.00,-0.00,0.00,0.00,0.00,0.00,0.00,0.00,0.00,0.00,0
16.2354,21,-4,266,0,DRIVE [ 65 ] [ 1 ] [ 1755 1905 1816 ] [    0    0    0 ] [      0      0      0 ] [ 0 ],drive [ 65 ] [ 0 ] [ 1755 1905 1816 ] [   14   10   10 ] [   9296   5956  10113 ] [ 0 ],1.00,1.00,1.00,1.00,21.30,-4.39,0.00,0.00,0.00,0.00,0.00,0.00,-0.00,0.00,0.00,0.00,0.00,0.00,0.00,0.00,0.00,0
16.2478,21,-4,267,0,DRIVE [ 66 ] [ 1 ] [ 1755 1905 1816 ] [    0    0    0 ] [      0      0      0 ] [ 0 ],drive [ 65 ] [ 0 ] [ 1755 1905 1816 ] [   14   10   10 ] [   9296   5956  10130 ] [ 0 ],1.00,1.00,1.00,1.00,21.34,-4.34,0.00,0.00,0.00,0.00,0.00,0.00,-0.00,0.00,0.00,0.00,0.00,0.00,0.00,0.00,0.00,0
16.26,21,-4,267,0,DRIVE [ 66 ] [ 1 ] [ 1755 1905 1817 ] [    0    0    0 ] [      0      0      0 ] [ 0 ],drive [ 66 ] [ 0 ] [ 1755 1905 1816 ] [   16   12   21 ] [   9296   5956  10130 ] [ 0 ],1.00,1.00,1.00,1.00,21.36,-4.27,0.00,0.00,0.00,0.00,0.00,0.00,-0.00,0.00,0.00,0.00,0.00,0.00,0.00,0.00,0.00,0
16.2718,21,-4,267,0,DRIVE [ 67 ] [ 1 ] [ 1755 1905 1818 ] [    0    0    0 ] [      0      0      0 ] [ 0 ],drive [ 66 ] [ 0 ] [ 1755 1905 1817 ] [   16   12   21 ] [   9296   5956  10130 ] [ 0 ],1.00,1.00,1.00,1.00,21.34,-4.16,0.00,0.00,0.00,0.00,0.00,0.00,-0.00,0.00,0.00,0.00,0.00,0.00,0.00,0.00,0.00,0
16.2842,21,-4,267,0,DRIVE [ 67 ] [ 1 ] [ 1755 1905 1817 ] [    0    0    0 ] [      0      0      0 ] [ 0 ],drive [ 67 ] [ 0 ] [ 1755 1905 1818 ] [   16   12   21 ] [   9296   5956  10130 ] [ 0 ],1.00,1.00,1.00,1.00,21.41,-4.21,0.00,0.00,0.00,0.00,0.00,0.00,-0.00,0.00,0.00,0.00,0.00,0.00,0.00,0.00,0.00,0
16.2964,21,-4,268,0,DRIVE [ 68 ] [ 1 ] [ 1754 1905 1817 ] [    0    0    0 ] [      0      0      0 ] [ 0 ],drive [ 67 ] [ 0 ] [ 1755 1905 1817 ] [   16   12   21 ] [   9296   5956  10132 ] [ 0 ],1.00,1.00,1.00,1.00,21.45,-4.21,0.00,0.00,0.00,0.00,0.00,0.00,-0.00,0.00,0.00,0.00,0.00,0.00,0.00,0.00,0.00,0
16.3086,21,-4,268,0,DRIVE [ 68 ] [ 1 ] [ 1754 1905 1817 ] [    0    0    0 ] [      0      0      0 ] [ 0 ],drive [ 68 ] [ 0 ] [ 1754 1905 1817 ] [   14   13   23 ] [   9296   5956  10132 ] [ 0 ],1.00,1.00,1.00,1.00,21.46,-4.21,0.00,0.00,0.00,0.00,0.00,0.00,-0.00,0.00,0.00,0.00,0.00,0.00,0.00,0.00,0.00,0
16.3202,21,-4,268,0,DRIVE [ 69 ] [ 1 ] [ 1754 1905 1817 ] [    0    0    0 ] [      0      0      0 ] [ 0 ],drive [ 68 ] [ 0 ] [ 1754 1905 1817 ] [   14   13   23 ] [   9296   5956  10132 ] [ 0 ],1.00,1.00,1.00,1.00,21.47,-4.22,0.00,0.00,0.00,0.00,0.00,0.00,-0.00,0.00,0.00,0.00,0.00,0.00,0.00,0.00,0.00,0
16.3324,21,-4,268,0,DRIVE [ 69 ] [ 1 ] [ 1754 1905 1817 ] [    0    0    0 ] [      0      0      0 ] [ 0 ],drive [ 69 ] [ 0 ] [ 1754 1905 1817 ] [   14   13   23 ] [   9296   5956  10132 ] [ 0 ],1.00,1.00,1.00,1.00,21.47,-4.21,0.00,0.00,0.00,0.00,0.00,0.00,-0.00,0.00,0.00,0.00,0.00,0.00,0.00,0.00,0.00,0
16.3447,21,-4,268,0,DRIVE [ 70 ] [ 1 ] [ 1754 1905 1817 ] [    0    0    0 ] [      0      0      0 ] [ 0 ],drive [ 69 ] [ 0 ] [ 1754 1905 1817 ] [   14   13   23 ] [   9296   5956  10135 ] [ 0 ],1.00,1.00,1.00,1.00,21.48,-4.20,0.00,0.00,0.00,0.00,0.00,0.00,-0.00,0.00,0.00,0.00,0.00,0.00,0.00,0.00,0.00,0
16.3569,22,-4,269,0,DRIVE [ 70 ] [ 1 ] [ 1754 1905 1817 ] [    0    0    0 ] [      0      0      0 ] [ 0 ],drive [ 70 ] [ 0 ] [ 1754 1905 1817 ] [   14   13   23 ] [   9296   5956  10135 ] [ 0 ],1.00,1.00,1.00,1.00,21.51,-4.23,0.00,0.00,0.00,0.00,0.00,0.00,-0.00,0.00,0.00,0.00,0.00,0.00,0.00,0.00,0.00,0
16.3686,22,-4,269,0,DRIVE [ 71 ] [ 1 ] [ 1755 1905 1817 ] [    0    0    0 ] [      0      0      0 ] [ 0 ],drive [ 70 ] [ 0 ] [ 1754 1905 1817 ] [   16   11   23 ] [   9296   5956  10135 ] [ 0 ],1.00,1.00,1.00,1.00,21.52,-4.24,0.00,0.00,0.00,0.00,0.00,0.00,-0.00,0.00,0.00,0.00,0.00,0.00,0.00,0.00,0.00,0
16.3808,22,-4,269,0,DRIVE [ 71 ] [ 1 ] [ 1755 1905 1817 ] [    0    0    0 ] [      0      0      0 ] [ 0 ],drive [ 71 ] [ 0 ] [ 1755 1905 1817 ] [   16   11   23 ] [   9296   5956  10135 ] [ 0 ],1.00,1.00,1.00,1.00,21.53,-4.24,0.00,0.00,0.00,0.00,0.00,0.00,-0.00,0.00,0.00,0.00,0.00,0.00,0.00,0.00,0.00,0
16.393,22,-4,269,0,DRIVE [ 72 ] [ 1 ] [ 1755 1905 1817 ] [    0    0    0 ] [      0      0      0 ] [ 0 ],drive [ 71 ] [ 0 ] [ 1755 1905 1817 ] [   16   11   23 ] [   9296   5956  10138 ] [ 0 ],1.00,1.00,1.00,1.00,21.54,-4.25,0.00,0.00,0.00,0.00,0.00,0.00,-0.00,0.00,0.00,0.00,0.00,0.00,0.00,0.00,0.00,0
16.4049,22,-4,269,0,DRIVE [ 72 ] [ 1 ] [ 1755 1905 1817 ] [    0    0    0 ] [      0      0      0 ] [ 0 ],drive [ 72 ] [ 0 ] [ 1755 1905 1817 ] [   16   11   23 ] [   9296   5956  10138 ] [ 0 ],1.00,1.00,1.00,1.00,21.55,-4.25,0.00,0.00,0.00,0.00,0.00,0.00,-0.00,0.00,0.00,0.00,0.00,0.00,0.00,0.00,0.00,0
16.4187,22,-4,269,0,DRIVE [ 73 ] [ 1 ] [ 1754 1905 1817 ] [    0    0    0 ] [      0      0      0 ] [ 0 ],drive [ 72 ] [ 0 ] [ 1755 1905 1817 ] [   15   12   26 ] [   9296   5956  10138 ] [ 0 ],1.00,1.00,1.00,1.00,21.56,-4.26,0.00,0.00,0.00,0.00,0.00,0.00,-0.00,0.00,0.00,0.00,0.00,0.00,0.00,0.00,0.00,0
16.432,21,-4,268,0,DRIVE [ 73 ] [ 1 ] [ 1755 1905 1817 ] [    0    0    0 ] [      0      0      0 ] [ 0 ],drive [ 73 ] [ 0 ] [ 1754 1905 1817 ] [   15   12   26 ] [   9296   5956  10138 ] [ 0 ],1.00,1.00,1.00,1.00,21.49,-4.27,0.00,0.00,0.00,0.00,0.00,0.00,-0.00,0.00,0.00,0.00,0.00,0.00,0.00,0.00,0.00,0
16.4443,22,-4,268,0,DRIVE [ 74 ] [ 1 ] [ 1755 1905 1816 ] [    0    0    0 ] [      0      0      0 ] [ 0 ],drive [ 73 ] [ 0 ] [ 1755 1905 1817 ] [   15   12   26 ] [   9296   5956  10140 ] [ 0 ],1.00,1.00,1.00,1.00,21.51,-4.41,0.00,0.00,0.00,0.00,0.00,0.00,-0.00,0.00,0.00,0.00,0.00,0.00,0.00,0.00,0.00,0
16.4564,22,-5,268,0,DRIVE [ 74 ] [ 1 ] [ 1755 1905 1815 ] [    0    0    0 ] [      0      0      0 ] [ 0 ],drive [ 74 ] [ 0 ] [ 1755 1905 1816 ] [   15   12   26 ] [   9296   5956  10140 ] [ 0 ],1.00,1.00,1.00,1.00,21.51,-4.52,0.00,0.00,0.00,0.00,0.00,0.00,-0.00,0.00,0.00,0.00,0.00,0.00,0.00,0.00,0.00,0
16.4682,21,-5,269,0,DRIVE [ 75 ] [ 1 ] [ 1756 1905 1815 ] [    0    0    0 ] [      0      0      0 ] [ 0 ],drive [ 74 ] [ 0 ] [ 1755 1905 1815 ] [   15   12   26 ] [   9296   5956  10140 ] [ 0 ],1.00,1.00,1.00,1.00,21.49,-4.56,0.00,0.00,0.00,0.00,0.00,0.00,-0.00,0.00,0.00,0.00,0.00,0.00,0.00,0.00,0.00,0
16.4803,21,-5,267,0,DRIVE [ 75 ] [ 1 ] [ 1757 1905 1815 ] [    0    0    0 ] [      0      0      0 ] [ 0 ],drive [ 75 ] [ 0 ] [ 1756 1905 1815 ] [   15   12   26 ] [   9296   5956  10140 ] [ 0 ],1.00,1.00,1.00,1.00,21.29,-4.68,0.00,0.00,0.00,0.00,0.00,0.00,-0.00,0.00,0.00,0.00,0.00,0.00,0.00,0.00,0.00,0
16.4925,21,-5,267,0,DRIVE [ 76 ] [ 1 ] [ 1758 1905 1814 ] [    0    0    0 ] [      0      0      0 ] [ 0 ],drive [ 75 ] [ 0 ] [ 1757 1905 1815 ] [   15   12   26 ] [   9296   5956  10140 ] [ 0 ],1.00,1.00,1.00,1.00,21.25,-4.80,0.00,0.00,0.00,0.00,0.00,0.00,-0.00,0.00,0.00,0.00,0.00,0.00,0.00,0.00,0.00,0
16.5058,21,-5,267,0,DRIVE [ 76 ] [ 1 ] [ 1758 1905 1813 ] [    0    0    0 ] [      0      0      0 ] [ 0 ],drive [ 76 ] [ 0 ] [ 1758 1905 1814 ] [   15   12   26 ] [   9296   5957  10141 ] [ 0 ],1.00,1.00,1.00,1.00,21.22,-4.92,0.00,0.00,0.00,0.00,0.00,0.00,-0.00,0.00,0.00,0.00,0.00,0.00,-0.00,0.00,0.00,0
16.5176,21,-5,267,0,DRIVE [ 77 ] [ 1 ] [ 1758 1905 1812 ] [    0    0    0 ] [      0      0      0 ] [ 0 ],drive [ 76 ] [ 0 ] [ 1758 1905 1813 ] [   15   12   27 ] [   9296   5957  10141 ] [ 0 ],1.00,1.00,1.00,1.00,21.30,-5.06,0.00,0.00,0.00,0.00,0.00,0.00,-0.00,0.00,0.00,0.00,0.00,0.00,0.00,0.00,0.00,0
16.5299,21,-5,267,0,DRIVE [ 77 ] [ 1 ] [ 1758 1905 1812 ] [    0    0    0 ] [      0      0      0 ] [ 0 ],drive [ 77 ] [ 0 ] [ 1758 1905 1812 ] [   15   12   27 ] [   9296   5957  10141 ] [ 0 ],1.00,1.00,1.00,1.00,21.38,-5.17,0.00,0.00,0.00,0.00,0.00,0.00,-0.00,0.00,0.00,0.00,0.00,0.00,0.00,0.00,0.00,0
16.5419,21,-5,268,0,DRIVE [ 78 ] [ 1 ] [ 1758 1905 1811 ] [    0    0    0 ] [      0      0      0 ] [ 0 ],drive [ 77 ] [ 0 ] [ 1758 1905 1812 ] [   15   12   27 ] [   9296   5957  10141 ] [ 0 ],1.00,1.00,1.00,1.00,21.47,-5.33,0.00,0.00,0.00,0.00,0.00,0.00,-0.00,0.00,0.00,0.00,0.00,0.00,0.00,0.00,0.00,0
16.5535,21,-5,268,0,DRIVE [ 78 ] [ 1 ] [ 1758 1905 1811 ] [    0    0    0 ] [      0      0      0 ] [ 0 ],drive [ 78 ] [ 0 ] [ 1758 1905 1811 ] [   15   12   27 ] [   9296   5957  10148 ] [ 0 ],1.00,1.00,1.00,1.00,21.43,-5.31,0.00,0.00,0.00,0.00,0.00,0.00,-0.00,0.00,0.00,0.00,0.00,0.00,0.00,0.00,0.00,0
16.5679,21,-5,268,0,DRIVE [ 79 ] [ 1 ] [ 1758 1905 1811 ] [    0    0    0 ] [      0      0      0 ] [ 0 ],drive [ 78 ] [ 0 ] [ 1758 1905 1811 ] [   16   12   29 ] [   9296   5957  10148 ] [ 0 ],1.00,1.00,1.00,1.00,21.49,-5.31,0.00,0.00,0.00,0.00,0.00,0.00,-0.00,0.00,0.00,0.00,0.00,0.00,0.00,0.00,0.00,0
16.5802,22,-5,268,0,DRIVE [ 79 ] [ 1 ] [ 1758 1905 1811 ] [    0    0    0 ] [      0      0      0 ] [ 0 ],drive [ 79 ] [ 0 ] [ 1758 1905 1811 ] [   16   12   29 ] [   9296   5957  10148 ] [ 0 ],1.00,1.00,1.00,1.00,21.51,-5.28,0.00,0.00,0.00,0.00,0.00,0.00,-0.00,0.00,0.00,0.00,0.00,0.00,0.00,0.00,0.00,0
16.5949,22,-5,269,0,DRIVE [ 80 ] [ 1 ] [ 1758 1905 1811 ] [    0    0    0 ] [      0      0      0 ] [ 0 ],drive [ 79 ] [ 0 ] [ 1758 1905 1811 ] [   16   12   29 ] [   9296   5957  10148 ] [ 0 ],1.00,1.00,1.00,1.00,21.54,-5.26,0.00,0.00,0.00,0.00,0.00,0.00,-0.00,0.00,0.00,0.00,0.00,0.00,0.00,0.00,0.00,0
16.6086,22,-5,269,0,DRIVE [ 80 ] [ 1 ] [ 1757 1905 1812 ] [    0    0    0 ] [      0      0      0 ] [ 0 ],drive [ 80 ] [ 0 ] [ 1758 1905 1811 ] [   16   12   29 ] [   9296   5958  10150 ] [ 0 ],1.00,1.00,1.00,1.00,21.54,-5.11,0.00,0.00,0.00,0.00,0.00,0.00,-0.00,0.00,0.00,0.00,0.00,0.00,0.00,0.00,0.00,0
16.6209,22,-5,269,0,DRIVE [ 81 ] [ 1 ] [ 1757 1905 1813 ] [    0    0    0 ] [      0      0      0 ] [ 0 ],drive [ 80 ] [ 0 ] [ 1757 1905 1812 ] [   14   11   30 ] [   9296   5958  10150 ] [ 0 ],1.00,1.00,1.00,1.00,21.53,-5.00,0.00,0.00,0.00,0.00,0.00,0.00,-0.00,0.00,0.00,0.00,0.00,0.00,0.00,0.00,0.00,0
16.6331,22,-5,269,0,DRIVE [ 81 ] [ 1 ] [ 1757 1905 1813 ] [    0    0    0 ] [      0      0      0 ] [ 0 ],drive [ 81 ] [ 0 ] [ 1757 1905 1813 ] [   14   11   30 ] [   9296   5958  10150 ] [ 0 ],1.00,1.00,1.00,1.00,21.56,-4.92,0.00,0.00,0.00,0.00,0.00,0.00,-0.00,0.00,0.00,0.00,0.00,0.00,0.00,0.00,0.00,0
16.6453,22,-5,269,0,DRIVE [ 82 ] [ 1 ] [ 1756 1905 1814 ] [    0    0    0 ] [      0      0      0 ] [ 0 ],drive [ 81 ] [ 0 ] [ 1757 1905 1813 ] [   14   11   30 ] [   9296   5958  10150 ] [ 0 ],1.00,1.00,1.00,1.00,21.63,-4.83,0.00,0.00,0.00,0.00,0.00,0.00,-0.00,0.00,0.00,0.00,0.00,0.00,0.00,0.00,0.00,0
16.6574,22,-5,269,0,DRIVE [ 82 ] [ 1 ] [ 1755 1905 1814 ] [    0    0    0 ] [      0      0      0 ] [ 0 ],drive [ 82 ] [ 0 ] [ 1756 1905 1814 ] [   14   11   30 ] [   9296   5958  10150 ] [ 0 ],1.00,1.00,1.00,1.00,21.64,-4.73,0.00,0.00,0.00,0.00,0.00,0.00,-0.00,0.00,0.00,0.00,0.00,0.00,0.00,0.00,0.00,0
16.6694,22,-5,269,0,DRIVE [ 83 ] [ 1 ] [ 1756 1905 1814 ] [    0    0    0 ] [      0      0      0 ] [ 0 ],drive [ 82 ] [ 0 ] [ 1755 1905 1814 ] [   15   11   30 ] [   9296   5958  10150 ] [ 0 ],1.00,1.00,1.00,1.00,21.60,-4.72,0.00,0.00,0.00,0.00,0.00,0.00,-0.00,0.00,0.00,0.00,0.00,0.00,0.00,0.00,0.00,0
16.6819,22,-5,269,0,DRIVE [ 83 ] [ 1 ] [ 1756 1905 1814 ] [    0    0    0 ] [      0      0      0 ] [ 0 ],drive [ 83 ] [ 0 ] [ 1756 1905 1814 ] [   15   11   30 ] [   9296   5958  10150 ] [ 0 ],1.00,1.00,1.00,1.00,21.58,-4.70,0.00,0.00,0.00,0.00,0.00,0.00,-0.00,0.00,0.00,0.00,0.00,0.00,0.00,0.00,0.00,0
16.6939,22,-5,269,0,DRIVE [ 84 ] [ 1 ] [ 1756 1905 1814 ] [    0    0    0 ] [      0      0      0 ] [ 0 ],drive [ 83 ] [ 0 ] [ 1756 1905 1814 ] [   15   11   30 ] [   9296   5958  10150 ] [ 0 ],1.00,1.00,1.00,1.00,21.62,-4.68,0.00,0.00,0.00,0.00,0.00,0.00,-0.00,0.00,0.00,0.00,0.00,0.00,0.00,0.00,0.00,0
16.7061,22,-5,269,0,DRIVE [ 84 ] [ 1 ] [ 1756 1905 1814 ] [    0    0    0 ] [      0      0      0 ] [ 0 ],drive [ 84 ] [ 0 ] [ 1756 1905 1814 ] [   15   11   30 ] [   9296   5958  10150 ] [ 0 ],1.00,1.00,1.00,1.00,21.58,-4.74,0.00,0.00,0.00,0.00,0.00,0.00,-0.00,0.00,0.00,0.00,0.00,0.00,0.00,0.00,0.00,0
16.7179,22,-5,269,0,DRIVE [ 85 ] [ 1 ] [ 1757 1905 1813 ] [    0    0    0 ] [      0      0      0 ] [ 0 ],drive [ 84 ] [ 0 ] [ 1756 1905 1814 ] [   15   11   29 ] [   9296   5958  10150 ] [ 0 ],1.00,1.00,1.00,1.00,21.59,-4.87,0.00,0.00,0.00,0.00,0.00,0.00,-0.00,0.00,0.00,0.00,0.00,0.00,0.00,0.00,0.00,0
16.7301,22,-5,269,0,DRIVE [ 85 ] [ 1 ] [ 1757 1905 1813 ] [    0    0    0 ] [      0      0      0 ] [ 0 ],drive [ 85 ] [ 0 ] [ 1757 1905 1813 ] [   15   11   29 ] [   9296   5958  10150 ] [ 0 ],1.00,1.00,1.00,1.00,21.57,-4.96,0.00,0.00,0.00,0.00,0.00,0.00,-0.00,0.00,0.00,0.00,0.00,0.00,0.00,0.00,0.00,0
16.7423,22,-5,269,0,DRIVE [ 86 ] [ 1 ] [ 1757 1905 1813 ] [    0    0    0 ] [      0      0      0 ] [ 0 ],drive [ 85 ] [ 0 ] [ 1757 1905 1813 ] [   15   11   29 ] [   9296   5958  10150 ] [ 0 ],1.00,1.00,1.00,1.00,21.60,-5.03,0.00,0.00,0.00,0.00,0.00,0.00,-0.00,0.00,0.00,0.00,0.00,0.00,0.00,0.00,0.00,0
16.754,22,-5,269,0,DRIVE [ 86 ] [ 1 ] [ 1757 1905 1812 ] [    0    0    0 ] [      0      0      0 ] [ 0 ],drive [ 86 ] [ 0 ] [ 1757 1905 1813 ] [   15   11   29 ] [   9296   5969  10150 ] [ 0 ],1.00,1.00,1.00,1.00,21.62,-5.06,0.00,0.00,0.00,0.00,0.00,0.00,-0.00,0.00,0.00,0.00,0.00,0.00,0.00,0.00,0.00,0
16.7662,22,-5,269,0,DRIVE [ 87 ] [ 1 ] [ 1757 1905 1812 ] [    0    0    0 ] [      0      0      0 ] [ 0 ],drive [ 86 ] [ 0 ] [ 1757 1905 1812 ] [   15    6   30 ] [   9296   5969  10150 ] [ 0 ],1.00,1.00,1.00,1.00,21.63,-5.08,0.00,0.00,0.00,0.00,0.00,0.00,-0.00,0.00,0.00,0.00,0.00,0.00,0.00,0.00,0.00,0
16.7783,22,-5,268,0,DRIVE [ 87 ] [ 1 ] [ 1756 1905 1812 ] [    0    0    0 ] [      0      0      0 ] [ 0 ],drive [ 87 ] [ 0 ] [ 1757 1905 1812 ] [   15    6   30 ] [   9296   5969  10150 ] [ 0 ],1.00,1.00,1.00,1.00,21.65,-5.10,0.00,0.00,0.00,0.00,0.00,0.00,-0.00,0.00,0.00,0.00,0.00,0.00,0.00,0.00,0.00,0
16.7905,22,-5,267,0,DRIVE [ 88 ] [ 1 ] [ 1756 1905 1811 ] [    0    0    0 ] [      0      0      0 ] [ 0 ],drive [ 87 ] [ 0 ] [ 1756 1905 1812 ] [   15    6   30 ] [   9296   5969  10150 ] [ 0 ],1.00,1.00,1.00,1.00,21.59,-5.07,0.00,0.00,0.00,0.00,0.00,0.00,-0.00,0.00,0.00,0.00,0.00,0.00,0.00,0.00,0.00,0
16.8026,22,-5,268,0,DRIVE [ 88 ] [ 1 ] [ 1755 1905 1811 ] [    0    0    0 ] [      0      0      0 ] [ 0 ],drive [ 88 ] [ 0 ] [ 1756 1905 1811 ] [   15    6   30 ] [   9296   5974  10150 ] [ 0 ],1.00,1.00,1.00,1.00,21.70,-5.08,0.00,0.00,0.00,0.00,0.00,0.00,-0.00,0.00,0.00,0.00,0.00,0.00,0.00,0.00,0.00,0
16.815,22,-5,268,0,DRIVE [ 89 ] [ 1 ] [ 1755 1905 1811 ] [    0    0    0 ] [      0      0      0 ] [ 0 ],drive [ 88 ] [ 0 ] [ 1755 1905 1811 ] [   15    5   31 ] [   9296   5974  10150 ] [ 0 ],1.00,1.00,1.00,1.00,21.76,-5.09,0.00,0.00,0.00,0.00,0.00,0.00,-0.00,0.00,0.00,0.00,0.00,0.00,0.00,0.00,0.00,0
16.8272,22,-5,268,0,DRIVE [ 89 ] [ 1 ] [ 1755 1905 1811 ] [    0    0    0 ] [      0      0      0 ] [ 0 ],drive [ 89 ] [ 0 ] [ 1755 1905 1811 ] [   15    5   31 ] [   9296   5974  10150 ] [ 0 ],1.00,1.00,1.00,1.00,21.83,-5.12,0.00,0.00,0.00,0.00,0.00,0.00,-0.00,0.00,0.00,0.00,0.00,0.00,0.00,0.00,0.00,0
16.8393,22,-5,268,0,DRIVE [ 90 ] [ 1 ] [ 1754 1905 1811 ] [    0    0    0 ] [      0      0      0 ] [ 0 ],drive [ 89 ] [ 0 ] [ 1755 1905 1811 ] [   15    5   31 ] [   9296   5974  10150 ] [ 0 ],1.00,1.00,1.00,1.00,21.96,-5.10,0.00,0.00,0.00,0.00,0.00,0.00,-0.00,0.00,0.00,0.00,0.00,0.00,0.00,0.00,0.00,0
16.8513,22,-5,269,0,DRIVE [ 90 ] [ 1 ] [ 1753 1905 1811 ] [    0    0    0 ] [      0      0      0 ] [ 0 ],drive [ 90 ] [ 0 ] [ 1754 1905 1811 ] [   15    5   31 ] [   9296   5975  10150 ] [ 0 ],1.00,1.00,1.00,1.00,22.07,-5.01,0.00,0.00,0.00,0.00,0.00,0.00,-0.00,0.00,0.00,0.00,0.00,0.00,0.00,0.00,0.00,0
16.8638,22,-5,269,0,DRIVE [ 91 ] [ 1 ] [ 1753 1905 1812 ] [    0    0    0 ] [      0      0      0 ] [ 0 ],drive [ 90 ] [ 0 ] [ 1753 1905 1811 ] [   15    4   30 ] [   9296   5975  10150 ] [ 0 ],1.00,1.00,1.00,1.00,22.05,-4.91,0.00,0.00,0.00,0.00,0.00,0.00,-0.00,0.00,0.00,0.00,0.00,0.00,0.00,0.00,0.00,0
16.8759,22,-5,269,0,DRIVE [ 91 ] [ 1 ] [ 1753 1905 1812 ] [    0    0    0 ] [      0      0      0 ] [ 0 ],drive [ 91 ] [ 0 ] [ 1753 1905 1812 ] [   15    4   30 ] [   9296   5975  10150 ] [ 0 ],1.00,1.00,1.00,1.00,22.05,-4.83,0.00,0.00,0.00,0.00,0.00,0.00,-0.00,0.00,0.00,0.00,0.00,0.00,0.00,0.00,0.00,0
16.8891,22,-5,269,0,DRIVE [ 92 ] [ 1 ] [ 1752 1905 1813 ] [    0    0    0 ] [      0      0      0 ] [ 0 ],drive [ 91 ] [ 0 ] [ 1753 1905 1812 ] [   15    4   30 ] [   9296   5975  10150 ] [ 0 ],1.00,1.00,1.00,1.00,22.08,-4.77,0.00,0.00,0.00,0.00,0.00,0.00,-0.00,0.00,0.00,0.00,0.00,0.00,0.00,0.00,0.00,0
16.9011,22,-5,269,0,DRIVE [ 92 ] [ 1 ] [ 1752 1905 1813 ] [    0    0    0 ] [      0      0      0 ] [ 0 ],drive [ 92 ] [ 0 ] [ 1752 1905 1813 ] [   15    4   30 ] [   9296   5975  10150 ] [ 0 ],1.00,1.00,1.00,1.00,22.08,-4.74,0.00,0.00,0.00,0.00,0.00,0.00,-0.00,0.00,0.00,0.00,0.00,0.00,0.00,0.00,0.00,0
16.9132,22,-5,269,0,DRIVE [ 93 ] [ 1 ] [ 1752 1905 1813 ] [    0    0    0 ] [      0      0      0 ] [ 0 ],drive [ 92 ] [ 0 ] [ 1752 1905 1813 ] [   15    5   29 ] [   9296   5975  10150 ] [ 0 ],1.00,1.00,1.00,1.00,22.05,-4.72,0.00,0.00,0.00,0.00,0.00,0.00,-0.00,0.00,0.00,0.00,0.00,0.00,0.00,0.00,0.00,0
16.9253,22,-5,269,0,DRIVE [ 93 ] [ 1 ] [ 1752 1905 1813 ] [    0    0    0 ] [      0      0      0 ] [ 0 ],drive [ 93 ] [ 0 ] [ 1752 1905 1813 ] [   15    5   29 ] [   9296   5975  10150 ] [ 0 ],1.00,1.00,1.00,1.00,22.05,-4.68,0.00,0.00,0.00,0.00,0.00,0.00,-0.00,0.00,0.00,0.00,0.00,0.00,0.00,0.00,0.00,0
16.9374,22,-5,270,0,DRIVE [ 94 ] [ 1 ] [ 1752 1905 1813 ] [    0    0    0 ] [      0      0      0 ] [ 0 ],drive [ 93 ] [ 0 ] [ 1752 1905 1813 ] [   15    5   29 ] [   9296   5975  10150 ] [ 0 ],1.00,1.00,1.00,1.00,22.07,-4.68,0.00,0.00,0.00,0.00,0.00,0.00,-0.00,0.00,0.00,0.00,0.00,0.00,0.00,0.00,0.00,0
16.9499,22,-5,270,0,DRIVE [ 94 ] [ 1 ] [ 1752 1905 1813 ] [    0    0    0 ] [      0      0      0 ] [ 0 ],drive [ 94 ] [ 0 ] [ 1752 1905 1813 ] [   15    5   29 ] [   9296   5976  10150 ] [ 0 ],1.00,1.00,1.00,1.00,22.05,-4.66,0.00,0.00,0.00,0.00,0.00,0.00,-0.00,0.00,0.00,0.00,0.00,0.00,0.00,0.00,0.00,0
16.9622,22,-5,269,0,DRIVE [ 95 ] [ 1 ] [ 1752 1905 1813 ] [    0    0    0 ] [      0      0      0 ] [ 0 ],drive [ 94 ] [ 0 ] [ 1752 1905 1813 ] [   15    6   30 ] [   9296   5976  10150 ] [ 0 ],1.00,1.00,1.00,1.00,22.03,-4.65,0.00,0.00,0.00,0.00,0.00,0.00,-0.00,0.00,0.00,0.00,0.00,0.00,0.00,0.00,0.00,0
16.9744,22,-5,270,0,DRIVE [ 95 ] [ 1 ] [ 1753 1905 1813 ] [    0    0    0 ] [      0      0      0 ] [ 0 ],drive [ 95 ] [ 0 ] [ 1752 1905 1813 ] [   15    6   30 ] [   9296   5976  10150 ] [ 0 ],1.00,1.00,1.00,1.00,22.04,-4.65,0.00,0.00,0.00,0.00,0.00,0.00,-0.00,0.00,0.00,0.00,0.00,0.00,0.00,0.00,0.00,0
16.9863,22,-5,270,0,DRIVE [ 96 ] [ 1 ] [ 1753 1905 1813 ] [    0    0    0 ] [      0      0      0 ] [ 0 ],drive [ 95 ] [ 0 ] [ 1753 1905 1813 ] [   15    6   30 ] [   9296   5976  10150 ] [ 0 ],1.00,1.00,1.00,1.00,22.05,-4.66,0.00,0.00,0.00,0.00,0.00,0.00,-0.00,0.00,0.00,0.00,0.00,0.00,0.00,0.00,0.00,0
16.9987,22,-5,270,0,DRIVE [ 96 ] [ 1 ] [ 1753 1905 1813 ] [    0    0    0 ] [      0      0      0 ] [ 0 ],drive [ 96 ] [ 0 ] [ 1753 1905 1813 ] [   15    6   30 ] [   9296   5995  10152 ] [ 0 ],1.00,1.00,1.00,1.00,22.05,-4.70,0.00,0.00,0.00,0.00,0.00,0.00,-0.00,0.00,0.00,0.00,0.00,0.00,0.00,0.00,0.00,0
17.0111,22,-5,270,0,DRIVE [ 97 ] [ 1 ] [ 1753 1905 1813 ] [    0    0    0 ] [      0      0      0 ] [ 0 ],drive [ 96 ] [ 0 ] [ 1753 1905 1813 ] [   16    1   30 ] [   9296   5995  10152 ] [ 0 ],1.00,1.00,1.00,1.00,22.04,-4.66,0.00,0.00,0.00,0.00,0.00,0.00,-0.00,0.00,0.00,0.00,0.00,0.00,0.00,0.00,0.00,0
17.0235,22,-5,270,0,DRIVE [ 97 ] [ 1 ] [ 1752 1905 1813 ] [    0    0    0 ] [      0      0      0 ] [ 0 ],drive [ 97 ] [ 0 ] [ 1753 1905 1813 ] [   16    1   30 ] [   9296   5995  10152 ] [ 0 ],1.00,1.00,1.00,1.00,22.10,-4.66,0.00,0.00,0.00,0.00,0.00,0.00,-0.00,0.00,0.00,0.00,0.00,0.00,0.00,0.00,0.00,0
17.0353,22,-5,270,0,DRIVE [ 98 ] [ 1 ] [ 1751 1905 1813 ] [    0    0    0 ] [      0      0      0 ] [ 0 ],drive [ 97 ] [ 0 ] [ 1752 1905 1813 ] [   16    1   30 ] [   9296   5995  10152 ] [ 0 ],1.00,1.00,1.00,1.00,22.16,-4.59,0.00,0.00,0.00,0.00,0.00,0.00,-0.00,0.00,0.00,0.00,0.00,0.00,0.00,0.00,0.00,0
17.0489,22,-4,269,0,DRIVE [ 98 ] [ 1 ] [ 1751 1905 1814 ] [    0    0    0 ] [      0      0      0 ] [ 0 ],drive [ 98 ] [ 0 ] [ 1751 1905 1813 ] [   16    1   30 ] [   9296   5997  10152 ] [ 0 ],1.00,1.00,1.00,1.00,22.14,-4.47,0.00,0.00,0.00,0.00,0.00,0.00,-0.00,0.00,0.00,0.00,0.00,0.00,0.00,0.00,0.00,0
17.061,22,-4,269,0,DRIVE [ 99 ] [ 1 ] [ 1750 1905 1815 ] [    0    0    0 ] [      0      0      0 ] [ 0 ],drive [ 98 ] [ 0 ] [ 1751 1905 1814 ] [   15    1   30 ] [   9296   5997  10152 ] [ 0 ],1.00,1.00,1.00,1.00,22.14,-4.35,0.00,0.00,0.00,0.00,0.00,0.00,-0.00,0.00,0.00,0.00,0.00,0.00,0.00,0.00,0.00,0
17.0728,22,-4,269,0,DRIVE [ 99 ] [ 1 ] [ 1750 1905 1815 ] [    0    0    0 ] [      0      0      0 ] [ 0 ],drive [ 99 ] [ 0 ] [ 1750 1905 1815 ] [   15    1   30 ] [   9296   5997  10152 ] [ 0 ],1.00,1.00,1.00,1.00,22.13,-4.30,0.00,0.00,0.00,0.00,0.00,0.00,-0.00,0.00,0.00,0.00,0.00,0.00,0.00,0.00,0.00,0
17.0849,22,-4,268,0,DRIVE [ 00 ] [ 1 ] [ 1750 1905 1816 ] [    0    0    0 ] [      0      0      0 ] [ 0 ],drive [ 99 ] [ 0 ] [ 1750 1905 1815 ] [   15    1   30 ] [   9296   5997  10152 ] [ 0 ],1.00,1.00,1.00,1.00,22.03,-4.19,0.00,0.00,0.00,0.00,0.00,0.00,-0.00,0.00,0.00,0.00,0.00,0.00,0.00,0.00,0.00,0
17.0975,22,-4,268,0,DRIVE [ 00 ] [ 1 ] [ 1749 1905 1816 ] [    0    0    0 ] [      0      0      0 ] [ 0 ],drive [ 00 ] [ 0 ] [ 1750 1905 1816 ] [   15    1   30 ] [   9296   5997  10153 ] [ 0 ],1.00,1.00,1.00,1.00,22.09,-4.10,0.00,0.00,0.00,0.00,0.00,0.00,-0.00,0.00,0.00,0.00,0.00,0.00,0.00,0.00,0.00,0
17.1118,22,-4,268,0,DRIVE [ 01 ] [ 1 ] [ 1749 1905 1816 ] [    0    0    0 ] [      0      0      0 ] [ 0 ],drive [ 00 ] [ 0 ] [ 1749 1905 1816 ] [   15    2   28 ] [   9296   5997  10153 ] [ 0 ],1.00,1.00,1.00,1.00,22.02,-4.04,0.00,0.00,0.00,0.00,0.00,0.00,-0.00,0.00,0.00,0.00,0.00,0.00,-0.00,0.00,0.00,0
17.1255,22,-4,268,0,DRIVE [ 01 ] [ 1 ] [ 1749 1905 1817 ] [    0    0    0 ] [      0      0      0 ] [ 0 ],drive [ 01 ] [ 0 ] [ 1749 1905 1816 ] [   15    2   28 ] [   9296   5997  10153 ] [ 0 ],1.00,1.00,1.00,1.00,22.02,-3.93,0.00,0.00,0.00,0.00,0.00,0.00,-0.00,0.00,0.00,0.00,0.00,0.00,-0.00,0.00,0.00,0
17.1373,22,-4,268,0,DRIVE [ 02 ] [ 1 ] [ 1749 1905 1818 ] [    0    0    0 ] [      0      0      0 ] [ 0 ],drive [ 01 ] [ 0 ] [ 1749 1905 1817 ] [   15    2   28 ] [   9296   5997  10153 ] [ 0 ],1.00,1.00,1.00,1.00,21.95,-3.85,0.00,0.00,0.00,0.00,0.00,0.00,-0.00,0.00,0.00,0.00,0.00,0.00,-0.00,0.00,0.00,0
17.1496,22,-4,266,0,DRIVE [ 02 ] [ 1 ] [ 1749 1905 1818 ] [    0    0    0 ] [      0      0      0 ] [ 0 ],drive [ 02 ] [ 0 ] [ 1749 1905 1818 ] [   15    2   28 ] [   9297   5997  10153 ] [ 0 ],1.00,1.00,1.00,1.00,21.81,-3.79,0.00,0.00,0.00,0.00,0.00,0.00,-0.00,0.00,0.00,0.00,0.00,0.00,-0.00,0.00,0.00,0
17.1618,22,-4,266,0,DRIVE [ 03 ] [ 1 ] [ 1749 1905 1818 ] [    0    0    0 ] [      0      0      0 ] [ 0 ],drive [ 02 ] [ 0 ] [ 1749 1905 1818 ] [   16    1   29 ] [   9297   5997  10153 ] [ 0 ],1.00,1.00,1.00,1.00,21.73,-3.76,0.00,0.00,0.00,0.00,0.00,0.00,-0.00,0.00,0.00,0.00,0.00,0.00,-0.00,0.00,0.00,0
17.1738,22,-4,265,0,DRIVE [ 03 ] [ 1 ] [ 1750 1905 1818 ] [    0    0    0 ] [      0      0      0 ] [ 0 ],drive [ 03 ] [ 0 ] [ 1749 1905 1818 ] [   16    1   29 ] [   9297   5997  10153 ] [ 0 ],1.00,1.00,1.00,1.00,21.65,-3.78,0.00,0.00,0.00,0.00,0.00,0.00,-0.00,0.00,0.00,0.00,0.00,0.00,-0.00,0.00,0.00,0
17.1857,22,-4,266,0,DRIVE [ 04 ] [ 1 ] [ 1750 1905 1817 ] [    0    0    0 ] [      0      0      0 ] [ 0 ],drive [ 03 ] [ 0 ] [ 1750 1905 1818 ] [   16    1   29 ] [   9297   5997  10153 ] [ 0 ],1.00,1.00,1.00,1.00,21.73,-3.90,0.00,0.00,0.00,0.00,0.00,0.00,-0.00,0.00,0.00,0.00,0.00,0.00,-0.00,0.00,0.00,0
17.198,22,-4,267,0,DRIVE [ 04 ] [ 1 ] [ 1750 1905 1817 ] [    0    0    0 ] [      0      0      0 ] [ 0 ],drive [ 04 ] [ 0 ] [ 1750 1905 1817 ] [   16    1   29 ] [   9297   5998  10153 ] [ 0 ],1.00,1.00,1.00,1.00,21.81,-4.00,0.00,0.00,0.00,0.00,0.00,0.00,-0.00,0.00,0.00,0.00,0.00,0.00,-0.00,0.00,0.00,0
17.2099,22,-4,267,0,DRIVE [ 05 ] [ 1 ] [ 1751 1905 1817 ] [    0    0    0 ] [      0      0      0 ] [ 0 ],drive [ 04 ] [ 0 ] [ 1750 1905 1817 ] [   16    1   29 ] [   9297   5998  10153 ] [ 0 ],1.00,1.00,1.00,1.00,21.83,-4.05,0.00,0.00,0.00,0.00,0.00,0.00,-0.00,0.00,0.00,0.00,0.00,0.00,-0.00,0.00,0.00,0
17.2222,22,-4,268,0,DRIVE [ 05 ] [ 1 ] [ 1750 1905 1816 ] [    0    0    0 ] [      0      0      0 ] [ 0 ],drive [ 05 ] [ 0 ] [ 1751 1905 1817 ] [   16    1   29 ] [   9297   5998  10153 ] [ 0 ],1.00,1.00,1.00,1.00,21.92,-4.07,0.00,0.00,0.00,0.00,0.00,0.00,-0.00,0.00,0.00,0.00,0.00,0.00,-0.00,0.00,0.00,0
17.2339,22,-4,268,0,DRIVE [ 06 ] [ 1 ] [ 1749 1905 1816 ] [    0    0    0 ] [      0      0      0 ] [ 0 ],drive [ 05 ] [ 0 ] [ 1750 1905 1816 ] [   16    1   29 ] [   9297   5998  10153 ] [ 0 ],1.00,1.00,1.00,1.00,22.04,-4.10,0.00,0.00,0.00,0.00,0.00,0.00,-0.00,0.00,0.00,0.00,0.00,0.00,0.00,0.00,0.00,0
17.2461,22,-4,268,0,DRIVE [ 06 ] [ 1 ] [ 1749 1905 1815 ] [    0    0    0 ] [      0      0      0 ] [ 0 ],drive [ 06 ] [ 0 ] [ 1749 1905 1816 ] [   16    1   29 ] [   9297   6006  10154 ] [ 0 ],1.00,1.00,1.00,1.00,22.20,-4.16,0.00,0.00,0.00,0.00,0.00,0.00,-0.00,0.00,0.00,0.00,0.00,0.00,0.00,0.00,0.00,0
17.2581,22,-4,269,0,DRIVE [ 07 ] [ 1 ] [ 1748 1905 1815 ] [    0    0    0 ] [      0      0      0 ] [ 0 ],drive [ 06 ] [ 0 ] [ 1749 1905 1815 ] [   16    4   29 ] [   9297   6006  10154 ] [ 0 ],1.00,1.00,1.00,1.00,22.36,-4.19,0.00,0.00,0.00,0.00,0.00,0.00,-0.00,0.00,0.00,0.00,0.00,0.00,0.00,0.00,0.00,0
17.2698,23,-4,270,0,DRIVE [ 07 ] [ 1 ] [ 1747 1905 1814 ] [    0    0    0 ] [      0      0      0 ] [ 0 ],drive [ 07 ] [ 0 ] [ 1748 1905 1815 ] [   16    4   29 ] [   9297   6006  10154 ] [ 0 ],1.00,1.00,1.00,1.00,22.52,-4.23,0.00,0.00,0.00,0.00,0.00,0.00,-0.00,0.00,0.00,0.00,0.00,0.00,0.00,0.00,0.00,0
17.2822,23,-4,269,0,DRIVE [ 08 ] [ 1 ] [ 1747 1905 1814 ] [    0    0    0 ] [      0      0      0 ] [ 0 ],drive [ 07 ] [ 0 ] [ 1747 1905 1814 ] [   16    4   29 ] [   9297   6006  10154 ] [ 0 ],1.00,1.00,1.00,1.00,22.59,-4.21,0.00,0.00,0.00,0.00,0.00,0.00,-0.00,0.00,0.00,0.00,0.00,0.00,0.00,0.00,0.00,0
17.2943,23,-4,268,0,DRIVE [ 08 ] [ 1 ] [ 1746 1905 1814 ] [    0    0    0 ] [      0      0      0 ] [ 0 ],drive [ 08 ] [ 0 ] [ 1747 1905 1814 ] [   16    4   29 ] [   9297   6008  10154 ] [ 0 ],1.00,1.00,1.00,1.00,22.56,-4.22,0.00,0.00,0.00,0.00,0.00,0.00,-0.00,0.00,0.00,0.00,0.00,0.00,0.00,0.00,0.00,0
17.3062,23,-4,267,0,DRIVE [ 09 ] [ 1 ] [ 1745 1905 1814 ] [    0    0    0 ] [      0      0      0 ] [ 0 ],drive [ 08 ] [ 0 ] [ 1746 1905 1814 ] [   16    4   29 ] [   9297   6008  10154 ] [ 0 ],1.00,1.00,1.00,1.00,22.54,-4.20,0.00,0.00,0.00,0.00,0.00,0.00,-0.00,0.00,0.00,0.00,0.00,0.00,0.00,0.00,0.00,0
17.318,23,-4,267,0,DRIVE [ 09 ] [ 1 ] [ 1745 1905 1813 ] [    0    0    0 ] [      0      0      0 ] [ 0 ],drive [ 09 ] [ 0 ] [ 1745 1905 1814 ] [   16    4   32 ] [   9297   6008  10154 ] [ 0 ],1.00,1.00,1.00,1.00,22.67,-4.22,0.00,0.00,0.00,0.00,0.00,0.00,-0.00,0.00,0.00,0.00,0.00,0.00,0.00,0.00,0.00,0
17.3303,23,-4,268,0,DRIVE [ 10 ] [ 1 ] [ 1744 1905 1813 ] [    0    0    0 ] [      0      0      0 ] [ 0 ],drive [ 09 ] [ 0 ] [ 1745 1905 1813 ] [   16    4   32 ] [   9297   6008  10154 ] [ 0 ],1.00,1.00,1.00,1.00,22.82,-4.23,0.00,0.00,0.00,0.00,0.00,0.00,-0.00,0.00,0.00,0.00,0.00,0.00,0.00,0.00,0.00,0
17.3425,23,-4,267,0,DRIVE [ 10 ] [ 1 ] [ 1743 1905 1813 ] [    0    0    0 ] [      0      0      0 ] [ 0 ],drive [ 10 ] [ 0 ] [ 1744 1905 1813 ] [   16    4   32 ] [   9297   6008  10154 ] [ 0 ],1.00,1.00,1.00,1.00,22.86,-4.23,0.00,0.00,0.00,0.00,0.00,0.00,-0.00,0.00,0.00,0.00,0.00,0.00,0.00,0.00,0.00,0
17.3557,23,-4,268,0,DRIVE [ 11 ] [ 1 ] [ 1742 1905 1813 ] [    0    0    0 ] [      0      0      0 ] [ 0 ],drive [ 10 ] [ 0 ] [ 1743 1905 1813 ] [   16    4   32 ] [   9297   6010  10197 ] [ 0 ],1.00,1.00,1.00,1.00,23.00,-4.09,0.00,0.00,0.00,0.00,0.00,0.00,-0.00,0.00,0.00,0.00,0.00,0.00,0.00,0.00,0.00,0
17.3677,23,-4,268,0,DRIVE [ 11 ] [ 1 ] [ 1740 1905 1814 ] [    0    0    0 ] [      0      0      0 ] [ 0 ],drive [ 11 ] [ 0 ] [ 1742 1905 1813 ] [   17    5   10 ] [   9297   6010  10197 ] [ 0 ],1.00,1.00,1.00,1.00,23.10,-3.88,0.00,0.00,0.00,0.00,0.00,0.00,-0.00,0.00,0.00,0.00,0.00,0.00,0.00,0.00,0.00,0
17.3799,23,-4,268,0,DRIVE [ 12 ] [ 1 ] [ 1739 1905 1815 ] [    0    0    0 ] [      0      0      0 ] [ 0 ],drive [ 11 ] [ 0 ] [ 1740 1905 1814 ] [   17    5   10 ] [   9297   6010  10197 ] [ 0 ],1.00,1.00,1.00,1.00,23.19,-3.59,0.00,0.00,0.00,0.00,0.00,0.00,-0.00,0.00,0.00,0.00,0.00,0.00,0.00,0.00,0.00,0
17.3918,23,-3,269,0,DRIVE [ 12 ] [ 1 ] [ 1737 1905 1817 ] [    0    0    0 ] [      0      0      0 ] [ 0 ],drive [ 12 ] [ 0 ] [ 1739 1905 1815 ] [   17    5   10 ] [   9297   6010  10197 ] [ 0 ],1.00,1.00,1.00,1.00,23.36,-3.22,0.00,0.00,0.00,0.00,0.00,0.00,-0.00,0.00,0.00,0.00,0.00,0.00,0.00,0.00,0.00,0
17.4034,23,-3,269,0,DRIVE [ 13 ] [ 1 ] [ 1735 1905 1818 ] [    0    0    0 ] [      0      0      0 ] [ 0 ],drive [ 12 ] [ 0 ] [ 1737 1905 1817 ] [   17    5   10 ] [   9297   6010  10213 ] [ 0 ],1.00,1.00,1.00,1.00,23.44,-2.97,0.00,0.00,0.00,0.00,0.00,0.00,-0.00,0.00,0.00,0.00,0.00,0.00,0.00,0.00,0.00,0
17.4158,24,-3,270,0,DRIVE [ 13 ] [ 1 ] [ 1734 1905 1820 ] [    0    0    0 ] [      0      0      0 ] [ 0 ],drive [ 13 ] [ 0 ] [ 1735 1905 1818 ] [   16    5    9 ] [   9297   6010  10213 ] [ 0 ],1.00,1.00,1.00,1.00,23.51,-2.77,0.00,0.00,0.00,0.00,0.00,0.00,-0.00,0.00,0.00,0.00,0.00,0.00,0.00,0.00,0.00,0
17.428,24,-3,270,0,DRIVE [ 14 ] [ 1 ] [ 1733 1905 1820 ] [    0    0    0 ] [      0      0      0 ] [ 0 ],drive [ 13 ] [ 0 ] [ 1734 1905 1820 ] [   16    5    9 ] [   9297   6010  10213 ] [ 0 ],1.00,1.00,1.00,1.00,23.56,-2.64,0.00,0.00,0.00,0.00,0.00,0.00,-0.00,0.00,0.00,0.00,0.00,0.00,0.00,0.00,0.00,0
17.4399,23,-3,269,0,DRIVE [ 14 ] [ 1 ] [ 1733 1905 1821 ] [    0    0    0 ] [      0      0      0 ] [ 0 ],drive [ 14 ] [ 0 ] [ 1733 1905 1820 ] [   16    5    9 ] [   9297   6010  10213 ] [ 0 ],1.00,1.00,1.00,1.00,23.49,-2.57,0.00,0.00,0.00,0.00,0.00,0.00,-0.00,0.00,0.00,0.00,0.00,0.00,0.00,0.00,0.00,0
17.4516,24,-2,270,0,DRIVE [ 15 ] [ 1 ] [ 1733 1905 1821 ] [    0    0    0 ] [      0      0      0 ] [ 0 ],drive [ 14 ] [ 0 ] [ 1733 1905 1821 ] [   16    5    9 ] [   9298   6010  10213 ] [ 0 ],1.00,1.00,1.00,1.00,23.57,-2.47,0.00,0.00,0.00,0.00,0.00,0.00,-0.00,0.00,0.00,0.00,0.00,0.00,0.00,0.00,0.00,0
17.4637,24,-2,270,0,DRIVE [ 15 ] [ 1 ] [ 1732 1905 1821 ] [    0    0    0 ] [      0      0      0 ] [ 0 ],drive [ 15 ] [ 0 ] [ 1733 1905 1821 ] [   17    5    9 ] [   9298   6010  10213 ] [ 0 ],1.00,1.00,1.00,1.00,23.60,-2.43,0.00,0.00,0.00,0.00,0.00,0.00,-0.00,0.00,0.00,0.00,0.00,0.00,0.00,0.00,0.00,0
17.4758,24,-2,270,0,DRIVE [ 16 ] [ 1 ] [ 1732 1905 1821 ] [    0    0    0 ] [      0      0      0 ] [ 0 ],drive [ 15 ] [ 0 ] [ 1732 1905 1821 ] [   17    5    9 ] [   9298   6010  10213 ] [ 0 ],1.00,1.00,1.00,1.00,23.62,-2.46,0.00,0.00,0.00,0.00,0.00,0.00,-0.00,0.00,0.00,0.00,0.00,0.00,0.00,0.00,0.00,0
17.4892,24,-2,268,0,DRIVE [ 16 ] [ 1 ] [ 1731 1905 1821 ] [    0    0    0 ] [      0      0      0 ] [ 0 ],drive [ 16 ] [ 0 ] [ 1732 1905 1821 ] [   17    5    9 ] [   9298   6010  10213 ] [ 0 ],1.00,1.00,1.00,1.00,23.56,-2.42,0.00,0.00,0.00,0.00,0.00,0.00,-0.00,0.00,0.00,0.00,0.00,0.00,0.00,0.00,0.00,0
17.5015,24,-2,267,0,DRIVE [ 17 ] [ 1 ] [ 1731 1905 1821 ] [    0    0    0 ] [      0      0      0 ] [ 0 ],drive [ 16 ] [ 0 ] [ 1731 1905 1821 ] [   17    5    9 ] [   9299   6036  10213 ] [ 0 ],1.00,1.00,1.00,1.00,23.51,-2.36,0.00,0.00,0.00,0.00,0.00,0.00,-0.00,0.00,0.00,0.00,0.00,0.00,0.00,0.00,0.00,0
17.5157,24,-2,267,0,DRIVE [ 17 ] [ 1 ] [ 1730 1905 1821 ] [    0    0    0 ] [      0      0      0 ] [ 0 ],drive [ 17 ] [ 0 ] [ 1731 1905 1821 ] [   19   24    9 ] [   9299   6036  10213 ] [ 0 ],1.00,1.00,1.00,1.00,23.58,-2.32,0.00,0.00,0.00,0.00,0.00,0.00,-0.00,0.00,0.00,0.00,0.00,0.00,0.00,0.00,0.00,0
17.528,24,-2,267,0,DRIVE [ 18 ] [ 1 ] [ 1729 1905 1820 ] [    0    0    0 ] [      0      0      0 ] [ 0 ],drive [ 17 ] [ 0 ] [ 1730 1905 1821 ] [   19   24    9 ] [   9299   6036  10213 ] [ 0 ],1.00,1.00,1.00,1.00,23.68,-2.32,0.00,0.00,0.00,0.00,0.00,0.00,-0.00,0.00,0.00,0.00,0.00,0.00,0.00,0.00,0.00,0
17.5395,24,-2,267,0,DRIVE [ 18 ] [ 1 ] [ 1728 1905 1820 ] [    0    0    0 ] [      0      0      0 ] [ 0 ],drive [ 18 ] [ 0 ] [ 1729 1905 1820 ] [   19   24    9 ] [   9299   6036  10213 ] [ 0 ],1.00,1.00,1.00,1.00,23.88,-2.35,0.00,0.00,0.00,0.00,0.00,0.00,-0.00,0.00,0.00,0.00,0.00,0.00,0.00,0.00,0.00,0
17.5517,24,-2,266,0,DRIVE [ 19 ] [ 1 ] [ 1726 1905 1819 ] [    0    0    0 ] [      0      0      0 ] [ 0 ],drive [ 18 ] [ 0 ] [ 1728 1905 1820 ] [   19   24    9 ] [   9300   6081  10212 ] [ 0 ],1.00,1.00,1.00,1.00,24.02,-2.36,0.00,0.00,0.00,0.00,0.00,0.00,-0.00,0.00,0.00,0.00,0.00,0.00,0.00,0.00,0.00,0
17.5636,24,-2,267,0,DRIVE [ 19 ] [ 1 ] [ 1724 1905 1818 ] [    0    0    0 ] [      0      0      0 ] [ 0 ],drive [ 19 ] [ 0 ] [ 1726 1905 1819 ] [   20    7   10 ] [   9300   6081  10212 ] [ 0 ],1.00,1.00,1.00,1.00,24.42,-2.48,0.00,0.00,0.00,0.00,0.00,0.00,-0.00,0.00,0.00,0.00,0.00,0.00,0.00,0.00,0.00,0
17.5757,25,-3,267,0,DRIVE [ 20 ] [ 1 ] [ 1722 1905 1816 ] [    0    0    0 ] [      0      0      0 ] [ 0 ],drive [ 19 ] [ 0 ] [ 1724 1905 1818 ] [   20    7   10 ] [   9300   6081  10212 ] [ 0 ],1.00,1.00,1.00,1.00,24.73,-2.58,0.00,0.00,0.00,0.00,0.00,0.00,-0.00,0.00,0.00,0.00,0.00,0.00,0.00,0.00,0.00,0
17.5874,25,-3,266,0,DRIVE [ 20 ] [ 1 ] [ 1721 1905 1815 ] [    0    0    0 ] [      0      0      0 ] [ 0 ],drive [ 20 ] [ 0 ] [ 1722 1905 1816 ] [   20    7   10 ] [   9300   6081  10212 ] [ 0 ],1.00,1.00,1.00,1.00,24.89,-2.66,0.00,0.00,0.00,0.00,0.00,0.00,-0.00,0.00,0.00,0.00,0.00,0.00,0.00,0.00,0.00,0
17.5998,25,-3,268,0,DRIVE [ 21 ] [ 1 ] [ 1719 1905 1814 ] [    0    0    0 ] [      0      0      0 ] [ 0 ],drive [ 20 ] [ 0 ] [ 1721 1905 1815 ] [   20    7   10 ] [   9301   6085  10212 ] [ 0 ],1.00,1.00,1.00,1.00,25.23,-2.73,0.00,0.00,0.00,0.00,0.00,0.00,-0.00,0.00,0.00,0.00,0.00,0.00,0.00,0.00,0.00,0
17.6121,25,-3,269,0,DRIVE [ 21 ] [ 1 ] [ 1718 1905 1813 ] [    0    0    0 ] [      0      0      0 ] [ 0 ],drive [ 21 ] [ 0 ] [ 1719 1905 1814 ] [   20    5   10 ] [   9301   6085  10212 ] [ 0 ],1.00,1.00,1.00,1.00,25.47,-2.82,0.00,0.00,0.00,0.00,0.00,0.00,-0.00,0.00,0.00,0.00,0.00,0.00,0.00,0.00,0.00,0
17.6243,26,-3,269,0,DRIVE [ 22 ] [ 1 ] [ 1717 1905 1812 ] [    0    0    0 ] [      0      0      0 ] [ 0 ],drive [ 21 ] [ 0 ] [ 1718 1905 1813 ] [   20    5   10 ] [   9301   6085  10212 ] [ 0 ],1.00,1.00,1.00,1.00,25.69,-2.86,0.00,0.00,0.00,0.00,0.00,0.00,-0.00,0.00,0.00,0.00,0.00,0.00,0.00,0.00,0.00,0
17.6359,26,-3,269,0,DRIVE [ 22 ] [ 1 ] [ 1717 1905 1812 ] [    0    0    0 ] [      0      0      0 ] [ 0 ],drive [ 22 ] [ 0 ] [ 1717 1905 1812 ] [   20    5   10 ] [   9301   6085  10212 ] [ 0 ],1.00,1.00,1.00,1.00,25.80,-2.88,0.00,0.00,0.00,0.00,0.00,0.00,-0.00,0.00,0.00,0.00,0.00,0.00,0.00,0.00,0.00,0
17.6502,26,-3,269,0,DRIVE [ 23 ] [ 1 ] [ 1716 1905 1811 ] [    0    0    0 ] [      0      0      0 ] [ 0 ],drive [ 22 ] [ 0 ] [ 1717 1905 1812 ] [   20    5   10 ] [   9302   6085  10213 ] [ 0 ],1.00,1.00,1.00,1.00,25.86,-2.95,0.00,0.00,0.00,0.00,0.00,0.00,-0.00,0.00,0.00,0.00,0.00,0.00,0.00,0.00,0.00,0
17.6625,26,-3,269,0,DRIVE [ 23 ] [ 1 ] [ 1716 1905 1811 ] [    0    0    0 ] [      0      0      0 ] [ 0 ],drive [ 23 ] [ 0 ] [ 1716 1905 1811 ] [   21    3   10 ] [   9302   6085  10213 ] [ 0 ],1.00,1.00,1.00,1.00,25.88,-2.93,0.00,0.00,0.00,0.00,0.00,0.00,-0.00,0.00,0.00,0.00,0.00,0.00,0.00,0.00,0.00,0
17.6761,26,-3,270,0,DRIVE [ 24 ] [ 1 ] [ 1716 1905 1811 ] [    0    0    0 ] [      0      0      0 ] [ 0 ],drive [ 23 ] [ 0 ] [ 1716 1905 1811 ] [   21    3   10 ] [   9302   6085  10213 ] [ 0 ],1.00,1.00,1.00,1.00,25.95,-2.93,0.00,0.00,0.00,0.00,0.00,0.00,-0.00,0.00,0.00,0.00,0.00,0.00,0.00,0.00,0.00,0
17.6913,26,-3,269,0,DRIVE [ 24 ] [ 1 ] [ 1717 1905 1811 ] [    0    0    0 ] [      0      0      0 ] [ 0 ],drive [ 24 ] [ 0 ] [ 1716 1905 1811 ] [   21    3   10 ] [   9302   6085  10213 ] [ 0 ],1.00,1.00,1.00,1.00,25.88,-3.04,0.00,0.00,0.00,0.00,0.00,0.00,-0.00,0.00,0.00,0.00,0.00,0.00,0.00,0.00,0.00,0
17.703,26,-3,269,0,DRIVE [ 25 ] [ 1 ] [ 1718 1905 1810 ] [    0    0    0 ] [      0      0      0 ] [ 0 ],drive [ 24 ] [ 0 ] [ 1717 1905 1811 ] [   21    3   10 ] [   9310   6131  10208 ] [ 0 ],1.00,1.00,1.00,1.00,25.82,-3.23,0.00,0.00,0.00,0.00,0.00,0.00,-0.00,0.00,0.00,0.00,0.00,0.00,0.00,0.00,0.00,0
17.7153,26,-3,269,0,DRIVE [ 25 ] [ 1 ] [ 1719 1905 1809 ] [    0    0    0 ] [      0      0      0 ] [ 0 ],drive [ 25 ] [ 0 ] [ 1718 1905 1810 ] [   28   23   12 ] [   9310   6131  10208 ] [ 0 ],1.00,1.00,1.00,1.00,25.85,-3.45,0.00,0.00,0.00,0.00,0.00,0.00,-0.00,0.00,0.00,0.00,0.00,0.00,0.00,0.00,0.00,0
17.7269,26,-4,270,0,DRIVE [ 26 ] [ 1 ] [ 1720 1905 1807 ] [    0    0    0 ] [      0      0      0 ] [ 0 ],drive [ 25 ] [ 0 ] [ 1719 1905 1809 ] [   28   23   12 ] [   9310   6131  10208 ] [ 0 ],1.00,1.00,1.00,1.00,25.86,-3.72,0.00,0.00,0.00,0.00,0.00,0.00,-0.00,0.00,0.00,0.00,0.00,0.00,0.00,0.00,0.00,0
17.7386,26,-4,270,0,DRIVE [ 26 ] [ 1 ] [ 1720 1905 1806 ] [    0    0    0 ] [      0      0      0 ] [ 0 ],drive [ 26 ] [ 0 ] [ 1720 1905 1807 ] [   28   23   12 ] [   9310   6131  10208 ] [ 0 ],1.00,1.00,1.00,1.00,25.92,-3.95,0.00,0.00,0.00,0.00,0.00,0.00,-0.00,0.00,0.00,0.00,0.00,0.00,0.00,0.00,0.00,0
17.7509,26,-4,269,0,DRIVE [ 27 ] [ 1 ] [ 1720 1905 1805 ] [    0    0    0 ] [      0      0      0 ] [ 0 ],drive [ 26 ] [ 0 ] [ 1720 1905 1806 ] [   28   23   12 ] [   9324   6198  10208 ] [ 0 ],1.00,1.00,1.00,1.00,25.88,-4.07,0.00,0.00,0.00,0.00,0.00,0.00,-0.00,0.00,0.00,0.00,0.00,0.00,0.00,0.00,0.00,0
17.7635,26,-4,269,0,DRIVE [ 27 ] [ 1 ] [ 1721 1905 1804 ] [    0    0    0 ] [      0      0      0 ] [ 0 ],drive [ 27 ] [ 0 ] [ 1720 1905 1805 ] [   32   12   11 ] [   9324   6198  10208 ] [ 0 ],1.00,1.00,1.00,1.00,25.95,-4.27,0.00,0.00,0.00,0.00,0.00,0.00,-0.00,0.00,0.00,0.00,0.00,0.00,0.00,0.00,0.00,0
17.7758,26,-4,269,0,DRIVE [ 28 ] [ 1 ] [ 1721 1905 1803 ] [    0    0    0 ] [      0      0      0 ] [ 0 ],drive [ 27 ] [ 0 ] [ 1721 1905 1804 ] [   32   12   11 ] [   9324   6198  10208 ] [ 0 ],1.00,1.00,1.00,1.00,26.05,-4.44,0.00,0.00,0.00,0.00,0.00,0.00,-0.00,0.00,0.00,0.00,0.00,0.00,0.00,0.00,0.00,0
17.7888,26,-5,269,0,DRIVE [ 28 ] [ 1 ] [ 1720 1905 1802 ] [    0    0    0 ] [      0      0      0 ] [ 0 ],drive [ 28 ] [ 0 ] [ 1721 1905 1803 ] [   32   12   11 ] [   9324   6198  10208 ] [ 0 ],1.00,1.00,1.00,1.00,26.12,-4.51,0.00,0.00,0.00,0.00,0.00,0.00,-0.00,0.00,0.00,0.00,0.00,0.00,0.00,0.00,0.00,0
17.8006,26,-4,268,0,DRIVE [ 29 ] [ 1 ] [ 1719 1905 1802 ] [    0    0    0 ] [      0      0      0 ] [ 0 ],drive [ 28 ] [ 0 ] [ 1720 1905 1802 ] [   32   12   11 ] [   9324   6198  10210 ] [ 0 ],1.00,1.00,1.00,1.00,26.12,-4.46,0.00,0.00,0.00,0.00,0.00,0.00,-0.00,0.00,0.00,0.00,0.00,0.00,0.00,0.00,0.00,0
17.813,26,-4,267,0,DRIVE [ 29 ] [ 1 ] [ 1718 1905 1802 ] [    0    0    0 ] [      0      0      0 ] [ 0 ],drive [ 29 ] [ 0 ] [ 1719 1905 1802 ] [   32   12   12 ] [   9324   6198  10210 ] [ 0 ],1.00,1.00,1.00,1.00,26.14,-4.40,0.00,0.00,0.00,0.00,0.00,0.00,-0.00,0.00,0.00,0.00,0.00,0.00,0.00,0.00,0.00,0
17.8254,26,-4,268,0,DRIVE [ 30 ] [ 1 ] [ 1718 1905 1801 ] [    0    0    0 ] [      0      0      0 ] [ 0 ],drive [ 29 ] [ 0 ] [ 1718 1905 1802 ] [   32   12   12 ] [   9324   6198  10210 ] [ 0 ],1.00,1.00,1.00,1.00,26.37,-4.43,0.00,0.00,0.00,0.00,0.00,0.00,-0.00,0.00,0.00,0.00,0.00,0.00,0.00,0.00,0.00,0
17.8372,26,-4,268,0,DRIVE [ 30 ] [ 1 ] [ 1717 1905 1801 ] [    0    0    0 ] [      0      0      0 ] [ 0 ],drive [ 30 ] [ 0 ] [ 1718 1905 1801 ] [   32   12   12 ] [   9324   6198  10210 ] [ 0 ],1.00,1.00,1.00,1.00,26.47,-4.49,0.00,0.00,0.00,0.00,0.00,0.00,-0.00,0.00,0.00,0.00,0.00,0.00,0.00,0.00,0.00,0
17.8494,27,-5,268,0,DRIVE [ 31 ] [ 1 ] [ 1716 1905 1800 ] [    0    0    0 ] [      0      0      0 ] [ 0 ],drive [ 30 ] [ 0 ] [ 1717 1905 1801 ] [   32   12   12 ] [   9324   6198  10211 ] [ 0 ],1.00,1.00,1.00,1.00,26.58,-4.56,0.00,0.00,0.00,0.00,0.00,0.00,-0.00,0.00,0.00,0.00,0.00,0.00,0.00,0.00,0.00,0
17.8617,27,-5,268,0,DRIVE [ 31 ] [ 1 ] [ 1716 1905 1799 ] [    0    0    0 ] [      0      0      0 ] [ 0 ],drive [ 31 ] [ 0 ] [ 1716 1905 1800 ] [   32   12   11 ] [   9324   6198  10211 ] [ 0 ],1.00,1.00,1.00,1.00,26.67,-4.64,0.00,0.00,0.00,0.00,0.00,0.00,-0.00,0.00,0.00,0.00,0.00,0.00,0.00,0.00,0.00,0
17.8734,27,-5,267,0,DRIVE [ 32 ] [ 1 ] [ 1715 1905 1799 ] [    0    0    0 ] [      0      0      0 ] [ 0 ],drive [ 31 ] [ 0 ] [ 1716 1905 1799 ] [   32   12   11 ] [   9324   6198  10211 ] [ 0 ],1.00,1.00,1.00,1.00,26.67,-4.67,0.00,0.00,0.00,0.00,0.00,0.00,-0.00,0.00,0.00,0.00,0.00,0.00,0.00,0.00,0.00,0
17.8858,27,-5,267,0,DRIVE [ 32 ] [ 1 ] [ 1716 1905 1798 ] [    0    0    0 ] [      0      0      0 ] [ 0 ],drive [ 32 ] [ 0 ] [ 1715 1905 1799 ] [   32   12   11 ] [   9324   6198  10211 ] [ 0 ],1.00,1.00,1.00,1.00,26.71,-4.77,0.00,0.00,0.00,0.00,0.00,0.00,-0.00,0.00,0.00,0.00,0.00,0.00,0.00,0.00,0.00,0
17.8978,27,-5,267,0,DRIVE [ 33 ] [ 1 ] [ 1715 1905 1798 ] [    0    0    0 ] [      0      0      0 ] [ 0 ],drive [ 32 ] [ 0 ] [ 1716 1905 1798 ] [   32   12   11 ] [   9324   6198  10211 ] [ 0 ],1.00,1.00,1.00,1.00,26.71,-4.80,0.00,0.00,0.00,0.00,0.00,0.00,-0.00,0.00,0.00,0.00,0.00,0.00,0.00,0.00,0.00,0
17.9098,27,-5,268,0,DRIVE [ 33 ] [ 1 ] [ 1717 1905 1798 ] [    0    0    0 ] [      0      0      0 ] [ 0 ],drive [ 33 ] [ 0 ] [ 1715 1905 1798 ] [   32   12   11 ] [   9324   6198  10211 ] [ 0 ],1.00,1.00,1.00,1.00,26.69,-4.91,0.00,0.00,0.00,0.00,0.00,0.00,-0.00,0.00,0.00,0.00,0.00,0.00,0.00,0.00,0.00,0
17.9221,27,-5,268,0,DRIVE [ 34 ] [ 1 ] [ 1717 1905 1797 ] [    0    0    0 ] [      0      0      0 ] [ 0 ],drive [ 33 ] [ 0 ] [ 1717 1905 1798 ] [   32   12   11 ] [   9324   6198  10211 ] [ 0 ],1.00,1.00,1.00,1.00,26.66,-4.98,0.00,0.00,0.00,0.00,0.00,0.00,-0.00,0.00,0.00,0.00,0.00,0.00,0.00,0.00,0.00,0
17.9338,26,-5,268,0,DRIVE [ 34 ] [ 1 ] [ 1718 1905 1798 ] [    0    0    0 ] [      0      0      0 ] [ 0 ],drive [ 34 ] [ 0 ] [ 1717 1905 1797 ] [   32   12   11 ] [   9324   6198  10211 ] [ 0 ],1.00,1.00,1.00,1.00,26.49,-4.98,0.00,0.00,0.00,0.00,0.00,0.00,-0.00,0.00,0.00,0.00,0.00,0.00,0.00,0.00,0.00,0
17.9461,26,-5,268,0,DRIVE [ 35 ] [ 1 ] [ 1719 1905 1798 ] [    0    0    0 ] [      0      0      0 ] [ 0 ],drive [ 34 ] [ 0 ] [ 1718 1905 1798 ] [   32   12   11 ] [   9324   6198  10211 ] [ 0 ],1.00,1.00,1.00,1.00,26.40,-5.01,0.00,0.00,0.00,0.00,0.00,0.00,-0.00,0.00,0.00,0.00,0.00,0.00,0.00,0.00,0.00,0
17.9581,26,-5,268,0,DRIVE [ 35 ] [ 1 ] [ 1720 1905 1798 ] [    0    0    0 ] [      0      0      0 ] [ 0 ],drive [ 35 ] [ 0 ] [ 1719 1905 1798 ] [   32   12   11 ] [   9324   6198  10211 ] [ 0 ],1.00,1.00,1.00,1.00,26.37,-4.98,0.00,0.00,0.00,0.00,0.00,0.00,-0.00,0.00,0.00,0.00,0.00,0.00,0.00,0.00,0.00,0
17.9699,26,-5,269,0,DRIVE [ 36 ] [ 1 ] [ 1720 1905 1799 ] [    0    0    0 ] [      0      0      0 ] [ 0 ],drive [ 35 ] [ 0 ] [ 1720 1905 1798 ] [   32   12   11 ] [   9324   6198  10211 ] [ 0 ],1.00,1.00,1.00,1.00,26.33,-4.91,0.00,0.00,0.00,0.00,0.00,0.00,-0.00,0.00,0.00,0.00,0.00,0.00,0.00,0.00,0.00,0
17.982,26,-5,269,0,DRIVE [ 36 ] [ 1 ] [ 1720 1905 1800 ] [    0    0    0 ] [      0      0      0 ] [ 0 ],drive [ 36 ] [ 0 ] [ 1720 1905 1799 ] [   32   12   11 ] [   9324   6198  10211 ] [ 0 ],1.00,1.00,1.00,1.00,26.29,-4.86,0.00,0.00,0.00,0.00,0.00,0.00,-0.00,0.00,0.00,0.00,0.00,0.00,0.00,0.00,0.00,0
17.9939,26,-5,269,0,DRIVE [ 37 ] [ 1 ] [ 1721 1905 1800 ] [    0    0    0 ] [      0      0      0 ] [ 0 ],drive [ 36 ] [ 0 ] [ 1720 1905 1800 ] [   32   12   11 ] [   9324   6198  10212 ] [ 0 ],1.00,1.00,1.00,1.00,26.21,-4.81,0.00,0.00,0.00,0.00,0.00,0.00,-0.00,0.00,0.00,0.00,0.00,0.00,0.00,0.00,0.00,0
18.0054,26,-5,269,0,DRIVE [ 37 ] [ 1 ] [ 1721 1905 1800 ] [    0    0    0 ] [      0      0      0 ] [ 0 ],drive [ 37 ] [ 0 ] [ 1721 1905 1800 ] [   32   12   11 ] [   9324   6198  10212 ] [ 0 ],1.00,1.00,1.00,1.00,26.16,-4.78,0.00,0.00,0.00,0.00,0.00,0.00,-0.00,0.00,0.00,0.00,0.00,0.00,0.00,0.00,0.00,0
18.0175,26,-5,270,0,DRIVE [ 38 ] [ 1 ] [ 1721 1905 1801 ] [    0    0    0 ] [      0      0      0 ] [ 0 ],drive [ 37 ] [ 0 ] [ 1721 1905 1800 ] [   31   12   11 ] [   9324   6198  10212 ] [ 0 ],1.00,1.00,1.00,1.00,26.18,-4.76,0.00,0.00,0.00,0.00,0.00,0.00,-0.00,0.00,0.00,0.00,0.00,0.00,0.00,0.00,0.00,0
18.0297,26,-5,270,0,DRIVE [ 38 ] [ 1 ] [ 1721 1905 1801 ] [    0    0    0 ] [      0      0      0 ] [ 0 ],drive [ 38 ] [ 0 ] [ 1721 1905 1801 ] [   31   12   11 ] [   9324   6198  10212 ] [ 0 ],1.00,1.00,1.00,1.00,26.17,-4.75,0.00,0.00,0.00,0.00,0.00,0.00,-0.00,0.00,0.00,0.00,0.00,0.00,0.00,0.00,0.00,0
18.0419,26,-5,270,0,DRIVE [ 39 ] [ 1 ] [ 1721 1905 1801 ] [    0    0    0 ] [      0      0      0 ] [ 0 ],drive [ 38 ] [ 0 ] [ 1721 1905 1801 ] [   31   12   11 ] [   9324   6198  10212 ] [ 0 ],1.00,1.00,1.00,1.00,26.18,-4.76,0.00,0.00,0.00,0.00,0.00,0.00,-0.00,0.00,0.00,0.00,0.00,0.00,0.00,0.00,0.00,0
18.0534,26,-5,269,0,DRIVE [ 39 ] [ 1 ] [ 1721 1905 1801 ] [    0    0    0 ] [      0      0      0 ] [ 0 ],drive [ 39 ] [ 0 ] [ 1721 1905 1801 ] [   31   12   11 ] [   9324   6198  10212 ] [ 0 ],1.00,1.00,1.00,1.00,26.18,-4.75,0.00,0.00,0.00,0.00,0.00,0.00,-0.00,0.00,0.00,0.00,0.00,0.00,0.00,0.00,0.00,0
18.0656,26,-5,269,0,DRIVE [ 40 ] [ 1 ] [ 1721 1905 1801 ] [    0    0    0 ] [      0      0      0 ] [ 0 ],drive [ 39 ] [ 0 ] [ 1721 1905 1801 ] [   31   12   11 ] [   9324   6198  10212 ] [ 0 ],1.00,1.00,1.00,1.00,26.18,-4.74,0.00,0.00,0.00,0.00,0.00,0.00,-0.00,0.00,0.00,0.00,0.00,0.00,0.00,0.00,0.00,0
18.0778,26,-5,269,0,DRIVE [ 40 ] [ 1 ] [ 1721 1905 1800 ] [    0    0    0 ] [      0      0      0 ] [ 0 ],drive [ 40 ] [ 0 ] [ 1721 1905 1801 ] [   31   12   11 ] [   9324   6198  10212 ] [ 0 ],1.00,1.00,1.00,1.00,26.20,-4.81,0.00,0.00,0.00,0.00,0.00,0.00,-0.00,0.00,0.00,0.00,0.00,0.00,0.00,0.00,0.00,0
18.0898,26,-5,270,0,DRIVE [ 41 ] [ 1 ] [ 1721 1905 1800 ] [    0    0    0 ] [      0      0      0 ] [ 0 ],drive [ 40 ] [ 0 ] [ 1721 1905 1800 ] [   31   12   11 ] [   9324   6198  10212 ] [ 0 ],1.00,1.00,1.00,1.00,26.28,-4.84,0.00,0.00,0.00,0.00,0.00,0.00,-0.00,0.00,0.00,0.00,0.00,0.00,0.00,0.00,0.00,0
18.1013,26,-5,270,0,DRIVE [ 41 ] [ 1 ] [ 1721 1905 1800 ] [    0    0    0 ] [      0      0      0 ] [ 0 ],drive [ 41 ] [ 0 ] [ 1721 1905 1800 ] [   31   12   11 ] [   9324   6198  10212 ] [ 0 ],1.00,1.00,1.00,1.00,26.32,-4.89,0.00,0.00,0.00,0.00,0.00,0.00,-0.00,0.00,0.00,0.00,0.00,0.00,0.00,0.00,0.00,0
18.1135,26,-5,270,0,DRIVE [ 42 ] [ 1 ] [ 1722 1905 1800 ] [    0    0    0 ] [      0      0      0 ] [ 0 ],drive [ 41 ] [ 0 ] [ 1721 1905 1800 ] [   32   12   10 ] [   9324   6198  10212 ] [ 0 ],1.00,1.00,1.00,1.00,26.31,-4.95,0.00,0.00,0.00,0.00,0.00,0.00,-0.00,0.00,0.00,0.00,0.00,0.00,0.00,0.00,0.00,0
18.1256,26,-5,271,0,DRIVE [ 42 ] [ 1 ] [ 1722 1905 1799 ] [    0    0    0 ] [      0      0      0 ] [ 0 ],drive [ 42 ] [ 0 ] [ 1722 1905 1800 ] [   32   12   10 ] [   9324   6198  10212 ] [ 0 ],1.00,1.00,1.00,1.00,26.31,-4.99,0.00,0.00,0.00,0.00,0.00,0.00,-0.00,0.00,0.00,0.00,0.00,0.00,0.00,0.00,0.00,0
18.137,26,-5,271,0,DRIVE [ 43 ] [ 1 ] [ 1722 1905 1799 ] [    0    0    0 ] [      0      0      0 ] [ 0 ],drive [ 42 ] [ 0 ] [ 1722 1905 1799 ] [   32   12   10 ] [   9324   6198  10212 ] [ 0 ],1.00,1.00,1.00,1.00,26.34,-4.99,0.00,0.00,0.00,0.00,0.00,0.00,-0.00,0.00,0.00,0.00,0.00,0.00,0.00,0.00,0.00,0
18.1495,26,-5,270,0,DRIVE [ 43 ] [ 1 ] [ 1721 1905 1800 ] [    0    0    0 ] [      0      0      0 ] [ 0 ],drive [ 43 ] [ 0 ] [ 1722 1905 1799 ] [   32   12   10 ] [   9323   6198  10215 ] [ 0 ],1.00,1.00,1.00,1.00,26.29,-4.92,0.00,0.00,0.00,0.00,0.00,0.00,-0.00,0.00,0.00,0.00,0.00,0.00,0.00,0.00,0.00,0
18.1617,26,-5,270,0,DRIVE [ 44 ] [ 1 ] [ 1721 1905 1800 ] [    0    0    0 ] [      0      0      0 ] [ 0 ],drive [ 43 ] [ 0 ] [ 1721 1905 1800 ] [   31   12   10 ] [   9323   6198  10215 ] [ 0 ],1.00,1.00,1.00,1.00,26.31,-4.90,0.00,0.00,0.00,0.00,0.00,0.00,-0.00,0.00,0.00,0.00,0.00,0.00,0.00,0.00,0.00,0
18.1738,26,-5,270,0,DRIVE [ 44 ] [ 1 ] [ 1721 1905 1800 ] [    0    0    0 ] [      0      0      0 ] [ 0 ],drive [ 44 ] [ 0 ] [ 1721 1905 1800 ] [   31   12   10 ] [   9323   6198  10215 ] [ 0 ],1.00,1.00,1.00,1.00,26.30,-4.87,0.00,0.00,0.00,0.00,0.00,0.00,-0.00,0.00,0.00,0.00,0.00,0.00,0.00,0.00,0.00,0
18.1856,26,-5,270,0,DRIVE [ 45 ] [ 1 ] [ 1721 1905 1800 ] [    0    0    0 ] [      0      0      0 ] [ 0 ],drive [ 44 ] [ 0 ] [ 1721 1905 1800 ] [   31   12   10 ] [   9323   6198  10215 ] [ 0 ],1.00,1.00,1.00,1.00,26.31,-4.85,0.00,0.00,0.00,0.00,0.00,0.00,-0.00,0.00,0.00,0.00,0.00,0.00,0.00,0.00,0.00,0
18.198,26,-5,270,0,DRIVE [ 45 ] [ 1 ] [ 1721 1905 1800 ] [    0    0    0 ] [      0      0      0 ] [ 0 ],drive [ 45 ] [ 0 ] [ 1721 1905 1800 ] [   31   12   10 ] [   9324   6198  10215 ] [ 0 ],1.00,1.00,1.00,1.00,26.26,-4.80,0.00,0.00,0.00,0.00,0.00,0.00,-0.00,0.00,0.00,0.00,0.00,0.00,0.00,0.00,0.00,0
18.2103,26,-5,270,0,DRIVE [ 46 ] [ 1 ] [ 1721 1905 1801 ] [    0    0    0 ] [      0      0      0 ] [ 0 ],drive [ 45 ] [ 0 ] [ 1721 1905 1800 ] [   32   12   10 ] [   9324   6198  10215 ] [ 0 ],1.00,1.00,1.00,1.00,26.16,-4.77,0.00,0.00,0.00,0.00,0.00,0.00,-0.00,0.00,0.00,0.00,0.00,0.00,0.00,0.00,0.00,0
18.2226,26,-5,269,0,DRIVE [ 46 ] [ 1 ] [ 1722 1905 1801 ] [    0    0    0 ] [      0      0      0 ] [ 0 ],drive [ 46 ] [ 0 ] [ 1721 1905 1801 ] [   32   12   10 ] [   9324   6198  10215 ] [ 0 ],1.00,1.00,1.00,1.00,26.11,-4.74,0.00,0.00,0.00,0.00,0.00,0.00,-0.00,0.00,0.00,0.00,0.00,0.00,-0.00,0.00,0.00,0
18.2345,26,-5,268,0,DRIVE [ 47 ] [ 1 ] [ 1722 1905 1802 ] [    0    0    0 ] [      0      0      0 ] [ 0 ],drive [ 46 ] [ 0 ] [ 1722 1905 1801 ] [   32   12   10 ] [   9324   6198  10215 ] [ 0 ],1.00,1.00,1.00,1.00,25.93,-4.60,0.00,0.00,0.00,0.00,0.00,0.00,-0.00,0.00,0.00,0.00,0.00,0.00,-0.00,0.00,0.00,0
18.2468,26,-5,269,0,DRIVE [ 47 ] [ 1 ] [ 1721 1905 1802 ] [    0    0    0 ] [      0      0      0 ] [ 0 ],drive [ 47 ] [ 0 ] [ 1722 1905 1802 ] [   32   12   10 ] [   9323   6198  10215 ] [ 0 ],1.00,1.00,1.00,1.00,26.01,-4.51,0.00,0.00,0.00,0.00,0.00,0.00,-0.00,0.00,0.00,0.00,0.00,0.00,-0.00,0.00,0.00,0
18.259,26,-4,269,0,DRIVE [ 48 ] [ 1 ] [ 1721 1905 1803 ] [    0    0    0 ] [      0      0      0 ] [ 0 ],drive [ 47 ] [ 0 ] [ 1721 1905 1802 ] [   32   12   10 ] [   9323   6198  10215 ] [ 0 ],1.00,1.00,1.00,1.00,26.00,-4.45,0.00,0.00,0.00,0.00,0.00,0.00,-0.00,0.00,0.00,0.00,0.00,0.00,-0.00,0.00,0.00,0
18.2706,26,-4,269,0,DRIVE [ 48 ] [ 1 ] [ 1721 1905 1803 ] [    0    0    0 ] [      0      0      0 ] [ 0 ],drive [ 48 ] [ 0 ] [ 1721 1905 1803 ] [   32   12   10 ] [   9323   6198  10215 ] [ 0 ],1.00,1.00,1.00,1.00,25.99,-4.39,0.00,0.00,0.00,0.00,0.00,0.00,-0.00,0.00,0.00,0.00,0.00,0.00,-0.00,0.00,0.00,0
18.2828,26,-4,269,0,DRIVE [ 49 ] [ 1 ] [ 1721 1905 1803 ] [    0    0    0 ] [      0      0      0 ] [ 0 ],drive [ 48 ] [ 0 ] [ 1721 1905 1803 ] [   32   12   10 ] [   9323   6198  10215 ] [ 0 ],1.00,1.00,1.00,1.00,25.99,-4.32,0.00,0.00,0.00,0.00,0.00,0.00,-0.00,0.00,0.00,0.00,0.00,0.00,-0.00,0.00,0.00,0
18.2947,26,-4,269,0,DRIVE [ 49 ] [ 1 ] [ 1720 1905 1804 ] [    0    0    0 ] [      0      0      0 ] [ 0 ],drive [ 49 ] [ 0 ] [ 1721 1905 1803 ] [   32   12   10 ] [   9323   6198  10215 ] [ 0 ],1.00,1.00,1.00,1.00,26.00,-4.29,0.00,0.00,0.00,0.00,0.00,0.00,-0.00,0.00,0.00,0.00,0.00,0.00,-0.00,0.00,0.00,0
18.3069,26,-4,269,0,DRIVE [ 50 ] [ 1 ] [ 1720 1905 1804 ] [    0    0    0 ] [      0      0      0 ] [ 0 ],drive [ 49 ] [ 0 ] [ 1720 1905 1804 ] [   32   12   10 ] [   9323   6198  10215 ] [ 0 ],1.00,1.00,1.00,1.00,26.02,-4.27,0.00,0.00,0.00,0.00,0.00,0.00,-0.00,0.00,0.00,0.00,0.00,0.00,-0.00,0.00,0.00,0
18.3186,26,-4,269,0,DRIVE [ 50 ] [ 1 ] [ 1721 1905 1804 ] [    0    0    0 ] [      0      0      0 ] [ 0 ],drive [ 50 ] [ 0 ] [ 1720 1905 1804 ] [   31   12    9 ] [   9323   6198  10215 ] [ 0 ],1.00,1.00,1.00,1.00,25.92,-4.22,0.00,0.00,0.00,0.00,0.00,0.00,-0.00,0.00,0.00,0.00,0.00,0.00,-0.00,0.00,0.00,0
18.3307,26,-4,269,0,DRIVE [ 51 ] [ 1 ] [ 1721 1905 1804 ] [    0    0    0 ] [      0      0      0 ] [ 0 ],drive [ 50 ] [ 0 ] [ 1721 1905 1804 ] [   31   12    9 ] [   9323   6198  10215 ] [ 0 ],1.00,1.00,1.00,1.00,25.94,-4.22,0.00,0.00,0.00,0.00,0.00,0.00,-0.00,0.00,0.00,0.00,0.00,0.00,-0.00,0.00,0.00,0
18.343,26,-4,269,0,DRIVE [ 51 ] [ 1 ] [ 1721 1905 1804 ] [    0    0    0 ] [      0      0      0 ] [ 0 ],drive [ 51 ] [ 0 ] [ 1721 1905 1804 ] [   31   12    9 ] [   9324   6198  10215 ] [ 0 ],1.00,1.00,1.00,1.00,25.97,-4.23,0.00,0.00,0.00,0.00,0.00,0.00,-0.00,0.00,0.00,0.00,0.00,0.00,-0.00,0.00,0.00,0
18.3555,26,-4,270,0,DRIVE [ 52 ] [ 1 ] [ 1720 1905 1804 ] [    0    0    0 ] [      0      0      0 ] [ 0 ],drive [ 51 ] [ 0 ] [ 1721 1905 1804 ] [   31   12    9 ] [   9324   6198  10215 ] [ 0 ],1.00,1.00,1.00,1.00,26.06,-4.24,0.00,0.00,0.00,0.00,0.00,0.00,-0.00,0.00,0.00,0.00,0.00,0.00,-0.00,0.00,0.00,0
18.3672,26,-4,270,0,DRIVE [ 52 ] [ 1 ] [ 1720 1905 1804 ] [    0    0    0 ] [      0      0      0 ] [ 0 ],drive [ 52 ] [ 0 ] [ 1720 1905 1804 ] [   32   12   10 ] [   9324   6198  10215 ] [ 0 ],1.00,1.00,1.00,1.00,26.10,-4.27,0.00,0.00,0.00,0.00,0.00,0.00,-0.00,0.00,0.00,0.00,0.00,0.00,0.00,0.00,0.00,0
18.3793,26,-4,270,0,DRIVE [ 53 ] [ 1 ] [ 1720 1905 1803 ] [    0    0    0 ] [      0      0      0 ] [ 0 ],drive [ 52 ] [ 0 ] [ 1720 1905 1804 ] [   32   12   10 ] [   9324   6198  10215 ] [ 0 ],1.00,1.00,1.00,1.00,26.16,-4.30,0.00,0.00,0.00,0.00,0.00,0.00,-0.00,0.00,0.00,0.00,0.00,0.00,0.00,0.00,0.00,0
18.3915,26,-4,270,0,DRIVE [ 53 ] [ 1 ] [ 1720 1905 1803 ] [    0    0    0 ] [      0      0      0 ] [ 0 ],drive [ 53 ] [ 0 ] [ 1720 1905 1803 ] [   32   12   10 ] [   9324   6198  10215 ] [ 0 ],1.00,1.00,1.00,1.00,26.20,-4.30,0.00,0.00,0.00,0.00,0.00,0.00,-0.00,0.00,0.00,0.00,0.00,0.00,0.00,0.00,0.00,0
18.4032,26,-4,269,0,DRIVE [ 54 ] [ 1 ] [ 1720 1905 1803 ] [    0    0    0 ] [      0      0      0 ] [ 0 ],drive [ 53 ] [ 0 ] [ 1720 1905 1803 ] [   32   12   10 ] [   9324   6197  10215 ] [ 0 ],1.00,1.00,1.00,1.00,26.08,-4.31,0.00,0.00,0.00,0.00,0.00,0.00,-0.00,0.00,0.00,0.00,0.00,0.00,-0.00,0.00,0.00,0
18.4155,26,-4,269,0,DRIVE [ 54 ] [ 1 ] [ 1720 1905 1803 ] [    0    0    0 ] [      0      0      0 ] [ 0 ],drive [ 54 ] [ 0 ] [ 1720 1905 1803 ] [   31   12    9 ] [   9324   6197  10215 ] [ 0 ],1.00,1.00,1.00,1.00,26.02,-4.31,0.00,0.00,0.00,0.00,0.00,0.00,-0.00,0.00,0.00,0.00,0.00,0.00,-0.00,0.00,0.00,0
18.4276,26,-4,268,0,DRIVE [ 55 ] [ 1 ] [ 1720 1905 1803 ] [    0    0    0 ] [      0      0      0 ] [ 0 ],drive [ 54 ] [ 0 ] [ 1720 1905 1803 ] [   31   12    9 ] [   9324   6197  10215 ] [ 0 ],1.00,1.00,1.00,1.00,25.94,-4.28,0.00,0.00,0.00,0.00,0.00,0.00,-0.00,0.00,0.00,0.00,0.00,0.00,-0.00,0.00,0.00,0
18.4398,26,-4,267,0,DRIVE [ 55 ] [ 1 ] [ 1721 1905 1803 ] [    0    0    0 ] [      0      0      0 ] [ 0 ],drive [ 55 ] [ 0 ] [ 1720 1905 1803 ] [   31   12    9 ] [   9324   6197  10215 ] [ 0 ],1.00,1.00,1.00,1.00,25.81,-4.34,0.00,0.00,0.00,0.00,0.00,0.00,-0.00,0.00,0.00,0.00,0.00,0.00,-0.00,0.00,0.00,0
18.4513,26,-4,268,0,DRIVE [ 56 ] [ 1 ] [ 1722 1905 1803 ] [    0    0    0 ] [      0      0      0 ] [ 0 ],drive [ 55 ] [ 0 ] [ 1721 1905 1803 ] [   31   12    9 ] [   9323   6194  10232 ] [ 0 ],1.00,1.00,1.00,1.00,25.80,-4.38,0.00,0.00,0.00,0.00,0.00,0.00,-0.00,0.00,0.00,0.00,0.00,0.00,-0.00,0.00,0.00,0
18.4632,26,-4,269,0,DRIVE [ 56 ] [ 1 ] [ 1721 1905 1804 ] [    0    0    0 ] [      0      0      0 ] [ 0 ],drive [ 56 ] [ 0 ] [ 1722 1905 1803 ] [   32   14   10 ] [   9323   6194  10232 ] [ 0 ],1.00,1.00,1.00,1.00,25.82,-4.23,0.00,0.00,0.00,0.00,0.00,0.00,-0.00,0.00,0.00,0.00,0.00,0.00,-0.00,0.00,0.00,0
18.4752,26,-4,268,0,DRIVE [ 57 ] [ 1 ] [ 1721 1905 1806 ] [    0    0    0 ] [      0      0      0 ] [ 0 ],drive [ 56 ] [ 0 ] [ 1721 1905 1804 ] [   32   14   10 ] [   9323   6194  10232 ] [ 0 ],1.00,1.00,1.00,1.00,25.67,-4.03,0.00,0.00,0.00,0.00,0.00,0.00,-0.00,0.00,0.00,0.00,0.00,0.00,-0.00,0.00,0.00,0
18.4869,26,-4,268,0,DRIVE [ 57 ] [ 1 ] [ 1722 1905 1806 ] [    0    0    0 ] [      0      0      0 ] [ 0 ],drive [ 57 ] [ 0 ] [ 1721 1905 1806 ] [   32   14   10 ] [   9323   6194  10232 ] [ 0 ],1.00,1.00,1.00,1.00,25.62,-3.94,0.00,0.00,0.00,0.00,0.00,0.00,-0.00,0.00,0.00,0.00,0.00,0.00,-0.00,0.00,0.00,0
18.4994,26,-4,269,0,DRIVE [ 58 ] [ 1 ] [ 1721 1905 1807 ] [    0    0    0 ] [      0      0      0 ] [ 0 ],drive [ 57 ] [ 0 ] [ 1722 1905 1806 ] [   32   14   10 ] [   9323   6194  10232 ] [ 0 ],1.00,1.00,1.00,1.00,25.69,-3.86,0.00,0.00,0.00,0.00,0.00,0.00,-0.00,0.00,0.00,0.00,0.00,0.00,-0.00,0.00,0.00,0
18.5114,26,-4,270,0,DRIVE [ 58 ] [ 1 ] [ 1721 1905 1807 ] [    0    0    0 ] [      0      0      0 ] [ 0 ],drive [ 58 ] [ 0 ] [ 1721 1905 1807 ] [   32   15   11 ] [   9323   6194  10232 ] [ 0 ],1.00,1.00,1.00,1.00,25.72,-3.81,0.00,0.00,0.00,0.00,0.00,0.00,-0.00,0.00,0.00,0.00,0.00,0.00,-0.00,0.00,0.00,0
18.5234,26,-4,268,0,DRIVE [ 59 ] [ 1 ] [ 1721 1905 1807 ] [    0    0    0 ] [      0      0      0 ] [ 0 ],drive [ 58 ] [ 0 ] [ 1721 1905 1807 ] [   32   15   11 ] [   9323   6194  10232 ] [ 0 ],1.00,1.00,1.00,1.00,25.64,-3.79,0.00,0.00,0.00,0.00,0.00,0.00,-0.00,0.00,0.00,0.00,0.00,0.00,-0.00,0.00,0.00,0
18.5355,26,-4,267,0,DRIVE [ 59 ] [ 1 ] [ 1720 1905 1807 ] [    0    0    0 ] [      0      0      0 ] [ 0 ],drive [ 59 ] [ 0 ] [ 1721 1905 1807 ] [   32   15   11 ] [   9323   6194  10232 ] [ 0 ],1.00,1.00,1.00,1.00,25.59,-3.77,0.00,0.00,0.00,0.00,0.00,0.00,-0.00,0.00,0.00,0.00,0.00,0.00,-0.00,0.00,0.00,0
18.5479,26,-4,268,0,DRIVE [ 60 ] [ 1 ] [ 1720 1905 1807 ] [    0    0    0 ] [      0      0      0 ] [ 0 ],drive [ 59 ] [ 0 ] [ 1720 1905 1807 ] [   32   15   11 ] [   9323   6194  10232 ] [ 0 ],1.00,1.00,1.00,1.00,25.70,-3.78,0.00,0.00,0.00,0.00,0.00,0.00,-0.00,0.00,0.00,0.00,0.00,0.00,-0.00,0.00,0.00,0
18.56,26,-4,268,0,DRIVE [ 60 ] [ 1 ] [ 1719 1905 1807 ] [    0    0    0 ] [      0      0      0 ] [ 0 ],drive [ 60 ] [ 0 ] [ 1720 1905 1807 ] [   32   15   10 ] [   9323   6194  10232 ] [ 0 ],1.00,1.00,1.00,1.00,25.82,-3.79,0.00,0.00,0.00,0.00,0.00,0.00,-0.00,0.00,0.00,0.00,0.00,0.00,-0.00,0.00,0.00,0
18.5719,26,-4,269,0,DRIVE [ 61 ] [ 1 ] [ 1719 1905 1806 ] [    0    0    0 ] [      0      0      0 ] [ 0 ],drive [ 60 ] [ 0 ] [ 1719 1905 1807 ] [   32   15   10 ] [   9323   6194  10232 ] [ 0 ],1.00,1.00,1.00,1.00,25.89,-3.83,0.00,0.00,0.00,0.00,0.00,0.00,-0.00,0.00,0.00,0.00,0.00,0.00,-0.00,0.00,0.00,0
18.5845,26,-4,268,0,DRIVE [ 61 ] [ 1 ] [ 1720 1905 1806 ] [    0    0    0 ] [      0      0      0 ] [ 0 ],drive [ 61 ] [ 0 ] [ 1719 1905 1806 ] [   32   15   10 ] [   9323   6194  10232 ] [ 0 ],1.00,1.00,1.00,1.00,25.82,-3.92,0.00,0.00,0.00,0.00,0.00,0.00,-0.00,0.00,0.00,0.00,0.00,0.00,-0.00,0.00,0.00,0
18.5968,26,-4,268,0,DRIVE [ 62 ] [ 1 ] [ 1720 1905 1805 ] [    0    0    0 ] [      0      0      0 ] [ 0 ],drive [ 61 ] [ 0 ] [ 1720 1905 1806 ] [   32   15   10 ] [   9323   6194  10232 ] [ 0 ],1.00,1.00,1.00,1.00,25.83,-4.03,0.00,0.00,0.00,0.00,0.00,0.00,-0.00,0.00,0.00,0.00,0.00,0.00,-0.00,0.00,0.00,0
18.6091,26,-4,268,0,DRIVE [ 62 ] [ 1 ] [ 1720 1905 1805 ] [    0    0    0 ] [      0      0      0 ] [ 0 ],drive [ 62 ] [ 0 ] [ 1720 1905 1805 ] [   33   15    9 ] [   9323   6194  10232 ] [ 0 ],1.00,1.00,1.00,1.00,25.85,-4.10,0.00,0.00,0.00,0.00,0.00,0.00,-0.00,0.00,0.00,0.00,0.00,0.00,-0.00,0.00,0.00,0
18.6208,26,-4,268,0,DRIVE [ 63 ] [ 1 ] [ 1720 1905 1804 ] [    0    0    0 ] [      0      0      0 ] [ 0 ],drive [ 62 ] [ 0 ] [ 1720 1905 1805 ] [   33   15    9 ] [   9323   6194  10232 ] [ 0 ],1.00,1.00,1.00,1.00,25.90,-4.15,0.00,0.00,0.00,0.00,0.00,0.00,-0.00,0.00,0.00,0.00,0.00,0.00,0.00,0.00,0.00,0
18.6332,26,-4,268,0,DRIVE [ 63 ] [ 1 ] [ 1721 1905 1804 ] [    0    0    0 ] [      0      0      0 ] [ 0 ],drive [ 63 ] [ 0 ] [ 1720 1905 1804 ] [   33   15    9 ] [   9323   6194  10232 ] [ 0 ],1.00,1.00,1.00,1.00,25.90,-4.26,0.00,0.00,0.00,0.00,0.00,0.00,-0.00,0.00,0.00,0.00,0.00,0.00,0.00,0.00,0.00,0
18.6472,26,-4,267,0,DRIVE [ 64 ] [ 1 ] [ 1721 1905 1804 ] [    0    0    0 ] [      0      0      0 ] [ 0 ],drive [ 63 ] [ 0 ] [ 1721 1905 1804 ] [   33   15    9 ] [   9323   6194  10232 ] [ 0 ],1.00,1.00,1.00,1.00,25.78,-4.29,0.00,0.00,0.00,0.00,0.00,0.00,-0.00,0.00,0.00,0.00,0.00,0.00,-0.00,0.00,0.00,0
18.6596,26,-4,268,0,DRIVE [ 64 ] [ 1 ] [ 1722 1905 1803 ] [    0    0    0 ] [      0      0      0 ] [ 0 ],drive [ 64 ] [ 0 ] [ 1721 1905 1804 ] [   32   14   10 ] [   9323   6194  10232 ] [ 0 ],1.00,1.00,1.00,1.00,25.76,-4.41,0.00,0.00,0.00,0.00,0.00,0.00,-0.00,0.00,0.00,0.00,0.00,0.00,-0.00,0.00,0.00,0
18.6716,26,-4,268,0,DRIVE [ 65 ] [ 1 ] [ 1722 1905 1803 ] [    0    0    0 ] [      0      0      0 ] [ 0 ],drive [ 64 ] [ 0 ] [ 1722 1905 1803 ] [   32   14   10 ] [   9323   6194  10232 ] [ 0 ],1.00,1.00,1.00,1.00,25.74,-4.49,0.00,0.00,0.00,0.00,0.00,0.00,-0.00,0.00,0.00,0.00,0.00,0.00,-0.00,0.00,0.00,0
18.684,26,-5,269,0,DRIVE [ 65 ] [ 1 ] [ 1723 1905 1803 ] [    0    0    0 ] [      0      0      0 ] [ 0 ],drive [ 65 ] [ 0 ] [ 1722 1905 1803 ] [   32   14   10 ] [   9323   6194  10232 ] [ 0 ],1.00,1.00,1.00,1.00,25.76,-4.54,0.00,0.00,0.00,0.00,0.00,0.00,-0.00,0.00,0.00,0.00,0.00,0.00,-0.00,0.00,0.00,0
18.6965,26,-5,269,0,DRIVE [ 66 ] [ 1 ] [ 1724 1905 1803 ] [    0    0    0 ] [      0      0      0 ] [ 0 ],drive [ 65 ] [ 0 ] [ 1723 1905 1803 ] [   32   14   10 ] [   9323   6194  10232 ] [ 0 ],1.00,1.00,1.00,1.00,25.71,-4.60,0.00,0.00,0.00,0.00,0.00,0.00,-0.00,0.00,0.00,0.00,0.00,0.00,-0.00,0.00,0.00,0
18.7089,26,-5,269,0,DRIVE [ 66 ] [ 1 ] [ 1725 1905 1803 ] [    0    0    0 ] [      0      0      0 ] [ 0 ],drive [ 66 ] [ 0 ] [ 1724 1905 1803 ] [   32   15   10 ] [   9323   6194  10232 ] [ 0 ],1.00,1.00,1.00,1.00,25.65,-4.65,0.00,0.00,0.00,0.00,0.00,0.00,-0.00,0.00,0.00,0.00,0.00,0.00,-0.00,0.00,0.00,0
18.7227,25,-5,268,0,DRIVE [ 67 ] [ 1 ] [ 1725 1905 1803 ] [    0    0    0 ] [      0      0      0 ] [ 0 ],drive [ 66 ] [ 0 ] [ 1725 1905 1803 ] [   32   15   10 ] [   9323   6194  10232 ] [ 0 ],1.00,1.00,1.00,1.00,25.46,-4.66,0.00,0.00,0.00,0.00,0.00,0.00,-0.00,0.00,0.00,0.00,0.00,0.00,-0.00,0.00,0.00,0
18.7358,25,-5,267,0,DRIVE [ 67 ] [ 1 ] [ 1726 1905 1802 ] [    0    0    0 ] [      0      0      0 ] [ 0 ],drive [ 67 ] [ 0 ] [ 1725 1905 1803 ] [   32   15   10 ] [   9323   6194  10232 ] [ 0 ],1.00,1.00,1.00,1.00,25.34,-4.76,0.00,0.00,0.00,0.00,0.00,0.00,-0.00,0.00,0.00,0.00,0.00,0.00,-0.00,0.00,0.00,0
18.7502,25,-5,266,0,DRIVE [ 68 ] [ 1 ] [ 1726 1905 1802 ] [    0    0    0 ] [      0      0      0 ] [ 0 ],drive [ 67 ] [ 0 ] [ 1726 1905 1802 ] [   32   15   10 ] [   9323   6194  10232 ] [ 0 ],1.00,1.00,1.00,1.00,25.22,-4.74,0.00,0.00,0.00,0.00,0.00,0.00,-0.00,0.00,0.00,0.00,0.00,0.00,-0.00,0.00,0.00,0
18.7627,25,-5,267,0,DRIVE [ 68 ] [ 1 ] [ 1727 1905 1802 ] [    0    0    0 ] [      0      0      0 ] [ 0 ],drive [ 68 ] [ 0 ] [ 1726 1905 1802 ] [   32   15   10 ] [   9323   6194  10232 ] [ 0 ],1.00,1.00,1.00,1.00,25.21,-4.78,0.00,0.00,0.00,0.00,0.00,0.00,-0.00,0.00,0.00,0.00,0.00,0.00,-0.00,0.00,0.00,0
18.775,25,-5,268,0,DRIVE [ 69 ] [ 1 ] [ 1727 1905 1802 ] [    0    0    0 ] [      0      0      0 ] [ 0 ],drive [ 68 ] [ 0 ] [ 1727 1905 1802 ] [   32   15   10 ] [   9323   6194  10232 ] [ 0 ],1.00,1.00,1.00,1.00,25.29,-4.84,0.00,0.00,0.00,0.00,0.00,0.00,-0.00,0.00,0.00,0.00,0.00,0.00,-0.00,0.00,0.00,0
18.7868,25,-5,269,0,DRIVE [ 69 ] [ 1 ] [ 1728 1905 1802 ] [    0    0    0 ] [      0      0      0 ] [ 0 ],drive [ 69 ] [ 0 ] [ 1727 1905 1802 ] [   32   15   10 ] [   9323   6194  10232 ] [ 0 ],1.00,1.00,1.00,1.00,25.32,-4.93,0.00,0.00,0.00,0.00,0.00,0.00,-0.00,0.00,0.00,0.00,0.00,0.00,-0.00,0.00,0.00,0
18.7993,25,-5,270,0,DRIVE [ 70 ] [ 1 ] [ 1729 1905 1802 ] [    0    0    0 ] [      0      0      0 ] [ 0 ],drive [ 69 ] [ 0 ] [ 1728 1905 1802 ] [   32   15   10 ] [   9323   6194  10232 ] [ 0 ],1.00,1.00,1.00,1.00,25.35,-5.02,0.00,0.00,0.00,0.00,0.00,0.00,-0.00,0.00,0.00,0.00,0.00,0.00,-0.00,0.00,0.00,0
18.8115,25,-5,270,0,DRIVE [ 70 ] [ 1 ] [ 1729 1905 1802 ] [    0    0    0 ] [      0      0      0 ] [ 0 ],drive [ 70 ] [ 0 ] [ 1729 1905 1802 ] [   31   14   10 ] [   9323   6194  10232 ] [ 0 ],1.00,1.00,1.00,1.00,25.35,-5.08,0.00,0.00,0.00,0.00,0.00,0.00,-0.00,0.00,0.00,0.00,0.00,0.00,-0.00,0.00,0.00,0
18.8238,25,-5,270,0,DRIVE [ 71 ] [ 1 ] [ 1729 1905 1801 ] [    0    0    0 ] [      0      0      0 ] [ 0 ],drive [ 70 ] [ 0 ] [ 1729 1905 1802 ] [   31   14   10 ] [   9323   6194  10232 ] [ 0 ],1.00,1.00,1.00,1.00,25.31,-5.20,0.00,0.00,0.00,0.00,0.00,0.00,-0.00,0.00,0.00,0.00,0.00,0.00,-0.00,0.00,0.00,0
18.8354,25,-5,269,0,DRIVE [ 71 ] [ 1 ] [ 1729 1905 1800 ] [    0    0    0 ] [      0      0      0 ] [ 0 ],drive [ 71 ] [ 0 ] [ 1729 1905 1801 ] [   31   14   10 ] [   9323   6194  10232 ] [ 0 ],1.00,1.00,1.00,1.00,25.37,-5.30,0.00,0.00,0.00,0.00,0.00,0.00,-0.00,0.00,0.00,0.00,0.00,0.00,-0.00,0.00,0.00,0
18.8477,25,-5,268,0,DRIVE [ 72 ] [ 1 ] [ 1729 1905 1800 ] [    0    0    0 ] [      0      0      0 ] [ 0 ],drive [ 71 ] [ 0 ] [ 1729 1905 1800 ] [   31   14   10 ] [   9323   6194  10232 ] [ 0 ],1.00,1.00,1.00,1.00,25.30,-5.28,0.00,0.00,0.00,0.00,0.00,0.00,-0.00,0.00,0.00,0.00,0.00,0.00,-0.00,0.00,0.00,0
18.8599,25,-5,268,0,DRIVE [ 72 ] [ 1 ] [ 1729 1905 1800 ] [    0    0    0 ] [      0      0      0 ] [ 0 ],drive [ 72 ] [ 0 ] [ 1729 1905 1800 ] [   31   14   10 ] [   9323   6194  10232 ] [ 0 ],1.00,1.00,1.00,1.00,25.38,-5.29,0.00,0.00,0.00,0.00,0.00,0.00,-0.00,0.00,0.00,0.00,0.00,0.00,-0.00,0.00,0.00,0
18.8718,25,-5,269,0,DRIVE [ 73 ] [ 1 ] [ 1728 1905 1799 ] [    0    0    0 ] [      0      0      0 ] [ 0 ],drive [ 72 ] [ 0 ] [ 1729 1905 1800 ] [   31   14   10 ] [   9323   6194  10232 ] [ 0 ],1.00,1.00,1.00,1.00,25.47,-5.30,0.00,0.00,0.00,0.00,0.00,0.00,-0.00,0.00,0.00,0.00,0.00,0.00,0.00,0.00,0.00,0
18.8843,25,-5,269,0,DRIVE [ 73 ] [ 1 ] [ 1728 1905 1799 ] [    0    0    0 ] [      0      0      0 ] [ 0 ],drive [ 73 ] [ 0 ] [ 1728 1905 1799 ] [   31   14   10 ] [   9323   6194  10232 ] [ 0 ],1.00,1.00,1.00,1.00,25.49,-5.29,0.00,0.00,0.00,0.00,0.00,0.00,-0.00,0.00,0.00,0.00,0.00,0.00,0.00,0.00,0.00,0
18.8964,26,-5,269,0,DRIVE [ 74 ] [ 1 ] [ 1727 1905 1799 ] [    0    0    0 ] [      0      0      0 ] [ 0 ],drive [ 73 ] [ 0 ] [ 1728 1905 1799 ] [   31   14   10 ] [   9323   6194  10232 ] [ 0 ],1.00,1.00,1.00,1.00,25.59,-5.30,0.00,0.00,0.00,0.00,0.00,0.00,-0.00,0.00,0.00,0.00,0.00,0.00,0.00,0.00,0.00,0
18.9105,26,-5,269,0,DRIVE [ 74 ] [ 1 ] [ 1727 1905 1799 ] [    0    0    0 ] [      0      0      0 ] [ 0 ],drive [ 74 ] [ 0 ] [ 1727 1905 1799 ] [   31   14   11 ] [   9323   6194  10232 ] [ 0 ],1.00,1.00,1.00,1.00,25.57,-5.30,0.00,0.00,0.00,0.00,0.00,0.00,-0.00,0.00,0.00,0.00,0.00,0.00,0.00,0.00,0.00,0
18.9229,26,-5,269,0,DRIVE [ 75 ] [ 1 ] [ 1727 1905 1799 ] [    0    0    0 ] [      0      0      0 ] [ 0 ],drive [ 74 ] [ 0 ] [ 1727 1905 1799 ] [   31   14   11 ] [   9323   6194  10232 ] [ 0 ],1.00,1.00,1.00,1.00,25.63,-5.30,0.00,0.00,0.00,0.00,0.00,0.00,-0.00,0.00,0.00,0.00,0.00,0.00,0.00,0.00,0.00,0
18.9347,26,-5,269,0,DRIVE [ 75 ] [ 1 ] [ 1727 1905 1799 ] [    0    0    0 ] [      0      0      0 ] [ 0 ],drive [ 75 ] [ 0 ] [ 1727 1905 1799 ] [   31   14   11 ] [   9323   6194  10232 ] [ 0 ],1.00,1.00,1.00,1.00,25.60,-5.30,0.00,0.00,0.00,0.00,0.00,0.00,-0.00,0.00,0.00,0.00,0.00,0.00,0.00,0.00,0.00,0
18.9471,26,-5,269,0,DRIVE [ 76 ] [ 1 ] [ 1727 1905 1799 ] [    0    0    0 ] [      0      0      0 ] [ 0 ],drive [ 75 ] [ 0 ] [ 1727 1905 1799 ] [   31   14   11 ] [   9323   6194  10232 ] [ 0 ],1.00,1.00,1.00,1.00,25.63,-5.30,0.00,0.00,0.00,0.00,0.00,0.00,-0.00,0.00,0.00,0.00,0.00,0.00,0.00,0.00,0.00,0
18.9594,26,-5,269,0,DRIVE [ 76 ] [ 1 ] [ 1727 1905 1799 ] [    0    0    0 ] [      0      0      0 ] [ 0 ],drive [ 76 ] [ 0 ] [ 1727 1905 1799 ] [   31   15   10 ] [   9323   6194  10232 ] [ 0 ],1.00,1.00,1.00,1.00,25.65,-5.30,0.00,0.00,0.00,0.00,0.00,0.00,-0.00,0.00,0.00,0.00,0.00,0.00,0.00,0.00,0.00,0
18.9725,26,-5,269,0,DRIVE [ 77 ] [ 1 ] [ 1727 1905 1799 ] [    0    0    0 ] [      0      0      0 ] [ 0 ],drive [ 76 ] [ 0 ] [ 1727 1905 1799 ] [   31   15   10 ] [   9323   6194  10232 ] [ 0 ],1.00,1.00,1.00,1.00,25.56,-5.27,0.00,0.00,0.00,0.00,0.00,0.00,-0.00,0.00,0.00,0.00,0.00,0.00,0.00,0.00,0.00,0
18.9848,25,-5,268,0,DRIVE [ 77 ] [ 1 ] [ 1727 1905 1800 ] [    0    0    0 ] [      0      0      0 ] [ 0 ],drive [ 77 ] [ 0 ] [ 1727 1905 1799 ] [   31   15   10 ] [   9323   6194  10232 ] [ 0 ],1.00,1.00,1.00,1.00,25.44,-5.21,0.00,0.00,0.00,0.00,0.00,0.00,-0.00,0.00,0.00,0.00,0.00,0.00,-0.00,0.00,0.00,0
18.9983,25,-5,267,0,DRIVE [ 78 ] [ 1 ] [ 1727 1905 1800 ] [    0    0    0 ] [      0      0      0 ] [ 0 ],drive [ 77 ] [ 0 ] [ 1727 1905 1800 ] [   31   15   10 ] [   9323   6194  10232 ] [ 0 ],1.00,1.00,1.00,1.00,25.36,-5.14,0.00,0.00,0.00,0.00,0.00,0.00,-0.00,0.00,0.00,0.00,0.00,0.00,-0.00,0.00,0.00,0
19.01,25,-5,268,0,DRIVE [ 78 ] [ 1 ] [ 1728 1905 1801 ] [    0    0    0 ] [      0      0      0 ] [ 0 ],drive [ 78 ] [ 0 ] [ 1727 1905 1800 ] [   31   15   11 ] [   9323   6194  10232 ] [ 0 ],1.00,1.00,1.00,1.00,25.32,-5.11,0.00,0.00,0.00,0.00,0.00,0.00,-0.00,0.00,0.00,0.00,0.00,0.00,-0.00,0.00,0.00,0
19.0224,25,-5,268,0,DRIVE [ 79 ] [ 1 ] [ 1728 1905 1801 ] [    0    0    0 ] [      0      0      0 ] [ 0 ],drive [ 78 ] [ 0 ] [ 1728 1905 1801 ] [   31   15   11 ] [   9323   6194  10232 ] [ 0 ],1.00,1.00,1.00,1.00,25.30,-5.08,0.00,0.00,0.00,0.00,0.00,0.00,-0.00,0.00,0.00,0.00,0.00,0.00,-0.00,0.00,0.00,0
19.0342,25,-5,269,0,DRIVE [ 79 ] [ 1 ] [ 1729 1905 1801 ] [    0    0    0 ] [      0      0      0 ] [ 0 ],drive [ 79 ] [ 0 ] [ 1728 1905 1801 ] [   31   15   11 ] [   9323   6194  10232 ] [ 0 ],1.00,1.00,1.00,1.00,25.29,-5.05,0.00,0.00,0.00,0.00,0.00,0.00,-0.00,0.00,0.00,0.00,0.00,0.00,-0.00,0.00,0.00,0
19.0467,25,-5,269,0,DRIVE [ 80 ] [ 1 ] [ 1729 1905 1802 ] [    0    0    0 ] [      0      0      0 ] [ 0 ],drive [ 79 ] [ 0 ] [ 1729 1905 1801 ] [   31   15   11 ] [   9323   6194  10232 ] [ 0 ],1.00,1.00,1.00,1.00,25.23,-5.00,0.00,0.00,0.00,0.00,0.00,0.00,-0.00,0.00,0.00,0.00,0.00,0.00,-0.00,0.00,0.00,0
19.0591,25,-5,268,0,DRIVE [ 80 ] [ 1 ] [ 1729 1905 1802 ] [    0    0    0 ] [      0      0      0 ] [ 0 ],drive [ 80 ] [ 0 ] [ 1729 1905 1802 ] [   31   13   10 ] [   9323   6194  10232 ] [ 0 ],1.00,1.00,1.00,1.00,25.21,-4.95,0.00,0.00,0.00,0.00,0.00,0.00,-0.00,0.00,0.00,0.00,0.00,0.00,-0.00,0.00,0.00,0
19.0731,25,-5,267,0,DRIVE [ 81 ] [ 1 ] [ 1728 1905 1802 ] [    0    0    0 ] [      0      0      0 ] [ 0 ],drive [ 80 ] [ 0 ] [ 1729 1905 1802 ] [   31   13   10 ] [   9323   6194  10232 ] [ 0 ],1.00,1.00,1.00,1.00,25.14,-4.87,0.00,0.00,0.00,0.00,0.00,0.00,-0.00,0.00,0.00,0.00,0.00,0.00,-0.00,0.00,0.00,0
19.0862,25,-5,267,0,DRIVE [ 81 ] [ 1 ] [ 1728 1905 1802 ] [    0    0    0 ] [      0      0      0 ] [ 0 ],drive [ 81 ] [ 0 ] [ 1728 1905 1802 ] [   31   13   10 ] [   9323   6194  10232 ] [ 0 ],1.00,1.00,1.00,1.00,25.13,-4.85,0.00,0.00,0.00,0.00,0.00,0.00,-0.00,0.00,0.00,0.00,0.00,0.00,-0.00,0.00,0.00,0
19.0988,25,-5,267,0,DRIVE [ 82 ] [ 1 ] [ 1728 1905 1802 ] [    0    0    0 ] [      0      0      0 ] [ 0 ],drive [ 81 ] [ 0 ] [ 1728 1905 1802 ] [   31   13   10 ] [   9323   6194  10232 ] [ 0 ],1.00,1.00,1.00,1.00,25.16,-4.83,0.00,0.00,0.00,0.00,0.00,0.00,-0.00,0.00,0.00,0.00,0.00,0.00,-0.00,0.00,0.00,0
19.1113,25,-5,266,0,DRIVE [ 82 ] [ 1 ] [ 1727 1905 1802 ] [    0    0    0 ] [      0      0      0 ] [ 0 ],drive [ 82 ] [ 0 ] [ 1728 1905 1802 ] [   32   14   10 ] [   9323   6194  10232 ] [ 0 ],1.00,1.00,1.00,1.00,25.11,-4.80,0.00,0.00,0.00,0.00,0.00,0.00,-0.00,0.00,0.00,0.00,0.00,0.00,-0.00,0.00,0.00,0
19.1238,25,-5,267,0,DRIVE [ 83 ] [ 1 ] [ 1727 1905 1802 ] [    0    0    0 ] [      0      0      0 ] [ 0 ],drive [ 82 ] [ 0 ] [ 1727 1905 1802 ] [   32   14   10 ] [   9323   6194  10232 ] [ 0 ],1.00,1.00,1.00,1.00,25.22,-4.82,0.00,0.00,0.00,0.00,0.00,0.00,-0.00,0.00,0.00,0.00,0.00,0.00,-0.00,0.00,0.00,0
19.1357,25,-5,268,0,DRIVE [ 83 ] [ 1 ] [ 1727 1905 1802 ] [    0    0    0 ] [      0      0      0 ] [ 0 ],drive [ 83 ] [ 0 ] [ 1727 1905 1802 ] [   32   14   10 ] [   9323   6194  10232 ] [ 0 ],1.00,1.00,1.00,1.00,25.41,-4.89,0.00,0.00,0.00,0.00,0.00,0.00,-0.00,0.00,0.00,0.00,0.00,0.00,-0.00,0.00,0.00,0
19.148,25,-5,268,0,DRIVE [ 84 ] [ 1 ] [ 1727 1905 1801 ] [    0    0    0 ] [      0      0      0 ] [ 0 ],drive [ 83 ] [ 0 ] [ 1727 1905 1802 ] [   32   14   10 ] [   9323   6194  10232 ] [ 0 ],1.00,1.00,1.00,1.00,25.50,-5.02,0.00,0.00,0.00,0.00,0.00,0.00,-0.00,0.00,0.00,0.00,0.00,0.00,0.00,0.00,0.00,0
19.1602,26,-5,268,0,DRIVE [ 84 ] [ 1 ] [ 1726 1905 1800 ] [    0    0    0 ] [      0      0      0 ] [ 0 ],drive [ 84 ] [ 0 ] [ 1727 1905 1801 ] [   32   14   10 ] [   9323   6194  10232 ] [ 0 ],1.00,1.00,1.00,1.00,25.56,-5.03,0.00,0.00,0.00,0.00,0.00,0.00,-0.00,0.00,0.00,0.00,0.00,0.00,0.00,0.00,0.00,0
19.1741,26,-5,268,0,DRIVE [ 85 ] [ 1 ] [ 1725 1905 1800 ] [    0    0    0 ] [      0      0      0 ] [ 0 ],drive [ 84 ] [ 0 ] [ 1726 1905 1800 ] [   32   14   10 ] [   9323   6194  10232 ] [ 0 ],1.00,1.00,1.00,1.00,25.66,-5.09,0.00,0.00,0.00,0.00,0.00,0.00,-0.00,0.00,0.00,0.00,0.00,0.00,0.00,0.00,0.00,0
19.186,26,-5,268,0,DRIVE [ 85 ] [ 1 ] [ 1725 1905 1799 ] [    0    0    0 ] [      0      0      0 ] [ 0 ],drive [ 85 ] [ 0 ] [ 1725 1905 1800 ] [   32   14   10 ] [   9323   6194  10232 ] [ 0 ],1.00,1.00,1.00,1.00,25.77,-5.13,0.00,0.00,0.00,0.00,0.00,0.00,-0.00,0.00,0.00,0.00,0.00,0.00,0.00,0.00,0.00,0
19.2005,26,-5,267,0,DRIVE [ 86 ] [ 1 ] [ 1725 1905 1799 ] [    0    0    0 ] [      0      0      0 ] [ 0 ],drive [ 85 ] [ 0 ] [ 1725 1905 1799 ] [   32   14   10 ] [   9323   6194  10232 ] [ 0 ],1.00,1.00,1.00,1.00,25.69,-5.16,0.00,0.00,0.00,0.00,0.00,0.00,-0.00,0.00,0.00,0.00,0.00,0.00,0.00,0.00,0.00,0
19.2131,26,-5,267,0,DRIVE [ 86 ] [ 1 ] [ 1725 1905 1798 ] [    0    0    0 ] [      0      0      0 ] [ 0 ],drive [ 86 ] [ 0 ] [ 1725 1905 1799 ] [   32   13   11 ] [   9323   6194  10232 ] [ 0 ],1.00,1.00,1.00,1.00,25.68,-5.26,0.00,0.00,0.00,0.00,0.00,0.00,-0.00,0.00,0.00,0.00,0.00,0.00,0.00,0.00,0.00,0
19.2256,26,-5,268,0,DRIVE [ 87 ] [ 1 ] [ 1727 1905 1797 ] [    0    0    0 ] [      0      0      0 ] [ 0 ],drive [ 86 ] [ 0 ] [ 1725 1905 1798 ] [   32   13   11 ] [   9323   6194  10232 ] [ 0 ],1.00,1.00,1.00,1.00,25.68,-5.49,0.00,0.00,0.00,0.00,0.00,0.00,-0.00,0.00,0.00,0.00,0.00,0.00,0.00,0.00,0.00,0
19.2374,26,-6,268,0,DRIVE [ 87 ] [ 1 ] [ 1728 1905 1796 ] [    0    0    0 ] [      0      0      0 ] [ 0 ],drive [ 87 ] [ 0 ] [ 1727 1905 1797 ] [   32   13   11 ] [   9323   6194  10232 ] [ 0 ],1.00,1.00,1.00,1.00,25.64,-5.71,0.00,0.00,0.00,0.00,0.00,0.00,-0.00,0.00,0.00,0.00,0.00,0.00,0.00,0.00,0.00,0
19.2497,26,-6,268,0,DRIVE [ 88 ] [ 1 ] [ 1729 1905 1795 ] [    0    0    0 ] [      0      0      0 ] [ 0 ],drive [ 87 ] [ 0 ] [ 1728 1905 1796 ] [   32   13   11 ] [   9323   6195  10232 ] [ 0 ],1.00,1.00,1.00,1.00,25.60,-5.94,0.00,0.00,0.00,0.00,0.00,0.00,-0.00,0.00,0.00,0.00,0.00,0.00,0.00,0.00,0.00,0
19.2619,25,-6,267,0,DRIVE [ 88 ] [ 1 ] [ 1730 1905 1794 ] [    0    0    0 ] [      0      0      0 ] [ 0 ],drive [ 88 ] [ 0 ] [ 1729 1905 1795 ] [   31   13   10 ] [   9323   6195  10232 ] [ 0 ],1.00,1.00,1.00,1.00,25.43,-6.11,0.00,0.00,0.00,0.00,0.00,0.00,-0.00,0.00,0.00,0.00,0.00,0.00,0.00,0.00,0.00,0
19.274,26,-6,268,0,DRIVE [ 89 ] [ 1 ] [ 1730 1905 1793 ] [    0    0    0 ] [      0      0      0 ] [ 0 ],drive [ 88 ] [ 0 ] [ 1730 1905 1794 ] [   31   13   10 ] [   9323   6195  10232 ] [ 0 ],1.00,1.00,1.00,1.00,25.54,-6.29,0.00,0.00,0.00,0.00,0.00,0.00,-0.00,0.00,0.00,0.00,0.00,0.00,0.00,0.00,0.00,0
19.2864,26,-6,269,0,DRIVE [ 89 ] [ 1 ] [ 1731 1905 1792 ] [    0    0    0 ] [      0      0      0 ] [ 0 ],drive [ 89 ] [ 0 ] [ 1730 1905 1793 ] [   31   13   10 ] [   9323   6195  10232 ] [ 0 ],1.00,1.00,1.00,1.00,25.65,-6.48,0.00,0.00,0.00,0.00,0.00,0.00,-0.00,0.00,0.00,0.00,0.00,0.00,0.00,0.00,0.00,0
19.2987,26,-7,270,0,DRIVE [ 90 ] [ 1 ] [ 1732 1905 1791 ] [    0    0    0 ] [      0      0      0 ] [ 0 ],drive [ 89 ] [ 0 ] [ 1731 1905 1792 ] [   31   13   10 ] [   9323   6195  10232 ] [ 0 ],1.00,1.00,1.00,1.00,25.78,-6.77,0.00,0.00,0.00,0.00,0.00,0.00,-0.00,0.00,0.00,0.00,0.00,0.00,0.00,0.00,0.00,0
19.3111,26,-7,271,0,DRIVE [ 90 ] [ 1 ] [ 1732 1905 1790 ] [    0    0    0 ] [      0      0      0 ] [ 0 ],drive [ 90 ] [ 0 ] [ 1732 1905 1791 ] [   31   13   11 ] [   9323   6195  10232 ] [ 0 ],1.00,1.00,1.00,1.00,25.80,-6.87,0.00,0.00,0.00,0.00,0.00,0.00,-0.00,0.00,0.00,0.00,0.00,0.00,0.00,0.00,0.00,0
19.3232,26,-7,270,0,DRIVE [ 91 ] [ 1 ] [ 1732 1905 1790 ] [    0    0    0 ] [      0      0      0 ] [ 0 ],drive [ 90 ] [ 0 ] [ 1732 1905 1790 ] [   31   13   11 ] [   9323   6195  10232 ] [ 0 ],1.00,1.00,1.00,1.00,25.72,-6.87,0.00,0.00,0.00,0.00,0.00,0.00,-0.00,0.00,0.00,0.00,0.00,0.00,0.00,0.00,0.00,0
19.3352,26,-7,270,0,DRIVE [ 91 ] [ 1 ] [ 1733 1905 1790 ] [    0    0    0 ] [      0      0      0 ] [ 0 ],drive [ 91 ] [ 0 ] [ 1732 1905 1790 ] [   31   13   11 ] [   9323   6195  10232 ] [ 0 ],1.00,1.00,1.00,1.00,25.69,-6.90,0.00,0.00,0.00,0.00,0.00,0.00,-0.00,0.00,0.00,0.00,0.00,0.00,0.00,0.00,0.00,0
19.3475,26,-7,270,0,DRIVE [ 92 ] [ 1 ] [ 1733 1905 1790 ] [    0    0    0 ] [      0      0      0 ] [ 0 ],drive [ 91 ] [ 0 ] [ 1733 1905 1790 ] [   31   13   11 ] [   9323   6195  10232 ] [ 0 ],1.00,1.00,1.00,1.00,25.56,-6.88,0.00,0.00,0.00,0.00,0.00,0.00,-0.00,0.00,0.00,0.00,0.00,0.00,0.00,0.00,0.00,0
19.3598,25,-7,269,0,DRIVE [ 92 ] [ 1 ] [ 1733 1905 1791 ] [    0    0    0 ] [      0      0      0 ] [ 0 ],drive [ 92 ] [ 0 ] [ 1733 1905 1790 ] [   30   13   12 ] [   9323   6195  10232 ] [ 0 ],1.00,1.00,1.00,1.00,25.49,-6.84,0.00,0.00,0.00,0.00,0.00,0.00,-0.00,0.00,0.00,0.00,0.00,0.00,0.00,0.00,0.00,0
19.3722,25,-7,268,0,DRIVE [ 93 ] [ 1 ] [ 1733 1905 1791 ] [    0    0    0 ] [      0      0      0 ] [ 0 ],drive [ 92 ] [ 0 ] [ 1733 1905 1791 ] [   30   13   12 ] [   9323   6195  10232 ] [ 0 ],1.00,1.00,1.00,1.00,25.36,-6.77,0.00,0.00,0.00,0.00,0.00,0.00,-0.00,0.00,0.00,0.00,0.00,0.00,0.00,0.00,0.00,0
19.3841,25,-7,267,0,DRIVE [ 93 ] [ 1 ] [ 1733 1905 1791 ] [    0    0    0 ] [      0      0      0 ] [ 0 ],drive [ 93 ] [ 0 ] [ 1733 1905 1791 ] [   30   13   12 ] [   9323   6195  10232 ] [ 0 ],1.00,1.00,1.00,1.00,25.24,-6.69,0.00,0.00,0.00,0.00,0.00,0.00,-0.00,0.00,0.00,0.00,0.00,0.00,-0.00,0.00,0.00,0
19.3963,25,-7,267,0,DRIVE [ 94 ] [ 1 ] [ 1733 1905 1791 ] [    0    0    0 ] [      0      0      0 ] [ 0 ],drive [ 93 ] [ 0 ] [ 1733 1905 1791 ] [   30   13   12 ] [   9323   6195  10233 ] [ 0 ],1.00,1.00,1.00,1.00,25.33,-6.68,0.00,0.00,0.00,0.00,0.00,0.00,-0.00,0.00,0.00,0.00,0.00,0.00,0.00,0.00,0.00,0
19.4088,25,-7,268,0,DRIVE [ 94 ] [ 1 ] [ 1732 1905 1791 ] [    0    0    0 ] [      0      0      0 ] [ 0 ],drive [ 94 ] [ 0 ] [ 1733 1905 1791 ] [   31   14   12 ] [   9323   6195  10233 ] [ 0 ],1.00,1.00,1.00,1.00,25.48,-6.67,0.00,0.00,0.00,0.00,0.00,0.00,-0.00,0.00,0.00,0.00,0.00,0.00,0.00,0.00,0.00,0
19.4204,26,-7,269,0,DRIVE [ 95 ] [ 1 ] [ 1732 1905 1791 ] [    0    0    0 ] [      0      0      0 ] [ 0 ],drive [ 94 ] [ 0 ] [ 1732 1905 1791 ] [   31   14   12 ] [   9323   6195  10233 ] [ 0 ],1.00,1.00,1.00,1.00,25.61,-6.65,0.00,0.00,0.00,0.00,0.00,0.00,-0.00,0.00,0.00,0.00,0.00,0.00,0.00,0.00,0.00,0
19.4327,26,-7,269,0,DRIVE [ 95 ] [ 1 ] [ 1732 1905 1791 ] [    0    0    0 ] [      0      0      0 ] [ 0 ],drive [ 95 ] [ 0 ] [ 1732 1905 1791 ] [   31   14   12 ] [   9323   6195  10233 ] [ 0 ],1.00,1.00,1.00,1.00,25.60,-6.70,0.00,0.00,0.00,0.00,0.00,0.00,-0.00,0.00,0.00,0.00,0.00,0.00,0.00,0.00,0.00,0
19.4448,26,-7,270,0,DRIVE [ 96 ] [ 1 ] [ 1732 1905 1791 ] [    0    0    0 ] [      0      0      0 ] [ 0 ],drive [ 95 ] [ 0 ] [ 1732 1905 1791 ] [   31   14   12 ] [   9323   6195  10233 ] [ 0 ],1.00,1.00,1.00,1.00,25.69,-6.70,0.00,0.00,0.00,0.00,0.00,0.00,-0.00,0.00,0.00,0.00,0.00,0.00,0.00,0.00,0.00,0
19.4568,26,-7,270,0,DRIVE [ 96 ] [ 1 ] [ 1731 1905 1791 ] [    0    0    0 ] [      0      0      0 ] [ 0 ],drive [ 96 ] [ 0 ] [ 1732 1905 1791 ] [   31   14   12 ] [   9323   6195  10233 ] [ 0 ],1.00,1.00,1.00,1.00,25.73,-6.68,0.00,0.00,0.00,0.00,0.00,0.00,-0.00,0.00,0.00,0.00,0.00,0.00,0.00,0.00,0.00,0
19.4687,26,-7,269,0,DRIVE [ 97 ] [ 1 ] [ 1732 1905 1791 ] [    0    0    0 ] [      0      0      0 ] [ 0 ],drive [ 96 ] [ 0 ] [ 1731 1905 1791 ] [   30   13   11 ] [   9323   6195  10233 ] [ 0 ],1.00,1.00,1.00,1.00,25.61,-6.69,0.00,0.00,0.00,0.00,0.00,0.00,-0.00,0.00,0.00,0.00,0.00,0.00,0.00,0.00,0.00,0
19.4809,26,-7,269,0,DRIVE [ 97 ] [ 1 ] [ 1733 1905 1790 ] [    0    0    0 ] [      0      0      0 ] [ 0 ],drive [ 97 ] [ 0 ] [ 1732 1905 1791 ] [   30   13   11 ] [   9323   6195  10233 ] [ 0 ],1.00,1.00,1.00,1.00,25.58,-6.86,0.00,0.00,0.00,0.00,0.00,0.00,-0.00,0.00,0.00,0.00,0.00,0.00,0.00,0.00,0.00,0
19.493,26,-7,269,0,DRIVE [ 98 ] [ 1 ] [ 1733 1905 1790 ] [    0    0    0 ] [      0      0      0 ] [ 0 ],drive [ 97 ] [ 0 ] [ 1733 1905 1790 ] [   30   13   11 ] [   9323   6195  10233 ] [ 0 ],1.00,1.00,1.00,1.00,25.54,-6.92,0.00,0.00,0.00,0.00,0.00,0.00,-0.00,0.00,0.00,0.00,0.00,0.00,0.00,0.00,0.00,0
19.5056,25,-7,268,0,DRIVE [ 98 ] [ 1 ] [ 1734 1905 1789 ] [    0    0    0 ] [      0      0      0 ] [ 0 ],drive [ 98 ] [ 0 ] [ 1733 1905 1790 ] [   30   13   11 ] [   9323   6195  10233 ] [ 0 ],1.00,1.00,1.00,1.00,25.42,-7.00,0.00,0.00,0.00,0.00,0.00,0.00,-0.00,0.00,0.00,0.00,0.00,0.00,0.00,0.00,0.00,0
19.5175,25,-7,267,0,DRIVE [ 99 ] [ 1 ] [ 1734 1905 1789 ] [    0    0    0 ] [      0      0      0 ] [ 0 ],drive [ 98 ] [ 0 ] [ 1734 1905 1789 ] [   30   13   11 ] [   9323   6195  10233 ] [ 0 ],1.00,1.00,1.00,1.00,25.29,-7.06,0.00,0.00,0.00,0.00,0.00,0.00,-0.00,0.00,0.00,0.00,0.00,0.00,-0.00,0.00,0.00,0
19.53,25,-7,267,0,DRIVE [ 99 ] [ 1 ] [ 1735 1905 1789 ] [    0    0    0 ] [      0      0      0 ] [ 0 ],drive [ 99 ] [ 0 ] [ 1734 1905 1789 ] [   30   13   11 ] [   9323   6195  10233 ] [ 0 ],1.00,1.00,1.00,1.00,25.18,-7.15,0.00,0.00,0.00,0.00,0.00,0.00,-0.00,0.00,0.00,0.00,0.00,0.00,-0.00,0.00,0.00,0
19.5421,25,-7,268,0,DRIVE [ 00 ] [ 1 ] [ 1736 1905 1788 ] [    0    0    0 ] [      0      0      0 ] [ 0 ],drive [ 99 ] [ 0 ] [ 1735 1905 1789 ] [   30   13   11 ] [   9323   6195  10233 ] [ 0 ],1.00,1.00,1.00,1.00,25.18,-7.24,0.00,0.00,0.00,0.00,0.00,0.00,-0.00,0.00,0.00,0.00,0.00,0.00,-0.00,0.00,0.00,0
19.5539,25,-7,268,0,DRIVE [ 00 ] [ 1 ] [ 1736 1905 1788 ] [    0    0    0 ] [      0      0      0 ] [ 0 ],drive [ 00 ] [ 0 ] [ 1736 1905 1788 ] [   30   13   11 ] [   9323   6195  10233 ] [ 0 ],1.00,1.00,1.00,1.00,25.19,-7.32,0.00,0.00,0.00,0.00,0.00,0.00,-0.00,0.00,0.00,0.00,0.00,0.00,-0.00,0.00,0.00,0
19.5662,25,-7,269,0,DRIVE [ 01 ] [ 1 ] [ 1737 1905 1788 ] [    0    0    0 ] [      0      0      0 ] [ 0 ],drive [ 00 ] [ 0 ] [ 1736 1905 1788 ] [   30   13   12 ] [   9323   6195  10233 ] [ 0 ],1.00,1.00,1.00,1.00,25.21,-7.40,0.00,0.00,0.00,0.00,0.00,0.00,-0.00,0.00,0.00,0.00,0.00,0.00,0.00,0.00,0.00,0
19.5785,25,-7,269,0,DRIVE [ 01 ] [ 1 ] [ 1737 1905 1788 ] [    0    0    0 ] [      0      0      0 ] [ 0 ],drive [ 01 ] [ 0 ] [ 1737 1905 1788 ] [   30   13   12 ] [   9323   6195  10233 ] [ 0 ],1.00,1.00,1.00,1.00,25.21,-7.41,0.00,0.00,0.00,0.00,0.00,0.00,-0.00,0.00,0.00,0.00,0.00,0.00,0.00,0.00,0.00,0
19.5907,25,-7,269,0,DRIVE [ 02 ] [ 1 ] [ 1737 1905 1788 ] [    0    0    0 ] [      0      0      0 ] [ 0 ],drive [ 01 ] [ 0 ] [ 1737 1905 1788 ] [   30   13   12 ] [   9323   6195  10233 ] [ 0 ],1.00,1.00,1.00,1.00,25.19,-7.43,0.00,0.00,0.00,0.00,0.00,0.00,-0.00,0.00,0.00,0.00,0.00,0.00,-0.00,0.00,0.00,0
19.6025,25,-7,269,0,DRIVE [ 02 ] [ 1 ] [ 1737 1905 1788 ] [    0    0    0 ] [      0      0      0 ] [ 0 ],drive [ 02 ] [ 0 ] [ 1737 1905 1788 ] [   30   13   12 ] [   9323   6195  10233 ] [ 0 ],1.00,1.00,1.00,1.00,25.18,-7.44,0.00,0.00,0.00,0.00,0.00,0.00,-0.00,0.00,0.00,0.00,0.00,0.00,-0.00,0.00,0.00,0
19.6149,25,-7,269,0,DRIVE [ 03 ] [ 1 ] [ 1738 1905 1788 ] [    0    0    0 ] [      0      0      0 ] [ 0 ],drive [ 02 ] [ 0 ] [ 1737 1905 1788 ] [   31   13   12 ] [   9323   6195  10233 ] [ 0 ],1.00,1.00,1.00,1.00,25.12,-7.43,0.00,0.00,0.00,0.00,0.00,0.00,-0.00,0.00,0.00,0.00,0.00,0.00,-0.00,0.00,0.00,0
19.6271,25,-7,269,0,DRIVE [ 03 ] [ 1 ] [ 1738 1905 1788 ] [    0    0    0 ] [      0      0      0 ] [ 0 ],drive [ 03 ] [ 0 ] [ 1738 1905 1788 ] [   31   13   12 ] [   9323   6195  10233 ] [ 0 ],1.00,1.00,1.00,1.00,25.09,-7.42,0.00,0.00,0.00,0.00,0.00,0.00,-0.00,0.00,0.00,0.00,0.00,0.00,-0.00,0.00,0.00,0
19.6393,25,-7,268,0,DRIVE [ 04 ] [ 1 ] [ 1738 1905 1789 ] [    0    0    0 ] [      0      0      0 ] [ 0 ],drive [ 03 ] [ 0 ] [ 1738 1905 1788 ] [   31   13   12 ] [   9323   6195  10233 ] [ 0 ],1.00,1.00,1.00,1.00,24.93,-7.33,0.00,0.00,0.00,0.00,0.00,0.00,-0.00,0.00,0.00,0.00,0.00,0.00,-0.00,0.00,0.00,0
19.6512,25,-7,267,0,DRIVE [ 04 ] [ 1 ] [ 1738 1905 1789 ] [    0    0    0 ] [      0      0      0 ] [ 0 ],drive [ 04 ] [ 0 ] [ 1738 1905 1789 ] [   31   13   12 ] [   9323   6195  10233 ] [ 0 ],1.00,1.00,1.00,1.00,24.87,-7.26,0.00,0.00,0.00,0.00,0.00,0.00,-0.00,0.00,0.00,0.00,0.00,0.00,-0.00,0.00,0.00,0
19.6635,25,-7,267,0,DRIVE [ 05 ] [ 1 ] [ 1739 1905 1789 ] [    0    0    0 ] [      0      0      0 ] [ 0 ],drive [ 04 ] [ 0 ] [ 1738 1905 1789 ] [   31   13   12 ] [   9323   6195  10233 ] [ 0 ],1.00,1.00,1.00,1.00,24.77,-7.23,0.00,0.00,0.00,0.00,0.00,0.00,-0.00,0.00,0.00,0.00,0.00,0.00,-0.00,0.00,0.00,0
19.6758,25,-7,267,0,DRIVE [ 05 ] [ 1 ] [ 1739 1905 1789 ] [    0    0    0 ] [      0      0      0 ] [ 0 ],drive [ 05 ] [ 0 ] [ 1739 1905 1789 ] [   31   13   12 ] [   9323   6195  10233 ] [ 0 ],1.00,1.00,1.00,1.00,24.71,-7.24,0.00,0.00,0.00,0.00,0.00,0.00,-0.00,0.00,0.00,0.00,0.00,0.00,-0.00,0.00,0.00,0
19.6876,25,-7,267,0,DRIVE [ 06 ] [ 1 ] [ 1739 1905 1789 ] [    0    0    0 ] [      0      0      0 ] [ 0 ],drive [ 05 ] [ 0 ] [ 1739 1905 1789 ] [   31   13   12 ] [   9323   6195  10233 ] [ 0 ],1.00,1.00,1.00,1.00,24.68,-7.25,0.00,0.00,0.00,0.00,0.00,0.00,-0.00,0.00,0.00,0.00,0.00,0.00,-0.00,0.00,0.00,0
19.6999,25,-7,268,0,DRIVE [ 06 ] [ 1 ] [ 1739 1905 1790 ] [    0    0    0 ] [      0      0      0 ] [ 0 ],drive [ 06 ] [ 0 ] [ 1739 1905 1789 ] [   31   13   12 ] [   9323   6195  10233 ] [ 0 ],1.00,1.00,1.00,1.00,24.76,-7.27,0.00,0.00,0.00,0.00,0.00,0.00,-0.00,0.00,0.00,0.00,0.00,0.00,-0.00,0.00,0.00,0
19.712,25,-7,269,0,DRIVE [ 07 ] [ 1 ] [ 1739 1905 1790 ] [    0    0    0 ] [      0      0      0 ] [ 0 ],drive [ 06 ] [ 0 ] [ 1739 1905 1790 ] [   30   13   11 ] [   9323   6195  10233 ] [ 0 ],1.00,1.00,1.00,1.00,24.84,-7.27,0.00,0.00,0.00,0.00,0.00,0.00,-0.00,0.00,0.00,0.00,0.00,0.00,-0.00,0.00,0.00,0
19.7243,25,-7,269,0,DRIVE [ 07 ] [ 1 ] [ 1739 1905 1790 ] [    0    0    0 ] [      0      0      0 ] [ 0 ],drive [ 07 ] [ 0 ] [ 1739 1905 1790 ] [   30   13   11 ] [   9323   6195  10233 ] [ 0 ],1.00,1.00,1.00,1.00,24.89,-7.29,0.00,0.00,0.00,0.00,0.00,0.00,-0.00,0.00,0.00,0.00,0.00,0.00,-0.00,0.00,0.00,0
19.7362,25,-7,270,0,DRIVE [ 08 ] [ 1 ] [ 1738 1905 1790 ] [    0    0    0 ] [      0      0      0 ] [ 0 ],drive [ 07 ] [ 0 ] [ 1739 1905 1790 ] [   30   13   11 ] [   9323   6195  10233 ] [ 0 ],1.00,1.00,1.00,1.00,25.03,-7.23,0.00,0.00,0.00,0.00,0.00,0.00,-0.00,0.00,0.00,0.00,0.00,0.00,-0.00,0.00,0.00,0
19.7485,25,-7,270,0,DRIVE [ 08 ] [ 1 ] [ 1738 1905 1790 ] [    0    0    0 ] [      0      0      0 ] [ 0 ],drive [ 08 ] [ 0 ] [ 1738 1905 1790 ] [   30   13   11 ] [   9323   6195  10233 ] [ 0 ],1.00,1.00,1.00,1.00,25.14,-7.19,0.00,0.00,0.00,0.00,0.00,0.00,-0.00,0.00,0.00,0.00,0.00,0.00,0.00,0.00,0.00,0
19.7608,25,-7,269,0,DRIVE [ 09 ] [ 1 ] [ 1738 1905 1790 ] [    0    0    0 ] [      0      0      0 ] [ 0 ],drive [ 08 ] [ 0 ] [ 1738 1905 1790 ] [   31   13   11 ] [   9323   6195  10233 ] [ 0 ],1.00,1.00,1.00,1.00,25.05,-7.17,0.00,0.00,0.00,0.00,0.00,0.00,-0.00,0.00,0.00,0.00,0.00,0.00,-0.00,0.00,0.00,0
19.773,25,-7,269,0,DRIVE [ 09 ] [ 1 ] [ 1738 1905 1790 ] [    0    0    0 ] [      0      0      0 ] [ 0 ],drive [ 09 ] [ 0 ] [ 1738 1905 1790 ] [   31   13   11 ] [   9323   6195  10233 ] [ 0 ],1.00,1.00,1.00,1.00,24.99,-7.15,0.00,0.00,0.00,0.00,0.00,0.00,-0.00,0.00,0.00,0.00,0.00,0.00,-0.00,0.00,0.00,0
19.7849,25,-7,269,0,DRIVE [ 10 ] [ 1 ] [ 1738 1905 1789 ] [    0    0    0 ] [      0      0      0 ] [ 0 ],drive [ 09 ] [ 0 ] [ 1738 1905 1790 ] [   31   13   11 ] [   9323   6195  10233 ] [ 0 ],1.00,1.00,1.00,1.00,25.02,-7.25,0.00,0.00,0.00,0.00,0.00,0.00,-0.00,0.00,0.00,0.00,0.00,0.00,-0.00,0.00,0.00,0
19.7971,25,-7,269,0,DRIVE [ 10 ] [ 1 ] [ 1738 1905 1789 ] [    0    0    0 ] [      0      0      0 ] [ 0 ],drive [ 10 ] [ 0 ] [ 1738 1905 1789 ] [   31   13   11 ] [   9323   6195  10233 ] [ 0 ],1.00,1.00,1.00,1.00,25.05,-7.24,0.00,0.00,0.00,0.00,0.00,0.00,-0.00,0.00,0.00,0.00,0.00,0.00,-0.00,0.00,0.00,0
19.8092,25,-7,269,0,DRIVE [ 11 ] [ 1 ] [ 1738 1905 1789 ] [    0    0    0 ] [      0      0      0 ] [ 0 ],drive [ 10 ] [ 0 ] [ 1738 1905 1789 ] [   31   13   12 ] [   9323   6195  10233 ] [ 0 ],1.00,1.00,1.00,1.00,25.08,-7.32,0.00,0.00,0.00,0.00,0.00,0.00,-0.00,0.00,0.00,0.00,0.00,0.00,0.00,0.00,0.00,0
19.8212,25,-7,269,0,DRIVE [ 11 ] [ 1 ] [ 1738 1905 1789 ] [    0    0    0 ] [      0      0      0 ] [ 0 ],drive [ 11 ] [ 0 ] [ 1738 1905 1789 ] [   31   13   12 ] [   9323   6195  10233 ] [ 0 ],1.00,1.00,1.00,1.00,24.96,-7.30,0.00,0.00,0.00,0.00,0.00,0.00,-0.00,0.00,0.00,0.00,0.00,0.00,-0.00,0.00,0.00,0
19.8336,25,-7,268,0,DRIVE [ 12 ] [ 1 ] [ 1739 1905 1789 ] [    0    0    0 ] [      0      0      0 ] [ 0 ],drive [ 11 ] [ 0 ] [ 1738 1905 1789 ] [   31   13   12 ] [   9323   6195  10233 ] [ 0 ],1.00,1.00,1.00,1.00,24.84,-7.24,0.00,0.00,0.00,0.00,0.00,0.00,-0.00,0.00,0.00,0.00,0.00,0.00,-0.00,0.00,0.00,0
19.8459,25,-7,268,0,DRIVE [ 12 ] [ 1 ] [ 1738 1905 1789 ] [    0    0    0 ] [      0      0      0 ] [ 0 ],drive [ 12 ] [ 0 ] [ 1739 1905 1789 ] [   31   13   12 ] [   9323   6195  10233 ] [ 0 ],1.00,1.00,1.00,1.00,24.89,-7.27,0.00,0.00,0.00,0.00,0.00,0.00,-0.00,0.00,0.00,0.00,0.00,0.00,-0.00,0.00,0.00,0
19.8581,25,-7,268,0,DRIVE [ 13 ] [ 1 ] [ 1738 1905 1789 ] [    0    0    0 ] [      0      0      0 ] [ 0 ],drive [ 12 ] [ 0 ] [ 1738 1905 1789 ] [   29   13   12 ] [   9323   6195  10233 ] [ 0 ],1.00,1.00,1.00,1.00,24.93,-7.31,0.00,0.00,0.00,0.00,0.00,0.00,-0.00,0.00,0.00,0.00,0.00,0.00,-0.00,0.00,0.00,0
19.8698,25,-8,269,0,DRIVE [ 13 ] [ 1 ] [ 1739 1905 1788 ] [    0    0    0 ] [      0      0      0 ] [ 0 ],drive [ 13 ] [ 0 ] [ 1738 1905 1789 ] [   29   13   12 ] [   9323   6195  10233 ] [ 0 ],1.00,1.00,1.00,1.00,24.99,-7.50,0.00,0.00,0.00,0.00,0.00,0.00,-0.00,0.00,0.00,0.00,0.00,0.00,0.00,0.00,0.00,0
19.8823,25,-8,268,0,DRIVE [ 14 ] [ 1 ] [ 1740 1905 1787 ] [    0    0    0 ] [      0      0      0 ] [ 0 ],drive [ 13 ] [ 0 ] [ 1739 1905 1788 ] [   29   13   12 ] [   9323   6195  10233 ] [ 0 ],1.00,1.00,1.00,1.00,24.87,-7.60,0.00,0.00,0.00,0.00,0.00,0.00,-0.00,0.00,0.00,0.00,0.00,0.00,-0.00,0.00,0.00,0
19.8945,25,-8,268,0,DRIVE [ 14 ] [ 1 ] [ 1741 1905 1787 ] [    0    0    0 ] [      0      0      0 ] [ 0 ],drive [ 14 ] [ 0 ] [ 1740 1905 1787 ] [   29   13   12 ] [   9323   6195  10233 ] [ 0 ],1.00,1.00,1.00,1.00,24.79,-7.73,0.00,0.00,0.00,0.00,0.00,0.00,-0.00,0.00,0.00,0.00,0.00,0.00,-0.00,0.00,0.00,0
19.9069,25,-8,268,0,DRIVE [ 15 ] [ 1 ] [ 1742 1905 1786 ] [    0    0    0 ] [      0      0      0 ] [ 0 ],drive [ 14 ] [ 0 ] [ 1741 1905 1787 ] [   29   13   12 ] [   9323   6195  10233 ] [ 0 ],1.00,1.00,1.00,1.00,24.71,-7.91,0.00,0.00,0.00,0.00,0.00,0.00,-0.00,0.00,0.00,0.00,0.00,0.00,-0.00,0.00,0.00,0
19.9187,25,-8,267,0,DRIVE [ 15 ] [ 1 ] [ 1743 1905 1785 ] [    0    0    0 ] [      0      0      0 ] [ 0 ],drive [ 15 ] [ 0 ] [ 1742 1905 1786 ] [   30   12   12 ] [   9323   6195  10233 ] [ 0 ],1.00,1.00,1.00,1.00,24.51,-8.07,0.00,0.00,0.00,0.00,0.00,0.00,-0.00,0.00,0.00,0.00,0.00,0.00,-0.00,0.00,0.00,0
19.9312,24,-8,267,0,DRIVE [ 16 ] [ 1 ] [ 1745 1905 1784 ] [    0    0    0 ] [      0      0      0 ] [ 0 ],drive [ 15 ] [ 0 ] [ 1743 1905 1785 ] [   30   12   12 ] [   9323   6195  10233 ] [ 0 ],1.00,1.00,1.00,1.00,24.39,-8.32,0.00,0.00,0.00,0.00,0.00,0.00,-0.00,0.00,0.00,0.00,0.00,0.00,-0.00,0.00,0.00,0
19.9435,24,-9,267,0,DRIVE [ 16 ] [ 1 ] [ 1746 1905 1782 ] [    0    0    0 ] [      0      0      0 ] [ 0 ],drive [ 16 ] [ 0 ] [ 1745 1905 1784 ] [   30   12   12 ] [   9323   6197  10233 ] [ 0 ],1.00,1.00,1.00,1.00,24.27,-8.62,0.00,0.00,0.00,0.00,0.00,0.00,-0.00,0.00,0.00,0.00,0.00,0.00,-0.00,0.00,0.00,0
19.9561,24,-9,266,0,DRIVE [ 17 ] [ 1 ] [ 1747 1905 1780 ] [    0    0    0 ] [      0      0      0 ] [ 0 ],drive [ 16 ] [ 0 ] [ 1746 1905 1782 ] [   30   12   12 ] [   9323   6197  10233 ] [ 0 ],1.00,1.00,1.00,1.00,24.23,-8.93,0.00,0.00,0.00,0.00,0.00,0.00,-0.00,0.00,0.00,0.00,0.00,0.00,-0.00,0.00,0.00,0
19.968,24,-9,266,0,DRIVE [ 17 ] [ 1 ] [ 1748 1905 1778 ] [    0    0    0 ] [      0      0      0 ] [ 0 ],drive [ 17 ] [ 0 ] [ 1747 1905 1780 ] [   29   12   13 ] [   9323   6197  10233 ] [ 0 ],1.00,1.00,1.00,1.00,24.17,-9.18,0.00,0.00,0.00,0.00,0.00,0.00,-0.00,0.00,0.00,0.00,0.00,0.00,-0.00,0.00,0.00,0
19.9804,24,-10,266,0,DRIVE [ 18 ] [ 1 ] [ 1749 1905 1775 ] [    0    0    0 ] [      0      0      0 ] [ 0 ],drive [ 17 ] [ 0 ] [ 1748 1905 1778 ] [   29   12   13 ] [   9323   6197  10233 ] [ 0 ],1.00,1.00,1.00,1.00,24.19,-9.64,0.00,0.00,0.00,0.00,0.00,0.00,-0.00,0.00,0.00,0.00,0.00,0.00,0.00,0.00,0.00,0
19.9927,24,-10,266,0,DRIVE [ 18 ] [ 1 ] [ 1750 1905 1773 ] [    0    0    0 ] [      0      0      0 ] [ 0 ],drive [ 18 ] [ 0 ] [ 1749 1905 1775 ] [   29   12   13 ] [   9323   6197  10233 ] [ 0 ],1.00,1.00,1.00,1.00,24.14,-9.97,0.00,0.00,0.00,0.00,0.00,0.00,-0.00,0.00,0.00,0.00,0.00,0.00,0.00,0.00,0.00,0
20.0045,24,-10,266,0,DRIVE [ 19 ] [ 1 ] [ 1751 1905 1771 ] [    0    0    0 ] [      0      0      0 ] [ 0 ],drive [ 18 ] [ 0 ] [ 1750 1905 1773 ] [   29   12   13 ] [   9323   6197  10233 ] [ 0 ],1.00,1.00,1.00,1.00,24.13,-10.27,0.00,0.00,0.00,0.00,0.00,0.00,-0.00,0.00,0.00,0.00,0.00,0.00,0.00,0.00,0.00,0
20.0168,24,-11,267,0,DRIVE [ 19 ] [ 1 ] [ 1751 1905 1770 ] [    0    0    0 ] [      0      0      0 ] [ 0 ],drive [ 19 ] [ 0 ] [ 1751 1905 1771 ] [   29   12   13 ] [   9323   6197  10233 ] [ 0 ],1.00,1.00,1.00,1.00,24.19,-10.56,0.00,0.00,0.00,0.00,0.00,0.00,-0.00,0.00,0.00,0.00,0.00,0.00,0.00,0.00,0.00,0
20.0289,24,-11,267,0,DRIVE [ 20 ] [ 1 ] [ 1752 1905 1769 ] [    0    0    0 ] [      0      0      0 ] [ 0 ],drive [ 19 ] [ 0 ] [ 1751 1905 1770 ] [   29   12   13 ] [   9323   6197  10233 ] [ 0 ],1.00,1.00,1.00,1.00,24.19,-10.71,0.00,0.00,0.00,0.00,0.00,0.00,-0.00,0.00,0.00,0.00,0.00,0.00,0.00,0.00,0.00,0
20.0413,24,-11,267,0,DRIVE [ 20 ] [ 1 ] [ 1752 1905 1769 ] [    0    0    0 ] [      0      0      0 ] [ 0 ],drive [ 20 ] [ 0 ] [ 1752 1905 1769 ] [   29   12   13 ] [   9323   6197  10233 ] [ 0 ],1.00,1.00,1.00,1.00,24.20,-10.74,0.00,0.00,0.00,0.00,0.00,0.00,-0.00,0.00,0.00,0.00,0.00,0.00,0.00,0.00,0.00,0
20.0531,24,-11,267,0,DRIVE [ 21 ] [ 1 ] [ 1752 1905 1769 ] [    0    0    0 ] [      0      0      0 ] [ 0 ],drive [ 20 ] [ 0 ] [ 1752 1905 1769 ] [   29   12   13 ] [   9323   6197  10233 ] [ 0 ],1.00,1.00,1.00,1.00,24.17,-10.75,0.00,0.00,0.00,0.00,0.00,0.00,-0.00,0.00,0.00,0.00,0.00,0.00,0.00,0.00,0.00,0
20.0657,24,-11,267,0,DRIVE [ 21 ] [ 1 ] [ 1752 1905 1768 ] [    0    0    0 ] [      0      0      0 ] [ 0 ],drive [ 21 ] [ 0 ] [ 1752 1905 1769 ] [   30   12   14 ] [   9323   6197  10233 ] [ 0 ],1.00,1.00,1.00,1.00,24.17,-10.75,0.00,0.00,0.00,0.00,0.00,0.00,-0.00,0.00,0.00,0.00,0.00,0.00,0.00,0.00,0.00,0
20.0778,24,-11,267,0,DRIVE [ 22 ] [ 1 ] [ 1751 1905 1769 ] [    0    0    0 ] [      0      0      0 ] [ 0 ],drive [ 21 ] [ 0 ] [ 1752 1905 1768 ] [   30   12   14 ] [   9323   6197  10233 ] [ 0 ],1.00,1.00,1.00,1.00,24.21,-10.61,0.00,0.00,0.00,0.00,0.00,0.00,-0.00,0.00,0.00,0.00,0.00,0.00,0.00,0.00,0.00,0
20.09,24,-10,267,0,DRIVE [ 22 ] [ 1 ] [ 1750 1905 1770 ] [    0    0    0 ] [      0      0      0 ] [ 0 ],drive [ 22 ] [ 0 ] [ 1751 1905 1769 ] [   30   12   14 ] [   9323   6197  10233 ] [ 0 ],1.00,1.00,1.00,1.00,24.37,-10.48,0.00,0.00,0.00,0.00,0.00,0.00,-0.00,0.00,0.00,0.00,0.00,0.00,0.00,0.00,0.00,0
20.1017,24,-10,268,0,DRIVE [ 23 ] [ 1 ] [ 1750 1905 1771 ] [    0    0    0 ] [      0      0      0 ] [ 0 ],drive [ 22 ] [ 0 ] [ 1750 1905 1770 ] [   30   12   14 ] [   9322   6197  10233 ] [ 0 ],1.00,1.00,1.00,1.00,24.47,-10.39,0.00,0.00,0.00,0.00,0.00,0.00,-0.00,0.00,0.00,0.00,0.00,0.00,0.00,0.00,0.00,0
20.1141,25,-10,268,0,DRIVE [ 23 ] [ 1 ] [ 1748 1905 1771 ] [    0    0    0 ] [      0      0      0 ] [ 0 ],drive [ 23 ] [ 0 ] [ 1750 1905 1771 ] [   30   12   14 ] [   9322   6197  10233 ] [ 0 ],1.00,1.00,1.00,1.00,24.69,-10.23,0.00,0.00,0.00,0.00,0.00,0.00,-0.00,0.00,0.00,0.00,0.00,0.00,0.00,0.00,0.00,0
20.1262,25,-10,267,0,DRIVE [ 24 ] [ 1 ] [ 1746 1905 1772 ] [    0    0    0 ] [      0      0      0 ] [ 0 ],drive [ 23 ] [ 0 ] [ 1748 1905 1771 ] [   30   12   14 ] [   9322   6197  10233 ] [ 0 ],1.00,1.00,1.00,1.00,24.81,-10.02,0.00,0.00,0.00,0.00,0.00,0.00,-0.00,0.00,0.00,0.00,0.00,0.00,0.00,0.00,0.00,0
20.1379,25,-10,266,0,DRIVE [ 24 ] [ 1 ] [ 1744 1905 1773 ] [    0    0    0 ] [      0      0      0 ] [ 0 ],drive [ 24 ] [ 0 ] [ 1746 1905 1772 ] [   30   12   14 ] [   9322   6197  10233 ] [ 0 ],1.00,1.00,1.00,1.00,24.87,-9.74,0.00,0.00,0.00,0.00,0.00,0.00,-0.00,0.00,0.00,0.00,0.00,0.00,0.00,0.00,0.00,0
20.1503,25,-10,267,0,DRIVE [ 25 ] [ 1 ] [ 1743 1905 1774 ] [    0    0    0 ] [      0      0      0 ] [ 0 ],drive [ 24 ] [ 0 ] [ 1744 1905 1773 ] [   30   12   14 ] [   9322   6197  10234 ] [ 0 ],1.00,1.00,1.00,1.00,25.05,-9.60,0.00,0.00,0.00,0.00,0.00,0.00,-0.00,0.00,0.00,0.00,0.00,0.00,0.00,0.00,0.00,0
20.1626,25,-9,267,0,DRIVE [ 25 ] [ 1 ] [ 1742 1905 1774 ] [    0    0    0 ] [      0      0      0 ] [ 0 ],drive [ 25 ] [ 0 ] [ 1743 1905 1774 ] [   30   13   14 ] [   9322   6197  10234 ] [ 0 ],1.00,1.00,1.00,1.00,25.19,-9.47,0.00,0.00,0.00,0.00,0.00,0.00,-0.00,0.00,0.00,0.00,0.00,0.00,0.00,0.00,0.00,0
20.1748,25,-9,267,0,DRIVE [ 26 ] [ 1 ] [ 1740 1905 1775 ] [    0    0    0 ] [      0      0      0 ] [ 0 ],drive [ 25 ] [ 0 ] [ 1742 1905 1774 ] [   30   13   14 ] [   9322   6197  10234 ] [ 0 ],1.00,1.00,1.00,1.00,25.32,-9.36,0.00,0.00,0.00,0.00,0.00,0.00,-0.00,0.00,0.00,0.00,0.00,0.00,0.00,0.00,0.00,0
20.1868,25,-9,267,0,DRIVE [ 26 ] [ 1 ] [ 1740 1905 1774 ] [    0    0    0 ] [      0      0      0 ] [ 0 ],drive [ 26 ] [ 0 ] [ 1740 1905 1775 ] [   30   13   14 ] [   9322   6197  10234 ] [ 0 ],1.00,1.00,1.00,1.00,25.45,-9.37,0.00,0.00,0.00,0.00,0.00,0.00,-0.00,0.00,0.00,0.00,0.00,0.00,0.00,0.00,0.00,0
20.2016,26,-9,267,0,DRIVE [ 27 ] [ 1 ] [ 1739 1905 1775 ] [    0    0    0 ] [      0      0      0 ] [ 0 ],drive [ 26 ] [ 0 ] [ 1740 1905 1774 ] [   30   13   14 ] [   9322   6197  10234 ] [ 0 ],1.00,1.00,1.00,1.00,25.56,-9.28,0.00,0.00,0.00,0.00,0.00,0.00,-0.00,0.00,0.00,0.00,0.00,0.00,0.00,0.00,0.00,0
20.2145,26,-9,267,0,DRIVE [ 27 ] [ 1 ] [ 1738 1905 1775 ] [    0    0    0 ] [      0      0      0 ] [ 0 ],drive [ 27 ] [ 0 ] [ 1739 1905 1775 ] [   30   12   14 ] [   9322   6197  10234 ] [ 0 ],1.00,1.00,1.00,1.00,25.50,-9.15,0.00,0.00,0.00,0.00,0.00,0.00,-0.00,0.00,0.00,0.00,0.00,0.00,0.00,0.00,0.00,0
20.2271,26,-9,267,0,DRIVE [ 28 ] [ 1 ] [ 1738 1905 1776 ] [    0    0    0 ] [      0      0      0 ] [ 0 ],drive [ 27 ] [ 0 ] [ 1738 1905 1775 ] [   30   12   14 ] [   9322   6197  10234 ] [ 0 ],1.00,1.00,1.00,1.00,25.53,-9.04,0.00,0.00,0.00,0.00,0.00,0.00,-0.00,0.00,0.00,0.00,0.00,0.00,0.00,0.00,0.00,0
20.2393,26,-9,267,0,DRIVE [ 28 ] [ 1 ] [ 1738 1905 1776 ] [    0    0    0 ] [      0      0      0 ] [ 0 ],drive [ 28 ] [ 0 ] [ 1738 1905 1776 ] [   30   12   14 ] [   9322   6197  10234 ] [ 0 ],1.00,1.00,1.00,1.00,25.56,-9.01,0.00,0.00,0.00,0.00,0.00,0.00,-0.00,0.00,0.00,0.00,0.00,0.00,0.00,0.00,0.00,0
20.2513,26,-9,267,0,DRIVE [ 29 ] [ 1 ] [ 1737 1905 1775 ] [    0    0    0 ] [      0      0      0 ] [ 0 ],drive [ 28 ] [ 0 ] [ 1738 1905 1776 ] [   30   12   14 ] [   9323   6197  10234 ] [ 0 ],1.00,1.00,1.00,1.00,25.65,-9.10,0.00,0.00,0.00,0.00,0.00,0.00,-0.00,0.00,0.00,0.00,0.00,0.00,0.00,0.00,0.00,0
20.264,26,-9,267,0,DRIVE [ 29 ] [ 1 ] [ 1738 1905 1775 ] [    0    0    0 ] [      0      0      0 ] [ 0 ],drive [ 29 ] [ 0 ] [ 1737 1905 1775 ] [   30   11   14 ] [   9323   6197  10234 ] [ 0 ],1.00,1.00,1.00,1.00,25.63,-9.13,0.00,0.00,0.00,0.00,0.00,0.00,-0.00,0.00,0.00,0.00,0.00,0.00,0.00,0.00,0.00,0
20.2762,25,-9,267,0,DRIVE [ 30 ] [ 1 ] [ 1738 1905 1776 ] [    0    0    0 ] [      0      0      0 ] [ 0 ],drive [ 29 ] [ 0 ] [ 1738 1905 1775 ] [   30   11   14 ] [   9323   6197  10234 ] [ 0 ],1.00,1.00,1.00,1.00,25.50,-9.11,0.00,0.00,0.00,0.00,0.00,0.00,-0.00,0.00,0.00,0.00,0.00,0.00,0.00,0.00,0.00,0
20.2893,25,-9,267,0,DRIVE [ 30 ] [ 1 ] [ 1739 1905 1775 ] [    0    0    0 ] [      0      0      0 ] [ 0 ],drive [ 30 ] [ 0 ] [ 1738 1905 1776 ] [   30   11   14 ] [   9323   6197  10234 ] [ 0 ],1.00,1.00,1.00,1.00,25.40,-9.19,0.00,0.00,0.00,0.00,0.00,0.00,-0.00,0.00,0.00,0.00,0.00,0.00,0.00,0.00,0.00,0
20.3015,25,-9,267,0,DRIVE [ 31 ] [ 1 ] [ 1740 1905 1775 ] [    0    0    0 ] [      0      0      0 ] [ 0 ],drive [ 30 ] [ 0 ] [ 1739 1905 1775 ] [   30   11   14 ] [   9323   6199  10234 ] [ 0 ],1.00,1.00,1.00,1.00,25.31,-9.31,0.00,0.00,0.00,0.00,0.00,0.00,-0.00,0.00,0.00,0.00,0.00,0.00,0.00,0.00,0.00,0
20.3138,25,-9,267,0,DRIVE [ 31 ] [ 1 ] [ 1741 1905 1774 ] [    0    0    0 ] [      0      0      0 ] [ 0 ],drive [ 31 ] [ 0 ] [ 1740 1905 1775 ] [   30   11   14 ] [   9323   6199  10234 ] [ 0 ],1.00,1.00,1.00,1.00,25.26,-9.42,0.00,0.00,0.00,0.00,0.00,0.00,-0.00,0.00,0.00,0.00,0.00,0.00,0.00,0.00,0.00,0
20.326,25,-9,267,0,DRIVE [ 32 ] [ 1 ] [ 1743 1905 1774 ] [    0    0    0 ] [      0      0      0 ] [ 0 ],drive [ 31 ] [ 0 ] [ 1741 1905 1774 ] [   30   11   14 ] [   9323   6199  10234 ] [ 0 ],1.00,1.00,1.00,1.00,25.03,-9.49,0.00,0.00,0.00,0.00,0.00,0.00,-0.00,0.00,0.00,0.00,0.00,0.00,0.00,0.00,0.00,0
20.3378,25,-10,267,0,DRIVE [ 32 ] [ 1 ] [ 1744 1905 1774 ] [    0    0    0 ] [      0      0      0 ] [ 0 ],drive [ 32 ] [ 0 ] [ 1743 1905 1774 ] [   30   11   14 ] [   9323   6199  10234 ] [ 0 ],1.00,1.00,1.00,1.00,24.90,-9.55,0.00,0.00,0.00,0.00,0.00,0.00,-0.00,0.00,0.00,0.00,0.00,0.00,-0.00,0.00,0.00,0
20.3502,25,-10,266,0,DRIVE [ 33 ] [ 1 ] [ 1745 1905 1775 ] [    0    0    0 ] [      0      0      0 ] [ 0 ],drive [ 32 ] [ 0 ] [ 1744 1905 1774 ] [   30   11   14 ] [   9323   6199  10234 ] [ 0 ],1.00,1.00,1.00,1.00,24.65,-9.55,0.00,0.00,0.00,0.00,0.00,0.00,-0.00,0.00,0.00,0.00,0.00,0.00,-0.00,0.00,0.00,0
20.3624,25,-10,268,0,DRIVE [ 33 ] [ 1 ] [ 1747 1905 1775 ] [    0    0    0 ] [      0      0      0 ] [ 0 ],drive [ 33 ] [ 0 ] [ 1745 1905 1775 ] [   30   10   14 ] [   9323   6199  10234 ] [ 0 ],1.00,1.00,1.00,1.00,24.59,-9.68,0.00,0.00,0.00,0.00,0.00,0.00,-0.00,0.00,0.00,0.00,0.00,0.00,-0.00,0.00,0.00,0
20.3746,24,-10,267,0,DRIVE [ 34 ] [ 1 ] [ 1749 1905 1775 ] [    0    0    0 ] [      0      0      0 ] [ 0 ],drive [ 33 ] [ 0 ] [ 1747 1905 1775 ] [   30   10   14 ] [   9323   6199  10234 ] [ 0 ],1.00,1.00,1.00,1.00,24.30,-9.70,0.00,0.00,0.00,0.00,0.00,0.00,-0.00,0.00,0.00,0.00,0.00,0.00,-0.00,0.00,0.00,0
20.3865,24,-10,267,0,DRIVE [ 34 ] [ 1 ] [ 1750 1905 1776 ] [    0    0    0 ] [      0      0      0 ] [ 0 ],drive [ 34 ] [ 0 ] [ 1749 1905 1775 ] [   30   10   14 ] [   9323   6199  10234 ] [ 0 ],1.00,1.00,1.00,1.00,24.13,-9.70,0.00,0.00,0.00,0.00,0.00,0.00,-0.00,0.00,0.00,0.00,0.00,0.00,-0.00,0.00,0.00,0
20.3989,24,-10,267,0,DRIVE [ 35 ] [ 1 ] [ 1752 1905 1776 ] [    0    0    0 ] [      0      0      0 ] [ 0 ],drive [ 34 ] [ 0 ] [ 1750 1905 1776 ] [   30   10   14 ] [   9323   6200  10234 ] [ 0 ],1.00,1.00,1.00,1.00,23.93,-9.70,0.00,0.00,0.00,0.00,0.00,0.00,-0.00,0.00,0.00,0.00,0.00,0.00,-0.00,0.00,0.00,0
20.4111,24,-10,267,0,DRIVE [ 35 ] [ 1 ] [ 1753 1905 1777 ] [    0    0    0 ] [      0      0      0 ] [ 0 ],drive [ 35 ] [ 0 ] [ 1752 1905 1776 ] [   29   10   18 ] [   9323   6200  10234 ] [ 0 ],1.00,1.00,1.00,1.00,23.69,-9.63,0.00,0.00,0.00,0.00,0.00,0.00,-0.00,0.00,0.00,0.00,0.00,0.00,-0.00,0.00,0.00,0
20.4233,24,-10,267,0,DRIVE [ 36 ] [ 1 ] [ 1754 1905 1779 ] [    0    0    0 ] [      0      0      0 ] [ 0 ],drive [ 35 ] [ 0 ] [ 1753 1905 1777 ] [   29   10   18 ] [   9323   6200  10234 ] [ 0 ],1.00,1.00,1.00,1.00,23.55,-9.50,0.00,0.00,0.00,0.00,0.00,0.00,-0.00,0.00,0.00,0.00,0.00,0.00,-0.00,0.00,0.00,0
20.4348,23,-9,267,0,DRIVE [ 36 ] [ 1 ] [ 1755 1905 1780 ] [    0    0    0 ] [      0      0      0 ] [ 0 ],drive [ 36 ] [ 0 ] [ 1754 1905 1779 ] [   29   10   18 ] [   9323   6200  10234 ] [ 0 ],1.00,1.00,1.00,1.00,23.38,-9.33,0.00,0.00,0.00,0.00,0.00,0.00,-0.00,0.00,0.00,0.00,0.00,0.00,-0.00,0.00,0.00,0
20.4472,23,-9,268,0,DRIVE [ 37 ] [ 1 ] [ 1755 1905 1782 ] [    0    0    0 ] [      0      0      0 ] [ 0 ],drive [ 36 ] [ 0 ] [ 1755 1905 1780 ] [   29   10   18 ] [   9322   6200  10253 ] [ 0 ],1.00,1.00,1.00,1.00,23.37,-9.13,0.00,0.00,0.00,0.00,0.00,0.00,-0.00,0.00,0.00,0.00,0.00,0.00,-0.00,0.00,0.00,0
20.4596,23,-9,268,0,DRIVE [ 37 ] [ 1 ] [ 1755 1905 1784 ] [    0    0    0 ] [      0      0      0 ] [ 0 ],drive [ 37 ] [ 0 ] [ 1755 1905 1782 ] [   28   11   31 ] [   9322   6200  10253 ] [ 0 ],1.00,1.00,1.00,1.00,23.32,-8.85,0.00,0.00,0.00,0.00,0.00,0.00,-0.00,0.00,0.00,0.00,0.00,0.00,-0.00,0.00,0.00,0
20.4714,23,-8,268,0,DRIVE [ 38 ] [ 1 ] [ 1754 1905 1786 ] [    0    0    0 ] [      0      0      0 ] [ 0 ],drive [ 37 ] [ 0 ] [ 1755 1905 1784 ] [   28   11   31 ] [   9322   6200  10253 ] [ 0 ],1.00,1.00,1.00,1.00,23.28,-8.49,0.00,0.00,0.00,0.00,0.00,0.00,-0.00,0.00,0.00,0.00,0.00,0.00,-0.00,0.00,0.00,0
20.4838,23,-8,269,0,DRIVE [ 38 ] [ 1 ] [ 1753 1905 1789 ] [    0    0    0 ] [      0      0      0 ] [ 0 ],drive [ 38 ] [ 0 ] [ 1754 1905 1786 ] [   28   11   31 ] [   9322   6200  10253 ] [ 0 ],1.00,1.00,1.00,1.00,23.26,-8.12,0.00,0.00,0.00,0.00,0.00,0.00,-0.00,0.00,0.00,0.00,0.00,0.00,-0.00,0.00,0.00,0
20.4961,23,-8,269,0,DRIVE [ 39 ] [ 1 ] [ 1753 1905 1791 ] [    0    0    0 ] [      0      0      0 ] [ 0 ],drive [ 38 ] [ 0 ] [ 1753 1905 1789 ] [   28   11   31 ] [   9322   6200  10254 ] [ 0 ],1.00,1.00,1.00,1.00,23.21,-7.80,0.00,0.00,0.00,0.00,0.00,0.00,-0.00,0.00,0.00,0.00,0.00,0.00,-0.00,0.00,0.00,0
20.508,23,-7,269,0,DRIVE [ 39 ] [ 1 ] [ 1752 1905 1793 ] [    0    0    0 ] [      0      0      0 ] [ 0 ],drive [ 39 ] [ 0 ] [ 1753 1905 1791 ] [   29   10   30 ] [   9322   6200  10254 ] [ 0 ],1.00,1.00,1.00,1.00,23.24,-7.49,0.00,0.00,0.00,0.00,0.00,0.00,-0.00,0.00,0.00,0.00,0.00,0.00,-0.00,0.00,0.00,0
20.5197,23,-7,269,0,DRIVE [ 40 ] [ 1 ] [ 1751 1905 1795 ] [    0    0    0 ] [      0      0      0 ] [ 0 ],drive [ 39 ] [ 0 ] [ 1752 1905 1793 ] [   29   10   30 ] [   9322   6200  10254 ] [ 0 ],1.00,1.00,1.00,1.00,23.31,-7.18,0.00,0.00,0.00,0.00,0.00,0.00,-0.00,0.00,0.00,0.00,0.00,0.00,-0.00,0.00,0.00,0
20.5319,23,-7,268,0,DRIVE [ 40 ] [ 1 ] [ 1749 1905 1796 ] [    0    0    0 ] [      0      0      0 ] [ 0 ],drive [ 40 ] [ 0 ] [ 1751 1905 1795 ] [   29   10   30 ] [   9322   6200  10254 ] [ 0 ],1.00,1.00,1.00,1.00,23.26,-6.88,0.00,0.00,0.00,0.00,0.00,0.00,-0.00,0.00,0.00,0.00,0.00,0.00,-0.00,0.00,0.00,0
20.544,23,-7,268,0,DRIVE [ 41 ] [ 1 ] [ 1747 1905 1797 ] [    0    0    0 ] [      0      0      0 ] [ 0 ],drive [ 40 ] [ 0 ] [ 1749 1905 1796 ] [   29   10   30 ] [   9322   6200  10254 ] [ 0 ],1.00,1.00,1.00,1.00,23.44,-6.64,0.00,0.00,0.00,0.00,0.00,0.00,-0.00,0.00,0.00,0.00,0.00,0.00,-0.00,0.00,0.00,0
20.556,24,-6,268,0,DRIVE [ 41 ] [ 1 ] [ 1745 1905 1797 ] [    0    0    0 ] [      0      0      0 ] [ 0 ],drive [ 41 ] [ 0 ] [ 1747 1905 1797 ] [   29   10   30 ] [   9322   6200  10254 ] [ 0 ],1.00,1.00,1.00,1.00,23.70,-6.49,0.00,0.00,0.00,0.00,0.00,0.00,-0.00,0.00,0.00,0.00,0.00,0.00,-0.00,0.00,0.00,0
20.568,24,-6,267,0,DRIVE [ 42 ] [ 1 ] [ 1743 1905 1797 ] [    0    0    0 ] [      0      0      0 ] [ 0 ],drive [ 41 ] [ 0 ] [ 1745 1905 1797 ] [   30   10   30 ] [   9322   6200  10254 ] [ 0 ],1.00,1.00,1.00,1.00,23.83,-6.38,0.00,0.00,0.00,0.00,0.00,0.00,-0.00,0.00,0.00,0.00,0.00,0.00,-0.00,0.00,0.00,0
20.5803,24,-6,267,0,DRIVE [ 42 ] [ 1 ] [ 1741 1905 1796 ] [    0    0    0 ] [      0      0      0 ] [ 0 ],drive [ 42 ] [ 0 ] [ 1743 1905 1797 ] [   30   10   30 ] [   9322   6200  10254 ] [ 0 ],1.00,1.00,1.00,1.00,24.10,-6.41,0.00,0.00,0.00,0.00,0.00,0.00,-0.00,0.00,0.00,0.00,0.00,0.00,-0.00,0.00,0.00,0
20.5928,24,-6,267,0,DRIVE [ 43 ] [ 1 ] [ 1739 1905 1796 ] [    0    0    0 ] [      0      0      0 ] [ 0 ],drive [ 42 ] [ 0 ] [ 1741 1905 1796 ] [   30   10   30 ] [   9322   6200  10254 ] [ 0 ],1.00,1.00,1.00,1.00,24.27,-6.37,0.00,0.00,0.00,0.00,0.00,0.00,-0.00,0.00,0.00,0.00,0.00,0.00,-0.00,0.00,0.00,0
20.6045,25,-6,267,0,DRIVE [ 43 ] [ 1 ] [ 1737 1905 1795 ] [    0    0    0 ] [      0      0      0 ] [ 0 ],drive [ 43 ] [ 0 ] [ 1739 1905 1796 ] [   30   10   30 ] [   9322   6200  10253 ] [ 0 ],1.00,1.00,1.00,1.00,24.58,-6.41,0.00,0.00,0.00,0.00,0.00,0.00,-0.00,0.00,0.00,0.00,0.00,0.00,0.00,0.00,0.00,0
20.617,25,-6,266,0,DRIVE [ 44 ] [ 1 ] [ 1736 1905 1794 ] [    0    0    0 ] [      0      0      0 ] [ 0 ],drive [ 43 ] [ 0 ] [ 1737 1905 1795 ] [   31   10   29 ] [   9322   6200  10253 ] [ 0 ],1.00,1.00,1.00,1.00,24.75,-6.48,0.00,0.00,0.00,0.00,0.00,0.00,-0.00,0.00,0.00,0.00,0.00,0.00,0.00,0.00,0.00,0
20.6292,25,-7,266,0,DRIVE [ 44 ] [ 1 ] [ 1735 1905 1792 ] [    0    0    0 ] [      0      0      0 ] [ 0 ],drive [ 44 ] [ 0 ] [ 1736 1905 1794 ] [   31   10   29 ] [   9322   6200  10253 ] [ 0 ],1.00,1.00,1.00,1.00,24.94,-6.56,0.00,0.00,0.00,0.00,0.00,0.00,-0.00,0.00,0.00,0.00,0.00,0.00,0.00,0.00,0.00,0
20.6415,25,-7,266,0,DRIVE [ 45 ] [ 1 ] [ 1734 1905 1791 ] [    0    0    0 ] [      0      0      0 ] [ 0 ],drive [ 44 ] [ 0 ] [ 1735 1905 1792 ] [   31   10   29 ] [   9322   6200  10253 ] [ 0 ],1.00,1.00,1.00,1.00,25.05,-6.70,0.00,0.00,0.00,0.00,0.00,0.00,-0.00,0.00,0.00,0.00,0.00,0.00,0.00,0.00,0.00,0
20.6535,25,-7,266,0,DRIVE [ 45 ] [ 1 ] [ 1734 1905 1790 ] [    0    0    0 ] [      0      0      0 ] [ 0 ],drive [ 45 ] [ 0 ] [ 1734 1905 1791 ] [   31   10   29 ] [   9323   6200  10253 ] [ 0 ],1.00,1.00,1.00,1.00,25.07,-6.83,0.00,0.00,0.00,0.00,0.00,0.00,-0.00,0.00,0.00,0.00,0.00,0.00,0.00,0.00,0.00,0
20.666,25,-7,266,0,DRIVE [ 46 ] [ 1 ] [ 1734 1905 1789 ] [    0    0    0 ] [      0      0      0 ] [ 0 ],drive [ 45 ] [ 0 ] [ 1734 1905 1790 ] [   30   10   30 ] [   9323   6200  10253 ] [ 0 ],1.00,1.00,1.00,1.00,25.22,-6.95,0.00,0.00,0.00,0.00,0.00,0.00,-0.00,0.00,0.00,0.00,0.00,0.00,0.00,0.00,0.00,0
20.6782,25,-7,266,0,DRIVE [ 46 ] [ 1 ] [ 1734 1905 1788 ] [    0    0    0 ] [      0      0      0 ] [ 0 ],drive [ 46 ] [ 0 ] [ 1734 1905 1789 ] [   30   10   30 ] [   9323   6200  10253 ] [ 0 ],1.00,1.00,1.00,1.00,25.32,-7.12,0.00,0.00,0.00,0.00,0.00,0.00,-0.00,0.00,0.00,0.00,0.00,0.00,0.00,0.00,0.00,0
20.6903,25,-7,266,0,DRIVE [ 47 ] [ 1 ] [ 1734 1905 1787 ] [    0    0    0 ] [      0      0      0 ] [ 0 ],drive [ 46 ] [ 0 ] [ 1734 1905 1788 ] [   30   10   30 ] [   9323   6200  10253 ] [ 0 ],1.00,1.00,1.00,1.00,25.25,-7.29,0.00,0.00,0.00,0.00,0.00,0.00,-0.00,0.00,0.00,0.00,0.00,0.00,0.00,0.00,0.00,0
20.7023,25,-7,266,0,DRIVE [ 47 ] [ 1 ] [ 1735 1905 1786 ] [    0    0    0 ] [      0      0      0 ] [ 0 ],drive [ 47 ] [ 0 ] [ 1734 1905 1787 ] [   30   10   30 ] [   9323   6200  10253 ] [ 0 ],1.00,1.00,1.00,1.00,25.22,-7.45,0.00,0.00,0.00,0.00,0.00,0.00,-0.00,0.00,0.00,0.00,0.00,0.00,0.00,0.00,0.00,0
20.7147,25,-8,266,0,DRIVE [ 48 ] [ 1 ] [ 1736 1905 1785 ] [    0    0    0 ] [      0      0      0 ] [ 0 ],drive [ 47 ] [ 0 ] [ 1735 1905 1786 ] [   31   10   30 ] [   9323   6200  10253 ] [ 0 ],1.00,1.00,1.00,1.00,25.19,-7.62,0.00,0.00,0.00,0.00,0.00,0.00,-0.00,0.00,0.00,0.00,0.00,0.00,0.00,0.00,0.00,0
20.7267,25,-8,267,0,DRIVE [ 48 ] [ 1 ] [ 1737 1905 1785 ] [    0    0    0 ] [      0      0      0 ] [ 0 ],drive [ 48 ] [ 0 ] [ 1736 1905 1785 ] [   31   10   30 ] [   9323   6200  10253 ] [ 0 ],1.00,1.00,1.00,1.00,25.22,-7.80,0.00,0.00,0.00,0.00,0.00,0.00,-0.00,0.00,0.00,0.00,0.00,0.00,0.00,0.00,0.00,0
20.7384,25,-8,267,0,DRIVE [ 49 ] [ 1 ] [ 1738 1905 1784 ] [    0    0    0 ] [      0      0      0 ] [ 0 ],drive [ 48 ] [ 0 ] [ 1737 1905 1785 ] [   31   10   30 ] [   9323   6200  10253 ] [ 0 ],1.00,1.00,1.00,1.00,25.20,-7.96,0.00,0.00,0.00,0.00,0.00,0.00,-0.00,0.00,0.00,0.00,0.00,0.00,0.00,0.00,0.00,0
20.7507,25,-8,268,0,DRIVE [ 49 ] [ 1 ] [ 1738 1905 1783 ] [    0    0    0 ] [      0      0      0 ] [ 0 ],drive [ 49 ] [ 0 ] [ 1738 1905 1784 ] [   31   10   30 ] [   9323   6200  10253 ] [ 0 ],1.00,1.00,1.00,1.00,25.18,-8.06,0.00,0.00,0.00,0.00,0.00,0.00,-0.00,0.00,0.00,0.00,0.00,0.00,0.00,0.00,0.00,0
20.763,25,-8,268,0,DRIVE [ 50 ] [ 1 ] [ 1739 1905 1783 ] [    0    0    0 ] [      0      0      0 ] [ 0 ],drive [ 49 ] [ 0 ] [ 1738 1905 1783 ] [   30   10   31 ] [   9323   6200  10253 ] [ 0 ],1.00,1.00,1.00,1.00,25.16,-8.15,0.00,0.00,0.00,0.00,0.00,0.00,-0.00,0.00,0.00,0.00,0.00,0.00,0.00,0.00,0.00,0
20.7754,25,-8,268,0,DRIVE [ 50 ] [ 1 ] [ 1740 1905 1783 ] [    0    0    0 ] [      0      0      0 ] [ 0 ],drive [ 50 ] [ 0 ] [ 1739 1905 1783 ] [   30   10   31 ] [   9323   6200  10253 ] [ 0 ],1.00,1.00,1.00,1.00,25.06,-8.17,0.00,0.00,0.00,0.00,0.00,0.00,-0.00,0.00,0.00,0.00,0.00,0.00,0.00,0.00,0.00,0
20.7873,25,-8,267,0,DRIVE [ 51 ] [ 1 ] [ 1740 1905 1783 ] [    0    0    0 ] [      0      0      0 ] [ 0 ],drive [ 50 ] [ 0 ] [ 1740 1905 1783 ] [   30   10   31 ] [   9323   6200  10253 ] [ 0 ],1.00,1.00,1.00,1.00,24.94,-8.17,0.00,0.00,0.00,0.00,0.00,0.00,-0.00,0.00,0.00,0.00,0.00,0.00,0.00,0.00,0.00,0
20.7998,25,-8,267,0,DRIVE [ 51 ] [ 1 ] [ 1741 1905 1784 ] [    0    0    0 ] [      0      0      0 ] [ 0 ],drive [ 51 ] [ 0 ] [ 1740 1905 1783 ] [   30   10   31 ] [   9323   6200  10255 ] [ 0 ],1.00,1.00,1.00,1.00,24.84,-8.10,0.00,0.00,0.00,0.00,0.00,0.00,-0.00,0.00,0.00,0.00,0.00,0.00,0.00,0.00,0.00,0
20.8119,25,-8,267,0,DRIVE [ 52 ] [ 1 ] [ 1741 1905 1784 ] [    0    0    0 ] [      0      0      0 ] [ 0 ],drive [ 51 ] [ 0 ] [ 1741 1905 1784 ] [   30   10   32 ] [   9323   6200  10255 ] [ 0 ],1.00,1.00,1.00,1.00,24.76,-8.06,0.00,0.00,0.00,0.00,0.00,0.00,-0.00,0.00,0.00,0.00,0.00,0.00,0.00,0.00,0.00,0
20.8239,25,-8,267,0,DRIVE [ 52 ] [ 1 ] [ 1741 1905 1785 ] [    0    0    0 ] [      0      0      0 ] [ 0 ],drive [ 52 ] [ 0 ] [ 1741 1905 1784 ] [   30   10   32 ] [   9323   6200  10255 ] [ 0 ],1.00,1.00,1.00,1.00,24.71,-8.01,0.00,0.00,0.00,0.00,0.00,0.00,-0.00,0.00,0.00,0.00,0.00,0.00,0.00,0.00,0.00,0
20.8356,25,-8,266,0,DRIVE [ 53 ] [ 1 ] [ 1741 1905 1785 ] [    0    0    0 ] [      0      0      0 ] [ 0 ],drive [ 52 ] [ 0 ] [ 1741 1905 1785 ] [   30   10   32 ] [   9323   6200  10255 ] [ 0 ],1.00,1.00,1.00,1.00,24.67,-8.00,0.00,0.00,0.00,0.00,0.00,0.00,-0.00,0.00,0.00,0.00,0.00,0.00,0.00,0.00,0.00,0
20.8481,25,-8,267,0,DRIVE [ 53 ] [ 1 ] [ 1741 1905 1784 ] [    0    0    0 ] [      0      0      0 ] [ 0 ],drive [ 53 ] [ 0 ] [ 1741 1905 1785 ] [   30   10   32 ] [   9323   6200  10255 ] [ 0 ],1.00,1.00,1.00,1.00,24.79,-8.07,0.00,0.00,0.00,0.00,0.00,0.00,-0.00,0.00,0.00,0.00,0.00,0.00,0.00,0.00,0.00,0
20.8602,25,-8,267,0,DRIVE [ 54 ] [ 1 ] [ 1740 1905 1783 ] [    0    0    0 ] [      0      0      0 ] [ 0 ],drive [ 53 ] [ 0 ] [ 1741 1905 1784 ] [   30   10   31 ] [   9323   6200  10255 ] [ 0 ],1.00,1.00,1.00,1.00,24.91,-8.17,0.00,0.00,0.00,0.00,0.00,0.00,-0.00,0.00,0.00,0.00,0.00,0.00,0.00,0.00,0.00,0
20.8719,25,-8,267,0,DRIVE [ 54 ] [ 1 ] [ 1740 1905 1783 ] [    0    0    0 ] [      0      0      0 ] [ 0 ],drive [ 54 ] [ 0 ] [ 1740 1905 1783 ] [   30   10   31 ] [   9323   6200  10255 ] [ 0 ],1.00,1.00,1.00,1.00,24.94,-8.20,0.00,0.00,0.00,0.00,0.00,0.00,-0.00,0.00,0.00,0.00,0.00,0.00,0.00,0.00,0.00,0
20.8842,25,-8,267,0,DRIVE [ 55 ] [ 1 ] [ 1740 1905 1782 ] [    0    0    0 ] [      0      0      0 ] [ 0 ],drive [ 54 ] [ 0 ] [ 1740 1905 1783 ] [   30   10   31 ] [   9323   6200  10255 ] [ 0 ],1.00,1.00,1.00,1.00,25.05,-8.32,0.00,0.00,0.00,0.00,0.00,0.00,-0.00,0.00,0.00,0.00,0.00,0.00,0.00,0.00,0.00,0
20.8964,25,-8,267,0,DRIVE [ 55 ] [ 1 ] [ 1740 1905 1781 ] [    0    0    0 ] [      0      0      0 ] [ 0 ],drive [ 55 ] [ 0 ] [ 1740 1905 1782 ] [   30   10   31 ] [   9322   6200  10255 ] [ 0 ],1.00,1.00,1.00,1.00,25.04,-8.40,0.00,0.00,0.00,0.00,0.00,0.00,-0.00,0.00,0.00,0.00,0.00,0.00,0.00,0.00,0.00,0
20.9087,25,-9,266,0,DRIVE [ 56 ] [ 1 ] [ 1740 1905 1780 ] [    0    0    0 ] [      0      0      0 ] [ 0 ],drive [ 55 ] [ 0 ] [ 1740 1905 1781 ] [   31   10   32 ] [   9322   6200  10255 ] [ 0 ],1.00,1.00,1.00,1.00,25.03,-8.50,0.00,0.00,0.00,0.00,0.00,0.00,-0.00,0.00,0.00,0.00,0.00,0.00,0.00,0.00,0.00,0
20.9205,25,-9,266,0,DRIVE [ 56 ] [ 1 ] [ 1739 1905 1780 ] [    0    0    0 ] [      0      0      0 ] [ 0 ],drive [ 56 ] [ 0 ] [ 1740 1905 1780 ] [   31   10   32 ] [   9322   6200  10255 ] [ 0 ],1.00,1.00,1.00,1.00,25.05,-8.54,0.00,0.00,0.00,0.00,0.00,0.00,-0.00,0.00,0.00,0.00,0.00,0.00,0.00,0.00,0.00,0
20.9329,25,-9,265,0,DRIVE [ 57 ] [ 1 ] [ 1739 1905 1779 ] [    0    0    0 ] [      0      0      0 ] [ 0 ],drive [ 56 ] [ 0 ] [ 1739 1905 1780 ] [   31   10   32 ] [   9322   6200  10255 ] [ 0 ],1.00,1.00,1.00,1.00,25.06,-8.65,0.00,0.00,0.00,0.00,0.00,0.00,-0.00,0.00,0.00,0.00,0.00,0.00,0.00,0.00,0.00,0
20.9451,25,-9,266,0,DRIVE [ 57 ] [ 1 ] [ 1739 1905 1778 ] [    0    0    0 ] [      0      0      0 ] [ 0 ],drive [ 57 ] [ 0 ] [ 1739 1905 1779 ] [   31   10   32 ] [   9322   6200  10256 ] [ 0 ],1.00,1.00,1.00,1.00,25.20,-8.81,0.00,0.00,0.00,0.00,0.00,0.00,-0.00,0.00,0.00,0.00,0.00,0.00,0.00,0.00,0.00,0
20.9572,25,-9,266,0,DRIVE [ 58 ] [ 1 ] [ 1739 1905 1777 ] [    0    0    0 ] [      0      0      0 ] [ 0 ],drive [ 57 ] [ 0 ] [ 1739 1905 1778 ] [   31   10   32 ] [   9322   6200  10256 ] [ 0 ],1.00,1.00,1.00,1.00,25.17,-8.88,0.00,0.00,0.00,0.00,0.00,0.00,-0.00,0.00,0.00,0.00,0.00,0.00,0.00,0.00,0.00,0
20.9692,25,-9,266,0,DRIVE [ 58 ] [ 1 ] [ 1740 1905 1777 ] [    0    0    0 ] [      0      0      0 ] [ 0 ],drive [ 58 ] [ 0 ] [ 1739 1905 1777 ] [   30   10   35 ] [   9322   6200  10256 ] [ 0 ],1.00,1.00,1.00,1.00,25.13,-8.99,0.00,0.00,0.00,0.00,0.00,0.00,-0.00,0.00,0.00,0.00,0.00,0.00,0.00,0.00,0.00,0
20.9817,25,-9,265,0,DRIVE [ 59 ] [ 1 ] [ 1740 1905 1776 ] [    0    0    0 ] [      0      0      0 ] [ 0 ],drive [ 58 ] [ 0 ] [ 1740 1905 1777 ] [   30   10   35 ] [   9322   6200  10256 ] [ 0 ],1.00,1.00,1.00,1.00,25.10,-9.05,0.00,0.00,0.00,0.00,0.00,0.00,-0.00,0.00,0.00,0.00,0.00,0.00,0.00,0.00,0.00,0
20.994,25,-9,266,0,DRIVE [ 59 ] [ 1 ] [ 1741 1905 1776 ] [    0    0    0 ] [      0      0      0 ] [ 0 ],drive [ 59 ] [ 0 ] [ 1740 1905 1776 ] [   30   10   35 ] [   9322   6199  10281 ] [ 0 ],1.00,1.00,1.00,1.00,25.09,-9.13,0.00,0.00,0.00,0.00,0.00,0.00,-0.00,0.00,0.00,0.00,0.00,0.00,0.00,0.00,0.00,0
21.0058,25,-9,265,0,DRIVE [ 60 ] [ 1 ] [ 1742 1905 1777 ] [    0    0    0 ] [      0      0      0 ] [ 0 ],drive [ 59 ] [ 0 ] [ 1741 1905 1776 ] [   30   10   35 ] [   9322   6199  10281 ] [ 0 ],1.00,1.00,1.00,1.00,24.89,-9.05,0.00,0.00,0.00,0.00,0.00,0.00,-0.00,0.00,0.00,0.00,0.00,0.00,0.00,0.00,0.00,0
21.0181,25,-9,266,0,DRIVE [ 60 ] [ 1 ] [ 1742 1905 1778 ] [    0    0    0 ] [      0      0      0 ] [ 0 ],drive [ 60 ] [ 0 ] [ 1742 1905 1777 ] [   30   11   34 ] [   9322   6199  10281 ] [ 0 ],1.00,1.00,1.00,1.00,24.85,-8.98,0.00,0.00,0.00,0.00,0.00,0.00,-0.00,0.00,0.00,0.00,0.00,0.00,0.00,0.00,0.00,0
21.0305,25,-9,267,0,DRIVE [ 61 ] [ 1 ] [ 1743 1905 1779 ] [    0    0    0 ] [      0      0      0 ] [ 0 ],drive [ 60 ] [ 0 ] [ 1742 1905 1778 ] [   30   11   34 ] [   9322   6199  10281 ] [ 0 ],1.00,1.00,1.00,1.00,24.76,-8.90,0.00,0.00,0.00,0.00,0.00,0.00,-0.00,0.00,0.00,0.00,0.00,0.00,0.00,0.00,0.00,0
21.0429,25,-9,267,0,DRIVE [ 61 ] [ 1 ] [ 1744 1905 1780 ] [    0    0    0 ] [      0      0      0 ] [ 0 ],drive [ 61 ] [ 0 ] [ 1743 1905 1779 ] [   30   11   34 ] [   9322   6199  10283 ] [ 0 ],1.00,1.00,1.00,1.00,24.61,-8.83,0.00,0.00,0.00,0.00,0.00,0.00,-0.00,0.00,0.00,0.00,0.00,0.00,-0.00,0.00,0.00,0
21.0558,24,-9,268,0,DRIVE [ 62 ] [ 1 ] [ 1745 1905 1781 ] [    0    0    0 ] [      0      0      0 ] [ 0 ],drive [ 61 ] [ 0 ] [ 1744 1905 1780 ] [   30   11   34 ] [   9322   6199  10283 ] [ 0 ],1.00,1.00,1.00,1.00,24.49,-8.71,0.00,0.00,0.00,0.00,0.00,0.00,-0.00,0.00,0.00,0.00,0.00,0.00,-0.00,0.00,0.00,0
21.0679,24,-9,268,0,DRIVE [ 62 ] [ 1 ] [ 1747 1905 1783 ] [    0    0    0 ] [      0      0      0 ] [ 0 ],drive [ 62 ] [ 0 ] [ 1745 1905 1781 ] [   31   11   33 ] [   9322   6199  10283 ] [ 0 ],1.00,1.00,1.00,1.00,24.26,-8.58,0.00,0.00,0.00,0.00,0.00,0.00,-0.00,0.00,0.00,0.00,0.00,0.00,-0.00,0.00,0.00,0
21.0804,24,-8,269,0,DRIVE [ 63 ] [ 1 ] [ 1748 1905 1784 ] [    0    0    0 ] [      0      0      0 ] [ 0 ],drive [ 62 ] [ 0 ] [ 1747 1905 1783 ] [   31   11   33 ] [   9322   6199  10283 ] [ 0 ],1.00,1.00,1.00,1.00,24.14,-8.45,0.00,0.00,0.00,0.00,0.00,0.00,-0.00,0.00,0.00,0.00,0.00,0.00,-0.00,0.00,0.00,0
21.0929,24,-8,269,0,DRIVE [ 63 ] [ 1 ] [ 1749 1905 1786 ] [    0    0    0 ] [      0      0      0 ] [ 0 ],drive [ 63 ] [ 0 ] [ 1748 1905 1784 ] [   31   11   33 ] [   9322   6199  10283 ] [ 0 ],1.00,1.00,1.00,1.00,23.98,-8.30,0.00,0.00,0.00,0.00,0.00,0.00,-0.00,0.00,0.00,0.00,0.00,0.00,-0.00,0.00,0.00,0
21.1059,24,-8,269,0,DRIVE [ 64 ] [ 1 ] [ 1749 1905 1787 ] [    0    0    0 ] [      0      0      0 ] [ 0 ],drive [ 63 ] [ 0 ] [ 1749 1905 1786 ] [   31   11   33 ] [   9322   6199  10283 ] [ 0 ],1.00,1.00,1.00,1.00,23.88,-8.12,0.00,0.00,0.00,0.00,0.00,0.00,-0.00,0.00,0.00,0.00,0.00,0.00,-0.00,0.00,0.00,0
21.1177,24,-8,268,0,DRIVE [ 64 ] [ 1 ] [ 1749 1905 1789 ] [    0    0    0 ] [      0      0      0 ] [ 0 ],drive [ 64 ] [ 0 ] [ 1749 1905 1787 ] [   29   11   33 ] [   9322   6199  10283 ] [ 0 ],1.00,1.00,1.00,1.00,23.71,-7.91,0.00,0.00,0.00,0.00,0.00,0.00,-0.00,0.00,0.00,0.00,0.00,0.00,-0.00,0.00,0.00,0
21.13,24,-8,268,0,DRIVE [ 65 ] [ 1 ] [ 1750 1905 1790 ] [    0    0    0 ] [      0      0      0 ] [ 0 ],drive [ 64 ] [ 0 ] [ 1749 1905 1789 ] [   29   11   33 ] [   9322   6199  10283 ] [ 0 ],1.00,1.00,1.00,1.00,23.53,-7.72,0.00,0.00,0.00,0.00,0.00,0.00,-0.00,0.00,0.00,0.00,0.00,0.00,-0.00,0.00,0.00,0
21.1425,23,-8,267,0,DRIVE [ 65 ] [ 1 ] [ 1750 1905 1791 ] [    0    0    0 ] [      0      0      0 ] [ 0 ],drive [ 65 ] [ 0 ] [ 1750 1905 1790 ] [   29   11   33 ] [   9322   6199  10283 ] [ 0 ],1.00,1.00,1.00,1.00,23.40,-7.58,0.00,0.00,0.00,0.00,0.00,0.00,-0.00,0.00,0.00,0.00,0.00,0.00,-0.00,0.00,0.00,0
21.1544,23,-7,267,0,DRIVE [ 66 ] [ 1 ] [ 1750 1905 1792 ] [    0    0    0 ] [      0      0      0 ] [ 0 ],drive [ 65 ] [ 0 ] [ 1750 1905 1791 ] [   29   11   33 ] [   9322   6199  10283 ] [ 0 ],1.00,1.00,1.00,1.00,23.33,-7.44,0.00,0.00,0.00,0.00,0.00,0.00,-0.00,0.00,0.00,0.00,0.00,0.00,-0.00,0.00,0.00,0
21.1669,23,-7,266,0,DRIVE [ 66 ] [ 1 ] [ 1750 1905 1792 ] [    0    0    0 ] [      0      0      0 ] [ 0 ],drive [ 66 ] [ 0 ] [ 1750 1905 1792 ] [   29   11   32 ] [   9322   6199  10283 ] [ 0 ],1.00,1.00,1.00,1.00,23.22,-7.41,0.00,0.00,0.00,0.00,0.00,0.00,-0.00,0.00,0.00,0.00,0.00,0.00,-0.00,0.00,0.00,0
21.1789,23,-7,267,0,DRIVE [ 67 ] [ 1 ] [ 1751 1905 1792 ] [    0    0    0 ] [      0      0      0 ] [ 0 ],drive [ 66 ] [ 0 ] [ 1750 1905 1792 ] [   29   11   32 ] [   9322   6199  10283 ] [ 0 ],1.00,1.00,1.00,1.00,23.29,-7.46,0.00,0.00,0.00,0.00,0.00,0.00,-0.00,0.00,0.00,0.00,0.00,0.00,-0.00,0.00,0.00,0
21.1911,23,-8,268,0,DRIVE [ 67 ] [ 1 ] [ 1751 1905 1791 ] [    0    0    0 ] [      0      0      0 ] [ 0 ],drive [ 67 ] [ 0 ] [ 1751 1905 1792 ] [   29   11   32 ] [   9322   6199  10283 ] [ 0 ],1.00,1.00,1.00,1.00,23.40,-7.60,0.00,0.00,0.00,0.00,0.00,0.00,-0.00,0.00,0.00,0.00,0.00,0.00,-0.00,0.00,0.00,0
21.2031,24,-8,268,0,DRIVE [ 68 ] [ 1 ] [ 1750 1905 1791 ] [    0    0    0 ] [      0      0      0 ] [ 0 ],drive [ 67 ] [ 0 ] [ 1751 1905 1791 ] [   29   11   32 ] [   9322   6198  10283 ] [ 0 ],1.00,1.00,1.00,1.00,23.53,-7.63,0.00,0.00,0.00,0.00,0.00,0.00,-0.00,0.00,0.00,0.00,0.00,0.00,-0.00,0.00,0.00,0
21.2154,24,-8,269,0,DRIVE [ 68 ] [ 1 ] [ 1750 1905 1790 ] [    0    0    0 ] [      0      0      0 ] [ 0 ],drive [ 68 ] [ 0 ] [ 1750 1905 1791 ] [   30   12   32 ] [   9322   6198  10283 ] [ 0 ],1.00,1.00,1.00,1.00,23.60,-7.72,0.00,0.00,0.00,0.00,0.00,0.00,-0.00,0.00,0.00,0.00,0.00,0.00,-0.00,0.00,0.00,0
21.2278,24,-8,269,0,DRIVE [ 69 ] [ 1 ] [ 1750 1905 1790 ] [    0    0    0 ] [      0      0      0 ] [ 0 ],drive [ 68 ] [ 0 ] [ 1750 1905 1790 ] [   30   12   32 ] [   9322   6198  10283 ] [ 0 ],1.00,1.00,1.00,1.00,23.65,-7.80,0.00,0.00,0.00,0.00,0.00,0.00,-0.00,0.00,0.00,0.00,0.00,0.00,-0.00,0.00,0.00,0
21.2399,24,-8,270,0,DRIVE [ 69 ] [ 1 ] [ 1749 1905 1788 ] [    0    0    0 ] [      0      0      0 ] [ 0 ],drive [ 69 ] [ 0 ] [ 1750 1905 1790 ] [   30   12   32 ] [   9322   6198  10283 ] [ 0 ],1.00,1.00,1.00,1.00,23.88,-8.05,0.00,0.00,0.00,0.00,0.00,0.00,-0.00,0.00,0.00,0.00,0.00,0.00,-0.00,0.00,0.00,0
21.2516,24,-8,270,0,DRIVE [ 70 ] [ 1 ] [ 1749 1905 1786 ] [    0    0    0 ] [      0      0      0 ] [ 0 ],drive [ 69 ] [ 0 ] [ 1749 1905 1788 ] [   30   12   32 ] [   9322   6199  10283 ] [ 0 ],1.00,1.00,1.00,1.00,24.02,-8.25,0.00,0.00,0.00,0.00,0.00,0.00,-0.00,0.00,0.00,0.00,0.00,0.00,-0.00,0.00,0.00,0
21.2638,24,-8,270,0,DRIVE [ 70 ] [ 1 ] [ 1749 1905 1785 ] [    0    0    0 ] [      0      0      0 ] [ 0 ],drive [ 70 ] [ 0 ] [ 1749 1905 1786 ] [   30   11   33 ] [   9322   6199  10283 ] [ 0 ],1.00,1.00,1.00,1.00,24.13,-8.46,0.00,0.00,0.00,0.00,0.00,0.00,-0.00,0.00,0.00,0.00,0.00,0.00,0.00,0.00,0.00,0
21.276,24,-9,269,0,DRIVE [ 71 ] [ 1 ] [ 1748 1905 1783 ] [    0    0    0 ] [      0      0      0 ] [ 0 ],drive [ 70 ] [ 0 ] [ 1749 1905 1785 ] [   30   11   33 ] [   9322   6199  10283 ] [ 0 ],1.00,1.00,1.00,1.00,24.13,-8.64,0.00,0.00,0.00,0.00,0.00,0.00,-0.00,0.00,0.00,0.00,0.00,0.00,0.00,0.00,0.00,0
21.2879,24,-9,268,0,DRIVE [ 71 ] [ 1 ] [ 1749 1905 1781 ] [    0    0    0 ] [      0      0      0 ] [ 0 ],drive [ 71 ] [ 0 ] [ 1748 1905 1783 ] [   30   11   33 ] [   9322   6199  10283 ] [ 0 ],1.00,1.00,1.00,1.00,24.14,-8.89,0.00,0.00,0.00,0.00,0.00,0.00,-0.00,0.00,0.00,0.00,0.00,0.00,0.00,0.00,0.00,0
21.3005,24,-9,268,0,DRIVE [ 72 ] [ 1 ] [ 1749 1905 1780 ] [    0    0    0 ] [      0      0      0 ] [ 0 ],drive [ 71 ] [ 0 ] [ 1749 1905 1781 ] [   30   11   33 ] [   9322   6199  10283 ] [ 0 ],1.00,1.00,1.00,1.00,24.15,-9.06,0.00,0.00,0.00,0.00,0.00,0.00,-0.00,0.00,0.00,0.00,0.00,0.00,0.00,0.00,0.00,0
21.3128,24,-9,267,0,DRIVE [ 72 ] [ 1 ] [ 1749 1905 1779 ] [    0    0    0 ] [      0      0      0 ] [ 0 ],drive [ 72 ] [ 0 ] [ 1749 1905 1780 ] [   29   11   33 ] [   9322   6199  10283 ] [ 0 ],1.00,1.00,1.00,1.00,24.17,-9.21,0.00,0.00,0.00,0.00,0.00,0.00,-0.00,0.00,0.00,0.00,0.00,0.00,0.00,0.00,0.00,0
21.325,24,-9,267,0,DRIVE [ 73 ] [ 1 ] [ 1749 1905 1778 ] [    0    0    0 ] [      0      0      0 ] [ 0 ],drive [ 72 ] [ 0 ] [ 1749 1905 1779 ] [   29   11   33 ] [   9322   6199  10283 ] [ 0 ],1.00,1.00,1.00,1.00,24.15,-9.28,0.00,0.00,0.00,0.00,0.00,0.00,-0.00,0.00,0.00,0.00,0.00,0.00,0.00,0.00,0.00,0
21.3367,24,-9,267,0,DRIVE [ 73 ] [ 1 ] [ 1749 1905 1778 ] [    0    0    0 ] [      0      0      0 ] [ 0 ],drive [ 73 ] [ 0 ] [ 1749 1905 1778 ] [   29   11   33 ] [   9322   6199  10283 ] [ 0 ],1.00,1.00,1.00,1.00,24.19,-9.35,0.00,0.00,0.00,0.00,0.00,0.00,-0.00,0.00,0.00,0.00,0.00,0.00,0.00,0.00,0.00,0
21.3491,24,-9,268,0,DRIVE [ 74 ] [ 1 ] [ 1749 1905 1778 ] [    0    0    0 ] [      0      0      0 ] [ 0 ],drive [ 73 ] [ 0 ] [ 1749 1905 1778 ] [   29   11   33 ] [   9322   6199  10283 ] [ 0 ],1.00,1.00,1.00,1.00,24.29,-9.40,0.00,0.00,0.00,0.00,0.00,0.00,-0.00,0.00,0.00,0.00,0.00,0.00,0.00,0.00,0.00,0
21.3613,24,-9,269,0,DRIVE [ 74 ] [ 1 ] [ 1749 1905 1778 ] [    0    0    0 ] [      0      0      0 ] [ 0 ],drive [ 74 ] [ 0 ] [ 1749 1905 1778 ] [   29   11   34 ] [   9322   6199  10283 ] [ 0 ],1.00,1.00,1.00,1.00,24.34,-9.40,0.00,0.00,0.00,0.00,0.00,0.00,-0.00,0.00,0.00,0.00,0.00,0.00,0.00,0.00,0.00,0
21.3735,24,-9,269,0,DRIVE [ 75 ] [ 1 ] [ 1749 1905 1778 ] [    0    0    0 ] [      0      0      0 ] [ 0 ],drive [ 74 ] [ 0 ] [ 1749 1905 1778 ] [   29   11   34 ] [   9322   6199  10283 ] [ 0 ],1.00,1.00,1.00,1.00,24.35,-9.35,0.00,0.00,0.00,0.00,0.00,0.00,-0.00,0.00,0.00,0.00,0.00,0.00,0.00,0.00,0.00,0
21.3855,24,-9,269,0,DRIVE [ 75 ] [ 1 ] [ 1749 1905 1779 ] [    0    0    0 ] [      0      0      0 ] [ 0 ],drive [ 75 ] [ 0 ] [ 1749 1905 1778 ] [   29   11   34 ] [   9322   6199  10283 ] [ 0 ],1.00,1.00,1.00,1.00,24.34,-9.22,0.00,0.00,0.00,0.00,0.00,0.00,-0.00,0.00,0.00,0.00,0.00,0.00,0.00,0.00,0.00,0
21.3978,24,-9,269,0,DRIVE [ 76 ] [ 1 ] [ 1748 1905 1780 ] [    0    0    0 ] [      0      0      0 ] [ 0 ],drive [ 75 ] [ 0 ] [ 1749 1905 1779 ] [   29   11   34 ] [   9322   6198  10284 ] [ 0 ],1.00,1.00,1.00,1.00,24.36,-9.08,0.00,0.00,0.00,0.00,0.00,0.00,-0.00,0.00,0.00,0.00,0.00,0.00,0.00,0.00,0.00,0
21.4098,24,-9,270,0,DRIVE [ 76 ] [ 1 ] [ 1748 1905 1781 ] [    0    0    0 ] [      0      0      0 ] [ 0 ],drive [ 76 ] [ 0 ] [ 1748 1905 1780 ] [   30   12   32 ] [   9322   6198  10284 ] [ 0 ],1.00,1.00,1.00,1.00,24.40,-8.93,0.00,0.00,0.00,0.00,0.00,0.00,-0.00,0.00,0.00,0.00,0.00,0.00,0.00,0.00,0.00,0
21.4228,24,-9,270,0,DRIVE [ 77 ] [ 1 ] [ 1747 1905 1782 ] [    0    0    0 ] [      0      0      0 ] [ 0 ],drive [ 76 ] [ 0 ] [ 1748 1905 1781 ] [   30   12   32 ] [   9322   6198  10284 ] [ 0 ],1.00,1.00,1.00,1.00,24.41,-8.73,0.00,0.00,0.00,0.00,0.00,0.00,-0.00,0.00,0.00,0.00,0.00,0.00,0.00,0.00,0.00,0
21.4345,24,-9,270,0,DRIVE [ 77 ] [ 1 ] [ 1747 1905 1783 ] [    0    0    0 ] [      0      0      0 ] [ 0 ],drive [ 77 ] [ 0 ] [ 1747 1905 1782 ] [   30   12   32 ] [   9322   6198  10284 ] [ 0 ],1.00,1.00,1.00,1.00,24.41,-8.58,0.00,0.00,0.00,0.00,0.00,0.00,-0.00,0.00,0.00,0.00,0.00,0.00,0.00,0.00,0.00,0
21.4467,24,-8,270,0,DRIVE [ 78 ] [ 1 ] [ 1746 1905 1785 ] [    0    0    0 ] [      0      0      0 ] [ 0 ],drive [ 77 ] [ 0 ] [ 1747 1905 1783 ] [   30   12   32 ] [   9322   6198  10288 ] [ 0 ],1.00,1.00,1.00,1.00,24.39,-8.37,0.00,0.00,0.00,0.00,0.00,0.00,-0.00,0.00,0.00,0.00,0.00,0.00,0.00,0.00,0.00,0
21.459,24,-8,270,0,DRIVE [ 78 ] [ 1 ] [ 1746 1905 1786 ] [    0    0    0 ] [      0      0      0 ] [ 0 ],drive [ 78 ] [ 0 ] [ 1746 1905 1785 ] [   31   12   31 ] [   9322   6198  10288 ] [ 0 ],1.00,1.00,1.00,1.00,24.37,-8.22,0.00,0.00,0.00,0.00,0.00,0.00,-0.00,0.00,0.00,0.00,0.00,0.00,0.00,0.00,0.00,0
21.4707,24,-8,269,0,DRIVE [ 79 ] [ 1 ] [ 1746 1905 1786 ] [    0    0    0 ] [      0      0      0 ] [ 0 ],drive [ 78 ] [ 0 ] [ 1746 1905 1786 ] [   31   12   31 ] [   9322   6198  10288 ] [ 0 ],1.00,1.00,1.00,1.00,24.35,-8.12,0.00,0.00,0.00,0.00,0.00,0.00,-0.00,0.00,0.00,0.00,0.00,0.00,-0.00,0.00,0.00,0
21.4832,24,-8,270,0,DRIVE [ 79 ] [ 1 ] [ 1746 1905 1787 ] [    0    0    0 ] [      0      0      0 ] [ 0 ],drive [ 79 ] [ 0 ] [ 1746 1905 1786 ] [   31   12   31 ] [   9322   6198  10288 ] [ 0 ],1.00,1.00,1.00,1.00,24.35,-8.07,0.00,0.00,0.00,0.00,0.00,0.00,-0.00,0.00,0.00,0.00,0.00,0.00,-0.00,0.00,0.00,0
21.4954,24,-8,270,0,DRIVE [ 80 ] [ 1 ] [ 1746 1905 1787 ] [    0    0    0 ] [      0      0      0 ] [ 0 ],drive [ 79 ] [ 0 ] [ 1746 1905 1787 ] [   31   12   31 ] [   9322   6198  10288 ] [ 0 ],1.00,1.00,1.00,1.00,24.36,-8.06,0.00,0.00,0.00,0.00,0.00,0.00,-0.00,0.00,0.00,0.00,0.00,0.00,-0.00,0.00,0.00,0
21.5076,24,-8,270,0,DRIVE [ 80 ] [ 1 ] [ 1746 1905 1787 ] [    0    0    0 ] [      0      0      0 ] [ 0 ],drive [ 80 ] [ 0 ] [ 1746 1905 1787 ] [   30   12   31 ] [   9322   6198  10288 ] [ 0 ],1.00,1.00,1.00,1.00,24.36,-8.03,0.00,0.00,0.00,0.00,0.00,0.00,-0.00,0.00,0.00,0.00,0.00,0.00,-0.00,0.00,0.00,0
21.5193,24,-8,270,0,DRIVE [ 81 ] [ 1 ] [ 1746 1905 1787 ] [    0    0    0 ] [      0      0      0 ] [ 0 ],drive [ 80 ] [ 0 ] [ 1746 1905 1787 ] [   30   12   31 ] [   9322   6198  10288 ] [ 0 ],1.00,1.00,1.00,1.00,24.36,-8.01,0.00,0.00,0.00,0.00,0.00,0.00,-0.00,0.00,0.00,0.00,0.00,0.00,-0.00,0.00,0.00,0
21.5318,24,-8,269,0,DRIVE [ 81 ] [ 1 ] [ 1745 1905 1787 ] [    0    0    0 ] [      0      0      0 ] [ 0 ],drive [ 81 ] [ 0 ] [ 1746 1905 1787 ] [   30   12   31 ] [   9322   6198  10288 ] [ 0 ],1.00,1.00,1.00,1.00,24.35,-8.02,0.00,0.00,0.00,0.00,0.00,0.00,-0.00,0.00,0.00,0.00,0.00,0.00,-0.00,0.00,0.00,0
21.5441,24,-8,269,0,DRIVE [ 82 ] [ 1 ] [ 1745 1905 1786 ] [    0    0    0 ] [      0      0      0 ] [ 0 ],drive [ 81 ] [ 0 ] [ 1745 1905 1787 ] [   30   12   31 ] [   9322   6198  10288 ] [ 0 ],1.00,1.00,1.00,1.00,24.31,-8.01,0.00,0.00,0.00,0.00,0.00,0.00,-0.00,0.00,0.00,0.00,0.00,0.00,-0.00,0.00,0.00,0
21.5565,24,-8,268,0,DRIVE [ 82 ] [ 1 ] [ 1745 1905 1786 ] [    0    0    0 ] [      0      0      0 ] [ 0 ],drive [ 82 ] [ 0 ] [ 1745 1905 1786 ] [   30   12   31 ] [   9322   6198  10288 ] [ 0 ],1.00,1.00,1.00,1.00,24.28,-8.00,0.00,0.00,0.00,0.00,0.00,0.00,-0.00,0.00,0.00,0.00,0.00,0.00,-0.00,0.00,0.00,0
21.5684,24,-8,267,0,DRIVE [ 83 ] [ 1 ] [ 1745 1905 1786 ] [    0    0    0 ] [      0      0      0 ] [ 0 ],drive [ 82 ] [ 0 ] [ 1745 1905 1786 ] [   28   11   31 ] [   9322   6198  10288 ] [ 0 ],1.00,1.00,1.00,1.00,24.25,-7.99,0.00,0.00,0.00,0.00,0.00,0.00,-0.00,0.00,0.00,0.00,0.00,0.00,-0.00,0.00,0.00,0
21.581,24,-8,268,0,DRIVE [ 83 ] [ 1 ] [ 1745 1905 1786 ] [    0    0    0 ] [      0      0      0 ] [ 0 ],drive [ 83 ] [ 0 ] [ 1745 1905 1786 ] [   28   11   31 ] [   9322   6198  10288 ] [ 0 ],1.00,1.00,1.00,1.00,24.28,-7.99,0.00,0.00,0.00,0.00,0.00,0.00,-0.00,0.00,0.00,0.00,0.00,0.00,-0.00,0.00,0.00,0
21.5934,24,-8,268,0,DRIVE [ 84 ] [ 1 ] [ 1745 1905 1787 ] [    0    0    0 ] [      0      0      0 ] [ 0 ],drive [ 83 ] [ 0 ] [ 1745 1905 1786 ] [   28   11   31 ] [   9322   6198  10288 ] [ 0 ],1.00,1.00,1.00,1.00,24.31,-7.90,0.00,0.00,0.00,0.00,0.00,0.00,-0.00,0.00,0.00,0.00,0.00,0.00,-0.00,0.00,0.00,0
21.6051,24,-8,269,0,DRIVE [ 84 ] [ 1 ] [ 1745 1905 1787 ] [    0    0    0 ] [      0      0      0 ] [ 0 ],drive [ 84 ] [ 0 ] [ 1745 1905 1787 ] [   28   11   31 ] [   9322   6198  10288 ] [ 0 ],1.00,1.00,1.00,1.00,24.28,-7.87,0.00,0.00,0.00,0.00,0.00,0.00,-0.00,0.00,0.00,0.00,0.00,0.00,-0.00,0.00,0.00,0
21.6175,24,-8,269,0,DRIVE [ 85 ] [ 1 ] [ 1745 1905 1788 ] [    0    0    0 ] [      0      0      0 ] [ 0 ],drive [ 84 ] [ 0 ] [ 1745 1905 1787 ] [   29   11   31 ] [   9322   6198  10288 ] [ 0 ],1.00,1.00,1.00,1.00,24.27,-7.83,0.00,0.00,0.00,0.00,0.00,0.00,-0.00,0.00,0.00,0.00,0.00,0.00,-0.00,0.00,0.00,0
21.6294,24,-8,268,0,DRIVE [ 85 ] [ 1 ] [ 1746 1905 1788 ] [    0    0    0 ] [      0      0      0 ] [ 0 ],drive [ 85 ] [ 0 ] [ 1745 1905 1788 ] [   29   11   31 ] [   9322   6198  10288 ] [ 0 ],1.00,1.00,1.00,1.00,24.16,-7.84,0.00,0.00,0.00,0.00,0.00,0.00,-0.00,0.00,0.00,0.00,0.00,0.00,-0.00,0.00,0.00,0
21.6416,24,-8,268,0,DRIVE [ 86 ] [ 1 ] [ 1746 1905 1789 ] [    0    0    0 ] [      0      0      0 ] [ 0 ],drive [ 85 ] [ 0 ] [ 1746 1905 1788 ] [   29   11   31 ] [   9322   6198  10288 ] [ 0 ],1.00,1.00,1.00,1.00,24.04,-7.77,0.00,0.00,0.00,0.00,0.00,0.00,-0.00,0.00,0.00,0.00,0.00,0.00,-0.00,0.00,0.00,0
21.6533,24,-8,268,0,DRIVE [ 86 ] [ 1 ] [ 1747 1905 1789 ] [    0    0    0 ] [      0      0      0 ] [ 0 ],drive [ 86 ] [ 0 ] [ 1746 1905 1789 ] [   29   11   31 ] [   9322   6197  10288 ] [ 0 ],1.00,1.00,1.00,1.00,23.99,-7.70,0.00,0.00,0.00,0.00,0.00,0.00,-0.00,0.00,0.00,0.00,0.00,0.00,-0.00,0.00,0.00,0
21.6656,24,-8,269,0,DRIVE [ 87 ] [ 1 ] [ 1747 1905 1790 ] [    0    0    0 ] [      0      0      0 ] [ 0 ],drive [ 86 ] [ 0 ] [ 1747 1905 1789 ] [   30   12   31 ] [   9322   6197  10288 ] [ 0 ],1.00,1.00,1.00,1.00,24.00,-7.66,0.00,0.00,0.00,0.00,0.00,0.00,-0.00,0.00,0.00,0.00,0.00,0.00,-0.00,0.00,0.00,0
21.6779,24,-8,270,0,DRIVE [ 87 ] [ 1 ] [ 1747 1905 1790 ] [    0    0    0 ] [      0      0      0 ] [ 0 ],drive [ 87 ] [ 0 ] [ 1747 1905 1790 ] [   30   12   31 ] [   9322   6197  10288 ] [ 0 ],1.00,1.00,1.00,1.00,24.00,-7.62,0.00,0.00,0.00,0.00,0.00,0.00,-0.00,0.00,0.00,0.00,0.00,0.00,-0.00,0.00,0.00,0
21.6902,24,-8,270,0,DRIVE [ 88 ] [ 1 ] [ 1747 1905 1791 ] [    0    0    0 ] [      0      0      0 ] [ 0 ],drive [ 87 ] [ 0 ] [ 1747 1905 1790 ] [   30   12   31 ] [   9322   6197  10288 ] [ 0 ],1.00,1.00,1.00,1.00,23.92,-7.57,0.00,0.00,0.00,0.00,0.00,0.00,-0.00,0.00,0.00,0.00,0.00,0.00,-0.00,0.00,0.00,0
21.7019,24,-8,268,0,DRIVE [ 88 ] [ 1 ] [ 1748 1905 1791 ] [    0    0    0 ] [      0      0      0 ] [ 0 ],drive [ 88 ] [ 0 ] [ 1747 1905 1791 ] [   30   12   31 ] [   9322   6197  10288 ] [ 0 ],1.00,1.00,1.00,1.00,23.70,-7.53,0.00,0.00,0.00,0.00,0.00,0.00,-0.00,0.00,0.00,0.00,0.00,0.00,-0.00,0.00,0.00,0
21.7143,24,-8,268,0,DRIVE [ 89 ] [ 1 ] [ 1749 1905 1791 ] [    0    0    0 ] [      0      0      0 ] [ 0 ],drive [ 88 ] [ 0 ] [ 1748 1905 1791 ] [   30   12   30 ] [   9322   6197  10288 ] [ 0 ],1.00,1.00,1.00,1.00,23.54,-7.51,0.00,0.00,0.00,0.00,0.00,0.00,-0.00,0.00,0.00,0.00,0.00,0.00,-0.00,0.00,0.00,0
21.7267,23,-8,267,0,DRIVE [ 89 ] [ 1 ] [ 1750 1905 1791 ] [    0    0    0 ] [      0      0      0 ] [ 0 ],drive [ 89 ] [ 0 ] [ 1749 1905 1791 ] [   30   12   30 ] [   9322   6197  10288 ] [ 0 ],1.00,1.00,1.00,1.00,23.46,-7.54,0.00,0.00,0.00,0.00,0.00,0.00,-0.00,0.00,0.00,0.00,0.00,0.00,-0.00,0.00,0.00,0
21.7384,23,-8,267,0,DRIVE [ 90 ] [ 1 ] [ 1750 1905 1791 ] [    0    0    0 ] [      0      0      0 ] [ 0 ],drive [ 89 ] [ 0 ] [ 1750 1905 1791 ] [   30   12   30 ] [   9322   6197  10288 ] [ 0 ],1.00,1.00,1.00,1.00,23.42,-7.65,0.00,0.00,0.00,0.00,0.00,0.00,-0.00,0.00,0.00,0.00,0.00,0.00,-0.00,0.00,0.00,0
21.7508,23,-8,268,0,DRIVE [ 90 ] [ 1 ] [ 1750 1905 1791 ] [    0    0    0 ] [      0      0      0 ] [ 0 ],drive [ 90 ] [ 0 ] [ 1750 1905 1791 ] [   30   12   30 ] [   9321   6197  10288 ] [ 0 ],1.00,1.00,1.00,1.00,23.42,-7.67,0.00,0.00,0.00,0.00,0.00,0.00,-0.00,0.00,0.00,0.00,0.00,0.00,-0.00,0.00,0.00,0
21.7631,23,-8,267,0,DRIVE [ 91 ] [ 1 ] [ 1751 1905 1791 ] [    0    0    0 ] [      0      0      0 ] [ 0 ],drive [ 90 ] [ 0 ] [ 1750 1905 1791 ] [   30   12   29 ] [   9321   6197  10288 ] [ 0 ],1.00,1.00,1.00,1.00,23.34,-7.62,0.00,0.00,0.00,0.00,0.00,0.00,-0.00,0.00,0.00,0.00,0.00,0.00,-0.00,0.00,0.00,0
21.7752,23,-8,268,0,DRIVE [ 91 ] [ 1 ] [ 1750 1905 1790 ] [    0    0    0 ] [      0      0      0 ] [ 0 ],drive [ 91 ] [ 0 ] [ 1751 1905 1791 ] [   30   12   29 ] [   9321   6197  10288 ] [ 0 ],1.00,1.00,1.00,1.00,23.46,-7.73,0.00,0.00,0.00,0.00,0.00,0.00,-0.00,0.00,0.00,0.00,0.00,0.00,-0.00,0.00,0.00,0
21.7873,23,-8,268,0,DRIVE [ 92 ] [ 1 ] [ 1751 1905 1790 ] [    0    0    0 ] [      0      0      0 ] [ 0 ],drive [ 91 ] [ 0 ] [ 1750 1905 1790 ] [   30   12   29 ] [   9321   6197  10288 ] [ 0 ],1.00,1.00,1.00,1.00,23.46,-7.77,0.00,0.00,0.00,0.00,0.00,0.00,-0.00,0.00,0.00,0.00,0.00,0.00,-0.00,0.00,0.00,0
21.7999,23,-8,268,0,DRIVE [ 92 ] [ 1 ] [ 1750 1905 1790 ] [    0    0    0 ] [      0      0      0 ] [ 0 ],drive [ 92 ] [ 0 ] [ 1751 1905 1790 ] [   30   12   29 ] [   9321   6197  10288 ] [ 0 ],1.00,1.00,1.00,1.00,23.48,-7.75,0.00,0.00,0.00,0.00,0.00,0.00,-0.00,0.00,0.00,0.00,0.00,0.00,-0.00,0.00,0.00,0
21.8117,23,-8,268,0,DRIVE [ 93 ] [ 1 ] [ 1751 1905 1790 ] [    0    0    0 ] [      0      0      0 ] [ 0 ],drive [ 92 ] [ 0 ] [ 1750 1905 1790 ] [   30   13   31 ] [   9321   6197  10288 ] [ 0 ],1.00,1.00,1.00,1.00,23.49,-7.83,0.00,0.00,0.00,0.00,0.00,0.00,-0.00,0.00,0.00,0.00,0.00,0.00,-0.00,0.00,0.00,0
21.8239,23,-8,267,0,DRIVE [ 93 ] [ 1 ] [ 1751 1905 1790 ] [    0    0    0 ] [      0      0      0 ] [ 0 ],drive [ 93 ] [ 0 ] [ 1751 1905 1790 ] [   30   13   31 ] [   9321   6197  10288 ] [ 0 ],1.00,1.00,1.00,1.00,23.37,-7.84,0.00,0.00,0.00,0.00,0.00,0.00,-0.00,0.00,0.00,0.00,0.00,0.00,-0.00,0.00,0.00,0
21.8357,23,-8,267,0,DRIVE [ 94 ] [ 1 ] [ 1751 1905 1789 ] [    0    0    0 ] [      0      0      0 ] [ 0 ],drive [ 93 ] [ 0 ] [ 1751 1905 1790 ] [   30   13   31 ] [   9321   6197  10288 ] [ 0 ],1.00,1.00,1.00,1.00,23.38,-7.87,0.00,0.00,0.00,0.00,0.00,0.00,-0.00,0.00,0.00,0.00,0.00,0.00,-0.00,0.00,0.00,0
21.848,23,-8,267,0,DRIVE [ 94 ] [ 1 ] [ 1750 1905 1789 ] [    0    0    0 ] [      0      0      0 ] [ 0 ],drive [ 94 ] [ 0 ] [ 1751 1905 1789 ] [   30   13   31 ] [   9321   6196  10288 ] [ 0 ],1.00,1.00,1.00,1.00,23.45,-7.88,0.00,0.00,0.00,0.00,0.00,0.00,-0.00,0.00,0.00,0.00,0.00,0.00,-0.00,0.00,0.00,0
21.8602,24,-8,268,0,DRIVE [ 95 ] [ 1 ] [ 1750 1905 1789 ] [    0    0    0 ] [      0      0      0 ] [ 0 ],drive [ 94 ] [ 0 ] [ 1750 1905 1789 ] [   30   13   31 ] [   9321   6196  10288 ] [ 0 ],1.00,1.00,1.00,1.00,23.56,-7.93,0.00,0.00,0.00,0.00,0.00,0.00,-0.00,0.00,0.00,0.00,0.00,0.00,-0.00,0.00,0.00,0
21.872,24,-8,268,0,DRIVE [ 95 ] [ 1 ] [ 1750 1905 1788 ] [    0    0    0 ] [      0      0      0 ] [ 0 ],drive [ 95 ] [ 0 ] [ 1750 1905 1789 ] [   30   13   31 ] [   9321   6196  10288 ] [ 0 ],1.00,1.00,1.00,1.00,23.68,-8.01,0.00,0.00,0.00,0.00,0.00,0.00,-0.00,0.00,0.00,0.00,0.00,0.00,-0.00,0.00,0.00,0
21.8844,24,-8,269,0,DRIVE [ 96 ] [ 1 ] [ 1750 1905 1788 ] [    0    0    0 ] [      0      0      0 ] [ 0 ],drive [ 95 ] [ 0 ] [ 1750 1905 1788 ] [   30   13   31 ] [   9321   6196  10288 ] [ 0 ],1.00,1.00,1.00,1.00,23.76,-8.08,0.00,0.00,0.00,0.00,0.00,0.00,-0.00,0.00,0.00,0.00,0.00,0.00,0.00,0.00,0.00,0
21.8967,24,-8,269,0,DRIVE [ 96 ] [ 1 ] [ 1750 1905 1787 ] [    0    0    0 ] [      0      0      0 ] [ 0 ],drive [ 96 ] [ 0 ] [ 1750 1905 1788 ] [   30   13   31 ] [   9321   6196  10288 ] [ 0 ],1.00,1.00,1.00,1.00,23.78,-8.16,0.00,0.00,0.00,0.00,0.00,0.00,-0.00,0.00,0.00,0.00,0.00,0.00,0.00,0.00,0.00,0
21.9089,24,-8,269,0,DRIVE [ 97 ] [ 1 ] [ 1750 1905 1787 ] [    0    0    0 ] [      0      0      0 ] [ 0 ],drive [ 96 ] [ 0 ] [ 1750 1905 1787 ] [   30   13   31 ] [   9321   6196  10288 ] [ 0 ],1.00,1.00,1.00,1.00,23.86,-8.26,0.00,0.00,0.00,0.00,0.00,0.00,-0.00,0.00,0.00,0.00,0.00,0.00,0.00,0.00,0.00,0
21.9208,24,-8,270,0,DRIVE [ 97 ] [ 1 ] [ 1750 1905 1786 ] [    0    0    0 ] [      0      0      0 ] [ 0 ],drive [ 97 ] [ 0 ] [ 1750 1905 1787 ] [   30   13   31 ] [   9321   6196  10288 ] [ 0 ],1.00,1.00,1.00,1.00,23.91,-8.43,0.00,0.00,0.00,0.00,0.00,0.00,-0.00,0.00,0.00,0.00,0.00,0.00,0.00,0.00,0.00,0
21.9332,24,-8,269,0,DRIVE [ 98 ] [ 1 ] [ 1751 1905 1785 ] [    0    0    0 ] [      0      0      0 ] [ 0 ],drive [ 97 ] [ 0 ] [ 1750 1905 1786 ] [   30   13   31 ] [   9321   6196  10288 ] [ 0 ],1.00,1.00,1.00,1.00,23.75,-8.46,0.00,0.00,0.00,0.00,0.00,0.00,-0.00,0.00,0.00,0.00,0.00,0.00,0.00,0.00,0.00,0
21.9457,24,-9,269,0,DRIVE [ 98 ] [ 1 ] [ 1751 1905 1785 ] [    0    0    0 ] [      0      0      0 ] [ 0 ],drive [ 98 ] [ 0 ] [ 1751 1905 1785 ] [   30   13   31 ] [   9321   6196  10288 ] [ 0 ],1.00,1.00,1.00,1.00,23.72,-8.55,0.00,0.00,0.00,0.00,0.00,0.00,-0.00,0.00,0.00,0.00,0.00,0.00,0.00,0.00,0.00,0
21.9579,24,-9,268,0,DRIVE [ 99 ] [ 1 ] [ 1752 1905 1785 ] [    0    0    0 ] [      0      0      0 ] [ 0 ],drive [ 98 ] [ 0 ] [ 1751 1905 1785 ] [   30   13   31 ] [   9321   6196  10288 ] [ 0 ],1.00,1.00,1.00,1.00,23.60,-8.55,0.00,0.00,0.00,0.00,0.00,0.00,-0.00,0.00,0.00,0.00,0.00,0.00,0.00,0.00,0.00,0
21.9697,24,-9,268,0,DRIVE [ 99 ] [ 1 ] [ 1752 1905 1785 ] [    0    0    0 ] [      0      0      0 ] [ 0 ],drive [ 99 ] [ 0 ] [ 1752 1905 1785 ] [   30   13   31 ] [   9321   6196  10288 ] [ 0 ],1.00,1.00,1.00,1.00,23.51,-8.54,0.00,0.00,0.00,0.00,0.00,0.00,-0.00,0.00,0.00,0.00,0.00,0.00,-0.00,0.00,0.00,0
21.9821,23,-9,267,0,DRIVE [ 00 ] [ 1 ] [ 1752 1905 1785 ] [    0    0    0 ] [      0      0      0 ] [ 0 ],drive [ 99 ] [ 0 ] [ 1752 1905 1785 ] [   30   13   31 ] [   9321   6196  10288 ] [ 0 ],1.00,1.00,1.00,1.00,23.42,-8.53,0.00,0.00,0.00,0.00,0.00,0.00,-0.00,0.00,0.00,0.00,0.00,0.00,-0.00,0.00,0.00,0
21.9946,23,-9,267,0,DRIVE [ 00 ] [ 1 ] [ 1753 1905 1785 ] [    0    0    0 ] [      0      0      0 ] [ 0 ],drive [ 00 ] [ 0 ] [ 1752 1905 1785 ] [   30   13   31 ] [   9321   6196  10303 ] [ 0 ],1.00,1.00,1.00,1.00,23.39,-8.52,0.00,0.00,0.00,0.00,0.00,0.00,-0.00,0.00,0.00,0.00,0.00,0.00,-0.00,0.00,0.00,0
22.0064,23,-8,267,0,DRIVE [ 01 ] [ 1 ] [ 1753 1905 1786 ] [    0    0    0 ] [      0      0      0 ] [ 0 ],drive [ 00 ] [ 0 ] [ 1753 1905 1785 ] [   30   13   31 ] [   9321   6196  10303 ] [ 0 ],1.00,1.00,1.00,1.00,23.33,-8.49,0.00,0.00,0.00,0.00,0.00,0.00,-0.00,0.00,0.00,0.00,0.00,0.00,-0.00,0.00,0.00,0
22.0188,23,-8,267,0,DRIVE [ 01 ] [ 1 ] [ 1753 1905 1786 ] [    0    0    0 ] [      0      0      0 ] [ 0 ],drive [ 01 ] [ 0 ] [ 1753 1905 1786 ] [   30   13   20 ] [   9321   6196  10303 ] [ 0 ],1.00,1.00,1.00,1.00,23.27,-8.43,0.00,0.00,0.00,0.00,0.00,0.00,-0.00,0.00,0.00,0.00,0.00,0.00,-0.00,0.00,0.00,0
22.0312,23,-8,267,0,DRIVE [ 02 ] [ 1 ] [ 1753 1905 1786 ] [    0    0    0 ] [      0      0      0 ] [ 0 ],drive [ 01 ] [ 0 ] [ 1753 1905 1786 ] [   30   13   20 ] [   9321   6196  10303 ] [ 0 ],1.00,1.00,1.00,1.00,23.29,-8.36,0.00,0.00,0.00,0.00,0.00,0.00,-0.00,0.00,0.00,0.00,0.00,0.00,-0.00,0.00,0.00,0
22.0437,23,-8,267,0,DRIVE [ 02 ] [ 1 ] [ 1753 1905 1787 ] [    0    0    0 ] [      0      0      0 ] [ 0 ],drive [ 02 ] [ 0 ] [ 1753 1905 1786 ] [   30   13   20 ] [   9321   6196  10310 ] [ 0 ],1.00,1.00,1.00,1.00,23.26,-8.24,0.00,0.00,0.00,0.00,0.00,0.00,-0.00,0.00,0.00,0.00,0.00,0.00,-0.00,0.00,0.00,0
22.0559,23,-8,267,0,DRIVE [ 03 ] [ 1 ] [ 1752 1905 1787 ] [    0    0    0 ] [      0      0      0 ] [ 0 ],drive [ 02 ] [ 0 ] [ 1753 1905 1787 ] [   30   13   20 ] [   9321   6196  10310 ] [ 0 ],1.00,1.00,1.00,1.00,23.27,-8.19,0.00,0.00,0.00,0.00,0.00,0.00,-0.00,0.00,0.00,0.00,0.00,0.00,-0.00,0.00,0.00,0
22.0675,23,-8,267,0,DRIVE [ 03 ] [ 1 ] [ 1752 1905 1788 ] [    0    0    0 ] [      0      0      0 ] [ 0 ],drive [ 03 ] [ 0 ] [ 1752 1905 1787 ] [   28   13   20 ] [   9321   6196  10310 ] [ 0 ],1.00,1.00,1.00,1.00,23.30,-8.19,0.00,0.00,0.00,0.00,0.00,0.00,-0.00,0.00,0.00,0.00,0.00,0.00,-0.00,0.00,0.00,0
22.0799,23,-8,268,0,DRIVE [ 04 ] [ 1 ] [ 1753 1905 1788 ] [    0    0    0 ] [      0      0      0 ] [ 0 ],drive [ 03 ] [ 0 ] [ 1752 1905 1788 ] [   28   13   20 ] [   9321   6196  10310 ] [ 0 ],1.00,1.00,1.00,1.00,23.35,-8.21,0.00,0.00,0.00,0.00,0.00,0.00,-0.00,0.00,0.00,0.00,0.00,0.00,-0.00,0.00,0.00,0
22.0919,23,-8,269,0,DRIVE [ 04 ] [ 1 ] [ 1753 1905 1787 ] [    0    0    0 ] [      0      0      0 ] [ 0 ],drive [ 04 ] [ 0 ] [ 1753 1905 1788 ] [   28   13   20 ] [   9321   6196  10310 ] [ 0 ],1.00,1.00,1.00,1.00,23.33,-8.30,0.00,0.00,0.00,0.00,0.00,0.00,-0.00,0.00,0.00,0.00,0.00,0.00,-0.00,0.00,0.00,0
22.1036,23,-8,269,0,DRIVE [ 05 ] [ 1 ] [ 1754 1905 1787 ] [    0    0    0 ] [      0      0      0 ] [ 0 ],drive [ 04 ] [ 0 ] [ 1753 1905 1787 ] [   28   13   20 ] [   9321   6196  10310 ] [ 0 ],1.00,1.00,1.00,1.00,23.32,-8.42,0.00,0.00,0.00,0.00,0.00,0.00,-0.00,0.00,0.00,0.00,0.00,0.00,-0.00,0.00,0.00,0
22.1164,23,-9,270,0,DRIVE [ 05 ] [ 1 ] [ 1754 1905 1786 ] [    0    0    0 ] [      0      0      0 ] [ 0 ],drive [ 05 ] [ 0 ] [ 1754 1905 1787 ] [   29   12   20 ] [   9321   6196  10310 ] [ 0 ],1.00,1.00,1.00,1.00,23.38,-8.58,0.00,0.00,0.00,0.00,0.00,0.00,-0.00,0.00,0.00,0.00,0.00,0.00,-0.00,0.00,0.00,0
22.1287,23,-9,270,0,DRIVE [ 06 ] [ 1 ] [ 1755 1905 1786 ] [    0    0    0 ] [      0      0      0 ] [ 0 ],drive [ 05 ] [ 0 ] [ 1754 1905 1786 ] [   29   12   20 ] [   9321   6196  10310 ] [ 0 ],1.00,1.00,1.00,1.00,23.34,-8.65,0.00,0.00,0.00,0.00,0.00,0.00,-0.00,0.00,0.00,0.00,0.00,0.00,-0.00,0.00,0.00,0
22.1403,23,-9,270,0,DRIVE [ 06 ] [ 1 ] [ 1755 1905 1786 ] [    0    0    0 ] [      0      0      0 ] [ 0 ],drive [ 06 ] [ 0 ] [ 1755 1905 1786 ] [   29   12   20 ] [   9321   6196  10310 ] [ 0 ],1.00,1.00,1.00,1.00,23.29,-8.67,0.00,0.00,0.00,0.00,0.00,0.00,-0.00,0.00,0.00,0.00,0.00,0.00,-0.00,0.00,0.00,0
22.1526,23,-9,269,0,DRIVE [ 07 ] [ 1 ] [ 1755 1905 1786 ] [    0    0    0 ] [      0      0      0 ] [ 0 ],drive [ 06 ] [ 0 ] [ 1755 1905 1786 ] [   29   12   20 ] [   9321   6196  10310 ] [ 0 ],1.00,1.00,1.00,1.00,23.30,-8.68,0.00,0.00,0.00,0.00,0.00,0.00,-0.00,0.00,0.00,0.00,0.00,0.00,-0.00,0.00,0.00,0
22.1647,23,-9,269,0,DRIVE [ 07 ] [ 1 ] [ 1755 1905 1785 ] [    0    0    0 ] [      0      0      0 ] [ 0 ],drive [ 07 ] [ 0 ] [ 1755 1905 1786 ] [   30   13   19 ] [   9321   6196  10310 ] [ 0 ],1.00,1.00,1.00,1.00,23.35,-8.70,0.00,0.00,0.00,0.00,0.00,0.00,-0.00,0.00,0.00,0.00,0.00,0.00,-0.00,0.00,0.00,0
22.1768,23,-9,269,0,DRIVE [ 08 ] [ 1 ] [ 1754 1905 1785 ] [    0    0    0 ] [      0      0      0 ] [ 0 ],drive [ 07 ] [ 0 ] [ 1755 1905 1785 ] [   30   13   19 ] [   9321   6196  10310 ] [ 0 ],1.00,1.00,1.00,1.00,23.38,-8.71,0.00,0.00,0.00,0.00,0.00,0.00,-0.00,0.00,0.00,0.00,0.00,0.00,0.00,0.00,0.00,0
22.1891,23,-9,269,0,DRIVE [ 08 ] [ 1 ] [ 1754 1905 1785 ] [    0    0    0 ] [      0      0      0 ] [ 0 ],drive [ 08 ] [ 0 ] [ 1754 1905 1785 ] [   30   13   19 ] [   9321   6196  10310 ] [ 0 ],1.00,1.00,1.00,1.00,23.39,-8.69,0.00,0.00,0.00,0.00,0.00,0.00,-0.00,0.00,0.00,0.00,0.00,0.00,0.00,0.00,0.00,0
22.201,23,-9,269,0,DRIVE [ 09 ] [ 1 ] [ 1754 1905 1784 ] [    0    0    0 ] [      0      0      0 ] [ 0 ],drive [ 08 ] [ 0 ] [ 1754 1905 1785 ] [   30   13   19 ] [   9321   6196  10310 ] [ 0 ],1.00,1.00,1.00,1.00,23.42,-8.74,0.00,0.00,0.00,0.00,0.00,0.00,-0.00,0.00,0.00,0.00,0.00,0.00,0.00,0.00,0.00,0
22.2135,23,-9,268,0,DRIVE [ 09 ] [ 1 ] [ 1753 1905 1785 ] [    0    0    0 ] [      0      0      0 ] [ 0 ],drive [ 09 ] [ 0 ] [ 1754 1905 1784 ] [   28   13   21 ] [   9321   6196  10310 ] [ 0 ],1.00,1.00,1.00,1.00,23.36,-8.64,0.00,0.00,0.00,0.00,0.00,0.00,-0.00,0.00,0.00,0.00,0.00,0.00,-0.00,0.00,0.00,0
22.2252,23,-9,268,0,DRIVE [ 10 ] [ 1 ] [ 1753 1905 1785 ] [    0    0    0 ] [      0      0      0 ] [ 0 ],drive [ 09 ] [ 0 ] [ 1753 1905 1785 ] [   28   13   21 ] [   9321   6196  10310 ] [ 0 ],1.00,1.00,1.00,1.00,23.39,-8.61,0.00,0.00,0.00,0.00,0.00,0.00,-0.00,0.00,0.00,0.00,0.00,0.00,-0.00,0.00,0.00,0
22.2373,24,-9,268,0,DRIVE [ 10 ] [ 1 ] [ 1752 1905 1785 ] [    0    0    0 ] [      0      0      0 ] [ 0 ],drive [ 10 ] [ 0 ] [ 1753 1905 1785 ] [   28   13   21 ] [   9321   6196  10310 ] [ 0 ],1.00,1.00,1.00,1.00,23.53,-8.52,0.00,0.00,0.00,0.00,0.00,0.00,-0.00,0.00,0.00,0.00,0.00,0.00,0.00,0.00,0.00,0
22.2498,24,-8,268,0,DRIVE [ 11 ] [ 1 ] [ 1751 1905 1786 ] [    0    0    0 ] [      0      0      0 ] [ 0 ],drive [ 10 ] [ 0 ] [ 1752 1905 1785 ] [   28   13   21 ] [   9321   6196  10310 ] [ 0 ],1.00,1.00,1.00,1.00,23.60,-8.46,0.00,0.00,0.00,0.00,0.00,0.00,-0.00,0.00,0.00,0.00,0.00,0.00,0.00,0.00,0.00,0
22.2621,24,-8,268,0,DRIVE [ 11 ] [ 1 ] [ 1751 1905 1786 ] [    0    0    0 ] [      0      0      0 ] [ 0 ],drive [ 11 ] [ 0 ] [ 1751 1905 1786 ] [   30   13   20 ] [   9321   6196  10310 ] [ 0 ],1.00,1.00,1.00,1.00,23.70,-8.40,0.00,0.00,0.00,0.00,0.00,0.00,-0.00,0.00,0.00,0.00,0.00,0.00,0.00,0.00,0.00,0
22.2737,24,-8,269,0,DRIVE [ 12 ] [ 1 ] [ 1750 1905 1786 ] [    0    0    0 ] [      0      0      0 ] [ 0 ],drive [ 11 ] [ 0 ] [ 1751 1905 1786 ] [   30   13   20 ] [   9321   6196  10310 ] [ 0 ],1.00,1.00,1.00,1.00,23.80,-8.34,0.00,0.00,0.00,0.00,0.00,0.00,-0.00,0.00,0.00,0.00,0.00,0.00,0.00,0.00,0.00,0
22.286,24,-8,269,0,DRIVE [ 12 ] [ 1 ] [ 1750 1905 1787 ] [    0    0    0 ] [      0      0      0 ] [ 0 ],drive [ 12 ] [ 0 ] [ 1750 1905 1786 ] [   30   13   20 ] [   9321   6196  10310 ] [ 0 ],1.00,1.00,1.00,1.00,23.81,-8.21,0.00,0.00,0.00,0.00,0.00,0.00,-0.00,0.00,0.00,0.00,0.00,0.00,0.00,0.00,0.00,0
22.2983,24,-8,268,0,DRIVE [ 13 ] [ 1 ] [ 1749 1905 1787 ] [    0    0    0 ] [      0      0      0 ] [ 0 ],drive [ 12 ] [ 0 ] [ 1750 1905 1787 ] [   30   13   20 ] [   9321   6196  10310 ] [ 0 ],1.00,1.00,1.00,1.00,23.81,-8.13,0.00,0.00,0.00,0.00,0.00,0.00,-0.00,0.00,0.00,0.00,0.00,0.00,0.00,0.00,0.00,0
22.3106,24,-8,268,0,DRIVE [ 13 ] [ 1 ] [ 1748 1905 1787 ] [    0    0    0 ] [      0      0      0 ] [ 0 ],drive [ 13 ] [ 0 ] [ 1749 1905 1787 ] [   30   13   19 ] [   9321   6196  10310 ] [ 0 ],1.00,1.00,1.00,1.00,23.83,-8.05,0.00,0.00,0.00,0.00,0.00,0.00,-0.00,0.00,0.00,0.00,0.00,0.00,0.00,0.00,0.00,0
22.3228,24,-8,267,0,DRIVE [ 14 ] [ 1 ] [ 1748 1905 1788 ] [    0    0    0 ] [      0      0      0 ] [ 0 ],drive [ 13 ] [ 0 ] [ 1748 1905 1787 ] [   30   13   19 ] [   9321   6196  10310 ] [ 0 ],1.00,1.00,1.00,1.00,23.84,-7.93,0.00,0.00,0.00,0.00,0.00,0.00,-0.00,0.00,0.00,0.00,0.00,0.00,0.00,0.00,0.00,0
22.3344,24,-8,268,0,DRIVE [ 14 ] [ 1 ] [ 1748 1905 1788 ] [    0    0    0 ] [      0      0      0 ] [ 0 ],drive [ 14 ] [ 0 ] [ 1748 1905 1788 ] [   30   13   19 ] [   9321   6196  10310 ] [ 0 ],1.00,1.00,1.00,1.00,23.86,-7.85,0.00,0.00,0.00,0.00,0.00,0.00,-0.00,0.00,0.00,0.00,0.00,0.00,0.00,0.00,0.00,0
22.3468,24,-8,267,0,DRIVE [ 15 ] [ 1 ] [ 1747 1905 1789 ] [    0    0    0 ] [      0      0      0 ] [ 0 ],drive [ 14 ] [ 0 ] [ 1748 1905 1788 ] [   30   13   19 ] [   9321   6196  10310 ] [ 0 ],1.00,1.00,1.00,1.00,23.84,-7.71,0.00,0.00,0.00,0.00,0.00,0.00,-0.00,0.00,0.00,0.00,0.00,0.00,0.00,0.00,0.00,0
22.359,24,-8,268,0,DRIVE [ 15 ] [ 1 ] [ 1747 1905 1790 ] [    0    0    0 ] [      0      0      0 ] [ 0 ],drive [ 15 ] [ 0 ] [ 1747 1905 1789 ] [   30   13   20 ] [   9321   6196  10310 ] [ 0 ],1.00,1.00,1.00,1.00,23.86,-7.62,0.00,0.00,0.00,0.00,0.00,0.00,-0.00,0.00,0.00,0.00,0.00,0.00,0.00,0.00,0.00,0
22.3708,24,-7,267,0,DRIVE [ 16 ] [ 1 ] [ 1747 1905 1790 ] [    0    0    0 ] [      0      0      0 ] [ 0 ],drive [ 15 ] [ 0 ] [ 1747 1905 1790 ] [   30   13   20 ] [   9321   6196  10310 ] [ 0 ],1.00,1.00,1.00,1.00,23.85,-7.50,0.00,0.00,0.00,0.00,0.00,0.00,-0.00,0.00,0.00,0.00,0.00,0.00,-0.00,0.00,0.00,0
22.3828,24,-7,268,0,DRIVE [ 16 ] [ 1 ] [ 1746 1905 1791 ] [    0    0    0 ] [      0      0      0 ] [ 0 ],drive [ 16 ] [ 0 ] [ 1747 1905 1790 ] [   30   13   20 ] [   9321   6196  10310 ] [ 0 ],1.00,1.00,1.00,1.00,23.86,-7.42,0.00,0.00,0.00,0.00,0.00,0.00,-0.00,0.00,0.00,0.00,0.00,0.00,-0.00,0.00,0.00,0
22.3949,24,-7,268,0,DRIVE [ 17 ] [ 1 ] [ 1746 1905 1792 ] [    0    0    0 ] [      0      0      0 ] [ 0 ],drive [ 16 ] [ 0 ] [ 1746 1905 1791 ] [   30   13   20 ] [   9321   6196  10310 ] [ 0 ],1.00,1.00,1.00,1.00,23.88,-7.36,0.00,0.00,0.00,0.00,0.00,0.00,-0.00,0.00,0.00,0.00,0.00,0.00,-0.00,0.00,0.00,0
22.4068,24,-7,269,0,DRIVE [ 17 ] [ 1 ] [ 1747 1905 1792 ] [    0    0    0 ] [      0      0      0 ] [ 0 ],drive [ 17 ] [ 0 ] [ 1746 1905 1792 ] [   30   13   20 ] [   9321   6196  10310 ] [ 0 ],1.00,1.00,1.00,1.00,23.91,-7.36,0.00,0.00,0.00,0.00,0.00,0.00,-0.00,0.00,0.00,0.00,0.00,0.00,0.00,0.00,0.00,0
22.419,24,-7,269,0,DRIVE [ 18 ] [ 1 ] [ 1747 1905 1791 ] [    0    0    0 ] [      0      0      0 ] [ 0 ],drive [ 17 ] [ 0 ] [ 1747 1905 1792 ] [   31   13   19 ] [   9321   6196  10310 ] [ 0 ],1.00,1.00,1.00,1.00,23.94,-7.47,0.00,0.00,0.00,0.00,0.00,0.00,-0.00,0.00,0.00,0.00,0.00,0.00,0.00,0.00,0.00,0
22.4312,24,-8,269,0,DRIVE [ 18 ] [ 1 ] [ 1748 1905 1791 ] [    0    0    0 ] [      0      0      0 ] [ 0 ],drive [ 18 ] [ 0 ] [ 1747 1905 1791 ] [   31   13   19 ] [   9321   6196  10310 ] [ 0 ],1.00,1.00,1.00,1.00,23.82,-7.55,0.00,0.00,0.00,0.00,0.00,0.00,-0.00,0.00,0.00,0.00,0.00,0.00,-0.00,0.00,0.00,0
22.4435,24,-8,268,0,DRIVE [ 19 ] [ 1 ] [ 1749 1905 1790 ] [    0    0    0 ] [      0      0      0 ] [ 0 ],drive [ 18 ] [ 0 ] [ 1748 1905 1791 ] [   31   13   19 ] [   9321   6196  10310 ] [ 0 ],1.00,1.00,1.00,1.00,23.67,-7.70,0.00,0.00,0.00,0.00,0.00,0.00,-0.00,0.00,0.00,0.00,0.00,0.00,-0.00,0.00,0.00,0
22.4578,24,-8,267,0,DRIVE [ 19 ] [ 1 ] [ 1750 1905 1789 ] [    0    0    0 ] [      0      0      0 ] [ 0 ],drive [ 19 ] [ 0 ] [ 1749 1905 1790 ] [   31   13   19 ] [   9321   6196  10310 ] [ 0 ],1.00,1.00,1.00,1.00,23.50,-7.87,0.00,0.00,0.00,0.00,0.00,0.00,-0.00,0.00,0.00,0.00,0.00,0.00,-0.00,0.00,0.00,0
22.4716,23,-8,267,0,DRIVE [ 20 ] [ 1 ] [ 1751 1905 1788 ] [    0    0    0 ] [      0      0      0 ] [ 0 ],drive [ 19 ] [ 0 ] [ 1750 1905 1789 ] [   30   13   20 ] [   9321   6196  10310 ] [ 0 ],1.00,1.00,1.00,1.00,23.44,-8.09,0.00,0.00,0.00,0.00,0.00,0.00,-0.00,0.00,0.00,0.00,0.00,0.00,-0.00,0.00,0.00,0
22.4843,23,-8,267,0,DRIVE [ 20 ] [ 1 ] [ 1752 1905 1786 ] [    0    0    0 ] [      0      0      0 ] [ 0 ],drive [ 20 ] [ 0 ] [ 1751 1905 1788 ] [   30   13   20 ] [   9321   6196  10310 ] [ 0 ],1.00,1.00,1.00,1.00,23.41,-8.34,0.00,0.00,0.00,0.00,0.00,0.00,-0.00,0.00,0.00,0.00,0.00,0.00,-0.00,0.00,0.00,0
22.4966,23,-9,267,0,DRIVE [ 21 ] [ 1 ] [ 1753 1905 1785 ] [    0    0    0 ] [      0      0      0 ] [ 0 ],drive [ 20 ] [ 0 ] [ 1752 1905 1786 ] [   30   13   20 ] [   9321   6196  10310 ] [ 0 ],1.00,1.00,1.00,1.00,23.36,-8.54,0.00,0.00,0.00,0.00,0.00,0.00,-0.00,0.00,0.00,0.00,0.00,0.00,-0.00,0.00,0.00,0
22.5087,23,-9,268,0,DRIVE [ 21 ] [ 1 ] [ 1753 1905 1784 ] [    0    0    0 ] [      0      0      0 ] [ 0 ],drive [ 21 ] [ 0 ] [ 1753 1905 1785 ] [   30   13   20 ] [   9321   6196  10310 ] [ 0 ],1.00,1.00,1.00,1.00,23.43,-8.79,0.00,0.00,0.00,0.00,0.00,0.00,-0.00,0.00,0.00,0.00,0.00,0.00,0.00,0.00,0.00,0
22.5205,23,-9,268,0,DRIVE [ 22 ] [ 1 ] [ 1754 1905 1782 ] [    0    0    0 ] [      0      0      0 ] [ 0 ],drive [ 21 ] [ 0 ] [ 1753 1905 1784 ] [   30   13   20 ] [   9321   6196  10310 ] [ 0 ],1.00,1.00,1.00,1.00,23.47,-8.98,0.00,0.00,0.00,0.00,0.00,0.00,-0.00,0.00,0.00,0.00,0.00,0.00,0.00,0.00,0.00,0
22.5329,24,-9,269,0,DRIVE [ 22 ] [ 1 ] [ 1753 1905 1781 ] [    0    0    0 ] [      0      0      0 ] [ 0 ],drive [ 22 ] [ 0 ] [ 1754 1905 1782 ] [   30   13   20 ] [   9321   6196  10310 ] [ 0 ],1.00,1.00,1.00,1.00,23.62,-9.20,0.00,0.00,0.00,0.00,0.00,0.00,-0.00,0.00,0.00,0.00,0.00,0.00,0.00,0.00,0.00,0
22.545,24,-9,269,0,DRIVE [ 23 ] [ 1 ] [ 1753 1905 1780 ] [    0    0    0 ] [      0      0      0 ] [ 0 ],drive [ 22 ] [ 0 ] [ 1753 1905 1781 ] [   30   13   20 ] [   9321   6196  10310 ] [ 0 ],1.00,1.00,1.00,1.00,23.70,-9.32,0.00,0.00,0.00,0.00,0.00,0.00,-0.00,0.00,0.00,0.00,0.00,0.00,0.00,0.00,0.00,0
22.5572,24,-9,269,0,DRIVE [ 23 ] [ 1 ] [ 1753 1905 1780 ] [    0    0    0 ] [      0      0      0 ] [ 0 ],drive [ 23 ] [ 0 ] [ 1753 1905 1780 ] [   30   13   20 ] [   9321   6196  10310 ] [ 0 ],1.00,1.00,1.00,1.00,23.75,-9.34,0.00,0.00,0.00,0.00,0.00,0.00,-0.00,0.00,0.00,0.00,0.00,0.00,0.00,0.00,0.00,0
22.5689,24,-9,269,0,DRIVE [ 24 ] [ 1 ] [ 1753 1905 1780 ] [    0    0    0 ] [      0      0      0 ] [ 0 ],drive [ 23 ] [ 0 ] [ 1753 1905 1780 ] [   30   13   20 ] [   9321   6196  10310 ] [ 0 ],1.00,1.00,1.00,1.00,23.80,-9.32,0.00,0.00,0.00,0.00,0.00,0.00,-0.00,0.00,0.00,0.00,0.00,0.00,0.00,0.00,0.00,0
22.5814,24,-9,269,0,DRIVE [ 24 ] [ 1 ] [ 1752 1905 1780 ] [    0    0    0 ] [      0      0      0 ] [ 0 ],drive [ 24 ] [ 0 ] [ 1753 1905 1780 ] [   30   13   20 ] [   9321   6196  10310 ] [ 0 ],1.00,1.00,1.00,1.00,23.86,-9.26,0.00,0.00,0.00,0.00,0.00,0.00,-0.00,0.00,0.00,0.00,0.00,0.00,0.00,0.00,0.00,0
22.594,24,-9,269,0,DRIVE [ 25 ] [ 1 ] [ 1752 1905 1781 ] [    0    0    0 ] [      0      0      0 ] [ 0 ],drive [ 24 ] [ 0 ] [ 1752 1905 1780 ] [   30   13   20 ] [   9321   6196  10316 ] [ 0 ],1.00,1.00,1.00,1.00,23.85,-9.17,0.00,0.00,0.00,0.00,0.00,0.00,-0.00,0.00,0.00,0.00,0.00,0.00,0.00,0.00,0.00,0
22.6059,24,-9,268,0,DRIVE [ 25 ] [ 1 ] [ 1751 1905 1781 ] [    0    0    0 ] [      0      0      0 ] [ 0 ],drive [ 25 ] [ 0 ] [ 1752 1905 1781 ] [   30   13   20 ] [   9321   6196  10316 ] [ 0 ],1.00,1.00,1.00,1.00,23.84,-9.00,0.00,0.00,0.00,0.00,0.00,0.00,-0.00,0.00,0.00,0.00,0.00,0.00,0.00,0.00,0.00,0
22.6184,24,-9,268,0,DRIVE [ 26 ] [ 1 ] [ 1750 1905 1783 ] [    0    0    0 ] [      0      0      0 ] [ 0 ],drive [ 25 ] [ 0 ] [ 1751 1905 1781 ] [   30   12   16 ] [   9321   6196  10316 ] [ 0 ],1.00,1.00,1.00,1.00,23.89,-8.81,0.00,0.00,0.00,0.00,0.00,0.00,-0.00,0.00,0.00,0.00,0.00,0.00,0.00,0.00,0.00,0
22.6308,24,-9,268,0,DRIVE [ 26 ] [ 1 ] [ 1750 1905 1784 ] [    0    0    0 ] [      0      0      0 ] [ 0 ],drive [ 26 ] [ 0 ] [ 1750 1905 1783 ] [   30   12   16 ] [   9321   6196  10316 ] [ 0 ],1.00,1.00,1.00,1.00,23.87,-8.58,0.00,0.00,0.00,0.00,0.00,0.00,-0.00,0.00,0.00,0.00,0.00,0.00,0.00,0.00,0.00,0
22.6431,24,-8,267,0,DRIVE [ 27 ] [ 1 ] [ 1749 1905 1785 ] [    0    0    0 ] [      0      0      0 ] [ 0 ],drive [ 26 ] [ 0 ] [ 1750 1905 1784 ] [   30   12   16 ] [   9321   6196  10317 ] [ 0 ],1.00,1.00,1.00,1.00,23.84,-8.34,0.00,0.00,0.00,0.00,0.00,0.00,-0.00,0.00,0.00,0.00,0.00,0.00,0.00,0.00,0.00,0
22.6562,24,-8,268,0,DRIVE [ 27 ] [ 1 ] [ 1747 1905 1786 ] [    0    0    0 ] [      0      0      0 ] [ 0 ],drive [ 27 ] [ 0 ] [ 1749 1905 1785 ] [   30   12   16 ] [   9321   6196  10317 ] [ 0 ],1.00,1.00,1.00,1.00,24.02,-8.13,0.00,0.00,0.00,0.00,0.00,0.00,-0.00,0.00,0.00,0.00,0.00,0.00,0.00,0.00,0.00,0
22.668,24,-8,268,0,DRIVE [ 28 ] [ 1 ] [ 1746 1905 1787 ] [    0    0    0 ] [      0      0      0 ] [ 0 ],drive [ 27 ] [ 0 ] [ 1747 1905 1786 ] [   31   12   16 ] [   9321   6196  10317 ] [ 0 ],1.00,1.00,1.00,1.00,24.15,-7.97,0.00,0.00,0.00,0.00,0.00,0.00,-0.00,0.00,0.00,0.00,0.00,0.00,0.00,0.00,0.00,0
22.6803,24,-8,268,0,DRIVE [ 28 ] [ 1 ] [ 1745 1905 1788 ] [    0    0    0 ] [      0      0      0 ] [ 0 ],drive [ 28 ] [ 0 ] [ 1746 1905 1787 ] [   31   12   16 ] [   9321   6196  10317 ] [ 0 ],1.00,1.00,1.00,1.00,24.25,-7.83,0.00,0.00,0.00,0.00,0.00,0.00,-0.00,0.00,0.00,0.00,0.00,0.00,0.00,0.00,0.00,0
22.6925,24,-8,268,0,DRIVE [ 29 ] [ 1 ] [ 1744 1905 1788 ] [    0    0    0 ] [      0      0      0 ] [ 0 ],drive [ 28 ] [ 0 ] [ 1745 1905 1788 ] [   31   12   16 ] [   9321   6196  10317 ] [ 0 ],1.00,1.00,1.00,1.00,24.31,-7.74,0.00,0.00,0.00,0.00,0.00,0.00,-0.00,0.00,0.00,0.00,0.00,0.00,0.00,0.00,0.00,0
22.7042,24,-8,268,0,DRIVE [ 29 ] [ 1 ] [ 1744 1905 1788 ] [    0    0    0 ] [      0      0      0 ] [ 0 ],drive [ 29 ] [ 0 ] [ 1744 1905 1788 ] [   31   12   16 ] [   9321   6196  10317 ] [ 0 ],1.00,1.00,1.00,1.00,24.32,-7.66,0.00,0.00,0.00,0.00,0.00,0.00,-0.00,0.00,0.00,0.00,0.00,0.00,0.00,0.00,0.00,0
22.7163,24,-8,267,0,DRIVE [ 30 ] [ 1 ] [ 1743 1905 1789 ] [    0    0    0 ] [      0      0      0 ] [ 0 ],drive [ 29 ] [ 0 ] [ 1744 1905 1788 ] [   30   13   15 ] [   9321   6196  10317 ] [ 0 ],1.00,1.00,1.00,1.00,24.29,-7.60,0.00,0.00,0.00,0.00,0.00,0.00,-0.00,0.00,0.00,0.00,0.00,0.00,0.00,0.00,0.00,0
22.7284,24,-8,267,0,DRIVE [ 30 ] [ 1 ] [ 1743 1905 1788 ] [    0    0    0 ] [      0      0      0 ] [ 0 ],drive [ 30 ] [ 0 ] [ 1743 1905 1789 ] [   30   13   15 ] [   9321   6196  10317 ] [ 0 ],1.00,1.00,1.00,1.00,24.32,-7.62,0.00,0.00,0.00,0.00,0.00,0.00,-0.00,0.00,0.00,0.00,0.00,0.00,0.00,0.00,0.00,0
22.7402,24,-8,267,0,DRIVE [ 31 ] [ 1 ] [ 1743 1905 1788 ] [    0    0    0 ] [      0      0      0 ] [ 0 ],drive [ 30 ] [ 0 ] [ 1743 1905 1788 ] [   30   13   15 ] [   9321   6196  10317 ] [ 0 ],1.00,1.00,1.00,1.00,24.32,-7.61,0.00,0.00,0.00,0.00,0.00,0.00,-0.00,0.00,0.00,0.00,0.00,0.00,0.00,0.00,0.00,0
22.7525,24,-8,267,0,DRIVE [ 31 ] [ 1 ] [ 1743 1905 1788 ] [    0    0    0 ] [      0      0      0 ] [ 0 ],drive [ 31 ] [ 0 ] [ 1743 1905 1788 ] [   30   13   15 ] [   9321   6197  10317 ] [ 0 ],1.00,1.00,1.00,1.00,24.30,-7.64,0.00,0.00,0.00,0.00,0.00,0.00,-0.00,0.00,0.00,0.00,0.00,0.00,0.00,0.00,0.00,0
22.7648,24,-8,267,0,DRIVE [ 32 ] [ 1 ] [ 1743 1905 1788 ] [    0    0    0 ] [      0      0      0 ] [ 0 ],drive [ 31 ] [ 0 ] [ 1743 1905 1788 ] [   30   13   16 ] [   9321   6197  10317 ] [ 0 ],1.00,1.00,1.00,1.00,24.33,-7.72,0.00,0.00,0.00,0.00,0.00,0.00,-0.00,0.00,0.00,0.00,0.00,0.00,0.00,0.00,0.00,0
22.777,24,-8,268,0,DRIVE [ 32 ] [ 1 ] [ 1743 1905 1787 ] [    0    0    0 ] [      0      0      0 ] [ 0 ],drive [ 32 ] [ 0 ] [ 1743 1905 1788 ] [   30   13   16 ] [   9321   6197  10317 ] [ 0 ],1.00,1.00,1.00,1.00,24.44,-7.75,0.00,0.00,0.00,0.00,0.00,0.00,-0.00,0.00,0.00,0.00,0.00,0.00,0.00,0.00,0.00,0
22.7892,25,-8,268,0,DRIVE [ 33 ] [ 1 ] [ 1743 1905 1787 ] [    0    0    0 ] [      0      0      0 ] [ 0 ],drive [ 32 ] [ 0 ] [ 1743 1905 1787 ] [   30   13   16 ] [   9321   6197  10317 ] [ 0 ],1.00,1.00,1.00,1.00,24.59,-7.85,0.00,0.00,0.00,0.00,0.00,0.00,-0.00,0.00,0.00,0.00,0.00,0.00,0.00,0.00,0.00,0
22.801,25,-8,269,0,DRIVE [ 33 ] [ 1 ] [ 1742 1905 1786 ] [    0    0    0 ] [      0      0      0 ] [ 0 ],drive [ 33 ] [ 0 ] [ 1743 1905 1787 ] [   30   13   16 ] [   9322   6197  10317 ] [ 0 ],1.00,1.00,1.00,1.00,24.71,-7.92,0.00,0.00,0.00,0.00,0.00,0.00,-0.00,0.00,0.00,0.00,0.00,0.00,0.00,0.00,0.00,0
22.8131,25,-8,269,0,DRIVE [ 34 ] [ 1 ] [ 1742 1905 1786 ] [    0    0    0 ] [      0      0      0 ] [ 0 ],drive [ 33 ] [ 0 ] [ 1742 1905 1786 ] [   30   12   16 ] [   9322   6197  10317 ] [ 0 ],1.00,1.00,1.00,1.00,24.78,-7.95,0.00,0.00,0.00,0.00,0.00,0.00,-0.00,0.00,0.00,0.00,0.00,0.00,0.00,0.00,0.00,0
22.8251,25,-8,268,0,DRIVE [ 34 ] [ 1 ] [ 1742 1905 1785 ] [    0    0    0 ] [      0      0      0 ] [ 0 ],drive [ 34 ] [ 0 ] [ 1742 1905 1786 ] [   30   12   16 ] [   9322   6197  10317 ] [ 0 ],1.00,1.00,1.00,1.00,24.79,-8.00,0.00,0.00,0.00,0.00,0.00,0.00,-0.00,0.00,0.00,0.00,0.00,0.00,0.00,0.00,0.00,0
22.837,25,-8,268,0,DRIVE [ 35 ] [ 1 ] [ 1741 1905 1785 ] [    0    0    0 ] [      0      0      0 ] [ 0 ],drive [ 34 ] [ 0 ] [ 1742 1905 1785 ] [   30   12   16 ] [   9322   6197  10317 ] [ 0 ],1.00,1.00,1.00,1.00,24.75,-7.99,0.00,0.00,0.00,0.00,0.00,0.00,-0.00,0.00,0.00,0.00,0.00,0.00,0.00,0.00,0.00,0
22.8497,25,-8,268,0,DRIVE [ 35 ] [ 1 ] [ 1741 1905 1785 ] [    0    0    0 ] [      0      0      0 ] [ 0 ],drive [ 35 ] [ 0 ] [ 1741 1905 1785 ] [   30   12   16 ] [   9322   6197  10317 ] [ 0 ],1.00,1.00,1.00,1.00,24.78,-7.97,0.00,0.00,0.00,0.00,0.00,0.00,-0.00,0.00,0.00,0.00,0.00,0.00,0.00,0.00,0.00,0
22.8618,25,-8,267,0,DRIVE [ 36 ] [ 1 ] [ 1741 1905 1785 ] [    0    0    0 ] [      0      0      0 ] [ 0 ],drive [ 35 ] [ 0 ] [ 1741 1905 1785 ] [   31   12   16 ] [   9322   6197  10317 ] [ 0 ],1.00,1.00,1.00,1.00,24.75,-7.92,0.00,0.00,0.00,0.00,0.00,0.00,-0.00,0.00,0.00,0.00,0.00,0.00,0.00,0.00,0.00,0
22.8737,25,-8,268,0,DRIVE [ 36 ] [ 1 ] [ 1740 1905 1786 ] [    0    0    0 ] [      0      0      0 ] [ 0 ],drive [ 36 ] [ 0 ] [ 1741 1905 1785 ] [   31   12   16 ] [   9322   6197  10317 ] [ 0 ],1.00,1.00,1.00,1.00,24.83,-7.85,0.00,0.00,0.00,0.00,0.00,0.00,-0.00,0.00,0.00,0.00,0.00,0.00,0.00,0.00,0.00,0
22.8862,25,-8,269,0,DRIVE [ 37 ] [ 1 ] [ 1739 1905 1786 ] [    0    0    0 ] [      0      0      0 ] [ 0 ],drive [ 36 ] [ 0 ] [ 1740 1905 1786 ] [   31   12   16 ] [   9322   6197  10317 ] [ 0 ],1.00,1.00,1.00,1.00,25.02,-7.78,0.00,0.00,0.00,0.00,0.00,0.00,-0.00,0.00,0.00,0.00,0.00,0.00,0.00,0.00,0.00,0
22.8983,25,-8,269,0,DRIVE [ 37 ] [ 1 ] [ 1738 1905 1786 ] [    0    0    0 ] [      0      0      0 ] [ 0 ],drive [ 37 ] [ 0 ] [ 1739 1905 1786 ] [   31   12   16 ] [   9322   6197  10317 ] [ 0 ],1.00,1.00,1.00,1.00,25.10,-7.67,0.00,0.00,0.00,0.00,0.00,0.00,-0.00,0.00,0.00,0.00,0.00,0.00,0.00,0.00,0.00,0
22.9106,25,-8,268,0,DRIVE [ 38 ] [ 1 ] [ 1737 1905 1787 ] [    0    0    0 ] [      0      0      0 ] [ 0 ],drive [ 37 ] [ 0 ] [ 1738 1905 1786 ] [   30   12   15 ] [   9322   6197  10317 ] [ 0 ],1.00,1.00,1.00,1.00,25.16,-7.53,0.00,0.00,0.00,0.00,0.00,0.00,-0.00,0.00,0.00,0.00,0.00,0.00,0.00,0.00,0.00,0
22.9227,25,-7,267,0,DRIVE [ 38 ] [ 1 ] [ 1736 1905 1788 ] [    0    0    0 ] [      0      0      0 ] [ 0 ],drive [ 38 ] [ 0 ] [ 1737 1905 1787 ] [   30   12   15 ] [   9322   6197  10317 ] [ 0 ],1.00,1.00,1.00,1.00,25.15,-7.35,0.00,0.00,0.00,0.00,0.00,0.00,-0.00,0.00,0.00,0.00,0.00,0.00,0.00,0.00,0.00,0
22.9341,25,-7,269,0,DRIVE [ 39 ] [ 1 ] [ 1735 1905 1788 ] [    0    0    0 ] [      0      0      0 ] [ 0 ],drive [ 38 ] [ 0 ] [ 1736 1905 1788 ] [   30   12   15 ] [   9322   6197  10317 ] [ 0 ],1.00,1.00,1.00,1.00,25.44,-7.25,0.00,0.00,0.00,0.00,0.00,0.00,-0.00,0.00,0.00,0.00,0.00,0.00,0.00,0.00,0.00,0
22.9461,26,-7,269,0,DRIVE [ 39 ] [ 1 ] [ 1733 1905 1789 ] [    0    0    0 ] [      0      0      0 ] [ 0 ],drive [ 39 ] [ 0 ] [ 1735 1905 1788 ] [   30   12   15 ] [   9322   6197  10317 ] [ 0 ],1.00,1.00,1.00,1.00,25.58,-7.04,0.00,0.00,0.00,0.00,0.00,0.00,-0.00,0.00,0.00,0.00,0.00,0.00,0.00,0.00,0.00,0
22.9583,26,-7,269,0,DRIVE [ 40 ] [ 1 ] [ 1732 1905 1789 ] [    0    0    0 ] [      0      0      0 ] [ 0 ],drive [ 39 ] [ 0 ] [ 1733 1905 1789 ] [   31   12   16 ] [   9322   6197  10317 ] [ 0 ],1.00,1.00,1.00,1.00,25.67,-6.94,0.00,0.00,0.00,0.00,0.00,0.00,-0.00,0.00,0.00,0.00,0.00,0.00,0.00,0.00,0.00,0
22.97,26,-7,268,0,DRIVE [ 40 ] [ 1 ] [ 1731 1905 1790 ] [    0    0    0 ] [      0      0      0 ] [ 0 ],drive [ 40 ] [ 0 ] [ 1732 1905 1789 ] [   31   12   16 ] [   9322   6197  10317 ] [ 0 ],1.00,1.00,1.00,1.00,25.71,-6.81,0.00,0.00,0.00,0.00,0.00,0.00,-0.00,0.00,0.00,0.00,0.00,0.00,0.00,0.00,0.00,0
22.9824,26,-7,268,0,DRIVE [ 41 ] [ 1 ] [ 1730 1905 1791 ] [    0    0    0 ] [      0      0      0 ] [ 0 ],drive [ 40 ] [ 0 ] [ 1731 1905 1790 ] [   31   12   16 ] [   9322   6197  10317 ] [ 0 ],1.00,1.00,1.00,1.00,25.70,-6.60,0.00,0.00,0.00,0.00,0.00,0.00,-0.00,0.00,0.00,0.00,0.00,0.00,0.00,0.00,0.00,0
22.9947,26,-6,268,0,DRIVE [ 41 ] [ 1 ] [ 1730 1905 1792 ] [    0    0    0 ] [      0      0      0 ] [ 0 ],drive [ 41 ] [ 0 ] [ 1730 1905 1791 ] [   31   12   16 ] [   9322   6197  10317 ] [ 0 ],1.00,1.00,1.00,1.00,25.68,-6.46,0.00,0.00,0.00,0.00,0.00,0.00,-0.00,0.00,0.00,0.00,0.00,0.00,0.00,0.00,0.00,0
23.0064,26,-6,268,0,DRIVE [ 42 ] [ 1 ] [ 1729 1905 1792 ] [    0    0    0 ] [      0      0      0 ] [ 0 ],drive [ 41 ] [ 0 ] [ 1730 1905 1792 ] [   31   12   16 ] [   9322   6197  10317 ] [ 0 ],1.00,1.00,1.00,1.00,25.71,-6.35,0.00,0.00,0.00,0.00,0.00,0.00,-0.00,0.00,0.00,0.00,0.00,0.00,0.00,0.00,0.00,0
23.0189,26,-6,268,0,DRIVE [ 42 ] [ 1 ] [ 1729 1905 1793 ] [    0    0    0 ] [      0      0      0 ] [ 0 ],drive [ 42 ] [ 0 ] [ 1729 1905 1792 ] [   31   12   16 ] [   9322   6197  10317 ] [ 0 ],1.00,1.00,1.00,1.00,25.75,-6.29,0.00,0.00,0.00,0.00,0.00,0.00,-0.00,0.00,0.00,0.00,0.00,0.00,0.00,0.00,0.00,0
23.0311,26,-6,269,0,DRIVE [ 43 ] [ 1 ] [ 1729 1905 1792 ] [    0    0    0 ] [      0      0      0 ] [ 0 ],drive [ 42 ] [ 0 ] [ 1729 1905 1793 ] [   31   12   16 ] [   9322   6197  10317 ] [ 0 ],1.00,1.00,1.00,1.00,25.83,-6.33,0.00,0.00,0.00,0.00,0.00,0.00,-0.00,0.00,0.00,0.00,0.00,0.00,0.00,0.00,0.00,0
23.0435,26,-6,270,0,DRIVE [ 43 ] [ 1 ] [ 1730 1905 1792 ] [    0    0    0 ] [      0      0      0 ] [ 0 ],drive [ 43 ] [ 0 ] [ 1729 1905 1792 ] [   31   12   16 ] [   9322   6197  10317 ] [ 0 ],1.00,1.00,1.00,1.00,25.86,-6.40,0.00,0.00,0.00,0.00,0.00,0.00,-0.00,0.00,0.00,0.00,0.00,0.00,0.00,0.00,0.00,0
23.0559,26,-7,270,0,DRIVE [ 44 ] [ 1 ] [ 1731 1905 1791 ] [    0    0    0 ] [      0      0      0 ] [ 0 ],drive [ 43 ] [ 0 ] [ 1730 1905 1792 ] [   31   12   16 ] [   9322   6197  10317 ] [ 0 ],1.00,1.00,1.00,1.00,25.81,-6.61,0.00,0.00,0.00,0.00,0.00,0.00,-0.00,0.00,0.00,0.00,0.00,0.00,0.00,0.00,0.00,0
23.0676,26,-7,269,0,DRIVE [ 44 ] [ 1 ] [ 1732 1905 1790 ] [    0    0    0 ] [      0      0      0 ] [ 0 ],drive [ 44 ] [ 0 ] [ 1731 1905 1791 ] [   31   11   15 ] [   9322   6197  10317 ] [ 0 ],1.00,1.00,1.00,1.00,25.66,-6.77,0.00,0.00,0.00,0.00,0.00,0.00,-0.00,0.00,0.00,0.00,0.00,0.00,0.00,0.00,0.00,0
23.0799,26,-7,269,0,DRIVE [ 45 ] [ 1 ] [ 1733 1905 1790 ] [    0    0    0 ] [      0      0      0 ] [ 0 ],drive [ 44 ] [ 0 ] [ 1732 1905 1790 ] [   31   11   15 ] [   9322   6197  10317 ] [ 0 ],1.00,1.00,1.00,1.00,25.56,-6.88,0.00,0.00,0.00,0.00,0.00,0.00,-0.00,0.00,0.00,0.00,0.00,0.00,0.00,0.00,0.00,0
23.0923,25,-7,269,0,DRIVE [ 45 ] [ 1 ] [ 1734 1905 1790 ] [    0    0    0 ] [      0      0      0 ] [ 0 ],drive [ 45 ] [ 0 ] [ 1733 1905 1790 ] [   31   11   15 ] [   9322   6197  10317 ] [ 0 ],1.00,1.00,1.00,1.00,25.46,-7.02,0.00,0.00,0.00,0.00,0.00,0.00,-0.00,0.00,0.00,0.00,0.00,0.00,0.00,0.00,0.00,0
23.1045,25,-7,269,0,DRIVE [ 46 ] [ 1 ] [ 1735 1905 1789 ] [    0    0    0 ] [      0      0      0 ] [ 0 ],drive [ 45 ] [ 0 ] [ 1734 1905 1790 ] [   31   11   15 ] [   9322   6198  10317 ] [ 0 ],1.00,1.00,1.00,1.00,25.42,-7.22,0.00,0.00,0.00,0.00,0.00,0.00,-0.00,0.00,0.00,0.00,0.00,0.00,0.00,0.00,0.00,0
23.1167,25,-7,269,0,DRIVE [ 46 ] [ 1 ] [ 1736 1905 1788 ] [    0    0    0 ] [      0      0      0 ] [ 0 ],drive [ 46 ] [ 0 ] [ 1735 1905 1789 ] [   31   11   16 ] [   9322   6198  10317 ] [ 0 ],1.00,1.00,1.00,1.00,25.34,-7.37,0.00,0.00,0.00,0.00,0.00,0.00,-0.00,0.00,0.00,0.00,0.00,0.00,0.00,0.00,0.00,0
23.1285,25,-8,268,0,DRIVE [ 47 ] [ 1 ] [ 1736 1905 1787 ] [    0    0    0 ] [      0      0      0 ] [ 0 ],drive [ 46 ] [ 0 ] [ 1736 1905 1788 ] [   31   11   16 ] [   9322   6198  10317 ] [ 0 ],1.00,1.00,1.00,1.00,25.28,-7.51,0.00,0.00,0.00,0.00,0.00,0.00,-0.00,0.00,0.00,0.00,0.00,0.00,0.00,0.00,0.00,0
23.1403,25,-8,268,0,DRIVE [ 47 ] [ 1 ] [ 1736 1905 1786 ] [    0    0    0 ] [      0      0      0 ] [ 0 ],drive [ 47 ] [ 0 ] [ 1736 1905 1787 ] [   31   11   16 ] [   9322   6198  10317 ] [ 0 ],1.00,1.00,1.00,1.00,25.27,-7.60,0.00,0.00,0.00,0.00,0.00,0.00,-0.00,0.00,0.00,0.00,0.00,0.00,0.00,0.00,0.00,0
23.1526,25,-8,268,0,DRIVE [ 48 ] [ 1 ] [ 1736 1905 1785 ] [    0    0    0 ] [      0      0      0 ] [ 0 ],drive [ 47 ] [ 0 ] [ 1736 1905 1786 ] [   31   11   16 ] [   9322   6199  10317 ] [ 0 ],1.00,1.00,1.00,1.00,25.38,-7.70,0.00,0.00,0.00,0.00,0.00,0.00,-0.00,0.00,0.00,0.00,0.00,0.00,0.00,0.00,0.00,0
23.1648,25,-8,268,0,DRIVE [ 48 ] [ 1 ] [ 1736 1905 1785 ] [    0    0    0 ] [      0      0      0 ] [ 0 ],drive [ 48 ] [ 0 ] [ 1736 1905 1785 ] [   31   10   16 ] [   9322   6199  10317 ] [ 0 ],1.00,1.00,1.00,1.00,25.48,-7.76,0.00,0.00,0.00,0.00,0.00,0.00,-0.00,0.00,0.00,0.00,0.00,0.00,0.00,0.00,0.00,0
23.1774,26,-8,268,0,DRIVE [ 49 ] [ 1 ] [ 1735 1905 1784 ] [    0    0    0 ] [      0      0      0 ] [ 0 ],drive [ 48 ] [ 0 ] [ 1736 1905 1785 ] [   31   10   16 ] [   9322   6199  10317 ] [ 0 ],1.00,1.00,1.00,1.00,25.55,-7.79,0.00,0.00,0.00,0.00,0.00,0.00,-0.00,0.00,0.00,0.00,0.00,0.00,0.00,0.00,0.00,0
23.1898,26,-8,268,0,DRIVE [ 49 ] [ 1 ] [ 1735 1905 1784 ] [    0    0    0 ] [      0      0      0 ] [ 0 ],drive [ 49 ] [ 0 ] [ 1735 1905 1784 ] [   31   10   16 ] [   9322   6199  10317 ] [ 0 ],1.00,1.00,1.00,1.00,25.57,-7.74,0.00,0.00,0.00,0.00,0.00,0.00,-0.00,0.00,0.00,0.00,0.00,0.00,0.00,0.00,0.00,0
23.2012,26,-8,268,0,DRIVE [ 50 ] [ 1 ] [ 1734 1905 1785 ] [    0    0    0 ] [      0      0      0 ] [ 0 ],drive [ 49 ] [ 0 ] [ 1735 1905 1784 ] [   31   10   16 ] [   9322   6199  10325 ] [ 0 ],1.00,1.00,1.00,1.00,25.62,-7.64,0.00,0.00,0.00,0.00,0.00,0.00,-0.00,0.00,0.00,0.00,0.00,0.00,0.00,0.00,0.00,0
23.2136,26,-7,268,0,DRIVE [ 50 ] [ 1 ] [ 1733 1905 1786 ] [    0    0    0 ] [      0      0      0 ] [ 0 ],drive [ 50 ] [ 0 ] [ 1734 1905 1785 ] [   31   11   11 ] [   9322   6199  10325 ] [ 0 ],1.00,1.00,1.00,1.00,25.68,-7.49,0.00,0.00,0.00,0.00,0.00,0.00,-0.00,0.00,0.00,0.00,0.00,0.00,0.00,0.00,0.00,0
23.2257,26,-7,269,0,DRIVE [ 51 ] [ 1 ] [ 1732 1905 1786 ] [    0    0    0 ] [      0      0      0 ] [ 0 ],drive [ 50 ] [ 0 ] [ 1733 1905 1786 ] [   31   11   11 ] [   9322   6199  10325 ] [ 0 ],1.00,1.00,1.00,1.00,25.90,-7.35,0.00,0.00,0.00,0.00,0.00,0.00,-0.00,0.00,0.00,0.00,0.00,0.00,0.00,0.00,0.00,0
23.2375,26,-7,270,0,DRIVE [ 51 ] [ 1 ] [ 1731 1905 1787 ] [    0    0    0 ] [      0      0      0 ] [ 0 ],drive [ 51 ] [ 0 ] [ 1732 1905 1786 ] [   31   11   11 ] [   9322   6199  10325 ] [ 0 ],1.00,1.00,1.00,1.00,26.06,-7.25,0.00,0.00,0.00,0.00,0.00,0.00,-0.00,0.00,0.00,0.00,0.00,0.00,0.00,0.00,0.00,0
23.2499,26,-7,270,0,DRIVE [ 52 ] [ 1 ] [ 1730 1905 1787 ] [    0    0    0 ] [      0      0      0 ] [ 0 ],drive [ 51 ] [ 0 ] [ 1731 1905 1787 ] [   31   11   11 ] [   9322   6199  10325 ] [ 0 ],1.00,1.00,1.00,1.00,26.18,-7.13,0.00,0.00,0.00,0.00,0.00,0.00,-0.00,0.00,0.00,0.00,0.00,0.00,0.00,0.00,0.00,0
23.2619,26,-7,271,0,DRIVE [ 52 ] [ 1 ] [ 1729 1905 1788 ] [    0    0    0 ] [      0      0      0 ] [ 0 ],drive [ 52 ] [ 0 ] [ 1730 1905 1787 ] [   31   11   11 ] [   9322   6199  10325 ] [ 0 ],1.00,1.00,1.00,1.00,26.30,-7.04,0.00,0.00,0.00,0.00,0.00,0.00,-0.00,0.00,0.00,0.00,0.00,0.00,0.00,0.00,0.00,0
23.2736,26,-7,272,0,DRIVE [ 53 ] [ 1 ] [ 1729 1905 1789 ] [    0    0    0 ] [      0      0      0 ] [ 0 ],drive [ 52 ] [ 0 ] [ 1729 1905 1788 ] [   31   11   11 ] [   9322   6199  10325 ] [ 0 ],1.00,1.00,1.00,1.00,26.33,-6.92,0.00,0.00,0.00,0.00,0.00,0.00,-0.00,0.00,0.00,0.00,0.00,0.00,0.00,0.00,0.00,0
23.286,26,-7,271,0,DRIVE [ 53 ] [ 1 ] [ 1729 1905 1789 ] [    0    0    0 ] [      0      0      0 ] [ 0 ],drive [ 53 ] [ 0 ] [ 1729 1905 1789 ] [   31   11   11 ] [   9322   6199  10325 ] [ 0 ],1.00,1.00,1.00,1.00,26.20,-6.91,0.00,0.00,0.00,0.00,0.00,0.00,-0.00,0.00,0.00,0.00,0.00,0.00,0.00,0.00,0.00,0
23.2982,26,-7,270,0,DRIVE [ 54 ] [ 1 ] [ 1730 1905 1790 ] [    0    0    0 ] [      0      0      0 ] [ 0 ],drive [ 53 ] [ 0 ] [ 1729 1905 1789 ] [   31   11   11 ] [   9322   6199  10325 ] [ 0 ],1.00,1.00,1.00,1.00,25.98,-6.72,0.00,0.00,0.00,0.00,0.00,0.00,-0.00,0.00,0.00,0.00,0.00,0.00,0.00,0.00,0.00,0
23.3103,26,-7,269,0,DRIVE [ 54 ] [ 1 ] [ 1730 1905 1791 ] [    0    0    0 ] [      0      0      0 ] [ 0 ],drive [ 54 ] [ 0 ] [ 1730 1905 1790 ] [   31   11   11 ] [   9322   6199  10325 ] [ 0 ],1.00,1.00,1.00,1.00,25.78,-6.60,0.00,0.00,0.00,0.00,0.00,0.00,-0.00,0.00,0.00,0.00,0.00,0.00,0.00,0.00,0.00,0
23.3225,26,-7,269,0,DRIVE [ 55 ] [ 1 ] [ 1731 1905 1792 ] [    0    0    0 ] [      0      0      0 ] [ 0 ],drive [ 54 ] [ 0 ] [ 1730 1905 1791 ] [   31   11   11 ] [   9322   6199  10325 ] [ 0 ],1.00,1.00,1.00,1.00,25.61,-6.50,0.00,0.00,0.00,0.00,0.00,0.00,-0.00,0.00,0.00,0.00,0.00,0.00,-0.00,0.00,0.00,0
23.334,26,-6,269,0,DRIVE [ 55 ] [ 1 ] [ 1732 1905 1793 ] [    0    0    0 ] [      0      0      0 ] [ 0 ],drive [ 55 ] [ 0 ] [ 1731 1905 1792 ] [   31   11   11 ] [   9322   6199  10325 ] [ 0 ],1.00,1.00,1.00,1.00,25.52,-6.41,0.00,0.00,0.00,0.00,0.00,0.00,-0.00,0.00,0.00,0.00,0.00,0.00,-0.00,0.00,0.00,0
23.3465,25,-6,269,0,DRIVE [ 56 ] [ 1 ] [ 1733 1905 1794 ] [    0    0    0 ] [      0      0      0 ] [ 0 ],drive [ 55 ] [ 0 ] [ 1732 1905 1793 ] [   31   11   11 ] [   9322   6199  10325 ] [ 0 ],1.00,1.00,1.00,1.00,25.28,-6.38,0.00,0.00,0.00,0.00,0.00,0.00,-0.00,0.00,0.00,0.00,0.00,0.00,-0.00,0.00,0.00,0
23.3585,25,-6,269,0,DRIVE [ 56 ] [ 1 ] [ 1734 1905 1794 ] [    0    0    0 ] [      0      0      0 ] [ 0 ],drive [ 56 ] [ 0 ] [ 1733 1905 1794 ] [   31   11   10 ] [   9322   6199  10325 ] [ 0 ],1.00,1.00,1.00,1.00,25.13,-6.36,0.00,0.00,0.00,0.00,0.00,0.00,-0.00,0.00,0.00,0.00,0.00,0.00,-0.00,0.00,0.00,0
23.37,25,-6,268,0,DRIVE [ 57 ] [ 1 ] [ 1735 1905 1795 ] [    0    0    0 ] [      0      0      0 ] [ 0 ],drive [ 56 ] [ 0 ] [ 1734 1905 1794 ] [   31   11   10 ] [   9322   6199  10325 ] [ 0 ],1.00,1.00,1.00,1.00,24.90,-6.32,0.00,0.00,0.00,0.00,0.00,0.00,-0.00,0.00,0.00,0.00,0.00,0.00,-0.00,0.00,0.00,0
23.3823,25,-6,268,0,DRIVE [ 57 ] [ 1 ] [ 1737 1905 1795 ] [    0    0    0 ] [      0      0      0 ] [ 0 ],drive [ 57 ] [ 0 ] [ 1735 1905 1795 ] [   31   11   10 ] [   9322   6199  10325 ] [ 0 ],1.00,1.00,1.00,1.00,24.69,-6.34,0.00,0.00,0.00,0.00,0.00,0.00,-0.00,0.00,0.00,0.00,0.00,0.00,-0.00,0.00,0.00,0
23.3946,25,-6,268,0,DRIVE [ 58 ] [ 1 ] [ 1738 1905 1795 ] [    0    0    0 ] [      0      0      0 ] [ 0 ],drive [ 57 ] [ 0 ] [ 1737 1905 1795 ] [   31   11   10 ] [   9322   6199  10325 ] [ 0 ],1.00,1.00,1.00,1.00,24.54,-6.38,0.00,0.00,0.00,0.00,0.00,0.00,-0.00,0.00,0.00,0.00,0.00,0.00,-0.00,0.00,0.00,0
23.4061,25,-7,270,0,DRIVE [ 58 ] [ 1 ] [ 1740 1905 1795 ] [    0    0    0 ] [      0      0      0 ] [ 0 ],drive [ 58 ] [ 0 ] [ 1738 1905 1795 ] [   31   11   10 ] [   9322   6199  10325 ] [ 0 ],1.00,1.00,1.00,1.00,24.51,-6.51,0.00,0.00,0.00,0.00,0.00,0.00,-0.00,0.00,0.00,0.00,0.00,0.00,-0.00,0.00,0.00,0
23.4185,24,-7,270,0,DRIVE [ 59 ] [ 1 ] [ 1742 1905 1795 ] [    0    0    0 ] [      0      0      0 ] [ 0 ],drive [ 58 ] [ 0 ] [ 1740 1905 1795 ] [   31   11   10 ] [   9322   6199  10325 ] [ 0 ],1.00,1.00,1.00,1.00,24.40,-6.63,0.00,0.00,0.00,0.00,0.00,0.00,-0.00,0.00,0.00,0.00,0.00,0.00,-0.00,0.00,0.00,0
23.4307,24,-7,269,0,DRIVE [ 59 ] [ 1 ] [ 1743 1905 1795 ] [    0    0    0 ] [      0      0      0 ] [ 0 ],drive [ 59 ] [ 0 ] [ 1742 1905 1795 ] [   31   11   10 ] [   9322   6199  10325 ] [ 0 ],1.00,1.00,1.00,1.00,24.18,-6.68,0.00,0.00,0.00,0.00,0.00,0.00,-0.00,0.00,0.00,0.00,0.00,0.00,-0.00,0.00,0.00,0
23.4428,24,-7,270,0,DRIVE [ 60 ] [ 1 ] [ 1744 1905 1795 ] [    0    0    0 ] [      0      0      0 ] [ 0 ],drive [ 59 ] [ 0 ] [ 1743 1905 1795 ] [   31   11   10 ] [   9322   6199  10325 ] [ 0 ],1.00,1.00,1.00,1.00,24.12,-6.78,0.00,0.00,0.00,0.00,0.00,0.00,-0.00,0.00,0.00,0.00,0.00,0.00,-0.00,0.00,0.00,0
23.4556,24,-7,270,0,DRIVE [ 60 ] [ 1 ] [ 1745 1905 1795 ] [    0    0    0 ] [      0      0      0 ] [ 0 ],drive [ 60 ] [ 0 ] [ 1744 1905 1795 ] [   31   11   10 ] [   9322   6199  10325 ] [ 0 ],1.00,1.00,1.00,1.00,24.10,-6.91,0.00,0.00,0.00,0.00,0.00,0.00,-0.00,0.00,0.00,0.00,0.00,0.00,-0.00,0.00,0.00,0
23.4672,24,-7,271,0,DRIVE [ 61 ] [ 1 ] [ 1746 1905 1794 ] [    0    0    0 ] [      0      0      0 ] [ 0 ],drive [ 60 ] [ 0 ] [ 1745 1905 1795 ] [   30   11   10 ] [   9322   6199  10325 ] [ 0 ],1.00,1.00,1.00,1.00,24.02,-7.01,0.00,0.00,0.00,0.00,0.00,0.00,-0.00,0.00,0.00,0.00,0.00,0.00,-0.00,0.00,0.00,0
23.4816,24,-7,270,0,DRIVE [ 61 ] [ 1 ] [ 1746 1905 1794 ] [    0    0    0 ] [      0      0      0 ] [ 0 ],drive [ 61 ] [ 0 ] [ 1746 1905 1794 ] [   30   11   10 ] [   9322   6199  10325 ] [ 0 ],1.00,1.00,1.00,1.00,23.94,-7.08,0.00,0.00,0.00,0.00,0.00,0.00,-0.00,0.00,0.00,0.00,0.00,0.00,-0.00,0.00,0.00,0
23.4938,24,-7,270,0,DRIVE [ 62 ] [ 1 ] [ 1747 1905 1793 ] [    0    0    0 ] [      0      0      0 ] [ 0 ],drive [ 61 ] [ 0 ] [ 1746 1905 1794 ] [   30   11   10 ] [   9322   6199  10325 ] [ 0 ],1.00,1.00,1.00,1.00,23.87,-7.20,0.00,0.00,0.00,0.00,0.00,0.00,-0.00,0.00,0.00,0.00,0.00,0.00,-0.00,0.00,0.00,0
23.506,24,-7,270,0,DRIVE [ 62 ] [ 1 ] [ 1748 1905 1792 ] [    0    0    0 ] [      0      0      0 ] [ 0 ],drive [ 62 ] [ 0 ] [ 1747 1905 1793 ] [   30   11   10 ] [   9322   6199  10325 ] [ 0 ],1.00,1.00,1.00,1.00,23.85,-7.36,0.00,0.00,0.00,0.00,0.00,0.00,-0.00,0.00,0.00,0.00,0.00,0.00,-0.00,0.00,0.00,0
23.5176,24,-7,269,0,DRIVE [ 63 ] [ 1 ] [ 1748 1905 1792 ] [    0    0    0 ] [      0      0      0 ] [ 0 ],drive [ 62 ] [ 0 ] [ 1748 1905 1792 ] [   30   11   11 ] [   9322   6199  10325 ] [ 0 ],1.00,1.00,1.00,1.00,23.78,-7.45,0.00,0.00,0.00,0.00,0.00,0.00,-0.00,0.00,0.00,0.00,0.00,0.00,-0.00,0.00,0.00,0
23.5296,24,-8,268,0,DRIVE [ 63 ] [ 1 ] [ 1748 1905 1791 ] [    0    0    0 ] [      0      0      0 ] [ 0 ],drive [ 63 ] [ 0 ] [ 1748 1905 1792 ] [   30   11   11 ] [   9322   6199  10325 ] [ 0 ],1.00,1.00,1.00,1.00,23.76,-7.52,0.00,0.00,0.00,0.00,0.00,0.00,-0.00,0.00,0.00,0.00,0.00,0.00,-0.00,0.00,0.00,0
23.5412,24,-8,269,0,DRIVE [ 64 ] [ 1 ] [ 1748 1905 1790 ] [    0    0    0 ] [      0      0      0 ] [ 0 ],drive [ 63 ] [ 0 ] [ 1748 1905 1791 ] [   30   11   11 ] [   9322   6199  10325 ] [ 0 ],1.00,1.00,1.00,1.00,23.88,-7.63,0.00,0.00,0.00,0.00,0.00,0.00,-0.00,0.00,0.00,0.00,0.00,0.00,-0.00,0.00,0.00,0
23.5536,24,-8,269,0,DRIVE [ 64 ] [ 1 ] [ 1747 1905 1790 ] [    0    0    0 ] [      0      0      0 ] [ 0 ],drive [ 64 ] [ 0 ] [ 1748 1905 1790 ] [   30   11   11 ] [   9321   6199  10327 ] [ 0 ],1.00,1.00,1.00,1.00,23.95,-7.72,0.00,0.00,0.00,0.00,0.00,0.00,-0.00,0.00,0.00,0.00,0.00,0.00,-0.00,0.00,0.00,0
23.5657,24,-8,269,0,DRIVE [ 65 ] [ 1 ] [ 1747 1905 1789 ] [    0    0    0 ] [      0      0      0 ] [ 0 ],drive [ 64 ] [ 0 ] [ 1747 1905 1790 ] [   30   11    9 ] [   9321   6199  10327 ] [ 0 ],1.00,1.00,1.00,1.00,24.08,-7.75,0.00,0.00,0.00,0.00,0.00,0.00,-0.00,0.00,0.00,0.00,0.00,0.00,-0.00,0.00,0.00,0
23.5799,24,-8,270,0,DRIVE [ 65 ] [ 1 ] [ 1746 1905 1789 ] [    0    0    0 ] [      0      0      0 ] [ 0 ],drive [ 65 ] [ 0 ] [ 1747 1905 1789 ] [   30   11    9 ] [   9321   6199  10327 ] [ 0 ],1.00,1.00,1.00,1.00,24.19,-7.80,0.00,0.00,0.00,0.00,0.00,0.00,-0.00,0.00,0.00,0.00,0.00,0.00,-0.00,0.00,0.00,0
23.5922,24,-8,270,0,DRIVE [ 66 ] [ 1 ] [ 1746 1905 1789 ] [    0    0    0 ] [      0      0      0 ] [ 0 ],drive [ 65 ] [ 0 ] [ 1746 1905 1789 ] [   30   11    9 ] [   9321   6199  10327 ] [ 0 ],1.00,1.00,1.00,1.00,24.26,-7.80,0.00,0.00,0.00,0.00,0.00,0.00,-0.00,0.00,0.00,0.00,0.00,0.00,-0.00,0.00,0.00,0
23.606,24,-8,270,0,DRIVE [ 66 ] [ 1 ] [ 1746 1905 1789 ] [    0    0    0 ] [      0      0      0 ] [ 0 ],drive [ 66 ] [ 0 ] [ 1746 1905 1789 ] [   30   11    9 ] [   9321   6199  10333 ] [ 0 ],1.00,1.00,1.00,1.00,24.30,-7.79,0.00,0.00,0.00,0.00,0.00,0.00,-0.00,0.00,0.00,0.00,0.00,0.00,-0.00,0.00,0.00,0
23.6186,24,-8,270,0,DRIVE [ 67 ] [ 1 ] [ 1746 1905 1788 ] [    0    0    0 ] [      0      0      0 ] [ 0 ],drive [ 66 ] [ 0 ] [ 1746 1905 1789 ] [   31   11    9 ] [   9321   6199  10333 ] [ 0 ],1.00,1.00,1.00,1.00,24.21,-7.86,0.00,0.00,0.00,0.00,0.00,0.00,-0.00,0.00,0.00,0.00,0.00,0.00,-0.00,0.00,0.00,0
23.6303,24,-8,269,0,DRIVE [ 67 ] [ 1 ] [ 1747 1905 1788 ] [    0    0    0 ] [      0      0      0 ] [ 0 ],drive [ 67 ] [ 0 ] [ 1746 1905 1788 ] [   31   11    9 ] [   9321   6199  10333 ] [ 0 ],1.00,1.00,1.00,1.00,24.10,-7.95,0.00,0.00,0.00,0.00,0.00,0.00,-0.00,0.00,0.00,0.00,0.00,0.00,-0.00,0.00,0.00,0
23.6427,24,-8,269,0,DRIVE [ 68 ] [ 1 ] [ 1748 1905 1787 ] [    0    0    0 ] [      0      0      0 ] [ 0 ],drive [ 67 ] [ 0 ] [ 1747 1905 1788 ] [   31   11    9 ] [   9321   6199  10333 ] [ 0 ],1.00,1.00,1.00,1.00,24.03,-8.03,0.00,0.00,0.00,0.00,0.00,0.00,-0.00,0.00,0.00,0.00,0.00,0.00,-0.00,0.00,0.00,0
23.6555,24,-8,269,0,DRIVE [ 68 ] [ 1 ] [ 1749 1905 1787 ] [    0    0    0 ] [      0      0      0 ] [ 0 ],drive [ 68 ] [ 0 ] [ 1748 1905 1787 ] [   31   11    9 ] [   9321   6199  10335 ] [ 0 ],1.00,1.00,1.00,1.00,23.92,-8.18,0.00,0.00,0.00,0.00,0.00,0.00,-0.00,0.00,0.00,0.00,0.00,0.00,-0.00,0.00,0.00,0
23.6672,24,-8,269,0,DRIVE [ 69 ] [ 1 ] [ 1751 1905 1786 ] [    0    0    0 ] [      0      0      0 ] [ 0 ],drive [ 68 ] [ 0 ] [ 1749 1905 1787 ] [   31   10   11 ] [   9321   6199  10335 ] [ 0 ],1.00,1.00,1.00,1.00,23.74,-8.32,0.00,0.00,0.00,0.00,0.00,0.00,-0.00,0.00,0.00,0.00,0.00,0.00,-0.00,0.00,0.00,0
23.6796,24,-8,269,0,DRIVE [ 69 ] [ 1 ] [ 1752 1905 1786 ] [    0    0    0 ] [      0      0      0 ] [ 0 ],drive [ 69 ] [ 0 ] [ 1751 1905 1786 ] [   31   10   11 ] [   9321   6199  10335 ] [ 0 ],1.00,1.00,1.00,1.00,23.64,-8.44,0.00,0.00,0.00,0.00,0.00,0.00,-0.00,0.00,0.00,0.00,0.00,0.00,-0.00,0.00,0.00,0
23.6915,24,-9,269,0,DRIVE [ 70 ] [ 1 ] [ 1753 1905 1786 ] [    0    0    0 ] [      0      0      0 ] [ 0 ],drive [ 69 ] [ 0 ] [ 1752 1905 1786 ] [   31   10   11 ] [   9321   6199  10335 ] [ 0 ],1.00,1.00,1.00,1.00,23.51,-8.55,0.00,0.00,0.00,0.00,0.00,0.00,-0.00,0.00,0.00,0.00,0.00,0.00,-0.00,0.00,0.00,0
23.7029,23,-9,269,0,DRIVE [ 70 ] [ 1 ] [ 1755 1905 1785 ] [    0    0    0 ] [      0      0      0 ] [ 0 ],drive [ 70 ] [ 0 ] [ 1753 1905 1786 ] [   31   10   11 ] [   9321   6198  10349 ] [ 0 ],1.00,1.00,1.00,1.00,23.33,-8.66,0.00,0.00,0.00,0.00,0.00,0.00,-0.00,0.00,0.00,0.00,0.00,0.00,-0.00,0.00,0.00,0
23.7153,23,-9,270,0,DRIVE [ 71 ] [ 1 ] [ 1756 1905 1785 ] [    0    0    0 ] [      0      0      0 ] [ 0 ],drive [ 70 ] [ 0 ] [ 1755 1905 1785 ] [   30   11   16 ] [   9321   6198  10349 ] [ 0 ],1.00,1.00,1.00,1.00,23.17,-8.82,0.00,0.00,0.00,0.00,0.00,0.00,-0.00,0.00,0.00,0.00,0.00,0.00,-0.00,0.00,0.00,0
23.7273,23,-9,270,0,DRIVE [ 71 ] [ 1 ] [ 1759 1905 1785 ] [    0    0    0 ] [      0      0      0 ] [ 0 ],drive [ 71 ] [ 0 ] [ 1756 1905 1785 ] [   30   11   16 ] [   9321   6198  10349 ] [ 0 ],1.00,1.00,1.00,1.00,22.95,-8.96,0.00,0.00,0.00,0.00,0.00,0.00,-0.00,0.00,0.00,0.00,0.00,0.00,-0.00,0.00,0.00,0
23.739,23,-9,271,0,DRIVE [ 72 ] [ 1 ] [ 1763 1905 1785 ] [    0    0    0 ] [      0      0      0 ] [ 0 ],drive [ 71 ] [ 0 ] [ 1759 1905 1785 ] [   30   11   16 ] [   9321   6198  10349 ] [ 0 ],1.00,1.00,1.00,1.00,22.52,-9.21,0.00,0.00,0.00,0.00,0.00,0.00,-0.00,0.00,0.00,0.00,0.00,0.00,-0.00,0.00,0.00,0
23.7514,22,-9,271,0,DRIVE [ 72 ] [ 1 ] [ 1767 1905 1785 ] [    0    0    0 ] [      0      0      0 ] [ 0 ],drive [ 72 ] [ 0 ] [ 1763 1905 1785 ] [   30   11   16 ] [   9320   6198  10361 ] [ 0 ],1.00,1.00,1.00,1.00,22.05,-9.38,0.00,0.00,0.00,0.00,0.00,0.00,-0.00,0.00,0.00,0.00,0.00,0.00,-0.00,0.00,0.00,0
23.7636,22,-10,271,0,DRIVE [ 73 ] [ 1 ] [ 1771 1905 1786 ] [    0    0    0 ] [      0      0      0 ] [ 0 ],drive [ 72 ] [ 0 ] [ 1767 1905 1785 ] [   28   12   30 ] [   9320   6198  10361 ] [ 0 ],1.00,1.00,1.00,1.00,21.58,-9.52,0.00,0.00,0.00,0.00,0.00,0.00,-0.00,0.00,0.00,0.00,0.00,0.00,-0.00,0.00,0.00,0
23.7756,21,-10,271,0,DRIVE [ 73 ] [ 1 ] [ 1775 1905 1787 ] [    0    0    0 ] [      0      0      0 ] [ 0 ],drive [ 73 ] [ 0 ] [ 1771 1905 1786 ] [   28   12   30 ] [   9320   6198  10361 ] [ 0 ],1.00,1.00,1.00,1.00,20.93,-9.60,0.00,0.00,0.00,0.00,0.00,0.00,-0.00,0.00,0.00,0.00,0.00,0.00,-0.00,0.00,0.00,0
23.7873,20,-10,272,0,DRIVE [ 74 ] [ 1 ] [ 1782 1905 1788 ] [    0    0    0 ] [      0      0      0 ] [ 0 ],drive [ 73 ] [ 0 ] [ 1775 1905 1787 ] [   28   12   30 ] [   9320   6198  10361 ] [ 0 ],1.00,1.00,1.00,1.00,20.13,-9.73,0.00,0.00,0.00,0.00,0.00,0.00,-0.00,0.00,0.00,0.00,0.00,0.00,-0.00,0.00,0.00,0
23.7995,19,-10,272,0,DRIVE [ 74 ] [ 1 ] [ 1790 1905 1790 ] [    0    0    0 ] [      0      0      0 ] [ 0 ],drive [ 74 ] [ 0 ] [ 1782 1905 1788 ] [   28   12   30 ] [   9320   6198  10367 ] [ 0 ],1.00,1.00,1.00,1.00,19.08,-9.90,0.00,0.00,0.00,0.00,0.00,0.00,-0.00,0.00,0.00,0.00,0.00,0.00,-0.00,0.00,0.00,0
23.8118,18,-10,272,0,DRIVE [ 75 ] [ 1 ] [ 1799 1905 1792 ] [    0    0    0 ] [      0      0      0 ] [ 0 ],drive [ 74 ] [ 0 ] [ 1790 1905 1790 ] [   27   12   29 ] [   9320   6198  10367 ] [ 0 ],1.00,1.00,1.00,1.00,17.80,-10.03,0.00,0.00,0.00,0.00,0.00,0.00,-0.00,0.00,0.00,0.00,0.00,0.00,-0.00,0.00,0.00,0
23.8238,16,-10,272,0,DRIVE [ 75 ] [ 1 ] [ 1809 1905 1794 ] [    0    0    0 ] [      0      0      0 ] [ 0 ],drive [ 75 ] [ 0 ] [ 1799 1905 1792 ] [   27   12   29 ] [   9320   6198  10367 ] [ 0 ],1.00,1.00,1.00,1.00,16.33,-10.22,0.00,0.00,0.00,0.00,0.00,0.00,-0.00,0.00,0.00,0.00,0.00,0.00,-0.00,0.00,0.00,0
23.8354,15,-10,273,0,DRIVE [ 76 ] [ 1 ] [ 1820 1905 1796 ] [    0    0    0 ] [      0      0      0 ] [ 0 ],drive [ 75 ] [ 0 ] [ 1809 1905 1794 ] [   27   12   29 ] [   9320   6198  10367 ] [ 0 ],1.00,1.00,1.00,1.00,14.77,-10.43,0.00,0.00,0.00,0.00,0.00,0.00,-0.00,0.00,0.00,0.00,0.00,0.00,-0.00,0.00,0.00,0
23.8477,13,-11,273,0,DRIVE [ 76 ] [ 1 ] [ 1833 1905 1798 ] [    0    0    0 ] [      0      0      0 ] [ 0 ],drive [ 76 ] [ 0 ] [ 1820 1905 1796 ] [   27   12   29 ] [   9318   6198  10367 ] [ 0 ],1.00,1.00,1.00,1.00,12.80,-10.63,0.00,0.00,0.00,0.00,0.00,0.00,-0.00,0.00,0.00,0.00,0.00,0.00,-0.00,0.00,0.00,0
23.8597,11,-11,274,0,DRIVE [ 77 ] [ 1 ] [ 1847 1905 1800 ] [    0    0    0 ] [      0      0      0 ] [ 0 ],drive [ 76 ] [ 0 ] [ 1833 1905 1798 ] [   20   13   29 ] [   9318   6198  10367 ] [ 0 ],1.00,1.00,1.00,1.00,10.75,-10.90,0.00,0.00,0.00,0.00,0.00,0.00,-0.00,0.00,0.00,0.00,0.00,0.00,-0.00,0.00,0.00,0
23.8711,8,-11,276,0,DRIVE [ 77 ] [ 1 ] [ 1866 1905 1801 ] [    0    0    0 ] [      0      0      0 ] [ 0 ],drive [ 77 ] [ 0 ] [ 1847 1905 1800 ] [   20   13   29 ] [   9318   6198  10367 ] [ 0 ],1.00,1.00,1.00,1.00,7.63,-11.12,0.00,0.00,0.00,0.00,0.00,0.00,-0.00,0.00,0.00,0.00,0.00,0.00,-0.00,0.00,0.00,0
23.8856,5,-11,277,0,DRIVE [ 78 ] [ 1 ] [ 1883 1905 1798 ] [    0    0    0 ] [      0      0      0 ] [ 0 ],drive [ 77 ] [ 0 ] [ 1866 1905 1801 ] [   20   13   29 ] [   9318   6198  10367 ] [ 0 ],1.00,1.00,1.00,1.00,4.51,-11.32,0.00,0.00,0.00,0.00,0.00,0.00,-0.00,0.00,0.00,0.00,0.00,0.00,-0.00,0.00,0.00,0
23.8977,2,-12,277,0,DRIVE [ 78 ] [ 1 ] [ 1898 1905 1789 ] [    0    0    0 ] [      0      0      0 ] [ 0 ],drive [ 78 ] [ 0 ] [ 1883 1905 1798 ] [   20   13   29 ] [   9297   6195  10368 ] [ 0 ],1.00,1.00,1.00,1.00,1.52,-11.62,0.00,0.00,0.00,0.00,0.00,0.00,-0.00,0.00,0.00,0.00,0.00,0.00,0.00,0.00,0.00,0
23.9097,-1,-12,278,0,DRIVE [ 79 ] [ 1 ] [ 1898 1898 1787 ] [    0    0    0 ] [      0      0      0 ] [ 0 ],drive [ 78 ] [ 0 ] [ 1898 1905 1789 ] [    6   13   30 ] [   9297   6195  10368 ] [ 0 ],1.00,1.00,1.00,1.00,-1.44,-11.78,0.00,0.00,0.00,0.00,0.00,0.00,-0.00,0.00,0.00,0.00,0.00,0.00,0.00,0.00,0.00,0
23.9223,-4,-12,278,0,DRIVE [ 79 ] [ 1 ] [ 1898 1884 1793 ] [    0    0    0 ] [      0      0      0 ] [ 0 ],drive [ 79 ] [ 0 ] [ 1898 1898 1787 ] [    6   13   30 ] [   9297   6195  10368 ] [ 0 ],1.00,1.00,1.00,1.00,-4.32,-11.91,0.00,0.00,0.00,0.00,0.00,0.00,-0.00,0.00,0.00,0.00,0.00,0.00,0.00,0.00,0.00,0
23.9336,-7,-12,279,0,DRIVE [ 80 ] [ 1 ] [ 1898 1869 1795 ] [    0    0    0 ] [      0      0      0 ] [ 0 ],drive [ 79 ] [ 0 ] [ 1898 1884 1793 ] [    6   13   30 ] [   9297   6195  10368 ] [ 0 ],1.00,1.00,1.00,1.00,-7.10,-11.98,0.00,0.00,0.00,0.00,0.00,0.00,-0.00,0.00,0.00,0.00,0.00,0.00,0.00,0.00,0.00,0
23.9461,-10,-12,280,0,DRIVE [ 80 ] [ 1 ] [ 1898 1854 1793 ] [    0    0    0 ] [      0      0      0 ] [ 0 ],drive [ 80 ] [ 0 ] [ 1898 1869 1795 ] [    6   13   30 ] [   9228   6195  10416 ] [ 0 ],1.00,1.00,1.00,1.00,-9.82,-12.10,0.00,0.00,0.00,0.00,0.00,0.00,-0.00,0.00,0.00,0.00,0.00,0.00,0.00,0.00,0.00,0
23.9583,-12,-12,282,0,DRIVE [ 81 ] [ 1 ] [ 1898 1839 1790 ] [    0    0    0 ] [      0      0      0 ] [ 0 ],drive [ 80 ] [ 0 ] [ 1898 1854 1793 ] [    0   16   13 ] [   9228   6195  10416 ] [ 0 ],1.00,1.00,1.00,1.00,-12.41,-12.20,0.00,0.00,0.00,0.00,0.00,0.00,-0.00,0.00,0.00,0.00,0.00,0.00,0.00,0.00,0.00,0
23.9715,-15,-12,283,0,DRIVE [ 81 ] [ 1 ] [ 1898 1825 1787 ] [    0    0    0 ] [      0      0      0 ] [ 0 ],drive [ 81 ] [ 0 ] [ 1898 1839 1790 ] [    0   16   13 ] [   9228   6195  10416 ] [ 0 ],1.00,1.00,1.00,1.00,-14.79,-12.26,0.00,0.00,0.00,0.00,0.00,0.00,-0.00,0.00,0.00,0.00,0.00,0.00,0.00,0.00,0.00,0
23.9838,-17,-12,285,0,DRIVE [ 82 ] [ 1 ] [ 1898 1811 1784 ] [    0    0    0 ] [      0      0      0 ] [ 0 ],drive [ 81 ] [ 0 ] [ 1898 1825 1787 ] [    0   16   13 ] [   9228   6195  10416 ] [ 0 ],1.00,1.00,1.00,1.00,-17.03,-12.12,0.00,0.00,0.00,0.00,0.00,0.00,-0.00,0.00,0.00,0.00,0.00,0.00,0.00,0.00,0.00,0
23.9962,-19,-12,285,0,DRIVE [ 82 ] [ 1 ] [ 1898 1798 1783 ] [    0    0    0 ] [      0      0      0 ] [ 0 ],drive [ 82 ] [ 0 ] [ 1898 1811 1784 ] [    0   16   13 ] [   9149   6200  10454 ] [ 0 ],1.00,1.00,1.00,1.00,-19.05,-11.74,0.00,0.00,0.00,0.00,0.00,0.00,-0.00,0.00,0.00,0.00,0.00,0.00,0.00,0.00,0.00,0
24.0079,-21,-11,285,0,DRIVE [ 83 ] [ 1 ] [ 1898 1786 1781 ] [    0    0    0 ] [      0      0      0 ] [ 0 ],drive [ 82 ] [ 0 ] [ 1898 1798 1783 ] [   26   17   14 ] [   9149   6200  10454 ] [ 0 ],1.00,1.00,1.00,1.00,-20.78,-11.41,0.00,0.00,0.00,0.00,0.00,0.00,-0.00,0.00,0.00,0.00,0.00,0.00,0.00,0.00,0.00,0
24.0203,-22,-11,286,0,DRIVE [ 83 ] [ 1 ] [ 1898 1774 1780 ] [    0    0    0 ] [      0      0      0 ] [ 0 ],drive [ 83 ] [ 0 ] [ 1898 1786 1781 ] [   26   17   14 ] [   9149   6200  10454 ] [ 0 ],1.00,1.00,1.00,1.00,-22.50,-11.00,0.00,0.00,0.00,0.00,0.00,0.00,-0.00,0.00,0.00,0.00,0.00,0.00,0.00,0.00,0.00,0
24.0329,-25,-10,285,0,DRIVE [ 84 ] [ 1 ] [ 1898 1758 1779 ] [    0    0    0 ] [      0      0      0 ] [ 0 ],drive [ 83 ] [ 0 ] [ 1898 1774 1780 ] [   26   17   14 ] [   9149   6200  10454 ] [ 0 ],1.00,1.00,1.00,1.00,-24.67,-10.34,0.00,0.00,0.00,0.00,0.00,0.00,-0.00,0.00,0.00,0.00,0.00,0.00,0.00,0.00,0.00,0
24.0452,-27,-10,286,0,DRIVE [ 84 ] [ 1 ] [ 1898 1743 1777 ] [    0    0    0 ] [      0      0      0 ] [ 0 ],drive [ 84 ] [ 0 ] [ 1898 1758 1779 ] [   26   17   14 ] [   9122   6256  10456 ] [ 0 ],1.00,1.00,1.00,1.00,-26.72,-9.78,0.00,0.00,0.00,0.00,0.00,0.00,-0.00,0.00,0.00,0.00,0.00,0.00,0.00,0.00,0.00,0
24.0572,-29,-9,285,0,DRIVE [ 85 ] [ 1 ] [ 1898 1728 1775 ] [    0    0    0 ] [      0      0      0 ] [ 0 ],drive [ 84 ] [ 0 ] [ 1898 1743 1777 ] [   26   17   14 ] [   9122   6256  10456 ] [ 0 ],1.00,1.00,1.00,1.00,-28.55,-9.24,0.00,0.00,0.00,0.00,0.00,0.00,-0.00,0.00,0.00,0.00,0.00,0.00,0.00,0.00,0.00,0
24.0689,-30,-9,287,0,DRIVE [ 85 ] [ 1 ] [ 1898 1714 1773 ] [    0    0    0 ] [      0      0      0 ] [ 0 ],drive [ 85 ] [ 0 ] [ 1898 1728 1775 ] [   24   22   14 ] [   9122   6256  10456 ] [ 0 ],1.00,1.00,1.00,1.00,-30.49,-8.87,0.00,0.00,0.00,0.00,0.00,0.00,-0.00,0.00,0.00,0.00,0.00,0.00,0.00,0.00,0.00,0
24.0814,-32,-8,288,0,DRIVE [ 86 ] [ 1 ] [ 1898 1701 1770 ] [    0    0    0 ] [      0      0      0 ] [ 0 ],drive [ 85 ] [ 0 ] [ 1898 1714 1773 ] [   24   22   14 ] [   9122   6256  10456 ] [ 0 ],1.00,1.00,1.00,1.00,-32.32,-8.49,0.00,0.00,0.00,0.00,0.00,0.00,-0.00,0.00,0.00,0.00,0.00,0.00,0.00,0.00,0.00,0
24.0939,-34,-8,289,0,DRIVE [ 86 ] [ 1 ] [ 1898 1689 1768 ] [    0    0    0 ] [      0      0      0 ] [ 0 ],drive [ 86 ] [ 0 ] [ 1898 1701 1770 ] [   24   22   14 ] [   9038   6519  10461 ] [ 0 ],1.00,1.00,1.00,1.00,-34.07,-8.27,0.00,0.00,0.00,0.00,0.00,0.00,-0.00,0.00,0.00,0.00,0.00,0.00,0.00,0.00,0.00,0
24.1063,-35,-8,289,0,DRIVE [ 87 ] [ 1 ] [ 1898 1678 1765 ] [    0    0    0 ] [      0      0      0 ] [ 0 ],drive [ 86 ] [ 0 ] [ 1898 1689 1768 ] [   24   22   14 ] [   9038   6519  10461 ] [ 0 ],1.00,1.00,1.00,1.00,-35.48,-8.03,0.00,0.00,0.00,0.00,0.00,0.00,-0.00,0.00,0.00,0.00,0.00,0.00,0.00,0.00,0.00,0
24.1182,-37,-8,290,0,DRIVE [ 87 ] [ 1 ] [ 1898 1667 1762 ] [    0    0    0 ] [      0      0      0 ] [ 0 ],drive [ 87 ] [ 0 ] [ 1898 1678 1765 ] [   17   26   21 ] [   9038   6519  10461 ] [ 0 ],1.00,1.00,1.00,1.00,-37.13,-7.89,0.00,0.00,0.00,0.00,0.00,0.00,-0.00,0.00,0.00,0.00,0.00,0.00,0.00,0.00,0.00,0
24.1304,-39,-8,292,0,DRIVE [ 88 ] [ 1 ] [ 1898 1657 1759 ] [    0    0    0 ] [      0      0      0 ] [ 0 ],drive [ 87 ] [ 0 ] [ 1898 1667 1762 ] [   17   26   21 ] [   9038   6519  10461 ] [ 0 ],1.00,1.00,1.00,1.00,-38.71,-7.79,0.00,0.00,0.00,0.00,0.00,0.00,-0.00,0.00,0.00,0.00,0.00,0.00,0.00,0.00,0.00,0
24.143,-40,-8,292,0,DRIVE [ 88 ] [ 1 ] [ 1898 1647 1756 ] [    0    0    0 ] [      0      0      0 ] [ 0 ],drive [ 88 ] [ 0 ] [ 1898 1657 1759 ] [   17   26   21 ] [   9034   6653  10468 ] [ 0 ],1.00,1.00,1.00,1.00,-40.17,-7.65,0.00,0.00,0.00,0.00,0.00,0.00,-0.00,0.00,0.00,0.00,0.00,0.00,0.00,0.00,0.00,0
24.1547,-42,-8,294,0,DRIVE [ 89 ] [ 1 ] [ 1898 1635 1752 ] [    0    0    0 ] [      0      0      0 ] [ 0 ],drive [ 88 ] [ 0 ] [ 1898 1647 1756 ] [   17   26   21 ] [   9034   6653  10468 ] [ 0 ],1.00,1.00,1.00,1.00,-42.05,-7.53,0.00,0.00,0.00,0.00,0.00,0.00,-0.00,0.00,0.00,0.00,0.00,0.00,0.00,0.00,0.00,0
24.1671,-44,-7,295,0,DRIVE [ 89 ] [ 1 ] [ 1898 1621 1748 ] [    0    0    0 ] [      0      0      0 ] [ 0 ],drive [ 89 ] [ 0 ] [ 1898 1635 1752 ] [   17   24   23 ] [   9034   6653  10468 ] [ 0 ],1.00,1.00,1.00,1.00,-44.11,-7.42,0.00,0.00,0.00,0.00,0.00,0.00,-0.00,0.00,0.00,0.00,0.00,0.00,0.00,0.00,0.00,0
24.1796,-46,-7,296,0,DRIVE [ 90 ] [ 1 ] [ 1898 1605 1743 ] [    0    0    0 ] [      0      0      0 ] [ 0 ],drive [ 89 ] [ 0 ] [ 1898 1621 1748 ] [   17   24   23 ] [   9034   6653  10468 ] [ 0 ],1.00,1.00,1.00,1.00,-46.42,-7.28,0.00,0.00,0.00,0.00,0.00,0.00,-0.00,0.00,0.00,0.00,0.00,0.00,0.00,0.00,0.00,0
24.1918,-50,-7,297,0,DRIVE [ 90 ] [ 1 ] [ 1898 1584 1734 ] [    0    0    0 ] [      0      0      0 ] [ 0 ],drive [ 90 ] [ 0 ] [ 1898 1605 1743 ] [   17   24   23 ] [   9034   6653  10468 ] [ 0 ],1.00,1.00,1.00,1.00,-49.86,-7.37,0.00,0.00,0.00,0.00,0.00,0.00,-0.00,0.00,0.00,0.00,0.00,0.00,0.00,0.00,0.00,0
24.2038,-53,-7,299,0,DRIVE [ 91 ] [ 1 ] [ 1898 1563 1726 ] [    0    0    0 ] [      0      0      0 ] [ 0 ],drive [ 90 ] [ 0 ] [ 1898 1584 1734 ] [   17   24   23 ] [   9034   6695  10469 ] [ 0 ],1.00,1.00,1.00,1.00,-53.12,-7.40,0.00,0.00,0.00,0.00,0.00,0.00,-0.00,0.00,0.00,0.00,0.00,0.00,0.00,0.00,0.00,0
24.2161,-56,-7,300,0,DRIVE [ 91 ] [ 1 ] [ 1898 1543 1718 ] [    0    0    0 ] [      0      0      0 ] [ 0 ],drive [ 91 ] [ 0 ] [ 1898 1563 1726 ] [   17   48   24 ] [   9034   6695  10469 ] [ 0 ],1.00,1.00,1.00,1.00,-56.36,-7.46,0.00,0.00,0.00,0.00,0.00,0.00,-0.00,0.00,0.00,0.00,0.00,0.00,0.00,0.00,0.00,0
24.2283,-60,-8,302,0,DRIVE [ 92 ] [ 1 ] [ 1898 1523 1710 ] [    0    0    0 ] [      0      0      0 ] [ 0 ],drive [ 91 ] [ 0 ] [ 1898 1543 1718 ] [   17   48   24 ] [   9034   6695  10469 ] [ 0 ],1.00,1.00,1.00,1.00,-59.64,-7.65,0.00,0.00,0.00,0.00,0.00,0.00,-0.00,0.00,0.00,0.00,0.00,0.00,0.00,0.00,0.00,0
24.2408,-63,-8,303,0,DRIVE [ 92 ] [ 1 ] [ 1898 1505 1702 ] [    0    0    0 ] [      0      0      0 ] [ 0 ],drive [ 92 ] [ 0 ] [ 1898 1523 1710 ] [   17   48   24 ] [   9034   6695  10469 ] [ 0 ],1.00,1.00,1.00,1.00,-62.70,-7.92,0.00,0.00,0.00,0.00,0.00,0.00,-0.00,0.00,0.00,0.00,0.00,0.00,0.00,0.00,0.00,0
24.2527,-66,-8,304,0,DRIVE [ 93 ] [ 1 ] [ 1898 1490 1693 ] [    0    0    0 ] [      0      0      0 ] [ 0 ],drive [ 92 ] [ 0 ] [ 1898 1505 1702 ] [   17   48   24 ] [   9024   6980  10470 ] [ 0 ],1.00,1.00,1.00,1.00,-65.56,-8.33,0.00,0.00,0.00,0.00,0.00,0.00,-0.00,0.00,0.00,0.00,0.00,0.00,0.00,0.00,0.00,0
24.265,-68,-9,307,0,DRIVE [ 93 ] [ 1 ] [ 1898 1478 1685 ] [    0    0    0 ] [      0      0      0 ] [ 0 ],drive [ 93 ] [ 0 ] [ 1898 1490 1693 ] [   21   62   29 ] [   9024   6980  10470 ] [ 0 ],1.00,1.00,1.00,1.00,-68.24,-9.05,0.00,0.00,0.00,0.00,0.00,0.00,-0.00,0.00,0.00,0.00,0.00,0.00,0.00,0.00,0.00,0
24.2773,-70,-10,308,0,DRIVE [ 94 ] [ 1 ] [ 1898 1469 1677 ] [    0    0    0 ] [      0      0      0 ] [ 0 ],drive [ 93 ] [ 0 ] [ 1898 1478 1685 ] [   21   62   29 ] [   9024   6980  10470 ] [ 0 ],1.00,1.00,1.00,1.00,-70.48,-9.89,0.00,0.00,0.00,0.00,0.00,0.00,-0.00,0.00,0.00,0.00,0.00,0.00,0.00,0.00,0.00,0
24.2904,-72,-11,308,0,DRIVE [ 94 ] [ 1 ] [ 1898 1461 1669 ] [    0    0    0 ] [      0      0      0 ] [ 0 ],drive [ 94 ] [ 0 ] [ 1898 1469 1677 ] [   21   62   29 ] [   9024   6980  10470 ] [ 0 ],1.00,1.00,1.00,1.00,-72.13,-10.75,0.00,0.00,0.00,0.00,0.00,0.00,-0.00,0.00,0.00,0.00,0.00,0.00,0.00,0.00,0.00,0
24.3029,-74,-12,311,0,DRIVE [ 95 ] [ 1 ] [ 1898 1455 1661 ] [    0    0    0 ] [      0      0      0 ] [ 0 ],drive [ 94 ] [ 0 ] [ 1898 1461 1669 ] [   21   62   29 ] [   8961   7166  10476 ] [ 0 ],1.00,1.00,1.00,1.00,-74.12,-11.72,0.00,0.00,0.00,0.00,0.00,0.00,-0.00,0.00,0.00,0.00,0.00,0.00,0.00,0.00,0.00,0
24.3154,-76,-13,312,0,DRIVE [ 95 ] [ 1 ] [ 1898 1447 1653 ] [    0    0    0 ] [      0      0      0 ] [ 0 ],drive [ 95 ] [ 0 ] [ 1898 1455 1661 ] [    1   66   46 ] [   8961   7166  10476 ] [ 0 ],1.00,1.00,1.00,1.00,-76.00,-12.65,0.00,0.00,0.00,0.00,0.00,0.00,-0.00,0.00,0.00,0.00,0.00,0.00,0.00,0.00,0.00,0
24.3274,-79,-14,315,0,DRIVE [ 96 ] [ 1 ] [ 1898 1439 1645 ] [    0    0    0 ] [      0      0      0 ] [ 0 ],drive [ 95 ] [ 0 ] [ 1898 1447 1653 ] [    1   66   46 ] [   8961   7166  10476 ] [ 0 ],1.00,1.00,1.00,1.00,-78.63,-13.59,0.00,0.00,0.00,0.00,0.00,0.00,-0.00,0.00,0.00,0.00,0.00,0.00,0.00,0.00,0.00,0
24.3394,-81,-14,318,0,DRIVE [ 96 ] [ 1 ] [ 1898 1431 1638 ] [    0    0    0 ] [      0      0      0 ] [ 0 ],drive [ 96 ] [ 0 ] [ 1898 1439 1645 ] [    1   66   46 ] [   8961   7166  10476 ] [ 0 ],1.00,1.00,1.00,1.00,-80.92,-14.40,0.00,0.00,0.00,0.00,0.00,0.00,-0.00,0.00,0.00,0.00,0.00,0.00,0.00,0.00,0.00,0
24.3522,-83,-15,320,0,DRIVE [ 97 ] [ 1 ] [ 1898 1424 1631 ] [    0    0    0 ] [      0      0      0 ] [ 0 ],drive [ 96 ] [ 0 ] [ 1898 1431 1638 ] [    1   66   46 ] [   8934   7315  10522 ] [ 0 ],1.00,1.00,1.00,1.00,-82.98,-15.21,0.00,0.00,0.00,0.00,0.00,0.00,-0.00,0.00,0.00,0.00,0.00,0.00,0.00,0.00,0.00,0
24.3648,-85,-16,322,0,DRIVE [ 97 ] [ 1 ] [ 1898 1416 1624 ] [    0    0    0 ] [      0      0      0 ] [ 0 ],drive [ 97 ] [ 0 ] [ 1898 1424 1631 ] [   26   52   38 ] [   8934   7315  10522 ] [ 0 ],1.00,1.00,1.00,1.00,-85.10,-16.10,0.00,0.00,0.00,0.00,0.00,0.00,-0.00,0.00,0.00,0.00,0.00,0.00,0.00,0.00,0.00,0
24.3774,-87,-17,323,0,DRIVE [ 98 ] [ 1 ] [ 1898 1410 1617 ] [    0    0    0 ] [      0      0      0 ] [ 0 ],drive [ 97 ] [ 0 ] [ 1898 1416 1624 ] [   26   52   38 ] [   8934   7315  10522 ] [ 0 ],1.00,1.00,1.00,1.00,-86.68,-16.87,0.00,0.00,0.00,0.00,0.00,0.00,-0.00,0.00,0.00,0.00,0.00,0.00,0.00,0.00,0.00,0
24.3901,-89,-18,326,0,DRIVE [ 98 ] [ 1 ] [ 1898 1405 1611 ] [    0    0    0 ] [      0      0      0 ] [ 0 ],drive [ 98 ] [ 0 ] [ 1898 1410 1617 ] [   26   52   38 ] [   8934   7315  10522 ] [ 0 ],1.00,1.00,1.00,1.00,-88.69,-17.81,0.00,0.00,0.00,0.00,0.00,0.00,-0.00,0.00,0.00,0.00,0.00,0.00,0.00,0.00,0.00,0
24.4023,-90,-19,327,0,DRIVE [ 99 ] [ 1 ] [ 1898 1400 1604 ] [    0    0    0 ] [      0      0      0 ] [ 0 ],drive [ 98 ] [ 0 ] [ 1898 1405 1611 ] [   26   52   38 ] [   8834   7519  10550 ] [ 0 ],1.00,1.00,1.00,1.00,-90.28,-18.76,0.00,0.00,0.00,0.00,0.00,0.00,-0.00,0.00,0.00,0.00,0.00,0.00,0.00,0.00,0.00,0
24.4151,-92,-20,329,0,DRIVE [ 99 ] [ 1 ] [ 1898 1394 1597 ] [    0    0    0 ] [      0      0      0 ] [ 0 ],drive [ 99 ] [ 0 ] [ 1898 1400 1604 ] [   12   64   35 ] [   8834   7519  10550 ] [ 0 ],1.00,1.00,1.00,1.00,-92.10,-19.67,0.00,0.00,0.00,0.00,0.00,0.00,-0.00,0.00,0.00,0.00,0.00,0.00,0.00,0.00,0.00,0
24.4274,-94,-21,331,0,DRIVE [ 00 ] [ 1 ] [ 1898 1390 1590 ] [    0    0    0 ] [      0      0      0 ] [ 0 ],drive [ 99 ] [ 0 ] [ 1898 1394 1597 ] [   12   64   35 ] [   8834   7519  10550 ] [ 0 ],1.00,1.00,1.00,1.00,-93.99,-20.80,0.00,0.00,0.00,0.00,0.00,0.00,-0.00,0.00,0.00,0.00,0.00,0.00,0.00,0.00,0.00,0
24.4401,-96,-23,334,0,DRIVE [ 00 ] [ 1 ] [ 1898 1386 1579 ] [    0    0    0 ] [      0      0      0 ] [ 0 ],drive [ 00 ] [ 0 ] [ 1898 1390 1590 ] [   12   64   35 ] [   8834   7519  10550 ] [ 0 ],1.00,1.00,1.00,1.00,-96.43,-22.75,0.00,0.00,0.00,0.00,0.00,0.00,-0.00,0.00,0.00,0.00,0.00,0.00,0.00,0.00,0.00,0
24.4523,-99,-25,337,0,DRIVE [ 01 ] [ 1 ] [ 1898 1380 1568 ] [    0    0    0 ] [      0      0      0 ] [ 0 ],drive [ 00 ] [ 0 ] [ 1898 1386 1579 ] [   12   64   35 ] [   8811   7707  10556 ] [ 0 ],1.00,1.00,1.00,1.00,-98.90,-24.58,0.00,0.00,0.00,0.00,0.00,0.00,-0.00,0.00,0.00,0.00,0.00,0.00,0.00,0.00,0.00,0
24.4675,-102,-27,340,0,DRIVE [ 01 ] [ 1 ] [ 1898 1375 1557 ] [    0    0    0 ] [      0      0      0 ] [ 0 ],drive [ 01 ] [ 0 ] [ 1898 1380 1568 ] [   13   49   33 ] [   8811   7707  10556 ] [ 0 ],1.00,1.00,1.00,1.00,-101.62,-26.54,0.00,0.00,0.00,0.00,0.00,0.00,-0.00,0.00,0.00,0.00,0.00,0.00,0.00,0.00,0.00,0
24.4804,-104,-28,341,0,DRIVE [ 02 ] [ 1 ] [ 1898 1370 1546 ] [    0    0    0 ] [      0      0      0 ] [ 0 ],drive [ 01 ] [ 0 ] [ 1898 1375 1557 ] [   13   49   33 ] [   8811   7707  10556 ] [ 0 ],1.00,1.00,1.00,1.00,-103.64,-28.19,0.00,0.00,0.00,0.00,0.00,0.00,-0.00,0.00,0.00,0.00,0.00,0.00,0.00,0.00,0.00,0
24.4933,-107,-30,345,0,DRIVE [ 02 ] [ 1 ] [ 1898 1363 1535 ] [    0    0    0 ] [      0      0      0 ] [ 0 ],drive [ 02 ] [ 0 ] [ 1898 1370 1546 ] [   13   49   33 ] [   8811   7707  10556 ] [ 0 ],1.00,1.00,1.00,1.00,-106.54,-30.01,0.00,0.00,0.00,0.00,0.00,0.00,-0.00,0.00,0.00,0.00,0.00,0.00,0.00,0.00,0.00,0
24.5075,-109,-32,347,0,DRIVE [ 03 ] [ 1 ] [ 1898 1355 1525 ] [    0    0    0 ] [      0      0      0 ] [ 0 ],drive [ 02 ] [ 0 ] [ 1898 1363 1535 ] [   13   49   33 ] [   8811   7712  10571 ] [ 0 ],1.00,1.00,1.00,1.00,-109.44,-31.70,0.00,0.00,0.00,0.00,0.00,0.00,-0.00,0.00,0.00,0.00,0.00,0.00,0.00,0.00,0.00,0
24.52,-112,-33,347,0,DRIVE [ 03 ] [ 1 ] [ 1898 1347 1515 ] [    0    0    0 ] [      0      0      0 ] [ 0 ],drive [ 03 ] [ 0 ] [ 1898 1355 1525 ] [   14   52   46 ] [   8811   7712  10571 ] [ 0 ],1.00,1.00,1.00,1.00,-111.56,-33.02,0.00,0.00,0.00,0.00,0.00,0.00,-0.00,0.00,0.00,0.00,0.00,0.00,0.00,0.00,0.00,0
24.5345,-115,-35,349,0,DRIVE [ 04 ] [ 1 ] [ 1898 1334 1503 ] [    0    0    0 ] [      0      0      0 ] [ 0 ],drive [ 03 ] [ 0 ] [ 1898 1347 1515 ] [   14   52   46 ] [   8811   7712  10571 ] [ 0 ],1.00,1.00,1.00,1.00,-115.42,-34.64,0.00,0.00,0.00,0.00,0.00,0.00,-0.00,0.00,0.00,0.00,0.00,0.00,0.00,0.00,0.00,0
24.5481,-119,-36,352,0,DRIVE [ 04 ] [ 1 ] [ 1898 1322 1492 ] [    0    0    0 ] [      0      0      0 ] [ 0 ],drive [ 04 ] [ 0 ] [ 1898 1334 1503 ] [   14   52   46 ] [   8810   7757  10692 ] [ 0 ],1.00,1.00,1.00,1.00,-118.93,-36.03,0.00,0.00,0.00,0.00,0.00,0.00,-0.00,0.00,0.00,0.00,0.00,0.00,0.00,0.00,0.00,0
24.5612,-122,-37,355,0,DRIVE [ 05 ] [ 1 ] [ 1898 1311 1484 ] [    0    0    0 ] [      0      0      0 ] [ 0 ],drive [ 04 ] [ 0 ] [ 1898 1322 1492 ] [   14   64   60 ] [   8810   7757  10692 ] [ 0 ],1.00,1.00,1.00,1.00,-122.32,-37.10,0.00,0.00,0.00,0.00,0.00,0.00,-0.00,0.00,0.00,0.00,0.00,0.00,0.00,0.00,0.00,0
24.574,-126,-38,357,0,DRIVE [ 05 ] [ 1 ] [ 1898 1301 1478 ] [    0    0    0 ] [      0      0      0 ] [ 0 ],drive [ 05 ] [ 0 ] [ 1898 1311 1484 ] [   14   64   60 ] [   8810   7757  10692 ] [ 0 ],1.00,1.00,1.00,1.00,-125.52,-37.97,0.00,0.00,0.00,0.00,0.00,0.00,-0.00,0.00,0.00,0.00,0.00,0.00,0.00,0.00,0.00,0
24.5861,-128,-38,358,0,DRIVE [ 06 ] [ 1 ] [ 1898 1293 1473 ] [    0    0    0 ] [      0      0      0 ] [ 0 ],drive [ 05 ] [ 0 ] [ 1898 1301 1478 ] [   14   64   60 ] [   8810   7757  10692 ] [ 0 ],1.00,1.00,1.00,1.00,-127.52,-38.35,0.00,0.00,0.00,0.00,0.00,0.00,-0.00,0.00,0.00,0.00,0.00,0.00,0.00,0.00,0.00,0
24.599,-129,-39,359,0,DRIVE [ 06 ] [ 1 ] [ 1898 1287 1469 ] [    0    0    0 ] [      0      0      0 ] [ 0 ],drive [ 06 ] [ 0 ] [ 1898 1293 1473 ] [   14   64   60 ] [   8808   7939  10750 ] [ 0 ],1.00,1.00,1.00,1.00,-129.30,-38.86,0.00,0.00,0.00,0.00,0.00,0.00,-0.00,0.00,0.00,0.00,0.00,0.00,0.00,0.00,0.00,0
24.6118,-131,-39,358,0,DRIVE [ 07 ] [ 1 ] [ 1898 1279 1465 ] [    0    0    0 ] [      0      0      0 ] [ 0 ],drive [ 06 ] [ 0 ] [ 1898 1287 1469 ] [   15   55   36 ] [   8808   7939  10750 ] [ 0 ],1.00,1.00,1.00,1.00,-130.70,-39.09,0.00,0.00,0.00,0.00,0.00,0.00,-0.00,0.00,0.00,0.00,0.00,0.00,0.00,0.00,0.00,0
24.6276,-133,-40,361,0,DRIVE [ 07 ] [ 1 ] [ 1898 1274 1461 ] [    0    0    0 ] [      0      0      0 ] [ 0 ],drive [ 07 ] [ 0 ] [ 1898 1279 1465 ] [   15   55   36 ] [   8808   7939  10750 ] [ 0 ],1.00,1.00,1.00,1.00,-132.69,-39.64,0.00,0.00,0.00,0.00,0.00,0.00,-0.00,0.00,0.00,0.00,0.00,0.00,0.00,0.00,0.00,0
24.6418,-135,-40,363,0,DRIVE [ 08 ] [ 1 ] [ 1898 1269 1459 ] [    0    0    0 ] [      0      0      0 ] [ 0 ],drive [ 07 ] [ 0 ] [ 1898 1274 1461 ] [   15   55   36 ] [   8808   7939  10750 ] [ 0 ],1.00,1.00,1.00,1.00,-134.64,-40.02,0.00,0.00,0.00,0.00,0.00,0.00,-0.00,0.00,0.00,0.00,0.00,0.00,0.00,0.00,0.00,0
24.656,-137,-40,366,0,DRIVE [ 08 ] [ 1 ] [ 1898 1262 1457 ] [    0    0    0 ] [      0      0      0 ] [ 0 ],drive [ 08 ] [ 0 ] [ 1898 1269 1459 ] [   15   55   36 ] [   8805   7942  10792 ] [ 0 ],1.00,1.00,1.00,1.00,-136.86,-40.22,0.00,0.00,0.00,0.00,0.00,0.00,-0.00,0.00,0.00,0.00,0.00,0.00,0.00,0.00,0.00,0
24.6692,-138,-40,365,0,DRIVE [ 09 ] [ 1 ] [ 1898 1257 1455 ] [    0    0    0 ] [      0      0      0 ] [ 0 ],drive [ 08 ] [ 0 ] [ 1898 1262 1457 ] [   16   59   37 ] [   8805   7942  10792 ] [ 0 ],1.00,1.00,1.00,1.00,-137.74,-40.23,0.00,0.00,0.00,0.00,0.00,0.00,-0.00,0.00,0.00,0.00,0.00,0.00,0.00,0.00,0.00,0
24.6823,-139,-41,366,0,DRIVE [ 09 ] [ 1 ] [ 1898 1253 1452 ] [    0    0    0 ] [      0      0      0 ] [ 0 ],drive [ 09 ] [ 0 ] [ 1898 1257 1455 ] [   16   59   37 ] [   8805   7942  10792 ] [ 0 ],1.00,1.00,1.00,1.00,-139.25,-40.58,0.00,0.00,0.00,0.00,0.00,0.00,-0.00,0.00,0.00,0.00,0.00,0.00,0.00,0.00,0.00,0
24.6964,-141,-41,368,0,DRIVE [ 10 ] [ 1 ] [ 1898 1248 1449 ] [    0    0    0 ] [      0      0      0 ] [ 0 ],drive [ 09 ] [ 0 ] [ 1898 1253 1452 ] [   16   59   37 ] [   8802   8016  10792 ] [ 0 ],1.00,1.00,1.00,1.00,-140.72,-40.98,0.00,0.00,0.00,0.00,0.00,0.00,-0.00,0.00,0.00,0.00,0.00,0.00,0.00,0.00,0.00,0
24.7097,-141,-41,366,0,DRIVE [ 10 ] [ 1 ] [ 1898 1245 1447 ] [    0    0    0 ] [      0      0      0 ] [ 0 ],drive [ 10 ] [ 0 ] [ 1898 1248 1449 ] [   22   76   38 ] [   8802   8016  10792 ] [ 0 ],1.00,1.00,1.00,1.00,-141.09,-41.10,0.00,0.00,0.00,0.00,0.00,0.00,-0.00,0.00,0.00,0.00,0.00,0.00,0.00,0.00,0.00,0
24.7253,-142,-42,368,0,DRIVE [ 11 ] [ 1 ] [ 1898 1243 1445 ] [    0    0    0 ] [      0      0      0 ] [ 0 ],drive [ 10 ] [ 0 ] [ 1898 1245 1447 ] [   22   76   38 ] [   8802   8016  10792 ] [ 0 ],1.00,1.00,1.00,1.00,-142.22,-41.54,0.00,0.00,0.00,0.00,0.00,0.00,-0.00,0.00,0.00,0.00,0.00,0.00,0.00,0.00,0.00,0
24.7382,-142,-42,367,0,DRIVE [ 11 ] [ 1 ] [ 1898 1243 1444 ] [    0    0    0 ] [      0      0      0 ] [ 0 ],drive [ 11 ] [ 0 ] [ 1898 1243 1445 ] [   22   76   38 ] [   8802   8016  10792 ] [ 0 ],1.00,1.00,1.00,1.00,-141.90,-41.69,0.00,0.00,0.00,0.00,0.00,0.00,-0.00,0.00,0.00,0.00,0.00,0.00,0.00,0.00,0.00,0
24.7531,-143,-42,371,0,DRIVE [ 12 ] [ 1 ] [ 1898 1246 1443 ] [    0    0    0 ] [      0      0      0 ] [ 0 ],drive [ 11 ] [ 0 ] [ 1898 1243 1444 ] [   22   76   38 ] [   8704   8197  10808 ] [ 0 ],1.00,1.00,1.00,1.00,-142.84,-42.46,0.00,0.00,0.00,0.00,0.00,0.00,-0.00,0.00,0.00,0.00,0.00,0.00,0.00,0.00,0.00,0
24.7668,-141,-42,370,0,DRIVE [ 12 ] [ 1 ] [ 1898 1254 1446 ] [    0    0    0 ] [      0      0      0 ] [ 0 ],drive [ 12 ] [ 0 ] [ 1898 1246 1443 ] [   18   75   64 ] [   8704   8197  10808 ] [ 0 ],1.00,1.00,1.00,1.00,-140.98,-42.40,0.00,0.00,0.00,0.00,0.00,0.00,-0.00,0.00,0.00,0.00,0.00,0.00,0.00,0.00,0.00,0
24.78,-140,-42,372,0,DRIVE [ 13 ] [ 1 ] [ 1898 1262 1449 ] [    0    0    0 ] [      0      0      0 ] [ 0 ],drive [ 12 ] [ 0 ] [ 1898 1254 1446 ] [   18   75   64 ] [   8704   8197  10808 ] [ 0 ],1.00,1.00,1.00,1.00,-139.99,-42.40,0.00,0.00,0.00,0.00,0.00,0.00,-0.00,0.00,0.00,0.00,0.00,0.00,0.00,0.00,0.00,0
24.7927,-139,-42,373,0,DRIVE [ 13 ] [ 1 ] [ 1898 1268 1454 ] [    0    0    0 ] [      0      0      0 ] [ 0 ],drive [ 13 ] [ 0 ] [ 1898 1262 1449 ] [   18   75   64 ] [   8704   8197  10808 ] [ 0 ],1.00,1.00,1.00,1.00,-138.98,-42.15,0.00,0.00,0.00,0.00,0.00,0.00,-0.00,0.00,0.00,0.00,0.00,0.00,0.00,0.00,0.00,0
24.805,-137,-41,373,0,DRIVE [ 14 ] [ 1 ] [ 1898 1273 1459 ] [    0    0    0 ] [      0      0      0 ] [ 0 ],drive [ 13 ] [ 0 ] [ 1898 1268 1454 ] [   18   75   64 ] [   8680   8197  10921 ] [ 0 ],1.00,1.00,1.00,1.00,-137.42,-41.43,0.00,0.00,0.00,0.00,0.00,0.00,-0.00,0.00,0.00,0.00,0.00,0.00,0.00,0.00,0.00,0
24.818,-136,-40,372,0,DRIVE [ 14 ] [ 1 ] [ 1898 1277 1465 ] [    0    0    0 ] [      0      0      0 ] [ 0 ],drive [ 14 ] [ 0 ] [ 1898 1273 1459 ] [   12   73   47 ] [   8680   8197  10921 ] [ 0 ],1.00,1.00,1.00,1.00,-135.93,-40.36,0.00,0.00,0.00,0.00,0.00,0.00,-0.00,0.00,0.00,0.00,0.00,0.00,0.00,0.00,0.00,0
24.8308,-135,-39,373,0,DRIVE [ 15 ] [ 1 ] [ 1898 1282 1473 ] [    0    0    0 ] [      0      0      0 ] [ 0 ],drive [ 14 ] [ 0 ] [ 1898 1277 1465 ] [   12   73   47 ] [   8680   8197  10921 ] [ 0 ],1.00,1.00,1.00,1.00,-134.76,-39.26,0.00,0.00,0.00,0.00,0.00,0.00,-0.00,0.00,0.00,0.00,0.00,0.00,0.00,0.00,0.00,0
24.8438,-133,-38,373,0,DRIVE [ 15 ] [ 1 ] [ 1898 1287 1480 ] [    0    0    0 ] [      0      0      0 ] [ 0 ],drive [ 15 ] [ 0 ] [ 1898 1282 1473 ] [   12   73   47 ] [   8587   8197  10923 ] [ 0 ],1.00,1.00,1.00,1.00,-133.32,-38.17,0.00,0.00,0.00,0.00,0.00,0.00,-0.00,0.00,0.00,0.00,0.00,0.00,0.00,0.00,0.00,0
24.8566,-131,-37,372,0,DRIVE [ 16 ] [ 1 ] [ 1898 1292 1487 ] [    0    0    0 ] [      0      0      0 ] [ 0 ],drive [ 15 ] [ 0 ] [ 1898 1287 1480 ] [   12   73   47 ] [   8587   8197  10923 ] [ 0 ],1.00,1.00,1.00,1.00,-131.39,-36.96,0.00,0.00,0.00,0.00,0.00,0.00,-0.00,0.00,0.00,0.00,0.00,0.00,0.00,0.00,0.00,0
24.8688,-130,-36,372,0,DRIVE [ 16 ] [ 1 ] [ 1898 1298 1494 ] [    0    0    0 ] [      0      0      0 ] [ 0 ],drive [ 16 ] [ 0 ] [ 1898 1292 1487 ] [   13   72   51 ] [   8587   8197  10923 ] [ 0 ],1.00,1.00,1.00,1.00,-129.79,-36.02,0.00,0.00,0.00,0.00,0.00,0.00,-0.00,0.00,0.00,0.00,0.00,0.00,0.00,0.00,0.00,0
24.8819,-128,-35,371,0,DRIVE [ 17 ] [ 1 ] [ 1898 1304 1501 ] [    0    0    0 ] [      0      0      0 ] [ 0 ],drive [ 16 ] [ 0 ] [ 1898 1298 1494 ] [   13   72   51 ] [   8587   8197  10923 ] [ 0 ],1.00,1.00,1.00,1.00,-127.83,-35.00,0.00,0.00,0.00,0.00,0.00,0.00,-0.00,0.00,0.00,0.00,0.00,0.00,0.00,0.00,0.00,0
24.8948,-126,-34,374,0,DRIVE [ 17 ] [ 1 ] [ 1898 1313 1509 ] [    0    0    0 ] [      0      0      0 ] [ 0 ],drive [ 17 ] [ 0 ] [ 1898 1304 1501 ] [   13   72   51 ] [   8586   8197  10931 ] [ 0 ],1.00,1.00,1.00,1.00,-126.49,-34.20,0.00,0.00,0.00,0.00,0.00,0.00,-0.00,0.00,0.00,0.00,0.00,0.00,0.00,0.00,0.00,0
24.9075,-124,-33,371,0,DRIVE [ 18 ] [ 1 ] [ 1898 1320 1516 ] [    0    0    0 ] [      0      0      0 ] [ 0 ],drive [ 17 ] [ 0 ] [ 1898 1313 1509 ] [   13   72   51 ] [   8586   8197  10931 ] [ 0 ],1.00,1.00,1.00,1.00,-123.77,-33.20,0.00,0.00,0.00,0.00,0.00,0.00,-0.00,0.00,0.00,0.00,0.00,0.00,0.00,0.00,0.00,0
24.9199,-121,-32,368,0,DRIVE [ 18 ] [ 1 ] [ 1898 1328 1521 ] [    0    0    0 ] [      0      0      0 ] [ 0 ],drive [ 18 ] [ 0 ] [ 1898 1320 1516 ] [   14   69   49 ] [   8586   8197  10931 ] [ 0 ],1.00,1.00,1.00,1.00,-120.92,-32.31,0.00,0.00,0.00,0.00,0.00,0.00,-0.00,0.00,0.00,0.00,0.00,0.00,0.00,0.00,0.00,0
24.933,-119,-32,368,0,DRIVE [ 19 ] [ 1 ] [ 1898 1335 1526 ] [    0    0    0 ] [      0      0      0 ] [ 0 ],drive [ 18 ] [ 0 ] [ 1898 1328 1521 ] [   14   69   49 ] [   8586   8197  10931 ] [ 0 ],1.00,1.00,1.00,1.00,-119.32,-31.96,0.00,0.00,0.00,0.00,0.00,0.00,-0.00,0.00,0.00,0.00,0.00,0.00,0.00,0.00,0.00,0
24.9459,-118,-32,368,0,DRIVE [ 19 ] [ 1 ] [ 1898 1342 1530 ] [    0    0    0 ] [      0      0      0 ] [ 0 ],drive [ 19 ] [ 0 ] [ 1898 1335 1526 ] [   14   69   49 ] [   8585   8197  10930 ] [ 0 ],1.00,1.00,1.00,1.00,-117.71,-31.68,0.00,0.00,0.00,0.00,0.00,0.00,-0.00,0.00,0.00,0.00,0.00,0.00,0.00,0.00,0.00,0
24.9588,-116,-32,367,0,DRIVE [ 20 ] [ 1 ] [ 1898 1350 1532 ] [    0    0    0 ] [      0      0      0 ] [ 0 ],drive [ 19 ] [ 0 ] [ 1898 1342 1530 ] [   14   66   47 ] [   8585   8197  10930 ] [ 0 ],1.00,1.00,1.00,1.00,-115.75,-31.59,0.00,0.00,0.00,0.00,0.00,0.00,-0.00,0.00,0.00,0.00,0.00,0.00,0.00,0.00,0.00,0
24.9711,-115,-32,369,0,DRIVE [ 20 ] [ 1 ] [ 1898 1358 1535 ] [    0    0    0 ] [      0      0      0 ] [ 0 ],drive [ 20 ] [ 0 ] [ 1898 1350 1532 ] [   14   66   47 ] [   8585   8197  10930 ] [ 0 ],1.00,1.00,1.00,1.00,-114.98,-31.81,0.00,0.00,0.00,0.00,0.00,0.00,-0.00,0.00,0.00,0.00,0.00,0.00,0.00,0.00,0.00,0
24.9841,-113,-32,369,0,DRIVE [ 21 ] [ 1 ] [ 1898 1368 1537 ] [    0    0    0 ] [      0      0      0 ] [ 0 ],drive [ 20 ] [ 0 ] [ 1898 1358 1535 ] [   14   66   47 ] [   8585   8197  10930 ] [ 0 ],1.00,1.00,1.00,1.00,-113.42,-32.18,0.00,0.00,0.00,0.00,0.00,0.00,-0.00,0.00,0.00,0.00,0.00,0.00,0.00,0.00,0.00,0
24.9969,-111,-32,368,0,DRIVE [ 21 ] [ 1 ] [ 1898 1376 1539 ] [    0    0    0 ] [      0      0      0 ] [ 0 ],drive [ 21 ] [ 0 ] [ 1898 1368 1537 ] [   14   66   47 ] [   8581   8197  10930 ] [ 0 ],1.00,1.00,1.00,1.00,-111.36,-32.31,0.00,0.00,0.00,0.00,0.00,0.00,-0.00,0.00,0.00,0.00,0.00,0.00,0.00,0.00,0.00,0
25.0096,-109,-33,366,0,DRIVE [ 22 ] [ 1 ] [ 1898 1384 1540 ] [    0    0    0 ] [      0      0      0 ] [ 0 ],drive [ 21 ] [ 0 ] [ 1898 1376 1539 ] [   17   63   46 ] [   8581   8197  10930 ] [ 0 ],1.00,1.00,1.00,1.00,-109.43,-32.55,0.00,0.00,0.00,0.00,0.00,0.00,-0.00,0.00,0.00,0.00,0.00,0.00,0.00,0.00,0.00,0
25.0227,-108,-33,367,0,DRIVE [ 22 ] [ 1 ] [ 1898 1392 1541 ] [    0    0    0 ] [      0      0      0 ] [ 0 ],drive [ 22 ] [ 0 ] [ 1898 1384 1540 ] [   17   63   46 ] [   8581   8197  10930 ] [ 0 ],1.00,1.00,1.00,1.00,-108.47,-32.99,0.00,0.00,0.00,0.00,0.00,0.00,-0.00,0.00,0.00,0.00,0.00,0.00,0.00,0.00,0.00,0
25.0358,-107,-33,365,0,DRIVE [ 23 ] [ 1 ] [ 1898 1399 1541 ] [    0    0    0 ] [      0      0      0 ] [ 0 ],drive [ 22 ] [ 0 ] [ 1898 1392 1541 ] [   17   63   46 ] [   8581   8197  10930 ] [ 0 ],1.00,1.00,1.00,1.00,-106.58,-33.23,0.00,0.00,0.00,0.00,0.00,0.00,-0.00,0.00,0.00,0.00,0.00,0.00,0.00,0.00,0.00,0
25.0489,-106,-34,366,0,DRIVE [ 23 ] [ 1 ] [ 1898 1407 1543 ] [    0    0    0 ] [      0      0      0 ] [ 0 ],drive [ 23 ] [ 0 ] [ 1898 1399 1541 ] [   17   63   46 ] [   8580   8197  10930 ] [ 0 ],1.00,1.00,1.00,1.00,-105.52,-33.64,0.00,0.00,0.00,0.00,0.00,0.00,-0.00,0.00,0.00,0.00,0.00,0.00,0.00,0.00,0.00,0
25.0618,-104,-34,365,0,DRIVE [ 24 ] [ 1 ] [ 1898 1415 1543 ] [    0    0    0 ] [      0      0      0 ] [ 0 ],drive [ 23 ] [ 0 ] [ 1898 1407 1543 ] [   18   61   45 ] [   8580   8197  10930 ] [ 0 ],1.00,1.00,1.00,1.00,-103.88,-33.96,0.00,0.00,0.00,0.00,0.00,0.00,-0.00,0.00,0.00,0.00,0.00,0.00,0.00,0.00,0.00,0
25.0743,-102,-34,365,0,DRIVE [ 24 ] [ 1 ] [ 1898 1422 1544 ] [    0    0    0 ] [      0      0      0 ] [ 0 ],drive [ 24 ] [ 0 ] [ 1898 1415 1543 ] [   18   61   45 ] [   8580   8197  10930 ] [ 0 ],1.00,1.00,1.00,1.00,-102.32,-34.18,0.00,0.00,0.00,0.00,0.00,0.00,-0.00,0.00,0.00,0.00,0.00,0.00,0.00,0.00,0.00,0
25.0875,-100,-34,364,0,DRIVE [ 25 ] [ 1 ] [ 1898 1431 1546 ] [    0    0    0 ] [      0      0      0 ] [ 0 ],drive [ 24 ] [ 0 ] [ 1898 1422 1544 ] [   18   61   45 ] [   8580   8197  10930 ] [ 0 ],1.00,1.00,1.00,1.00,-100.41,-34.40,0.00,0.00,0.00,0.00,0.00,0.00,-0.00,0.00,0.00,0.00,0.00,0.00,0.00,0.00,0.00,0
25.1008,-99,-35,364,0,DRIVE [ 25 ] [ 1 ] [ 1898 1440 1548 ] [    0    0    0 ] [      0      0      0 ] [ 0 ],drive [ 25 ] [ 0 ] [ 1898 1431 1546 ] [   18   61   45 ] [   8578   8196  10930 ] [ 0 ],1.00,1.00,1.00,1.00,-98.79,-34.73,0.00,0.00,0.00,0.00,0.00,0.00,-0.00,0.00,0.00,0.00,0.00,0.00,0.00,0.00,0.00,0
25.1139,-97,-35,365,0,DRIVE [ 26 ] [ 1 ] [ 1898 1449 1550 ] [    0    0    0 ] [      0      0      0 ] [ 0 ],drive [ 25 ] [ 0 ] [ 1898 1440 1548 ] [   16   57   45 ] [   8578   8196  10930 ] [ 0 ],1.00,1.00,1.00,1.00,-97.42,-35.03,0.00,0.00,0.00,0.00,0.00,0.00,-0.00,0.00,0.00,0.00,0.00,0.00,0.00,0.00,0.00,0
25.1268,-96,-35,365,0,DRIVE [ 26 ] [ 1 ] [ 1898 1458 1552 ] [    0    0    0 ] [      0      0      0 ] [ 0 ],drive [ 26 ] [ 0 ] [ 1898 1449 1550 ] [   16   57   45 ] [   8578   8196  10930 ] [ 0 ],1.00,1.00,1.00,1.00,-96.06,-35.28,0.00,0.00,0.00,0.00,0.00,0.00,-0.00,0.00,0.00,0.00,0.00,0.00,0.00,0.00,0.00,0
25.1395,-94,-35,365,0,DRIVE [ 27 ] [ 1 ] [ 1898 1466 1554 ] [    0    0    0 ] [      0      0      0 ] [ 0 ],drive [ 26 ] [ 0 ] [ 1898 1458 1552 ] [   16   57   45 ] [   8578   8196  10930 ] [ 0 ],1.00,1.00,1.00,1.00,-94.38,-35.32,0.00,0.00,0.00,0.00,0.00,0.00,-0.00,0.00,0.00,0.00,0.00,0.00,0.00,0.00,0.00,0
25.1525,-92,-35,363,0,DRIVE [ 27 ] [ 1 ] [ 1898 1475 1557 ] [    0    0    0 ] [      0      0      0 ] [ 0 ],drive [ 27 ] [ 0 ] [ 1898 1466 1554 ] [   16   57   45 ] [   8577   8194  10930 ] [ 0 ],1.00,1.00,1.00,1.00,-92.07,-35.18,0.00,0.00,0.00,0.00,0.00,0.00,-0.00,0.00,0.00,0.00,0.00,0.00,0.00,0.00,0.00,0
25.1663,-90,-35,363,0,DRIVE [ 28 ] [ 1 ] [ 1898 1484 1561 ] [    0    0    0 ] [      0      0      0 ] [ 0 ],drive [ 27 ] [ 0 ] [ 1898 1475 1557 ] [   19   54   44 ] [   8577   8194  10930 ] [ 0 ],1.00,1.00,1.00,1.00,-90.40,-35.12,0.00,0.00,0.00,0.00,0.00,0.00,-0.00,0.00,0.00,0.00,0.00,0.00,0.00,0.00,0.00,0
25.1814,-89,-35,364,0,DRIVE [ 28 ] [ 1 ] [ 1898 1492 1564 ] [    0    0    0 ] [      0      0      0 ] [ 0 ],drive [ 28 ] [ 0 ] [ 1898 1484 1561 ] [   19   54   44 ] [   8577   8194  10930 ] [ 0 ],1.00,1.00,1.00,1.00,-89.00,-35.08,0.00,0.00,0.00,0.00,0.00,0.00,-0.00,0.00,0.00,0.00,0.00,0.00,0.00,0.00,0.00,0
25.1959,-87,-35,362,0,DRIVE [ 29 ] [ 1 ] [ 1898 1499 1567 ] [    0    0    0 ] [      0      0      0 ] [ 0 ],drive [ 28 ] [ 0 ] [ 1898 1492 1564 ] [   19   54   44 ] [   8576   8193  10930 ] [ 0 ],1.00,1.00,1.00,1.00,-87.19,-34.83,0.00,0.00,0.00,0.00,0.00,0.00,-0.00,0.00,0.00,0.00,0.00,0.00,0.00,0.00,0.00,0
25.2111,-85,-34,359,0,DRIVE [ 29 ] [ 1 ] [ 1898 1506 1571 ] [    0    0    0 ] [      0      0      0 ] [ 0 ],drive [ 29 ] [ 0 ] [ 1898 1499 1567 ] [   19   51   43 ] [   8576   8193  10930 ] [ 0 ],1.00,1.00,1.00,1.00,-85.18,-34.40,0.00,0.00,0.00,0.00,0.00,0.00,-0.00,0.00,0.00,0.00,0.00,0.00,0.00,0.00,0.00,0
25.2257,-83,-34,358,0,DRIVE [ 30 ] [ 1 ] [ 1898 1513 1574 ] [    0    0    0 ] [      0      0      0 ] [ 0 ],drive [ 29 ] [ 0 ] [ 1898 1506 1571 ] [   19   51   43 ] [   8576   8193  10930 ] [ 0 ],1.00,1.00,1.00,1.00,-83.34,-34.13,0.00,0.00,0.00,0.00,0.00,0.00,-0.00,0.00,0.00,0.00,0.00,0.00,0.00,0.00,0.00,0
25.2404,-82,-34,359,0,DRIVE [ 30 ] [ 1 ] [ 1898 1520 1578 ] [    0    0    0 ] [      0      0      0 ] [ 0 ],drive [ 30 ] [ 0 ] [ 1898 1513 1574 ] [   19   51   43 ] [   8576   8193  10930 ] [ 0 ],1.00,1.00,1.00,1.00,-82.23,-34.07,0.00,0.00,0.00,0.00,0.00,0.00,-0.00,0.00,0.00,0.00,0.00,0.00,0.00,0.00,0.00,0
25.2536,-80,-34,359,0,DRIVE [ 31 ] [ 1 ] [ 1898 1529 1582 ] [    0    0    0 ] [      0      0      0 ] [ 0 ],drive [ 30 ] [ 0 ] [ 1898 1520 1578 ] [   19   51   43 ] [   8576   8191  10930 ] [ 0 ],1.00,1.00,1.00,1.00,-80.37,-33.75,0.00,0.00,0.00,0.00,0.00,0.00,-0.00,0.00,0.00,0.00,0.00,0.00,0.00,0.00,0.00,0
25.2668,-79,-33,358,0,DRIVE [ 31 ] [ 1 ] [ 1898 1536 1586 ] [    0    0    0 ] [      0      0      0 ] [ 0 ],drive [ 31 ] [ 0 ] [ 1898 1529 1582 ] [   18   50   42 ] [   8576   8191  10930 ] [ 0 ],1.00,1.00,1.00,1.00,-78.69,-33.34,0.00,0.00,0.00,0.00,0.00,0.00,-0.00,0.00,0.00,0.00,0.00,0.00,0.00,0.00,0.00,0
25.28,-77,-33,355,0,DRIVE [ 32 ] [ 1 ] [ 1898 1543 1590 ] [    0    0    0 ] [      0      0      0 ] [ 0 ],drive [ 31 ] [ 0 ] [ 1898 1536 1586 ] [   18   50   42 ] [   8576   8191  10930 ] [ 0 ],1.00,1.00,1.00,1.00,-76.81,-32.87,0.00,0.00,0.00,0.00,0.00,0.00,-0.00,0.00,0.00,0.00,0.00,0.00,0.00,0.00,0.00,0
25.2927,-75,-33,355,0,DRIVE [ 32 ] [ 1 ] [ 1898 1551 1595 ] [    0    0    0 ] [      0      0      0 ] [ 0 ],drive [ 32 ] [ 0 ] [ 1898 1543 1590 ] [   18   50   42 ] [   8576   8191  10930 ] [ 0 ],1.00,1.00,1.00,1.00,-75.14,-32.59,0.00,0.00,0.00,0.00,0.00,0.00,-0.00,0.00,0.00,0.00,0.00,0.00,0.00,0.00,0.00,0
25.3063,-73,-32,352,0,DRIVE [ 33 ] [ 1 ] [ 1898 1558 1599 ] [    0    0    0 ] [      0      0      0 ] [ 0 ],drive [ 32 ] [ 0 ] [ 1898 1551 1595 ] [   18   50   42 ] [   8576   8191  10930 ] [ 0 ],1.00,1.00,1.00,1.00,-73.09,-32.01,0.00,0.00,0.00,0.00,0.00,0.00,-0.00,0.00,0.00,0.00,0.00,0.00,0.00,0.00,0.00,0
25.319,-72,-32,353,0,DRIVE [ 33 ] [ 1 ] [ 1898 1565 1602 ] [    0    0    0 ] [      0      0      0 ] [ 0 ],drive [ 33 ] [ 0 ] [ 1898 1558 1599 ] [   18   47   40 ] [   8576   8191  10930 ] [ 0 ],1.00,1.00,1.00,1.00,-72.03,-31.89,0.00,0.00,0.00,0.00,0.00,0.00,-0.00,0.00,0.00,0.00,0.00,0.00,0.00,0.00,0.00,0
25.332,-71,-32,353,0,DRIVE [ 34 ] [ 1 ] [ 1898 1571 1606 ] [    0    0    0 ] [      0      0      0 ] [ 0 ],drive [ 33 ] [ 0 ] [ 1898 1565 1602 ] [   18   47   40 ] [   8576   8191  10930 ] [ 0 ],1.00,1.00,1.00,1.00,-70.75,-31.59,0.00,0.00,0.00,0.00,0.00,0.00,-0.00,0.00,0.00,0.00,0.00,0.00,0.00,0.00,0.00,0
25.3444,-69,-31,351,0,DRIVE [ 34 ] [ 1 ] [ 1898 1578 1611 ] [    0    0    0 ] [      0      0      0 ] [ 0 ],drive [ 34 ] [ 0 ] [ 1898 1571 1606 ] [   18   47   40 ] [   8576   8189  10929 ] [ 0 ],1.00,1.00,1.00,1.00,-68.87,-30.97,0.00,0.00,0.00,0.00,0.00,0.00,-0.00,0.00,0.00,0.00,0.00,0.00,0.00,0.00,0.00,0
25.3581,-67,-30,350,0,DRIVE [ 35 ] [ 1 ] [ 1898 1585 1616 ] [    0    0    0 ] [      0      0      0 ] [ 0 ],drive [ 34 ] [ 0 ] [ 1898 1578 1611 ] [   18   47   40 ] [   8576   8189  10929 ] [ 0 ],1.00,1.00,1.00,1.00,-67.33,-30.46,0.00,0.00,0.00,0.00,0.00,0.00,-0.00,0.00,0.00,0.00,0.00,0.00,0.00,0.00,0.00,0
25.3703,-66,-30,349,0,DRIVE [ 35 ] [ 1 ] [ 1898 1591 1620 ] [    0    0    0 ] [      0      0      0 ] [ 0 ],drive [ 35 ] [ 0 ] [ 1898 1585 1616 ] [   19   45   38 ] [   8576   8189  10929 ] [ 0 ],1.00,1.00,1.00,1.00,-65.92,-30.07,0.00,0.00,0.00,0.00,0.00,0.00,-0.00,0.00,0.00,0.00,0.00,0.00,0.00,0.00,0.00,0
25.3835,-65,-30,350,0,DRIVE [ 36 ] [ 1 ] [ 1898 1596 1624 ] [    0    0    0 ] [      0      0      0 ] [ 0 ],drive [ 35 ] [ 0 ] [ 1898 1591 1620 ] [   19   45   38 ] [   8576   8189  10929 ] [ 0 ],1.00,1.00,1.00,1.00,-64.90,-29.72,0.00,0.00,0.00,0.00,0.00,0.00,-0.00,0.00,0.00,0.00,0.00,0.00,0.00,0.00,0.00,0
25.3965,-64,-29,350,0,DRIVE [ 36 ] [ 1 ] [ 1898 1601 1628 ] [    0    0    0 ] [      0      0      0 ] [ 0 ],drive [ 36 ] [ 0 ] [ 1898 1596 1624 ] [   19   45   38 ] [   8576   8188  10929 ] [ 0 ],1.00,1.00,1.00,1.00,-63.89,-29.41,0.00,0.00,0.00,0.00,0.00,0.00,-0.00,0.00,0.00,0.00,0.00,0.00,0.00,0.00,0.00,0
25.4088,-63,-29,349,0,DRIVE [ 37 ] [ 1 ] [ 1898 1607 1631 ] [    0    0    0 ] [      0      0      0 ] [ 0 ],drive [ 36 ] [ 0 ] [ 1898 1601 1628 ] [   19   40   37 ] [   8576   8188  10929 ] [ 0 ],1.00,1.00,1.00,1.00,-62.67,-29.10,0.00,0.00,0.00,0.00,0.00,0.00,-0.00,0.00,0.00,0.00,0.00,0.00,0.00,0.00,0.00,0
25.422,-61,-29,348,0,DRIVE [ 37 ] [ 1 ] [ 1898 1612 1635 ] [    0    0    0 ] [      0      0      0 ] [ 0 ],drive [ 37 ] [ 0 ] [ 1898 1607 1631 ] [   19   40   37 ] [   8576   8188  10929 ] [ 0 ],1.00,1.00,1.00,1.00,-61.30,-28.67,0.00,0.00,0.00,0.00,0.00,0.00,-0.00,0.00,0.00,0.00,0.00,0.00,0.00,0.00,0.00,0
25.435,-60,-28,348,0,DRIVE [ 38 ] [ 1 ] [ 1898 1618 1638 ] [    0    0    0 ] [      0      0      0 ] [ 0 ],drive [ 37 ] [ 0 ] [ 1898 1612 1635 ] [   19   40   37 ] [   8576   8188  10929 ] [ 0 ],1.00,1.00,1.00,1.00,-60.22,-28.39,0.00,0.00,0.00,0.00,0.00,0.00,-0.00,0.00,0.00,0.00,0.00,0.00,0.00,0.00,0.00,0
25.4479,-59,-28,349,0,DRIVE [ 38 ] [ 1 ] [ 1898 1625 1642 ] [    0    0    0 ] [      0      0      0 ] [ 0 ],drive [ 38 ] [ 0 ] [ 1898 1618 1638 ] [   19   40   37 ] [   8575   8186  10928 ] [ 0 ],1.00,1.00,1.00,1.00,-59.02,-28.11,0.00,0.00,0.00,0.00,0.00,0.00,-0.00,0.00,0.00,0.00,0.00,0.00,0.00,0.00,0.00,0
25.4609,-58,-28,347,0,DRIVE [ 39 ] [ 1 ] [ 1898 1631 1647 ] [    0    0    0 ] [      0      0      0 ] [ 0 ],drive [ 38 ] [ 0 ] [ 1898 1625 1642 ] [   18   37   35 ] [   8575   8186  10928 ] [ 0 ],1.00,1.00,1.00,1.00,-57.54,-27.59,0.00,0.00,0.00,0.00,0.00,0.00,-0.00,0.00,0.00,0.00,0.00,0.00,0.00,0.00,0.00,0
25.4732,-57,-27,348,0,DRIVE [ 39 ] [ 1 ] [ 1898 1636 1651 ] [    0    0    0 ] [      0      0      0 ] [ 0 ],drive [ 39 ] [ 0 ] [ 1898 1631 1647 ] [   18   37   35 ] [   8575   8186  10928 ] [ 0 ],1.00,1.00,1.00,1.00,-56.58,-27.38,0.00,0.00,0.00,0.00,0.00,0.00,-0.00,0.00,0.00,0.00,0.00,0.00,0.00,0.00,0.00,0
25.4861,-55,-27,345,0,DRIVE [ 40 ] [ 1 ] [ 1898 1642 1654 ] [    0    0    0 ] [      0      0      0 ] [ 0 ],drive [ 39 ] [ 0 ] [ 1898 1636 1651 ] [   18   37   35 ] [   8575   8186  10928 ] [ 0 ],1.00,1.00,1.00,1.00,-55.03,-26.83,0.00,0.00,0.00,0.00,0.00,0.00,-0.00,0.00,0.00,0.00,0.00,0.00,0.00,0.00,0.00,0
25.5011,-54,-27,346,0,DRIVE [ 40 ] [ 1 ] [ 1898 1646 1658 ] [    0    0    0 ] [      0      0      0 ] [ 0 ],drive [ 40 ] [ 0 ] [ 1898 1642 1654 ] [   18   37   35 ] [   8576   8184  10928 ] [ 0 ],1.00,1.00,1.00,1.00,-54.17,-26.61,0.00,0.00,0.00,0.00,0.00,0.00,-0.00,0.00,0.00,0.00,0.00,0.00,0.00,0.00,0.00,0
25.514,-53,-26,344,0,DRIVE [ 41 ] [ 1 ] [ 1898 1651 1661 ] [    0    0    0 ] [      0      0      0 ] [ 0 ],drive [ 40 ] [ 0 ] [ 1898 1646 1658 ] [   18   33   32 ] [   8576   8184  10928 ] [ 0 ],1.00,1.00,1.00,1.00,-52.85,-26.12,0.00,0.00,0.00,0.00,0.00,0.00,-0.00,0.00,0.00,0.00,0.00,0.00,0.00,0.00,0.00,0
25.527,-51,-26,342,0,DRIVE [ 41 ] [ 1 ] [ 1898 1657 1666 ] [    0    0    0 ] [      0      0      0 ] [ 0 ],drive [ 41 ] [ 0 ] [ 1898 1651 1661 ] [   18   33   32 ] [   8576   8184  10928 ] [ 0 ],1.00,1.00,1.00,1.00,-51.32,-25.57,0.00,0.00,0.00,0.00,0.00,0.00,-0.00,0.00,0.00,0.00,0.00,0.00,0.00,0.00,0.00,0
25.5393,-51,-25,344,0,DRIVE [ 42 ] [ 1 ] [ 1898 1663 1669 ] [    0    0    0 ] [      0      0      0 ] [ 0 ],drive [ 41 ] [ 0 ] [ 1898 1657 1666 ] [   18   33   32 ] [   8576   8184  10928 ] [ 0 ],1.00,1.00,1.00,1.00,-50.57,-25.37,0.00,0.00,0.00,0.00,0.00,0.00,-0.00,0.00,0.00,0.00,0.00,0.00,0.00,0.00,0.00,0
25.5522,-50,-25,344,0,DRIVE [ 42 ] [ 1 ] [ 1898 1667 1673 ] [    0    0    0 ] [      0      0      0 ] [ 0 ],drive [ 42 ] [ 0 ] [ 1898 1663 1669 ] [   18   33   32 ] [   8575   8180  10927 ] [ 0 ],1.00,1.00,1.00,1.00,-49.70,-24.98,0.00,0.00,0.00,0.00,0.00,0.00,-0.00,0.00,0.00,0.00,0.00,0.00,0.00,0.00,0.00,0
25.565,-49,-25,344,0,DRIVE [ 43 ] [ 1 ] [ 1898 1671 1677 ] [    0    0    0 ] [      0      0      0 ] [ 0 ],drive [ 42 ] [ 0 ] [ 1898 1667 1673 ] [   19   26   31 ] [   8575   8180  10927 ] [ 0 ],1.00,1.00,1.00,1.00,-48.89,-24.62,0.00,0.00,0.00,0.00,0.00,0.00,-0.00,0.00,0.00,0.00,0.00,0.00,0.00,0.00,0.00,0
25.5779,-48,-24,345,0,DRIVE [ 43 ] [ 1 ] [ 1898 1675 1680 ] [    0    0    0 ] [      0      0      0 ] [ 0 ],drive [ 43 ] [ 0 ] [ 1898 1671 1677 ] [   19   26   31 ] [   8575   8180  10927 ] [ 0 ],1.00,1.00,1.00,1.00,-48.21,-24.44,0.00,0.00,0.00,0.00,0.00,0.00,-0.00,0.00,0.00,0.00,0.00,0.00,0.00,0.00,0.00,0
25.5905,-48,-24,348,0,DRIVE [ 44 ] [ 1 ] [ 1898 1679 1683 ] [    0    0    0 ] [      0      0      0 ] [ 0 ],drive [ 43 ] [ 0 ] [ 1898 1675 1680 ] [   19   26   31 ] [   8575   8180  10927 ] [ 0 ],1.00,1.00,1.00,1.00,-47.82,-24.34,0.00,0.00,0.00,0.00,0.00,0.00,-0.00,0.00,0.00,0.00,0.00,0.00,0.00,0.00,0.00,0
25.6029,-47,-24,347,0,DRIVE [ 44 ] [ 1 ] [ 1898 1681 1685 ] [    0    0    0 ] [      0      0      0 ] [ 0 ],drive [ 44 ] [ 0 ] [ 1898 1679 1683 ] [   19   26   31 ] [   8575   8132  10926 ] [ 0 ],1.00,1.00,1.00,1.00,-47.21,-24.04,0.00,0.00,0.00,0.00,0.00,0.00,-0.00,0.00,0.00,0.00,0.00,0.00,0.00,0.00,0.00,0
25.6155,-47,-24,347,0,DRIVE [ 45 ] [ 1 ] [ 1898 1684 1688 ] [    0    0    0 ] [      0      0      0 ] [ 0 ],drive [ 44 ] [ 0 ] [ 1898 1681 1685 ] [   18   34   30 ] [   8575   8132  10926 ] [ 0 ],1.00,1.00,1.00,1.00,-46.64,-23.65,0.00,0.00,0.00,0.00,0.00,0.00,-0.00,0.00,0.00,0.00,0.00,0.00,0.00,0.00,0.00,0
25.6281,-46,-23,347,0,DRIVE [ 45 ] [ 1 ] [ 1898 1686 1691 ] [    0    0    0 ] [      0      0      0 ] [ 0 ],drive [ 45 ] [ 0 ] [ 1898 1684 1688 ] [   18   34   30 ] [   8575   8132  10926 ] [ 0 ],1.00,1.00,1.00,1.00,-46.16,-23.36,0.00,0.00,0.00,0.00,0.00,0.00,-0.00,0.00,0.00,0.00,0.00,0.00,0.00,0.00,0.00,0
25.6408,-46,-23,346,0,DRIVE [ 46 ] [ 1 ] [ 1898 1688 1693 ] [    0    0    0 ] [      0      0      0 ] [ 0 ],drive [ 45 ] [ 0 ] [ 1898 1686 1691 ] [   18   34   30 ] [   8575   8132  10926 ] [ 0 ],1.00,1.00,1.00,1.00,-45.54,-22.96,0.00,0.00,0.00,0.00,0.00,0.00,-0.00,0.00,0.00,0.00,0.00,0.00,0.00,0.00,0.00,0
25.653,-45,-23,346,0,DRIVE [ 46 ] [ 1 ] [ 1898 1689 1696 ] [    0    0    0 ] [      0      0      0 ] [ 0 ],drive [ 46 ] [ 0 ] [ 1898 1688 1693 ] [   18   34   30 ] [   8575   8131  10926 ] [ 0 ],1.00,1.00,1.00,1.00,-45.20,-22.61,0.00,0.00,0.00,0.00,0.00,0.00,-0.00,0.00,0.00,0.00,0.00,0.00,0.00,0.00,0.00,0
25.6658,-45,-22,346,0,DRIVE [ 47 ] [ 1 ] [ 1898 1691 1698 ] [    0    0    0 ] [      0      0      0 ] [ 0 ],drive [ 46 ] [ 0 ] [ 1898 1689 1696 ] [   18   34   29 ] [   8575   8131  10926 ] [ 0 ],1.00,1.00,1.00,1.00,-44.74,-22.26,0.00,0.00,0.00,0.00,0.00,0.00,-0.00,0.00,0.00,0.00,0.00,0.00,0.00,0.00,0.00,0
25.6786,-44,-22,345,0,DRIVE [ 47 ] [ 1 ] [ 1898 1692 1700 ] [    0    0    0 ] [      0      0      0 ] [ 0 ],drive [ 47 ] [ 0 ] [ 1898 1691 1698 ] [   18   34   29 ] [   8575   8131  10926 ] [ 0 ],1.00,1.00,1.00,1.00,-44.49,-22.03,0.00,0.00,0.00,0.00,0.00,0.00,-0.00,0.00,0.00,0.00,0.00,0.00,0.00,0.00,0.00,0
25.6913,-44,-22,347,0,DRIVE [ 48 ] [ 1 ] [ 1898 1693 1702 ] [    0    0    0 ] [      0      0      0 ] [ 0 ],drive [ 47 ] [ 0 ] [ 1898 1692 1700 ] [   18   34   29 ] [   8575   8131  10926 ] [ 0 ],1.00,1.00,1.00,1.00,-44.41,-21.90,0.00,0.00,0.00,0.00,0.00,0.00,-0.00,0.00,0.00,0.00,0.00,0.00,0.00,0.00,0.00,0
25.7036,-44,-21,345,0,DRIVE [ 48 ] [ 1 ] [ 1898 1693 1704 ] [    0    0    0 ] [      0      0      0 ] [ 0 ],drive [ 48 ] [ 0 ] [ 1898 1693 1702 ] [   18   34   29 ] [   8573   8129  10926 ] [ 0 ],1.00,1.00,1.00,1.00,-44.05,-21.47,0.00,0.00,0.00,0.00,0.00,-0.00,-0.00,0.00,0.00,0.00,0.00,0.00,0.00,0.00,0.00,0
25.7167,-44,-21,345,0,DRIVE [ 49 ] [ 1 ] [ 1898 1695 1706 ] [    0    0    0 ] [      0      0      0 ] [ 0 ],drive [ 48 ] [ 0 ] [ 1898 1693 1704 ] [   19   34   28 ] [   8573   8129  10926 ] [ 0 ],1.00,1.00,1.00,1.00,-43.71,-21.09,0.00,0.00,0.00,0.00,0.00,-0.00,-0.00,0.00,0.00,0.00,0.00,0.00,0.00,0.00,0.00,0
25.7289,-43,-21,345,0,DRIVE [ 49 ] [ 1 ] [ 1898 1695 1709 ] [    0    0    0 ] [      0      0      0 ] [ 0 ],drive [ 49 ] [ 0 ] [ 1898 1695 1706 ] [   19   34   28 ] [   8573   8129  10926 ] [ 0 ],1.00,1.00,1.00,1.00,-43.43,-20.70,0.00,0.00,0.00,0.00,0.00,-0.00,-0.00,0.00,0.00,0.00,0.00,0.00,0.00,0.00,0.00,0
25.7409,-43,-20,345,0,DRIVE [ 50 ] [ 1 ] [ 1898 1696 1712 ] [    0    0    0 ] [      0      0      0 ] [ 0 ],drive [ 49 ] [ 0 ] [ 1898 1695 1709 ] [   19   34   28 ] [   8573   8129  10926 ] [ 0 ],1.00,1.00,1.00,1.00,-43.21,-20.25,0.00,0.00,0.00,0.00,0.00,-0.00,-0.00,0.00,0.00,0.00,0.00,0.00,0.00,0.00,0.00,0
25.7538,-43,-20,344,0,DRIVE [ 50 ] [ 1 ] [ 1898 1696 1714 ] [    0    0    0 ] [      0      0      0 ] [ 0 ],drive [ 50 ] [ 0 ] [ 1898 1696 1712 ] [   19   34   28 ] [   8546   8129  10925 ] [ 0 ],1.00,1.00,1.00,1.00,-42.85,-19.76,0.00,0.00,0.00,0.00,0.00,-0.00,-0.00,0.00,0.00,0.00,0.00,0.00,0.00,0.00,0.00,0
25.7666,-43,-19,344,0,DRIVE [ 51 ] [ 1 ] [ 1898 1697 1716 ] [    0    0    0 ] [      0      0      0 ] [ 0 ],drive [ 50 ] [ 0 ] [ 1898 1696 1714 ] [   23   35   26 ] [   8546   8129  10925 ] [ 0 ],1.00,1.00,1.00,1.00,-42.57,-19.38,0.00,0.00,0.00,0.00,0.00,-0.00,-0.00,0.00,0.00,0.00,0.00,0.00,0.00,0.00,0.00,0
25.7793,-42,-19,343,0,DRIVE [ 51 ] [ 1 ] [ 1898 1698 1719 ] [    0    0    0 ] [      0      0      0 ] [ 0 ],drive [ 51 ] [ 0 ] [ 1898 1697 1716 ] [   23   35   26 ] [   8546   8129  10925 ] [ 0 ],1.00,1.00,1.00,1.00,-42.30,-18.98,0.00,0.00,0.00,0.00,0.00,-0.00,-0.00,0.00,0.00,0.00,0.00,0.00,0.00,0.00,0.00,0
25.7923,-42,-19,342,0,DRIVE [ 52 ] [ 1 ] [ 1898 1698 1721 ] [    0    0    0 ] [      0      0      0 ] [ 0 ],drive [ 51 ] [ 0 ] [ 1898 1698 1719 ] [   23   35   26 ] [   8546   8129  10925 ] [ 0 ],1.00,1.00,1.00,1.00,-42.10,-18.64,0.00,0.00,0.00,0.00,0.00,-0.00,-0.00,0.00,0.00,0.00,0.00,0.00,0.00,0.00,0.00,0
25.8046,-42,-18,343,0,DRIVE [ 52 ] [ 1 ] [ 1898 1698 1722 ] [    0    0    0 ] [      0      0      0 ] [ 0 ],drive [ 52 ] [ 0 ] [ 1898 1698 1721 ] [   23   35   26 ] [   8546   8127  10925 ] [ 0 ],1.00,1.00,1.00,1.00,-42.07,-18.38,0.00,0.00,0.00,0.00,0.00,-0.00,-0.00,0.00,0.00,0.00,0.00,0.00,0.00,0.00,0.00,0
25.8175,-42,-18,343,0,DRIVE [ 53 ] [ 1 ] [ 1898 1698 1724 ] [    0    0    0 ] [      0      0      0 ] [ 0 ],drive [ 52 ] [ 0 ] [ 1898 1698 1722 ] [   23   35   26 ] [   8546   8127  10925 ] [ 0 ],1.00,1.00,1.00,1.00,-41.94,-18.08,0.00,0.00,0.00,0.00,0.00,-0.00,-0.00,0.00,0.00,0.00,0.00,0.00,0.00,0.00,0.00,0
25.83,-42,-18,342,0,DRIVE [ 53 ] [ 1 ] [ 1898 1698 1726 ] [    0    0    0 ] [      0      0      0 ] [ 0 ],drive [ 53 ] [ 0 ] [ 1898 1698 1724 ] [   23   35   26 ] [   8546   8127  10925 ] [ 0 ],1.00,1.00,1.00,1.00,-41.74,-17.78,0.00,0.00,0.00,0.00,0.00,-0.00,-0.00,0.00,0.00,0.00,0.00,0.00,0.00,0.00,0.00,0
25.8427,-42,-18,342,0,DRIVE [ 54 ] [ 1 ] [ 1898 1698 1726 ] [    0    0    0 ] [      0      0      0 ] [ 0 ],drive [ 53 ] [ 0 ] [ 1898 1698 1726 ] [   23   35   26 ] [   8546   8127  10925 ] [ 0 ],1.00,1.00,1.00,1.00,-41.80,-17.63,0.00,0.00,0.00,0.00,0.00,-0.00,-0.00,0.00,0.00,0.00,0.00,0.00,0.00,0.00,0.00,0
25.8561,-42,-17,342,0,DRIVE [ 54 ] [ 1 ] [ 1898 1697 1727 ] [    0    0    0 ] [      0      0      0 ] [ 0 ],drive [ 54 ] [ 0 ] [ 1898 1698 1726 ] [   23   35   26 ] [   8546   8126  10924 ] [ 0 ],1.00,1.00,1.00,1.00,-41.82,-17.40,0.00,0.00,0.00,0.00,0.00,-0.00,-0.00,0.00,0.00,0.00,0.00,0.00,0.00,0.00,0.00,0
25.8683,-42,-17,341,0,DRIVE [ 55 ] [ 1 ] [ 1898 1696 1728 ] [    0    0    0 ] [      0      0      0 ] [ 0 ],drive [ 54 ] [ 0 ] [ 1898 1697 1727 ] [   23   35   23 ] [   8546   8126  10924 ] [ 0 ],1.00,1.00,1.00,1.00,-41.73,-17.22,0.00,0.00,0.00,0.00,0.00,-0.00,-0.00,0.00,0.00,0.00,0.00,0.00,0.00,0.00,0.00,0
25.8809,-42,-17,340,0,DRIVE [ 55 ] [ 1 ] [ 1898 1696 1728 ] [    0    0    0 ] [      0      0      0 ] [ 0 ],drive [ 55 ] [ 0 ] [ 1898 1696 1728 ] [   23   35   23 ] [   8546   8126  10924 ] [ 0 ],1.00,1.00,1.00,1.00,-41.63,-17.08,0.00,0.00,0.00,0.00,0.00,-0.00,-0.00,0.00,0.00,0.00,0.00,0.00,0.00,0.00,0.00,0
25.8931,-42,-17,339,0,DRIVE [ 56 ] [ 1 ] [ 1898 1695 1728 ] [    0    0    0 ] [      0      0      0 ] [ 0 ],drive [ 55 ] [ 0 ] [ 1898 1696 1728 ] [   23   35   23 ] [   8546   8126  10919 ] [ 0 ],1.00,1.00,1.00,1.00,-41.59,-17.02,0.00,0.00,0.00,0.00,0.00,-0.00,-0.00,0.00,0.00,0.00,0.00,0.00,0.00,0.00,0.00,0
25.906,-42,-17,338,0,DRIVE [ 56 ] [ 1 ] [ 1898 1695 1728 ] [    0    0    0 ] [      0      0      0 ] [ 0 ],drive [ 56 ] [ 0 ] [ 1898 1695 1728 ] [   23   35   23 ] [   8546   8126  10919 ] [ 0 ],1.00,1.00,1.00,1.00,-41.55,-16.97,0.00,0.00,0.00,0.00,0.00,-0.00,-0.00,0.00,0.00,0.00,0.00,0.00,0.00,0.00,0.00,0
25.9181,-42,-17,337,0,DRIVE [ 57 ] [ 1 ] [ 1898 1695 1728 ] [    0    0    0 ] [      0      0      0 ] [ 0 ],drive [ 56 ] [ 0 ] [ 1898 1695 1728 ] [   24   35   20 ] [   8546   8126  10919 ] [ 0 ],1.00,1.00,1.00,1.00,-41.55,-16.97,0.00,0.00,0.00,0.00,0.00,-0.00,-0.00,0.00,0.00,0.00,0.00,0.00,0.00,0.00,0.00,0
25.9309,-42,-17,338,0,DRIVE [ 57 ] [ 1 ] [ 1898 1694 1727 ] [    0    0    0 ] [      0      0      0 ] [ 0 ],drive [ 57 ] [ 0 ] [ 1898 1695 1728 ] [   24   35   20 ] [   8546   8126  10919 ] [ 0 ],1.00,1.00,1.00,1.00,-41.68,-17.07,0.00,0.00,0.00,0.00,0.00,-0.00,-0.00,0.00,0.00,0.00,0.00,0.00,0.00,0.00,0.00,0
25.9441,-42,-17,338,0,DRIVE [ 58 ] [ 1 ] [ 1898 1694 1727 ] [    0    0    0 ] [      0      0      0 ] [ 0 ],drive [ 57 ] [ 0 ] [ 1898 1694 1727 ] [   24   35   20 ] [   8546   8126  10918 ] [ 0 ],1.00,1.00,1.00,1.00,-41.83,-17.16,0.00,0.00,0.00,0.00,0.00,-0.00,-0.00,0.00,0.00,0.00,0.00,0.00,0.00,0.00,0.00,0
25.9563,-42,-17,338,0,DRIVE [ 58 ] [ 1 ] [ 1898 1694 1727 ] [    0    0    0 ] [      0      0      0 ] [ 0 ],drive [ 58 ] [ 0 ] [ 1898 1694 1727 ] [   24   35   20 ] [   8546   8126  10918 ] [ 0 ],1.00,1.00,1.00,1.00,-41.76,-17.14,0.00,0.00,0.00,0.00,0.00,-0.00,-0.00,0.00,0.00,0.00,0.00,0.00,0.00,0.00,0.00,0
25.969,-42,-17,339,0,DRIVE [ 59 ] [ 1 ] [ 1898 1695 1727 ] [    0    0    0 ] [      0      0      0 ] [ 0 ],drive [ 58 ] [ 0 ] [ 1898 1694 1727 ] [   23   35   19 ] [   8546   8126  10918 ] [ 0 ],1.00,1.00,1.00,1.00,-41.78,-17.25,0.00,0.00,0.00,0.00,0.00,-0.00,-0.00,0.00,0.00,0.00,0.00,0.00,0.00,0.00,0.00,0
25.9811,-42,-17,340,0,DRIVE [ 59 ] [ 1 ] [ 1898 1695 1727 ] [    0    0    0 ] [      0      0      0 ] [ 0 ],drive [ 59 ] [ 0 ] [ 1898 1695 1727 ] [   23   35   19 ] [   8546   8126  10918 ] [ 0 ],1.00,1.00,1.00,1.00,-41.79,-17.32,0.00,0.00,0.00,0.00,0.00,-0.00,-0.00,0.00,0.00,0.00,0.00,0.00,0.00,0.00,0.00,0
25.994,-42,-17,339,0,DRIVE [ 60 ] [ 1 ] [ 1898 1696 1727 ] [    0    0    0 ] [      0      0      0 ] [ 0 ],drive [ 59 ] [ 0 ] [ 1898 1695 1727 ] [   23   35   19 ] [   8546   8126  10918 ] [ 0 ],1.00,1.00,1.00,1.00,-41.61,-17.30,0.00,0.00,0.00,0.00,0.00,-0.00,-0.00,0.00,0.00,0.00,0.00,0.00,0.00,0.00,0.00,0
26.0062,-41,-17,339,0,DRIVE [ 60 ] [ 1 ] [ 1898 1697 1727 ] [    0    0    0 ] [      0      0      0 ] [ 0 ],drive [ 60 ] [ 0 ] [ 1898 1696 1727 ] [   23   35   19 ] [   8546   8126  10918 ] [ 0 ],1.00,1.00,1.00,1.00,-41.39,-17.29,0.00,0.00,0.00,0.00,0.00,-0.00,-0.00,0.00,0.00,0.00,0.00,0.00,0.00,0.00,0.00,0
26.0192,-41,-17,339,0,DRIVE [ 61 ] [ 1 ] [ 1898 1698 1728 ] [    0    0    0 ] [      0      0      0 ] [ 0 ],drive [ 60 ] [ 0 ] [ 1898 1697 1727 ] [   23   35   19 ] [   8546   8126  10918 ] [ 0 ],1.00,1.00,1.00,1.00,-41.16,-17.28,0.00,0.00,0.00,0.00,0.00,-0.00,-0.00,0.00,0.00,0.00,0.00,0.00,0.00,0.00,0.00,0
26.0337,-41,-17,338,0,DRIVE [ 61 ] [ 1 ] [ 1898 1701 1728 ] [    0    0    0 ] [      0      0      0 ] [ 0 ],drive [ 61 ] [ 0 ] [ 1898 1698 1728 ] [   23   35   19 ] [   8546   8126  10918 ] [ 0 ],1.00,1.00,1.00,1.00,-40.71,-17.27,0.00,0.00,0.00,0.00,0.00,-0.00,-0.00,0.00,0.00,0.00,0.00,0.00,0.00,0.00,0.00,0
26.0469,-41,-17,340,0,DRIVE [ 62 ] [ 1 ] [ 1898 1703 1729 ] [    0    0    0 ] [      0      0      0 ] [ 0 ],drive [ 61 ] [ 0 ] [ 1898 1701 1728 ] [   23   35   19 ] [   8546   8126  10918 ] [ 0 ],1.00,1.00,1.00,1.00,-40.59,-17.35,0.00,0.00,0.00,0.00,0.00,-0.00,-0.00,0.00,0.00,0.00,0.00,0.00,0.00,0.00,0.00,0
26.0595,-40,-17,340,0,DRIVE [ 62 ] [ 1 ] [ 1898 1704 1730 ] [    0    0    0 ] [      0      0      0 ] [ 0 ],drive [ 62 ] [ 0 ] [ 1898 1703 1729 ] [   24   35   20 ] [   8546   8126  10918 ] [ 0 ],1.00,1.00,1.00,1.00,-40.30,-17.38,0.00,0.00,0.00,0.00,0.00,-0.00,-0.00,0.00,0.00,0.00,0.00,0.00,0.00,0.00,0.00,0
26.0719,-40,-17,340,0,DRIVE [ 63 ] [ 1 ] [ 1898 1706 1730 ] [    0    0    0 ] [      0      0      0 ] [ 0 ],drive [ 62 ] [ 0 ] [ 1898 1704 1730 ] [   24   35   20 ] [   8546   8126  10918 ] [ 0 ],1.00,1.00,1.00,1.00,-40.00,-17.42,0.00,0.00,0.00,0.00,0.00,-0.00,-0.00,0.00,0.00,0.00,0.00,0.00,0.00,0.00,0.00,0
26.0849,-40,-17,340,0,DRIVE [ 63 ] [ 1 ] [ 1898 1708 1731 ] [    0    0    0 ] [      0      0      0 ] [ 0 ],drive [ 63 ] [ 0 ] [ 1898 1706 1730 ] [   24   35   20 ] [   8546   8126  10918 ] [ 0 ],1.00,1.00,1.00,1.00,-39.68,-17.41,0.00,0.00,0.00,0.00,0.00,-0.00,-0.00,0.00,0.00,0.00,0.00,0.00,0.00,0.00,0.00,0
26.0976,-39,-18,341,0,DRIVE [ 64 ] [ 1 ] [ 1898 1710 1731 ] [    0    0    0 ] [      0      0      0 ] [ 0 ],drive [ 63 ] [ 0 ] [ 1898 1708 1731 ] [   24   35   20 ] [   8546   8126  10918 ] [ 0 ],1.00,1.00,1.00,1.00,-39.40,-17.54,0.00,0.00,0.00,0.00,0.00,-0.00,-0.00,0.00,0.00,0.00,0.00,0.00,0.00,0.00,0.00,0
26.1103,-39,-18,341,0,DRIVE [ 64 ] [ 1 ] [ 1898 1712 1731 ] [    0    0    0 ] [      0      0      0 ] [ 0 ],drive [ 64 ] [ 0 ] [ 1898 1710 1731 ] [   23   34   20 ] [   8546   8126  10918 ] [ 0 ],1.00,1.00,1.00,1.00,-39.02,-17.61,0.00,0.00,0.00,0.00,0.00,-0.00,-0.00,0.00,0.00,0.00,0.00,0.00,0.00,0.00,0.00,0
26.1238,-39,-18,341,0,DRIVE [ 65 ] [ 1 ] [ 1898 1714 1731 ] [    0    0    0 ] [      0      0      0 ] [ 0 ],drive [ 64 ] [ 0 ] [ 1898 1712 1731 ] [   23   34   20 ] [   8546   8126  10918 ] [ 0 ],1.00,1.00,1.00,1.00,-38.76,-17.78,0.00,0.00,0.00,0.00,0.00,-0.00,-0.00,0.00,0.00,0.00,0.00,0.00,0.00,0.00,0.00,0
26.136,-39,-18,341,0,DRIVE [ 65 ] [ 1 ] [ 1898 1716 1731 ] [    0    0    0 ] [      0      0      0 ] [ 0 ],drive [ 65 ] [ 0 ] [ 1898 1714 1731 ] [   23   34   20 ] [   8546   8126  10918 ] [ 0 ],1.00,1.00,1.00,1.00,-38.52,-17.91,0.00,0.00,0.00,0.00,0.00,-0.00,-0.00,0.00,0.00,0.00,0.00,0.00,0.00,0.00,0.00,0
26.1487,-38,-18,341,0,DRIVE [ 66 ] [ 1 ] [ 1898 1717 1731 ] [    0    0    0 ] [      0      0      0 ] [ 0 ],drive [ 65 ] [ 0 ] [ 1898 1716 1731 ] [   23   34   20 ] [   8546   8125  10918 ] [ 0 ],1.00,1.00,1.00,1.00,-38.35,-18.04,0.00,0.00,0.00,0.00,0.00,-0.00,-0.00,0.00,0.00,0.00,0.00,0.00,0.00,0.00,0.00,0
26.1613,-38,-18,340,0,DRIVE [ 66 ] [ 1 ] [ 1898 1719 1730 ] [    0    0    0 ] [      0      0      0 ] [ 0 ],drive [ 66 ] [ 0 ] [ 1898 1717 1731 ] [   23   34   19 ] [   8546   8125  10918 ] [ 0 ],1.00,1.00,1.00,1.00,-38.07,-18.16,0.00,0.00,0.00,0.00,0.00,-0.00,-0.00,0.00,0.00,0.00,0.00,0.00,0.00,0.00,0.00,0
26.1739,-38,-18,340,0,DRIVE [ 67 ] [ 1 ] [ 1898 1720 1730 ] [    0    0    0 ] [      0      0      0 ] [ 0 ],drive [ 66 ] [ 0 ] [ 1898 1719 1730 ] [   23   34   19 ] [   8546   8125  10918 ] [ 0 ],1.00,1.00,1.00,1.00,-37.85,-18.27,0.00,0.00,0.00,0.00,0.00,-0.00,-0.00,0.00,0.00,0.00,0.00,0.00,0.00,0.00,0.00,0
26.1859,-38,-18,339,0,DRIVE [ 67 ] [ 1 ] [ 1898 1720 1729 ] [    0    0    0 ] [      0      0      0 ] [ 0 ],drive [ 67 ] [ 0 ] [ 1898 1720 1730 ] [   23   34   19 ] [   8546   8125  10918 ] [ 0 ],1.00,1.00,1.00,1.00,-37.76,-18.34,0.00,0.00,0.00,0.00,0.00,-0.00,-0.00,0.00,0.00,0.00,0.00,0.00,0.00,0.00,0.00,0
26.1987,-38,-18,339,0,DRIVE [ 68 ] [ 1 ] [ 1898 1720 1729 ] [    0    0    0 ] [      0      0      0 ] [ 0 ],drive [ 67 ] [ 0 ] [ 1898 1720 1729 ] [   23   34   19 ] [   8546   8123  10918 ] [ 0 ],1.00,1.00,1.00,1.00,-37.68,-18.37,0.00,0.00,0.00,0.00,0.00,-0.00,-0.00,0.00,0.00,0.00,0.00,0.00,0.00,0.00,0.00,0
26.2113,-38,-18,339,0,DRIVE [ 68 ] [ 1 ] [ 1898 1720 1729 ] [    0    0    0 ] [      0      0      0 ] [ 0 ],drive [ 68 ] [ 0 ] [ 1898 1720 1729 ] [   22   35   19 ] [   8546   8123  10918 ] [ 0 ],1.00,1.00,1.00,1.00,-37.75,-18.43,0.00,0.00,0.00,0.00,0.00,-0.00,-0.00,0.00,0.00,0.00,0.00,0.00,0.00,0.00,0.00,0
26.2244,-38,-18,339,0,DRIVE [ 69 ] [ 1 ] [ 1898 1720 1729 ] [    0    0    0 ] [      0      0      0 ] [ 0 ],drive [ 68 ] [ 0 ] [ 1898 1720 1729 ] [   22   35   19 ] [   8546   8123  10918 ] [ 0 ],1.00,1.00,1.00,1.00,-37.80,-18.39,0.00,0.00,0.00,0.00,0.00,-0.00,-0.00,0.00,0.00,0.00,0.00,0.00,0.00,0.00,0.00,0
26.2368,-38,-18,339,0,DRIVE [ 69 ] [ 1 ] [ 1898 1719 1729 ] [    0    0    0 ] [      0      0      0 ] [ 0 ],drive [ 69 ] [ 0 ] [ 1898 1720 1729 ] [   22   35   19 ] [   8546   8123  10918 ] [ 0 ],1.00,1.00,1.00,1.00,-37.84,-18.32,0.00,0.00,0.00,0.00,0.00,-0.00,-0.00,0.00,0.00,0.00,0.00,0.00,0.00,0.00,0.00,0
26.2497,-38,-18,340,0,DRIVE [ 70 ] [ 1 ] [ 1898 1719 1729 ] [    0    0    0 ] [      0      0      0 ] [ 0 ],drive [ 69 ] [ 0 ] [ 1898 1719 1729 ] [   22   35   19 ] [   8546   8112  10918 ] [ 0 ],1.00,1.00,1.00,1.00,-38.00,-18.33,0.00,0.00,0.00,0.00,0.00,-0.00,-0.00,0.00,0.00,0.00,0.00,0.00,0.00,0.00,0.00,0
26.2623,-38,-18,341,0,DRIVE [ 70 ] [ 1 ] [ 1898 1719 1729 ] [    0    0    0 ] [      0      0      0 ] [ 0 ],drive [ 70 ] [ 0 ] [ 1898 1719 1729 ] [   23   40   19 ] [   8546   8112  10918 ] [ 0 ],1.00,1.00,1.00,1.00,-38.17,-18.36,0.00,0.00,0.00,0.00,0.00,-0.00,-0.00,0.00,0.00,0.00,0.00,0.00,0.00,0.00,0.00,0
26.2745,-38,-18,341,0,DRIVE [ 71 ] [ 1 ] [ 1898 1718 1729 ] [    0    0    0 ] [      0      0      0 ] [ 0 ],drive [ 70 ] [ 0 ] [ 1898 1719 1729 ] [   23   40   19 ] [   8546   8112  10918 ] [ 0 ],1.00,1.00,1.00,1.00,-38.23,-18.33,0.00,0.00,0.00,0.00,0.00,-0.00,-0.00,0.00,0.00,0.00,0.00,0.00,0.00,0.00,0.00,0
26.2872,-38,-18,340,0,DRIVE [ 71 ] [ 1 ] [ 1898 1718 1729 ] [    0    0    0 ] [      0      0      0 ] [ 0 ],drive [ 71 ] [ 0 ] [ 1898 1718 1729 ] [   23   40   19 ] [   8546   8112  10918 ] [ 0 ],1.00,1.00,1.00,1.00,-38.22,-18.25,0.00,0.00,0.00,0.00,0.00,-0.00,-0.00,0.00,0.00,0.00,0.00,0.00,0.00,0.00,0.00,0
26.3,-38,-18,340,0,DRIVE [ 72 ] [ 1 ] [ 1898 1717 1729 ] [    0    0    0 ] [      0      0      0 ] [ 0 ],drive [ 71 ] [ 0 ] [ 1898 1718 1729 ] [   23   40   19 ] [   8546   8084  10918 ] [ 0 ],1.00,1.00,1.00,1.00,-38.32,-18.19,0.00,0.00,0.00,0.00,0.00,-0.00,-0.00,0.00,0.00,0.00,0.00,0.00,0.00,0.00,0.00,0
26.3125,-39,-18,340,0,DRIVE [ 72 ] [ 1 ] [ 1898 1716 1729 ] [    0    0    0 ] [      0      0      0 ] [ 0 ],drive [ 72 ] [ 0 ] [ 1898 1717 1729 ] [   23   37   20 ] [   8546   8084  10918 ] [ 0 ],1.00,1.00,1.00,1.00,-38.56,-18.22,0.00,0.00,0.00,0.00,0.00,-0.00,-0.00,0.00,0.00,0.00,0.00,0.00,0.00,0.00,0.00,0
26.3251,-39,-18,341,0,DRIVE [ 73 ] [ 1 ] [ 1898 1715 1728 ] [    0    0    0 ] [      0      0      0 ] [ 0 ],drive [ 72 ] [ 0 ] [ 1898 1716 1729 ] [   23   37   20 ] [   8546   8084  10918 ] [ 0 ],1.00,1.00,1.00,1.00,-38.86,-18.34,0.00,0.00,0.00,0.00,0.00,-0.00,-0.00,0.00,0.00,0.00,0.00,0.00,0.00,0.00,0.00,0
26.3373,-39,-18,340,0,DRIVE [ 73 ] [ 1 ] [ 1898 1714 1728 ] [    0    0    0 ] [      0      0      0 ] [ 0 ],drive [ 73 ] [ 0 ] [ 1898 1715 1728 ] [   23   37   20 ] [   8546   8084  10918 ] [ 0 ],1.00,1.00,1.00,1.00,-38.79,-18.29,0.00,0.00,0.00,0.00,0.00,-0.00,-0.00,0.00,0.00,0.00,0.00,0.00,0.00,0.00,0.00,0
26.3499,-39,-18,340,0,DRIVE [ 74 ] [ 1 ] [ 1898 1714 1727 ] [    0    0    0 ] [      0      0      0 ] [ 0 ],drive [ 73 ] [ 0 ] [ 1898 1714 1728 ] [   23   37   20 ] [   8546   8083  10918 ] [ 0 ],1.00,1.00,1.00,1.00,-38.80,-18.36,0.00,0.00,0.00,0.00,0.00,-0.00,-0.00,0.00,0.00,0.00,0.00,0.00,0.00,0.00,0.00,0
26.3626,-39,-19,340,0,DRIVE [ 74 ] [ 1 ] [ 1898 1715 1727 ] [    0    0    0 ] [      0      0      0 ] [ 0 ],drive [ 74 ] [ 0 ] [ 1898 1714 1727 ] [   23   36   19 ] [   8546   8083  10918 ] [ 0 ],1.00,1.00,1.00,1.00,-38.84,-18.55,0.00,0.00,0.00,0.00,0.00,-0.00,-0.00,0.00,0.00,0.00,0.00,0.00,0.00,0.00,0.00,0
26.3751,-39,-19,341,0,DRIVE [ 75 ] [ 1 ] [ 1898 1715 1725 ] [    0    0    0 ] [      0      0      0 ] [ 0 ],drive [ 74 ] [ 0 ] [ 1898 1715 1727 ] [   23   36   19 ] [   8546   8083  10918 ] [ 0 ],1.00,1.00,1.00,1.00,-38.96,-18.86,0.00,0.00,0.00,0.00,0.00,-0.00,-0.00,0.00,0.00,0.00,0.00,0.00,0.00,0.00,0.00,0
26.3875,-39,-19,340,0,DRIVE [ 75 ] [ 1 ] [ 1898 1715 1724 ] [    0    0    0 ] [      0      0      0 ] [ 0 ],drive [ 75 ] [ 0 ] [ 1898 1715 1725 ] [   23   36   19 ] [   8546   8083  10918 ] [ 0 ],1.00,1.00,1.00,1.00,-38.88,-18.97,0.00,0.00,0.00,0.00,0.00,-0.00,-0.00,0.00,0.00,0.00,0.00,0.00,0.00,0.00,0.00,0
26.4007,-39,-19,340,0,DRIVE [ 76 ] [ 1 ] [ 1898 1716 1723 ] [    0    0    0 ] [      0      0      0 ] [ 0 ],drive [ 75 ] [ 0 ] [ 1898 1715 1724 ] [   23   36   19 ] [   8546   8083  10918 ] [ 0 ],1.00,1.00,1.00,1.00,-38.86,-19.16,0.00,0.00,0.00,0.00,0.00,-0.00,-0.00,0.00,0.00,0.00,0.00,0.00,0.00,0.00,0.00,0
26.4128,-39,-19,339,0,DRIVE [ 76 ] [ 1 ] [ 1898 1716 1723 ] [    0    0    0 ] [      0      0      0 ] [ 0 ],drive [ 76 ] [ 0 ] [ 1898 1716 1723 ] [   23   37   20 ] [   8546   8083  10918 ] [ 0 ],1.00,1.00,1.00,1.00,-38.70,-19.17,0.00,0.00,0.00,0.00,0.00,-0.00,-0.00,0.00,0.00,0.00,0.00,0.00,0.00,0.00,0.00,0
26.4255,-39,-19,339,0,DRIVE [ 77 ] [ 1 ] [ 1898 1716 1722 ] [    0    0    0 ] [      0      0      0 ] [ 0 ],drive [ 76 ] [ 0 ] [ 1898 1716 1723 ] [   23   37   20 ] [   8546   8083  10918 ] [ 0 ],1.00,1.00,1.00,1.00,-38.66,-19.27,0.00,0.00,0.00,0.00,0.00,-0.00,-0.00,0.00,0.00,0.00,0.00,0.00,0.00,0.00,0.00,0
26.4376,-39,-19,340,0,DRIVE [ 77 ] [ 1 ] [ 1898 1717 1722 ] [    0    0    0 ] [      0      0      0 ] [ 0 ],drive [ 77 ] [ 0 ] [ 1898 1716 1722 ] [   23   37   20 ] [   8546   8083  10918 ] [ 0 ],1.00,1.00,1.00,1.00,-38.66,-19.36,0.00,0.00,0.00,0.00,0.00,-0.00,-0.00,0.00,0.00,0.00,0.00,0.00,0.00,0.00,0.00,0
26.4504,-39,-19,340,0,DRIVE [ 78 ] [ 1 ] [ 1898 1718 1723 ] [    0    0    0 ] [      0      0      0 ] [ 0 ],drive [ 77 ] [ 0 ] [ 1898 1717 1722 ] [   23   37   20 ] [   8546   8083  10918 ] [ 0 ],1.00,1.00,1.00,1.00,-38.56,-19.41,0.00,0.00,0.00,0.00,0.00,-0.00,-0.00,0.00,0.00,0.00,0.00,0.00,0.00,0.00,0.00,0
26.4631,-38,-19,341,0,DRIVE [ 78 ] [ 1 ] [ 1898 1719 1724 ] [    0    0    0 ] [      0      0      0 ] [ 0 ],drive [ 78 ] [ 0 ] [ 1898 1718 1723 ] [   23   35   20 ] [   8546   8083  10918 ] [ 0 ],1.00,1.00,1.00,1.00,-38.43,-19.35,0.00,0.00,0.00,0.00,0.00,-0.00,-0.00,0.00,0.00,0.00,0.00,0.00,0.00,0.00,0.00,0
26.4753,-38,-19,341,0,DRIVE [ 79 ] [ 1 ] [ 1898 1719 1725 ] [    0    0    0 ] [      0      0      0 ] [ 0 ],drive [ 78 ] [ 0 ] [ 1898 1719 1724 ] [   23   35   20 ] [   8546   8083  10918 ] [ 0 ],1.00,1.00,1.00,1.00,-38.25,-19.18,0.00,0.00,0.00,0.00,0.00,-0.00,-0.00,0.00,0.00,0.00,0.00,0.00,0.00,0.00,0.00,0
26.4879,-38,-19,340,0,DRIVE [ 79 ] [ 1 ] [ 1898 1720 1725 ] [    0    0    0 ] [      0      0      0 ] [ 0 ],drive [ 79 ] [ 0 ] [ 1898 1719 1725 ] [   23   35   20 ] [   8546   8083  10918 ] [ 0 ],1.00,1.00,1.00,1.00,-37.99,-19.09,0.00,0.00,0.00,0.00,0.00,-0.00,-0.00,0.00,0.00,0.00,0.00,0.00,0.00,0.00,0.00,0
26.5007,-38,-19,340,0,DRIVE [ 80 ] [ 1 ] [ 1898 1721 1726 ] [    0    0    0 ] [      0      0      0 ] [ 0 ],drive [ 79 ] [ 0 ] [ 1898 1720 1725 ] [   23   35   20 ] [   8546   8083  10918 ] [ 0 ],1.00,1.00,1.00,1.00,-37.82,-18.97,0.00,0.00,0.00,0.00,0.00,-0.00,-0.00,0.00,0.00,0.00,0.00,0.00,0.00,0.00,0.00,0
26.5135,-38,-19,340,0,DRIVE [ 80 ] [ 1 ] [ 1898 1721 1728 ] [    0    0    0 ] [      0      0      0 ] [ 0 ],drive [ 80 ] [ 0 ] [ 1898 1721 1726 ] [   23   35   20 ] [   8546   8083  10918 ] [ 0 ],1.00,1.00,1.00,1.00,-37.70,-18.76,0.00,0.00,0.00,0.00,0.00,-0.00,-0.00,0.00,0.00,0.00,0.00,0.00,0.00,0.00,0.00,0
26.5261,-38,-19,339,0,DRIVE [ 81 ] [ 1 ] [ 1898 1721 1729 ] [    0    0    0 ] [      0      0      0 ] [ 0 ],drive [ 80 ] [ 0 ] [ 1898 1721 1728 ] [   23   35   20 ] [   8546   8083  10918 ] [ 0 ],1.00,1.00,1.00,1.00,-37.55,-18.56,0.00,0.00,0.00,0.00,0.00,-0.00,-0.00,0.00,0.00,0.00,0.00,0.00,0.00,0.00,0.00,0
26.5386,-37,-18,340,0,DRIVE [ 81 ] [ 1 ] [ 1898 1722 1729 ] [    0    0    0 ] [      0      0      0 ] [ 0 ],drive [ 81 ] [ 0 ] [ 1898 1721 1729 ] [   23   35   20 ] [   8546   8083  10918 ] [ 0 ],1.00,1.00,1.00,1.00,-37.50,-18.46,0.00,0.00,0.00,0.00,0.00,-0.00,-0.00,0.00,0.00,0.00,0.00,0.00,0.00,0.00,0.00,0
26.5514,-37,-18,340,0,DRIVE [ 82 ] [ 1 ] [ 1898 1722 1731 ] [    0    0    0 ] [      0      0      0 ] [ 0 ],drive [ 81 ] [ 0 ] [ 1898 1722 1729 ] [   23   35   20 ] [   8546   8083  10918 ] [ 0 ],1.00,1.00,1.00,1.00,-37.44,-18.21,0.00,0.00,0.00,0.00,0.00,-0.00,-0.00,0.00,0.00,0.00,0.00,0.00,0.00,0.00,0.00,0
26.5643,-37,-18,340,0,DRIVE [ 82 ] [ 1 ] [ 1898 1722 1732 ] [    0    0    0 ] [      0      0      0 ] [ 0 ],drive [ 82 ] [ 0 ] [ 1898 1722 1731 ] [   23   35   19 ] [   8546   8083  10918 ] [ 0 ],1.00,1.00,1.00,1.00,-37.38,-18.03,0.00,0.00,0.00,0.00,0.00,-0.00,-0.00,0.00,0.00,0.00,0.00,0.00,0.00,0.00,0.00,0
26.5773,-37,-18,340,0,DRIVE [ 83 ] [ 1 ] [ 1898 1722 1733 ] [    0    0    0 ] [      0      0      0 ] [ 0 ],drive [ 82 ] [ 0 ] [ 1898 1722 1732 ] [   23   35   19 ] [   8546   8083  10918 ] [ 0 ],1.00,1.00,1.00,1.00,-37.30,-17.83,0.00,0.00,0.00,0.00,0.00,-0.00,-0.00,0.00,0.00,0.00,0.00,0.00,0.00,0.00,0.00,0
26.5901,-37,-18,340,0,DRIVE [ 83 ] [ 1 ] [ 1898 1722 1734 ] [    0    0    0 ] [      0      0      0 ] [ 0 ],drive [ 83 ] [ 0 ] [ 1898 1722 1733 ] [   23   35   19 ] [   8546   8083  10918 ] [ 0 ],1.00,1.00,1.00,1.00,-37.27,-17.67,0.00,0.00,0.00,0.00,0.00,-0.00,-0.00,0.00,0.00,0.00,0.00,0.00,0.00,0.00,0.00,0
26.604,-37,-18,340,0,DRIVE [ 84 ] [ 1 ] [ 1898 1722 1735 ] [    0    0    0 ] [      0      0      0 ] [ 0 ],drive [ 83 ] [ 0 ] [ 1898 1722 1734 ] [   23   35   19 ] [   8546   8083  10918 ] [ 0 ],1.00,1.00,1.00,1.00,-37.35,-17.50,0.00,0.00,0.00,0.00,0.00,-0.00,-0.00,0.00,0.00,0.00,0.00,0.00,0.00,0.00,0.00,0
26.6172,-37,-17,341,0,DRIVE [ 84 ] [ 1 ] [ 1898 1721 1736 ] [    0    0    0 ] [      0      0      0 ] [ 0 ],drive [ 84 ] [ 0 ] [ 1898 1722 1735 ] [   23   36   19 ] [   8546   8083  10918 ] [ 0 ],1.00,1.00,1.00,1.00,-37.37,-17.35,0.00,0.00,0.00,0.00,0.00,-0.00,-0.00,0.00,0.00,0.00,0.00,0.00,0.00,0.00,0.00,0
26.6307,-37,-17,341,0,DRIVE [ 85 ] [ 1 ] [ 1898 1722 1737 ] [    0    0    0 ] [      0      0      0 ] [ 0 ],drive [ 84 ] [ 0 ] [ 1898 1721 1736 ] [   23   36   19 ] [   8546   8083  10918 ] [ 0 ],1.00,1.00,1.00,1.00,-37.26,-17.27,0.00,0.00,0.00,0.00,0.00,-0.00,-0.00,0.00,0.00,0.00,0.00,0.00,0.00,0.00,0.00,0
26.6458,-37,-17,341,0,DRIVE [ 85 ] [ 1 ] [ 1898 1722 1737 ] [    0    0    0 ] [      0      0      0 ] [ 0 ],drive [ 85 ] [ 0 ] [ 1898 1722 1737 ] [   23   36   19 ] [   8546   8083  10918 ] [ 0 ],1.00,1.00,1.00,1.00,-37.22,-17.20,0.00,0.00,0.00,0.00,0.00,-0.00,-0.00,0.00,0.00,0.00,0.00,0.00,0.00,0.00,0.00,0
26.6586,-37,-17,340,0,DRIVE [ 86 ] [ 1 ] [ 1898 1722 1738 ] [    0    0    0 ] [      0      0      0 ] [ 0 ],drive [ 85 ] [ 0 ] [ 1898 1722 1737 ] [   24   35   18 ] [   8546   8083  10918 ] [ 0 ],1.00,1.00,1.00,1.00,-37.04,-17.10,0.00,0.00,0.00,0.00,0.00,-0.00,-0.00,0.00,0.00,0.00,0.00,0.00,0.00,0.00,0.00,0
26.6712,-37,-17,340,0,DRIVE [ 86 ] [ 1 ] [ 1898 1723 1738 ] [    0    0    0 ] [      0      0      0 ] [ 0 ],drive [ 86 ] [ 0 ] [ 1898 1722 1738 ] [   24   35   18 ] [   8546   8083  10918 ] [ 0 ],1.00,1.00,1.00,1.00,-36.96,-17.08,0.00,0.00,0.00,0.00,0.00,-0.00,-0.00,0.00,0.00,0.00,0.00,0.00,0.00,0.00,0.00,0
26.684,-37,-17,340,0,DRIVE [ 87 ] [ 1 ] [ 1898 1723 1738 ] [    0    0    0 ] [      0      0      0 ] [ 0 ],drive [ 86 ] [ 0 ] [ 1898 1723 1738 ] [   24   35   18 ] [   8546   8083  10918 ] [ 0 ],1.00,1.00,1.00,1.00,-36.86,-17.08,0.00,0.00,0.00,0.00,0.00,-0.00,-0.00,0.00,0.00,0.00,0.00,0.00,0.00,0.00,0.00,0
26.6967,-37,-17,339,0,DRIVE [ 87 ] [ 1 ] [ 1898 1724 1739 ] [    0    0    0 ] [      0      0      0 ] [ 0 ],drive [ 87 ] [ 0 ] [ 1898 1723 1738 ] [   24   35   18 ] [   8546   8083  10918 ] [ 0 ],1.00,1.00,1.00,1.00,-36.65,-16.99,0.00,0.00,0.00,0.00,0.00,-0.00,-0.00,0.00,0.00,0.00,0.00,0.00,0.00,0.00,0.00,0
26.7095,-36,-17,339,0,DRIVE [ 88 ] [ 1 ] [ 1898 1725 1739 ] [    0    0    0 ] [      0      0      0 ] [ 0 ],drive [ 87 ] [ 0 ] [ 1898 1724 1739 ] [   23   36   18 ] [   8546   8083  10918 ] [ 0 ],1.00,1.00,1.00,1.00,-36.48,-16.94,0.00,0.00,0.00,0.00,0.00,-0.00,-0.00,0.00,0.00,0.00,0.00,0.00,0.00,0.00,0.00,0
26.7231,-36,-17,338,0,DRIVE [ 88 ] [ 1 ] [ 1898 1726 1739 ] [    0    0    0 ] [      0      0      0 ] [ 0 ],drive [ 88 ] [ 0 ] [ 1898 1725 1739 ] [   23   36   18 ] [   8546   8083  10918 ] [ 0 ],1.00,1.00,1.00,1.00,-36.28,-17.00,0.00,0.00,0.00,0.00,0.00,-0.00,-0.00,0.00,0.00,0.00,0.00,0.00,0.00,0.00,0.00,0
26.7357,-36,-17,338,0,DRIVE [ 89 ] [ 1 ] [ 1898 1727 1739 ] [    0    0    0 ] [      0      0      0 ] [ 0 ],drive [ 88 ] [ 0 ] [ 1898 1726 1739 ] [   23   36   18 ] [   8546   8083  10918 ] [ 0 ],1.00,1.00,1.00,1.00,-36.00,-17.09,0.00,0.00,0.00,0.00,0.00,-0.00,-0.00,0.00,0.00,0.00,0.00,0.00,0.00,0.00,0.00,0
26.7486,-36,-17,337,0,DRIVE [ 89 ] [ 1 ] [ 1898 1728 1738 ] [    0    0    0 ] [      0      0      0 ] [ 0 ],drive [ 89 ] [ 0 ] [ 1898 1727 1739 ] [   23   36   18 ] [   8546   8083  10918 ] [ 0 ],1.00,1.00,1.00,1.00,-35.79,-17.15,0.00,0.00,0.00,0.00,0.00,-0.00,-0.00,0.00,0.00,0.00,0.00,0.00,0.00,0.00,0.00,0
26.7609,-36,-17,337,0,DRIVE [ 90 ] [ 1 ] [ 1898 1729 1738 ] [    0    0    0 ] [      0      0      0 ] [ 0 ],drive [ 89 ] [ 0 ] [ 1898 1728 1738 ] [   23   35   18 ] [   8546   8083  10918 ] [ 0 ],1.00,1.00,1.00,1.00,-35.67,-17.21,0.00,0.00,0.00,0.00,0.00,-0.00,-0.00,0.00,0.00,0.00,0.00,0.00,0.00,0.00,0.00,0
26.7735,-36,-17,337,0,DRIVE [ 90 ] [ 1 ] [ 1898 1729 1738 ] [    0    0    0 ] [      0      0      0 ] [ 0 ],drive [ 90 ] [ 0 ] [ 1898 1729 1738 ] [   23   35   18 ] [   8546   8083  10918 ] [ 0 ],1.00,1.00,1.00,1.00,-35.57,-17.30,0.00,0.00,0.00,0.00,0.00,-0.00,-0.00,0.00,0.00,0.00,0.00,0.00,0.00,0.00,0.00,0
26.7859,-36,-17,337,0,DRIVE [ 91 ] [ 1 ] [ 1898 1730 1738 ] [    0    0    0 ] [      0      0      0 ] [ 0 ],drive [ 90 ] [ 0 ] [ 1898 1729 1738 ] [   23   35   18 ] [   8546   8083  10918 ] [ 0 ],1.00,1.00,1.00,1.00,-35.56,-17.42,0.00,0.00,0.00,0.00,0.00,-0.00,-0.00,0.00,0.00,0.00,0.00,0.00,0.00,0.00,0.00,0
26.7987,-35,-18,337,0,DRIVE [ 91 ] [ 1 ] [ 1898 1730 1737 ] [    0    0    0 ] [      0      0      0 ] [ 0 ],drive [ 91 ] [ 0 ] [ 1898 1730 1738 ] [   23   35   18 ] [   8546   8083  10918 ] [ 0 ],1.00,1.00,1.00,1.00,-35.47,-17.53,0.00,0.00,0.00,0.00,0.00,-0.00,-0.00,0.00,0.00,0.00,0.00,0.00,0.00,0.00,0.00,0
26.8115,-35,-18,337,0,DRIVE [ 92 ] [ 1 ] [ 1898 1731 1736 ] [    0    0    0 ] [      0      0      0 ] [ 0 ],drive [ 91 ] [ 0 ] [ 1898 1730 1737 ] [   23   35   18 ] [   8546   8083  10918 ] [ 0 ],1.00,1.00,1.00,1.00,-35.40,-17.70,0.00,0.00,0.00,0.00,0.00,-0.00,-0.00,0.00,0.00,0.00,0.00,0.00,0.00,0.00,0.00,0
26.8296,-35,-18,337,0,DRIVE [ 92 ] [ 1 ] [ 1898 1731 1736 ] [    0    0    0 ] [      0      0      0 ] [ 0 ],drive [ 92 ] [ 0 ] [ 1898 1731 1736 ] [   23   35   18 ] [   8546   8083  10918 ] [ 0 ],1.00,1.00,1.00,1.00,-35.39,-17.85,0.00,0.00,0.00,0.00,0.00,-0.00,-0.00,0.00,0.00,0.00,0.00,0.00,0.00,0.00,0.00,0
26.8423,-36,-18,338,0,DRIVE [ 93 ] [ 1 ] [ 1898 1731 1735 ] [    0    0    0 ] [      0      0      0 ] [ 0 ],drive [ 92 ] [ 0 ] [ 1898 1731 1736 ] [   23   35   18 ] [   8546   8083  10918 ] [ 0 ],1.00,1.00,1.00,1.00,-35.53,-18.01,0.00,0.00,0.00,0.00,0.00,-0.00,-0.00,0.00,0.00,0.00,0.00,0.00,0.00,0.00,0.00,0
26.8547,-36,-18,338,0,DRIVE [ 93 ] [ 1 ] [ 1898 1731 1734 ] [    0    0    0 ] [      0      0      0 ] [ 0 ],drive [ 93 ] [ 0 ] [ 1898 1731 1735 ] [   23   35   18 ] [   8546   8083  10918 ] [ 0 ],1.00,1.00,1.00,1.00,-35.62,-18.15,0.00,0.00,0.00,0.00,0.00,-0.00,-0.00,0.00,0.00,0.00,0.00,0.00,0.00,0.00,0.00,0
26.8674,-36,-18,339,0,DRIVE [ 94 ] [ 1 ] [ 1898 1731 1734 ] [    0    0    0 ] [      0      0      0 ] [ 0 ],drive [ 93 ] [ 0 ] [ 1898 1731 1734 ] [   23   36   18 ] [   8546   8083  10918 ] [ 0 ],1.00,1.00,1.00,1.00,-35.76,-18.21,0.00,0.00,0.00,0.00,0.00,-0.00,-0.00,0.00,0.00,0.00,0.00,0.00,0.00,0.00,0.00,0
26.8804,-36,-18,339,0,DRIVE [ 94 ] [ 1 ] [ 1898 1730 1733 ] [    0    0    0 ] [      0      0      0 ] [ 0 ],drive [ 94 ] [ 0 ] [ 1898 1731 1734 ] [   23   36   18 ] [   8546   8083  10918 ] [ 0 ],1.00,1.00,1.00,1.00,-35.92,-18.30,0.00,0.00,0.00,0.00,0.00,-0.00,-0.00,0.00,0.00,0.00,0.00,0.00,0.00,0.00,0.00,0
26.8934,-36,-18,340,0,DRIVE [ 95 ] [ 1 ] [ 1898 1730 1733 ] [    0    0    0 ] [      0      0      0 ] [ 0 ],drive [ 94 ] [ 0 ] [ 1898 1730 1733 ] [   23   36   18 ] [   8546   8083  10918 ] [ 0 ],1.00,1.00,1.00,1.00,-36.06,-18.31,0.00,0.00,0.00,0.00,0.00,-0.00,-0.00,0.00,0.00,0.00,0.00,0.00,0.00,0.00,0.00,0
26.9064,-36,-18,339,0,DRIVE [ 95 ] [ 1 ] [ 1898 1729 1733 ] [    0    0    0 ] [      0      0      0 ] [ 0 ],drive [ 95 ] [ 0 ] [ 1898 1730 1733 ] [   23   36   18 ] [   8546   8083  10918 ] [ 0 ],1.00,1.00,1.00,1.00,-36.05,-18.26,0.00,0.00,0.00,0.00,0.00,-0.00,-0.00,0.00,0.00,0.00,0.00,0.00,0.00,0.00,0.00,0
26.9193,-36,-18,338,0,DRIVE [ 96 ] [ 1 ] [ 1898 1729 1733 ] [    0    0    0 ] [      0      0      0 ] [ 0 ],drive [ 95 ] [ 0 ] [ 1898 1729 1733 ] [   23   35   19 ] [   8546   8083  10918 ] [ 0 ],1.00,1.00,1.00,1.00,-36.03,-18.18,0.00,0.00,0.00,0.00,0.00,-0.00,-0.00,0.00,0.00,0.00,0.00,0.00,0.00,0.00,0.00,0
26.9322,-36,-18,338,0,DRIVE [ 96 ] [ 1 ] [ 1898 1729 1733 ] [    0    0    0 ] [      0      0      0 ] [ 0 ],drive [ 96 ] [ 0 ] [ 1898 1729 1733 ] [   23   35   19 ] [   8546   8083  10918 ] [ 0 ],1.00,1.00,1.00,1.00,-36.07,-18.21,0.00,0.00,0.00,0.00,0.00,-0.00,-0.00,0.00,0.00,0.00,0.00,0.00,0.00,0.00,0.00,0
26.9447,-36,-18,337,0,DRIVE [ 97 ] [ 1 ] [ 1898 1728 1732 ] [    0    0    0 ] [      0      0      0 ] [ 0 ],drive [ 96 ] [ 0 ] [ 1898 1729 1733 ] [   23   35   19 ] [   8546   8083  10918 ] [ 0 ],1.00,1.00,1.00,1.00,-36.14,-18.23,0.00,0.00,0.00,0.00,0.00,-0.00,-0.00,0.00,0.00,0.00,0.00,0.00,0.00,0.00,0.00,0
26.958,-36,-18,339,0,DRIVE [ 97 ] [ 1 ] [ 1898 1727 1732 ] [    0    0    0 ] [      0      0      0 ] [ 0 ],drive [ 97 ] [ 0 ] [ 1898 1728 1732 ] [   23   35   19 ] [   8546   8083  10918 ] [ 0 ],1.00,1.00,1.00,1.00,-36.43,-18.34,0.00,0.00,0.00,0.00,0.00,-0.00,-0.00,0.00,0.00,0.00,0.00,0.00,0.00,0.00,0.00,0
26.9712,-36,-18,339,0,DRIVE [ 98 ] [ 1 ] [ 1898 1727 1731 ] [    0    0    0 ] [      0      0      0 ] [ 0 ],drive [ 97 ] [ 0 ] [ 1898 1727 1732 ] [   23   35   19 ] [   8546   8083  10918 ] [ 0 ],1.00,1.00,1.00,1.00,-36.44,-18.38,0.00,0.00,0.00,0.00,0.00,-0.00,-0.00,0.00,0.00,0.00,0.00,0.00,0.00,0.00,0.00,0
26.9841,-36,-18,337,0,DRIVE [ 98 ] [ 1 ] [ 1898 1727 1730 ] [    0    0    0 ] [      0      0      0 ] [ 0 ],drive [ 98 ] [ 0 ] [ 1898 1727 1731 ] [   23   35   19 ] [   8546   8083  10918 ] [ 0 ],1.00,1.00,1.00,1.00,-36.46,-18.44,0.00,0.00,0.00,0.00,0.00,-0.00,-0.00,0.00,0.00,0.00,0.00,0.00,0.00,0.00,0.00,0
26.9969,-37,-18,337,0,DRIVE [ 99 ] [ 1 ] [ 1898 1726 1730 ] [    0    0    0 ] [      0      0      0 ] [ 0 ],drive [ 98 ] [ 0 ] [ 1898 1727 1730 ] [   23   35   19 ] [   8546   8083  10918 ] [ 0 ],1.00,1.00,1.00,1.00,-36.56,-18.48,0.00,0.00,0.00,0.00,0.00,-0.00,-0.00,0.00,0.00,0.00,0.00,0.00,0.00,0.00,0.00,0
27.0099,-37,-19,338,0,DRIVE [ 99 ] [ 1 ] [ 1898 1726 1729 ] [    0    0    0 ] [      0      0      0 ] [ 0 ],drive [ 99 ] [ 0 ] [ 1898 1726 1730 ] [   24   35   19 ] [   8546   8083  10918 ] [ 0 ],1.00,1.00,1.00,1.00,-36.70,-18.70,0.00,0.00,0.00,0.00,0.00,-0.00,-0.00,0.00,0.00,0.00,0.00,0.00,0.00,0.00,0.00,0
27.022,-37,-19,338,0,DRIVE [ 00 ] [ 1 ] [ 1898 1726 1728 ] [    0    0    0 ] [      0      0      0 ] [ 0 ],drive [ 99 ] [ 0 ] [ 1898 1726 1729 ] [   24   35   19 ] [   8546   8083  10918 ] [ 0 ],1.00,1.00,1.00,1.00,-36.73,-18.90,0.00,0.00,0.00,0.00,0.00,-0.00,-0.00,0.00,0.00,0.00,0.00,0.00,0.00,0.00,0.00,0
27.0347,-37,-19,338,0,DRIVE [ 00 ] [ 1 ] [ 1898 1726 1726 ] [    0    0    0 ] [      0      0      0 ] [ 0 ],drive [ 00 ] [ 0 ] [ 1898 1726 1728 ] [   24   35   19 ] [   8546   8083  10918 ] [ 0 ],1.00,1.00,1.00,1.00,-36.87,-19.12,0.00,0.00,0.00,0.00,0.00,-0.00,-0.00,0.00,0.00,0.00,0.00,0.00,0.00,0.00,0.00,0
27.0474,-37,-19,339,0,DRIVE [ 01 ] [ 1 ] [ 1898 1726 1726 ] [    0    0    0 ] [      0      0      0 ] [ 0 ],drive [ 00 ] [ 0 ] [ 1898 1726 1726 ] [   24   35   19 ] [   8546   8083  10918 ] [ 0 ],1.00,1.00,1.00,1.00,-37.01,-19.28,0.00,0.00,0.00,0.00,0.00,-0.00,-0.00,0.00,0.00,0.00,0.00,0.00,0.00,0.00,0.00,0
27.0601,-37,-19,339,0,DRIVE [ 01 ] [ 1 ] [ 1898 1726 1726 ] [    0    0    0 ] [      0      0      0 ] [ 0 ],drive [ 01 ] [ 0 ] [ 1898 1726 1726 ] [   23   35   20 ] [   8546   8083  10918 ] [ 0 ],1.00,1.00,1.00,1.00,-37.02,-19.31,0.00,0.00,0.00,0.00,0.00,-0.00,-0.00,0.00,0.00,0.00,0.00,0.00,0.00,0.00,0.00,0
27.0723,-37,-19,339,0,DRIVE [ 02 ] [ 1 ] [ 1898 1726 1726 ] [    0    0    0 ] [      0      0      0 ] [ 0 ],drive [ 01 ] [ 0 ] [ 1898 1726 1726 ] [   23   35   20 ] [   8546   8083  10918 ] [ 0 ],1.00,1.00,1.00,1.00,-36.98,-19.21,0.00,0.00,0.00,0.00,0.00,-0.00,-0.00,0.00,0.00,0.00,0.00,0.00,0.00,0.00,0.00,0
27.0848,-37,-19,339,0,DRIVE [ 02 ] [ 1 ] [ 1898 1725 1727 ] [    0    0    0 ] [      0      0      0 ] [ 0 ],drive [ 02 ] [ 0 ] [ 1898 1726 1726 ] [   23   35   20 ] [   8546   8083  10918 ] [ 0 ],1.00,1.00,1.00,1.00,-36.96,-19.06,0.00,0.00,0.00,0.00,0.00,-0.00,-0.00,0.00,0.00,0.00,0.00,0.00,0.00,0.00,0.00,0
27.0976,-37,-19,338,0,DRIVE [ 03 ] [ 1 ] [ 1898 1725 1727 ] [    0    0    0 ] [      0      0      0 ] [ 0 ],drive [ 02 ] [ 0 ] [ 1898 1725 1727 ] [   23   35   20 ] [   8546   8083  10918 ] [ 0 ],1.00,1.00,1.00,1.00,-36.91,-18.93,0.00,0.00,0.00,0.00,0.00,-0.00,-0.00,0.00,0.00,0.00,0.00,0.00,0.00,0.00,0.00,0
27.1106,-37,-19,337,0,DRIVE [ 03 ] [ 1 ] [ 1898 1725 1728 ] [    0    0    0 ] [      0      0      0 ] [ 0 ],drive [ 03 ] [ 0 ] [ 1898 1725 1727 ] [   23   36   19 ] [   8546   8083  10918 ] [ 0 ],1.00,1.00,1.00,1.00,-36.80,-18.80,0.00,0.00,0.00,0.00,0.00,-0.00,-0.00,0.00,0.00,0.00,0.00,0.00,0.00,0.00,0.00,0
27.1252,-37,-19,337,0,DRIVE [ 04 ] [ 1 ] [ 1898 1725 1728 ] [    0    0    0 ] [      0      0      0 ] [ 0 ],drive [ 03 ] [ 0 ] [ 1898 1725 1728 ] [   23   36   19 ] [   8546   8083  10918 ] [ 0 ],1.00,1.00,1.00,1.00,-36.76,-18.70,0.00,0.00,0.00,0.00,0.00,-0.00,-0.00,0.00,0.00,0.00,0.00,0.00,0.00,0.00,0.00,0
27.1377,-37,-19,337,0,DRIVE [ 04 ] [ 1 ] [ 1898 1725 1729 ] [    0    0    0 ] [      0      0      0 ] [ 0 ],drive [ 04 ] [ 0 ] [ 1898 1725 1728 ] [   23   36   19 ] [   8546   8083  10918 ] [ 0 ],1.00,1.00,1.00,1.00,-36.75,-18.61,0.00,0.00,0.00,0.00,0.00,-0.00,-0.00,0.00,0.00,0.00,0.00,0.00,0.00,0.00,0.00,0
27.1504,-37,-18,337,0,DRIVE [ 05 ] [ 1 ] [ 1898 1725 1730 ] [    0    0    0 ] [      0      0      0 ] [ 0 ],drive [ 04 ] [ 0 ] [ 1898 1725 1729 ] [   23   36   19 ] [   8546   8083  10918 ] [ 0 ],1.00,1.00,1.00,1.00,-36.78,-18.47,0.00,0.00,0.00,0.00,0.00,-0.00,-0.00,0.00,0.00,0.00,0.00,0.00,0.00,0.00,0.00,0
27.1632,-37,-18,337,0,DRIVE [ 05 ] [ 1 ] [ 1898 1725 1730 ] [    0    0    0 ] [      0      0      0 ] [ 0 ],drive [ 05 ] [ 0 ] [ 1898 1725 1730 ] [   23   35   20 ] [   8546   8083  10918 ] [ 0 ],1.00,1.00,1.00,1.00,-36.80,-18.41,0.00,0.00,0.00,0.00,0.00,-0.00,-0.00,0.00,0.00,0.00,0.00,0.00,0.00,0.00,0.00,0
27.1758,-37,-18,337,0,DRIVE [ 06 ] [ 1 ] [ 1898 1725 1730 ] [    0    0    0 ] [      0      0      0 ] [ 0 ],drive [ 05 ] [ 0 ] [ 1898 1725 1730 ] [   23   35   20 ] [   8546   8083  10918 ] [ 0 ],1.00,1.00,1.00,1.00,-36.71,-18.34,0.00,0.00,0.00,0.00,0.00,-0.00,-0.00,0.00,0.00,0.00,0.00,0.00,0.00,0.00,0.00,0
27.1879,-37,-18,337,0,DRIVE [ 06 ] [ 1 ] [ 1898 1725 1730 ] [    0    0    0 ] [      0      0      0 ] [ 0 ],drive [ 06 ] [ 0 ] [ 1898 1725 1730 ] [   23   35   20 ] [   8546   8083  10918 ] [ 0 ],1.00,1.00,1.00,1.00,-36.66,-18.39,0.00,0.00,0.00,0.00,0.00,-0.00,-0.00,0.00,0.00,0.00,0.00,0.00,0.00,0.00,0.00,0
27.2005,-37,-18,336,0,DRIVE [ 07 ] [ 1 ] [ 1898 1725 1729 ] [    0    0    0 ] [      0      0      0 ] [ 0 ],drive [ 06 ] [ 0 ] [ 1898 1725 1730 ] [   23   35   20 ] [   8546   8083  10918 ] [ 0 ],1.00,1.00,1.00,1.00,-36.61,-18.43,0.00,0.00,0.00,0.00,0.00,-0.00,-0.00,0.00,0.00,0.00,0.00,0.00,0.00,0.00,0.00,0
27.2132,-37,-18,336,0,DRIVE [ 07 ] [ 1 ] [ 1898 1725 1729 ] [    0    0    0 ] [      0      0      0 ] [ 0 ],drive [ 07 ] [ 0 ] [ 1898 1725 1729 ] [   23   36   19 ] [   8546   8083  10918 ] [ 0 ],1.00,1.00,1.00,1.00,-36.71,-18.50,0.00,0.00,0.00,0.00,0.00,-0.00,-0.00,0.00,0.00,0.00,0.00,0.00,0.00,0.00,0.00,0
27.2266,-37,-19,337,0,DRIVE [ 08 ] [ 1 ] [ 1898 1724 1729 ] [    0    0    0 ] [      0      0      0 ] [ 0 ],drive [ 07 ] [ 0 ] [ 1898 1725 1729 ] [   23   36   19 ] [   8546   8083  10918 ] [ 0 ],1.00,1.00,1.00,1.00,-36.92,-18.60,0.00,0.00,0.00,0.00,0.00,-0.00,-0.00,0.00,0.00,0.00,0.00,0.00,0.00,0.00,0.00,0
27.2411,-37,-19,338,0,DRIVE [ 08 ] [ 1 ] [ 1898 1724 1727 ] [    0    0    0 ] [      0      0      0 ] [ 0 ],drive [ 08 ] [ 0 ] [ 1898 1724 1729 ] [   23   36   19 ] [   8546   8083  10918 ] [ 0 ],1.00,1.00,1.00,1.00,-37.13,-18.86,0.00,0.00,0.00,0.00,0.00,-0.00,-0.00,0.00,0.00,0.00,0.00,0.00,0.00,0.00,0.00,0
27.2546,-37,-19,339,0,DRIVE [ 09 ] [ 1 ] [ 1898 1724 1726 ] [    0    0    0 ] [      0      0      0 ] [ 0 ],drive [ 08 ] [ 0 ] [ 1898 1724 1727 ] [   23   36   19 ] [   8546   8083  10918 ] [ 0 ],1.00,1.00,1.00,1.00,-37.20,-19.06,0.00,0.00,0.00,0.00,0.00,-0.00,-0.00,0.00,0.00,0.00,0.00,0.00,0.00,0.00,0.00,0
27.2673,-37,-19,339,0,DRIVE [ 09 ] [ 1 ] [ 1898 1724 1725 ] [    0    0    0 ] [      0      0      0 ] [ 0 ],drive [ 09 ] [ 0 ] [ 1898 1724 1726 ] [   23   35   19 ] [   8546   8083  10918 ] [ 0 ],1.00,1.00,1.00,1.00,-37.26,-19.25,0.00,0.00,0.00,0.00,0.00,-0.00,-0.00,0.00,0.00,0.00,0.00,0.00,0.00,0.00,0.00,0
27.28,-37,-19,340,0,DRIVE [ 10 ] [ 1 ] [ 1898 1725 1725 ] [    0    0    0 ] [      0      0      0 ] [ 0 ],drive [ 09 ] [ 0 ] [ 1898 1724 1725 ] [   23   35   19 ] [   8546   8083  10918 ] [ 0 ],1.00,1.00,1.00,1.00,-37.26,-19.39,0.00,0.00,0.00,0.00,0.00,-0.00,-0.00,0.00,0.00,0.00,0.00,0.00,0.00,0.00,0.00,0
27.2926,-37,-19,340,0,DRIVE [ 10 ] [ 1 ] [ 1898 1725 1724 ] [    0    0    0 ] [      0      0      0 ] [ 0 ],drive [ 10 ] [ 0 ] [ 1898 1725 1725 ] [   23   35   19 ] [   8546   8083  10918 ] [ 0 ],1.00,1.00,1.00,1.00,-37.24,-19.49,0.00,0.00,0.00,0.00,0.00,-0.00,-0.00,0.00,0.00,0.00,0.00,0.00,0.00,0.00,0.00,0
27.3062,-37,-20,340,0,DRIVE [ 11 ] [ 1 ] [ 1898 1725 1724 ] [    0    0    0 ] [      0      0      0 ] [ 0 ],drive [ 10 ] [ 0 ] [ 1898 1725 1724 ] [   23   35   19 ] [   8546   8083  10918 ] [ 0 ],1.00,1.00,1.00,1.00,-37.24,-19.58,0.00,0.00,0.00,0.00,0.00,-0.00,-0.00,0.00,0.00,0.00,0.00,0.00,0.00,0.00,0.00,0
27.3183,-37,-20,340,0,DRIVE [ 11 ] [ 1 ] [ 1898 1725 1723 ] [    0    0    0 ] [      0      0      0 ] [ 0 ],drive [ 11 ] [ 0 ] [ 1898 1725 1724 ] [   23   35   20 ] [   8546   8083  10918 ] [ 0 ],1.00,1.00,1.00,1.00,-37.33,-19.69,0.00,0.00,0.00,0.00,0.00,-0.00,-0.00,0.00,0.00,0.00,0.00,0.00,0.00,0.00,0.00,0
27.3309,-37,-20,340,0,DRIVE [ 12 ] [ 1 ] [ 1898 1725 1723 ] [    0    0    0 ] [      0      0      0 ] [ 0 ],drive [ 11 ] [ 0 ] [ 1898 1725 1723 ] [   23   35   20 ] [   8546   8083  10918 ] [ 0 ],1.00,1.00,1.00,1.00,-37.34,-19.68,0.00,0.00,0.00,0.00,0.00,-0.00,-0.00,0.00,0.00,0.00,0.00,0.00,0.00,0.00,0.00,0
27.3437,-37,-20,339,0,DRIVE [ 12 ] [ 1 ] [ 1898 1724 1723 ] [    0    0    0 ] [      0      0      0 ] [ 0 ],drive [ 12 ] [ 0 ] [ 1898 1725 1723 ] [   23   35   20 ] [   8546   8083  10918 ] [ 0 ],1.00,1.00,1.00,1.00,-37.28,-19.60,0.00,0.00,0.00,0.00,0.00,-0.00,-0.00,0.00,0.00,0.00,0.00,0.00,0.00,0.00,0.00,0
27.3559,-37,-20,339,0,DRIVE [ 13 ] [ 1 ] [ 1898 1724 1723 ] [    0    0    0 ] [      0      0      0 ] [ 0 ],drive [ 12 ] [ 0 ] [ 1898 1724 1723 ] [   23   35   20 ] [   8546   8083  10918 ] [ 0 ],1.00,1.00,1.00,1.00,-37.43,-19.59,0.00,0.00,0.00,0.00,0.00,-0.00,-0.00,0.00,0.00,0.00,0.00,0.00,0.00,0.00,0.00,0
27.3689,-38,-20,339,0,DRIVE [ 13 ] [ 1 ] [ 1898 1723 1723 ] [    0    0    0 ] [      0      0      0 ] [ 0 ],drive [ 13 ] [ 0 ] [ 1898 1724 1723 ] [   23   36   20 ] [   8546   8083  10918 ] [ 0 ],1.00,1.00,1.00,1.00,-37.53,-19.59,0.00,0.00,0.00,0.00,0.00,-0.00,-0.00,0.00,0.00,0.00,0.00,0.00,0.00,0.00,0.00,0
27.3814,-37,-19,338,0,DRIVE [ 14 ] [ 1 ] [ 1898 1723 1723 ] [    0    0    0 ] [      0      0      0 ] [ 0 ],drive [ 13 ] [ 0 ] [ 1898 1723 1723 ] [   23   36   20 ] [   8546   8083  10918 ] [ 0 ],1.00,1.00,1.00,1.00,-37.48,-19.47,0.00,0.00,0.00,0.00,0.00,-0.00,-0.00,0.00,0.00,0.00,0.00,0.00,0.00,0.00,0.00,0
27.3942,-37,-19,337,0,DRIVE [ 14 ] [ 1 ] [ 1898 1723 1723 ] [    0    0    0 ] [      0      0      0 ] [ 0 ],drive [ 14 ] [ 0 ] [ 1898 1723 1723 ] [   23   36   20 ] [   8546   8083  10918 ] [ 0 ],1.00,1.00,1.00,1.00,-37.39,-19.37,0.00,0.00,0.00,0.00,0.00,-0.00,-0.00,0.00,0.00,0.00,0.00,0.00,0.00,0.00,0.00,0
27.4067,-37,-19,336,0,DRIVE [ 15 ] [ 1 ] [ 1898 1722 1724 ] [    0    0    0 ] [      0      0      0 ] [ 0 ],drive [ 14 ] [ 0 ] [ 1898 1723 1723 ] [   23   36   20 ] [   8546   8083  10918 ] [ 0 ],1.00,1.00,1.00,1.00,-37.25,-19.14,0.00,0.00,0.00,0.00,0.00,-0.00,-0.00,0.00,0.00,0.00,0.00,0.00,0.00,0.00,0.00,0
27.4213,-38,-19,337,0,DRIVE [ 15 ] [ 1 ] [ 1898 1721 1725 ] [    0    0    0 ] [      0      0      0 ] [ 0 ],drive [ 15 ] [ 0 ] [ 1898 1722 1724 ] [   23   35   20 ] [   8546   8083  10918 ] [ 0 ],1.00,1.00,1.00,1.00,-37.59,-19.08,0.00,0.00,0.00,0.00,0.00,-0.00,-0.00,0.00,0.00,0.00,0.00,0.00,0.00,0.00,0.00,0
27.4337,-38,-19,338,0,DRIVE [ 16 ] [ 1 ] [ 1898 1720 1725 ] [    0    0    0 ] [      0      0      0 ] [ 0 ],drive [ 15 ] [ 0 ] [ 1898 1721 1725 ] [   23   35   20 ] [   8546   8083  10918 ] [ 0 ],1.00,1.00,1.00,1.00,-37.83,-19.02,0.00,0.00,0.00,0.00,0.00,-0.00,-0.00,0.00,0.00,0.00,0.00,0.00,0.00,0.00,0.00,0
27.4465,-38,-19,339,0,DRIVE [ 16 ] [ 1 ] [ 1898 1719 1725 ] [    0    0    0 ] [      0      0      0 ] [ 0 ],drive [ 16 ] [ 0 ] [ 1898 1720 1725 ] [   23   35   20 ] [   8546   8083  10918 ] [ 0 ],1.00,1.00,1.00,1.00,-38.00,-18.94,0.00,0.00,0.00,0.00,0.00,-0.00,-0.00,0.00,0.00,0.00,0.00,0.00,0.00,0.00,0.00,0
27.4592,-38,-19,338,0,DRIVE [ 17 ] [ 1 ] [ 1898 1719 1726 ] [    0    0    0 ] [      0      0      0 ] [ 0 ],drive [ 16 ] [ 0 ] [ 1898 1719 1725 ] [   22   37   20 ] [   8546   8083  10918 ] [ 0 ],1.00,1.00,1.00,1.00,-38.06,-18.84,0.00,0.00,0.00,0.00,0.00,-0.00,-0.00,0.00,0.00,0.00,0.00,0.00,0.00,0.00,0.00,0
27.4717,-38,-19,338,0,DRIVE [ 17 ] [ 1 ] [ 1898 1718 1726 ] [    0    0    0 ] [      0      0      0 ] [ 0 ],drive [ 17 ] [ 0 ] [ 1898 1719 1726 ] [   22   37   20 ] [   8546   8083  10918 ] [ 0 ],1.00,1.00,1.00,1.00,-38.17,-18.81,0.00,0.00,0.00,0.00,0.00,-0.00,-0.00,0.00,0.00,0.00,0.00,0.00,0.00,0.00,0.00,0
27.4847,-38,-19,339,0,DRIVE [ 18 ] [ 1 ] [ 1898 1718 1726 ] [    0    0    0 ] [      0      0      0 ] [ 0 ],drive [ 17 ] [ 0 ] [ 1898 1718 1726 ] [   22   37   20 ] [   8546   8083  10918 ] [ 0 ],1.00,1.00,1.00,1.00,-38.35,-18.84,0.00,0.00,0.00,0.00,0.00,-0.00,-0.00,0.00,0.00,0.00,0.00,0.00,0.00,0.00,0.00,0
27.4973,-38,-19,339,0,DRIVE [ 18 ] [ 1 ] [ 1898 1718 1725 ] [    0    0    0 ] [      0      0      0 ] [ 0 ],drive [ 18 ] [ 0 ] [ 1898 1718 1726 ] [   22   37   20 ] [   8546   8083  10918 ] [ 0 ],1.00,1.00,1.00,1.00,-38.25,-18.86,0.00,0.00,0.00,0.00,0.00,-0.00,-0.00,0.00,0.00,0.00,0.00,0.00,0.00,0.00,0.00,0
27.5099,-38,-19,340,0,DRIVE [ 19 ] [ 1 ] [ 1898 1718 1725 ] [    0    0    0 ] [      0      0      0 ] [ 0 ],drive [ 18 ] [ 0 ] [ 1898 1718 1725 ] [   23   36   20 ] [   8546   8083  10918 ] [ 0 ],1.00,1.00,1.00,1.00,-38.45,-19.03,0.00,0.00,0.00,0.00,0.00,-0.00,-0.00,0.00,0.00,0.00,0.00,0.00,0.00,0.00,0.00,0
27.5229,-38,-19,340,0,DRIVE [ 19 ] [ 1 ] [ 1898 1718 1724 ] [    0    0    0 ] [      0      0      0 ] [ 0 ],drive [ 19 ] [ 0 ] [ 1898 1718 1725 ] [   23   36   20 ] [   8546   8083  10918 ] [ 0 ],1.00,1.00,1.00,1.00,-38.48,-19.12,0.00,0.00,0.00,0.00,0.00,-0.00,-0.00,0.00,0.00,0.00,0.00,0.00,0.00,0.00,0.00,0
27.5352,-39,-19,341,0,DRIVE [ 20 ] [ 1 ] [ 1898 1717 1723 ] [    0    0    0 ] [      0      0      0 ] [ 0 ],drive [ 19 ] [ 0 ] [ 1898 1718 1724 ] [   23   36   20 ] [   8546   8083  10918 ] [ 0 ],1.00,1.00,1.00,1.00,-38.65,-19.28,0.00,0.00,0.00,0.00,0.00,-0.00,-0.00,0.00,0.00,0.00,0.00,0.00,0.00,0.00,0.00,0
27.549,-39,-19,340,0,DRIVE [ 20 ] [ 1 ] [ 1898 1718 1723 ] [    0    0    0 ] [      0      0      0 ] [ 0 ],drive [ 20 ] [ 0 ] [ 1898 1717 1723 ] [   23   36   20 ] [   8546   8083  10918 ] [ 0 ],1.00,1.00,1.00,1.00,-38.52,-19.39,0.00,0.00,0.00,0.00,0.00,-0.00,-0.00,0.00,0.00,0.00,0.00,0.00,0.00,0.00,0.00,0
27.562,-38,-19,340,0,DRIVE [ 21 ] [ 1 ] [ 1898 1718 1722 ] [    0    0    0 ] [      0      0      0 ] [ 0 ],drive [ 20 ] [ 0 ] [ 1898 1718 1723 ] [   23   35   19 ] [   8546   8083  10918 ] [ 0 ],1.00,1.00,1.00,1.00,-38.45,-19.50,0.00,0.00,0.00,0.00,0.00,-0.00,-0.00,0.00,0.00,0.00,0.00,0.00,0.00,0.00,0.00,0
27.5746,-39,-20,340,0,DRIVE [ 21 ] [ 1 ] [ 1898 1718 1721 ] [    0    0    0 ] [      0      0      0 ] [ 0 ],drive [ 21 ] [ 0 ] [ 1898 1718 1722 ] [   23   35   19 ] [   8546   8083  10918 ] [ 0 ],1.00,1.00,1.00,1.00,-38.56,-19.74,0.00,0.00,0.00,0.00,0.00,-0.00,-0.00,0.00,0.00,0.00,0.00,0.00,0.00,0.00,0.00,0
27.5868,-38,-20,339,0,DRIVE [ 22 ] [ 1 ] [ 1898 1719 1721 ] [    0    0    0 ] [      0      0      0 ] [ 0 ],drive [ 21 ] [ 0 ] [ 1898 1718 1721 ] [   23   35   19 ] [   8546   8083  10918 ] [ 0 ],1.00,1.00,1.00,1.00,-38.39,-19.75,0.00,0.00,0.00,0.00,0.00,-0.00,-0.00,0.00,0.00,0.00,0.00,0.00,0.00,0.00,0.00,0
27.6017,-38,-20,339,0,DRIVE [ 22 ] [ 1 ] [ 1898 1719 1721 ] [    0    0    0 ] [      0      0      0 ] [ 0 ],drive [ 22 ] [ 0 ] [ 1898 1719 1721 ] [   23   35   19 ] [   8546   8083  10918 ] [ 0 ],1.00,1.00,1.00,1.00,-38.26,-19.73,0.00,0.00,0.00,0.00,0.00,-0.00,-0.00,0.00,0.00,0.00,0.00,0.00,0.00,0.00,0.00,0
27.6155,-38,-20,339,0,DRIVE [ 23 ] [ 1 ] [ 1898 1719 1721 ] [    0    0    0 ] [      0      0      0 ] [ 0 ],drive [ 22 ] [ 0 ] [ 1898 1719 1721 ] [   23   36   20 ] [   8546   8083  10918 ] [ 0 ],1.00,1.00,1.00,1.00,-38.24,-19.73,0.00,0.00,0.00,0.00,0.00,-0.00,-0.00,0.00,0.00,0.00,0.00,0.00,0.00,0.00,0.00,0
27.6276,-38,-20,339,0,DRIVE [ 23 ] [ 1 ] [ 1898 1719 1721 ] [    0    0    0 ] [      0      0      0 ] [ 0 ],drive [ 23 ] [ 0 ] [ 1898 1719 1721 ] [   23   36   20 ] [   8546   8083  10918 ] [ 0 ],1.00,1.00,1.00,1.00,-38.22,-19.62,0.00,0.00,0.00,0.00,0.00,-0.00,-0.00,0.00,0.00,0.00,0.00,0.00,0.00,0.00,0.00,0
27.64,-38,-20,339,0,DRIVE [ 24 ] [ 1 ] [ 1898 1719 1722 ] [    0    0    0 ] [      0      0      0 ] [ 0 ],drive [ 23 ] [ 0 ] [ 1898 1719 1721 ] [   23   36   20 ] [   8546   8083  10918 ] [ 0 ],1.00,1.00,1.00,1.00,-38.18,-19.54,0.00,0.00,0.00,0.00,0.00,-0.00,-0.00,0.00,0.00,0.00,0.00,0.00,0.00,0.00,0.00,0
27.6537,-38,-19,338,0,DRIVE [ 24 ] [ 1 ] [ 1898 1719 1722 ] [    0    0    0 ] [      0      0      0 ] [ 0 ],drive [ 24 ] [ 0 ] [ 1898 1719 1722 ] [   23   36   20 ] [   8546   8083  10918 ] [ 0 ],1.00,1.00,1.00,1.00,-38.13,-19.48,0.00,0.00,0.00,0.00,0.00,-0.00,-0.00,0.00,0.00,0.00,0.00,0.00,0.00,0.00,0.00,0
27.6667,-38,-19,339,0,DRIVE [ 25 ] [ 1 ] [ 1898 1719 1722 ] [    0    0    0 ] [      0      0      0 ] [ 0 ],drive [ 24 ] [ 0 ] [ 1898 1719 1722 ] [   23   35   20 ] [   8546   8083  10918 ] [ 0 ],1.00,1.00,1.00,1.00,-38.14,-19.48,0.00,0.00,0.00,0.00,0.00,-0.00,-0.00,0.00,0.00,0.00,0.00,0.00,0.00,0.00,0.00,0
27.6795,-38,-19,338,0,DRIVE [ 25 ] [ 1 ] [ 1898 1719 1723 ] [    0    0    0 ] [      0      0      0 ] [ 0 ],drive [ 25 ] [ 0 ] [ 1898 1719 1722 ] [   23   35   20 ] [   8546   8083  10918 ] [ 0 ],1.00,1.00,1.00,1.00,-38.03,-19.33,0.00,0.00,0.00,0.00,0.00,-0.00,-0.00,0.00,0.00,0.00,0.00,0.00,0.00,0.00,0.00,0
27.6923,-38,-19,338,0,DRIVE [ 26 ] [ 1 ] [ 1898 1719 1723 ] [    0    0    0 ] [      0      0      0 ] [ 0 ],drive [ 25 ] [ 0 ] [ 1898 1719 1723 ] [   23   35   20 ] [   8546   8083  10918 ] [ 0 ],1.00,1.00,1.00,1.00,-38.03,-19.32,0.00,0.00,0.00,0.00,0.00,-0.00,-0.00,0.00,0.00,0.00,0.00,0.00,0.00,0.00,0.00,0
27.7044,-38,-19,338,0,DRIVE [ 26 ] [ 1 ] [ 1898 1719 1723 ] [    0    0    0 ] [      0      0      0 ] [ 0 ],drive [ 26 ] [ 0 ] [ 1898 1719 1723 ] [   23   35   20 ] [   8546   8083  10918 ] [ 0 ],1.00,1.00,1.00,1.00,-38.08,-19.39,0.00,0.00,0.00,0.00,0.00,-0.00,-0.00,0.00,0.00,0.00,0.00,0.00,0.00,0.00,0.00,0
27.7169,-38,-19,338,0,DRIVE [ 27 ] [ 1 ] [ 1898 1719 1722 ] [    0    0    0 ] [      0      0      0 ] [ 0 ],drive [ 26 ] [ 0 ] [ 1898 1719 1723 ] [   23   36   20 ] [   8546   8083  10918 ] [ 0 ],1.00,1.00,1.00,1.00,-38.12,-19.43,0.00,0.00,0.00,0.00,0.00,-0.00,-0.00,0.00,0.00,0.00,0.00,0.00,0.00,0.00,0.00,0
27.7291,-38,-19,339,0,DRIVE [ 27 ] [ 1 ] [ 1898 1719 1723 ] [    0    0    0 ] [      0      0      0 ] [ 0 ],drive [ 27 ] [ 0 ] [ 1898 1719 1722 ] [   23   36   20 ] [   8546   8083  10918 ] [ 0 ],1.00,1.00,1.00,1.00,-38.13,-19.40,0.00,0.00,0.00,0.00,0.00,-0.00,-0.00,0.00,0.00,0.00,0.00,0.00,0.00,0.00,0.00,0
27.7419,-38,-19,339,0,DRIVE [ 28 ] [ 1 ] [ 1898 1719 1723 ] [    0    0    0 ] [      0      0      0 ] [ 0 ],drive [ 27 ] [ 0 ] [ 1898 1719 1723 ] [   23   36   20 ] [   8546   8083  10918 ] [ 0 ],1.00,1.00,1.00,1.00,-38.18,-19.42,0.00,0.00,0.00,0.00,0.00,-0.00,-0.00,0.00,0.00,0.00,0.00,0.00,0.00,0.00,0.00,0
27.7539,-38,-19,339,0,DRIVE [ 28 ] [ 1 ] [ 1898 1719 1722 ] [    0    0    0 ] [      0      0      0 ] [ 0 ],drive [ 28 ] [ 0 ] [ 1898 1719 1723 ] [   23   36   20 ] [   8546   8083  10918 ] [ 0 ],1.00,1.00,1.00,1.00,-38.30,-19.41,0.00,0.00,0.00,0.00,0.00,-0.00,-0.00,0.00,0.00,0.00,0.00,0.00,0.00,0.00,0.00,0
27.7667,-38,-19,340,0,DRIVE [ 29 ] [ 1 ] [ 1898 1718 1722 ] [    0    0    0 ] [      0      0      0 ] [ 0 ],drive [ 28 ] [ 0 ] [ 1898 1719 1722 ] [   23   36   20 ] [   8546   8083  10918 ] [ 0 ],1.00,1.00,1.00,1.00,-38.42,-19.44,0.00,0.00,0.00,0.00,0.00,-0.00,-0.00,0.00,0.00,0.00,0.00,0.00,0.00,0.00,0.00,0
27.7792,-38,-19,340,0,DRIVE [ 29 ] [ 1 ] [ 1898 1718 1722 ] [    0    0    0 ] [      0      0      0 ] [ 0 ],drive [ 29 ] [ 0 ] [ 1898 1718 1722 ] [   23   36   20 ] [   8546   8083  10918 ] [ 0 ],1.00,1.00,1.00,1.00,-38.44,-19.42,0.00,0.00,0.00,0.00,0.00,-0.00,-0.00,0.00,0.00,0.00,0.00,0.00,0.00,0.00,0.00,0
27.7919,-38,-19,338,0,DRIVE [ 30 ] [ 1 ] [ 1898 1718 1722 ] [    0    0    0 ] [      0      0      0 ] [ 0 ],drive [ 29 ] [ 0 ] [ 1898 1718 1722 ] [   23   36   20 ] [   8546   8083  10918 ] [ 0 ],1.00,1.00,1.00,1.00,-38.22,-19.37,0.00,0.00,0.00,0.00,0.00,-0.00,-0.00,0.00,0.00,0.00,0.00,0.00,0.00,0.00,0.00,0
27.8041,-38,-19,338,0,DRIVE [ 30 ] [ 1 ] [ 1898 1719 1722 ] [    0    0    0 ] [      0      0      0 ] [ 0 ],drive [ 30 ] [ 0 ] [ 1898 1718 1722 ] [   23   36   20 ] [   8546   8083  10918 ] [ 0 ],1.00,1.00,1.00,1.00,-38.15,-19.45,0.00,0.00,0.00,0.00,0.00,-0.00,-0.00,0.00,0.00,0.00,0.00,0.00,0.00,0.00,0.00,0
27.8168,-38,-19,336,0,DRIVE [ 31 ] [ 1 ] [ 1898 1719 1722 ] [    0    0    0 ] [      0      0      0 ] [ 0 ],drive [ 30 ] [ 0 ] [ 1898 1719 1722 ] [   24   34   20 ] [   8546   8083  10918 ] [ 0 ],1.00,1.00,1.00,1.00,-37.93,-19.45,0.00,0.00,0.00,0.00,0.00,-0.00,-0.00,0.00,0.00,0.00,0.00,0.00,0.00,0.00,0.00,0
27.8295,-38,-20,336,0,DRIVE [ 31 ] [ 1 ] [ 1898 1719 1721 ] [    0    0    0 ] [      0      0      0 ] [ 0 ],drive [ 31 ] [ 0 ] [ 1898 1719 1722 ] [   24   34   20 ] [   8546   8083  10918 ] [ 0 ],1.00,1.00,1.00,1.00,-37.88,-19.51,0.00,0.00,0.00,0.00,0.00,-0.00,-0.00,0.00,0.00,0.00,0.00,0.00,0.00,0.00,0.00,0
27.8421,-38,-20,336,0,DRIVE [ 32 ] [ 1 ] [ 1898 1719 1721 ] [    0    0    0 ] [      0      0      0 ] [ 0 ],drive [ 31 ] [ 0 ] [ 1898 1719 1721 ] [   24   34   20 ] [   8546   8083  10918 ] [ 0 ],1.00,1.00,1.00,1.00,-37.95,-19.59,0.00,0.00,0.00,0.00,0.00,-0.00,-0.00,0.00,0.00,0.00,0.00,0.00,0.00,0.00,0.00,0
27.8545,-38,-20,337,0,DRIVE [ 32 ] [ 1 ] [ 1898 1720 1720 ] [    0    0    0 ] [      0      0      0 ] [ 0 ],drive [ 32 ] [ 0 ] [ 1898 1719 1721 ] [   24   34   20 ] [   8546   8083  10918 ] [ 0 ],1.00,1.00,1.00,1.00,-37.96,-19.70,0.00,0.00,0.00,0.00,0.00,-0.00,-0.00,0.00,0.00,0.00,0.00,0.00,0.00,0.00,0.00,0
27.8674,-38,-20,337,0,DRIVE [ 33 ] [ 1 ] [ 1898 1720 1720 ] [    0    0    0 ] [      0      0      0 ] [ 0 ],drive [ 32 ] [ 0 ] [ 1898 1720 1720 ] [   23   37   20 ] [   8546   8083  10918 ] [ 0 ],1.00,1.00,1.00,1.00,-37.93,-19.81,0.00,0.00,0.00,0.00,0.00,-0.00,-0.00,0.00,0.00,0.00,0.00,0.00,0.00,0.00,0.00,0
27.8802,-38,-20,336,0,DRIVE [ 33 ] [ 1 ] [ 1898 1721 1719 ] [    0    0    0 ] [      0      0      0 ] [ 0 ],drive [ 33 ] [ 0 ] [ 1898 1720 1720 ] [   23   37   20 ] [   8546   8083  10918 ] [ 0 ],1.00,1.00,1.00,1.00,-37.78,-19.96,0.00,0.00,0.00,0.00,0.00,-0.00,-0.00,0.00,0.00,0.00,0.00,0.00,0.00,0.00,0.00,0
27.893,-38,-20,338,0,DRIVE [ 34 ] [ 1 ] [ 1898 1721 1718 ] [    0    0    0 ] [      0      0      0 ] [ 0 ],drive [ 33 ] [ 0 ] [ 1898 1721 1719 ] [   23   37   20 ] [   8546   8083  10918 ] [ 0 ],1.00,1.00,1.00,1.00,-37.95,-20.22,0.00,0.00,0.00,0.00,0.00,-0.00,-0.00,0.00,0.00,0.00,0.00,0.00,0.00,0.00,0.00,0
27.9061,-38,-20,338,0,DRIVE [ 34 ] [ 1 ] [ 1898 1722 1718 ] [    0    0    0 ] [      0      0      0 ] [ 0 ],drive [ 34 ] [ 0 ] [ 1898 1721 1718 ] [   23   37   20 ] [   8546   8083  10918 ] [ 0 ],1.00,1.00,1.00,1.00,-37.94,-20.33,0.00,0.00,0.00,0.00,0.00,-0.00,-0.00,0.00,0.00,0.00,0.00,0.00,0.00,0.00,0.00,0
27.9212,-38,-20,339,0,DRIVE [ 35 ] [ 1 ] [ 1898 1722 1718 ] [    0    0    0 ] [      0      0      0 ] [ 0 ],drive [ 34 ] [ 0 ] [ 1898 1722 1718 ] [   23   36   20 ] [   8546   8083  10918 ] [ 0 ],1.00,1.00,1.00,1.00,-37.91,-20.45,0.00,0.00,0.00,0.00,0.00,-0.00,-0.00,0.00,0.00,0.00,0.00,0.00,0.00,0.00,0.00,0
27.9343,-38,-21,338,0,DRIVE [ 35 ] [ 1 ] [ 1898 1723 1717 ] [    0    0    0 ] [      0      0      0 ] [ 0 ],drive [ 35 ] [ 0 ] [ 1898 1722 1718 ] [   23   36   20 ] [   8546   8083  10918 ] [ 0 ],1.00,1.00,1.00,1.00,-37.72,-20.50,0.00,0.00,0.00,0.00,0.00,-0.00,-0.00,0.00,0.00,0.00,0.00,0.00,0.00,0.00,0.00,0
27.9469,-38,-21,338,0,DRIVE [ 36 ] [ 1 ] [ 1898 1724 1717 ] [    0    0    0 ] [      0      0      0 ] [ 0 ],drive [ 35 ] [ 0 ] [ 1898 1723 1717 ] [   23   36   20 ] [   8546   8083  10918 ] [ 0 ],1.00,1.00,1.00,1.00,-37.59,-20.60,0.00,0.00,0.00,0.00,0.00,-0.00,-0.00,0.00,0.00,0.00,0.00,0.00,0.00,0.00,0.00,0
27.9594,-38,-21,339,0,DRIVE [ 36 ] [ 1 ] [ 1898 1724 1717 ] [    0    0    0 ] [      0      0      0 ] [ 0 ],drive [ 36 ] [ 0 ] [ 1898 1724 1717 ] [   22   36   20 ] [   8546   8083  10918 ] [ 0 ],1.00,1.00,1.00,1.00,-37.64,-20.61,0.00,0.00,0.00,0.00,0.00,-0.00,-0.00,0.00,0.00,0.00,0.00,0.00,0.00,0.00,0.00,0
27.9732,-38,-21,339,0,DRIVE [ 37 ] [ 1 ] [ 1898 1724 1717 ] [    0    0    0 ] [      0      0      0 ] [ 0 ],drive [ 36 ] [ 0 ] [ 1898 1724 1717 ] [   22   36   20 ] [   8546   8083  10918 ] [ 0 ],1.00,1.00,1.00,1.00,-37.66,-20.66,0.00,0.00,0.00,0.00,0.00,-0.00,-0.00,0.00,0.00,0.00,0.00,0.00,0.00,0.00,0.00,0
27.9857,-38,-21,338,0,DRIVE [ 37 ] [ 1 ] [ 1898 1724 1717 ] [    0    0    0 ] [      0      0      0 ] [ 0 ],drive [ 37 ] [ 0 ] [ 1898 1724 1717 ] [   22   36   20 ] [   8546   8083  10918 ] [ 0 ],1.00,1.00,1.00,1.00,-37.59,-20.58,0.00,0.00,0.00,0.00,0.00,-0.00,-0.00,0.00,0.00,0.00,0.00,0.00,0.00,0.00,0.00,0
27.9991,-38,-21,338,0,DRIVE [ 38 ] [ 1 ] [ 1898 1724 1717 ] [    0    0    0 ] [      0      0      0 ] [ 0 ],drive [ 37 ] [ 0 ] [ 1898 1724 1717 ] [   22   36   20 ] [   8546   8083  10919 ] [ 0 ],1.00,1.00,1.00,1.00,-37.51,-20.55,0.00,0.00,0.00,0.00,0.00,-0.00,-0.00,0.00,0.00,0.00,0.00,0.00,0.00,0.00,0.00,0
28.0118,-37,-20,337,0,DRIVE [ 38 ] [ 1 ] [ 1898 1724 1718 ] [    0    0    0 ] [      0      0      0 ] [ 0 ],drive [ 38 ] [ 0 ] [ 1898 1724 1717 ] [   23   36   21 ] [   8546   8083  10919 ] [ 0 ],1.00,1.00,1.00,1.00,-37.37,-20.43,0.00,0.00,0.00,0.00,0.00,-0.00,-0.00,0.00,0.00,0.00,0.00,0.00,0.00,0.00,0.00,0
28.0249,-37,-20,337,0,DRIVE [ 39 ] [ 1 ] [ 1898 1724 1718 ] [    0    0    0 ] [      0      0      0 ] [ 0 ],drive [ 38 ] [ 0 ] [ 1898 1724 1718 ] [   23   36   21 ] [   8546   8083  10919 ] [ 0 ],1.00,1.00,1.00,1.00,-37.34,-20.30,0.00,0.00,0.00,0.00,0.00,-0.00,-0.00,0.00,0.00,0.00,0.00,0.00,0.00,0.00,0.00,0
28.0373,-37,-20,337,0,DRIVE [ 39 ] [ 1 ] [ 1898 1725 1719 ] [    0    0    0 ] [      0      0      0 ] [ 0 ],drive [ 39 ] [ 0 ] [ 1898 1724 1718 ] [   23   36   21 ] [   8546   8083  10919 ] [ 0 ],1.00,1.00,1.00,1.00,-37.27,-20.21,0.00,0.00,0.00,0.00,0.00,-0.00,-0.00,0.00,0.00,0.00,0.00,0.00,0.00,0.00,0.00,0
28.0502,-37,-20,336,0,DRIVE [ 40 ] [ 1 ] [ 1898 1724 1719 ] [    0    0    0 ] [      0      0      0 ] [ 0 ],drive [ 39 ] [ 0 ] [ 1898 1725 1719 ] [   23   36   21 ] [   8546   8083  10919 ] [ 0 ],1.00,1.00,1.00,1.00,-37.19,-20.11,0.00,0.00,0.00,0.00,0.00,-0.00,-0.00,0.00,0.00,0.00,0.00,0.00,0.00,0.00,0.00,0
28.063,-37,-20,336,0,DRIVE [ 40 ] [ 1 ] [ 1898 1725 1719 ] [    0    0    0 ] [      0      0      0 ] [ 0 ],drive [ 40 ] [ 0 ] [ 1898 1724 1719 ] [   24   35   21 ] [   8546   8083  10919 ] [ 0 ],1.00,1.00,1.00,1.00,-37.15,-20.12,0.00,0.00,0.00,0.00,0.00,-0.00,-0.00,0.00,0.00,0.00,0.00,0.00,0.00,0.00,0.00,0
28.0757,-37,-20,336,0,DRIVE [ 41 ] [ 1 ] [ 1898 1724 1719 ] [    0    0    0 ] [      0      0      0 ] [ 0 ],drive [ 40 ] [ 0 ] [ 1898 1725 1719 ] [   24   35   21 ] [   8546   8083  10919 ] [ 0 ],1.00,1.00,1.00,1.00,-37.14,-20.12,0.00,0.00,0.00,0.00,0.00,-0.00,-0.00,0.00,0.00,0.00,0.00,0.00,0.00,0.00,0.00,0
28.0879,-37,-20,336,0,DRIVE [ 41 ] [ 1 ] [ 1898 1724 1719 ] [    0    0    0 ] [      0      0      0 ] [ 0 ],drive [ 41 ] [ 0 ] [ 1898 1724 1719 ] [   24   35   21 ] [   8546   8083  10919 ] [ 0 ],1.00,1.00,1.00,1.00,-37.18,-20.14,0.00,0.00,0.00,0.00,0.00,-0.00,-0.00,0.00,0.00,0.00,0.00,0.00,0.00,0.00,0.00,0
28.1006,-37,-20,336,0,DRIVE [ 42 ] [ 1 ] [ 1898 1725 1719 ] [    0    0    0 ] [      0      0      0 ] [ 0 ],drive [ 41 ] [ 0 ] [ 1898 1724 1719 ] [   24   35   21 ] [   8546   8083  10918 ] [ 0 ],1.00,1.00,1.00,1.00,-37.18,-20.25,0.00,0.00,0.00,0.00,0.00,-0.00,-0.00,0.00,0.00,0.00,0.00,0.00,0.00,0.00,0.00,0
28.1133,-37,-20,337,0,DRIVE [ 42 ] [ 1 ] [ 1898 1725 1717 ] [    0    0    0 ] [      0      0      0 ] [ 0 ],drive [ 42 ] [ 0 ] [ 1898 1725 1719 ] [   23   35   20 ] [   8546   8083  10918 ] [ 0 ],1.00,1.00,1.00,1.00,-37.16,-20.47,0.00,0.00,0.00,0.00,0.00,-0.00,-0.00,0.00,0.00,0.00,0.00,0.00,0.00,0.00,0.00,0
28.1261,-37,-21,337,0,DRIVE [ 43 ] [ 1 ] [ 1898 1725 1717 ] [    0    0    0 ] [      0      0      0 ] [ 0 ],drive [ 42 ] [ 0 ] [ 1898 1725 1717 ] [   23   35   20 ] [   8546   8083  10918 ] [ 0 ],1.00,1.00,1.00,1.00,-37.21,-20.62,0.00,0.00,0.00,0.00,0.00,-0.00,-0.00,0.00,0.00,0.00,0.00,0.00,0.00,0.00,0.00,0
28.1382,-37,-21,338,0,DRIVE [ 43 ] [ 1 ] [ 1898 1726 1716 ] [    0    0    0 ] [      0      0      0 ] [ 0 ],drive [ 43 ] [ 0 ] [ 1898 1725 1717 ] [   23   35   20 ] [   8546   8083  10918 ] [ 0 ],1.00,1.00,1.00,1.00,-37.29,-20.80,0.00,0.00,0.00,0.00,0.00,-0.00,-0.00,0.00,0.00,0.00,0.00,0.00,0.00,0.00,0.00,0
28.1509,-37,-21,338,0,DRIVE [ 44 ] [ 1 ] [ 1898 1726 1716 ] [    0    0    0 ] [      0      0      0 ] [ 0 ],drive [ 43 ] [ 0 ] [ 1898 1726 1716 ] [   23   35   20 ] [   8546   8083  10918 ] [ 0 ],1.00,1.00,1.00,1.00,-37.27,-20.94,0.00,0.00,0.00,0.00,0.00,-0.00,-0.00,0.00,0.00,0.00,0.00,0.00,0.00,0.00,0.00,0
28.1634,-37,-21,337,0,DRIVE [ 44 ] [ 1 ] [ 1898 1727 1715 ] [    0    0    0 ] [      0      0      0 ] [ 0 ],drive [ 44 ] [ 0 ] [ 1898 1726 1716 ] [   23   35   20 ] [   8546   8083  10918 ] [ 0 ],1.00,1.00,1.00,1.00,-37.08,-21.00,0.00,0.00,0.00,0.00,0.00,-0.00,-0.00,0.00,0.00,0.00,0.00,0.00,0.00,0.00,0.00,0
28.1763,-37,-21,337,0,DRIVE [ 45 ] [ 1 ] [ 1898 1728 1715 ] [    0    0    0 ] [      0      0      0 ] [ 0 ],drive [ 44 ] [ 0 ] [ 1898 1727 1715 ] [   23   35   20 ] [   8546   8083  10918 ] [ 0 ],1.00,1.00,1.00,1.00,-36.92,-21.07,0.00,0.00,0.00,0.00,0.00,-0.00,-0.00,0.00,0.00,0.00,0.00,0.00,0.00,0.00,0.00,0
28.1895,-37,-21,336,0,DRIVE [ 45 ] [ 1 ] [ 1898 1728 1715 ] [    0    0    0 ] [      0      0      0 ] [ 0 ],drive [ 45 ] [ 0 ] [ 1898 1728 1715 ] [   23   35   20 ] [   8546   8083  10918 ] [ 0 ],1.00,1.00,1.00,1.00,-36.70,-21.07,0.00,0.00,0.00,0.00,0.00,-0.00,-0.00,0.00,0.00,0.00,0.00,0.00,0.00,0.00,0.00,0
28.2038,-37,-21,336,0,DRIVE [ 46 ] [ 1 ] [ 1898 1729 1714 ] [    0    0    0 ] [      0      0      0 ] [ 0 ],drive [ 45 ] [ 0 ] [ 1898 1728 1715 ] [   23   35   20 ] [   8546   8083  10918 ] [ 0 ],1.00,1.00,1.00,1.00,-36.61,-21.16,0.00,0.00,0.00,0.00,0.00,-0.00,-0.00,0.00,0.00,0.00,0.00,0.00,0.00,0.00,0.00,0
28.2184,-37,-21,336,0,DRIVE [ 46 ] [ 1 ] [ 1898 1729 1714 ] [    0    0    0 ] [      0      0      0 ] [ 0 ],drive [ 46 ] [ 0 ] [ 1898 1729 1714 ] [   22   35   21 ] [   8546   8083  10918 ] [ 0 ],1.00,1.00,1.00,1.00,-36.55,-21.22,0.00,0.00,0.00,0.00,0.00,-0.00,-0.00,0.00,0.00,0.00,0.00,0.00,0.00,0.00,0.00,0
28.2329,-37,-21,336,0,DRIVE [ 47 ] [ 1 ] [ 1898 1730 1714 ] [    0    0    0 ] [      0      0      0 ] [ 0 ],drive [ 46 ] [ 0 ] [ 1898 1729 1714 ] [   22   35   21 ] [   8546   8083  10918 ] [ 0 ],1.00,1.00,1.00,1.00,-36.56,-21.31,0.00,0.00,0.00,0.00,0.00,-0.00,-0.00,0.00,0.00,0.00,0.00,0.00,0.00,0.00,0.00,0
28.2457,-37,-21,336,0,DRIVE [ 47 ] [ 1 ] [ 1898 1730 1713 ] [    0    0    0 ] [      0      0      0 ] [ 0 ],drive [ 47 ] [ 0 ] [ 1898 1730 1714 ] [   22   35   21 ] [   8546   8083  10918 ] [ 0 ],1.00,1.00,1.00,1.00,-36.55,-21.36,0.00,0.00,0.00,0.00,0.00,-0.00,-0.00,0.00,0.00,0.00,0.00,0.00,0.00,0.00,0.00,0
28.2584,-37,-21,337,0,DRIVE [ 48 ] [ 1 ] [ 1898 1730 1713 ] [    0    0    0 ] [      0      0      0 ] [ 0 ],drive [ 47 ] [ 0 ] [ 1898 1730 1713 ] [   23   35   21 ] [   8546   8083  10918 ] [ 0 ],1.00,1.00,1.00,1.00,-36.60,-21.42,0.00,0.00,0.00,0.00,0.00,-0.00,-0.00,0.00,0.00,0.00,0.00,0.00,0.00,0.00,0.00,0
28.2708,-37,-21,337,0,DRIVE [ 48 ] [ 1 ] [ 1898 1730 1713 ] [    0    0    0 ] [      0      0      0 ] [ 0 ],drive [ 48 ] [ 0 ] [ 1898 1730 1713 ] [   23   35   21 ] [   8546   8083  10918 ] [ 0 ],1.00,1.00,1.00,1.00,-36.57,-21.42,0.00,0.00,0.00,0.00,0.00,-0.00,-0.00,0.00,0.00,0.00,0.00,0.00,0.00,0.00,0.00,0
28.2836,-37,-21,337,0,DRIVE [ 49 ] [ 1 ] [ 1898 1730 1713 ] [    0    0    0 ] [      0      0      0 ] [ 0 ],drive [ 48 ] [ 0 ] [ 1898 1730 1713 ] [   23   35   21 ] [   8546   8083  10918 ] [ 0 ],1.00,1.00,1.00,1.00,-36.55,-21.44,0.00,0.00,0.00,0.00,0.00,-0.00,-0.00,0.00,0.00,0.00,0.00,0.00,0.00,0.00,0.00,0
28.2963,-37,-21,337,0,DRIVE [ 49 ] [ 1 ] [ 1898 1730 1714 ] [    0    0    0 ] [      0      0      0 ] [ 0 ],drive [ 49 ] [ 0 ] [ 1898 1730 1713 ] [   23   35   21 ] [   8546   8083  10918 ] [ 0 ],1.00,1.00,1.00,1.00,-36.57,-21.39,0.00,0.00,0.00,0.00,0.00,-0.00,-0.00,0.00,0.00,0.00,0.00,0.00,0.00,0.00,0.00,0
28.3091,-37,-21,337,0,DRIVE [ 50 ] [ 1 ] [ 1898 1730 1714 ] [    0    0    0 ] [      0      0      0 ] [ 0 ],drive [ 49 ] [ 0 ] [ 1898 1730 1714 ] [   23   36   20 ] [   8546   8083  10918 ] [ 0 ],1.00,1.00,1.00,1.00,-36.62,-21.35,0.00,0.00,0.00,0.00,0.00,-0.00,-0.00,0.00,0.00,0.00,0.00,0.00,0.00,0.00,0.00,0
28.3227,-37,-21,337,0,DRIVE [ 50 ] [ 1 ] [ 1898 1730 1714 ] [    0    0    0 ] [      0      0      0 ] [ 0 ],drive [ 50 ] [ 0 ] [ 1898 1730 1714 ] [   23   36   20 ] [   8546   8083  10918 ] [ 0 ],1.00,1.00,1.00,1.00,-36.58,-21.30,0.00,0.00,0.00,0.00,0.00,-0.00,-0.00,0.00,0.00,0.00,0.00,0.00,0.00,0.00,0.00,0
28.3348,-37,-21,337,0,DRIVE [ 51 ] [ 1 ] [ 1898 1730 1714 ] [    0    0    0 ] [      0      0      0 ] [ 0 ],drive [ 50 ] [ 0 ] [ 1898 1730 1714 ] [   23   36   20 ] [   8546   8083  10918 ] [ 0 ],1.00,1.00,1.00,1.00,-36.54,-21.30,0.00,0.00,0.00,0.00,0.00,-0.00,-0.00,0.00,0.00,0.00,0.00,0.00,0.00,0.00,0.00,0
28.3476,-37,-21,338,0,DRIVE [ 51 ] [ 1 ] [ 1898 1730 1714 ] [    0    0    0 ] [      0      0      0 ] [ 0 ],drive [ 51 ] [ 0 ] [ 1898 1730 1714 ] [   23   36   20 ] [   8546   8083  10918 ] [ 0 ],1.00,1.00,1.00,1.00,-36.66,-21.48,0.00,0.00,0.00,0.00,0.00,-0.00,-0.00,0.00,0.00,0.00,0.00,0.00,0.00,0.00,0.00,0
28.36,-37,-22,338,0,DRIVE [ 52 ] [ 1 ] [ 1898 1731 1713 ] [    0    0    0 ] [      0      0      0 ] [ 0 ],drive [ 51 ] [ 0 ] [ 1898 1730 1714 ] [   23   36   21 ] [   8546   8083  10918 ] [ 0 ],1.00,1.00,1.00,1.00,-36.61,-21.58,0.00,0.00,0.00,0.00,0.00,-0.00,-0.00,0.00,0.00,0.00,0.00,0.00,0.00,0.00,0.00,0
28.3729,-36,-22,337,0,DRIVE [ 52 ] [ 1 ] [ 1898 1731 1713 ] [    0    0    0 ] [      0      0      0 ] [ 0 ],drive [ 52 ] [ 0 ] [ 1898 1731 1713 ] [   23   36   21 ] [   8546   8083  10918 ] [ 0 ],1.00,1.00,1.00,1.00,-36.33,-21.56,0.00,0.00,0.00,0.00,0.00,-0.00,-0.00,0.00,0.00,0.00,0.00,0.00,0.00,0.00,0.00,0
28.3851,-36,-22,337,0,DRIVE [ 53 ] [ 1 ] [ 1898 1732 1713 ] [    0    0    0 ] [      0      0      0 ] [ 0 ],drive [ 52 ] [ 0 ] [ 1898 1731 1713 ] [   23   36   21 ] [   8546   8083  10918 ] [ 0 ],1.00,1.00,1.00,1.00,-36.24,-21.63,0.00,0.00,0.00,0.00,0.00,-0.00,-0.00,0.00,0.00,0.00,0.00,0.00,0.00,0.00,0.00,0
28.3977,-36,-22,336,0,DRIVE [ 53 ] [ 1 ] [ 1898 1733 1712 ] [    0    0    0 ] [      0      0      0 ] [ 0 ],drive [ 53 ] [ 0 ] [ 1898 1732 1713 ] [   23   36   21 ] [   8546   8083  10919 ] [ 0 ],1.00,1.00,1.00,1.00,-36.13,-21.75,0.00,0.00,0.00,0.00,0.00,-0.00,-0.00,0.00,0.00,0.00,0.00,0.00,0.00,0.00,0.00,0
28.4104,-36,-22,336,0,DRIVE [ 54 ] [ 1 ] [ 1898 1733 1712 ] [    0    0    0 ] [      0      0      0 ] [ 0 ],drive [ 53 ] [ 0 ] [ 1898 1733 1712 ] [   23   35   22 ] [   8546   8083  10919 ] [ 0 ],1.00,1.00,1.00,1.00,-36.07,-21.81,0.00,0.00,0.00,0.00,0.00,-0.00,-0.00,0.00,0.00,0.00,0.00,0.00,0.00,0.00,0.00,0
28.4226,-36,-22,336,0,DRIVE [ 54 ] [ 1 ] [ 1898 1733 1712 ] [    0    0    0 ] [      0      0      0 ] [ 0 ],drive [ 54 ] [ 0 ] [ 1898 1733 1712 ] [   23   35   22 ] [   8546   8083  10919 ] [ 0 ],1.00,1.00,1.00,1.00,-35.99,-21.86,0.00,0.00,0.00,0.00,0.00,-0.00,-0.00,0.00,0.00,0.00,0.00,0.00,0.00,0.00,0.00,0
28.4351,-36,-22,336,0,DRIVE [ 55 ] [ 1 ] [ 1898 1734 1711 ] [    0    0    0 ] [      0      0      0 ] [ 0 ],drive [ 54 ] [ 0 ] [ 1898 1733 1712 ] [   23   35   22 ] [   8546   8083  10919 ] [ 0 ],1.00,1.00,1.00,1.00,-35.92,-21.94,0.00,0.00,0.00,0.00,0.00,-0.00,-0.00,0.00,0.00,0.00,0.00,0.00,0.00,0.00,0.00,0
28.4476,-36,-22,336,0,DRIVE [ 55 ] [ 1 ] [ 1898 1735 1711 ] [    0    0    0 ] [      0      0      0 ] [ 0 ],drive [ 55 ] [ 0 ] [ 1898 1734 1711 ] [   23   35   22 ] [   8546   8083  10919 ] [ 0 ],1.00,1.00,1.00,1.00,-35.69,-21.92,0.00,0.00,0.00,0.00,0.00,-0.00,-0.00,0.00,0.00,0.00,0.00,0.00,0.00,0.00,0.00,0
28.4601,-36,-22,337,0,DRIVE [ 56 ] [ 1 ] [ 1898 1736 1712 ] [    0    0    0 ] [      0      0      0 ] [ 0 ],drive [ 55 ] [ 0 ] [ 1898 1735 1711 ] [   24   35   21 ] [   8546   8083  10919 ] [ 0 ],1.00,1.00,1.00,1.00,-35.65,-21.96,0.00,0.00,0.00,0.00,0.00,-0.00,-0.00,0.00,0.00,0.00,0.00,0.00,0.00,0.00,0.00,0
28.4747,-35,-22,336,0,DRIVE [ 56 ] [ 1 ] [ 1898 1737 1712 ] [    0    0    0 ] [      0      0      0 ] [ 0 ],drive [ 56 ] [ 0 ] [ 1898 1736 1712 ] [   24   35   21 ] [   8546   8083  10919 ] [ 0 ],1.00,1.00,1.00,1.00,-35.34,-21.93,0.00,0.00,0.00,0.00,0.00,-0.00,-0.00,0.00,0.00,0.00,0.00,0.00,0.00,0.00,0.00,0
28.4872,-35,-22,337,0,DRIVE [ 57 ] [ 1 ] [ 1898 1738 1713 ] [    0    0    0 ] [      0      0      0 ] [ 0 ],drive [ 56 ] [ 0 ] [ 1898 1737 1712 ] [   24   35   21 ] [   8546   8083  10919 ] [ 0 ],1.00,1.00,1.00,1.00,-35.19,-21.82,0.00,0.00,0.00,0.00,0.00,-0.00,-0.00,0.00,0.00,0.00,0.00,0.00,0.00,0.00,0.00,0
28.4999,-35,-22,337,0,DRIVE [ 57 ] [ 1 ] [ 1898 1739 1714 ] [    0    0    0 ] [      0      0      0 ] [ 0 ],drive [ 57 ] [ 0 ] [ 1898 1738 1713 ] [   24   35   21 ] [   8546   8083  10919 ] [ 0 ],1.00,1.00,1.00,1.00,-35.11,-21.81,0.00,0.00,0.00,0.00,0.00,-0.00,-0.00,0.00,0.00,0.00,0.00,0.00,0.00,0.00,0.00,0
28.5124,-35,-22,336,0,DRIVE [ 58 ] [ 1 ] [ 1898 1740 1715 ] [    0    0    0 ] [      0      0      0 ] [ 0 ],drive [ 57 ] [ 0 ] [ 1898 1739 1714 ] [   23   34   21 ] [   8546   8083  10919 ] [ 0 ],1.00,1.00,1.00,1.00,-34.75,-21.66,0.00,0.00,0.00,0.00,0.00,-0.00,-0.00,0.00,0.00,0.00,0.00,0.00,0.00,0.00,0.00,0
28.5249,-35,-21,337,0,DRIVE [ 58 ] [ 1 ] [ 1898 1741 1717 ] [    0    0    0 ] [      0      0      0 ] [ 0 ],drive [ 58 ] [ 0 ] [ 1898 1740 1715 ] [   23   34   21 ] [   8546   8083  10919 ] [ 0 ],1.00,1.00,1.00,1.00,-34.62,-21.45,0.00,0.00,0.00,0.00,0.00,-0.00,-0.00,0.00,0.00,0.00,0.00,0.00,0.00,0.00,0.00,0
28.5374,-34,-21,336,0,DRIVE [ 59 ] [ 1 ] [ 1898 1741 1718 ] [    0    0    0 ] [      0      0      0 ] [ 0 ],drive [ 58 ] [ 0 ] [ 1898 1741 1717 ] [   23   34   21 ] [   8546   8083  10919 ] [ 0 ],1.00,1.00,1.00,1.00,-34.47,-21.21,0.00,0.00,0.00,0.00,0.00,-0.00,-0.00,0.00,0.00,0.00,0.00,0.00,0.00,0.00,0.00,0
28.5501,-34,-21,336,0,DRIVE [ 59 ] [ 1 ] [ 1898 1741 1719 ] [    0    0    0 ] [      0      0      0 ] [ 0 ],drive [ 59 ] [ 0 ] [ 1898 1741 1718 ] [   23   34   21 ] [   8546   8083  10919 ] [ 0 ],1.00,1.00,1.00,1.00,-34.34,-21.05,0.00,0.00,0.00,0.00,0.00,-0.00,-0.00,0.00,0.00,0.00,0.00,0.00,0.00,0.00,0.00,0
28.5629,-34,-21,336,0,DRIVE [ 60 ] [ 1 ] [ 1898 1742 1720 ] [    0    0    0 ] [      0      0      0 ] [ 0 ],drive [ 59 ] [ 0 ] [ 1898 1741 1719 ] [   23   34   21 ] [   8546   8083  10919 ] [ 0 ],1.00,1.00,1.00,1.00,-34.25,-20.83,0.00,0.00,0.00,0.00,0.00,-0.00,-0.00,0.00,0.00,0.00,0.00,0.00,0.00,0.00,0.00,0
28.5756,-34,-21,336,0,DRIVE [ 60 ] [ 1 ] [ 1898 1742 1721 ] [    0    0    0 ] [      0      0      0 ] [ 0 ],drive [ 60 ] [ 0 ] [ 1898 1742 1720 ] [   23   34   21 ] [   8546   8083  10919 ] [ 0 ],1.00,1.00,1.00,1.00,-34.22,-20.78,0.00,0.00,0.00,0.00,0.00,-0.00,-0.00,0.00,0.00,0.00,0.00,0.00,0.00,0.00,0.00,0
28.5877,-34,-21,337,0,DRIVE [ 61 ] [ 1 ] [ 1898 1742 1721 ] [    0    0    0 ] [      0      0      0 ] [ 0 ],drive [ 60 ] [ 0 ] [ 1898 1742 1721 ] [   23   34   21 ] [   8546   8083  10919 ] [ 0 ],1.00,1.00,1.00,1.00,-34.32,-20.78,0.00,0.00,0.00,0.00,0.00,-0.00,-0.00,0.00,0.00,0.00,0.00,0.00,0.00,0.00,0.00,0
28.6006,-34,-21,337,0,DRIVE [ 61 ] [ 1 ] [ 1898 1741 1721 ] [    0    0    0 ] [      0      0      0 ] [ 0 ],drive [ 61 ] [ 0 ] [ 1898 1742 1721 ] [   23   34   21 ] [   8546   8083  10919 ] [ 0 ],1.00,1.00,1.00,1.00,-34.48,-20.73,0.00,0.00,0.00,0.00,0.00,-0.00,-0.00,0.00,0.00,0.00,0.00,0.00,0.00,0.00,0.00,0
28.6133,-34,-21,335,0,DRIVE [ 62 ] [ 1 ] [ 1898 1740 1721 ] [    0    0    0 ] [      0      0      0 ] [ 0 ],drive [ 61 ] [ 0 ] [ 1898 1741 1721 ] [   23   34   21 ] [   8546   8083  10919 ] [ 0 ],1.00,1.00,1.00,1.00,-34.49,-20.68,0.00,0.00,0.00,0.00,0.00,-0.00,-0.00,0.00,0.00,0.00,0.00,0.00,0.00,0.00,0.00,0
28.626,-35,-21,335,0,DRIVE [ 62 ] [ 1 ] [ 1898 1738 1720 ] [    0    0    0 ] [      0      0      0 ] [ 0 ],drive [ 62 ] [ 0 ] [ 1898 1740 1721 ] [   23   34   21 ] [   8546   8083  10919 ] [ 0 ],1.00,1.00,1.00,1.00,-34.74,-20.63,0.00,0.00,0.00,0.00,0.00,-0.00,-0.00,0.00,0.00,0.00,0.00,0.00,0.00,0.00,0.00,0
28.6395,-35,-21,336,0,DRIVE [ 63 ] [ 1 ] [ 1898 1737 1720 ] [    0    0    0 ] [      0      0      0 ] [ 0 ],drive [ 62 ] [ 0 ] [ 1898 1738 1720 ] [   23   34   21 ] [   8546   8083  10919 ] [ 0 ],1.00,1.00,1.00,1.00,-34.97,-20.70,0.00,0.00,0.00,0.00,0.00,-0.00,-0.00,0.00,0.00,0.00,0.00,0.00,0.00,0.00,0.00,0
28.6519,-35,-21,335,0,DRIVE [ 63 ] [ 1 ] [ 1898 1736 1719 ] [    0    0    0 ] [      0      0      0 ] [ 0 ],drive [ 63 ] [ 0 ] [ 1898 1737 1720 ] [   23   34   21 ] [   8546   8083  10919 ] [ 0 ],1.00,1.00,1.00,1.00,-35.20,-20.74,0.00,0.00,0.00,0.00,0.00,-0.00,-0.00,0.00,0.00,0.00,0.00,0.00,0.00,0.00,0.00,0
28.6647,-35,-21,334,0,DRIVE [ 64 ] [ 1 ] [ 1898 1734 1717 ] [    0    0    0 ] [      0      0      0 ] [ 0 ],drive [ 63 ] [ 0 ] [ 1898 1736 1719 ] [   27   33   21 ] [   8546   8083  10919 ] [ 0 ],1.00,1.00,1.00,1.00,-35.44,-20.77,0.00,0.00,0.00,0.00,0.00,-0.00,-0.00,0.00,0.00,0.00,0.00,0.00,0.00,0.00,0.00,0
28.6775,-36,-21,333,0,DRIVE [ 64 ] [ 1 ] [ 1898 1732 1716 ] [    0    0    0 ] [      0      0      0 ] [ 0 ],drive [ 64 ] [ 0 ] [ 1898 1734 1717 ] [   27   33   21 ] [   8546   8083  10919 ] [ 0 ],1.00,1.00,1.00,1.00,-35.68,-20.84,0.00,0.00,0.00,0.00,0.00,-0.00,-0.00,0.00,0.00,0.00,0.00,0.00,0.00,0.00,0.00,0
28.6899,-36,-21,335,0,DRIVE [ 65 ] [ 1 ] [ 1898 1731 1715 ] [    0    0    0 ] [      0      0      0 ] [ 0 ],drive [ 64 ] [ 0 ] [ 1898 1732 1716 ] [   27   33   21 ] [   8546   8083  10919 ] [ 0 ],1.00,1.00,1.00,1.00,-36.16,-21.13,0.00,0.00,0.00,0.00,0.00,-0.00,-0.00,0.00,0.00,0.00,0.00,0.00,0.00,0.00,0.00,0
28.7026,-37,-21,336,0,DRIVE [ 65 ] [ 1 ] [ 1898 1730 1714 ] [    0    0    0 ] [      0      0      0 ] [ 0 ],drive [ 65 ] [ 0 ] [ 1898 1731 1715 ] [   27   33   21 ] [   8550   8083  10919 ] [ 0 ],1.00,1.00,1.00,1.00,-36.54,-21.30,0.00,0.00,0.00,0.00,0.00,-0.00,-0.00,0.00,0.00,0.00,0.00,0.00,0.00,0.00,0.00,0
28.7159,-37,-21,336,0,DRIVE [ 66 ] [ 1 ] [ 1898 1728 1713 ] [    0    0    0 ] [      0      0      0 ] [ 0 ],drive [ 65 ] [ 0 ] [ 1898 1730 1714 ] [   25   34   21 ] [   8550   8083  10919 ] [ 0 ],1.00,1.00,1.00,1.00,-36.72,-21.30,0.00,0.00,0.00,0.00,0.00,-0.00,-0.00,0.00,0.00,0.00,0.00,0.00,0.00,0.00,0.00,0
28.7288,-37,-21,336,0,DRIVE [ 66 ] [ 1 ] [ 1898 1728 1713 ] [    0    0    0 ] [      0      0      0 ] [ 0 ],drive [ 66 ] [ 0 ] [ 1898 1728 1713 ] [   25   34   21 ] [   8550   8083  10919 ] [ 0 ],1.00,1.00,1.00,1.00,-36.83,-21.26,0.00,0.00,0.00,0.00,0.00,-0.00,-0.00,0.00,0.00,0.00,0.00,0.00,0.00,0.00,0.00,0
28.7417,-37,-21,336,0,DRIVE [ 67 ] [ 1 ] [ 1898 1727 1714 ] [    0    0    0 ] [      0      0      0 ] [ 0 ],drive [ 66 ] [ 0 ] [ 1898 1728 1713 ] [   25   34   21 ] [   8550   8083  10919 ] [ 0 ],1.00,1.00,1.00,1.00,-36.90,-21.12,0.00,0.00,0.00,0.00,0.00,-0.00,-0.00,0.00,0.00,0.00,0.00,0.00,0.00,0.00,0.00,0
28.754,-37,-21,336,0,DRIVE [ 67 ] [ 1 ] [ 1898 1727 1715 ] [    0    0    0 ] [      0      0      0 ] [ 0 ],drive [ 67 ] [ 0 ] [ 1898 1727 1714 ] [   25   34   21 ] [   8549   8083  10919 ] [ 0 ],1.00,1.00,1.00,1.00,-36.91,-20.91,0.00,0.00,0.00,0.00,0.00,-0.00,-0.00,0.00,0.00,0.00,0.00,0.00,0.00,0.00,0.00,0
28.7668,-37,-21,335,0,DRIVE [ 68 ] [ 1 ] [ 1898 1727 1717 ] [    0    0    0 ] [      0      0      0 ] [ 0 ],drive [ 67 ] [ 0 ] [ 1898 1727 1715 ] [   26   34   22 ] [   8549   8083  10919 ] [ 0 ],1.00,1.00,1.00,1.00,-36.75,-20.57,0.00,0.00,0.00,0.00,0.00,-0.00,-0.00,0.00,0.00,0.00,0.00,0.00,0.00,0.00,0.00,0
28.7795,-37,-20,335,0,DRIVE [ 68 ] [ 1 ] [ 1898 1726 1720 ] [    0    0    0 ] [      0      0      0 ] [ 0 ],drive [ 68 ] [ 0 ] [ 1898 1727 1717 ] [   26   34   22 ] [   8549   8083  10919 ] [ 0 ],1.00,1.00,1.00,1.00,-36.68,-20.04,0.00,0.00,0.00,0.00,0.00,-0.00,-0.00,0.00,0.00,0.00,0.00,0.00,0.00,0.00,0.00,0
28.7923,-36,-19,334,0,DRIVE [ 69 ] [ 1 ] [ 1898 1727 1723 ] [    0    0    0 ] [      0      0      0 ] [ 0 ],drive [ 68 ] [ 0 ] [ 1898 1726 1720 ] [   26   34   22 ] [   8549   8083  10919 ] [ 0 ],1.00,1.00,1.00,1.00,-36.44,-19.50,0.00,0.00,0.00,0.00,0.00,-0.00,-0.00,0.00,0.00,0.00,0.00,0.00,0.00,0.00,0.00,0
28.8045,-36,-19,334,0,DRIVE [ 69 ] [ 1 ] [ 1898 1727 1727 ] [    0    0    0 ] [      0      0      0 ] [ 0 ],drive [ 69 ] [ 0 ] [ 1898 1727 1723 ] [   26   34   22 ] [   8549   8083  10919 ] [ 0 ],1.00,1.00,1.00,1.00,-36.28,-18.85,0.00,0.00,0.00,0.00,0.00,-0.00,-0.00,0.00,0.00,0.00,0.00,0.00,0.00,0.00,0.00,0
28.8173,-36,-18,334,0,DRIVE [ 70 ] [ 1 ] [ 1898 1727 1731 ] [    0    0    0 ] [      0      0      0 ] [ 0 ],drive [ 69 ] [ 0 ] [ 1898 1727 1727 ] [   25   35   21 ] [   8549   8083  10919 ] [ 0 ],1.00,1.00,1.00,1.00,-36.06,-18.27,0.00,0.00,0.00,0.00,0.00,-0.00,-0.00,0.00,0.00,0.00,0.00,0.00,0.00,0.00,0.00,0
28.83,-36,-18,335,0,DRIVE [ 70 ] [ 1 ] [ 1898 1727 1735 ] [    0    0    0 ] [      0      0      0 ] [ 0 ],drive [ 70 ] [ 0 ] [ 1898 1727 1731 ] [   25   35   21 ] [   8549   8083  10919 ] [ 0 ],1.00,1.00,1.00,1.00,-35.84,-17.60,0.00,0.00,0.00,0.00,0.00,-0.00,-0.00,0.00,0.00,0.00,0.00,0.00,0.00,0.00,0.00,0
28.8425,-35,-17,334,0,DRIVE [ 71 ] [ 1 ] [ 1898 1728 1740 ] [    0    0    0 ] [      0      0      0 ] [ 0 ],drive [ 70 ] [ 0 ] [ 1898 1727 1735 ] [   25   35   21 ] [   8549   8083  10919 ] [ 0 ],1.00,1.00,1.00,1.00,-35.40,-16.83,0.00,0.00,0.00,0.00,0.00,-0.00,-0.00,0.00,0.00,0.00,0.00,0.00,0.00,0.00,0.00,0
28.8562,-35,-16,334,0,DRIVE [ 71 ] [ 1 ] [ 1898 1728 1744 ] [    0    0    0 ] [      0      0      0 ] [ 0 ],drive [ 71 ] [ 0 ] [ 1898 1728 1740 ] [   25   35   21 ] [   8548   8083  10919 ] [ 0 ],1.00,1.00,1.00,1.00,-35.19,-16.20,0.00,0.00,0.00,0.00,0.00,-0.00,-0.00,0.00,0.00,0.00,0.00,0.00,0.00,0.00,0.00,0
28.8687,-35,-16,334,0,DRIVE [ 72 ] [ 1 ] [ 1898 1729 1747 ] [    0    0    0 ] [      0      0      0 ] [ 0 ],drive [ 71 ] [ 0 ] [ 1898 1728 1744 ] [   26   34   19 ] [   8548   8083  10919 ] [ 0 ],1.00,1.00,1.00,1.00,-34.92,-15.71,0.00,0.00,0.00,0.00,0.00,-0.00,-0.00,0.00,0.00,0.00,0.00,0.00,0.00,0.00,0.00,0
28.8813,-35,-15,334,0,DRIVE [ 72 ] [ 1 ] [ 1898 1730 1750 ] [    0    0    0 ] [      0      0      0 ] [ 0 ],drive [ 72 ] [ 0 ] [ 1898 1729 1747 ] [   26   34   19 ] [   8548   8083  10919 ] [ 0 ],1.00,1.00,1.00,1.00,-34.56,-15.23,0.00,0.00,0.00,0.00,0.00,-0.00,-0.00,0.00,0.00,0.00,0.00,0.00,0.00,0.00,0.00,0
28.8936,-34,-15,334,0,DRIVE [ 73 ] [ 1 ] [ 1898 1731 1752 ] [    0    0    0 ] [      0      0      0 ] [ 0 ],drive [ 72 ] [ 0 ] [ 1898 1730 1750 ] [   26   34   19 ] [   8549   8083  10919 ] [ 0 ],1.00,1.00,1.00,1.00,-34.38,-14.91,0.00,0.00,0.00,0.00,0.00,-0.00,-0.00,0.00,0.00,0.00,0.00,0.00,0.00,0.00,0.00,0
28.9062,-34,-15,333,0,DRIVE [ 73 ] [ 1 ] [ 1898 1731 1754 ] [    0    0    0 ] [      0      0      0 ] [ 0 ],drive [ 73 ] [ 0 ] [ 1898 1731 1752 ] [   26   34   19 ] [   8549   8083  10919 ] [ 0 ],1.00,1.00,1.00,1.00,-34.06,-14.62,0.00,0.00,0.00,0.00,0.00,-0.00,-0.00,0.00,0.00,0.00,0.00,0.00,0.00,0.00,0.00,0
28.9185,-34,-14,331,0,DRIVE [ 74 ] [ 1 ] [ 1898 1732 1755 ] [    0    0    0 ] [      0      0      0 ] [ 0 ],drive [ 73 ] [ 0 ] [ 1898 1731 1754 ] [   26   36   17 ] [   8549   8083  10919 ] [ 0 ],1.00,1.00,1.00,1.00,-33.78,-14.37,0.00,0.00,0.00,0.00,0.00,-0.00,-0.00,0.00,0.00,0.00,0.00,0.00,0.00,0.00,0.00,0
28.9312,-34,-14,331,0,DRIVE [ 74 ] [ 1 ] [ 1898 1732 1755 ] [    0    0    0 ] [      0      0      0 ] [ 0 ],drive [ 74 ] [ 0 ] [ 1898 1732 1755 ] [   26   36   17 ] [   8549   8083  10919 ] [ 0 ],1.00,1.00,1.00,1.00,-33.71,-14.36,0.00,0.00,0.00,0.00,0.00,-0.00,-0.00,0.00,0.00,0.00,0.00,0.00,0.00,0.00,0.00,0
28.9438,-34,-14,332,0,DRIVE [ 75 ] [ 1 ] [ 1898 1733 1756 ] [    0    0    0 ] [      0      0      0 ] [ 0 ],drive [ 74 ] [ 0 ] [ 1898 1732 1755 ] [   26   36   17 ] [   8548   8083  10918 ] [ 0 ],1.00,1.00,1.00,1.00,-33.61,-14.39,0.00,0.00,0.00,0.00,0.00,-0.00,-0.00,0.00,0.00,0.00,0.00,0.00,0.00,0.00,0.00,0
28.956,-33,-14,331,0,DRIVE [ 75 ] [ 1 ] [ 1898 1734 1756 ] [    0    0    0 ] [      0      0      0 ] [ 0 ],drive [ 75 ] [ 0 ] [ 1898 1733 1756 ] [   26   36   17 ] [   8548   8083  10918 ] [ 0 ],1.00,1.00,1.00,1.00,-33.32,-14.41,0.00,0.00,0.00,0.00,0.00,-0.00,-0.00,0.00,0.00,0.00,0.00,0.00,0.00,0.00,0.00,0
28.9686,-33,-14,329,0,DRIVE [ 76 ] [ 1 ] [ 1898 1735 1755 ] [    0    0    0 ] [      0      0      0 ] [ 0 ],drive [ 75 ] [ 0 ] [ 1898 1734 1756 ] [   25   36   17 ] [   8548   8083  10918 ] [ 0 ],1.00,1.00,1.00,1.00,-33.02,-14.46,0.00,0.00,0.00,0.00,0.00,-0.00,-0.00,0.00,0.00,0.00,0.00,0.00,0.00,0.00,0.00,0
28.9812,-33,-15,328,0,DRIVE [ 76 ] [ 1 ] [ 1898 1736 1755 ] [    0    0    0 ] [      0      0      0 ] [ 0 ],drive [ 76 ] [ 0 ] [ 1898 1735 1755 ] [   25   36   17 ] [   8548   8083  10918 ] [ 0 ],1.00,1.00,1.00,1.00,-32.87,-14.53,0.00,0.00,0.00,0.00,0.00,-0.00,-0.00,0.00,0.00,0.00,0.00,0.00,0.00,0.00,0.00,0
28.9938,-33,-15,328,0,DRIVE [ 77 ] [ 1 ] [ 1898 1736 1754 ] [    0    0    0 ] [      0      0      0 ] [ 0 ],drive [ 76 ] [ 0 ] [ 1898 1736 1755 ] [   25   36   17 ] [   8548   8083  10918 ] [ 0 ],1.00,1.00,1.00,1.00,-32.91,-14.60,0.00,0.00,0.00,0.00,0.00,-0.00,-0.00,0.00,0.00,0.00,0.00,0.00,0.00,0.00,0.00,0
29.0062,-33,-15,328,0,DRIVE [ 77 ] [ 1 ] [ 1898 1735 1754 ] [    0    0    0 ] [      0      0      0 ] [ 0 ],drive [ 77 ] [ 0 ] [ 1898 1736 1754 ] [   25   36   17 ] [   8548   8083  10918 ] [ 0 ],1.00,1.00,1.00,1.00,-32.95,-14.67,0.00,0.00,0.00,0.00,0.00,-0.00,-0.00,0.00,0.00,0.00,0.00,0.00,0.00,0.00,0.00,0
29.0189,-33,-15,326,0,DRIVE [ 78 ] [ 1 ] [ 1898 1735 1753 ] [    0    0    0 ] [      0      0      0 ] [ 0 ],drive [ 77 ] [ 0 ] [ 1898 1735 1754 ] [   25   34   17 ] [   8548   8083  10918 ] [ 0 ],1.00,1.00,1.00,1.00,-32.85,-14.63,0.00,0.00,0.00,0.00,0.00,-0.00,-0.00,0.00,0.00,0.00,0.00,0.00,0.00,0.00,0.00,0
29.0336,-33,-15,325,0,DRIVE [ 78 ] [ 1 ] [ 1898 1734 1753 ] [    0    0    0 ] [      0      0      0 ] [ 0 ],drive [ 78 ] [ 0 ] [ 1898 1735 1753 ] [   25   34   17 ] [   8548   8083  10918 ] [ 0 ],1.00,1.00,1.00,1.00,-32.90,-14.54,0.00,0.00,0.00,0.00,0.00,-0.00,-0.00,0.00,0.00,0.00,0.00,0.00,0.00,0.00,0.00,0
29.0461,-33,-14,323,0,DRIVE [ 79 ] [ 1 ] [ 1898 1733 1753 ] [    0    0    0 ] [      0      0      0 ] [ 0 ],drive [ 78 ] [ 0 ] [ 1898 1734 1753 ] [   25   34   17 ] [   8549   8083  10918 ] [ 0 ],1.00,1.00,1.00,1.00,-32.89,-14.43,0.00,0.00,0.00,0.00,0.00,-0.00,-0.00,0.00,0.00,0.00,0.00,0.00,0.00,0.00,0.00,0
29.0588,-33,-14,323,0,DRIVE [ 79 ] [ 1 ] [ 1898 1733 1753 ] [    0    0    0 ] [      0      0      0 ] [ 0 ],drive [ 79 ] [ 0 ] [ 1898 1733 1753 ] [   24   34   17 ] [   8549   8083  10918 ] [ 0 ],1.00,1.00,1.00,1.00,-32.79,-14.37,0.00,0.00,0.00,0.00,0.00,-0.00,-0.00,0.00,0.00,0.00,0.00,0.00,0.00,0.00,0.00,0
29.0727,-32,-14,321,0,DRIVE [ 80 ] [ 1 ] [ 1898 1734 1754 ] [    0    0    0 ] [      0      0      0 ] [ 0 ],drive [ 79 ] [ 0 ] [ 1898 1733 1753 ] [   24   34   17 ] [   8549   8083  10918 ] [ 0 ],1.00,1.00,1.00,1.00,-32.48,-14.16,0.00,0.00,0.00,0.00,0.00,-0.00,-0.00,0.00,0.00,0.00,0.00,0.00,0.00,0.00,0.00,0
29.0884,-32,-14,319,0,DRIVE [ 80 ] [ 1 ] [ 1898 1734 1755 ] [    0    0    0 ] [      0      0      0 ] [ 0 ],drive [ 80 ] [ 0 ] [ 1898 1734 1754 ] [   24   34   17 ] [   8549   8083  10918 ] [ 0 ],1.00,1.00,1.00,1.00,-32.25,-13.95,0.00,0.00,0.00,0.00,0.00,-0.00,-0.00,0.00,0.00,0.00,0.00,0.00,0.00,0.00,0.00,0
29.1013,-32,-14,319,0,DRIVE [ 81 ] [ 1 ] [ 1898 1736 1757 ] [    0    0    0 ] [      0      0      0 ] [ 0 ],drive [ 80 ] [ 0 ] [ 1898 1734 1755 ] [   24   34   17 ] [   8548   8083  10918 ] [ 0 ],1.00,1.00,1.00,1.00,-31.76,-13.73,0.00,0.00,0.00,0.00,0.00,-0.00,-0.00,0.00,0.00,0.00,0.00,0.00,0.00,0.00,0.00,0
29.1139,-31,-13,317,0,DRIVE [ 81 ] [ 1 ] [ 1898 1738 1760 ] [    0    0    0 ] [      0      0      0 ] [ 0 ],drive [ 81 ] [ 0 ] [ 1898 1736 1757 ] [   26   34   17 ] [   8548   8083  10918 ] [ 0 ],1.00,1.00,1.00,1.00,-31.11,-13.37,0.00,0.00,0.00,0.00,0.00,-0.00,-0.00,0.00,0.00,0.00,0.00,0.00,0.00,0.00,0.00,0
29.1266,-30,-13,314,0,DRIVE [ 82 ] [ 1 ] [ 1898 1741 1763 ] [    0    0    0 ] [      0      0      0 ] [ 0 ],drive [ 81 ] [ 0 ] [ 1898 1738 1760 ] [   26   34   17 ] [   8548   8083  10918 ] [ 0 ],1.00,1.00,1.00,1.00,-30.31,-12.90,0.00,0.00,0.00,0.00,0.00,-0.00,-0.00,0.00,0.00,0.00,0.00,0.00,0.00,0.00,0.00,0
29.14,-29,-12,311,0,DRIVE [ 82 ] [ 1 ] [ 1898 1746 1769 ] [    0    0    0 ] [      0      0      0 ] [ 0 ],drive [ 82 ] [ 0 ] [ 1898 1741 1763 ] [   26   34   17 ] [   8548   8083  10918 ] [ 0 ],1.00,1.00,1.00,1.00,-28.96,-12.13,0.00,0.00,0.00,0.00,0.00,-0.00,-0.00,0.00,0.00,0.00,0.00,0.00,0.00,0.00,0.00,0
29.1519,-28,-11,309,0,DRIVE [ 83 ] [ 1 ] [ 1898 1753 1775 ] [    0    0    0 ] [      0      0      0 ] [ 0 ],drive [ 82 ] [ 0 ] [ 1898 1746 1769 ] [   26   34   17 ] [   8549   8081  10918 ] [ 0 ],1.00,1.00,1.00,1.00,-27.54,-11.46,0.00,0.00,0.00,0.00,0.00,-0.00,-0.00,0.00,0.00,0.00,0.00,0.00,0.00,0.00,0.00,0
29.1644,-26,-11,305,0,DRIVE [ 83 ] [ 1 ] [ 1898 1759 1783 ] [    0    0    0 ] [      0      0      0 ] [ 0 ],drive [ 83 ] [ 0 ] [ 1898 1753 1775 ] [   25   33   15 ] [   8549   8081  10918 ] [ 0 ],1.00,1.00,1.00,1.00,-25.93,-10.52,0.00,0.00,0.00,0.00,0.00,-0.00,-0.00,0.00,0.00,0.00,0.00,0.00,0.00,0.00,0.00,0
29.1768,-24,-10,301,0,DRIVE [ 84 ] [ 1 ] [ 1898 1767 1790 ] [    0    0    0 ] [      0      0      0 ] [ 0 ],drive [ 83 ] [ 0 ] [ 1898 1759 1783 ] [   25   33   15 ] [   8549   8081  10918 ] [ 0 ],1.00,1.00,1.00,1.00,-24.20,-9.66,0.00,0.00,0.00,0.00,0.00,-0.00,-0.00,0.00,0.00,0.00,0.00,0.00,0.00,0.00,0.00,0
29.1889,-24,-10,301,0,DRIVE [ 84 ] [ 1 ] [ 1898 1781 1802 ] [    0    0    0 ] [      0      0      0 ] [ 0 ],drive [ 84 ] [ 0 ] [ 1898 1767 1790 ] [   25   33   15 ] [   8549   8081  10918 ] [ 0 ],1.00,1.00,1.00,1.00,-21.78,-8.69,0.00,0.00,0.00,0.00,0.00,-0.00,-0.00,0.00,0.00,0.00,0.00,0.00,0.00,0.00,0.00,0
29.201,-22,-9,297,0,DRIVE [ 85 ] [ 1 ] [ 1898 1778 1799 ] [    0    0    0 ] [      0      0      0 ] [ 0 ],drive [ 84 ] [ 0 ] [ 1898 1781 1802 ] [   25   33   15 ] [   8548   8080  10916 ] [ 0 ],1.00,1.00,1.00,1.00,-21.87,-8.78,0.00,0.00,0.00,0.00,0.00,-0.00,-0.00,0.00,0.00,0.00,0.00,0.00,0.00,0.00,0.00,0
29.2132,-20,-8,292,0,DRIVE [ 85 ] [ 1 ] [ 1898 1791 1809 ] [    0    0    0 ] [      0      0      0 ] [ 0 ],drive [ 85 ] [ 0 ] [ 1898 1778 1799 ] [   26   29   12 ] [   8548   8080  10916 ] [ 0 ],1.00,1.00,1.00,1.00,-19.52,-7.94,0.00,0.00,0.00,0.00,0.00,-0.00,-0.00,0.00,0.00,0.00,0.00,0.00,0.00,0.00,0.00,0
29.2251,-16,-7,287,0,DRIVE [ 86 ] [ 1 ] [ 1898 1808 1820 ] [    0    0    0 ] [      0      0      0 ] [ 0 ],drive [ 85 ] [ 0 ] [ 1898 1791 1809 ] [   26   29   12 ] [   8548   8080  10916 ] [ 0 ],1.00,1.00,1.00,1.00,-16.30,-7.08,0.00,0.00,0.00,0.00,0.00,-0.00,-0.00,0.00,0.00,0.00,0.00,0.00,0.00,0.00,0.00,0
29.2369,-13,-6,284,0,DRIVE [ 86 ] [ 1 ] [ 1898 1826 1831 ] [    0    0    0 ] [      0      0      0 ] [ 0 ],drive [ 86 ] [ 0 ] [ 1898 1808 1820 ] [   26   29   12 ] [   8548   8080  10916 ] [ 0 ],1.00,1.00,1.00,1.00,-13.41,-6.38,0.00,0.00,0.00,0.00,0.00,-0.00,-0.00,0.00,0.00,0.00,0.00,0.00,0.00,0.00,0.00,0
29.2494,-11,-6,282,0,DRIVE [ 87 ] [ 1 ] [ 1898 1843 1841 ] [    0    0    0 ] [      0      0      0 ] [ 0 ],drive [ 86 ] [ 0 ] [ 1898 1826 1831 ] [   26   29   12 ] [   8548   7980  10914 ] [ 0 ],1.00,1.00,1.00,1.00,-10.67,-5.84,0.00,0.00,0.00,0.00,0.00,-0.00,-0.00,0.00,0.00,0.00,0.00,0.00,0.00,0.00,0.00,0
29.2616,-8,-5,278,0,DRIVE [ 87 ] [ 1 ] [ 1898 1859 1850 ] [    0    0    0 ] [      0      0      0 ] [ 0 ],drive [ 87 ] [ 0 ] [ 1898 1843 1841 ] [   25   27    8 ] [   8548   7980  10914 ] [ 0 ],1.00,1.00,1.00,1.00,-8.01,-5.28,0.00,0.00,0.00,0.00,0.00,-0.00,-0.00,0.00,0.00,0.00,0.00,0.00,0.00,0.00,0.00,0
29.2738,-6,-5,275,0,DRIVE [ 88 ] [ 1 ] [ 1898 1874 1859 ] [    0    0    0 ] [      0      0      0 ] [ 0 ],drive [ 87 ] [ 0 ] [ 1898 1859 1850 ] [   25   27    8 ] [   8548   7980  10914 ] [ 0 ],1.00,1.00,1.00,1.00,-5.65,-4.69,0.00,0.00,0.00,0.00,0.00,-0.00,-0.00,0.00,0.00,0.00,0.00,0.00,0.00,0.00,0.00,0
29.2854,-4,-4,273,0,DRIVE [ 88 ] [ 1 ] [ 1898 1886 1866 ] [    0    0    0 ] [      0      0      0 ] [ 0 ],drive [ 88 ] [ 0 ] [ 1898 1874 1859 ] [   25   27    8 ] [   8548   7980  10914 ] [ 0 ],1.00,1.00,1.00,1.00,-3.53,-4.13,0.00,0.00,0.00,0.00,0.00,-0.00,-0.00,0.00,0.00,0.00,0.00,0.00,0.00,0.00,0.00,0
29.2977,-1,-4,269,0,DRIVE [ 89 ] [ 1 ] [ 1898 1898 1870 ] [    0    0    0 ] [      0      0      0 ] [ 0 ],drive [ 88 ] [ 0 ] [ 1898 1886 1866 ] [   25   27    8 ] [   8534   7748  10902 ] [ 0 ],1.00,1.00,1.00,1.00,-1.48,-3.61,0.00,0.00,0.00,0.00,0.00,-0.00,-0.00,0.00,0.00,0.00,0.00,0.00,0.00,0.00,0.00,0
29.3098,0,-3,266,0,DRIVE [ 89 ] [ 1 ] [ 1903 1898 1872 ] [    0    0    0 ] [      0      0      0 ] [ 0 ],drive [ 89 ] [ 0 ] [ 1898 1898 1870 ] [    3    8   13 ] [   8534   7748  10902 ] [ 0 ],1.00,1.00,1.00,1.00,0.43,-3.16,0.00,0.00,0.00,0.00,0.00,-0.00,-0.00,0.00,0.00,0.00,0.00,0.00,-0.00,0.00,0.00,0
29.3225,2,-3,263,0,DRIVE [ 90 ] [ 1 ] [ 1892 1898 1877 ] [    0    0    0 ] [      0      0      0 ] [ 0 ],drive [ 89 ] [ 0 ] [ 1903 1898 1872 ] [    3    8   13 ] [   8534   7748  10902 ] [ 0 ],1.00,1.00,1.00,1.00,2.38,-2.82,0.00,0.00,0.00,0.00,0.00,-0.00,-0.00,0.00,0.00,0.00,0.00,0.00,0.00,0.00,0.00,0
29.3347,4,-2,261,0,DRIVE [ 90 ] [ 1 ] [ 1879 1898 1877 ] [    0    0    0 ] [      0      0      0 ] [ 0 ],drive [ 90 ] [ 0 ] [ 1892 1898 1877 ] [    3    8   13 ] [   8534   7748  10902 ] [ 0 ],1.00,1.00,1.00,1.00,4.16,-2.46,0.00,0.00,0.00,0.00,0.00,-0.00,-0.00,0.00,0.00,0.00,0.00,0.00,0.00,0.00,0.00,0
29.347,6,-2,259,0,DRIVE [ 91 ] [ 1 ] [ 1865 1898 1872 ] [    0    0    0 ] [      0      0      0 ] [ 0 ],drive [ 90 ] [ 0 ] [ 1879 1898 1877 ] [    3    8   13 ] [   8519   7492  10832 ] [ 0 ],1.00,1.00,1.00,1.00,5.99,-2.37,0.00,0.00,0.00,0.00,0.00,-0.00,-0.00,0.00,0.00,0.00,0.00,0.00,0.00,0.00,0.00,0
29.3605,8,-2,256,0,DRIVE [ 91 ] [ 1 ] [ 1852 1898 1867 ] [    0    0    0 ] [      0      0      0 ] [ 0 ],drive [ 91 ] [ 0 ] [ 1865 1898 1872 ] [    5   22    8 ] [   8519   7492  10832 ] [ 0 ],1.00,1.00,1.00,1.00,7.64,-2.34,0.00,0.00,0.00,0.00,0.00,-0.00,-0.00,0.00,0.00,0.00,0.00,0.00,0.00,0.00,0.00,0
29.3728,9,-2,254,0,DRIVE [ 92 ] [ 1 ] [ 1840 1898 1862 ] [    0    0    0 ] [      0      0      0 ] [ 0 ],drive [ 91 ] [ 0 ] [ 1852 1898 1867 ] [    5   22    8 ] [   8519   7492  10832 ] [ 0 ],1.00,1.00,1.00,1.00,9.02,-2.41,0.00,0.00,0.00,0.00,0.00,-0.00,-0.00,0.00,0.00,0.00,0.00,0.00,0.00,0.00,0.00,0
29.3861,10,-3,250,0,DRIVE [ 92 ] [ 1 ] [ 1829 1898 1856 ] [    0    0    0 ] [      0      0      0 ] [ 0 ],drive [ 92 ] [ 0 ] [ 1840 1898 1862 ] [    5   22    8 ] [   8519   7492  10832 ] [ 0 ],1.00,1.00,1.00,1.00,10.38,-2.59,0.00,0.00,0.00,0.00,0.00,-0.00,-0.00,0.00,0.00,0.00,0.00,0.00,0.00,0.00,0.00,0
29.3985,12,-3,248,0,DRIVE [ 93 ] [ 1 ] [ 1817 1898 1849 ] [    0    0    0 ] [      0      0      0 ] [ 0 ],drive [ 92 ] [ 0 ] [ 1829 1898 1856 ] [    5   22    8 ] [   8523   7408  10770 ] [ 0 ],1.00,1.00,1.00,1.00,11.86,-2.85,0.00,0.00,0.00,0.00,0.00,-0.00,-0.00,0.00,0.00,0.00,0.00,0.00,0.00,0.00,0.00,0
29.4108,14,-3,245,0,DRIVE [ 93 ] [ 1 ] [ 1801 1898 1839 ] [    0    0    0 ] [      0      0      0 ] [ 0 ],drive [ 93 ] [ 0 ] [ 1817 1898 1849 ] [   12   16   18 ] [   8523   7408  10770 ] [ 0 ],1.00,1.00,1.00,1.00,13.86,-3.28,0.00,0.00,0.00,0.00,0.00,-0.00,-0.00,0.00,0.00,0.00,0.00,0.00,0.00,0.00,0.00,0
29.4228,16,-4,242,0,DRIVE [ 94 ] [ 1 ] [ 1786 1898 1829 ] [    0    0    0 ] [      0      0      0 ] [ 0 ],drive [ 93 ] [ 0 ] [ 1801 1898 1839 ] [   12   16   18 ] [   8523   7408  10770 ] [ 0 ],1.00,1.00,1.00,1.00,15.68,-3.77,0.00,0.00,0.00,0.00,0.00,-0.00,-0.00,0.00,0.00,0.00,0.00,0.00,0.00,0.00,0.00,0
29.4351,17,-4,238,0,DRIVE [ 94 ] [ 1 ] [ 1772 1898 1819 ] [    0    0    0 ] [      0      0      0 ] [ 0 ],drive [ 94 ] [ 0 ] [ 1786 1898 1829 ] [   12   16   18 ] [   8523   7408  10770 ] [ 0 ],1.00,1.00,1.00,1.00,17.27,-4.31,0.00,0.00,0.00,0.00,0.00,-0.00,-0.00,0.00,0.00,0.00,0.00,0.00,0.00,0.00,0.00,0
29.4475,19,-5,235,0,DRIVE [ 95 ] [ 1 ] [ 1759 1898 1810 ] [    0    0    0 ] [      0      0      0 ] [ 0 ],drive [ 94 ] [ 0 ] [ 1772 1898 1819 ] [   12   16   18 ] [   8532   7342  10759 ] [ 0 ],1.00,1.00,1.00,1.00,18.78,-4.81,0.00,0.00,0.00,0.00,0.00,-0.00,-0.00,0.00,0.00,0.00,0.00,0.00,0.00,0.00,0.00,0
29.4599,20,-5,232,0,DRIVE [ 95 ] [ 1 ] [ 1748 1898 1802 ] [    0    0    0 ] [      0      0      0 ] [ 0 ],drive [ 95 ] [ 0 ] [ 1759 1898 1810 ] [   24   19   20 ] [   8532   7342  10759 ] [ 0 ],1.00,1.00,1.00,1.00,20.00,-5.21,0.00,0.00,0.00,0.00,0.00,-0.00,-0.00,0.00,0.00,0.00,0.00,0.00,0.00,0.00,0.00,0
29.4724,21,-5,229,0,DRIVE [ 96 ] [ 1 ] [ 1737 1898 1795 ] [    0    0    0 ] [      0      0      0 ] [ 0 ],drive [ 95 ] [ 0 ] [ 1748 1898 1802 ] [   24   19   20 ] [   8532   7342  10759 ] [ 0 ],1.00,1.00,1.00,1.00,21.14,-5.48,0.00,0.00,0.00,0.00,0.00,-0.00,-0.00,0.00,0.00,0.00,0.00,0.00,0.00,0.00,0.00,0
29.4862,22,-6,227,0,DRIVE [ 96 ] [ 1 ] [ 1727 1898 1789 ] [    0    0    0 ] [      0      0      0 ] [ 0 ],drive [ 96 ] [ 0 ] [ 1737 1898 1795 ] [   24   19   20 ] [   8532   7342  10759 ] [ 0 ],1.00,1.00,1.00,1.00,22.11,-5.61,0.00,0.00,0.00,0.00,0.00,-0.00,-0.00,0.00,0.00,0.00,0.00,0.00,0.00,0.00,0.00,0
29.4996,23,-6,224,0,DRIVE [ 97 ] [ 1 ] [ 1716 1898 1784 ] [    0    0    0 ] [      0      0      0 ] [ 0 ],drive [ 96 ] [ 0 ] [ 1727 1898 1789 ] [   24   19   20 ] [   8631   7317  10764 ] [ 0 ],1.00,1.00,1.00,1.00,23.14,-5.71,0.00,0.00,0.00,0.00,0.00,-0.00,-0.00,0.00,0.00,0.00,0.00,0.00,0.00,0.00,0.00,0
29.5114,24,-6,221,0,DRIVE [ 97 ] [ 1 ] [ 1705 1898 1779 ] [    0    0    0 ] [      0      0      0 ] [ 0 ],drive [ 97 ] [ 0 ] [ 1716 1898 1784 ] [   18   20   21 ] [   8631   7317  10764 ] [ 0 ],1.00,1.00,1.00,1.00,24.08,-5.76,0.00,0.00,0.00,0.00,0.00,-0.00,-0.00,0.00,0.00,0.00,0.00,0.00,0.00,0.00,0.00,0
29.5235,25,-6,218,0,DRIVE [ 98 ] [ 1 ] [ 1691 1898 1773 ] [    0    0    0 ] [      0      0      0 ] [ 0 ],drive [ 97 ] [ 0 ] [ 1705 1898 1779 ] [   18   20   21 ] [   8631   7317  10764 ] [ 0 ],1.00,1.00,1.00,1.00,25.31,-5.71,0.00,0.00,0.00,0.00,0.00,-0.00,-0.00,0.00,0.00,0.00,0.00,0.00,0.00,0.00,0.00,0
29.5353,26,-6,215,0,DRIVE [ 98 ] [ 1 ] [ 1676 1898 1768 ] [    0    0    0 ] [      0      0      0 ] [ 0 ],drive [ 98 ] [ 0 ] [ 1691 1898 1773 ] [   18   20   21 ] [   8631   7317  10764 ] [ 0 ],1.00,1.00,1.00,1.00,26.41,-5.51,0.00,0.00,0.00,0.00,0.00,-0.00,-0.00,0.00,0.00,0.00,0.00,0.00,0.00,0.00,0.00,0
29.5472,27,-5,212,0,DRIVE [ 99 ] [ 1 ] [ 1662 1898 1764 ] [    0    0    0 ] [      0      0      0 ] [ 0 ],drive [ 98 ] [ 0 ] [ 1676 1898 1768 ] [   18   20   21 ] [   8662   7267  10765 ] [ 0 ],1.00,1.00,1.00,1.00,27.43,-5.27,0.00,0.00,0.00,0.00,0.00,-0.00,-0.00,0.00,0.00,0.00,0.00,0.00,0.00,0.00,0.00,0
29.5588,28,-5,210,0,DRIVE [ 99 ] [ 1 ] [ 1649 1898 1762 ] [    0    0    0 ] [      0      0      0 ] [ 0 ],drive [ 99 ] [ 0 ] [ 1662 1898 1764 ] [   40   25   20 ] [   8662   7267  10765 ] [ 0 ],1.00,1.00,1.00,1.00,28.29,-4.91,0.00,0.00,0.00,0.00,0.00,-0.00,-0.00,0.00,0.00,0.00,0.00,0.00,0.00,0.00,0.00,0
29.5701,29,-4,207,0,DRIVE [ 00 ] [ 1 ] [ 1636 1898 1760 ] [    0    0    0 ] [      0      0      0 ] [ 0 ],drive [ 99 ] [ 0 ] [ 1649 1898 1762 ] [   40   25   20 ] [   8662   7267  10765 ] [ 0 ],1.00,1.00,1.00,1.00,29.01,-4.46,0.00,0.00,0.00,0.00,0.00,-0.00,-0.00,0.00,0.00,0.00,0.00,0.00,0.00,0.00,0.00,0
29.5821,30,-4,204,0,DRIVE [ 00 ] [ 1 ] [ 1624 1898 1760 ] [    0    0    0 ] [      0      0      0 ] [ 0 ],drive [ 00 ] [ 0 ] [ 1636 1898 1760 ] [   40   25   20 ] [   8662   7267  10765 ] [ 0 ],1.00,1.00,1.00,1.00,29.62,-3.93,0.00,0.00,0.00,0.00,0.00,-0.00,-0.00,0.00,0.00,0.00,0.00,0.00,0.00,0.00,0.00,0
29.5938,30,-3,202,0,DRIVE [ 01 ] [ 1 ] [ 1614 1898 1760 ] [    0    0    0 ] [      0      0      0 ] [ 0 ],drive [ 00 ] [ 0 ] [ 1624 1898 1760 ] [   40   25   20 ] [   8879   7042  10767 ] [ 0 ],1.00,1.00,1.00,1.00,30.03,-3.42,0.00,0.00,0.00,0.00,0.00,-0.00,-0.00,0.00,0.00,0.00,0.00,0.00,0.00,0.00,0.00,0
29.6055,30,-3,199,0,DRIVE [ 01 ] [ 1 ] [ 1606 1898 1762 ] [    0    0    0 ] [      0      0      0 ] [ 0 ],drive [ 01 ] [ 0 ] [ 1614 1898 1760 ] [   40   25   20 ] [   8879   7042  10767 ] [ 0 ],1.00,1.00,1.00,1.00,30.13,-2.86,0.00,0.00,0.00,0.00,0.00,-0.00,-0.00,0.00,0.00,0.00,0.00,0.00,0.00,0.00,0.00,0
29.6169,30,-2,197,0,DRIVE [ 02 ] [ 1 ] [ 1600 1898 1765 ] [    0    0    0 ] [      0      0      0 ] [ 0 ],drive [ 01 ] [ 0 ] [ 1606 1898 1762 ] [   49    5   22 ] [   8879   7042  10767 ] [ 0 ],1.00,1.00,1.00,1.00,30.06,-2.30,0.00,0.00,0.00,0.00,0.00,-0.00,-0.00,0.00,0.00,0.00,0.00,0.00,0.00,0.00,0.00,0
29.629,30,-2,195,0,DRIVE [ 02 ] [ 1 ] [ 1595 1898 1768 ] [    0    0    0 ] [      0      0      0 ] [ 0 ],drive [ 02 ] [ 0 ] [ 1600 1898 1765 ] [   49    5   22 ] [   8879   7042  10767 ] [ 0 ],1.00,1.00,1.00,1.00,29.90,-1.68,0.00,0.00,0.00,0.00,0.00,-0.00,-0.00,0.00,0.00,0.00,0.00,0.00,0.00,0.00,0.00,0
29.6409,30,-1,193,0,DRIVE [ 03 ] [ 1 ] [ 1590 1898 1770 ] [    0    0    0 ] [      0      0      0 ] [ 0 ],drive [ 02 ] [ 0 ] [ 1595 1898 1768 ] [   49    5   22 ] [   8879   7042  10767 ] [ 0 ],1.00,1.00,1.00,1.00,29.81,-1.29,0.00,0.00,0.00,0.00,0.00,-0.00,-0.00,0.00,0.00,0.00,0.00,0.00,0.00,0.00,0.00,0
29.6521,30,-1,191,0,DRIVE [ 03 ] [ 1 ] [ 1586 1898 1771 ] [    0    0    0 ] [      0      0      0 ] [ 0 ],drive [ 03 ] [ 0 ] [ 1590 1898 1770 ] [   49    5   22 ] [   8982   6989  10764 ] [ 0 ],1.00,1.00,1.00,1.00,29.78,-1.01,0.00,0.00,0.00,0.00,0.00,-0.00,-0.00,0.00,0.00,0.00,0.00,0.00,0.00,0.00,0.00,0
29.6638,30,-1,188,0,DRIVE [ 04 ] [ 1 ] [ 1581 1898 1769 ] [    0    0    0 ] [      0      0      0 ] [ 0 ],drive [ 03 ] [ 0 ] [ 1586 1898 1771 ] [   47   20   23 ] [   8982   6989  10764 ] [ 0 ],1.00,1.00,1.00,1.00,29.80,-0.98,0.00,0.00,0.00,0.00,0.00,-0.00,-0.00,0.00,0.00,0.00,0.00,0.00,0.00,0.00,0.00,0
29.6756,30,-1,185,0,DRIVE [ 04 ] [ 1 ] [ 1577 1898 1766 ] [    0    0    0 ] [      0      0      0 ] [ 0 ],drive [ 04 ] [ 0 ] [ 1581 1898 1769 ] [   47   20   23 ] [   8982   6989  10764 ] [ 0 ],1.00,1.00,1.00,1.00,29.78,-1.14,0.00,0.00,0.00,0.00,0.00,-0.00,-0.00,0.00,0.00,0.00,0.00,0.00,0.00,0.00,0.00,0
29.6889,30,-1,183,0,DRIVE [ 05 ] [ 1 ] [ 1575 1898 1763 ] [    0    0    0 ] [      0      0      0 ] [ 0 ],drive [ 04 ] [ 0 ] [ 1577 1898 1766 ] [   47   20   23 ] [   8982   6989  10764 ] [ 0 ],1.00,1.00,1.00,1.00,29.71,-1.32,0.00,0.00,0.00,0.00,0.00,-0.00,-0.00,0.00,0.00,0.00,0.00,0.00,0.00,0.00,0.00,0
29.7005,30,-2,181,0,DRIVE [ 05 ] [ 1 ] [ 1575 1898 1760 ] [    0    0    0 ] [      0      0      0 ] [ 0 ],drive [ 05 ] [ 0 ] [ 1575 1898 1763 ] [   47   20   23 ] [   9106   6968  10757 ] [ 0 ],1.00,1.00,1.00,1.00,29.59,-1.69,0.00,0.00,0.00,0.00,0.00,-0.00,-0.00,0.00,0.00,0.00,0.00,0.00,0.00,0.00,0.00,0
29.7123,29,-2,179,0,DRIVE [ 06 ] [ 1 ] [ 1578 1898 1754 ] [    0    0    0 ] [      0      0      0 ] [ 0 ],drive [ 05 ] [ 0 ] [ 1575 1898 1760 ] [   32   21   36 ] [   9106   6968  10757 ] [ 0 ],1.00,1.00,1.00,1.00,29.30,-2.28,0.00,0.00,0.00,0.00,0.00,-0.00,-0.00,0.00,0.00,0.00,0.00,0.00,0.00,0.00,0.00,0
29.7239,29,-3,177,0,DRIVE [ 06 ] [ 1 ] [ 1584 1898 1748 ] [    0    0    0 ] [      0      0      0 ] [ 0 ],drive [ 06 ] [ 0 ] [ 1578 1898 1754 ] [   32   21   36 ] [   9106   6968  10757 ] [ 0 ],1.00,1.00,1.00,1.00,28.98,-3.04,0.00,0.00,0.00,0.00,0.00,-0.00,-0.00,0.00,0.00,0.00,0.00,0.00,0.00,0.00,0.00,0
29.735,28,-4,175,0,DRIVE [ 07 ] [ 1 ] [ 1593 1898 1742 ] [    0    0    0 ] [      0      0      0 ] [ 0 ],drive [ 06 ] [ 0 ] [ 1584 1898 1748 ] [   32   21   36 ] [   9106   6968  10757 ] [ 0 ],1.00,1.00,1.00,1.00,28.42,-3.90,0.00,0.00,0.00,0.00,0.00,-0.00,-0.00,0.00,0.00,0.00,0.00,0.00,0.00,0.00,0.00,0
29.7466,28,-5,174,0,DRIVE [ 07 ] [ 1 ] [ 1605 1898 1736 ] [    0    0    0 ] [      0      0      0 ] [ 0 ],drive [ 07 ] [ 0 ] [ 1593 1898 1742 ] [   32   21   36 ] [   9309   6764  10686 ] [ 0 ],1.00,1.00,1.00,1.00,27.61,-4.92,0.00,0.00,0.00,0.00,0.00,-0.00,-0.00,0.00,0.00,0.00,0.00,0.00,0.00,0.00,0.00,0
29.758,27,-6,172,0,DRIVE [ 08 ] [ 1 ] [ 1620 1898 1730 ] [    0    0    0 ] [      0      0      0 ] [ 0 ],drive [ 07 ] [ 0 ] [ 1605 1898 1736 ] [   33    2   16 ] [   9309   6764  10686 ] [ 0 ],1.00,1.00,1.00,1.00,26.54,-5.90,0.00,0.00,0.00,0.00,0.00,-0.00,-0.00,0.00,0.00,0.00,0.00,0.00,0.00,0.00,0.00,0
29.769,25,-7,170,0,DRIVE [ 08 ] [ 1 ] [ 1637 1898 1725 ] [    0    0    0 ] [      0      0      0 ] [ 0 ],drive [ 08 ] [ 0 ] [ 1620 1898 1730 ] [   33    2   16 ] [   9309   6764  10686 ] [ 0 ],1.00,1.00,1.00,1.00,25.21,-6.90,0.00,0.00,0.00,0.00,0.00,-0.00,-0.00,0.00,0.00,0.00,0.00,0.00,0.00,0.00,0.00,0
29.7807,24,-8,168,0,DRIVE [ 09 ] [ 1 ] [ 1655 1898 1719 ] [    0    0    0 ] [      0      0      0 ] [ 0 ],drive [ 08 ] [ 0 ] [ 1637 1898 1725 ] [   33    2   16 ] [   9309   6764  10686 ] [ 0 ],1.00,1.00,1.00,1.00,23.87,-7.90,0.00,0.00,0.00,0.00,0.00,-0.00,-0.00,0.00,0.00,0.00,0.00,0.00,0.00,0.00,0.00,0
29.7922,23,-9,166,0,DRIVE [ 09 ] [ 1 ] [ 1672 1898 1713 ] [    0    0    0 ] [      0      0      0 ] [ 0 ],drive [ 09 ] [ 0 ] [ 1655 1898 1719 ] [   33    2   16 ] [   9305   6617  10673 ] [ 0 ],1.00,1.00,1.00,1.00,22.55,-8.82,0.00,0.00,0.00,0.00,0.00,-0.00,-0.00,0.00,0.00,0.00,0.00,0.00,0.00,0.00,0.00,0
29.8034,21,-10,164,0,DRIVE [ 10 ] [ 1 ] [ 1687 1898 1706 ] [    0    0    0 ] [      0      0      0 ] [ 0 ],drive [ 09 ] [ 0 ] [ 1672 1898 1713 ] [   33    2   16 ] [   9305   6617  10673 ] [ 0 ],1.00,1.00,1.00,1.00,21.41,-9.79,0.00,0.00,0.00,0.00,0.00,-0.00,-0.00,0.00,0.00,0.00,0.00,0.00,0.00,0.00,0.00,0
29.815,20,-11,162,0,DRIVE [ 10 ] [ 1 ] [ 1700 1898 1698 ] [    0    0    0 ] [      0      0      0 ] [ 0 ],drive [ 10 ] [ 0 ] [ 1687 1898 1706 ] [   27   14   20 ] [   9305   6617  10673 ] [ 0 ],1.00,1.00,1.00,1.00,20.31,-10.70,0.00,0.00,0.00,0.00,0.00,-0.00,-0.00,0.00,0.00,0.00,0.00,0.00,0.00,0.00,0.00,0
29.8266,19,-12,161,0,DRIVE [ 11 ] [ 1 ] [ 1713 1898 1690 ] [    0    0    0 ] [      0      0      0 ] [ 0 ],drive [ 10 ] [ 0 ] [ 1700 1898 1698 ] [   27   14   20 ] [   9305   6617  10673 ] [ 0 ],1.00,1.00,1.00,1.00,19.24,-11.59,0.00,0.00,0.00,0.00,0.00,-0.00,-0.00,0.00,0.00,0.00,0.00,0.00,0.00,0.00,0.00,0
29.8391,18,-12,159,0,DRIVE [ 11 ] [ 1 ] [ 1726 1898 1681 ] [    0    0    0 ] [      0      0      0 ] [ 0 ],drive [ 11 ] [ 0 ] [ 1713 1898 1690 ] [   27   14   20 ] [   9305   6617  10673 ] [ 0 ],1.00,1.00,1.00,1.00,18.10,-12.44,0.00,0.00,0.00,0.00,0.00,-0.00,-0.00,0.00,0.00,0.00,0.00,0.00,0.00,0.00,0.00,0
29.8508,17,-13,157,0,DRIVE [ 12 ] [ 1 ] [ 1739 1898 1672 ] [    0    0    0 ] [      0      0      0 ] [ 0 ],drive [ 11 ] [ 0 ] [ 1726 1898 1681 ] [   27   14   20 ] [   9302   6430  10674 ] [ 0 ],1.00,1.00,1.00,1.00,16.98,-13.26,0.00,0.00,0.00,0.00,0.00,-0.00,-0.00,0.00,0.00,0.00,0.00,0.00,0.00,0.00,0.00,0
29.8626,16,-14,155,0,DRIVE [ 12 ] [ 1 ] [ 1752 1898 1663 ] [    0    0    0 ] [      0      0      0 ] [ 0 ],drive [ 12 ] [ 0 ] [ 1739 1898 1672 ] [   20   23   22 ] [   9302   6430  10674 ] [ 0 ],1.00,1.00,1.00,1.00,15.81,-14.00,0.00,0.00,0.00,0.00,0.00,-0.00,-0.00,0.00,0.00,0.00,0.00,0.00,0.00,0.00,0.00,0
29.874,14,-15,154,0,DRIVE [ 13 ] [ 1 ] [ 1766 1898 1655 ] [    0    0    0 ] [      0      0      0 ] [ 0 ],drive [ 12 ] [ 0 ] [ 1752 1898 1663 ] [   20   23   22 ] [   9302   6430  10674 ] [ 0 ],1.00,1.00,1.00,1.00,14.49,-14.60,0.00,0.00,0.00,0.00,0.00,-0.00,-0.00,0.00,0.00,0.00,0.00,0.00,0.00,0.00,0.00,0
29.885,13,-15,152,0,DRIVE [ 13 ] [ 1 ] [ 1781 1898 1648 ] [    0    0    0 ] [      0      0      0 ] [ 0 ],drive [ 13 ] [ 0 ] [ 1766 1898 1655 ] [   20   23   22 ] [   9302   6430  10674 ] [ 0 ],1.00,1.00,1.00,1.00,13.01,-15.11,0.00,0.00,0.00,0.00,0.00,-0.00,-0.00,0.00,0.00,0.00,0.00,0.00,0.00,0.00,0.00,0
29.8966,11,-15,151,0,DRIVE [ 14 ] [ 1 ] [ 1798 1898 1642 ] [    0    0    0 ] [      0      0      0 ] [ 0 ],drive [ 13 ] [ 0 ] [ 1781 1898 1648 ] [   20   23   22 ] [   9296   6019  10676 ] [ 0 ],1.00,1.00,1.00,1.00,11.31,-15.44,0.00,0.00,0.00,0.00,0.00,-0.00,-0.00,0.00,0.00,0.00,0.00,0.00,0.00,0.00,0.00,0
29.9078,9,-16,149,0,DRIVE [ 14 ] [ 1 ] [ 1816 1898 1637 ] [    0    0    0 ] [      0      0      0 ] [ 0 ],drive [ 14 ] [ 0 ] [ 1798 1898 1642 ] [   14    8   25 ] [   9296   6019  10676 ] [ 0 ],1.00,1.00,1.00,1.00,9.46,-15.63,0.00,0.00,0.00,0.00,0.00,-0.00,-0.00,0.00,0.00,0.00,0.00,0.00,0.00,0.00,0.00,0
29.9183,8,-16,147,0,DRIVE [ 15 ] [ 1 ] [ 1834 1898 1631 ] [    0    0    0 ] [      0      0      0 ] [ 0 ],drive [ 14 ] [ 0 ] [ 1816 1898 1637 ] [   14    8   25 ] [   9296   6019  10676 ] [ 0 ],1.00,1.00,1.00,1.00,7.54,-15.70,0.00,0.00,0.00,0.00,0.00,-0.00,-0.00,0.00,0.00,0.00,0.00,0.00,0.00,0.00,0.00,0
29.9294,6,-16,146,0,DRIVE [ 15 ] [ 1 ] [ 1852 1898 1624 ] [    0    0    0 ] [      0      0      0 ] [ 0 ],drive [ 15 ] [ 0 ] [ 1834 1898 1631 ] [   14    8   25 ] [   9296   6019  10676 ] [ 0 ],1.00,1.00,1.00,1.00,5.69,-15.71,0.00,0.00,0.00,0.00,0.00,-0.00,-0.00,0.00,0.00,0.00,0.00,0.00,0.00,0.00,0.00,0
29.9403,4,-16,144,0,DRIVE [ 16 ] [ 1 ] [ 1868 1898 1614 ] [    0    0    0 ] [      0      0      0 ] [ 0 ],drive [ 15 ] [ 0 ] [ 1852 1898 1624 ] [   14    8   25 ] [   9296   6019  10676 ] [ 0 ],1.00,1.00,1.00,1.00,3.96,-15.69,0.00,0.00,0.00,0.00,0.00,-0.00,-0.00,0.00,0.00,0.00,0.00,0.00,0.00,0.00,0.00,0
29.9512,2,-16,143,0,DRIVE [ 16 ] [ 1 ] [ 1882 1898 1603 ] [    0    0    0 ] [      0      0      0 ] [ 0 ],drive [ 16 ] [ 0 ] [ 1868 1898 1614 ] [   14    8   25 ] [   9250   5958  10677 ] [ 0 ],1.00,1.00,1.00,1.00,2.46,-15.71,0.00,0.00,0.00,0.00,0.00,-0.00,-0.00,0.00,0.00,0.00,0.00,0.00,0.00,0.00,0.00,0
29.9621,1,-16,141,0,DRIVE [ 17 ] [ 1 ] [ 1894 1898 1590 ] [    0    0    0 ] [      0      0      0 ] [ 0 ],drive [ 16 ] [ 0 ] [ 1882 1898 1603 ] [   21   12   28 ] [   9250   5958  10677 ] [ 0 ],1.00,1.00,1.00,1.00,1.16,-15.74,0.00,0.00,0.00,0.00,0.00,-0.00,-0.00,0.00,0.00,0.00,0.00,0.00,0.00,0.00,0.00,0
29.9732,0,-16,139,0,DRIVE [ 17 ] [ 1 ] [ 1894 1904 1576 ] [    0    0    0 ] [      0      0      0 ] [ 0 ],drive [ 17 ] [ 0 ] [ 1894 1898 1590 ] [   21   12   28 ] [   9250   5958  10677 ] [ 0 ],1.00,1.00,1.00,1.00,-0.08,-15.75,0.00,0.00,0.00,0.00,0.00,-0.00,-0.00,0.00,0.00,0.00,0.00,0.00,0.00,0.00,0.00,0
29.9836,-1,-16,138,0,DRIVE [ 18 ] [ 1 ] [ 1894 1893 1582 ] [    0    0    0 ] [      0      0      0 ] [ 0 ],drive [ 17 ] [ 0 ] [ 1894 1904 1576 ] [   21   12   28 ] [   9250   5958  10677 ] [ 0 ],1.00,1.00,1.00,1.00,-1.25,-15.80,0.00,0.00,0.00,0.00,0.00,-0.00,-0.00,0.00,0.00,0.00,0.00,0.00,0.00,0.00,0.00,0
29.9943,-2,-16,136,0,DRIVE [ 18 ] [ 1 ] [ 1894 1882 1586 ] [    0    0    0 ] [      0      0      0 ] [ 0 ],drive [ 18 ] [ 0 ] [ 1894 1893 1582 ] [   21   12   28 ] [   9116   5936  10689 ] [ 0 ],1.00,1.00,1.00,1.00,-2.34,-15.81,0.00,0.00,0.00,0.00,0.00,-0.00,-0.00,0.00,0.00,0.00,0.00,0.00,0.00,0.00,0.00,0
30.0046,-3,-16,135,0,DRIVE [ 19 ] [ 1 ] [ 1894 1871 1589 ] [    0    0    0 ] [      0      0      0 ] [ 0 ],drive [ 18 ] [ 0 ] [ 1894 1882 1586 ] [   21   12   28 ] [   9116   5936  10689 ] [ 0 ],1.00,1.00,1.00,1.00,-3.42,-15.77,0.00,0.00,0.00,0.00,0.00,-0.00,-0.00,0.00,0.00,0.00,0.00,0.00,0.00,0.00,0.00,0
30.0147,-4,-16,133,0,DRIVE [ 19 ] [ 1 ] [ 1894 1860 1593 ] [    0    0    0 ] [      0      0      0 ] [ 0 ],drive [ 19 ] [ 0 ] [ 1894 1871 1589 ] [   11   23   43 ] [   9116   5936  10689 ] [ 0 ],1.00,1.00,1.00,1.00,-4.46,-15.68,0.00,0.00,0.00,0.00,0.00,-0.00,-0.00,0.00,0.00,0.00,0.00,0.00,0.00,0.00,0.00,0
30.0272,-5,-16,131,0,DRIVE [ 20 ] [ 1 ] [ 1894 1848 1595 ] [    0    0    0 ] [      0      0      0 ] [ 0 ],drive [ 19 ] [ 0 ] [ 1894 1860 1593 ] [   11   23   43 ] [   9116   5936  10689 ] [ 0 ],1.00,1.00,1.00,1.00,-5.47,-15.57,0.00,0.00,0.00,0.00,0.00,-0.00,-0.00,0.00,0.00,0.00,0.00,0.00,0.00,0.00,0.00,0
30.0377,-6,-15,129,0,DRIVE [ 20 ] [ 1 ] [ 1894 1837 1597 ] [    0    0    0 ] [      0      0      0 ] [ 0 ],drive [ 20 ] [ 0 ] [ 1894 1848 1595 ] [   11   23   43 ] [   9116   5936  10689 ] [ 0 ],1.00,1.00,1.00,1.00,-6.39,-15.42,0.00,0.00,0.00,0.00,0.00,-0.00,-0.00,0.00,0.00,0.00,0.00,0.00,0.00,0.00,0.00,0
30.0499,-7,-15,128,0,DRIVE [ 21 ] [ 1 ] [ 1894 1826 1598 ] [    0    0    0 ] [      0      0      0 ] [ 0 ],drive [ 20 ] [ 0 ] [ 1894 1837 1597 ] [   11   23   43 ] [   9087   5923  10712 ] [ 0 ],1.00,1.00,1.00,1.00,-7.31,-15.28,0.00,0.00,0.00,0.00,0.00,-0.00,-0.00,0.00,0.00,0.00,0.00,0.00,0.00,0.00,0.00,0
30.0604,-8,-15,126,0,DRIVE [ 21 ] [ 1 ] [ 1894 1814 1597 ] [    0    0    0 ] [      0      0      0 ] [ 0 ],drive [ 21 ] [ 0 ] [ 1894 1826 1598 ] [    9   27   49 ] [   9087   5923  10712 ] [ 0 ],1.00,1.00,1.00,1.00,-8.20,-15.15,0.00,0.00,0.00,0.00,0.00,-0.00,-0.00,0.00,0.00,0.00,0.00,0.00,0.00,0.00,0.00,0
30.0706,-9,-15,124,0,DRIVE [ 22 ] [ 1 ] [ 1894 1802 1595 ] [    0    0    0 ] [      0      0      0 ] [ 0 ],drive [ 21 ] [ 0 ] [ 1894 1814 1597 ] [    9   27   49 ] [   9087   5923  10712 ] [ 0 ],1.00,1.00,1.00,1.00,-9.09,-15.06,0.00,0.00,0.00,0.00,0.00,-0.00,-0.00,0.00,0.00,0.00,0.00,0.00,0.00,0.00,0.00,0
30.0806,-10,-15,123,0,DRIVE [ 22 ] [ 1 ] [ 1894 1790 1592 ] [    0    0    0 ] [      0      0      0 ] [ 0 ],drive [ 22 ] [ 0 ] [ 1894 1802 1595 ] [    9   27   49 ] [   9087   5923  10712 ] [ 0 ],1.00,1.00,1.00,1.00,-9.96,-15.02,0.00,0.00,0.00,0.00,0.00,-0.00,-0.00,0.00,0.00,0.00,0.00,0.00,0.00,0.00,0.00,0
30.0909,-11,-15,121,0,DRIVE [ 23 ] [ 1 ] [ 1894 1777 1588 ] [    0    0    0 ] [      0      0      0 ] [ 0 ],drive [ 22 ] [ 0 ] [ 1894 1790 1592 ] [    9   27   49 ] [   9087   5926  10712 ] [ 0 ],1.00,1.00,1.00,1.00,-10.85,-14.99,0.00,0.00,0.00,0.00,0.00,-0.00,-0.00,0.00,0.00,0.00,0.00,0.00,0.00,0.00,0.00,0
30.1007,-12,-15,119,0,DRIVE [ 23 ] [ 1 ] [ 1894 1764 1584 ] [    0    0    0 ] [      0      0      0 ] [ 0 ],drive [ 23 ] [ 0 ] [ 1894 1777 1588 ] [    9   27   49 ] [   9087   5926  10712 ] [ 0 ],1.00,1.00,1.00,1.00,-11.73,-14.96,0.00,0.00,0.00,0.00,0.00,-0.00,-0.00,0.00,0.00,0.00,0.00,0.00,0.00,0.00,0.00,0
30.111,-13,-15,118,0,DRIVE [ 24 ] [ 1 ] [ 1894 1751 1578 ] [    0    0    0 ] [      0      0      0 ] [ 0 ],drive [ 23 ] [ 0 ] [ 1894 1764 1584 ] [   10   32   49 ] [   9087   5926  10712 ] [ 0 ],1.00,1.00,1.00,1.00,-12.56,-14.91,0.00,0.00,0.00,0.00,0.00,-0.00,-0.00,0.00,0.00,0.00,0.00,0.00,0.00,0.00,0.00,0
30.1211,-13,-15,116,0,DRIVE [ 24 ] [ 1 ] [ 1894 1737 1573 ] [    0    0    0 ] [      0      0      0 ] [ 0 ],drive [ 24 ] [ 0 ] [ 1894 1751 1578 ] [   10   32   49 ] [   9087   5926  10712 ] [ 0 ],1.00,1.00,1.00,1.00,-13.39,-14.87,0.00,0.00,0.00,0.00,0.00,-0.00,-0.00,0.00,0.00,0.00,0.00,0.00,0.00,0.00,0.00,0
30.1313,-14,-15,115,0,DRIVE [ 25 ] [ 1 ] [ 1894 1723 1567 ] [    0    0    0 ] [      0      0      0 ] [ 0 ],drive [ 24 ] [ 0 ] [ 1894 1737 1573 ] [   10   32   49 ] [   9087   5926  10712 ] [ 0 ],1.00,1.00,1.00,1.00,-14.23,-14.83,0.00,0.00,0.00,0.00,0.00,-0.00,-0.00,0.00,0.00,0.00,0.00,0.00,0.00,0.00,0.00,0
30.1413,-15,-15,113,0,DRIVE [ 25 ] [ 1 ] [ 1894 1708 1562 ] [    0    0    0 ] [      0      0      0 ] [ 0 ],drive [ 25 ] [ 0 ] [ 1894 1723 1567 ] [   10   32   49 ] [   9087   5933  10715 ] [ 0 ],1.00,1.00,1.00,1.00,-15.07,-14.74,0.00,0.00,0.00,0.00,0.00,-0.00,-0.00,0.00,0.00,0.00,0.00,0.00,0.00,0.00,0.00,0
30.1512,-16,-15,112,0,DRIVE [ 26 ] [ 1 ] [ 1894 1692 1557 ] [    0    0    0 ] [      0      0      0 ] [ 0 ],drive [ 25 ] [ 0 ] [ 1894 1708 1562 ] [   10   32   49 ] [   9087   5933  10715 ] [ 0 ],1.00,1.00,1.00,1.00,-15.91,-14.62,0.00,0.00,0.00,0.00,0.00,-0.00,-0.00,0.00,0.00,0.00,0.00,0.00,0.00,0.00,0.00,0
30.1612,-17,-14,110,0,DRIVE [ 26 ] [ 1 ] [ 1894 1676 1553 ] [    0    0    0 ] [      0      0      0 ] [ 0 ],drive [ 26 ] [ 0 ] [ 1894 1692 1557 ] [    9   37   52 ] [   9087   5933  10715 ] [ 0 ],1.00,1.00,1.00,1.00,-16.75,-14.44,0.00,0.00,0.00,0.00,0.00,-0.00,-0.00,0.00,0.00,0.00,0.00,0.00,0.00,0.00,0.00,0
30.1713,-18,-14,109,0,DRIVE [ 27 ] [ 1 ] [ 1894 1659 1550 ] [    0    0    0 ] [      0      0      0 ] [ 0 ],drive [ 26 ] [ 0 ] [ 1894 1676 1553 ] [    9   37   52 ] [   9087   5933  10715 ] [ 0 ],1.00,1.00,1.00,1.00,-17.59,-14.21,0.00,0.00,0.00,0.00,0.00,-0.00,-0.00,0.00,0.00,0.00,0.00,0.00,0.00,0.00,0.00,0
30.1811,-18,-14,107,0,DRIVE [ 27 ] [ 1 ] [ 1894 1642 1546 ] [    0    0    0 ] [      0      0      0 ] [ 0 ],drive [ 27 ] [ 0 ] [ 1894 1659 1550 ] [    9   37   52 ] [   9087   5933  10715 ] [ 0 ],1.00,1.00,1.00,1.00,-18.44,-13.97,0.00,0.00,0.00,0.00,0.00,-0.00,-0.00,0.00,0.00,0.00,0.00,0.00,0.00,0.00,0.00,0
30.1912,-19,-14,106,0,DRIVE [ 28 ] [ 1 ] [ 1894 1624 1543 ] [    0    0    0 ] [      0      0      0 ] [ 0 ],drive [ 27 ] [ 0 ] [ 1894 1642 1546 ] [    9   37   52 ] [   9087   5978  10750 ] [ 0 ],1.00,1.00,1.00,1.00,-19.25,-13.66,0.00,0.00,0.00,0.00,0.00,-0.00,-0.00,0.00,0.00,0.00,0.00,0.00,0.00,0.00,0.00,0
30.2009,-20,-13,104,0,DRIVE [ 28 ] [ 1 ] [ 1894 1605 1541 ] [    0    0    0 ] [      0      0      0 ] [ 0 ],drive [ 28 ] [ 0 ] [ 1894 1624 1543 ] [    9   37   52 ] [   9087   5978  10750 ] [ 0 ],1.00,1.00,1.00,1.00,-20.03,-13.28,0.00,0.00,0.00,0.00,0.00,-0.00,-0.00,0.00,0.00,0.00,0.00,0.00,0.00,0.00,0.00,0
30.2105,-21,-13,103,0,DRIVE [ 29 ] [ 1 ] [ 1894 1586 1542 ] [    0    0    0 ] [      0      0      0 ] [ 0 ],drive [ 28 ] [ 0 ] [ 1894 1605 1541 ] [    9   29   29 ] [   9087   5978  10750 ] [ 0 ],1.00,1.00,1.00,1.00,-20.73,-12.76,0.00,0.00,0.00,0.00,0.00,-0.00,-0.00,0.00,0.00,0.00,0.00,0.00,0.00,0.00,0.00,0
30.2201,-21,-12,101,0,DRIVE [ 29 ] [ 1 ] [ 1894 1567 1543 ] [    0    0    0 ] [      0      0      0 ] [ 0 ],drive [ 29 ] [ 0 ] [ 1894 1586 1542 ] [    9   29   29 ] [   9087   5978  10750 ] [ 0 ],1.00,1.00,1.00,1.00,-21.39,-12.21,0.00,0.00,0.00,0.00,0.00,-0.00,-0.00,0.00,0.00,0.00,0.00,0.00,0.00,0.00,0.00,0
30.2301,-22,-12,100,0,DRIVE [ 30 ] [ 1 ] [ 1894 1549 1543 ] [    0    0    0 ] [      0      0      0 ] [ 0 ],drive [ 29 ] [ 0 ] [ 1894 1567 1543 ] [    9   29   29 ] [   9087   5978  10750 ] [ 0 ],1.00,1.00,1.00,1.00,-22.03,-11.70,0.00,0.00,0.00,0.00,0.00,-0.00,-0.00,0.00,0.00,0.00,0.00,0.00,0.00,0.00,0.00,0
30.2407,-23,-11,98,0,DRIVE [ 30 ] [ 1 ] [ 1894 1530 1544 ] [    0    0    0 ] [      0      0      0 ] [ 0 ],drive [ 30 ] [ 0 ] [ 1894 1549 1543 ] [    9   29   29 ] [   9087   5978  10750 ] [ 0 ],1.00,1.00,1.00,1.00,-22.62,-11.18,0.00,0.00,0.00,0.00,0.00,-0.00,-0.00,0.00,0.00,0.00,0.00,0.00,0.00,0.00,0.00,0
30.2503,-23,-11,97,0,DRIVE [ 31 ] [ 1 ] [ 1894 1512 1546 ] [    0    0    0 ] [      0      0      0 ] [ 0 ],drive [ 30 ] [ 0 ] [ 1894 1530 1544 ] [    9   29   29 ] [   9087   6031  10787 ] [ 0 ],1.00,1.00,1.00,1.00,-23.13,-10.63,0.00,0.00,0.00,0.00,0.00,-0.00,-0.00,0.00,0.00,0.00,0.00,0.00,0.00,0.00,0.00,0
30.2605,-23,-10,96,0,DRIVE [ 31 ] [ 1 ] [ 1894 1497 1549 ] [    0    0    0 ] [      0      0      0 ] [ 0 ],drive [ 31 ] [ 0 ] [ 1894 1512 1546 ] [    8   47   29 ] [   9087   6031  10787 ] [ 0 ],1.00,1.00,1.00,1.00,-23.42,-10.10,0.00,0.00,0.00,0.00,0.00,-0.00,-0.00,0.00,0.00,0.00,0.00,0.00,0.00,0.00,0.00,0
30.2728,-24,-10,94,0,DRIVE [ 32 ] [ 1 ] [ 1894 1485 1552 ] [    0    0    0 ] [      0      0      0 ] [ 0 ],drive [ 31 ] [ 0 ] [ 1894 1497 1549 ] [    8   47   29 ] [   9087   6031  10787 ] [ 0 ],1.00,1.00,1.00,1.00,-23.58,-9.57,0.00,0.00,0.00,0.00,0.00,-0.00,-0.00,0.00,0.00,0.00,0.00,0.00,0.00,0.00,0.00,0
30.2845,-24,-9,93,0,DRIVE [ 32 ] [ 1 ] [ 1894 1476 1558 ] [    0    0    0 ] [      0      0      0 ] [ 0 ],drive [ 32 ] [ 0 ] [ 1894 1485 1552 ] [    8   47   29 ] [   9087   6031  10787 ] [ 0 ],1.00,1.00,1.00,1.00,-23.57,-9.03,0.00,0.00,0.00,0.00,0.00,-0.00,-0.00,0.00,0.00,0.00,0.00,0.00,0.00,0.00,0.00,0
30.2964,-23,-8,92,0,DRIVE [ 33 ] [ 1 ] [ 1894 1471 1566 ] [    0    0    0 ] [      0      0      0 ] [ 0 ],drive [ 32 ] [ 0 ] [ 1894 1476 1558 ] [    8   47   29 ] [   9049   6360  10787 ] [ 0 ],1.00,1.00,1.00,1.00,-23.38,-8.45,0.00,0.00,0.00,0.00,0.00,-0.00,-0.00,0.00,0.00,0.00,0.00,0.00,0.00,0.00,0.00,0
30.3083,-23,-8,91,0,DRIVE [ 33 ] [ 1 ] [ 1894 1468 1576 ] [    0    0    0 ] [      0      0      0 ] [ 0 ],drive [ 33 ] [ 0 ] [ 1894 1471 1566 ] [   18   48   27 ] [   9049   6360  10787 ] [ 0 ],1.00,1.00,1.00,1.00,-23.03,-7.81,0.00,0.00,0.00,0.00,0.00,-0.00,-0.00,0.00,0.00,0.00,0.00,0.00,0.00,0.00,0.00,0
30.3178,-23,-7,90,0,DRIVE [ 34 ] [ 1 ] [ 1894 1466 1587 ] [    0    0    0 ] [      0      0      0 ] [ 0 ],drive [ 33 ] [ 0 ] [ 1894 1468 1576 ] [   18   48   27 ] [   9049   6360  10787 ] [ 0 ],1.00,1.00,1.00,1.00,-22.59,-7.14,0.00,0.00,0.00,0.00,0.00,-0.00,-0.00,0.00,0.00,0.00,0.00,0.00,0.00,0.00,0.00,0
30.3285,-22,-6,89,0,DRIVE [ 34 ] [ 1 ] [ 1894 1467 1601 ] [    0    0    0 ] [      0      0      0 ] [ 0 ],drive [ 34 ] [ 0 ] [ 1894 1466 1587 ] [   18   48   27 ] [   9049   6360  10787 ] [ 0 ],1.00,1.00,1.00,1.00,-22.07,-6.44,0.00,0.00,0.00,0.00,0.00,-0.00,-0.00,0.00,0.00,0.00,0.00,0.00,0.00,0.00,0.00,0
30.3404,-22,-6,88,0,DRIVE [ 35 ] [ 1 ] [ 1894 1466 1616 ] [    0    0    0 ] [      0      0      0 ] [ 0 ],drive [ 34 ] [ 0 ] [ 1894 1467 1601 ] [   18   48   27 ] [   9049   6360  10787 ] [ 0 ],1.00,1.00,1.00,1.00,-21.53,-5.65,0.00,0.00,0.00,0.00,0.00,-0.00,-0.00,0.00,0.00,0.00,0.00,0.00,0.00,0.00,0.00,0
30.3524,-21,-5,87,0,DRIVE [ 35 ] [ 1 ] [ 1894 1466 1632 ] [    0    0    0 ] [      0      0      0 ] [ 0 ],drive [ 35 ] [ 0 ] [ 1894 1466 1616 ] [   18   48   27 ] [   9029   6468  10786 ] [ 0 ],1.00,1.00,1.00,1.00,-20.94,-4.81,0.00,0.00,0.00,0.00,0.00,-0.00,-0.00,0.00,0.00,0.00,0.00,0.00,0.00,0.00,0.00,0
30.3646,-20,-4,86,0,DRIVE [ 36 ] [ 1 ] [ 1894 1466 1650 ] [    0    0    0 ] [      0      0      0 ] [ 0 ],drive [ 35 ] [ 0 ] [ 1894 1466 1632 ] [   23   49   24 ] [   9029   6468  10786 ] [ 0 ],1.00,1.00,1.00,1.00,-20.32,-3.95,0.00,0.00,0.00,0.00,0.00,-0.00,-0.00,0.00,0.00,0.00,0.00,0.00,0.00,0.00,0.00,0
30.3766,-20,-3,85,0,DRIVE [ 36 ] [ 1 ] [ 1894 1466 1668 ] [    0    0    0 ] [      0      0      0 ] [ 0 ],drive [ 36 ] [ 0 ] [ 1894 1466 1650 ] [   23   49   24 ] [   9029   6468  10786 ] [ 0 ],1.00,1.00,1.00,1.00,-19.64,-3.06,0.00,0.00,0.00,0.00,0.00,-0.00,-0.00,0.00,0.00,0.00,0.00,0.00,0.00,0.00,0.00,0
30.3867,-19,-2,84,0,DRIVE [ 37 ] [ 1 ] [ 1894 1468 1687 ] [    0    0    0 ] [      0      0      0 ] [ 0 ],drive [ 36 ] [ 0 ] [ 1894 1466 1668 ] [   23   49   24 ] [   9029   6468  10786 ] [ 0 ],1.00,1.00,1.00,1.00,-18.90,-2.20,0.00,0.00,0.00,0.00,0.00,-0.00,-0.00,0.00,0.00,0.00,0.00,0.00,0.00,0.00,0.00,0
30.3964,-18,-1,83,0,DRIVE [ 37 ] [ 1 ] [ 1894 1471 1707 ] [    0    0    0 ] [      0      0      0 ] [ 0 ],drive [ 37 ] [ 0 ] [ 1894 1468 1687 ] [   23   49   24 ] [   9020   6469  10780 ] [ 0 ],1.00,1.00,1.00,1.00,-18.10,-1.35,0.00,0.00,0.00,0.00,0.00,-0.00,-0.00,0.00,0.00,0.00,0.00,0.00,0.00,0.00,0.00,0
30.4087,-17,-1,82,0,DRIVE [ 38 ] [ 1 ] [ 1894 1477 1727 ] [    0    0    0 ] [      0      0      0 ] [ 0 ],drive [ 37 ] [ 0 ] [ 1894 1471 1707 ] [   24   50   20 ] [   9020   6469  10780 ] [ 0 ],1.00,1.00,1.00,1.00,-17.24,-0.52,0.00,0.00,0.00,0.00,0.00,-0.00,-0.00,0.00,0.00,0.00,0.00,0.00,0.00,0.00,0.00,0
30.4202,-16,0,81,0,DRIVE [ 38 ] [ 1 ] [ 1894 1484 1748 ] [    0    0    0 ] [      0      0      0 ] [ 0 ],drive [ 38 ] [ 0 ] [ 1894 1477 1727 ] [   24   50   20 ] [   9020   6469  10780 ] [ 0 ],1.00,1.00,1.00,1.00,-16.27,0.30,0.00,0.00,0.00,0.00,0.00,-0.00,-0.00,0.00,0.00,0.00,0.00,0.00,0.00,0.00,0.00,0
30.4325,-15,1,81,0,DRIVE [ 39 ] [ 1 ] [ 1894 1493 1770 ] [    0    0    0 ] [      0      0      0 ] [ 0 ],drive [ 38 ] [ 0 ] [ 1894 1484 1748 ] [   24   50   20 ] [   9020   6469  10780 ] [ 0 ],1.00,1.00,1.00,1.00,-15.19,1.08,0.00,0.00,0.00,0.00,0.00,-0.00,-0.00,0.00,0.00,0.00,0.00,0.00,0.00,-0.00,0.00,0
30.4423,-14,2,80,0,DRIVE [ 39 ] [ 1 ] [ 1894 1505 1791 ] [    0    0    0 ] [      0      0      0 ] [ 0 ],drive [ 39 ] [ 0 ] [ 1894 1493 1770 ] [   24   50   20 ] [   8985   6470  10770 ] [ 0 ],1.00,1.00,1.00,1.00,-14.05,1.80,0.00,0.00,0.00,0.00,0.00,-0.00,-0.00,0.00,0.00,0.00,0.00,0.00,0.00,-0.00,0.00,0
30.4522,-13,2,79,0,DRIVE [ 40 ] [ 1 ] [ 1894 1519 1812 ] [    0    0    0 ] [      0      0      0 ] [ 0 ],drive [ 39 ] [ 0 ] [ 1894 1505 1791 ] [   24   50   20 ] [   8985   6470  10770 ] [ 0 ],1.00,1.00,1.00,1.00,-12.84,2.45,0.00,0.00,0.00,0.00,0.00,-0.00,-0.00,0.00,0.00,0.00,0.00,0.00,0.00,-0.00,0.00,0
30.4645,-12,3,79,0,DRIVE [ 40 ] [ 1 ] [ 1894 1534 1833 ] [    0    0    0 ] [      0      0      0 ] [ 0 ],drive [ 40 ] [ 0 ] [ 1894 1519 1812 ] [    4   48   23 ] [   8985   6470  10770 ] [ 0 ],1.00,1.00,1.00,1.00,-11.56,3.03,0.00,0.00,0.00,0.00,0.00,-0.00,-0.00,0.00,0.00,0.00,0.00,0.00,0.00,-0.00,0.00,0
30.4765,-10,4,78,0,DRIVE [ 41 ] [ 1 ] [ 1894 1551 1854 ] [    0    0    0 ] [      0      0      0 ] [ 0 ],drive [ 40 ] [ 0 ] [ 1894 1534 1833 ] [    4   48   23 ] [   8985   6470  10770 ] [ 0 ],1.00,1.00,1.00,1.00,-10.24,3.57,0.00,0.00,0.00,0.00,0.00,-0.00,-0.00,0.00,0.00,0.00,0.00,0.00,0.00,-0.00,0.00,0
30.4882,-9,4,77,0,DRIVE [ 41 ] [ 1 ] [ 1894 1570 1873 ] [    0    0    0 ] [      0      0      0 ] [ 0 ],drive [ 41 ] [ 0 ] [ 1894 1551 1854 ] [    4   48   23 ] [   8985   6470  10770 ] [ 0 ],1.00,1.00,1.00,1.00,-8.89,3.99,0.00,0.00,0.00,0.00,0.00,-0.00,-0.00,0.00,0.00,0.00,0.00,0.00,0.00,-0.00,0.00,0
30.5005,-8,4,77,0,DRIVE [ 42 ] [ 1 ] [ 1894 1591 1891 ] [    0    0    0 ] [      0      0      0 ] [ 0 ],drive [ 41 ] [ 0 ] [ 1894 1570 1873 ] [    4   48   23 ] [   8963   6470  10690 ] [ 0 ],1.00,1.00,1.00,1.00,-7.53,4.27,0.00,0.00,0.00,0.00,0.00,-0.00,-0.00,0.00,0.00,0.00,0.00,0.00,0.00,-0.00,0.00,0
30.5104,-6,4,76,0,DRIVE [ 42 ] [ 1 ] [ 1904 1615 1891 ] [    0    0    0 ] [      0      0      0 ] [ 0 ],drive [ 42 ] [ 0 ] [ 1894 1591 1891 ] [    1   42   27 ] [   8963   6470  10690 ] [ 0 ],1.00,1.00,1.00,1.00,-6.21,4.42,0.00,0.00,0.00,0.00,0.00,-0.00,-0.00,0.00,0.00,0.00,0.00,0.00,0.00,-0.00,0.00,0
30.5206,-5,4,76,0,DRIVE [ 43 ] [ 1 ] [ 1888 1667 1891 ] [    0    0    0 ] [      0      0      0 ] [ 0 ],drive [ 42 ] [ 0 ] [ 1904 1615 1891 ] [    1   42   27 ] [   8963   6470  10690 ] [ 0 ],1.00,1.00,1.00,1.00,-4.90,4.46,0.00,0.00,0.00,0.00,0.00,-0.00,-0.00,0.00,0.00,0.00,0.00,0.00,0.00,-0.00,0.00,0
30.5325,-4,4,76,0,DRIVE [ 43 ] [ 1 ] [ 1873 1716 1891 ] [    0    0    0 ] [      0      0      0 ] [ 0 ],drive [ 43 ] [ 0 ] [ 1888 1667 1891 ] [    1   42   27 ] [   8963   6470  10690 ] [ 0 ],1.00,1.00,1.00,1.00,-3.60,4.45,0.00,0.00,0.00,0.00,0.00,-0.00,-0.00,0.00,0.00,0.00,0.00,0.00,0.00,-0.00,0.00,0
30.5446,-2,4,75,0,DRIVE [ 44 ] [ 1 ] [ 1858 1761 1891 ] [    0    0    0 ] [      0      0      0 ] [ 0 ],drive [ 43 ] [ 0 ] [ 1873 1716 1891 ] [    1   42   27 ] [   8963   6468  10532 ] [ 0 ],1.00,1.00,1.00,1.00,-2.30,4.38,0.00,0.00,0.00,0.00,0.00,-0.00,-0.00,0.00,0.00,0.00,0.00,0.00,0.00,0.00,0.00,0
30.5566,-1,4,75,0,DRIVE [ 44 ] [ 1 ] [ 1840 1798 1891 ] [    0    0    0 ] [      0      0      0 ] [ 0 ],drive [ 44 ] [ 0 ] [ 1858 1761 1891 ] [    1   42   27 ] [   8963   6468  10532 ] [ 0 ],1.00,1.00,1.00,1.00,-1.02,4.31,0.00,0.00,0.00,0.00,0.00,-0.00,-0.00,0.00,0.00,0.00,0.00,0.00,0.00,0.00,0.00,0
30.566,0,4,75,0,DRIVE [ 45 ] [ 1 ] [ 1818 1827 1891 ] [    0    0    0 ] [      0      0      0 ] [ 0 ],drive [ 44 ] [ 0 ] [ 1840 1798 1891 ] [    4   23   24 ] [   8963   6468  10532 ] [ 0 ],1.00,1.00,1.00,1.00,0.24,4.24,0.00,0.00,0.00,0.00,0.00,-0.00,-0.00,0.00,0.00,0.00,0.00,0.00,0.00,0.00,0.00,0
30.5767,1,4,75,0,DRIVE [ 45 ] [ 1 ] [ 1789 1849 1891 ] [    0    0    0 ] [      0      0      0 ] [ 0 ],drive [ 45 ] [ 0 ] [ 1818 1827 1891 ] [    4   23   24 ] [   8963   6468  10532 ] [ 0 ],1.00,1.00,1.00,1.00,1.43,4.17,0.00,0.00,0.00,0.00,0.00,-0.00,-0.00,0.00,0.00,0.00,0.00,0.00,0.00,0.00,0.00,0
30.5887,3,4,75,0,DRIVE [ 46 ] [ 1 ] [ 1753 1866 1891 ] [    0    0    0 ] [      0      0      0 ] [ 0 ],drive [ 45 ] [ 0 ] [ 1789 1849 1891 ] [    4   23   24 ] [   8963   6468  10532 ] [ 0 ],1.00,1.00,1.00,1.00,2.61,4.13,0.00,0.00,0.00,0.00,0.00,-0.00,-0.00,0.00,0.00,0.00,0.00,0.00,0.00,0.00,0.00,0
30.6005,4,4,75,0,DRIVE [ 46 ] [ 1 ] [ 1714 1880 1891 ] [    0    0    0 ] [      0      0      0 ] [ 0 ],drive [ 46 ] [ 0 ] [ 1753 1866 1891 ] [    4   23   24 ] [   8964   6407  10517 ] [ 0 ],1.00,1.00,1.00,1.00,3.71,4.07,0.00,0.00,0.00,0.00,0.00,-0.00,-0.00,0.00,0.00,0.00,0.00,0.00,0.00,0.00,0.00,0
30.6126,5,4,75,0,DRIVE [ 47 ] [ 1 ] [ 1675 1893 1891 ] [    0    0    0 ] [      0      0      0 ] [ 0 ],drive [ 46 ] [ 0 ] [ 1714 1880 1891 ] [   13    8   24 ] [   8964   6407  10517 ] [ 0 ],1.00,1.00,1.00,1.00,4.70,4.04,0.00,0.00,0.00,0.00,0.00,-0.00,-0.00,0.00,0.00,0.00,0.00,0.00,0.00,0.00,0.00,0
30.6247,6,4,74,0,DRIVE [ 47 ] [ 1 ] [ 1638 1904 1891 ] [    0    0    0 ] [      0      0      0 ] [ 0 ],drive [ 47 ] [ 0 ] [ 1675 1893 1891 ] [   13    8   24 ] [   8964   6407  10517 ] [ 0 ],1.00,1.00,1.00,1.00,5.57,3.98,0.00,0.00,0.00,0.00,0.00,-0.00,-0.00,0.00,0.00,0.00,0.00,0.00,0.00,0.00,0.00,0
30.6341,6,4,74,0,DRIVE [ 48 ] [ 1 ] [ 1621 1904 1898 ] [    0    0    0 ] [      0      0      0 ] [ 0 ],drive [ 47 ] [ 0 ] [ 1638 1904 1891 ] [   13    8   24 ] [   8964   6407  10517 ] [ 0 ],1.00,1.00,1.00,1.00,6.28,3.93,0.00,0.00,0.00,0.00,0.00,-0.00,-0.00,0.00,0.00,0.00,0.00,0.00,0.00,0.00,0.00,0
30.6447,7,4,74,0,DRIVE [ 48 ] [ 1 ] [ 1612 1904 1891 ] [    0    0    0 ] [      0      0      0 ] [ 0 ],drive [ 48 ] [ 0 ] [ 1621 1904 1898 ] [   13    8   24 ] [   9003   6169  10516 ] [ 0 ],1.00,1.00,1.00,1.00,6.82,3.83,0.00,0.00,0.00,0.00,0.00,-0.00,-0.00,0.00,0.00,0.00,0.00,0.00,0.00,0.00,0.00,0
30.6568,7,4,74,0,DRIVE [ 49 ] [ 1 ] [ 1606 1904 1885 ] [    0    0    0 ] [      0      0      0 ] [ 0 ],drive [ 48 ] [ 0 ] [ 1612 1904 1891 ] [   13    8   24 ] [   9003   6169  10516 ] [ 0 ],1.00,1.00,1.00,1.00,7.25,3.71,0.00,0.00,0.00,0.00,0.00,-0.00,-0.00,0.00,0.00,0.00,0.00,0.00,0.00,0.00,0.00,0
30.6686,8,3,74,0,DRIVE [ 49 ] [ 1 ] [ 1606 1904 1879 ] [    0    0    0 ] [      0      0      0 ] [ 0 ],drive [ 49 ] [ 0 ] [ 1606 1904 1885 ] [   55   10   26 ] [   9003   6169  10516 ] [ 0 ],1.00,1.00,1.00,1.00,7.52,3.49,0.00,0.00,0.00,0.00,0.00,-0.00,-0.00,0.00,0.00,0.00,0.00,0.00,0.00,0.00,0.00,0
30.6805,8,3,75,0,DRIVE [ 50 ] [ 1 ] [ 1613 1904 1873 ] [    0    0    0 ] [      0      0      0 ] [ 0 ],drive [ 49 ] [ 0 ] [ 1606 1904 1879 ] [   55   10   26 ] [   9003   6169  10516 ] [ 0 ],1.00,1.00,1.00,1.00,7.64,3.20,0.00,0.00,0.00,0.00,0.00,-0.00,-0.00,0.00,0.00,0.00,0.00,0.00,0.00,0.00,0.00,0
30.6927,8,3,75,0,DRIVE [ 50 ] [ 1 ] [ 1622 1904 1867 ] [    0    0    0 ] [      0      0      0 ] [ 0 ],drive [ 50 ] [ 0 ] [ 1613 1904 1873 ] [   55   10   26 ] [   9244   6004  10459 ] [ 0 ],1.00,1.00,1.00,1.00,7.71,2.83,0.00,0.00,0.00,0.00,0.00,-0.00,-0.00,0.00,0.00,0.00,0.00,0.00,0.00,0.00,0.00,0
30.7033,8,2,75,0,DRIVE [ 51 ] [ 1 ] [ 1631 1904 1860 ] [    0    0    0 ] [      0      0      0 ] [ 0 ],drive [ 50 ] [ 0 ] [ 1622 1904 1867 ] [   55   10   26 ] [   9244   6004  10459 ] [ 0 ],1.00,1.00,1.00,1.00,7.81,2.43,0.00,0.00,0.00,0.00,0.00,-0.00,-0.00,0.00,0.00,0.00,0.00,0.00,0.00,0.00,0.00,0
30.713,8,2,75,0,DRIVE [ 51 ] [ 1 ] [ 1639 1904 1851 ] [    0    0    0 ] [      0      0      0 ] [ 0 ],drive [ 51 ] [ 0 ] [ 1631 1904 1860 ] [   34    3    6 ] [   9244   6004  10459 ] [ 0 ],1.00,1.00,1.00,1.00,7.98,1.99,0.00,0.00,0.00,0.00,0.00,-0.00,-0.00,0.00,0.00,0.00,0.00,0.00,0.00,0.00,0.00,0
30.7244,8,2,75,0,DRIVE [ 52 ] [ 1 ] [ 1644 1904 1842 ] [    0    0    0 ] [      0      0      0 ] [ 0 ],drive [ 51 ] [ 0 ] [ 1639 1904 1851 ] [   34    3    6 ] [   9244   6004  10459 ] [ 0 ],1.00,1.00,1.00,1.00,8.20,1.54,0.00,0.00,0.00,0.00,0.00,-0.00,-0.00,0.00,0.00,0.00,0.00,0.00,0.00,0.00,0.00,0
30.7365,8,1,75,0,DRIVE [ 52 ] [ 1 ] [ 1647 1904 1832 ] [    0    0    0 ] [      0      0      0 ] [ 0 ],drive [ 52 ] [ 0 ] [ 1644 1904 1842 ] [   34    3    6 ] [   9244   6004  10459 ] [ 0 ],1.00,1.00,1.00,1.00,8.48,1.11,0.00,0.00,0.00,0.00,0.00,-0.00,-0.00,0.00,0.00,0.00,0.00,0.00,0.00,0.00,0.00,0
30.7487,9,1,76,0,DRIVE [ 53 ] [ 1 ] [ 1649 1904 1822 ] [    0    0    0 ] [      0      0      0 ] [ 0 ],drive [ 52 ] [ 0 ] [ 1647 1904 1832 ] [   34    3    6 ] [   9270   6004  10444 ] [ 0 ],1.00,1.00,1.00,1.00,8.77,0.66,0.00,0.00,0.00,0.00,0.00,-0.00,-0.00,0.00,0.00,0.00,0.00,0.00,0.00,0.00,0.00,0
30.7587,9,0,76,0,DRIVE [ 53 ] [ 1 ] [ 1649 1904 1811 ] [    0    0    0 ] [      0      0      0 ] [ 0 ],drive [ 53 ] [ 0 ] [ 1649 1904 1822 ] [   33    1   10 ] [   9270   6004  10444 ] [ 0 ],1.00,1.00,1.00,1.00,9.07,0.22,0.00,0.00,0.00,0.00,0.00,-0.00,-0.00,0.00,0.00,0.00,0.00,0.00,0.00,0.00,0.00,0
30.7684,9,0,76,0,DRIVE [ 54 ] [ 1 ] [ 1649 1904 1800 ] [    0    0    0 ] [      0      0      0 ] [ 0 ],drive [ 53 ] [ 0 ] [ 1649 1904 1811 ] [   33    1   10 ] [   9270   6004  10444 ] [ 0 ],1.00,1.00,1.00,1.00,9.36,-0.23,0.00,0.00,0.00,0.00,0.00,-0.00,-0.00,0.00,0.00,0.00,0.00,0.00,0.00,0.00,0.00,0
30.7807,10,-1,76,0,DRIVE [ 54 ] [ 1 ] [ 1650 1904 1789 ] [    0    0    0 ] [      0      0      0 ] [ 0 ],drive [ 54 ] [ 0 ] [ 1649 1904 1800 ] [   33    1   10 ] [   9270   6004  10444 ] [ 0 ],1.00,1.00,1.00,1.00,9.61,-0.68,0.00,0.00,0.00,0.00,0.00,-0.00,-0.00,0.00,0.00,0.00,0.00,0.00,0.00,0.00,0.00,0
30.7927,10,-1,76,0,DRIVE [ 55 ] [ 1 ] [ 1651 1904 1778 ] [    0    0    0 ] [      0      0      0 ] [ 0 ],drive [ 54 ] [ 0 ] [ 1650 1904 1789 ] [   33    1   10 ] [   9269   5990  10445 ] [ 0 ],1.00,1.00,1.00,1.00,9.85,-1.17,0.00,0.00,0.00,0.00,0.00,-0.00,-0.00,0.00,0.00,0.00,0.00,0.00,0.00,0.00,0.00,0
30.8048,10,-2,76,0,DRIVE [ 55 ] [ 1 ] [ 1651 1904 1766 ] [    0    0    0 ] [      0      0      0 ] [ 0 ],drive [ 55 ] [ 0 ] [ 1651 1904 1778 ] [   33    1   10 ] [   9269   5990  10445 ] [ 0 ],1.00,1.00,1.00,1.00,10.10,-1.65,0.00,0.00,0.00,0.00,0.00,-0.00,-0.00,0.00,0.00,0.00,0.00,0.00,0.00,0.00,0.00,0
30.8166,10,-2,76,0,DRIVE [ 56 ] [ 1 ] [ 1652 1904 1754 ] [    0    0    0 ] [      0      0      0 ] [ 0 ],drive [ 55 ] [ 0 ] [ 1651 1904 1766 ] [   33    2   14 ] [   9269   5990  10445 ] [ 0 ],1.00,1.00,1.00,1.00,10.32,-2.14,0.00,0.00,0.00,0.00,0.00,-0.00,-0.00,0.00,0.00,0.00,0.00,0.00,0.00,0.00,0.00,0
30.8266,11,-3,76,0,DRIVE [ 56 ] [ 1 ] [ 1652 1904 1742 ] [    0    0    0 ] [      0      0      0 ] [ 0 ],drive [ 56 ] [ 0 ] [ 1652 1904 1754 ] [   33    2   14 ] [   9269   5990  10445 ] [ 0 ],1.00,1.00,1.00,1.00,10.53,-2.64,0.00,0.00,0.00,0.00,0.00,-0.00,-0.00,0.00,0.00,0.00,0.00,0.00,0.00,0.00,0.00,0
30.8369,11,-3,76,0,DRIVE [ 57 ] [ 1 ] [ 1652 1904 1729 ] [    0    0    0 ] [      0      0      0 ] [ 0 ],drive [ 56 ] [ 0 ] [ 1652 1904 1742 ] [   33    2   14 ] [   9269   5990  10445 ] [ 0 ],1.00,1.00,1.00,1.00,10.74,-3.13,0.00,0.00,0.00,0.00,0.00,-0.00,-0.00,0.00,0.00,0.00,0.00,0.00,0.00,0.00,0.00,0
30.8486,11,-4,76,0,DRIVE [ 57 ] [ 1 ] [ 1652 1904 1717 ] [    0    0    0 ] [      0      0      0 ] [ 0 ],drive [ 57 ] [ 0 ] [ 1652 1904 1729 ] [   33    2   14 ] [   9269   5990  10449 ] [ 0 ],1.00,1.00,1.00,1.00,10.92,-3.60,0.00,0.00,0.00,0.00,0.00,-0.00,-0.00,0.00,0.00,0.00,0.00,0.00,0.00,0.00,0.00,0
30.8608,11,-4,76,0,DRIVE [ 58 ] [ 1 ] [ 1653 1904 1706 ] [    0    0    0 ] [      0      0      0 ] [ 0 ],drive [ 57 ] [ 0 ] [ 1652 1904 1717 ] [   32    2   18 ] [   9269   5990  10449 ] [ 0 ],1.00,1.00,1.00,1.00,11.06,-4.07,0.00,0.00,0.00,0.00,0.00,-0.00,-0.00,0.00,0.00,0.00,0.00,0.00,0.00,0.00,0.00,0
30.8727,11,-4,76,0,DRIVE [ 58 ] [ 1 ] [ 1654 1904 1695 ] [    0    0    0 ] [      0      0      0 ] [ 0 ],drive [ 58 ] [ 0 ] [ 1653 1904 1706 ] [   32    2   18 ] [   9269   5990  10449 ] [ 0 ],1.00,1.00,1.00,1.00,11.19,-4.50,0.00,0.00,0.00,0.00,0.00,-0.00,-0.00,0.00,0.00,0.00,0.00,0.00,0.00,0.00,0.00,0
30.8845,11,-5,76,0,DRIVE [ 59 ] [ 1 ] [ 1654 1904 1685 ] [    0    0    0 ] [      0      0      0 ] [ 0 ],drive [ 58 ] [ 0 ] [ 1654 1904 1695 ] [   32    2   18 ] [   9269   5990  10449 ] [ 0 ],1.00,1.00,1.00,1.00,11.27,-4.88,0.00,0.00,0.00,0.00,0.00,-0.00,-0.00,0.00,0.00,0.00,0.00,0.00,0.00,0.00,0.00,0
30.8945,11,-5,76,0,DRIVE [ 59 ] [ 1 ] [ 1655 1904 1676 ] [    0    0    0 ] [      0      0      0 ] [ 0 ],drive [ 59 ] [ 0 ] [ 1654 1904 1685 ] [   32    2   18 ] [   9270   5990  10463 ] [ 0 ],1.00,1.00,1.00,1.00,11.35,-5.23,0.00,0.00,0.00,0.00,0.00,-0.00,-0.00,0.00,0.00,0.00,0.00,0.00,0.00,0.00,0.00,0
30.9046,11,-6,76,0,DRIVE [ 60 ] [ 1 ] [ 1656 1904 1669 ] [    0    0    0 ] [      0      0      0 ] [ 0 ],drive [ 59 ] [ 0 ] [ 1655 1904 1676 ] [   32    2   18 ] [   9270   5990  10463 ] [ 0 ],1.00,1.00,1.00,1.00,11.40,-5.53,0.00,0.00,0.00,0.00,0.00,-0.00,-0.00,0.00,0.00,0.00,0.00,0.00,0.00,0.00,0.00,0
30.9168,11,-6,76,0,DRIVE [ 60 ] [ 1 ] [ 1658 1904 1662 ] [    0    0    0 ] [      0      0      0 ] [ 0 ],drive [ 60 ] [ 0 ] [ 1656 1904 1669 ] [   32    3   33 ] [   9270   5990  10463 ] [ 0 ],1.00,1.00,1.00,1.00,11.40,-5.78,0.00,0.00,0.00,0.00,0.00,-0.00,-0.00,0.00,0.00,0.00,0.00,0.00,0.00,0.00,0.00,0
30.9289,11,-6,76,0,DRIVE [ 61 ] [ 1 ] [ 1660 1904 1657 ] [    0    0    0 ] [      0      0      0 ] [ 0 ],drive [ 60 ] [ 0 ] [ 1658 1904 1662 ] [   32    3   33 ] [   9270   5990  10463 ] [ 0 ],1.00,1.00,1.00,1.00,11.39,-6.00,0.00,0.00,0.00,0.00,0.00,-0.00,-0.00,0.00,0.00,0.00,0.00,0.00,0.00,0.00,0.00,0
30.9408,11,-6,76,0,DRIVE [ 61 ] [ 1 ] [ 1662 1904 1654 ] [    0    0    0 ] [      0      0      0 ] [ 0 ],drive [ 61 ] [ 0 ] [ 1660 1904 1657 ] [   32    3   33 ] [   9270   5990  10463 ] [ 0 ],1.00,1.00,1.00,1.00,11.30,-6.16,0.00,0.00,0.00,0.00,0.00,-0.00,-0.00,0.00,0.00,0.00,0.00,0.00,0.00,0.00,0.00,0
30.9502,11,-6,76,0,DRIVE [ 62 ] [ 1 ] [ 1665 1904 1651 ] [    0    0    0 ] [      0      0      0 ] [ 0 ],drive [ 61 ] [ 0 ] [ 1662 1904 1654 ] [   32    3   33 ] [   9270   5987  10486 ] [ 0 ],1.00,1.00,1.00,1.00,11.22,-6.29,0.00,0.00,0.00,0.00,0.00,-0.00,-0.00,0.00,0.00,0.00,0.00,0.00,0.00,0.00,0.00,0
30.9607,11,-6,76,0,DRIVE [ 62 ] [ 1 ] [ 1668 1904 1649 ] [    0    0    0 ] [      0      0      0 ] [ 0 ],drive [ 62 ] [ 0 ] [ 1665 1904 1651 ] [   31    5   49 ] [   9270   5987  10486 ] [ 0 ],1.00,1.00,1.00,1.00,11.12,-6.39,0.00,0.00,0.00,0.00,0.00,-0.00,-0.00,0.00,0.00,0.00,0.00,0.00,0.00,0.00,0.00,0
30.9728,11,-6,76,0,DRIVE [ 63 ] [ 1 ] [ 1671 1904 1648 ] [    0    0    0 ] [      0      0      0 ] [ 0 ],drive [ 62 ] [ 0 ] [ 1668 1904 1649 ] [   31    5   49 ] [   9270   5987  10486 ] [ 0 ],1.00,1.00,1.00,1.00,11.00,-6.46,0.00,0.00,0.00,0.00,0.00,-0.00,-0.00,0.00,0.00,0.00,0.00,0.00,0.00,0.00,0.00,0
30.9848,11,-6,75,0,DRIVE [ 63 ] [ 1 ] [ 1675 1904 1649 ] [    0    0    0 ] [      0      0      0 ] [ 0 ],drive [ 63 ] [ 0 ] [ 1671 1904 1648 ] [   31    5   49 ] [   9270   5987  10486 ] [ 0 ],1.00,1.00,1.00,1.00,10.84,-6.48,0.00,0.00,0.00,0.00,0.00,-0.00,-0.00,0.00,0.00,0.00,0.00,0.00,0.00,0.00,0.00,0
30.9968,11,-6,75,0,DRIVE [ 64 ] [ 1 ] [ 1680 1904 1651 ] [    0    0    0 ] [      0      0      0 ] [ 0 ],drive [ 63 ] [ 0 ] [ 1675 1904 1649 ] [   31    5   49 ] [   9269   5967  10533 ] [ 0 ],1.00,1.00,1.00,1.00,10.64,-6.43,0.00,0.00,0.00,0.00,0.00,-0.00,-0.00,0.00,0.00,0.00,0.00,0.00,0.00,0.00,0.00,0
31.0088,10,-6,75,0,DRIVE [ 64 ] [ 1 ] [ 1685 1904 1656 ] [    0    0    0 ] [      0      0      0 ] [ 0 ],drive [ 64 ] [ 0 ] [ 1680 1904 1651 ] [   31   10   33 ] [   9269   5967  10533 ] [ 0 ],1.00,1.00,1.00,1.00,10.36,-6.33,0.00,0.00,0.00,0.00,0.00,-0.00,-0.00,0.00,0.00,0.00,0.00,0.00,0.00,0.00,0.00,0
31.0184,10,-6,75,0,DRIVE [ 65 ] [ 1 ] [ 1692 1904 1660 ] [    0    0    0 ] [      0      0      0 ] [ 0 ],drive [ 64 ] [ 0 ] [ 1685 1904 1656 ] [   31   10   33 ] [   9269   5967  10533 ] [ 0 ],1.00,1.00,1.00,1.00,10.05,-6.26,0.00,0.00,0.00,0.00,0.00,-0.00,-0.00,0.00,0.00,0.00,0.00,0.00,0.00,0.00,0.00,0
31.0287,10,-6,75,0,DRIVE [ 65 ] [ 1 ] [ 1699 1904 1664 ] [    0    0    0 ] [      0      0      0 ] [ 0 ],drive [ 65 ] [ 0 ] [ 1692 1904 1660 ] [   31   10   33 ] [   9269   5967  10533 ] [ 0 ],1.00,1.00,1.00,1.00,9.72,-6.19,0.00,0.00,0.00,0.00,0.00,-0.00,-0.00,0.00,0.00,0.00,0.00,0.00,0.00,0.00,0.00,0
31.0408,9,-6,75,0,DRIVE [ 66 ] [ 1 ] [ 1707 1904 1668 ] [    0    0    0 ] [      0      0      0 ] [ 0 ],drive [ 65 ] [ 0 ] [ 1699 1904 1664 ] [   31   10   33 ] [   9269   5967  10533 ] [ 0 ],1.00,1.00,1.00,1.00,9.37,-6.11,0.00,0.00,0.00,0.00,0.00,-0.00,-0.00,0.00,0.00,0.00,0.00,0.00,0.00,0.00,0.00,0
31.0524,9,-6,75,0,DRIVE [ 66 ] [ 1 ] [ 1715 1904 1672 ] [    0    0    0 ] [      0      0      0 ] [ 0 ],drive [ 66 ] [ 0 ] [ 1707 1904 1668 ] [   31   10   33 ] [   9268   5960  10549 ] [ 0 ],1.00,1.00,1.00,1.00,9.02,-6.04,0.00,0.00,0.00,0.00,0.00,-0.00,-0.00,0.00,0.00,0.00,0.00,0.00,0.00,0.00,0.00,0
31.0647,9,-6,74,0,DRIVE [ 67 ] [ 1 ] [ 1723 1904 1676 ] [    0    0    0 ] [      0      0      0 ] [ 0 ],drive [ 66 ] [ 0 ] [ 1715 1904 1672 ] [   29   11   32 ] [   9268   5960  10549 ] [ 0 ],1.00,1.00,1.00,1.00,8.64,-5.95,0.00,0.00,0.00,0.00,0.00,-0.00,-0.00,0.00,0.00,0.00,0.00,0.00,0.00,0.00,0.00,0
31.0767,8,-6,74,0,DRIVE [ 67 ] [ 1 ] [ 1732 1904 1681 ] [    0    0    0 ] [      0      0      0 ] [ 0 ],drive [ 67 ] [ 0 ] [ 1723 1904 1676 ] [   29   11   32 ] [   9268   5960  10549 ] [ 0 ],1.00,1.00,1.00,1.00,8.24,-5.85,0.00,0.00,0.00,0.00,0.00,-0.00,-0.00,0.00,0.00,0.00,0.00,0.00,0.00,0.00,0.00,0
31.0863,8,-6,74,0,DRIVE [ 68 ] [ 1 ] [ 1741 1904 1687 ] [    0    0    0 ] [      0      0      0 ] [ 0 ],drive [ 67 ] [ 0 ] [ 1732 1904 1681 ] [   29   11   32 ] [   9268   5960  10549 ] [ 0 ],1.00,1.00,1.00,1.00,7.82,-5.72,0.00,0.00,0.00,0.00,0.00,-0.00,-0.00,0.00,0.00,0.00,0.00,0.00,0.00,0.00,0.00,0
31.0967,7,-6,74,0,DRIVE [ 68 ] [ 1 ] [ 1751 1904 1694 ] [    0    0    0 ] [      0      0      0 ] [ 0 ],drive [ 68 ] [ 0 ] [ 1741 1904 1687 ] [   29   11   32 ] [   9264   5944  10548 ] [ 0 ],1.00,1.00,1.00,1.00,7.34,-5.58,0.00,0.00,0.00,0.00,0.00,-0.00,-0.00,0.00,0.00,0.00,0.00,0.00,-0.00,0.00,0.00,0
31.1086,7,-5,73,0,DRIVE [ 69 ] [ 1 ] [ 1762 1904 1701 ] [    0    0    0 ] [      0      0      0 ] [ 0 ],drive [ 68 ] [ 0 ] [ 1751 1904 1694 ] [   27   21   29 ] [   9264   5944  10548 ] [ 0 ],1.00,1.00,1.00,1.00,6.83,-5.40,0.00,0.00,0.00,0.00,0.00,-0.00,-0.00,0.00,0.00,0.00,0.00,0.00,-0.00,0.00,0.00,0
31.1205,6,-5,73,0,DRIVE [ 69 ] [ 1 ] [ 1772 1904 1709 ] [    0    0    0 ] [      0      0      0 ] [ 0 ],drive [ 69 ] [ 0 ] [ 1762 1904 1701 ] [   27   21   29 ] [   9264   5944  10548 ] [ 0 ],1.00,1.00,1.00,1.00,6.33,-5.21,0.00,0.00,0.00,0.00,0.00,-0.00,-0.00,0.00,0.00,0.00,0.00,0.00,-0.00,0.00,0.00,0
31.1326,6,-5,72,0,DRIVE [ 70 ] [ 1 ] [ 1783 1904 1717 ] [    0    0    0 ] [      0      0      0 ] [ 0 ],drive [ 69 ] [ 0 ] [ 1772 1904 1709 ] [   27   21   29 ] [   9264   5944  10548 ] [ 0 ],1.00,1.00,1.00,1.00,5.83,-5.02,0.00,0.00,0.00,0.00,0.00,-0.00,-0.00,0.00,0.00,0.00,0.00,0.00,-0.00,0.00,0.00,0
31.1423,5,-5,72,0,DRIVE [ 70 ] [ 1 ] [ 1793 1904 1725 ] [    0    0    0 ] [      0      0      0 ] [ 0 ],drive [ 70 ] [ 0 ] [ 1783 1904 1717 ] [   27   21   29 ] [   9255   5919  10547 ] [ 0 ],1.00,1.00,1.00,1.00,5.36,-4.83,0.00,0.00,0.00,0.00,0.00,-0.00,-0.00,0.00,0.00,0.00,0.00,0.00,-0.00,0.00,0.00,0
31.1525,5,-5,72,0,DRIVE [ 71 ] [ 1 ] [ 1802 1904 1732 ] [    0    0    0 ] [      0      0      0 ] [ 0 ],drive [ 70 ] [ 0 ] [ 1793 1904 1725 ] [   27   21   29 ] [   9255   5919  10547 ] [ 0 ],1.00,1.00,1.00,1.00,4.92,-4.65,0.00,0.00,0.00,0.00,0.00,-0.00,-0.00,0.00,0.00,0.00,0.00,0.00,-0.00,0.00,0.00,0
31.1646,4,-4,71,0,DRIVE [ 71 ] [ 1 ] [ 1811 1904 1739 ] [    0    0    0 ] [      0      0      0 ] [ 0 ],drive [ 71 ] [ 0 ] [ 1802 1904 1732 ] [   29   17   28 ] [   9255   5919  10547 ] [ 0 ],1.00,1.00,1.00,1.00,4.49,-4.46,0.00,0.00,0.00,0.00,0.00,-0.00,-0.00,0.00,0.00,0.00,0.00,0.00,-0.00,0.00,0.00,0
31.1766,4,-4,71,0,DRIVE [ 72 ] [ 1 ] [ 1820 1904 1746 ] [    0    0    0 ] [      0      0      0 ] [ 0 ],drive [ 71 ] [ 0 ] [ 1811 1904 1739 ] [   29   17   28 ] [   9255   5919  10547 ] [ 0 ],1.00,1.00,1.00,1.00,4.10,-4.28,0.00,0.00,0.00,0.00,0.00,-0.00,-0.00,0.00,0.00,0.00,0.00,0.00,-0.00,0.00,0.00,0
31.1888,4,-4,71,0,DRIVE [ 72 ] [ 1 ] [ 1827 1904 1753 ] [    0    0    0 ] [      0      0      0 ] [ 0 ],drive [ 72 ] [ 0 ] [ 1820 1904 1746 ] [   29   17   28 ] [   9255   5919  10547 ] [ 0 ],1.00,1.00,1.00,1.00,3.75,-4.10,0.00,0.00,0.00,0.00,0.00,-0.00,-0.00,0.00,0.00,0.00,0.00,0.00,-0.00,0.00,0.00,0
31.2008,3,-4,70,0,DRIVE [ 73 ] [ 1 ] [ 1833 1904 1758 ] [    0    0    0 ] [      0      0      0 ] [ 0 ],drive [ 72 ] [ 0 ] [ 1827 1904 1753 ] [   29   17   28 ] [   9229   5914  10542 ] [ 0 ],1.00,1.00,1.00,1.00,3.44,-3.96,0.00,0.00,0.00,0.00,0.00,-0.00,-0.00,0.00,0.00,0.00,0.00,0.00,-0.00,0.00,0.00,0
31.211,3,-4,70,0,DRIVE [ 73 ] [ 1 ] [ 1839 1904 1763 ] [    0    0    0 ] [      0      0      0 ] [ 0 ],drive [ 73 ] [ 0 ] [ 1833 1904 1758 ] [   18   18   26 ] [   9229   5914  10542 ] [ 0 ],1.00,1.00,1.00,1.00,3.18,-3.83,0.00,0.00,0.00,0.00,0.00,-0.00,-0.00,0.00,0.00,0.00,0.00,0.00,-0.00,0.00,0.00,0
31.2206,3,-4,69,0,DRIVE [ 74 ] [ 1 ] [ 1844 1904 1767 ] [    0    0    0 ] [      0      0      0 ] [ 0 ],drive [ 73 ] [ 0 ] [ 1839 1904 1763 ] [   18   18   26 ] [   9229   5914  10542 ] [ 0 ],1.00,1.00,1.00,1.00,2.93,-3.69,0.00,0.00,0.00,0.00,0.00,-0.00,-0.00,0.00,0.00,0.00,0.00,0.00,-0.00,0.00,0.00,0
31.2329,3,-4,69,0,DRIVE [ 74 ] [ 1 ] [ 1848 1904 1771 ] [    0    0    0 ] [      0      0      0 ] [ 0 ],drive [ 74 ] [ 0 ] [ 1844 1904 1767 ] [   18   18   26 ] [   9229   5914  10542 ] [ 0 ],1.00,1.00,1.00,1.00,2.72,-3.58,0.00,0.00,0.00,0.00,0.00,-0.00,-0.00,0.00,0.00,0.00,0.00,0.00,-0.00,0.00,0.00,0
31.2449,3,-3,68,0,DRIVE [ 75 ] [ 1 ] [ 1852 1904 1775 ] [    0    0    0 ] [      0      0      0 ] [ 0 ],drive [ 74 ] [ 0 ] [ 1848 1904 1771 ] [   18   18   26 ] [   9170   5914  10539 ] [ 0 ],1.00,1.00,1.00,1.00,2.53,-3.46,0.00,0.00,0.00,0.00,0.00,-0.00,-0.00,0.00,0.00,0.00,0.00,0.00,-0.00,0.00,0.00,0
31.2567,2,-3,68,0,DRIVE [ 75 ] [ 1 ] [ 1857 1904 1778 ] [    0    0    0 ] [      0      0      0 ] [ 0 ],drive [ 75 ] [ 0 ] [ 1852 1904 1775 ] [   18   18   26 ] [   9170   5914  10539 ] [ 0 ],1.00,1.00,1.00,1.00,2.30,-3.37,0.00,0.00,0.00,0.00,0.00,-0.00,-0.00,0.00,0.00,0.00,0.00,0.00,-0.00,0.00,0.00,0
31.2685,2,-3,68,0,DRIVE [ 76 ] [ 1 ] [ 1862 1904 1781 ] [    0    0    0 ] [      0      0      0 ] [ 0 ],drive [ 75 ] [ 0 ] [ 1857 1904 1778 ] [   12   18   27 ] [   9170   5914  10539 ] [ 0 ],1.00,1.00,1.00,1.00,2.07,-3.28,0.00,0.00,0.00,0.00,0.00,-0.00,-0.00,0.00,0.00,0.00,0.00,0.00,-0.00,0.00,0.00,0
31.2783,2,-3,67,0,DRIVE [ 76 ] [ 1 ] [ 1867 1904 1783 ] [    0    0    0 ] [      0      0      0 ] [ 0 ],drive [ 76 ] [ 0 ] [ 1862 1904 1781 ] [   12   18   27 ] [   9170   5914  10539 ] [ 0 ],1.00,1.00,1.00,1.00,1.85,-3.19,0.00,0.00,0.00,0.00,0.00,-0.00,-0.00,0.00,0.00,0.00,0.00,0.00,-0.00,0.00,0.00,0
31.2889,2,-3,67,0,DRIVE [ 77 ] [ 1 ] [ 1871 1904 1785 ] [    0    0    0 ] [      0      0      0 ] [ 0 ],drive [ 76 ] [ 0 ] [ 1867 1904 1783 ] [   12   18   27 ] [   9170   5914  10539 ] [ 0 ],1.00,1.00,1.00,1.00,1.65,-3.12,0.00,0.00,0.00,0.00,0.00,-0.00,-0.00,0.00,0.00,0.00,0.00,0.00,-0.00,0.00,0.00,0
31.3125,1,-3,66,0,DRIVE [ 77 ] [ 1 ] [ 1875 1904 1788 ] [    0    0    0 ] [      0      0      0 ] [ 0 ],drive [ 77 ] [ 0 ] [ 1871 1904 1785 ] [   12   18   27 ] [   9155   5914  10535 ] [ 0 ],1.00,1.00,1.00,1.00,1.42,-3.00,0.00,0.00,0.00,0.00,0.00,-0.00,-0.00,0.00,0.00,0.00,0.00,0.00,-0.00,0.00,0.00,0
31.3247,1,-3,66,0,DRIVE [ 78 ] [ 1 ] [ 1879 1904 1792 ] [    0    0    0 ] [      0      0      0 ] [ 0 ],drive [ 77 ] [ 0 ] [ 1875 1904 1788 ] [   20   18   28 ] [   9155   5914  10535 ] [ 0 ],1.00,1.00,1.00,1.00,1.24,-2.88,0.00,0.00,0.00,0.00,0.00,-0.00,-0.00,0.00,0.00,0.00,0.00,0.00,-0.00,0.00,0.00,0
31.3344,1,-3,65,0,DRIVE [ 78 ] [ 1 ] [ 1883 1904 1797 ] [    0    0    0 ] [      0      0      0 ] [ 0 ],drive [ 78 ] [ 0 ] [ 1879 1904 1792 ] [   20   18   28 ] [   9155   5914  10535 ] [ 0 ],1.00,1.00,1.00,1.00,1.07,-2.72,0.00,0.00,0.00,0.00,0.00,-0.00,-0.00,0.00,0.00,0.00,0.00,0.00,-0.00,0.00,0.00,0
31.3447,1,-3,65,0,DRIVE [ 79 ] [ 1 ] [ 1886 1904 1802 ] [    0    0    0 ] [      0      0      0 ] [ 0 ],drive [ 78 ] [ 0 ] [ 1883 1904 1797 ] [   20   18   28 ] [   9130   5914  10532 ] [ 0 ],1.00,1.00,1.00,1.00,0.90,-2.55,0.00,0.00,0.00,0.00,0.00,-0.00,-0.00,0.00,0.00,0.00,0.00,0.00,-0.00,0.00,0.00,0
31.3574,1,-2,65,0,DRIVE [ 79 ] [ 1 ] [ 1890 1904 1809 ] [    0    0    0 ] [      0      0      0 ] [ 0 ],drive [ 79 ] [ 0 ] [ 1886 1904 1802 ] [   20   18   28 ] [   9130   5914  10532 ] [ 0 ],1.00,1.00,1.00,1.00,0.74,-2.36,0.00,0.00,0.00,0.00,0.00,-0.00,-0.00,0.00,0.00,0.00,0.00,0.00,-0.00,0.00,0.00,0
31.3695,1,-2,64,0,DRIVE [ 80 ] [ 1 ] [ 1893 1904 1815 ] [    0    0    0 ] [      0      0      0 ] [ 0 ],drive [ 79 ] [ 0 ] [ 1890 1904 1809 ] [   29   18   27 ] [   9130   5914  10532 ] [ 0 ],1.00,1.00,1.00,1.00,0.58,-2.16,0.00,0.00,0.00,0.00,0.00,-0.00,-0.00,0.00,0.00,0.00,0.00,0.00,-0.00,0.00,0.00,0
31.3824,0,-2,64,0,DRIVE [ 80 ] [ 1 ] [ 1896 1904 1822 ] [    0    0    0 ] [      0      0      0 ] [ 0 ],drive [ 80 ] [ 0 ] [ 1893 1904 1815 ] [   29   18   27 ] [   9130   5914  10532 ] [ 0 ],1.00,1.00,1.00,1.00,0.43,-1.96,0.00,0.00,0.00,0.00,0.00,-0.00,-0.00,0.00,0.00,0.00,0.00,0.00,-0.00,0.00,0.00,0
31.3935,0,-2,63,0,DRIVE [ 81 ] [ 1 ] [ 1899 1904 1829 ] [    0    0    0 ] [      0      0      0 ] [ 0 ],drive [ 80 ] [ 0 ] [ 1896 1904 1822 ] [   29   18   27 ] [   9086   5914  10512 ] [ 0 ],1.00,1.00,1.00,1.00,0.29,-1.76,0.00,0.00,0.00,0.00,0.00,-0.00,-0.00,0.00,0.00,0.00,0.00,0.00,-0.00,0.00,0.00,0
31.4034,0,-2,63,0,DRIVE [ 81 ] [ 1 ] [ 1902 1904 1834 ] [    0    0    0 ] [      0      0      0 ] [ 0 ],drive [ 81 ] [ 0 ] [ 1899 1904 1829 ] [   29   18   27 ] [   9086   5914  10512 ] [ 0 ],1.00,1.00,1.00,1.00,0.14,-1.58,0.00,0.00,0.00,0.00,0.00,-0.00,-0.00,0.00,0.00,0.00,0.00,0.00,-0.00,0.00,0.00,0
31.4129,0,-1,62,0,DRIVE [ 82 ] [ 1 ] [ 1902 1905 1839 ] [    0    0    0 ] [      0      0      0 ] [ 0 ],drive [ 81 ] [ 0 ] [ 1902 1904 1834 ] [    4   18   36 ] [   9086   5914  10512 ] [ 0 ],1.00,1.00,1.00,1.00,-0.01,-1.40,0.00,0.00,0.00,0.00,0.00,-0.00,-0.00,0.00,0.00,0.00,0.00,0.00,0.00,0.00,0.00,0
31.4246,0,-1,62,0,DRIVE [ 82 ] [ 1 ] [ 1902 1902 1849 ] [    0    0    0 ] [      0      0      0 ] [ 0 ],drive [ 82 ] [ 0 ] [ 1902 1905 1839 ] [    4   18   36 ] [   9086   5914  10512 ] [ 0 ],1.00,1.00,1.00,1.00,-0.17,-1.26,0.00,0.00,0.00,0.00,0.00,-0.00,-0.00,0.00,0.00,0.00,0.00,0.00,0.00,0.00,0.00,0
31.4364,0,-1,62,0,DRIVE [ 83 ] [ 1 ] [ 1902 1898 1857 ] [    0    0    0 ] [      0      0      0 ] [ 0 ],drive [ 82 ] [ 0 ] [ 1902 1902 1849 ] [    4   18   36 ] [   9086   5914  10512 ] [ 0 ],1.00,1.00,1.00,1.00,-0.32,-1.12,0.00,0.00,0.00,0.00,0.00,-0.00,-0.00,0.00,0.00,0.00,0.00,0.00,0.00,0.00,0.00,0
31.4487,0,-1,61,0,DRIVE [ 83 ] [ 1 ] [ 1902 1894 1863 ] [    0    0    0 ] [      0      0      0 ] [ 0 ],drive [ 83 ] [ 0 ] [ 1902 1898 1857 ] [    4   18   36 ] [   9065   5913  10482 ] [ 0 ],1.00,1.00,1.00,1.00,-0.48,-0.99,0.00,0.00,0.00,0.00,0.00,-0.00,-0.00,0.00,0.00,0.00,0.00,0.00,0.00,0.00,0.00,0
31.4585,-1,-1,61,0,DRIVE [ 84 ] [ 1 ] [ 1902 1891 1867 ] [    0    0    0 ] [      0      0      0 ] [ 0 ],drive [ 83 ] [ 0 ] [ 1902 1894 1863 ] [    5   18   21 ] [   9065   5913  10482 ] [ 0 ],1.00,1.00,1.00,1.00,-0.60,-0.89,0.00,0.00,0.00,0.00,0.00,-0.00,-0.00,0.00,0.00,0.00,0.00,0.00,0.00,0.00,0.00,0
31.4682,-1,-1,60,0,DRIVE [ 84 ] [ 1 ] [ 1902 1887 1870 ] [    0    0    0 ] [      0      0      0 ] [ 0 ],drive [ 84 ] [ 0 ] [ 1902 1891 1867 ] [    5   18   21 ] [   9065   5913  10482 ] [ 0 ],1.00,1.00,1.00,1.00,-0.73,-0.82,0.00,0.00,0.00,0.00,0.00,-0.00,-0.00,0.00,0.00,0.00,0.00,0.00,0.00,0.00,0.00,0
31.4806,-1,-1,60,0,DRIVE [ 85 ] [ 1 ] [ 1902 1884 1869 ] [    0    0    0 ] [      0      0      0 ] [ 0 ],drive [ 84 ] [ 0 ] [ 1902 1887 1870 ] [    5   18   21 ] [   9065   5913  10482 ] [ 0 ],1.00,1.00,1.00,1.00,-0.84,-0.80,0.00,0.00,0.00,0.00,0.00,-0.00,-0.00,0.00,0.00,0.00,0.00,0.00,0.00,0.00,0.00,0
31.4925,-1,-1,59,0,DRIVE [ 85 ] [ 1 ] [ 1902 1881 1868 ] [    0    0    0 ] [      0      0      0 ] [ 0 ],drive [ 85 ] [ 0 ] [ 1902 1884 1869 ] [    5   18   21 ] [   9062   5913  10457 ] [ 0 ],1.00,1.00,1.00,1.00,-0.95,-0.82,0.00,0.00,0.00,0.00,0.00,-0.00,-0.00,0.00,0.00,0.00,0.00,0.00,0.00,0.00,0.00,0
31.5045,-1,-1,59,0,DRIVE [ 86 ] [ 1 ] [ 1902 1878 1863 ] [    0    0    0 ] [      0      0      0 ] [ 0 ],drive [ 85 ] [ 0 ] [ 1902 1881 1868 ] [    5   18   21 ] [   9062   5913  10457 ] [ 0 ],1.00,1.00,1.00,1.00,-1.04,-0.90,0.00,0.00,0.00,0.00,0.00,-0.00,-0.00,0.00,0.00,0.00,0.00,0.00,0.00,0.00,0.00,0
31.5164,-1,-1,58,0,DRIVE [ 86 ] [ 1 ] [ 1902 1877 1858 ] [    0    0    0 ] [      0      0      0 ] [ 0 ],drive [ 86 ] [ 0 ] [ 1902 1878 1863 ] [    6   20   13 ] [   9062   5913  10457 ] [ 0 ],1.00,1.00,1.00,1.00,-1.08,-1.03,0.00,0.00,0.00,0.00,0.00,-0.00,-0.00,0.00,0.00,0.00,0.00,0.00,0.00,0.00,0.00,0
31.5264,-1,-1,58,0,DRIVE [ 87 ] [ 1 ] [ 1902 1877 1851 ] [    0    0    0 ] [      0      0      0 ] [ 0 ],drive [ 86 ] [ 0 ] [ 1902 1877 1858 ] [    6   20   13 ] [   9062   5913  10457 ] [ 0 ],1.00,1.00,1.00,1.00,-1.10,-1.20,0.00,0.00,0.00,0.00,0.00,-0.00,-0.00,0.00,0.00,0.00,0.00,0.00,0.00,0.00,0.00,0
31.5417,-1,-1,57,0,DRIVE [ 87 ] [ 1 ] [ 1902 1878 1842 ] [    0    0    0 ] [      0      0      0 ] [ 0 ],drive [ 87 ] [ 0 ] [ 1902 1877 1851 ] [    6   20   13 ] [   9062   5913  10457 ] [ 0 ],1.00,1.00,1.00,1.00,-1.09,-1.40,0.00,0.00,0.00,0.00,0.00,-0.00,-0.00,0.00,0.00,0.00,0.00,0.00,0.00,0.00,0.00,0
31.5546,-1,-2,57,0,DRIVE [ 88 ] [ 1 ] [ 1902 1878 1833 ] [    0    0    0 ] [      0      0      0 ] [ 0 ],drive [ 87 ] [ 0 ] [ 1902 1878 1842 ] [    6   20   13 ] [   9059   5913  10424 ] [ 0 ],1.00,1.00,1.00,1.00,-1.09,-1.60,0.00,0.00,0.00,0.00,0.00,-0.00,-0.00,0.00,0.00,0.00,0.00,0.00,0.00,0.00,0.00,0
31.5647,-1,-2,57,0,DRIVE [ 88 ] [ 1 ] [ 1902 1878 1822 ] [    0    0    0 ] [      0      0      0 ] [ 0 ],drive [ 88 ] [ 0 ] [ 1902 1878 1833 ] [    5   20   20 ] [   9059   5913  10424 ] [ 0 ],1.00,1.00,1.00,1.00,-1.08,-1.82,0.00,0.00,0.00,0.00,0.00,-0.00,-0.00,0.00,0.00,0.00,0.00,0.00,0.00,0.00,0.00,0
31.5748,-1,-2,56,0,DRIVE [ 89 ] [ 1 ] [ 1902 1879 1811 ] [    0    0    0 ] [      0      0      0 ] [ 0 ],drive [ 88 ] [ 0 ] [ 1902 1878 1822 ] [    5   20   20 ] [   9059   5913  10424 ] [ 0 ],1.00,1.00,1.00,1.00,-1.05,-2.05,0.00,0.00,0.00,0.00,0.00,-0.00,-0.00,0.00,0.00,0.00,0.00,0.00,0.00,0.00,0.00,0
31.5845,-1,-2,56,0,DRIVE [ 89 ] [ 1 ] [ 1902 1880 1799 ] [    0    0    0 ] [      0      0      0 ] [ 0 ],drive [ 89 ] [ 0 ] [ 1902 1879 1811 ] [    5   20   20 ] [   9059   5913  10424 ] [ 0 ],1.00,1.00,1.00,1.00,-1.01,-2.27,0.00,0.00,0.00,0.00,0.00,-0.00,-0.00,0.00,0.00,0.00,0.00,0.00,0.00,0.00,0.00,0
31.5945,-1,-2,55,0,DRIVE [ 90 ] [ 1 ] [ 1902 1881 1788 ] [    0    0    0 ] [      0      0      0 ] [ 0 ],drive [ 89 ] [ 0 ] [ 1902 1880 1799 ] [    5   20   20 ] [   9059   5913  10425 ] [ 0 ],1.00,1.00,1.00,1.00,-0.96,-2.48,0.00,0.00,0.00,0.00,0.00,-0.00,-0.00,0.00,0.00,0.00,0.00,0.00,0.00,0.00,0.00,0
31.6047,-1,-3,55,0,DRIVE [ 90 ] [ 1 ] [ 1902 1883 1777 ] [    0    0    0 ] [      0      0      0 ] [ 0 ],drive [ 90 ] [ 0 ] [ 1902 1881 1788 ] [    5   20   20 ] [   9059   5913  10425 ] [ 0 ],1.00,1.00,1.00,1.00,-0.90,-2.67,0.00,0.00,0.00,0.00,0.00,-0.00,-0.00,0.00,0.00,0.00,0.00,0.00,0.00,0.00,0.00,0
31.6168,-1,-3,54,0,DRIVE [ 91 ] [ 1 ] [ 1902 1884 1766 ] [    0    0    0 ] [      0      0      0 ] [ 0 ],drive [ 90 ] [ 0 ] [ 1902 1883 1777 ] [    6   15   25 ] [   9059   5913  10425 ] [ 0 ],1.00,1.00,1.00,1.00,-0.84,-2.83,0.00,0.00,0.00,0.00,0.00,-0.00,-0.00,0.00,0.00,0.00,0.00,0.00,0.00,0.00,0.00,0
31.6287,-1,-3,54,0,DRIVE [ 91 ] [ 1 ] [ 1902 1885 1758 ] [    0    0    0 ] [      0      0      0 ] [ 0 ],drive [ 91 ] [ 0 ] [ 1902 1884 1766 ] [    6   15   25 ] [   9059   5913  10425 ] [ 0 ],1.00,1.00,1.00,1.00,-0.78,-2.95,0.00,0.00,0.00,0.00,0.00,-0.00,-0.00,0.00,0.00,0.00,0.00,0.00,0.00,0.00,0.00,0
31.6408,-1,-3,53,0,DRIVE [ 92 ] [ 1 ] [ 1902 1885 1753 ] [    0    0    0 ] [      0      0      0 ] [ 0 ],drive [ 91 ] [ 0 ] [ 1902 1885 1758 ] [    6   15   25 ] [   9059   5913  10425 ] [ 0 ],1.00,1.00,1.00,1.00,-0.77,-3.02,0.00,0.00,0.00,0.00,0.00,-0.00,-0.00,0.00,0.00,0.00,0.00,0.00,0.00,0.00,0.00,0
31.6502,-1,-3,52,0,DRIVE [ 92 ] [ 1 ] [ 1902 1884 1751 ] [    0    0    0 ] [      0      0      0 ] [ 0 ],drive [ 92 ] [ 0 ] [ 1902 1885 1753 ] [    6   15   25 ] [   9053   5819  10428 ] [ 0 ],1.00,1.00,1.00,1.00,-0.80,-3.03,0.00,0.00,0.00,0.00,0.00,-0.00,-0.00,0.00,0.00,0.00,0.00,0.00,0.00,0.00,0.00,0
31.6622,-1,-3,52,0,DRIVE [ 93 ] [ 1 ] [ 1902 1884 1750 ] [    0    0    0 ] [      0      0      0 ] [ 0 ],drive [ 92 ] [ 0 ] [ 1902 1884 1751 ] [   10   20   26 ] [   9053   5819  10428 ] [ 0 ],1.00,1.00,1.00,1.00,-0.81,-3.01,0.00,0.00,0.00,0.00,0.00,-0.00,-0.00,0.00,0.00,0.00,0.00,0.00,0.00,0.00,0.00,0
31.6728,-1,-3,51,0,DRIVE [ 93 ] [ 1 ] [ 1902 1884 1750 ] [    0    0    0 ] [      0      0      0 ] [ 0 ],drive [ 93 ] [ 0 ] [ 1902 1884 1750 ] [   10   20   26 ] [   9053   5819  10428 ] [ 0 ],1.00,1.00,1.00,1.00,-0.80,-2.98,0.00,0.00,0.00,0.00,0.00,-0.00,-0.00,0.00,0.00,0.00,0.00,0.00,0.00,0.00,0.00,0
31.6846,-1,-3,51,0,DRIVE [ 94 ] [ 1 ] [ 1902 1885 1750 ] [    0    0    0 ] [      0      0      0 ] [ 0 ],drive [ 93 ] [ 0 ] [ 1902 1884 1750 ] [   10   20   26 ] [   9053   5819  10428 ] [ 0 ],1.00,1.00,1.00,1.00,-0.76,-2.94,0.00,0.00,0.00,0.00,0.00,-0.00,-0.00,0.00,0.00,0.00,0.00,0.00,0.00,0.00,0.00,0
31.6981,-1,-3,50,0,DRIVE [ 94 ] [ 1 ] [ 1902 1886 1751 ] [    0    0    0 ] [      0      0      0 ] [ 0 ],drive [ 94 ] [ 0 ] [ 1902 1885 1750 ] [   10   20   26 ] [   9037   5797  10431 ] [ 0 ],1.00,1.00,1.00,1.00,-0.69,-2.86,0.00,0.00,0.00,0.00,0.00,-0.00,-0.00,0.00,0.00,0.00,0.00,0.00,0.00,0.00,0.00,0
31.7085,-1,-3,49,0,DRIVE [ 95 ] [ 1 ] [ 1902 1888 1753 ] [    0    0    0 ] [      0      0      0 ] [ 0 ],drive [ 94 ] [ 0 ] [ 1902 1886 1751 ] [   16   11   28 ] [   9037   5797  10431 ] [ 0 ],1.00,1.00,1.00,1.00,-0.61,-2.78,0.00,0.00,0.00,0.00,0.00,-0.00,-0.00,0.00,0.00,0.00,0.00,0.00,0.00,0.00,0.00,0
31.7182,-1,-3,49,0,DRIVE [ 95 ] [ 1 ] [ 1902 1890 1755 ] [    0    0    0 ] [      0      0      0 ] [ 0 ],drive [ 95 ] [ 0 ] [ 1902 1888 1753 ] [   16   11   28 ] [   9037   5797  10431 ] [ 0 ],1.00,1.00,1.00,1.00,-0.55,-2.68,0.00,0.00,0.00,0.00,0.00,-0.00,-0.00,0.00,0.00,0.00,0.00,0.00,0.00,0.00,0.00,0
31.7301,-1,-3,48,0,DRIVE [ 96 ] [ 1 ] [ 1902 1891 1759 ] [    0    0    0 ] [      0      0      0 ] [ 0 ],drive [ 95 ] [ 0 ] [ 1902 1890 1755 ] [   16   11   28 ] [   9037   5797  10431 ] [ 0 ],1.00,1.00,1.00,1.00,-0.51,-2.57,0.00,0.00,0.00,0.00,0.00,-0.00,-0.00,0.00,0.00,0.00,0.00,0.00,0.00,0.00,0.00,0
31.7406,0,-2,47,0,DRIVE [ 96 ] [ 1 ] [ 1902 1891 1764 ] [    0    0    0 ] [      0      0      0 ] [ 0 ],drive [ 96 ] [ 0 ] [ 1902 1891 1759 ] [   16   11   28 ] [   9037   5797  10431 ] [ 0 ],1.00,1.00,1.00,1.00,-0.49,-2.45,0.00,0.00,0.00,0.00,0.00,-0.00,-0.00,0.00,0.00,0.00,0.00,0.00,0.00,0.00,0.00,0
31.7525,-1,-2,47,0,DRIVE [ 97 ] [ 1 ] [ 1902 1891 1770 ] [    0    0    0 ] [      0      0      0 ] [ 0 ],drive [ 96 ] [ 0 ] [ 1902 1891 1764 ] [   16   11   28 ] [   9037   5737  10429 ] [ 0 ],1.00,1.00,1.00,1.00,-0.50,-2.33,0.00,0.00,0.00,0.00,0.00,-0.00,-0.00,0.00,0.00,0.00,0.00,0.00,0.00,0.00,0.00,0
31.7666,-1,-2,46,1,DRIVE [ 97 ] [ 1 ] [ 1902 1890 1775 ] [    0    0    0 ] [      0      0      0 ] [ 0 ],drive [ 97 ] [ 0 ] [ 1902 1891 1770 ] [   14   17   21 ] [   9037   5737  10429 ] [ 0 ],1.00,1.00,1.00,1.00,-0.52,-2.23,0.00,0.00,0.00,0.00,0.00,-0.00,-0.00,0.00,0.00,0.00,0.00,0.00,0.00,0.00,0.00,0
