timestamp,Xmm,Ymm,Zmm,TouchDetected,OutgoingPacket,IncomingPacket,GainPropAb, GainPropAd, GainPropFl, GainPropEx,PropA, PropB, PropC,GainIntegAb, GainIntegAd, GainIntegFl, GainIntegEx,IntegA, IntegB, IntegC,GainDerivAb, GainDerivAd, GainDerivFl, GainDerivEx,DerivA, DerivB, DerivC,Heading5
0.148732,250,42,479,0,DRIVE [ 04 ] [ 1 ] [ 1887 1898 1901 ] [    0    0    0 ] [      0      0      0 ] [ 0 ],drive [ 04 ] [ 0 ] [ 1905 1898 1905 ] [   11   17   15 ] [   9532   5463   9485 ] [ 0 ],1.10,1.10,1.10,1.10,275.20,45.89,0.00,0.00,0.00,0.00,0.00,0.00,0.00,0.00,0.00,0.00,0.00,0.00,0.00,0.00,0.00,0
0.161603,240,41,456,0,DRIVE [ 05 ] [ 1 ] [ 1868 1898 1896 ] [    0    0    0 ] [      0      0      0 ] [ 0 ],drive [ 04 ] [ 0 ] [ 1887 1898 1901 ] [   11   17   15 ] [   9478   5463   9498 ] [ 0 ],1.10,1.10,1.10,1.10,264.00,44.71,0.00,0.00,0.00,0.00,0.00,0.00,0.00,0.00,0.00,0.00,0.00,0.00,0.00,0.00,0.00,0
0.17479,247,42,467,0,DRIVE [ 05 ] [ 1 ] [ 1850 1898 1891 ] [    0    0    0 ] [      0      0      0 ] [ 0 ],drive [ 05 ] [ 0 ] [ 1868 1898 1896 ] [   18   17   12 ] [   9478   5463   9498 ] [ 0 ],1.10,1.10,1.10,1.10,271.59,46.06,0.00,0.00,0.00,0.00,0.00,0.00,0.00,0.00,0.00,0.00,0.00,0.00,0.00,0.00,0.00,0
0.187785,249,42,469,0,DRIVE [ 06 ] [ 1 ] [ 1831 1898 1886 ] [    0    0    0 ] [      0      0      0 ] [ 0 ],drive [ 05 ] [ 0 ] [ 1850 1898 1891 ] [   18   17   12 ] [   9478   5463   9498 ] [ 0 ],1.10,1.10,1.10,1.10,273.88,46.54,0.00,0.00,0.00,0.00,0.00,0.00,0.00,0.00,0.00,0.00,0.00,0.00,0.00,0.00,0.00,0
0.200978,251,42,471,0,DRIVE [ 06 ] [ 1 ] [ 1813 1898 1882 ] [    0    0    0 ] [      0      0      0 ] [ 0 ],drive [ 06 ] [ 0 ] [ 1831 1898 1886 ] [   18   17   12 ] [   9483   5463   9498 ] [ 0 ],1.10,1.10,1.10,1.10,275.60,46.64,0.00,0.00,0.00,0.00,0.00,0.00,0.00,0.00,0.00,0.00,0.00,0.00,0.00,0.00,0.00,0
0.213916,249,42,467,0,DRIVE [ 07 ] [ 1 ] [ 1795 1898 1877 ] [    0    0    0 ] [      0      0      0 ] [ 0 ],drive [ 06 ] [ 0 ] [ 1813 1898 1882 ] [   21   17   14 ] [   9483   5463   9498 ] [ 0 ],1.10,1.10,1.10,1.10,273.86,46.29,0.00,0.00,0.00,0.00,0.00,0.00,0.00,0.00,0.00,0.00,0.00,0.00,-0.00,-0.00,0.00,0
0.226679,250,42,467,0,DRIVE [ 07 ] [ 1 ] [ 1776 1898 1872 ] [    0    0    0 ] [      0      0      0 ] [ 0 ],drive [ 07 ] [ 0 ] [ 1795 1898 1877 ] [   21   17   14 ] [   9483   5463   9498 ] [ 0 ],1.10,1.10,1.10,1.10,275.10,46.19,0.00,0.00,0.00,0.00,0.00,0.00,0.00,0.00,0.00,0.00,0.00,0.00,0.00,0.00,0.00,0
0.240089,249,41,463,0,DRIVE [ 08 ] [ 1 ] [ 1758 1898 1867 ] [    0    0    0 ] [      0      0      0 ] [ 0 ],drive [ 07 ] [ 0 ] [ 1776 1898 1872 ] [   21   17   14 ] [   9483   5463   9498 ] [ 0 ],1.10,1.10,1.10,1.10,274.11,45.64,0.00,0.00,0.00,0.00,0.00,0.00,0.00,0.00,0.00,0.00,0.00,0.00,-0.00,-0.00,0.00,0
0.253331,249,41,460,0,DRIVE [ 08 ] [ 1 ] [ 1739 1898 1862 ] [    0    0    0 ] [      0      0      0 ] [ 0 ],drive [ 08 ] [ 0 ] [ 1758 1898 1867 ] [   21   17   14 ] [   9503   5463   9500 ] [ 0 ],1.10,1.10,1.10,1.10,273.50,45.12,0.00,0.00,0.00,0.00,0.00,0.00,0.00,0.00,0.00,0.00,0.00,0.00,-0.00,-0.00,0.00,0
0.266401,249,41,457,0,DRIVE [ 09 ] [ 1 ] [ 1719 1898 1857 ] [    0    0    0 ] [      0      0      0 ] [ 0 ],drive [ 08 ] [ 0 ] [ 1739 1898 1862 ] [   17   17   16 ] [   9503   5463   9500 ] [ 0 ],1.10,1.10,1.10,1.10,273.61,44.67,0.00,0.00,0.00,0.00,0.00,0.00,0.00,0.00,0.00,0.00,0.00,0.00,-0.00,-0.00,0.00,0
0.27914,250,40,456,0,DRIVE [ 09 ] [ 1 ] [ 1700 1898 1852 ] [    0    0    0 ] [      0      0      0 ] [ 0 ],drive [ 09 ] [ 0 ] [ 1719 1898 1857 ] [   17   17   16 ] [   9503   5463   9500 ] [ 0 ],1.10,1.10,1.10,1.10,274.56,44.43,0.00,0.00,0.00,0.00,0.00,0.00,0.00,0.00,0.00,0.00,0.00,0.00,0.00,0.00,0.00,0
0.29209,251,40,455,0,DRIVE [ 10 ] [ 1 ] [ 1681 1898 1846 ] [    0    0    0 ] [      0      0      0 ] [ 0 ],drive [ 09 ] [ 0 ] [ 1700 1898 1852 ] [   17   17   16 ] [   9503   5463   9500 ] [ 0 ],1.10,1.10,1.10,1.10,275.92,44.06,0.00,0.00,0.00,0.00,0.00,0.00,0.00,0.00,0.00,0.00,0.00,0.00,0.00,0.00,0.00,0
0.305435,254,40,457,0,DRIVE [ 10 ] [ 1 ] [ 1661 1898 1841 ] [    0    0    0 ] [      0      0      0 ] [ 0 ],drive [ 10 ] [ 0 ] [ 1681 1898 1846 ] [   17   17   16 ] [   9529   5463   9503 ] [ 0 ],1.10,1.10,1.10,1.10,279.48,43.80,0.00,0.00,0.00,0.00,0.00,0.00,0.00,0.00,0.00,0.00,0.00,0.00,0.00,0.00,0.00,0
0.317969,254,39,453,0,DRIVE [ 11 ] [ 1 ] [ 1640 1898 1835 ] [    0    0    0 ] [      0      0      0 ] [ 0 ],drive [ 10 ] [ 0 ] [ 1661 1898 1841 ] [   30   17    9 ] [   9529   5463   9503 ] [ 0 ],1.10,1.10,1.10,1.10,279.38,43.05,0.00,0.00,0.00,0.00,0.00,0.00,0.00,0.00,0.00,0.00,0.00,0.00,0.00,0.00,0.00,0
0.331136,254,38,449,0,DRIVE [ 11 ] [ 1 ] [ 1620 1898 1829 ] [    0    0    0 ] [      0      0      0 ] [ 0 ],drive [ 11 ] [ 0 ] [ 1640 1898 1835 ] [   30   17    9 ] [   9529   5463   9503 ] [ 0 ],1.10,1.10,1.10,1.10,279.79,42.27,0.00,0.00,0.00,0.00,0.00,0.00,0.00,0.00,0.00,0.00,0.00,0.00,0.00,0.00,0.00,0
0.343897,256,38,448,0,DRIVE [ 12 ] [ 1 ] [ 1599 1898 1823 ] [    0    0    0 ] [      0      0      0 ] [ 0 ],drive [ 11 ] [ 0 ] [ 1620 1898 1829 ] [   30   17    9 ] [   9529   5463   9503 ] [ 0 ],1.10,1.10,1.10,1.10,281.83,41.79,0.00,0.00,0.00,0.00,0.00,0.00,0.00,0.00,0.00,0.00,0.00,0.00,0.00,0.00,0.00,0
0.356913,258,37,446,0,DRIVE [ 12 ] [ 1 ] [ 1578 1898 1816 ] [    0    0    0 ] [      0      0      0 ] [ 0 ],drive [ 12 ] [ 0 ] [ 1599 1898 1823 ] [   30   17    9 ] [   9618   5463   9518 ] [ 0 ],1.10,1.10,1.10,1.10,283.48,41.09,0.00,0.00,0.00,0.00,0.00,0.00,0.00,0.00,0.00,0.00,0.00,0.00,0.00,0.00,0.00,0
0.372384,261,37,446,0,DRIVE [ 13 ] [ 1 ] [ 1556 1898 1809 ] [    0    0    0 ] [      0      0      0 ] [ 0 ],drive [ 12 ] [ 0 ] [ 1578 1898 1816 ] [   36   17   14 ] [   9618   5463   9518 ] [ 0 ],1.10,1.10,1.10,1.10,287.60,40.59,0.00,0.00,0.00,0.00,0.00,0.00,0.00,0.00,0.00,0.00,0.00,0.00,0.00,0.00,0.00,0
0.385164,264,36,445,0,DRIVE [ 13 ] [ 1 ] [ 1530 1898 1801 ] [    0    0    0 ] [      0      0      0 ] [ 0 ],drive [ 13 ] [ 0 ] [ 1556 1898 1809 ] [   36   17   14 ] [   9618   5463   9518 ] [ 0 ],1.10,1.10,1.10,1.10,289.96,39.72,0.00,0.00,0.00,0.00,0.00,0.00,0.00,0.00,0.00,0.00,0.00,0.00,0.00,0.00,0.00,0
0.398346,265,35,443,0,DRIVE [ 14 ] [ 1 ] [ 1508 1898 1794 ] [    0    0    0 ] [      0      0      0 ] [ 0 ],drive [ 13 ] [ 0 ] [ 1530 1898 1801 ] [   36   17   14 ] [   9618   5463   9518 ] [ 0 ],1.10,1.10,1.10,1.10,291.51,38.65,0.00,0.00,0.00,0.00,0.00,0.00,0.00,0.00,0.00,0.00,0.00,0.00,0.00,0.00,0.00,0
0.410878,268,34,444,0,DRIVE [ 14 ] [ 1 ] [ 1487 1898 1786 ] [    0    0    0 ] [      0      0      0 ] [ 0 ],drive [ 14 ] [ 0 ] [ 1508 1898 1794 ] [   36   17   14 ] [   9905   5463   9510 ] [ 0 ],1.10,1.10,1.10,1.10,295.03,37.75,0.00,0.00,0.00,0.00,0.00,0.00,0.00,0.00,0.00,0.00,0.00,0.00,0.00,0.00,0.00,0
0.423752,268,33,440,0,DRIVE [ 15 ] [ 1 ] [ 1466 1898 1779 ] [    0    0    0 ] [      0      0      0 ] [ 0 ],drive [ 14 ] [ 0 ] [ 1487 1898 1786 ] [   47   17   19 ] [   9905   5463   9510 ] [ 0 ],1.10,1.10,1.10,1.10,294.55,36.55,0.00,0.00,0.00,0.00,0.00,0.00,0.00,0.00,0.00,0.00,0.00,0.00,0.00,0.00,0.00,0
0.437101,268,32,437,0,DRIVE [ 15 ] [ 1 ] [ 1445 1898 1771 ] [    0    0    0 ] [      0      0      0 ] [ 0 ],drive [ 15 ] [ 0 ] [ 1466 1898 1779 ] [   47   17   19 ] [   9905   5463   9510 ] [ 0 ],1.10,1.10,1.10,1.10,295.23,35.51,0.00,0.00,0.00,0.00,0.00,0.00,0.00,0.00,0.00,0.00,0.00,0.00,0.00,0.00,0.00,0
0.449846,268,31,432,0,DRIVE [ 16 ] [ 1 ] [ 1421 1898 1763 ] [    0    0    0 ] [      0      0      0 ] [ 0 ],drive [ 15 ] [ 0 ] [ 1445 1898 1771 ] [   47   17   19 ] [  10171   5463   9508 ] [ 0 ],1.10,1.10,1.10,1.10,294.91,34.25,0.00,0.00,0.00,0.00,0.00,0.00,0.00,0.00,0.00,0.00,0.00,0.00,0.00,0.00,0.00,0
0.462888,269,30,430,0,DRIVE [ 16 ] [ 1 ] [ 1399 1898 1755 ] [    0    0    0 ] [      0      0      0 ] [ 0 ],drive [ 16 ] [ 0 ] [ 1421 1898 1763 ] [   47   17   19 ] [  10171   5463   9508 ] [ 0 ],1.10,1.10,1.10,1.10,295.80,33.47,0.00,0.00,0.00,0.00,0.00,0.00,0.00,0.00,0.00,0.00,0.00,0.00,0.00,0.00,0.00,0
0.477721,269,29,426,0,DRIVE [ 17 ] [ 1 ] [ 1376 1898 1747 ] [    0    0    0 ] [      0      0      0 ] [ 0 ],drive [ 16 ] [ 0 ] [ 1399 1898 1755 ] [   50   17   22 ] [  10171   5463   9508 ] [ 0 ],1.10,1.10,1.10,1.10,296.08,32.35,0.00,0.00,0.00,0.00,0.00,0.00,0.00,0.00,0.00,0.00,0.00,0.00,0.00,0.00,0.00,0
0.490944,274,29,429,0,DRIVE [ 17 ] [ 1 ] [ 1350 1898 1738 ] [    0    0    0 ] [      0      0      0 ] [ 0 ],drive [ 17 ] [ 0 ] [ 1376 1898 1747 ] [   50   17   22 ] [  10171   5463   9508 ] [ 0 ],1.10,1.10,1.10,1.10,301.38,32.11,0.00,0.00,0.00,0.00,0.00,0.00,0.00,0.00,0.00,0.00,0.00,0.00,0.00,0.00,0.00,0
0.505791,274,29,425,0,DRIVE [ 18 ] [ 1 ] [ 1325 1898 1729 ] [    0    0    0 ] [      0      0      0 ] [ 0 ],drive [ 17 ] [ 0 ] [ 1350 1898 1738 ] [   50   17   22 ] [  10220   5463   9509 ] [ 0 ],1.10,1.10,1.10,1.10,301.75,31.41,0.00,0.00,0.00,0.00,0.00,0.00,0.00,0.00,0.00,0.00,0.00,0.00,0.00,0.00,0.00,0
0.519199,274,28,419,0,DRIVE [ 18 ] [ 1 ] [ 1297 1898 1720 ] [    0    0    0 ] [      0      0      0 ] [ 0 ],drive [ 18 ] [ 0 ] [ 1325 1898 1729 ] [   56   18   23 ] [  10220   5463   9509 ] [ 0 ],1.10,1.10,1.10,1.10,301.04,30.95,0.00,0.00,0.00,0.00,0.00,0.00,0.00,0.00,0.00,0.00,0.00,0.00,0.00,0.00,0.00,0
0.532628,275,28,416,0,DRIVE [ 19 ] [ 1 ] [ 1269 1898 1711 ] [    0    0    0 ] [      0      0      0 ] [ 0 ],drive [ 18 ] [ 0 ] [ 1297 1898 1720 ] [   56   18   23 ] [  10220   5463   9509 ] [ 0 ],1.10,1.10,1.10,1.10,302.27,30.66,0.00,0.00,0.00,0.00,0.00,0.00,0.00,0.00,0.00,0.00,0.00,0.00,0.00,0.00,0.00,0
0.545172,279,28,414,0,DRIVE [ 19 ] [ 1 ] [ 1238 1898 1701 ] [    0    0    0 ] [      0      0      0 ] [ 0 ],drive [ 19 ] [ 0 ] [ 1269 1898 1711 ] [   56   18   23 ] [  10220   5463   9509 ] [ 0 ],1.10,1.10,1.10,1.10,306.77,30.87,0.00,0.00,0.00,0.00,0.00,0.00,0.00,0.00,0.00,0.00,0.00,0.00,0.00,0.00,0.00,0
0.558166,285,28,415,0,DRIVE [ 20 ] [ 1 ] [ 1208 1898 1692 ] [    0    0    0 ] [      0      0      0 ] [ 0 ],drive [ 19 ] [ 0 ] [ 1238 1898 1701 ] [   56   18   23 ] [  10244   5461   9516 ] [ 0 ],1.10,1.10,1.10,1.10,313.23,31.18,0.00,0.00,0.00,0.00,0.00,0.00,0.00,0.00,0.00,0.00,0.00,0.00,0.00,0.00,0.00,0
0.571794,287,28,412,0,DRIVE [ 20 ] [ 1 ] [ 1177 1898 1682 ] [    0    0    0 ] [      0      0      0 ] [ 0 ],drive [ 20 ] [ 0 ] [ 1208 1898 1692 ] [   83   18   25 ] [  10244   5461   9516 ] [ 0 ],1.10,1.10,1.10,1.10,315.74,31.17,0.00,0.00,0.00,0.00,0.00,0.00,0.00,0.00,0.00,0.00,0.00,0.00,0.00,0.00,0.00,0
0.586196,290,28,410,0,DRIVE [ 21 ] [ 1 ] [ 1146 1898 1671 ] [    0    0    0 ] [      0      0      0 ] [ 0 ],drive [ 20 ] [ 0 ] [ 1177 1898 1682 ] [   83   18   25 ] [  10244   5461   9516 ] [ 0 ],1.10,1.10,1.10,1.10,319.30,31.22,0.00,0.00,0.00,0.00,0.00,0.00,0.00,0.00,0.00,0.00,0.00,0.00,0.00,0.00,0.00,0
0.599188,293,28,408,0,DRIVE [ 21 ] [ 1 ] [ 1114 1898 1661 ] [    0    0    0 ] [      0      0      0 ] [ 0 ],drive [ 21 ] [ 0 ] [ 1146 1898 1671 ] [   83   18   25 ] [  11025   5453   9498 ] [ 0 ],1.10,1.10,1.10,1.10,322.17,31.11,0.00,0.00,0.00,0.00,0.00,0.00,0.00,0.00,0.00,0.00,0.00,0.00,0.00,0.00,0.00,0
0.61159,296,27,407,0,DRIVE [ 22 ] [ 1 ] [ 1087 1898 1650 ] [    0    0    0 ] [      0      0      0 ] [ 0 ],drive [ 21 ] [ 0 ] [ 1114 1898 1661 ] [   83   18   25 ] [  11025   5453   9498 ] [ 0 ],1.10,1.10,1.10,1.10,325.09,29.86,0.00,0.00,0.00,0.00,0.00,0.00,0.00,0.00,0.00,0.00,0.00,0.00,0.00,0.00,0.00,0
0.626947,295,26,402,0,DRIVE [ 22 ] [ 1 ] [ 1064 1898 1640 ] [    0    0    0 ] [      0      0      0 ] [ 0 ],drive [ 22 ] [ 0 ] [ 1087 1898 1650 ] [   88   14   36 ] [  11025   5453   9498 ] [ 0 ],1.10,1.10,1.10,1.10,324.25,28.45,0.00,0.00,0.00,0.00,0.00,0.00,0.00,0.00,0.00,0.00,0.00,0.00,0.00,0.00,0.00,0
0.640253,294,25,399,0,DRIVE [ 23 ] [ 1 ] [ 1038 1898 1629 ] [    0    0    0 ] [      0      0      0 ] [ 0 ],drive [ 22 ] [ 0 ] [ 1064 1898 1640 ] [   88   14   36 ] [  11025   5453   9498 ] [ 0 ],1.10,1.10,1.10,1.10,322.96,27.36,0.00,0.00,0.00,0.00,0.00,0.00,0.00,0.00,0.00,0.00,0.00,0.00,0.00,0.00,0.00,0
0.6555,296,25,401,0,DRIVE [ 23 ] [ 1 ] [ 1025 1898 1621 ] [    0    0    0 ] [      0      0      0 ] [ 0 ],drive [ 23 ] [ 0 ] [ 1038 1898 1629 ] [   88   14   36 ] [  11368   5444   9492 ] [ 0 ],1.10,1.10,1.10,1.10,325.92,27.08,0.00,0.00,0.00,0.00,0.00,0.00,0.00,0.00,0.00,0.00,0.00,0.00,0.00,0.00,0.00,0
0.670967,297,25,402,0,DRIVE [ 24 ] [ 1 ] [ 1025 1898 1613 ] [    0    0    0 ] [      0      0      0 ] [ 0 ],drive [ 23 ] [ 0 ] [ 1025 1898 1621 ] [  102    4   39 ] [  11368   5444   9492 ] [ 0 ],1.10,1.10,1.10,1.10,327.23,27.18,0.00,0.00,0.00,0.00,0.00,0.00,0.00,0.00,0.00,0.00,0.00,0.00,0.00,0.00,0.00,0
0.683653,294,25,397,0,DRIVE [ 24 ] [ 1 ] [ 1025 1898 1605 ] [    0    0    0 ] [      0      0      0 ] [ 0 ],drive [ 24 ] [ 0 ] [ 1025 1898 1613 ] [  102    4   39 ] [  11368   5444   9492 ] [ 0 ],1.10,1.10,1.10,1.10,323.90,27.07,0.00,0.00,0.00,0.00,0.00,0.00,0.00,0.00,0.00,0.00,0.00,0.00,0.00,0.00,0.00,0
0.696324,294,24,395,0,DRIVE [ 25 ] [ 1 ] [ 1025 1898 1598 ] [    0    0    0 ] [      0      0      0 ] [ 0 ],drive [ 24 ] [ 0 ] [ 1025 1898 1605 ] [  102    4   39 ] [  11368   5444   9492 ] [ 0 ],1.10,1.10,1.10,1.10,323.34,26.71,0.00,0.00,0.00,0.00,0.00,0.00,0.00,0.00,0.00,0.00,0.00,0.00,0.00,0.00,0.00,0
0.709291,295,24,396,0,DRIVE [ 25 ] [ 1 ] [ 1025 1898 1591 ] [    0    0    0 ] [      0      0      0 ] [ 0 ],drive [ 25 ] [ 0 ] [ 1025 1898 1598 ] [  102    4   39 ] [  11643   5348   9480 ] [ 0 ],1.10,1.10,1.10,1.10,324.58,26.61,0.00,0.00,0.00,0.00,0.00,0.00,0.00,0.00,0.00,0.00,0.00,0.00,0.00,0.00,0.00,0
0.722449,294,23,394,0,DRIVE [ 26 ] [ 1 ] [ 1025 1898 1583 ] [    0    0    0 ] [      0      0      0 ] [ 0 ],drive [ 25 ] [ 0 ] [ 1025 1898 1591 ] [   89    5   41 ] [  11643   5348   9480 ] [ 0 ],1.10,1.10,1.10,1.10,323.32,25.66,0.00,0.00,0.00,0.00,0.00,0.00,0.00,0.00,0.00,0.00,0.00,0.00,0.00,0.00,0.00,0
0.735256,291,22,391,0,DRIVE [ 26 ] [ 1 ] [ 1025 1898 1575 ] [    0    0    0 ] [      0      0      0 ] [ 0 ],drive [ 26 ] [ 0 ] [ 1025 1898 1583 ] [   89    5   41 ] [  11643   5348   9480 ] [ 0 ],1.10,1.10,1.10,1.10,320.12,24.40,0.00,0.00,0.00,0.00,0.00,0.00,0.00,0.00,0.00,0.00,0.00,0.00,0.00,0.00,0.00,0
0.748158,290,21,391,0,DRIVE [ 27 ] [ 1 ] [ 1025 1898 1569 ] [    0    0    0 ] [      0      0      0 ] [ 0 ],drive [ 26 ] [ 0 ] [ 1025 1898 1575 ] [   89    5   41 ] [  12054   5226   9386 ] [ 0 ],1.10,1.10,1.10,1.10,318.83,23.13,0.00,0.00,0.00,0.00,0.00,0.00,0.00,0.00,0.00,0.00,0.00,0.00,0.00,0.00,0.00,0
0.760688,287,20,390,0,DRIVE [ 27 ] [ 1 ] [ 1025 1898 1563 ] [    0    0    0 ] [      0      0      0 ] [ 0 ],drive [ 27 ] [ 0 ] [ 1025 1898 1569 ] [   89    5   41 ] [  12054   5226   9386 ] [ 0 ],1.10,1.10,1.10,1.10,315.34,21.77,0.00,0.00,0.00,0.00,0.00,0.00,0.00,0.00,0.00,0.00,0.00,0.00,0.00,0.00,0.00,0
0.773121,286,19,394,0,DRIVE [ 28 ] [ 1 ] [ 1025 1898 1558 ] [    0    0    0 ] [      0      0      0 ] [ 0 ],drive [ 27 ] [ 0 ] [ 1025 1898 1563 ] [   81   14   41 ] [  12054   5226   9386 ] [ 0 ],1.10,1.10,1.10,1.10,314.68,20.44,0.00,0.00,0.00,0.00,0.00,0.00,0.00,0.00,0.00,0.00,0.00,0.00,0.00,0.00,0.00,0
0.786185,283,18,394,0,DRIVE [ 28 ] [ 1 ] [ 1025 1898 1553 ] [    0    0    0 ] [      0      0      0 ] [ 0 ],drive [ 28 ] [ 0 ] [ 1025 1898 1558 ] [   81   14   41 ] [  12054   5226   9386 ] [ 0 ],1.10,1.10,1.10,1.10,311.50,19.32,0.00,0.00,0.00,0.00,0.00,0.00,0.00,0.00,0.00,0.00,0.00,0.00,0.00,0.00,0.00,0
0.798463,281,16,397,0,DRIVE [ 29 ] [ 1 ] [ 1025 1898 1550 ] [    0    0    0 ] [      0      0      0 ] [ 0 ],drive [ 28 ] [ 0 ] [ 1025 1898 1553 ] [   81   14   41 ] [  12339   5223   9370 ] [ 0 ],1.10,1.10,1.10,1.10,309.55,18.14,0.00,0.00,0.00,0.00,0.00,0.00,0.00,0.00,0.00,0.00,0.00,0.00,-0.00,-0.00,0.00,0
0.811473,277,15,396,0,DRIVE [ 29 ] [ 1 ] [ 1025 1898 1546 ] [    0    0    0 ] [      0      0      0 ] [ 0 ],drive [ 29 ] [ 0 ] [ 1025 1898 1550 ] [   81   14   41 ] [  12339   5223   9370 ] [ 0 ],1.10,1.10,1.10,1.10,304.58,16.71,0.00,0.00,0.00,0.00,0.00,0.00,0.00,0.00,0.00,0.00,0.00,0.00,-0.00,-0.00,0.00,0
0.823928,272,14,395,0,DRIVE [ 30 ] [ 1 ] [ 1025 1898 1541 ] [    0    0    0 ] [      0      0      0 ] [ 0 ],drive [ 29 ] [ 0 ] [ 1025 1898 1546 ] [  103    1   50 ] [  12339   5223   9370 ] [ 0 ],1.10,1.10,1.10,1.10,299.50,15.18,0.00,0.00,0.00,0.00,0.00,0.00,0.00,0.00,0.00,0.00,0.00,0.00,-0.00,-0.00,0.00,0
0.836906,268,13,394,0,DRIVE [ 30 ] [ 1 ] [ 1025 1898 1538 ] [    0    0    0 ] [      0      0      0 ] [ 0 ],drive [ 30 ] [ 0 ] [ 1025 1898 1541 ] [  103    1   50 ] [  12339   5223   9370 ] [ 0 ],1.10,1.10,1.10,1.10,295.14,13.93,0.00,0.00,0.00,0.00,0.00,0.00,0.00,0.00,0.00,0.00,0.00,0.00,-0.00,-0.00,0.00,0
0.849817,266,12,397,0,DRIVE [ 31 ] [ 1 ] [ 1025 1898 1534 ] [    0    0    0 ] [      0      0      0 ] [ 0 ],drive [ 30 ] [ 0 ] [ 1025 1898 1538 ] [  103    1   50 ] [  12491   5108   9369 ] [ 0 ],1.10,1.10,1.10,1.10,292.81,12.82,0.00,0.00,0.00,0.00,0.00,0.00,0.00,0.00,0.00,0.00,0.00,0.00,-0.00,-0.00,0.00,0
0.862504,263,11,398,0,DRIVE [ 31 ] [ 1 ] [ 1025 1898 1533 ] [    0    0    0 ] [      0      0      0 ] [ 0 ],drive [ 31 ] [ 0 ] [ 1025 1898 1534 ] [  103    1   50 ] [  12491   5108   9369 ] [ 0 ],1.10,1.10,1.10,1.10,289.60,12.47,0.00,0.00,0.00,0.00,0.00,0.00,0.00,0.00,0.00,0.00,0.00,0.00,-0.00,-0.00,0.00,0
0.876099,260,11,399,0,DRIVE [ 32 ] [ 1 ] [ 1025 1898 1532 ] [    0    0    0 ] [      0      0      0 ] [ 0 ],drive [ 31 ] [ 0 ] [ 1025 1898 1533 ] [   86   12   50 ] [  12491   5108   9369 ] [ 0 ],1.10,1.10,1.10,1.10,286.19,12.18,0.00,0.00,0.00,0.00,0.00,0.00,0.00,0.00,0.00,0.00,0.00,0.00,-0.00,-0.00,0.00,0
0.888758,257,11,400,0,DRIVE [ 32 ] [ 1 ] [ 1025 1898 1532 ] [    0    0    0 ] [      0      0      0 ] [ 0 ],drive [ 32 ] [ 0 ] [ 1025 1898 1532 ] [   86   12   50 ] [  12491   5108   9369 ] [ 0 ],1.10,1.10,1.10,1.10,282.33,12.25,0.00,0.00,0.00,0.00,0.00,0.00,0.00,0.00,0.00,0.00,0.00,0.00,-0.00,-0.00,0.00,0
0.90125,250,11,396,0,DRIVE [ 33 ] [ 1 ] [ 1025 1898 1532 ] [    0    0    0 ] [      0      0      0 ] [ 0 ],drive [ 32 ] [ 0 ] [ 1025 1898 1532 ] [   86   12   50 ] [  12497   5108   9365 ] [ 0 ],1.10,1.10,1.10,1.10,274.57,11.69,0.00,0.00,0.00,0.00,0.00,0.00,0.00,0.00,0.00,0.00,0.00,0.00,-0.00,-0.00,0.00,0
0.914276,244,10,393,0,DRIVE [ 33 ] [ 1 ] [ 1025 1898 1531 ] [    0    0    0 ] [      0      0      0 ] [ 0 ],drive [ 33 ] [ 0 ] [ 1025 1898 1532 ] [   88   12   55 ] [  12497   5108   9365 ] [ 0 ],1.10,1.10,1.10,1.10,268.04,11.03,0.00,0.00,0.00,0.00,0.00,0.00,0.00,0.00,0.00,0.00,0.00,0.00,-0.00,-0.00,0.00,0
0.926817,240,9,395,0,DRIVE [ 34 ] [ 1 ] [ 1025 1898 1530 ] [    0    0    0 ] [      0      0      0 ] [ 0 ],drive [ 33 ] [ 0 ] [ 1025 1898 1531 ] [   88   12   55 ] [  12497   5108   9365 ] [ 0 ],1.10,1.10,1.10,1.10,264.49,10.33,0.00,0.00,0.00,0.00,0.00,0.00,0.00,0.00,0.00,0.00,0.00,0.00,-0.00,-0.00,0.00,0
0.939458,236,9,393,0,DRIVE [ 34 ] [ 1 ] [ 1025 1898 1527 ] [    0    0    0 ] [      0      0      0 ] [ 0 ],drive [ 34 ] [ 0 ] [ 1025 1898 1530 ] [   88   12   55 ] [  12497   5108   9365 ] [ 0 ],1.10,1.10,1.10,1.10,259.78,9.41,0.00,0.00,0.00,0.00,0.00,0.00,0.00,0.00,0.00,0.00,0.00,0.00,-0.00,-0.00,0.00,0
0.952566,232,8,391,0,DRIVE [ 35 ] [ 1 ] [ 1025 1898 1525 ] [    0    0    0 ] [      0      0      0 ] [ 0 ],drive [ 34 ] [ 0 ] [ 1025 1898 1527 ] [   88   12   55 ] [  12513   5108   9359 ] [ 0 ],1.10,1.10,1.10,1.10,254.84,8.32,0.00,0.00,0.00,0.00,0.00,0.00,0.00,0.00,0.00,0.00,0.00,0.00,-0.00,-0.00,0.00,0
0.964946,228,7,391,0,DRIVE [ 35 ] [ 1 ] [ 1025 1898 1521 ] [    0    0    0 ] [      0      0      0 ] [ 0 ],drive [ 35 ] [ 0 ] [ 1025 1898 1525 ] [  106   12   57 ] [  12513   5108   9359 ] [ 0 ],1.10,1.10,1.10,1.10,250.92,7.18,0.00,0.00,0.00,0.00,0.00,0.00,0.00,0.00,0.00,0.00,0.00,0.00,-0.00,-0.00,0.00,0
0.978126,224,5,390,0,DRIVE [ 36 ] [ 1 ] [ 1025 1898 1518 ] [    0    0    0 ] [      0      0      0 ] [ 0 ],drive [ 35 ] [ 0 ] [ 1025 1898 1521 ] [  106   12   57 ] [  12513   5108   9359 ] [ 0 ],1.10,1.10,1.10,1.10,246.91,5.96,0.00,0.00,0.00,0.00,0.00,0.00,0.00,0.00,0.00,0.00,0.00,0.00,-0.00,-0.00,0.00,0
0.990442,220,4,390,0,DRIVE [ 36 ] [ 1 ] [ 1025 1898 1515 ] [    0    0    0 ] [      0      0      0 ] [ 0 ],drive [ 36 ] [ 0 ] [ 1025 1898 1518 ] [  106   12   57 ] [  12513   5108   9359 ] [ 0 ],1.10,1.10,1.10,1.10,242.38,4.00,0.00,0.00,0.00,0.00,0.00,0.00,0.00,0.00,0.00,0.00,0.00,0.00,-0.00,-0.00,0.00,0
1.00304,217,2,391,0,DRIVE [ 37 ] [ 1 ] [ 1025 1898 1510 ] [    0    0    0 ] [      0      0      0 ] [ 0 ],drive [ 36 ] [ 0 ] [ 1025 1898 1515 ] [  106   12   57 ] [  12695   5108   9301 ] [ 0 ],1.10,1.10,1.10,1.10,238.77,2.01,0.00,0.00,0.00,0.00,0.00,0.00,0.00,0.00,0.00,0.00,0.00,0.00,-0.00,-0.00,0.00,0
1.01578,212,0,389,0,DRIVE [ 37 ] [ 1 ] [ 1025 1898 1505 ] [    0    0    0 ] [      0      0      0 ] [ 0 ],drive [ 37 ] [ 0 ] [ 1025 1898 1510 ] [   81   12   45 ] [  12695   5108   9301 ] [ 0 ],1.10,1.10,1.10,1.10,233.16,-0.21,0.00,0.00,0.00,0.00,0.00,0.00,0.00,0.00,0.00,0.00,0.00,0.00,-0.00,0.00,0.00,0
1.0285,206,-2,385,0,DRIVE [ 38 ] [ 1 ] [ 1025 1898 1501 ] [    0    0    0 ] [      0      0      0 ] [ 0 ],drive [ 37 ] [ 0 ] [ 1025 1898 1505 ] [   81   12   45 ] [  12695   5108   9301 ] [ 0 ],1.10,1.10,1.10,1.10,226.69,-2.08,0.00,0.00,0.00,0.00,0.00,0.00,0.00,0.00,0.00,0.00,0.00,0.00,-0.00,0.00,0.00,0
1.04087,200,-4,381,0,DRIVE [ 38 ] [ 1 ] [ 1025 1898 1497 ] [    0    0    0 ] [      0      0      0 ] [ 0 ],drive [ 38 ] [ 0 ] [ 1025 1898 1501 ] [   81   12   45 ] [  12695   5108   9301 ] [ 0 ],1.10,1.10,1.10,1.10,220.31,-3.97,0.00,0.00,0.00,0.00,0.00,0.00,0.00,0.00,0.00,0.00,0.00,0.00,-0.00,0.00,0.00,0
1.05408,195,-5,377,0,DRIVE [ 39 ] [ 1 ] [ 1025 1898 1493 ] [    0    0    0 ] [      0      0      0 ] [ 0 ],drive [ 38 ] [ 0 ] [ 1025 1898 1497 ] [   81   12   45 ] [  12719   5108   9281 ] [ 0 ],1.10,1.10,1.10,1.10,214.02,-5.60,0.00,0.00,0.00,0.00,0.00,0.00,0.00,0.00,0.00,0.00,0.00,0.00,-0.00,0.00,0.00,0
1.06629,191,-7,376,0,DRIVE [ 39 ] [ 1 ] [ 1025 1898 1490 ] [    0    0    0 ] [      0      0      0 ] [ 0 ],drive [ 39 ] [ 0 ] [ 1025 1898 1493 ] [   81   12   48 ] [  12719   5108   9281 ] [ 0 ],1.10,1.10,1.10,1.10,209.72,-7.16,0.00,0.00,0.00,0.00,0.00,0.00,0.00,0.00,0.00,0.00,0.00,0.00,-0.00,0.00,0.00,0
1.0792,187,-8,377,0,DRIVE [ 40 ] [ 1 ] [ 1025 1898 1487 ] [    0    0    0 ] [      0      0      0 ] [ 0 ],drive [ 39 ] [ 0 ] [ 1025 1898 1490 ] [   81   12   48 ] [  12719   5108   9281 ] [ 0 ],1.10,1.10,1.10,1.10,206.08,-8.47,0.00,0.00,0.00,0.00,0.00,0.00,0.00,0.00,0.00,0.00,0.00,0.00,-0.00,0.00,0.00,0
1.0916,183,-9,375,0,DRIVE [ 40 ] [ 1 ] [ 1025 1898 1484 ] [    0    0    0 ] [      0      0      0 ] [ 0 ],drive [ 40 ] [ 0 ] [ 1025 1898 1487 ] [   81   12   48 ] [  12719   5108   9281 ] [ 0 ],1.10,1.10,1.10,1.10,201.38,-9.53,0.00,0.00,0.00,0.00,0.00,0.00,0.00,0.00,0.00,0.00,0.00,0.00,-0.00,0.00,0.00,0
1.10414,178,-10,372,0,DRIVE [ 41 ] [ 1 ] [ 1025 1898 1482 ] [    0    0    0 ] [      0      0      0 ] [ 0 ],drive [ 40 ] [ 0 ] [ 1025 1898 1484 ] [   81   12   48 ] [  12728   5108   9281 ] [ 0 ],1.10,1.10,1.10,1.10,195.80,-10.84,0.00,0.00,0.00,0.00,0.00,0.00,0.00,0.00,0.00,0.00,0.00,0.00,-0.00,0.00,0.00,0
1.11674,174,-11,372,0,DRIVE [ 41 ] [ 1 ] [ 1025 1898 1480 ] [    0    0    0 ] [      0      0      0 ] [ 0 ],drive [ 41 ] [ 0 ] [ 1025 1898 1482 ] [   85   17   49 ] [  12728   5108   9281 ] [ 0 ],1.10,1.10,1.10,1.10,191.86,-12.06,0.00,0.00,0.00,0.00,0.00,0.00,0.00,0.00,0.00,0.00,0.00,0.00,-0.00,0.00,0.00,0
1.12908,172,-12,374,0,DRIVE [ 42 ] [ 1 ] [ 1025 1898 1478 ] [    0    0    0 ] [      0      0      0 ] [ 0 ],drive [ 41 ] [ 0 ] [ 1025 1898 1480 ] [   85   17   49 ] [  12728   5108   9281 ] [ 0 ],1.10,1.10,1.10,1.10,189.03,-13.19,0.00,0.00,0.00,0.00,0.00,0.00,0.00,0.00,0.00,0.00,0.00,0.00,-0.00,0.00,0.00,0
1.14239,169,-13,375,0,DRIVE [ 42 ] [ 1 ] [ 1025 1898 1480 ] [    0    0    0 ] [      0      0      0 ] [ 0 ],drive [ 42 ] [ 0 ] [ 1025 1898 1478 ] [   85   17   49 ] [  12728   5108   9281 ] [ 0 ],1.10,1.10,1.10,1.10,186.14,-13.87,0.00,0.00,0.00,0.00,0.00,0.00,0.00,0.00,0.00,0.00,0.00,0.00,-0.00,0.00,0.00,0
1.15477,166,-13,375,0,DRIVE [ 43 ] [ 1 ] [ 1025 1898 1484 ] [    0    0    0 ] [      0      0      0 ] [ 0 ],drive [ 42 ] [ 0 ] [ 1025 1898 1480 ] [   85   17   49 ] [  12743   5115   9282 ] [ 0 ],1.10,1.10,1.10,1.10,182.72,-14.33,0.00,0.00,0.00,0.00,0.00,0.00,0.00,0.00,0.00,0.00,0.00,0.00,-0.00,0.00,0.00,0
1.16717,162,-13,373,0,DRIVE [ 43 ] [ 1 ] [ 1025 1898 1488 ] [    0    0    0 ] [      0      0      0 ] [ 0 ],drive [ 43 ] [ 0 ] [ 1025 1898 1484 ] [  100   18   50 ] [  12743   5115   9282 ] [ 0 ],1.10,1.10,1.10,1.10,178.75,-14.79,0.00,0.00,0.00,0.00,0.00,0.00,0.00,0.00,0.00,0.00,0.00,0.00,-0.00,0.00,0.00,0
1.17989,159,-14,371,0,DRIVE [ 44 ] [ 1 ] [ 1025 1898 1492 ] [    0    0    0 ] [      0      0      0 ] [ 0 ],drive [ 43 ] [ 0 ] [ 1025 1898 1488 ] [  100   18   50 ] [  12743   5115   9282 ] [ 0 ],1.10,1.10,1.10,1.10,174.43,-14.97,0.00,0.00,0.00,0.00,0.00,0.00,0.00,0.00,0.00,0.00,0.00,0.00,-0.00,0.00,0.00,0
1.19181,153,-14,366,0,DRIVE [ 44 ] [ 1 ] [ 1045 1898 1498 ] [    0    0    0 ] [      0      0      0 ] [ 0 ],drive [ 44 ] [ 0 ] [ 1025 1898 1492 ] [  100   18   50 ] [  12743   5115   9282 ] [ 0 ],1.10,1.10,1.10,1.10,168.42,-15.26,0.00,0.00,0.00,0.00,0.00,0.00,0.00,0.00,0.00,0.00,0.00,0.00,-0.00,0.00,0.00,0
1.20418,149,-14,366,0,DRIVE [ 45 ] [ 1 ] [ 1065 1898 1503 ] [    0    0    0 ] [      0      0      0 ] [ 0 ],drive [ 44 ] [ 0 ] [ 1045 1898 1498 ] [  100   18   50 ] [  12905   5115   9264 ] [ 0 ],1.10,1.10,1.10,1.10,164.11,-15.75,0.00,0.00,0.00,0.00,0.00,0.00,0.00,0.00,0.00,0.00,0.00,0.00,-0.00,0.00,0.00,0
1.21664,145,-15,363,0,DRIVE [ 45 ] [ 1 ] [ 1085 1898 1508 ] [    0    0    0 ] [      0      0      0 ] [ 0 ],drive [ 45 ] [ 0 ] [ 1065 1898 1503 ] [   82   18   58 ] [  12905   5115   9264 ] [ 0 ],1.10,1.10,1.10,1.10,159.27,-16.24,0.00,0.00,0.00,0.00,0.00,0.00,0.00,0.00,0.00,0.00,0.00,0.00,-0.00,0.00,0.00,0
1.22854,141,-15,362,0,DRIVE [ 46 ] [ 1 ] [ 1105 1898 1512 ] [    0    0    0 ] [      0      0      0 ] [ 0 ],drive [ 45 ] [ 0 ] [ 1085 1898 1508 ] [   82   18   58 ] [  12905   5115   9264 ] [ 0 ],1.10,1.10,1.10,1.10,155.12,-16.73,0.00,0.00,0.00,0.00,0.00,0.00,0.00,0.00,0.00,0.00,0.00,0.00,-0.00,0.00,0.00,0
1.24035,137,-16,361,0,DRIVE [ 46 ] [ 1 ] [ 1124 1898 1516 ] [    0    0    0 ] [      0      0      0 ] [ 0 ],drive [ 46 ] [ 0 ] [ 1105 1898 1512 ] [   82   18   58 ] [  12905   5115   9264 ] [ 0 ],1.10,1.10,1.10,1.10,151.15,-17.41,0.00,0.00,0.00,0.00,0.00,0.00,0.00,0.00,0.00,0.00,0.00,0.00,-0.00,0.00,0.00,0
1.25312,135,-16,362,0,DRIVE [ 47 ] [ 1 ] [ 1141 1898 1520 ] [    0    0    0 ] [      0      0      0 ] [ 0 ],drive [ 46 ] [ 0 ] [ 1124 1898 1516 ] [   82   18   58 ] [  12942   5116   9250 ] [ 0 ],1.10,1.10,1.10,1.10,148.36,-17.99,0.00,0.00,0.00,0.00,0.00,0.00,0.00,0.00,0.00,0.00,0.00,0.00,-0.00,0.00,0.00,0
1.26497,132,-17,361,0,DRIVE [ 47 ] [ 1 ] [ 1158 1898 1524 ] [    0    0    0 ] [      0      0      0 ] [ 0 ],drive [ 47 ] [ 0 ] [ 1141 1898 1520 ] [   75   19   59 ] [  12942   5116   9250 ] [ 0 ],1.10,1.10,1.10,1.10,144.86,-18.32,0.00,0.00,0.00,0.00,0.00,0.00,0.00,0.00,0.00,0.00,0.00,0.00,-0.00,0.00,0.00,0
1.27747,128,-17,359,0,DRIVE [ 48 ] [ 1 ] [ 1174 1898 1529 ] [    0    0    0 ] [      0      0      0 ] [ 0 ],drive [ 47 ] [ 0 ] [ 1158 1898 1524 ] [   75   19   59 ] [  12942   5116   9250 ] [ 0 ],1.10,1.10,1.10,1.10,141.20,-18.57,0.00,0.00,0.00,0.00,0.00,0.00,0.00,0.00,0.00,0.00,0.00,0.00,-0.00,0.00,0.00,0
1.28952,126,-17,359,0,DRIVE [ 48 ] [ 1 ] [ 1190 1898 1533 ] [    0    0    0 ] [      0      0      0 ] [ 0 ],drive [ 48 ] [ 0 ] [ 1174 1898 1529 ] [   75   19   59 ] [  12942   5116   9250 ] [ 0 ],1.10,1.10,1.10,1.10,138.11,-18.82,0.00,0.00,0.00,0.00,0.00,0.00,0.00,0.00,0.00,0.00,0.00,0.00,-0.00,0.00,0.00,0
1.30207,122,-17,356,0,DRIVE [ 49 ] [ 1 ] [ 1206 1898 1538 ] [    0    0    0 ] [      0      0      0 ] [ 0 ],drive [ 48 ] [ 0 ] [ 1190 1898 1533 ] [   75   19   59 ] [  12939   5116   9191 ] [ 0 ],1.10,1.10,1.10,1.10,134.34,-18.99,0.00,0.00,0.00,0.00,0.00,0.00,0.00,0.00,0.00,0.00,0.00,0.00,-0.00,0.00,0.00,0
1.31487,120,-18,356,0,DRIVE [ 49 ] [ 1 ] [ 1221 1898 1542 ] [    0    0    0 ] [      0      0      0 ] [ 0 ],drive [ 49 ] [ 0 ] [ 1206 1898 1538 ] [   69   19   50 ] [  12939   5116   9191 ] [ 0 ],1.10,1.10,1.10,1.10,131.54,-19.25,0.00,0.00,0.00,0.00,0.00,0.00,0.00,0.00,0.00,0.00,0.00,0.00,-0.00,0.00,0.00,0
1.32697,116,-18,356,0,DRIVE [ 50 ] [ 1 ] [ 1241 1898 1547 ] [    0    0    0 ] [      0      0      0 ] [ 0 ],drive [ 49 ] [ 0 ] [ 1221 1898 1542 ] [   69   19   50 ] [  12939   5116   9191 ] [ 0 ],1.10,1.10,1.10,1.10,127.80,-19.78,0.00,0.00,0.00,0.00,0.00,0.00,0.00,0.00,0.00,0.00,0.00,0.00,-0.00,0.00,0.00,0
1.33939,112,-18,353,0,DRIVE [ 50 ] [ 1 ] [ 1260 1898 1551 ] [    0    0    0 ] [      0      0      0 ] [ 0 ],drive [ 50 ] [ 0 ] [ 1241 1898 1547 ] [   69   19   50 ] [  12939   5116   9191 ] [ 0 ],1.10,1.10,1.10,1.10,123.32,-20.27,0.00,0.00,0.00,0.00,0.00,0.00,0.00,0.00,0.00,0.00,0.00,0.00,-0.00,0.00,0.00,0
1.35223,108,-19,350,0,DRIVE [ 51 ] [ 1 ] [ 1278 1898 1555 ] [    0    0    0 ] [      0      0      0 ] [ 0 ],drive [ 50 ] [ 0 ] [ 1260 1898 1551 ] [   69   19   50 ] [  12935   5116   9153 ] [ 0 ],1.10,1.10,1.10,1.10,119.29,-20.58,0.00,0.00,0.00,0.00,0.00,0.00,0.00,0.00,0.00,0.00,0.00,0.00,-0.00,0.00,0.00,0
1.36428,105,-19,349,0,DRIVE [ 51 ] [ 1 ] [ 1296 1898 1560 ] [    0    0    0 ] [      0      0      0 ] [ 0 ],drive [ 51 ] [ 0 ] [ 1278 1898 1555 ] [   64   19   52 ] [  12935   5116   9153 ] [ 0 ],1.10,1.10,1.10,1.10,115.81,-20.82,0.00,0.00,0.00,0.00,0.00,0.00,0.00,0.00,0.00,0.00,0.00,0.00,-0.00,0.00,0.00,0
1.37985,102,-19,348,0,DRIVE [ 52 ] [ 1 ] [ 1312 1898 1565 ] [    0    0    0 ] [      0      0      0 ] [ 0 ],drive [ 51 ] [ 0 ] [ 1296 1898 1560 ] [   64   19   52 ] [  12935   5116   9153 ] [ 0 ],1.10,1.10,1.10,1.10,112.64,-20.95,0.00,0.00,0.00,0.00,0.00,0.00,0.00,0.00,0.00,0.00,0.00,0.00,-0.00,0.00,0.00,0
1.39211,99,-19,347,0,DRIVE [ 52 ] [ 1 ] [ 1328 1898 1570 ] [    0    0    0 ] [      0      0      0 ] [ 0 ],drive [ 52 ] [ 0 ] [ 1312 1898 1565 ] [   64   19   52 ] [  12935   5116   9153 ] [ 0 ],1.10,1.10,1.10,1.10,109.42,-21.02,0.00,0.00,0.00,0.00,0.00,0.00,0.00,0.00,0.00,0.00,0.00,0.00,-0.00,0.00,0.00,0
1.40418,96,-19,345,0,DRIVE [ 53 ] [ 1 ] [ 1343 1898 1575 ] [    0    0    0 ] [      0      0      0 ] [ 0 ],drive [ 52 ] [ 0 ] [ 1328 1898 1570 ] [   64   19   52 ] [  12925   5116   9153 ] [ 0 ],1.10,1.10,1.10,1.10,106.14,-21.01,0.00,0.00,0.00,0.00,0.00,0.00,0.00,0.00,0.00,0.00,0.00,0.00,-0.00,0.00,0.00,0
1.41645,94,-19,343,0,DRIVE [ 53 ] [ 1 ] [ 1357 1898 1581 ] [    0    0    0 ] [      0      0      0 ] [ 0 ],drive [ 53 ] [ 0 ] [ 1343 1898 1575 ] [   61   19   50 ] [  12925   5116   9153 ] [ 0 ],1.10,1.10,1.10,1.10,103.02,-20.96,0.00,0.00,0.00,0.00,0.00,0.00,0.00,0.00,0.00,0.00,0.00,0.00,-0.00,0.00,0.00,0
1.42832,91,-19,342,0,DRIVE [ 54 ] [ 1 ] [ 1371 1898 1586 ] [    0    0    0 ] [      0      0      0 ] [ 0 ],drive [ 53 ] [ 0 ] [ 1357 1898 1581 ] [   61   19   50 ] [  12925   5116   9153 ] [ 0 ],1.10,1.10,1.10,1.10,100.18,-20.91,0.00,0.00,0.00,0.00,0.00,0.00,0.00,0.00,0.00,0.00,0.00,0.00,-0.00,0.00,0.00,0
1.44026,88,-19,341,0,DRIVE [ 54 ] [ 1 ] [ 1389 1898 1591 ] [    0    0    0 ] [      0      0      0 ] [ 0 ],drive [ 54 ] [ 0 ] [ 1371 1898 1586 ] [   61   19   50 ] [  12925   5116   9153 ] [ 0 ],1.10,1.10,1.10,1.10,97.00,-21.07,0.00,0.00,0.00,0.00,0.00,0.00,0.00,0.00,0.00,0.00,0.00,0.00,-0.00,0.00,0.00,0
1.45295,85,-19,339,0,DRIVE [ 55 ] [ 1 ] [ 1405 1898 1596 ] [    0    0    0 ] [      0      0      0 ] [ 0 ],drive [ 54 ] [ 0 ] [ 1389 1898 1591 ] [   61   19   50 ] [  12917   5116   9150 ] [ 0 ],1.10,1.10,1.10,1.10,93.82,-21.19,0.00,0.00,0.00,0.00,0.00,0.00,0.00,0.00,0.00,0.00,0.00,0.00,-0.00,0.00,0.00,0
1.46467,83,-20,339,0,DRIVE [ 55 ] [ 1 ] [ 1420 1898 1600 ] [    0    0    0 ] [      0      0      0 ] [ 0 ],drive [ 55 ] [ 0 ] [ 1405 1898 1596 ] [   58   19   50 ] [  12917   5116   9150 ] [ 0 ],1.10,1.10,1.10,1.10,91.13,-21.46,0.00,0.00,0.00,0.00,0.00,0.00,0.00,0.00,0.00,0.00,0.00,0.00,-0.00,0.00,0.00,0
1.47693,81,-20,339,0,DRIVE [ 56 ] [ 1 ] [ 1434 1898 1604 ] [    0    0    0 ] [      0      0      0 ] [ 0 ],drive [ 55 ] [ 0 ] [ 1420 1898 1600 ] [   58   19   50 ] [  12917   5116   9150 ] [ 0 ],1.10,1.10,1.10,1.10,88.95,-21.79,0.00,0.00,0.00,0.00,0.00,0.00,0.00,0.00,0.00,0.00,0.00,0.00,-0.00,0.00,0.00,0
1.48894,79,-20,338,0,DRIVE [ 56 ] [ 1 ] [ 1447 1898 1607 ] [    0    0    0 ] [      0      0      0 ] [ 0 ],drive [ 56 ] [ 0 ] [ 1434 1898 1604 ] [   58   19   50 ] [  12917   5116   9150 ] [ 0 ],1.10,1.10,1.10,1.10,86.36,-22.03,0.00,0.00,0.00,0.00,0.00,0.00,0.00,0.00,0.00,0.00,0.00,0.00,-0.00,0.00,0.00,0
1.50071,76,-20,338,0,DRIVE [ 57 ] [ 1 ] [ 1461 1898 1610 ] [    0    0    0 ] [      0      0      0 ] [ 0 ],drive [ 56 ] [ 0 ] [ 1447 1898 1607 ] [   58   19   50 ] [  12879   5116   9145 ] [ 0 ],1.10,1.10,1.10,1.10,84.10,-22.32,0.00,0.00,0.00,0.00,0.00,0.00,0.00,0.00,0.00,0.00,0.00,0.00,-0.00,0.00,0.00,0
1.51328,75,-20,338,0,DRIVE [ 57 ] [ 1 ] [ 1474 1898 1614 ] [    0    0    0 ] [      0      0      0 ] [ 0 ],drive [ 57 ] [ 0 ] [ 1461 1898 1610 ] [   44   19   52 ] [  12879   5116   9145 ] [ 0 ],1.10,1.10,1.10,1.10,81.99,-22.51,0.00,0.00,0.00,0.00,0.00,0.00,0.00,0.00,0.00,0.00,0.00,0.00,-0.00,0.00,0.00,0
1.52655,72,-20,337,0,DRIVE [ 58 ] [ 1 ] [ 1486 1898 1618 ] [    0    0    0 ] [      0      0      0 ] [ 0 ],drive [ 57 ] [ 0 ] [ 1474 1898 1614 ] [   44   19   52 ] [  12879   5116   9145 ] [ 0 ],1.10,1.10,1.10,1.10,79.67,-22.49,0.00,0.00,0.00,0.00,0.00,0.00,0.00,0.00,0.00,0.00,0.00,0.00,-0.00,0.00,0.00,0
1.53855,70,-20,336,0,DRIVE [ 58 ] [ 1 ] [ 1498 1898 1623 ] [    0    0    0 ] [      0      0      0 ] [ 0 ],drive [ 58 ] [ 0 ] [ 1486 1898 1618 ] [   44   19   52 ] [  12879   5116   9145 ] [ 0 ],1.10,1.10,1.10,1.10,77.40,-22.45,0.00,0.00,0.00,0.00,0.00,0.00,0.00,0.00,0.00,0.00,0.00,0.00,-0.00,0.00,0.00,0
1.55065,69,-20,337,0,DRIVE [ 59 ] [ 1 ] [ 1509 1898 1628 ] [    0    0    0 ] [      0      0      0 ] [ 0 ],drive [ 58 ] [ 0 ] [ 1498 1898 1623 ] [   44   19   52 ] [  12795   5116   9130 ] [ 0 ],1.10,1.10,1.10,1.10,75.46,-22.35,0.00,0.00,0.00,0.00,0.00,0.00,0.00,0.00,0.00,0.00,0.00,0.00,-0.00,0.00,0.00,0
1.56248,66,-20,335,0,DRIVE [ 59 ] [ 1 ] [ 1523 1898 1634 ] [    0    0    0 ] [      0      0      0 ] [ 0 ],drive [ 59 ] [ 0 ] [ 1509 1898 1628 ] [   59   19   52 ] [  12795   5116   9130 ] [ 0 ],1.10,1.10,1.10,1.10,72.52,-22.03,0.00,0.00,0.00,0.00,0.00,0.00,0.00,0.00,0.00,0.00,0.00,0.00,-0.00,0.00,0.00,0
1.57447,64,-20,334,0,DRIVE [ 60 ] [ 1 ] [ 1536 1898 1639 ] [    0    0    0 ] [      0      0      0 ] [ 0 ],drive [ 59 ] [ 0 ] [ 1523 1898 1634 ] [   59   19   52 ] [  12795   5116   9130 ] [ 0 ],1.10,1.10,1.10,1.10,70.08,-21.93,0.00,0.00,0.00,0.00,0.00,0.00,0.00,0.00,0.00,0.00,0.00,0.00,-0.00,0.00,0.00,0
1.58677,62,-20,333,0,DRIVE [ 60 ] [ 1 ] [ 1549 1898 1644 ] [    0    0    0 ] [      0      0      0 ] [ 0 ],drive [ 60 ] [ 0 ] [ 1536 1898 1639 ] [   59   19   52 ] [  12795   5116   9130 ] [ 0 ],1.10,1.10,1.10,1.10,67.82,-21.88,0.00,0.00,0.00,0.00,0.00,0.00,0.00,0.00,0.00,0.00,0.00,0.00,-0.00,0.00,0.00,0
1.59845,59,-20,331,0,DRIVE [ 61 ] [ 1 ] [ 1561 1898 1649 ] [    0    0    0 ] [      0      0      0 ] [ 0 ],drive [ 60 ] [ 0 ] [ 1549 1898 1644 ] [   59   19   52 ] [  12749   5116   9110 ] [ 0 ],1.10,1.10,1.10,1.10,65.29,-21.62,0.00,0.00,0.00,0.00,0.00,0.00,0.00,0.00,0.00,0.00,0.00,0.00,-0.00,0.00,0.00,0
1.61048,57,-19,330,0,DRIVE [ 61 ] [ 1 ] [ 1573 1898 1655 ] [    0    0    0 ] [      0      0      0 ] [ 0 ],drive [ 61 ] [ 0 ] [ 1561 1898 1649 ] [   59   19   52 ] [  12749   5116   9110 ] [ 0 ],1.10,1.10,1.10,1.10,62.99,-21.31,0.00,0.00,0.00,0.00,0.00,0.00,0.00,0.00,0.00,0.00,0.00,0.00,-0.00,0.00,0.00,0
1.62232,56,-19,331,0,DRIVE [ 62 ] [ 1 ] [ 1584 1898 1661 ] [    0    0    0 ] [      0      0      0 ] [ 0 ],drive [ 61 ] [ 0 ] [ 1573 1898 1655 ] [   51   19   48 ] [  12749   5116   9110 ] [ 0 ],1.10,1.10,1.10,1.10,61.15,-20.99,0.00,0.00,0.00,0.00,0.00,0.00,0.00,0.00,0.00,0.00,0.00,0.00,-0.00,0.00,0.00,0
1.6341,54,-18,329,0,DRIVE [ 62 ] [ 1 ] [ 1594 1898 1668 ] [    0    0    0 ] [      0      0      0 ] [ 0 ],drive [ 62 ] [ 0 ] [ 1584 1898 1661 ] [   51   19   48 ] [  12749   5116   9110 ] [ 0 ],1.10,1.10,1.10,1.10,58.89,-20.29,0.00,0.00,0.00,0.00,0.00,0.00,0.00,0.00,0.00,0.00,0.00,0.00,-0.00,0.00,0.00,0
1.64663,52,-18,327,0,DRIVE [ 63 ] [ 1 ] [ 1603 1898 1676 ] [    0    0    0 ] [      0      0      0 ] [ 0 ],drive [ 62 ] [ 0 ] [ 1594 1898 1668 ] [   51   19   48 ] [  12749   5116   9110 ] [ 0 ],1.10,1.10,1.10,1.10,56.70,-19.38,0.00,0.00,0.00,0.00,0.00,0.00,0.00,0.00,0.00,0.00,0.00,0.00,-0.00,0.00,0.00,0
1.65837,50,-17,327,0,DRIVE [ 63 ] [ 1 ] [ 1610 1898 1683 ] [    0    0    0 ] [      0      0      0 ] [ 0 ],drive [ 63 ] [ 0 ] [ 1603 1898 1676 ] [   51   19   48 ] [  12535   5116   9110 ] [ 0 ],1.10,1.10,1.10,1.10,55.16,-18.56,0.00,0.00,0.00,0.00,0.00,0.00,0.00,0.00,0.00,0.00,0.00,0.00,-0.00,0.00,0.00,0
1.66997,49,-16,325,0,DRIVE [ 64 ] [ 1 ] [ 1616 1898 1690 ] [    0    0    0 ] [      0      0      0 ] [ 0 ],drive [ 63 ] [ 0 ] [ 1610 1898 1683 ] [   37   19   47 ] [  12535   5116   9110 ] [ 0 ],1.10,1.10,1.10,1.10,53.48,-17.74,0.00,0.00,0.00,0.00,0.00,0.00,0.00,0.00,0.00,0.00,0.00,0.00,-0.00,0.00,0.00,0
1.68198,47,-15,324,0,DRIVE [ 64 ] [ 1 ] [ 1623 1898 1697 ] [    0    0    0 ] [      0      0      0 ] [ 0 ],drive [ 64 ] [ 0 ] [ 1616 1898 1690 ] [   37   19   47 ] [  12535   5116   9110 ] [ 0 ],1.10,1.10,1.10,1.10,52.03,-16.98,0.00,0.00,0.00,0.00,0.00,0.00,0.00,0.00,0.00,0.00,0.00,0.00,-0.00,0.00,0.00,0
1.69495,46,-15,322,0,DRIVE [ 65 ] [ 1 ] [ 1630 1898 1705 ] [    0    0    0 ] [      0      0      0 ] [ 0 ],drive [ 64 ] [ 0 ] [ 1623 1898 1697 ] [   37   19   47 ] [  12535   5116   9110 ] [ 0 ],1.10,1.10,1.10,1.10,50.25,-16.02,0.00,0.00,0.00,0.00,0.00,0.00,-0.00,0.00,0.00,0.00,0.00,0.00,-0.00,0.00,0.00,0
1.70665,44,-14,321,0,DRIVE [ 65 ] [ 1 ] [ 1637 1898 1713 ] [    0    0    0 ] [      0      0      0 ] [ 0 ],drive [ 65 ] [ 0 ] [ 1630 1898 1705 ] [   37   19   47 ] [  12440   5116   9109 ] [ 0 ],1.10,1.10,1.10,1.10,48.49,-15.02,0.00,0.00,0.00,0.00,0.00,0.00,-0.00,0.00,0.00,0.00,0.00,0.00,-0.00,0.00,0.00,0
1.71896,43,-13,321,0,DRIVE [ 66 ] [ 1 ] [ 1645 1898 1721 ] [    0    0    0 ] [      0      0      0 ] [ 0 ],drive [ 65 ] [ 0 ] [ 1637 1898 1713 ] [   49   19   43 ] [  12440   5116   9109 ] [ 0 ],1.10,1.10,1.10,1.10,46.88,-14.18,0.00,0.00,0.00,0.00,0.00,0.00,-0.00,0.00,0.00,0.00,0.00,0.00,-0.00,0.00,0.00,0
1.73018,41,-12,321,0,DRIVE [ 66 ] [ 1 ] [ 1653 1898 1729 ] [    0    0    0 ] [      0      0      0 ] [ 0 ],drive [ 66 ] [ 0 ] [ 1645 1898 1721 ] [   49   19   43 ] [  12440   5116   9109 ] [ 0 ],1.10,1.10,1.10,1.10,45.29,-13.31,0.00,0.00,0.00,0.00,0.00,0.00,-0.00,0.00,0.00,0.00,0.00,0.00,-0.00,0.00,0.00,0
1.74221,39,-11,318,0,DRIVE [ 67 ] [ 1 ] [ 1663 1898 1739 ] [    0    0    0 ] [      0      0      0 ] [ 0 ],drive [ 66 ] [ 0 ] [ 1653 1898 1729 ] [   49   19   43 ] [  12440   5116   9109 ] [ 0 ],1.10,1.10,1.10,1.10,42.90,-12.24,0.00,0.00,0.00,0.00,0.00,0.00,-0.00,0.00,0.00,0.00,0.00,0.00,-0.00,0.00,0.00,0
1.75407,36,-10,317,0,DRIVE [ 67 ] [ 1 ] [ 1677 1898 1751 ] [    0    0    0 ] [      0      0      0 ] [ 0 ],drive [ 67 ] [ 0 ] [ 1663 1898 1739 ] [   49   19   43 ] [  12341   5116   9107 ] [ 0 ],1.10,1.10,1.10,1.10,40.10,-11.04,0.00,0.00,0.00,0.00,0.00,0.00,-0.00,0.00,0.00,0.00,0.00,0.00,-0.00,0.00,0.00,0
1.76575,34,-9,318,0,DRIVE [ 68 ] [ 1 ] [ 1691 1898 1763 ] [    0    0    0 ] [      0      0      0 ] [ 0 ],drive [ 67 ] [ 0 ] [ 1677 1898 1751 ] [   45   19   38 ] [  12341   5116   9107 ] [ 0 ],1.10,1.10,1.10,1.10,37.51,-9.87,0.00,0.00,0.00,0.00,0.00,0.00,-0.00,0.00,0.00,0.00,0.00,0.00,-0.00,0.00,0.00,0
1.77799,32,-8,317,0,DRIVE [ 68 ] [ 1 ] [ 1704 1898 1775 ] [    0    0    0 ] [      0      0      0 ] [ 0 ],drive [ 68 ] [ 0 ] [ 1691 1898 1763 ] [   45   19   38 ] [  12341   5116   9107 ] [ 0 ],1.10,1.10,1.10,1.10,34.90,-8.86,0.00,0.00,0.00,0.00,0.00,0.00,-0.00,0.00,0.00,0.00,0.00,0.00,-0.00,0.00,0.00,0
1.78971,29,-7,317,0,DRIVE [ 69 ] [ 1 ] [ 1720 1898 1785 ] [    0    0    0 ] [      0      0      0 ] [ 0 ],drive [ 68 ] [ 0 ] [ 1704 1898 1775 ] [   45   19   38 ] [  12341   5116   9107 ] [ 0 ],1.10,1.10,1.10,1.10,32.08,-8.03,0.00,0.00,0.00,0.00,0.00,0.00,-0.00,0.00,0.00,0.00,0.00,0.00,-0.00,0.00,0.00,0
1.80175,27,-7,317,0,DRIVE [ 69 ] [ 1 ] [ 1734 1898 1795 ] [    0    0    0 ] [      0      0      0 ] [ 0 ],drive [ 69 ] [ 0 ] [ 1720 1898 1785 ] [   45   19   38 ] [  12302   5116   9086 ] [ 0 ],1.10,1.10,1.10,1.10,29.57,-7.33,0.00,0.00,0.00,0.00,0.00,0.00,-0.00,0.00,0.00,0.00,0.00,0.00,-0.00,0.00,0.00,0
1.81409,24,-6,316,0,DRIVE [ 70 ] [ 1 ] [ 1749 1898 1805 ] [    0    0    0 ] [      0      0      0 ] [ 0 ],drive [ 69 ] [ 0 ] [ 1734 1898 1795 ] [   39   22   23 ] [  12302   5116   9086 ] [ 0 ],1.10,1.10,1.10,1.10,26.88,-6.69,0.00,0.00,0.00,0.00,0.00,0.00,-0.00,0.00,0.00,0.00,0.00,0.00,-0.00,0.00,0.00,0
1.82748,22,-6,317,0,DRIVE [ 70 ] [ 1 ] [ 1765 1898 1813 ] [    0    0    0 ] [      0      0      0 ] [ 0 ],drive [ 70 ] [ 0 ] [ 1749 1898 1805 ] [   39   22   23 ] [  12302   5116   9086 ] [ 0 ],1.10,1.10,1.10,1.10,24.38,-6.27,0.00,0.00,0.00,0.00,0.00,0.00,-0.00,0.00,0.00,0.00,0.00,0.00,-0.00,0.00,0.00,0
1.83951,20,-5,315,0,DRIVE [ 71 ] [ 1 ] [ 1780 1898 1821 ] [    0    0    0 ] [      0      0      0 ] [ 0 ],drive [ 70 ] [ 0 ] [ 1765 1898 1813 ] [   39   22   23 ] [  12302   5116   9086 ] [ 0 ],1.10,1.10,1.10,1.10,21.75,-5.88,0.00,0.00,0.00,0.00,0.00,0.00,-0.00,0.00,0.00,0.00,0.00,0.00,-0.00,0.00,0.00,0
1.85198,18,-5,315,0,DRIVE [ 71 ] [ 1 ] [ 1795 1898 1829 ] [    0    0    0 ] [      0      0      0 ] [ 0 ],drive [ 71 ] [ 0 ] [ 1780 1898 1821 ] [   39   22   23 ] [  11905   5195   9029 ] [ 0 ],1.10,1.10,1.10,1.10,19.35,-5.61,0.00,0.00,0.00,0.00,0.00,0.00,-0.00,0.00,0.00,0.00,0.00,0.00,-0.00,0.00,0.00,0
1.86348,16,-5,313,0,DRIVE [ 72 ] [ 1 ] [ 1808 1898 1835 ] [    0    0    0 ] [      0      0      0 ] [ 0 ],drive [ 71 ] [ 0 ] [ 1795 1898 1829 ] [   32    2   30 ] [  11905   5195   9029 ] [ 0 ],1.10,1.10,1.10,1.10,17.14,-5.38,0.00,0.00,0.00,0.00,0.00,0.00,-0.00,0.00,0.00,0.00,0.00,0.00,-0.00,0.00,0.00,0
1.87587,14,-5,313,0,DRIVE [ 72 ] [ 1 ] [ 1819 1898 1841 ] [    0    0    0 ] [      0      0      0 ] [ 0 ],drive [ 72 ] [ 0 ] [ 1808 1898 1835 ] [   32    2   30 ] [  11905   5195   9029 ] [ 0 ],1.10,1.10,1.10,1.10,15.25,-5.16,0.00,0.00,0.00,0.00,0.00,0.00,-0.00,0.00,0.00,0.00,0.00,0.00,-0.00,0.00,0.00,0
1.88823,12,-4,314,0,DRIVE [ 73 ] [ 1 ] [ 1829 1898 1846 ] [    0    0    0 ] [      0      0      0 ] [ 0 ],drive [ 72 ] [ 0 ] [ 1819 1898 1841 ] [   32    2   30 ] [  11905   5195   9029 ] [ 0 ],1.10,1.10,1.10,1.10,13.68,-4.81,0.00,0.00,0.00,0.00,0.00,0.00,-0.00,0.00,0.00,0.00,0.00,0.00,-0.00,0.00,0.00,0
1.89994,11,-4,314,0,DRIVE [ 73 ] [ 1 ] [ 1838 1898 1852 ] [    0    0    0 ] [      0      0      0 ] [ 0 ],drive [ 73 ] [ 0 ] [ 1829 1898 1846 ] [   32    2   30 ] [  11544   5206   9010 ] [ 0 ],1.10,1.10,1.10,1.10,12.12,-4.39,0.00,0.00,0.00,0.00,0.00,0.00,-0.00,0.00,0.00,0.00,0.00,0.00,-0.00,0.00,0.00,0
1.91186,10,-4,312,0,DRIVE [ 74 ] [ 1 ] [ 1847 1898 1859 ] [    0    0    0 ] [      0      0      0 ] [ 0 ],drive [ 73 ] [ 0 ] [ 1838 1898 1852 ] [   32    2   30 ] [  11544   5206   9010 ] [ 0 ],1.10,1.10,1.10,1.10,10.46,-3.90,0.00,0.00,0.00,0.00,0.00,0.00,-0.00,0.00,0.00,0.00,0.00,0.00,-0.00,0.00,0.00,0
1.92556,8,-3,309,0,DRIVE [ 74 ] [ 1 ] [ 1856 1898 1865 ] [    0    0    0 ] [      0      0      0 ] [ 0 ],drive [ 74 ] [ 0 ] [ 1847 1898 1859 ] [   10    2   25 ] [  11544   5206   9010 ] [ 0 ],1.10,1.10,1.10,1.10,8.78,-3.45,0.00,0.00,0.00,0.00,0.00,0.00,-0.00,0.00,0.00,0.00,0.00,0.00,-0.00,0.00,0.00,0
1.93727,6,-3,307,0,DRIVE [ 75 ] [ 1 ] [ 1867 1898 1870 ] [    0    0    0 ] [      0      0      0 ] [ 0 ],drive [ 74 ] [ 0 ] [ 1856 1898 1865 ] [   10    2   25 ] [  11544   5206   9010 ] [ 0 ],1.10,1.10,1.10,1.10,7.00,-3.17,0.00,0.00,0.00,0.00,0.00,0.00,-0.00,0.00,0.00,0.00,0.00,0.00,-0.00,0.00,0.00,0
1.94949,4,-2,306,0,DRIVE [ 75 ] [ 1 ] [ 1882 1898 1879 ] [    0    0    0 ] [      0      0      0 ] [ 0 ],drive [ 75 ] [ 0 ] [ 1867 1898 1870 ] [   10    2   25 ] [  11294   5233   8989 ] [ 0 ],1.10,1.10,1.10,1.10,4.47,-2.71,0.00,0.00,0.00,0.00,0.00,0.00,-0.00,0.00,0.00,0.00,0.00,0.00,-0.00,0.00,0.00,0
1.96156,2,-2,305,0,DRIVE [ 76 ] [ 1 ] [ 1895 1898 1886 ] [    0    0    0 ] [      0      0      0 ] [ 0 ],drive [ 75 ] [ 0 ] [ 1882 1898 1879 ] [   10    2   25 ] [  11294   5233   8989 ] [ 0 ],1.10,1.10,1.10,1.10,2.17,-2.22,0.00,0.00,0.00,0.00,0.00,0.00,-0.00,0.00,0.00,0.00,0.00,0.00,-0.00,0.00,0.00,0
1.97327,0,-2,303,0,DRIVE [ 76 ] [ 1 ] [ 1905 1898 1889 ] [    0    0    0 ] [      0      0      0 ] [ 0 ],drive [ 76 ] [ 0 ] [ 1895 1898 1886 ] [   25    8   23 ] [  11294   5233   8989 ] [ 0 ],1.10,1.10,1.10,1.10,0.04,-1.70,0.00,0.00,0.00,0.00,0.00,0.00,-0.00,0.00,0.00,0.00,0.00,0.00,-0.00,0.00,0.00,0
1.98574,-2,-1,300,0,DRIVE [ 77 ] [ 1 ] [ 1905 1896 1893 ] [    0    0    0 ] [      0      0      0 ] [ 0 ],drive [ 76 ] [ 0 ] [ 1905 1898 1889 ] [   25    8   23 ] [  11294   5233   8989 ] [ 0 ],1.10,1.10,1.10,1.10,-1.68,-1.25,0.00,0.00,0.00,0.00,0.00,0.00,-0.00,0.00,0.00,0.00,0.00,0.00,0.00,0.00,0.00,0
1.99746,-3,-1,298,0,DRIVE [ 77 ] [ 1 ] [ 1905 1886 1893 ] [    0    0    0 ] [      0      0      0 ] [ 0 ],drive [ 77 ] [ 0 ] [ 1905 1896 1893 ] [   25    8   23 ] [  11019   5360   8983 ] [ 0 ],1.10,1.10,1.10,1.10,-3.11,-0.75,0.00,0.00,0.00,0.00,0.00,0.00,-0.00,0.00,0.00,0.00,0.00,0.00,0.00,0.00,0.00,0
2.00929,-4,0,297,0,DRIVE [ 78 ] [ 1 ] [ 1905 1876 1892 ] [    0    0    0 ] [      0      0      0 ] [ 0 ],drive [ 77 ] [ 0 ] [ 1905 1886 1893 ] [   25    8   23 ] [  11019   5360   8983 ] [ 0 ],1.10,1.10,1.10,1.10,-4.23,-0.26,0.00,0.00,0.00,0.00,0.00,0.00,-0.00,0.00,0.00,0.00,0.00,0.00,0.00,0.00,0.00,0
2.02094,-5,0,297,0,DRIVE [ 78 ] [ 1 ] [ 1905 1868 1892 ] [    0    0    0 ] [      0      0      0 ] [ 0 ],drive [ 78 ] [ 0 ] [ 1905 1876 1892 ] [    9   17   15 ] [  11019   5360   8983 ] [ 0 ],1.10,1.10,1.10,1.10,-5.05,0.25,0.00,0.00,0.00,0.00,0.00,0.00,-0.00,0.00,0.00,0.00,0.00,0.00,0.00,0.00,0.00,0
2.03259,-5,1,296,0,DRIVE [ 79 ] [ 1 ] [ 1905 1862 1893 ] [    0    0    0 ] [      0      0      0 ] [ 0 ],drive [ 78 ] [ 0 ] [ 1905 1868 1892 ] [    9   17   15 ] [  11019   5360   8983 ] [ 0 ],1.10,1.10,1.10,1.10,-5.64,0.70,0.00,0.00,0.00,0.00,0.00,0.00,-0.00,0.00,0.00,0.00,0.00,0.00,0.00,0.00,0.00,0
2.04453,-5,1,296,0,DRIVE [ 79 ] [ 1 ] [ 1905 1857 1894 ] [    0    0    0 ] [      0      0      0 ] [ 0 ],drive [ 79 ] [ 0 ] [ 1905 1862 1893 ] [    9   17   15 ] [  11019   5360   8983 ] [ 0 ],1.10,1.10,1.10,1.10,-5.86,1.25,0.00,0.00,0.00,0.00,0.00,0.00,-0.00,0.00,0.00,0.00,0.00,0.00,0.00,0.00,0.00,0
2.05638,-5,2,295,0,DRIVE [ 80 ] [ 1 ] [ 1905 1854 1896 ] [    0    0    0 ] [      0      0      0 ] [ 0 ],drive [ 79 ] [ 0 ] [ 1905 1857 1894 ] [    9   17   15 ] [  10690   5536   8981 ] [ 0 ],1.10,1.10,1.10,1.10,-5.77,1.68,0.00,0.00,0.00,0.00,0.00,0.00,-0.00,0.00,0.00,0.00,0.00,0.00,0.00,0.00,0.00,0
2.06852,-5,2,294,0,DRIVE [ 80 ] [ 1 ] [ 1905 1854 1899 ] [    0    0    0 ] [      0      0      0 ] [ 0 ],drive [ 80 ] [ 0 ] [ 1905 1854 1896 ] [    3   20   15 ] [  10690   5536   8981 ] [ 0 ],1.10,1.10,1.10,1.10,-5.42,2.08,0.00,0.00,0.00,0.00,0.00,0.00,-0.00,0.00,0.00,0.00,0.00,0.00,0.00,0.00,0.00,0
2.08063,-4,2,292,0,DRIVE [ 81 ] [ 1 ] [ 1905 1854 1902 ] [    0    0    0 ] [      0      0      0 ] [ 0 ],drive [ 80 ] [ 0 ] [ 1905 1854 1899 ] [    3   20   15 ] [  10690   5536   8981 ] [ 0 ],1.10,1.10,1.10,1.10,-4.87,2.47,0.00,0.00,0.00,0.00,0.00,0.00,-0.00,0.00,0.00,0.00,0.00,0.00,0.00,0.00,0.00,0
2.09233,-4,3,291,0,DRIVE [ 81 ] [ 1 ] [ 1905 1853 1905 ] [    0    0    0 ] [      0      0      0 ] [ 0 ],drive [ 81 ] [ 0 ] [ 1905 1854 1902 ] [    3   20   15 ] [  10690   5536   8981 ] [ 0 ],1.10,1.10,1.10,1.10,-4.33,2.89,0.00,0.00,0.00,0.00,0.00,0.00,-0.00,0.00,0.00,0.00,0.00,0.00,0.00,0.00,0.00,0
2.10436,-3,3,290,0,DRIVE [ 82 ] [ 1 ] [ 1902 1858 1905 ] [    0    0    0 ] [      0      0      0 ] [ 0 ],drive [ 81 ] [ 0 ] [ 1905 1853 1905 ] [    3   20   15 ] [  10616   5612   8981 ] [ 0 ],1.10,1.10,1.10,1.10,-3.71,3.28,0.00,0.00,0.00,0.00,0.00,0.00,-0.00,0.00,0.00,0.00,0.00,0.00,0.00,0.00,0.00,0
2.11635,-3,3,289,0,DRIVE [ 82 ] [ 1 ] [ 1899 1863 1905 ] [    0    0    0 ] [      0      0      0 ] [ 0 ],drive [ 82 ] [ 0 ] [ 1902 1858 1905 ] [   20   13   15 ] [  10616   5612   8981 ] [ 0 ],1.10,1.10,1.10,1.10,-3.14,3.73,0.00,0.00,0.00,0.00,0.00,0.00,-0.00,0.00,0.00,0.00,0.00,0.00,0.00,0.00,0.00,0
2.12778,-2,4,289,0,DRIVE [ 83 ] [ 1 ] [ 1895 1867 1905 ] [    0    0    0 ] [      0      0      0 ] [ 0 ],drive [ 82 ] [ 0 ] [ 1899 1863 1905 ] [   20   13   15 ] [  10616   5612   8981 ] [ 0 ],1.10,1.10,1.10,1.10,-2.52,4.10,0.00,0.00,0.00,0.00,0.00,0.00,-0.00,0.00,0.00,0.00,0.00,0.00,0.00,0.00,0.00,0
2.13966,-2,4,288,0,DRIVE [ 83 ] [ 1 ] [ 1890 1871 1905 ] [    0    0    0 ] [      0      0      0 ] [ 0 ],drive [ 83 ] [ 0 ] [ 1895 1867 1905 ] [   20   13   15 ] [  10616   5612   8981 ] [ 0 ],1.10,1.10,1.10,1.10,-1.77,4.45,0.00,0.00,0.00,0.00,0.00,0.00,-0.00,0.00,0.00,0.00,0.00,0.00,0.00,0.00,0.00,0
2.15168,-1,4,286,0,DRIVE [ 84 ] [ 1 ] [ 1886 1876 1905 ] [    0    0    0 ] [      0      0      0 ] [ 0 ],drive [ 83 ] [ 0 ] [ 1890 1871 1905 ] [   20   13   15 ] [  10542   5629   8981 ] [ 0 ],1.10,1.10,1.10,1.10,-0.94,4.69,0.00,0.00,0.00,0.00,0.00,0.00,-0.00,0.00,0.00,0.00,0.00,0.00,0.00,0.00,0.00,0
2.16331,0,5,286,0,DRIVE [ 84 ] [ 1 ] [ 1880 1880 1905 ] [    0    0    0 ] [      0      0      0 ] [ 0 ],drive [ 84 ] [ 0 ] [ 1886 1876 1905 ] [   14   10   14 ] [  10542   5629   8981 ] [ 0 ],1.10,1.10,1.10,1.10,-0.00,4.98,0.00,0.00,0.00,0.00,0.00,0.00,-0.00,0.00,0.00,0.00,0.00,0.00,0.00,0.00,0.00,0
2.17509,1,5,284,0,DRIVE [ 85 ] [ 1 ] [ 1872 1883 1905 ] [    0    0    0 ] [      0      0      0 ] [ 0 ],drive [ 84 ] [ 0 ] [ 1880 1880 1905 ] [   14   10   14 ] [  10542   5629   8981 ] [ 0 ],1.10,1.10,1.10,1.10,0.99,5.34,0.00,0.00,0.00,0.00,0.00,0.00,-0.00,0.00,0.00,0.00,0.00,0.00,0.00,0.00,0.00,0
2.18716,2,5,283,0,DRIVE [ 85 ] [ 1 ] [ 1862 1885 1905 ] [    0    0    0 ] [      0      0      0 ] [ 0 ],drive [ 85 ] [ 0 ] [ 1872 1883 1905 ] [   14   10   14 ] [  10542   5629   8981 ] [ 0 ],1.10,1.10,1.10,1.10,2.11,5.70,0.00,0.00,0.00,0.00,0.00,0.00,-0.00,0.00,0.00,0.00,0.00,0.00,0.00,0.00,0.00,0
2.1984,3,5,282,0,DRIVE [ 86 ] [ 1 ] [ 1850 1889 1905 ] [    0    0    0 ] [      0      0      0 ] [ 0 ],drive [ 85 ] [ 0 ] [ 1862 1885 1905 ] [   14   10   14 ] [  10475   5629   8981 ] [ 0 ],1.10,1.10,1.10,1.10,3.46,6.03,0.00,0.00,0.00,0.00,0.00,0.00,-0.00,0.00,0.00,0.00,0.00,0.00,0.00,0.00,0.00,0
2.21047,5,6,281,0,DRIVE [ 86 ] [ 1 ] [ 1833 1893 1905 ] [    0    0    0 ] [      0      0      0 ] [ 0 ],drive [ 86 ] [ 0 ] [ 1850 1889 1905 ] [   14   10   14 ] [  10475   5629   8981 ] [ 0 ],1.10,1.10,1.10,1.10,5.06,6.32,0.00,0.00,0.00,0.00,0.00,0.00,-0.00,0.00,0.00,0.00,0.00,0.00,0.00,0.00,0.00,0
2.22193,6,6,280,0,DRIVE [ 87 ] [ 1 ] [ 1814 1896 1905 ] [    0    0    0 ] [      0      0      0 ] [ 0 ],drive [ 86 ] [ 0 ] [ 1833 1893 1905 ] [    9    8   13 ] [  10475   5629   8981 ] [ 0 ],1.10,1.10,1.10,1.10,6.77,6.70,0.00,0.00,0.00,0.00,0.00,0.00,-0.00,0.00,0.00,0.00,0.00,0.00,0.00,0.00,0.00,0
2.23348,8,6,279,0,DRIVE [ 87 ] [ 1 ] [ 1793 1901 1905 ] [    0    0    0 ] [      0      0      0 ] [ 0 ],drive [ 87 ] [ 0 ] [ 1814 1896 1905 ] [    9    8   13 ] [  10475   5629   8981 ] [ 0 ],1.10,1.10,1.10,1.10,8.65,6.96,0.00,0.00,0.00,0.00,0.00,0.00,-0.00,0.00,0.00,0.00,0.00,0.00,0.00,0.00,0.00,0
2.24523,10,7,280,0,DRIVE [ 88 ] [ 1 ] [ 1772 1901 1904 ] [    0    0    0 ] [      0      0      0 ] [ 0 ],drive [ 87 ] [ 0 ] [ 1793 1901 1905 ] [    9    8   13 ] [  10475   5629   8981 ] [ 0 ],1.10,1.10,1.10,1.10,10.71,7.17,0.00,0.00,0.00,0.00,0.00,0.00,-0.00,0.00,0.00,0.00,0.00,0.00,0.00,0.00,0.00,0
2.25672,12,7,279,0,DRIVE [ 88 ] [ 1 ] [ 1755 1901 1899 ] [    0    0    0 ] [      0      0      0 ] [ 0 ],drive [ 88 ] [ 0 ] [ 1772 1901 1904 ] [    9    8   13 ] [  10437   5635   8981 ] [ 0 ],1.10,1.10,1.10,1.10,12.86,7.48,0.00,0.00,0.00,0.00,0.00,0.00,-0.00,0.00,0.00,0.00,0.00,0.00,0.00,0.00,0.00,0
2.27095,14,7,279,0,DRIVE [ 89 ] [ 1 ] [ 1738 1901 1893 ] [    0    0    0 ] [      0      0      0 ] [ 0 ],drive [ 88 ] [ 0 ] [ 1755 1901 1899 ] [   16    5   14 ] [  10437   5635   8981 ] [ 0 ],1.10,1.10,1.10,1.10,15.22,7.65,0.00,0.00,0.00,0.00,0.00,0.00,-0.00,0.00,0.00,0.00,0.00,0.00,0.00,0.00,0.00,0
2.28296,16,7,277,0,DRIVE [ 89 ] [ 1 ] [ 1721 1901 1887 ] [    0    0    0 ] [      0      0      0 ] [ 0 ],drive [ 89 ] [ 0 ] [ 1738 1901 1893 ] [   16    5   14 ] [  10437   5635   8981 ] [ 0 ],1.10,1.10,1.10,1.10,17.51,7.80,0.00,0.00,0.00,0.00,0.00,0.00,-0.00,0.00,0.00,0.00,0.00,0.00,0.00,0.00,0.00,0
2.29465,18,7,275,0,DRIVE [ 90 ] [ 1 ] [ 1703 1901 1881 ] [    0    0    0 ] [      0      0      0 ] [ 0 ],drive [ 89 ] [ 0 ] [ 1721 1901 1887 ] [   16    5   14 ] [  10437   5635   8981 ] [ 0 ],1.10,1.10,1.10,1.10,19.72,7.86,0.00,0.00,0.00,0.00,0.00,0.00,-0.00,0.00,0.00,0.00,0.00,0.00,0.00,0.00,0.00,0
2.30764,20,7,274,0,DRIVE [ 90 ] [ 1 ] [ 1685 1901 1875 ] [    0    0    0 ] [      0      0      0 ] [ 0 ],drive [ 90 ] [ 0 ] [ 1703 1901 1881 ] [   16    5   14 ] [  10442   5635   8981 ] [ 0 ],1.10,1.10,1.10,1.10,22.05,7.95,0.00,0.00,0.00,0.00,0.00,0.00,-0.00,0.00,0.00,0.00,0.00,0.00,0.00,0.00,0.00,0
2.321,22,7,273,0,DRIVE [ 91 ] [ 1 ] [ 1667 1901 1868 ] [    0    0    0 ] [      0      0      0 ] [ 0 ],drive [ 90 ] [ 0 ] [ 1685 1901 1875 ] [   27    5   15 ] [  10442   5635   8981 ] [ 0 ],1.10,1.10,1.10,1.10,24.41,8.03,0.00,0.00,0.00,0.00,0.00,0.00,-0.00,0.00,0.00,0.00,0.00,0.00,0.00,0.00,0.00,0
2.33267,25,7,270,0,DRIVE [ 91 ] [ 1 ] [ 1644 1901 1859 ] [    0    0    0 ] [      0      0      0 ] [ 0 ],drive [ 91 ] [ 0 ] [ 1667 1901 1868 ] [   27    5   15 ] [  10442   5635   8981 ] [ 0 ],1.10,1.10,1.10,1.10,27.27,7.96,0.00,0.00,0.00,0.00,0.00,0.00,-0.00,0.00,0.00,0.00,0.00,0.00,0.00,0.00,0.00,0
2.34436,27,7,269,0,DRIVE [ 92 ] [ 1 ] [ 1624 1901 1850 ] [    0    0    0 ] [      0      0      0 ] [ 0 ],drive [ 91 ] [ 0 ] [ 1644 1901 1859 ] [   27    5   15 ] [  10442   5635   8981 ] [ 0 ],1.10,1.10,1.10,1.10,29.93,7.82,0.00,0.00,0.00,0.00,0.00,0.00,-0.00,0.00,0.00,0.00,0.00,0.00,0.00,0.00,0.00,0
2.35558,29,7,266,0,DRIVE [ 92 ] [ 1 ] [ 1606 1901 1842 ] [    0    0    0 ] [      0      0      0 ] [ 0 ],drive [ 92 ] [ 0 ] [ 1624 1901 1850 ] [   27    5   15 ] [  10456   5631   8981 ] [ 0 ],1.10,1.10,1.10,1.10,32.17,7.64,0.00,0.00,0.00,0.00,0.00,0.00,-0.00,0.00,0.00,0.00,0.00,0.00,0.00,0.00,0.00,0
2.36684,31,7,263,0,DRIVE [ 93 ] [ 1 ] [ 1589 1901 1835 ] [    0    0    0 ] [      0      0      0 ] [ 0 ],drive [ 92 ] [ 0 ] [ 1606 1901 1842 ] [   54    6   19 ] [  10456   5631   8981 ] [ 0 ],1.10,1.10,1.10,1.10,34.09,7.45,0.00,0.00,0.00,0.00,0.00,0.00,-0.00,0.00,0.00,0.00,0.00,0.00,0.00,0.00,0.00,0
2.37863,33,7,261,0,DRIVE [ 93 ] [ 1 ] [ 1574 1901 1828 ] [    0    0    0 ] [      0      0      0 ] [ 0 ],drive [ 93 ] [ 0 ] [ 1589 1901 1835 ] [   54    6   19 ] [  10456   5631   8981 ] [ 0 ],1.10,1.10,1.10,1.10,35.87,7.19,0.00,0.00,0.00,0.00,0.00,0.00,-0.00,0.00,0.00,0.00,0.00,0.00,0.00,0.00,0.00,0
2.38995,34,6,259,0,DRIVE [ 94 ] [ 1 ] [ 1559 1901 1821 ] [    0    0    0 ] [      0      0      0 ] [ 0 ],drive [ 93 ] [ 0 ] [ 1574 1901 1828 ] [   54    6   19 ] [  10456   5631   8981 ] [ 0 ],1.10,1.10,1.10,1.10,37.62,6.97,0.00,0.00,0.00,0.00,0.00,0.00,-0.00,0.00,0.00,0.00,0.00,0.00,0.00,0.00,0.00,0
2.40198,36,6,257,0,DRIVE [ 94 ] [ 1 ] [ 1545 1901 1814 ] [    0    0    0 ] [      0      0      0 ] [ 0 ],drive [ 94 ] [ 0 ] [ 1559 1901 1821 ] [   54    6   19 ] [  10594   5624   8984 ] [ 0 ],1.10,1.10,1.10,1.10,39.30,6.67,0.00,0.00,0.00,0.00,0.00,0.00,0.00,0.00,0.00,0.00,0.00,0.00,0.00,0.00,0.00,0
2.41352,37,6,255,0,DRIVE [ 95 ] [ 1 ] [ 1534 1901 1807 ] [    0    0    0 ] [      0      0      0 ] [ 0 ],drive [ 94 ] [ 0 ] [ 1545 1901 1814 ] [   34   11   24 ] [  10594   5624   8984 ] [ 0 ],1.10,1.10,1.10,1.10,40.76,6.30,0.00,0.00,0.00,0.00,0.00,0.00,0.00,0.00,0.00,0.00,0.00,0.00,0.00,0.00,0.00,0
2.42493,38,5,253,0,DRIVE [ 95 ] [ 1 ] [ 1523 1901 1800 ] [    0    0    0 ] [      0      0      0 ] [ 0 ],drive [ 95 ] [ 0 ] [ 1534 1901 1807 ] [   34   11   24 ] [  10594   5624   8984 ] [ 0 ],1.10,1.10,1.10,1.10,41.94,5.95,0.00,0.00,0.00,0.00,0.00,0.00,0.00,0.00,0.00,0.00,0.00,0.00,0.00,0.00,0.00,0
2.43597,39,5,250,0,DRIVE [ 96 ] [ 1 ] [ 1513 1901 1794 ] [    0    0    0 ] [      0      0      0 ] [ 0 ],drive [ 95 ] [ 0 ] [ 1523 1901 1800 ] [   34   11   24 ] [  10594   5624   8984 ] [ 0 ],1.10,1.10,1.10,1.10,43.04,5.62,0.00,0.00,0.00,0.00,0.00,0.00,0.00,0.00,0.00,0.00,0.00,0.00,0.00,0.00,0.00,0
2.4477,40,5,249,0,DRIVE [ 96 ] [ 1 ] [ 1504 1901 1788 ] [    0    0    0 ] [      0      0      0 ] [ 0 ],drive [ 96 ] [ 0 ] [ 1513 1901 1794 ] [   34   11   24 ] [  10676   5623   8985 ] [ 0 ],1.10,1.10,1.10,1.10,44.20,5.25,0.00,0.00,0.00,0.00,0.00,0.00,0.00,0.00,0.00,0.00,0.00,0.00,0.00,0.00,0.00,0
2.45879,41,4,246,0,DRIVE [ 97 ] [ 1 ] [ 1495 1901 1782 ] [    0    0    0 ] [      0      0      0 ] [ 0 ],drive [ 96 ] [ 0 ] [ 1504 1901 1788 ] [   34   11   24 ] [  10676   5623   8985 ] [ 0 ],1.10,1.10,1.10,1.10,45.03,4.84,0.00,0.00,0.00,0.00,0.00,0.00,0.00,0.00,0.00,0.00,0.00,0.00,0.00,0.00,0.00,0
2.46987,42,4,244,0,DRIVE [ 97 ] [ 1 ] [ 1486 1901 1777 ] [    0    0    0 ] [      0      0      0 ] [ 0 ],drive [ 97 ] [ 0 ] [ 1495 1901 1782 ] [   51   12   26 ] [  10676   5623   8985 ] [ 0 ],1.10,1.10,1.10,1.10,45.90,4.58,0.00,0.00,0.00,0.00,0.00,0.00,0.00,0.00,0.00,0.00,0.00,0.00,0.00,0.00,0.00,0
2.48191,42,4,242,0,DRIVE [ 98 ] [ 1 ] [ 1478 1901 1772 ] [    0    0    0 ] [      0      0      0 ] [ 0 ],drive [ 97 ] [ 0 ] [ 1486 1901 1777 ] [   51   12   26 ] [  10676   5623   8985 ] [ 0 ],1.10,1.10,1.10,1.10,46.65,4.40,0.00,0.00,0.00,0.00,0.00,0.00,0.00,0.00,0.00,0.00,0.00,0.00,0.00,0.00,0.00,0
2.49319,43,4,239,0,DRIVE [ 98 ] [ 1 ] [ 1469 1901 1769 ] [    0    0    0 ] [      0      0      0 ] [ 0 ],drive [ 98 ] [ 0 ] [ 1478 1901 1772 ] [   51   12   26 ] [  10676   5623   8985 ] [ 0 ],1.10,1.10,1.10,1.10,47.17,4.28,0.00,0.00,0.00,0.00,0.00,0.00,0.00,0.00,0.00,0.00,0.00,0.00,0.00,0.00,0.00,0
2.50415,43,4,237,0,DRIVE [ 99 ] [ 1 ] [ 1460 1901 1765 ] [    0    0    0 ] [      0      0      0 ] [ 0 ],drive [ 98 ] [ 0 ] [ 1469 1901 1769 ] [   51   12   26 ] [  10723   5618   8992 ] [ 0 ],1.10,1.10,1.10,1.10,47.68,4.29,0.00,0.00,0.00,0.00,0.00,0.00,0.00,0.00,0.00,0.00,0.00,0.00,0.00,0.00,0.00,0
2.5156,44,4,234,0,DRIVE [ 99 ] [ 1 ] [ 1451 1901 1763 ] [    0    0    0 ] [      0      0      0 ] [ 0 ],drive [ 99 ] [ 0 ] [ 1460 1901 1765 ] [   51   16   32 ] [  10723   5618   8992 ] [ 0 ],1.10,1.10,1.10,1.10,48.03,4.30,0.00,0.00,0.00,0.00,0.00,0.00,0.00,0.00,0.00,0.00,0.00,0.00,0.00,0.00,0.00,0
2.52655,44,4,233,0,DRIVE [ 00 ] [ 1 ] [ 1443 1901 1761 ] [    0    0    0 ] [      0      0      0 ] [ 0 ],drive [ 99 ] [ 0 ] [ 1451 1901 1763 ] [   51   16   32 ] [  10723   5618   8992 ] [ 0 ],1.10,1.10,1.10,1.10,48.63,4.42,0.00,0.00,0.00,0.00,0.00,0.00,0.00,0.00,0.00,0.00,0.00,0.00,0.00,0.00,0.00,0
2.53941,44,4,230,0,DRIVE [ 00 ] [ 1 ] [ 1436 1901 1759 ] [    0    0    0 ] [      0      0      0 ] [ 0 ],drive [ 00 ] [ 0 ] [ 1443 1901 1761 ] [   51   16   32 ] [  10723   5618   8992 ] [ 0 ],1.10,1.10,1.10,1.10,48.84,4.52,0.00,0.00,0.00,0.00,0.00,0.00,0.00,0.00,0.00,0.00,0.00,0.00,0.00,0.00,0.00,0
2.55139,44,4,228,0,DRIVE [ 01 ] [ 1 ] [ 1430 1901 1757 ] [    0    0    0 ] [      0      0      0 ] [ 0 ],drive [ 00 ] [ 0 ] [ 1436 1901 1759 ] [   51   16   32 ] [  10811   5617   8993 ] [ 0 ],1.10,1.10,1.10,1.10,48.94,4.57,0.00,0.00,0.00,0.00,0.00,0.00,0.00,0.00,0.00,0.00,0.00,0.00,0.00,0.00,0.00,0
2.5624,44,4,225,0,DRIVE [ 01 ] [ 1 ] [ 1423 1901 1756 ] [    0    0    0 ] [      0      0      0 ] [ 0 ],drive [ 01 ] [ 0 ] [ 1430 1901 1757 ] [   66   17   34 ] [  10811   5617   8993 ] [ 0 ],1.10,1.10,1.10,1.10,48.87,4.63,0.00,0.00,0.00,0.00,0.00,0.00,0.00,0.00,0.00,0.00,0.00,0.00,0.00,0.00,0.00,0
2.57508,44,4,222,0,DRIVE [ 02 ] [ 1 ] [ 1418 1901 1754 ] [    0    0    0 ] [      0      0      0 ] [ 0 ],drive [ 01 ] [ 0 ] [ 1423 1901 1756 ] [   66   17   34 ] [  10811   5617   8993 ] [ 0 ],1.10,1.10,1.10,1.10,48.87,4.67,0.00,0.00,0.00,0.00,0.00,0.00,0.00,0.00,0.00,0.00,0.00,0.00,0.00,0.00,0.00,0
2.58651,45,4,221,0,DRIVE [ 02 ] [ 1 ] [ 1412 1901 1753 ] [    0    0    0 ] [      0      0      0 ] [ 0 ],drive [ 02 ] [ 0 ] [ 1418 1901 1754 ] [   66   17   34 ] [  10811   5617   8993 ] [ 0 ],1.10,1.10,1.10,1.10,49.09,4.70,0.00,0.00,0.00,0.00,0.00,0.00,0.00,0.00,0.00,0.00,0.00,0.00,0.00,0.00,0.00,0
2.59727,45,4,219,0,DRIVE [ 03 ] [ 1 ] [ 1407 1901 1751 ] [    0    0    0 ] [      0      0      0 ] [ 0 ],drive [ 02 ] [ 0 ] [ 1412 1901 1753 ] [   66   17   34 ] [  10909   5617   8993 ] [ 0 ],1.10,1.10,1.10,1.10,49.35,4.69,0.00,0.00,0.00,0.00,0.00,0.00,0.00,0.00,0.00,0.00,0.00,0.00,0.00,0.00,0.00,0
2.60856,45,4,217,0,DRIVE [ 03 ] [ 1 ] [ 1404 1901 1749 ] [    0    0    0 ] [      0      0      0 ] [ 0 ],drive [ 03 ] [ 0 ] [ 1407 1901 1751 ] [   66   17   34 ] [  10909   5617   8993 ] [ 0 ],1.10,1.10,1.10,1.10,49.39,4.61,0.00,0.00,0.00,0.00,0.00,0.00,0.00,0.00,0.00,0.00,0.00,0.00,0.00,0.00,0.00,0
2.6198,45,4,215,0,DRIVE [ 04 ] [ 1 ] [ 1401 1901 1747 ] [    0    0    0 ] [      0      0      0 ] [ 0 ],drive [ 03 ] [ 0 ] [ 1404 1901 1749 ] [   57   17   35 ] [  10909   5617   8993 ] [ 0 ],1.10,1.10,1.10,1.10,49.23,4.47,0.00,0.00,0.00,0.00,0.00,0.00,0.00,0.00,0.00,0.00,0.00,0.00,0.00,0.00,0.00,0
2.63094,45,4,213,0,DRIVE [ 04 ] [ 1 ] [ 1400 1901 1746 ] [    0    0    0 ] [      0      0      0 ] [ 0 ],drive [ 04 ] [ 0 ] [ 1401 1901 1747 ] [   57   17   35 ] [  10909   5617   8993 ] [ 0 ],1.10,1.10,1.10,1.10,48.98,4.30,0.00,0.00,0.00,0.00,0.00,0.00,0.00,0.00,0.00,0.00,0.00,0.00,0.00,0.00,0.00,0
2.64287,44,4,211,0,DRIVE [ 05 ] [ 1 ] [ 1400 1901 1743 ] [    0    0    0 ] [      0      0      0 ] [ 0 ],drive [ 04 ] [ 0 ] [ 1400 1901 1746 ] [   57   17   35 ] [  10909   5617   8993 ] [ 0 ],1.10,1.10,1.10,1.10,48.63,3.92,0.00,0.00,0.00,0.00,0.00,0.00,0.00,0.00,0.00,0.00,0.00,0.00,0.00,0.00,0.00,0
2.65499,44,3,208,0,DRIVE [ 05 ] [ 1 ] [ 1401 1901 1741 ] [    0    0    0 ] [      0      0      0 ] [ 0 ],drive [ 05 ] [ 0 ] [ 1400 1901 1743 ] [   57   17   35 ] [  10910   5617   8992 ] [ 0 ],1.10,1.10,1.10,1.10,48.15,3.58,0.00,0.00,0.00,0.00,0.00,0.00,0.00,0.00,0.00,0.00,0.00,0.00,0.00,0.00,0.00,0
2.66565,43,3,205,0,DRIVE [ 06 ] [ 1 ] [ 1403 1901 1738 ] [    0    0    0 ] [      0      0      0 ] [ 0 ],drive [ 05 ] [ 0 ] [ 1401 1901 1741 ] [   59   15   35 ] [  10910   5617   8992 ] [ 0 ],1.10,1.10,1.10,1.10,47.59,3.17,0.00,0.00,0.00,0.00,0.00,0.00,0.00,0.00,0.00,0.00,0.00,0.00,0.00,0.00,0.00,0
2.67682,43,2,204,0,DRIVE [ 06 ] [ 1 ] [ 1407 1901 1735 ] [    0    0    0 ] [      0      0      0 ] [ 0 ],drive [ 06 ] [ 0 ] [ 1403 1901 1738 ] [   59   15   35 ] [  10910   5617   8992 ] [ 0 ],1.10,1.10,1.10,1.10,47.18,2.65,0.00,0.00,0.00,0.00,0.00,0.00,0.00,0.00,0.00,0.00,0.00,0.00,0.00,0.00,0.00,0
2.68777,42,2,202,0,DRIVE [ 07 ] [ 1 ] [ 1412 1901 1733 ] [    0    0    0 ] [      0      0      0 ] [ 0 ],drive [ 06 ] [ 0 ] [ 1407 1901 1735 ] [   59   15   35 ] [  10910   5617   8992 ] [ 0 ],1.10,1.10,1.10,1.10,46.53,2.09,0.00,0.00,0.00,0.00,0.00,0.00,0.00,0.00,0.00,0.00,0.00,0.00,0.00,0.00,0.00,0
2.6986,42,1,200,0,DRIVE [ 07 ] [ 1 ] [ 1419 1901 1729 ] [    0    0    0 ] [      0      0      0 ] [ 0 ],drive [ 07 ] [ 0 ] [ 1412 1901 1733 ] [   59   15   35 ] [  10928   5617   8991 ] [ 0 ],1.10,1.10,1.10,1.10,45.81,1.39,0.00,0.00,0.00,0.00,0.00,0.00,0.00,0.00,0.00,0.00,0.00,0.00,0.00,0.00,0.00,0
2.71009,41,1,197,0,DRIVE [ 08 ] [ 1 ] [ 1427 1901 1725 ] [    0    0    0 ] [      0      0      0 ] [ 0 ],drive [ 07 ] [ 0 ] [ 1419 1901 1729 ] [   59   15   35 ] [  10928   5617   8991 ] [ 0 ],1.10,1.10,1.10,1.10,45.03,0.66,0.00,0.00,0.00,0.00,0.00,0.00,0.00,0.00,0.00,0.00,0.00,0.00,0.00,0.00,0.00,0
2.72084,40,0,195,0,DRIVE [ 08 ] [ 1 ] [ 1437 1901 1721 ] [    0    0    0 ] [      0      0      0 ] [ 0 ],drive [ 08 ] [ 0 ] [ 1427 1901 1725 ] [   47   16   36 ] [  10928   5617   8991 ] [ 0 ],1.10,1.10,1.10,1.10,44.22,-0.21,0.00,0.00,0.00,0.00,0.00,0.00,0.00,0.00,0.00,0.00,0.00,0.00,0.00,0.00,0.00,0
2.73147,39,-1,194,0,DRIVE [ 09 ] [ 1 ] [ 1448 1901 1716 ] [    0    0    0 ] [      0      0      0 ] [ 0 ],drive [ 08 ] [ 0 ] [ 1437 1901 1721 ] [   47   16   36 ] [  10928   5617   8991 ] [ 0 ],1.10,1.10,1.10,1.10,43.34,-1.16,0.00,0.00,0.00,0.00,0.00,0.00,0.00,0.00,0.00,0.00,0.00,0.00,0.00,0.00,0.00,0
2.7426,39,-2,192,0,DRIVE [ 09 ] [ 1 ] [ 1461 1901 1711 ] [    0    0    0 ] [      0      0      0 ] [ 0 ],drive [ 09 ] [ 0 ] [ 1448 1901 1716 ] [   47   16   36 ] [  10928   5617   8991 ] [ 0 ],1.10,1.10,1.10,1.10,42.38,-2.24,0.00,0.00,0.00,0.00,0.00,0.00,0.00,0.00,0.00,0.00,0.00,0.00,0.00,0.00,0.00,0
2.75355,38,-3,190,0,DRIVE [ 10 ] [ 1 ] [ 1474 1901 1706 ] [    0    0    0 ] [      0      0      0 ] [ 0 ],drive [ 09 ] [ 0 ] [ 1461 1901 1711 ] [   47   16   36 ] [  11018   5618   8988 ] [ 0 ],1.10,1.10,1.10,1.10,41.41,-3.28,0.00,0.00,0.00,0.00,0.00,0.00,0.00,0.00,0.00,0.00,0.00,0.00,-0.00,0.00,0.00,0
2.76418,37,-4,189,0,DRIVE [ 10 ] [ 1 ] [ 1487 1901 1701 ] [    0    0    0 ] [      0      0      0 ] [ 0 ],drive [ 10 ] [ 0 ] [ 1474 1901 1706 ] [   47   13   35 ] [  11018   5618   8988 ] [ 0 ],1.10,1.10,1.10,1.10,40.43,-4.30,0.00,0.00,0.00,0.00,0.00,0.00,0.00,0.00,0.00,0.00,0.00,0.00,-0.00,0.00,0.00,0
2.77645,36,-5,187,0,DRIVE [ 11 ] [ 1 ] [ 1499 1901 1695 ] [    0    0    0 ] [      0      0      0 ] [ 0 ],drive [ 10 ] [ 0 ] [ 1487 1901 1701 ] [   47   13   35 ] [  11018   5618   8988 ] [ 0 ],1.10,1.10,1.10,1.10,39.49,-5.35,0.00,0.00,0.00,0.00,0.00,0.00,0.00,0.00,0.00,0.00,0.00,0.00,-0.00,0.00,0.00,0
2.78726,35,-6,185,0,DRIVE [ 11 ] [ 1 ] [ 1511 1901 1688 ] [    0    0    0 ] [      0      0      0 ] [ 0 ],drive [ 11 ] [ 0 ] [ 1499 1901 1695 ] [   47   13   35 ] [  11018   5618   8988 ] [ 0 ],1.10,1.10,1.10,1.10,38.55,-6.37,0.00,0.00,0.00,0.00,0.00,0.00,0.00,0.00,0.00,0.00,0.00,0.00,-0.00,0.00,0.00,0
2.79788,34,-7,183,0,DRIVE [ 12 ] [ 1 ] [ 1522 1901 1682 ] [    0    0    0 ] [      0      0      0 ] [ 0 ],drive [ 11 ] [ 0 ] [ 1511 1901 1688 ] [   47   13   35 ] [  11015   5621   8986 ] [ 0 ],1.10,1.10,1.10,1.10,37.68,-7.32,0.00,0.00,0.00,0.00,0.00,0.00,0.00,0.00,0.00,0.00,0.00,0.00,-0.00,0.00,0.00,0
2.80933,33,-7,181,0,DRIVE [ 12 ] [ 1 ] [ 1532 1901 1676 ] [    0    0    0 ] [      0      0      0 ] [ 0 ],drive [ 12 ] [ 0 ] [ 1522 1901 1682 ] [   47   13   35 ] [  11015   5621   8986 ] [ 0 ],1.10,1.10,1.10,1.10,36.82,-8.16,0.00,0.00,0.00,0.00,0.00,0.00,0.00,0.00,0.00,0.00,0.00,0.00,-0.00,0.00,0.00,0
2.82038,33,-8,179,0,DRIVE [ 13 ] [ 1 ] [ 1541 1901 1671 ] [    0    0    0 ] [      0      0      0 ] [ 0 ],drive [ 12 ] [ 0 ] [ 1532 1901 1676 ] [   39   13   38 ] [  11015   5621   8986 ] [ 0 ],1.10,1.10,1.10,1.10,35.88,-8.90,0.00,0.00,0.00,0.00,0.00,0.00,0.00,0.00,0.00,0.00,0.00,0.00,-0.00,0.00,0.00,0
2.83093,32,-9,177,0,DRIVE [ 13 ] [ 1 ] [ 1549 1901 1666 ] [    0    0    0 ] [      0      0      0 ] [ 0 ],drive [ 13 ] [ 0 ] [ 1541 1901 1671 ] [   39   13   38 ] [  11015   5621   8986 ] [ 0 ],1.10,1.10,1.10,1.10,35.08,-9.56,0.00,0.00,0.00,0.00,0.00,0.00,0.00,0.00,0.00,0.00,0.00,0.00,-0.00,0.00,0.00,0
2.84273,31,-9,175,0,DRIVE [ 14 ] [ 1 ] [ 1556 1901 1661 ] [    0    0    0 ] [      0      0      0 ] [ 0 ],drive [ 13 ] [ 0 ] [ 1549 1901 1666 ] [   39   13   38 ] [  11015   5621   8986 ] [ 0 ],1.10,1.10,1.10,1.10,34.38,-10.16,0.00,0.00,0.00,0.00,0.00,0.00,0.00,0.00,0.00,0.00,0.00,0.00,-0.00,0.00,0.00,0
2.85372,31,-10,173,0,DRIVE [ 14 ] [ 1 ] [ 1562 1901 1656 ] [    0    0    0 ] [      0      0      0 ] [ 0 ],drive [ 14 ] [ 0 ] [ 1556 1901 1661 ] [   39   13   38 ] [  11011   5621   8988 ] [ 0 ],1.10,1.10,1.10,1.10,33.71,-10.67,0.00,0.00,0.00,0.00,0.00,0.00,0.00,0.00,0.00,0.00,0.00,0.00,-0.00,0.00,0.00,0
2.86422,30,-10,171,0,DRIVE [ 15 ] [ 1 ] [ 1567 1901 1651 ] [    0    0    0 ] [      0      0      0 ] [ 0 ],drive [ 14 ] [ 0 ] [ 1562 1901 1656 ] [   33   13   41 ] [  11011   5621   8988 ] [ 0 ],1.10,1.10,1.10,1.10,33.20,-11.20,0.00,0.00,0.00,0.00,0.00,0.00,0.00,0.00,0.00,0.00,0.00,0.00,-0.00,0.00,0.00,0
2.87703,30,-11,169,0,DRIVE [ 15 ] [ 1 ] [ 1571 1901 1645 ] [    0    0    0 ] [      0      0      0 ] [ 0 ],drive [ 15 ] [ 0 ] [ 1567 1901 1651 ] [   33   13   41 ] [  11011   5621   8988 ] [ 0 ],1.10,1.10,1.10,1.10,32.79,-11.75,0.00,0.00,0.00,0.00,0.00,0.00,-0.00,0.00,0.00,0.00,0.00,0.00,-0.00,0.00,0.00,0
2.88773,29,-11,167,0,DRIVE [ 16 ] [ 1 ] [ 1574 1901 1638 ] [    0    0    0 ] [      0      0      0 ] [ 0 ],drive [ 15 ] [ 0 ] [ 1571 1901 1645 ] [   33   13   41 ] [  11011   5621   8988 ] [ 0 ],1.10,1.10,1.10,1.10,32.40,-12.32,0.00,0.00,0.00,0.00,0.00,0.00,-0.00,0.00,0.00,0.00,0.00,0.00,-0.00,0.00,0.00,0
2.89833,29,-12,166,0,DRIVE [ 16 ] [ 1 ] [ 1576 1901 1630 ] [    0    0    0 ] [      0      0      0 ] [ 0 ],drive [ 16 ] [ 0 ] [ 1574 1901 1638 ] [   33   13   41 ] [  11008   5624   8989 ] [ 0 ],1.10,1.10,1.10,1.10,32.08,-12.90,0.00,0.00,0.00,0.00,0.00,0.00,-0.00,0.00,0.00,0.00,0.00,0.00,-0.00,0.00,0.00,0
2.9092,29,-12,164,0,DRIVE [ 17 ] [ 1 ] [ 1578 1901 1622 ] [    0    0    0 ] [      0      0      0 ] [ 0 ],drive [ 16 ] [ 0 ] [ 1576 1901 1630 ] [   33   13   41 ] [  11008   5624   8989 ] [ 0 ],1.10,1.10,1.10,1.10,31.90,-13.54,0.00,0.00,0.00,0.00,0.00,0.00,-0.00,0.00,0.00,0.00,0.00,0.00,-0.00,0.00,0.00,0
2.91966,29,-13,163,0,DRIVE [ 17 ] [ 1 ] [ 1579 1901 1614 ] [    0    0    0 ] [      0      0      0 ] [ 0 ],drive [ 17 ] [ 0 ] [ 1578 1901 1622 ] [   32   10   44 ] [  11008   5624   8989 ] [ 0 ],1.10,1.10,1.10,1.10,31.74,-14.12,0.00,0.00,0.00,0.00,0.00,0.00,-0.00,0.00,0.00,0.00,0.00,0.00,-0.00,0.00,0.00,0
2.92989,29,-13,161,0,DRIVE [ 18 ] [ 1 ] [ 1580 1901 1606 ] [    0    0    0 ] [      0      0      0 ] [ 0 ],drive [ 17 ] [ 0 ] [ 1579 1901 1614 ] [   32   10   44 ] [  11008   5624   8989 ] [ 0 ],1.10,1.10,1.10,1.10,31.66,-14.71,0.00,0.00,0.00,0.00,0.00,0.00,-0.00,0.00,0.00,0.00,0.00,0.00,-0.00,0.00,0.00,0
2.94096,29,-14,160,0,DRIVE [ 18 ] [ 1 ] [ 1580 1901 1597 ] [    0    0    0 ] [      0      0      0 ] [ 0 ],drive [ 18 ] [ 0 ] [ 1580 1901 1606 ] [   32   10   44 ] [  11008   5624   8989 ] [ 0 ],1.10,1.10,1.10,1.10,31.61,-15.28,0.00,0.00,0.00,0.00,0.00,0.00,-0.00,0.00,0.00,0.00,0.00,0.00,-0.00,0.00,0.00,0
2.95142,29,-14,159,0,DRIVE [ 19 ] [ 1 ] [ 1579 1901 1588 ] [    0    0    0 ] [      0      0      0 ] [ 0 ],drive [ 18 ] [ 0 ] [ 1580 1901 1597 ] [   32   10   44 ] [  11003   5624   9015 ] [ 0 ],1.10,1.10,1.10,1.10,31.66,-15.84,0.00,0.00,0.00,0.00,0.00,0.00,-0.00,0.00,0.00,0.00,0.00,0.00,-0.00,0.00,0.00,0
2.96176,29,-15,157,0,DRIVE [ 19 ] [ 1 ] [ 1577 1901 1580 ] [    0    0    0 ] [      0      0      0 ] [ 0 ],drive [ 19 ] [ 0 ] [ 1579 1901 1588 ] [   33   10   43 ] [  11003   5624   9015 ] [ 0 ],1.10,1.10,1.10,1.10,31.66,-16.30,0.00,0.00,0.00,0.00,0.00,0.00,-0.00,0.00,0.00,0.00,0.00,0.00,-0.00,0.00,0.00,0
2.97219,29,-15,156,0,DRIVE [ 20 ] [ 1 ] [ 1576 1901 1572 ] [    0    0    0 ] [      0      0      0 ] [ 0 ],drive [ 19 ] [ 0 ] [ 1577 1901 1580 ] [   33   10   43 ] [  11003   5624   9015 ] [ 0 ],1.10,1.10,1.10,1.10,31.72,-16.74,0.00,0.00,0.00,0.00,0.00,0.00,-0.00,0.00,0.00,0.00,0.00,0.00,0.00,0.00,0.00,0
2.98285,29,-16,155,0,DRIVE [ 20 ] [ 1 ] [ 1573 1901 1564 ] [    0    0    0 ] [      0      0      0 ] [ 0 ],drive [ 20 ] [ 0 ] [ 1576 1901 1572 ] [   33   10   43 ] [  11003   5624   9015 ] [ 0 ],1.10,1.10,1.10,1.10,31.79,-17.15,0.00,0.00,0.00,0.00,0.00,0.00,-0.00,0.00,0.00,0.00,0.00,0.00,0.00,0.00,0.00,0
2.99484,29,-16,153,0,DRIVE [ 21 ] [ 1 ] [ 1570 1901 1555 ] [    0    0    0 ] [      0      0      0 ] [ 0 ],drive [ 20 ] [ 0 ] [ 1573 1901 1564 ] [   33   10   43 ] [  11003   5624   9015 ] [ 0 ],1.10,1.10,1.10,1.10,31.95,-17.63,0.00,0.00,0.00,0.00,0.00,0.00,-0.00,0.00,0.00,0.00,0.00,0.00,0.00,0.00,0.00,0
3.00562,29,-16,152,0,DRIVE [ 21 ] [ 1 ] [ 1568 1901 1546 ] [    0    0    0 ] [      0      0      0 ] [ 0 ],drive [ 21 ] [ 0 ] [ 1570 1901 1555 ] [   33   10   43 ] [  11001   5624   9058 ] [ 0 ],1.10,1.10,1.10,1.10,32.11,-18.14,0.00,0.00,0.00,0.00,0.00,0.00,-0.00,0.00,0.00,0.00,0.00,0.00,0.00,0.00,0.00,0
3.01638,29,-17,151,0,DRIVE [ 22 ] [ 1 ] [ 1565 1901 1537 ] [    0    0    0 ] [      0      0      0 ] [ 0 ],drive [ 21 ] [ 0 ] [ 1568 1901 1546 ] [   35   11   36 ] [  11001   5624   9058 ] [ 0 ],1.10,1.10,1.10,1.10,32.19,-18.55,0.00,0.00,0.00,0.00,0.00,0.00,-0.00,0.00,0.00,0.00,0.00,0.00,0.00,0.00,0.00,0
3.02689,29,-17,149,0,DRIVE [ 22 ] [ 1 ] [ 1562 1901 1530 ] [    0    0    0 ] [      0      0      0 ] [ 0 ],drive [ 22 ] [ 0 ] [ 1565 1901 1537 ] [   35   11   36 ] [  11001   5624   9058 ] [ 0 ],1.10,1.10,1.10,1.10,32.27,-18.81,0.00,0.00,0.00,0.00,0.00,0.00,-0.00,0.00,0.00,0.00,0.00,0.00,0.00,0.00,0.00,0
3.03774,29,-17,148,0,DRIVE [ 23 ] [ 1 ] [ 1558 1901 1525 ] [    0    0    0 ] [      0      0      0 ] [ 0 ],drive [ 22 ] [ 0 ] [ 1562 1901 1530 ] [   35   11   36 ] [  11001   5624   9058 ] [ 0 ],1.10,1.10,1.10,1.10,32.34,-18.95,0.00,0.00,0.00,0.00,0.00,0.00,-0.00,0.00,0.00,0.00,0.00,0.00,0.00,0.00,0.00,0
3.04886,30,-17,147,0,DRIVE [ 23 ] [ 1 ] [ 1555 1901 1522 ] [    0    0    0 ] [      0      0      0 ] [ 0 ],drive [ 23 ] [ 0 ] [ 1558 1901 1525 ] [   35   11   36 ] [  10992   5621   9132 ] [ 0 ],1.10,1.10,1.10,1.10,32.46,-18.99,0.00,0.00,0.00,0.00,0.00,0.00,-0.00,0.00,0.00,0.00,0.00,0.00,0.00,0.00,0.00,0
3.06098,30,-17,146,0,DRIVE [ 24 ] [ 1 ] [ 1550 1901 1520 ] [    0    0    0 ] [      0      0      0 ] [ 0 ],drive [ 23 ] [ 0 ] [ 1555 1901 1522 ] [   35   11   36 ] [  10992   5621   9132 ] [ 0 ],1.10,1.10,1.10,1.10,32.49,-18.80,0.00,0.00,0.00,0.00,0.00,0.00,-0.00,0.00,0.00,0.00,0.00,0.00,0.00,0.00,0.00,0
3.07169,30,-17,145,0,DRIVE [ 24 ] [ 1 ] [ 1546 1901 1521 ] [    0    0    0 ] [      0      0      0 ] [ 0 ],drive [ 24 ] [ 0 ] [ 1550 1901 1520 ] [   39   13   36 ] [  10992   5621   9132 ] [ 0 ],1.10,1.10,1.10,1.10,32.58,-18.51,0.00,0.00,0.00,0.00,0.00,0.00,-0.00,0.00,0.00,0.00,0.00,0.00,0.00,0.00,0.00,0
3.0842,30,-16,143,0,DRIVE [ 25 ] [ 1 ] [ 1541 1901 1524 ] [    0    0    0 ] [      0      0      0 ] [ 0 ],drive [ 24 ] [ 0 ] [ 1546 1901 1521 ] [   39   13   36 ] [  10992   5621   9132 ] [ 0 ],1.10,1.10,1.10,1.10,32.65,-18.00,0.00,0.00,0.00,0.00,0.00,0.00,-0.00,0.00,0.00,0.00,0.00,0.00,0.00,0.00,0.00,0
3.09446,30,-16,143,0,DRIVE [ 25 ] [ 1 ] [ 1535 1901 1528 ] [    0    0    0 ] [      0      0      0 ] [ 0 ],drive [ 25 ] [ 0 ] [ 1541 1901 1524 ] [   39   13   36 ] [  10992   5621   9132 ] [ 0 ],1.10,1.10,1.10,1.10,32.73,-17.51,0.00,0.00,0.00,0.00,0.00,0.00,-0.00,0.00,0.00,0.00,0.00,0.00,0.00,0.00,0.00,0
3.10458,30,-15,141,0,DRIVE [ 26 ] [ 1 ] [ 1530 1901 1532 ] [    0    0    0 ] [      0      0      0 ] [ 0 ],drive [ 25 ] [ 0 ] [ 1535 1901 1528 ] [   39   13   36 ] [  10991   5620   9197 ] [ 0 ],1.10,1.10,1.10,1.10,32.81,-16.90,0.00,0.00,0.00,0.00,0.00,0.00,-0.00,0.00,0.00,0.00,0.00,0.00,0.00,0.00,0.00,0
3.11542,30,-15,140,0,DRIVE [ 26 ] [ 1 ] [ 1523 1901 1538 ] [    0    0    0 ] [      0      0      0 ] [ 0 ],drive [ 26 ] [ 0 ] [ 1530 1901 1532 ] [   39   12   37 ] [  10991   5620   9197 ] [ 0 ],1.10,1.10,1.10,1.10,32.87,-16.19,0.00,0.00,0.00,0.00,0.00,0.00,-0.00,0.00,0.00,0.00,0.00,0.00,0.00,0.00,0.00,0
3.12562,30,-14,139,0,DRIVE [ 27 ] [ 1 ] [ 1516 1901 1545 ] [    0    0    0 ] [      0      0      0 ] [ 0 ],drive [ 26 ] [ 0 ] [ 1523 1901 1538 ] [   39   12   37 ] [  10991   5620   9197 ] [ 0 ],1.10,1.10,1.10,1.10,32.99,-15.41,0.00,0.00,0.00,0.00,0.00,0.00,-0.00,0.00,0.00,0.00,0.00,0.00,-0.00,0.00,0.00,0
3.13592,30,-13,138,0,DRIVE [ 27 ] [ 1 ] [ 1507 1901 1553 ] [    0    0    0 ] [      0      0      0 ] [ 0 ],drive [ 27 ] [ 0 ] [ 1516 1901 1545 ] [   39   12   37 ] [  10991   5620   9197 ] [ 0 ],1.10,1.10,1.10,1.10,33.07,-14.51,0.00,0.00,0.00,0.00,0.00,0.00,-0.00,0.00,0.00,0.00,0.00,0.00,-0.00,0.00,0.00,0
3.14645,30,-12,137,0,DRIVE [ 28 ] [ 1 ] [ 1498 1901 1562 ] [    0    0    0 ] [      0      0      0 ] [ 0 ],drive [ 27 ] [ 0 ] [ 1507 1901 1553 ] [   39   12   37 ] [  10993   5620   9197 ] [ 0 ],1.10,1.10,1.10,1.10,33.16,-13.51,0.00,0.00,0.00,0.00,0.00,0.00,-0.00,0.00,0.00,0.00,0.00,0.00,-0.00,0.00,0.00,0
3.1567,30,-11,136,0,DRIVE [ 28 ] [ 1 ] [ 1488 1901 1572 ] [    0    0    0 ] [      0      0      0 ] [ 0 ],drive [ 28 ] [ 0 ] [ 1498 1901 1562 ] [   39   12   37 ] [  10993   5620   9197 ] [ 0 ],1.10,1.10,1.10,1.10,33.36,-12.48,0.00,0.00,0.00,0.00,0.00,0.00,-0.00,0.00,0.00,0.00,0.00,0.00,-0.00,0.00,0.00,0
3.16747,30,-10,135,0,DRIVE [ 29 ] [ 1 ] [ 1477 1901 1582 ] [    0    0    0 ] [      0      0      0 ] [ 0 ],drive [ 28 ] [ 0 ] [ 1488 1901 1572 ] [   41   14   34 ] [  10993   5620   9197 ] [ 0 ],1.10,1.10,1.10,1.10,33.55,-11.38,0.00,0.00,0.00,0.00,0.00,0.00,-0.00,0.00,0.00,0.00,0.00,0.00,-0.00,0.00,0.00,0
3.17816,31,-9,135,0,DRIVE [ 29 ] [ 1 ] [ 1465 1901 1593 ] [    0    0    0 ] [      0      0      0 ] [ 0 ],drive [ 29 ] [ 0 ] [ 1477 1901 1582 ] [   41   14   34 ] [  10993   5620   9197 ] [ 0 ],1.10,1.10,1.10,1.10,33.84,-10.24,0.00,0.00,0.00,0.00,0.00,0.00,-0.00,0.00,0.00,0.00,0.00,0.00,-0.00,0.00,0.00,0
3.18847,31,-8,134,0,DRIVE [ 30 ] [ 1 ] [ 1451 1901 1604 ] [    0    0    0 ] [      0      0      0 ] [ 0 ],drive [ 29 ] [ 0 ] [ 1465 1901 1593 ] [   41   14   34 ] [  10993   5620   9197 ] [ 0 ],1.10,1.10,1.10,1.10,34.07,-9.03,0.00,0.00,0.00,0.00,0.00,0.00,-0.00,0.00,0.00,0.00,0.00,0.00,-0.00,0.00,0.00,0
3.19855,31,-7,133,0,DRIVE [ 30 ] [ 1 ] [ 1437 1901 1616 ] [    0    0    0 ] [      0      0      0 ] [ 0 ],drive [ 30 ] [ 0 ] [ 1451 1901 1604 ] [   41   14   34 ] [  10996   5620   9196 ] [ 0 ],1.10,1.10,1.10,1.10,34.28,-7.76,0.00,0.00,0.00,0.00,0.00,0.00,-0.00,0.00,0.00,0.00,0.00,0.00,-0.00,0.00,0.00,0
3.21059,31,-6,132,0,DRIVE [ 31 ] [ 1 ] [ 1422 1901 1627 ] [    0    0    0 ] [      0      0      0 ] [ 0 ],drive [ 30 ] [ 0 ] [ 1437 1901 1616 ] [   41   14   34 ] [  10996   5620   9196 ] [ 0 ],1.10,1.10,1.10,1.10,34.52,-6.49,0.00,0.00,0.00,0.00,0.00,0.00,-0.00,0.00,0.00,0.00,0.00,0.00,-0.00,0.00,0.00,0
3.2228,32,-5,131,0,DRIVE [ 31 ] [ 1 ] [ 1405 1901 1637 ] [    0    0    0 ] [      0      0      0 ] [ 0 ],drive [ 31 ] [ 0 ] [ 1422 1901 1627 ] [   46   13   29 ] [  10996   5620   9196 ] [ 0 ],1.10,1.10,1.10,1.10,34.76,-5.27,0.00,0.00,0.00,0.00,0.00,0.00,-0.00,0.00,0.00,0.00,0.00,0.00,-0.00,0.00,0.00,0
3.23328,32,-4,130,0,DRIVE [ 32 ] [ 1 ] [ 1389 1901 1647 ] [    0    0    0 ] [      0      0      0 ] [ 0 ],drive [ 31 ] [ 0 ] [ 1405 1901 1637 ] [   46   13   29 ] [  10996   5620   9196 ] [ 0 ],1.10,1.10,1.10,1.10,35.04,-4.14,0.00,0.00,0.00,0.00,0.00,0.00,-0.00,0.00,0.00,0.00,0.00,0.00,0.00,0.00,0.00,0
3.24395,32,-3,130,0,DRIVE [ 32 ] [ 1 ] [ 1374 1901 1655 ] [    0    0    0 ] [      0      0      0 ] [ 0 ],drive [ 32 ] [ 0 ] [ 1389 1901 1647 ] [   46   13   29 ] [  10996   5620   9196 ] [ 0 ],1.10,1.10,1.10,1.10,35.29,-3.09,0.00,0.00,0.00,0.00,0.00,0.00,-0.00,0.00,0.00,0.00,0.00,0.00,0.00,0.00,0.00,0
3.25453,32,-2,129,0,DRIVE [ 33 ] [ 1 ] [ 1359 1901 1662 ] [    0    0    0 ] [      0      0      0 ] [ 0 ],drive [ 32 ] [ 0 ] [ 1374 1901 1655 ] [   46   13   29 ] [  11004   5620   9190 ] [ 0 ],1.10,1.10,1.10,1.10,35.48,-2.18,0.00,0.00,0.00,0.00,0.00,0.00,-0.00,0.00,0.00,0.00,0.00,0.00,0.00,0.00,0.00,0
3.26632,33,-1,128,0,DRIVE [ 33 ] [ 1 ] [ 1343 1901 1667 ] [    0    0    0 ] [      0      0      0 ] [ 0 ],drive [ 33 ] [ 0 ] [ 1359 1901 1662 ] [   50   13   25 ] [  11004   5620   9190 ] [ 0 ],1.10,1.10,1.10,1.10,35.76,-1.37,0.00,0.00,0.00,0.00,0.00,0.00,-0.00,0.00,0.00,0.00,0.00,0.00,0.00,0.00,0.00,0
3.2785,33,-1,127,0,DRIVE [ 34 ] [ 1 ] [ 1329 1901 1672 ] [    0    0    0 ] [      0      0      0 ] [ 0 ],drive [ 33 ] [ 0 ] [ 1343 1901 1667 ] [   50   13   25 ] [  11004   5620   9190 ] [ 0 ],1.10,1.10,1.10,1.10,36.06,-0.66,0.00,0.00,0.00,0.00,0.00,0.00,-0.00,0.00,0.00,0.00,0.00,0.00,0.00,0.00,0.00,0
3.29052,33,0,126,0,DRIVE [ 34 ] [ 1 ] [ 1314 1901 1676 ] [    0    0    0 ] [      0      0      0 ] [ 0 ],drive [ 34 ] [ 0 ] [ 1329 1901 1672 ] [   50   13   25 ] [  11004   5620   9190 ] [ 0 ],1.10,1.10,1.10,1.10,36.34,0.01,0.00,0.00,0.00,0.00,0.00,0.00,-0.00,0.00,0.00,0.00,0.00,0.00,0.00,0.00,0.00,0
3.30047,33,1,126,0,DRIVE [ 35 ] [ 1 ] [ 1300 1901 1679 ] [    0    0    0 ] [      0      0      0 ] [ 0 ],drive [ 34 ] [ 0 ] [ 1314 1901 1676 ] [   50   13   25 ] [  11016   5620   9176 ] [ 0 ],1.10,1.10,1.10,1.10,36.60,0.65,0.00,0.00,0.00,0.00,0.00,0.00,-0.00,0.00,0.00,0.00,0.00,0.00,0.00,0.00,0.00,0
3.31102,34,1,125,0,DRIVE [ 35 ] [ 1 ] [ 1286 1901 1683 ] [    0    0    0 ] [      0      0      0 ] [ 0 ],drive [ 35 ] [ 0 ] [ 1300 1901 1679 ] [   63   12   26 ] [  11016   5620   9176 ] [ 0 ],1.10,1.10,1.10,1.10,36.85,1.25,0.00,0.00,0.00,0.00,0.00,0.00,-0.00,0.00,0.00,0.00,0.00,0.00,0.00,0.00,0.00,0
3.3224,34,2,124,0,DRIVE [ 36 ] [ 1 ] [ 1271 1901 1686 ] [    0    0    0 ] [      0      0      0 ] [ 0 ],drive [ 35 ] [ 0 ] [ 1286 1901 1683 ] [   63   12   26 ] [  11016   5620   9176 ] [ 0 ],1.10,1.10,1.10,1.10,37.10,1.85,0.00,0.00,0.00,0.00,0.00,0.00,-0.00,0.00,0.00,0.00,0.00,0.00,0.00,0.00,0.00,0
3.33455,34,2,123,0,DRIVE [ 36 ] [ 1 ] [ 1257 1901 1689 ] [    0    0    0 ] [      0      0      0 ] [ 0 ],drive [ 36 ] [ 0 ] [ 1271 1901 1686 ] [   63   12   26 ] [  11016   5620   9176 ] [ 0 ],1.10,1.10,1.10,1.10,37.32,2.40,0.00,0.00,0.00,0.00,0.00,0.00,-0.00,0.00,0.00,0.00,0.00,0.00,0.00,0.00,0.00,0
3.3464,34,3,122,0,DRIVE [ 37 ] [ 1 ] [ 1243 1901 1691 ] [    0    0    0 ] [      0      0      0 ] [ 0 ],drive [ 36 ] [ 0 ] [ 1257 1901 1689 ] [   63   12   26 ] [  11016   5620   9176 ] [ 0 ],1.10,1.10,1.10,1.10,37.51,2.94,0.00,0.00,0.00,0.00,0.00,0.00,-0.00,0.00,0.00,0.00,0.00,0.00,0.00,0.00,0.00,0
3.35827,34,3,122,0,DRIVE [ 37 ] [ 1 ] [ 1231 1901 1694 ] [    0    0    0 ] [      0      0      0 ] [ 0 ],drive [ 37 ] [ 0 ] [ 1243 1901 1691 ] [   63   12   26 ] [  11036   5620   9174 ] [ 0 ],1.10,1.10,1.10,1.10,37.69,3.45,0.00,0.00,0.00,0.00,0.00,0.00,-0.00,0.00,0.00,0.00,0.00,0.00,0.00,0.00,0.00,0
3.36843,34,4,121,0,DRIVE [ 38 ] [ 1 ] [ 1220 1901 1697 ] [    0    0    0 ] [      0      0      0 ] [ 0 ],drive [ 37 ] [ 0 ] [ 1231 1901 1694 ] [   64   14   32 ] [  11036   5620   9174 ] [ 0 ],1.10,1.10,1.10,1.10,37.81,3.90,0.00,0.00,0.00,0.00,0.00,0.00,-0.00,0.00,0.00,0.00,0.00,0.00,0.00,0.00,0.00,0
3.379,34,4,120,0,DRIVE [ 38 ] [ 1 ] [ 1211 1901 1699 ] [    0    0    0 ] [      0      0      0 ] [ 0 ],drive [ 38 ] [ 0 ] [ 1220 1901 1697 ] [   64   14   32 ] [  11036   5620   9174 ] [ 0 ],1.10,1.10,1.10,1.10,37.81,4.22,0.00,0.00,0.00,0.00,0.00,0.00,-0.00,0.00,0.00,0.00,0.00,0.00,0.00,0.00,0.00,0
3.39181,34,4,119,0,DRIVE [ 39 ] [ 1 ] [ 1205 1901 1701 ] [    0    0    0 ] [      0      0      0 ] [ 0 ],drive [ 38 ] [ 0 ] [ 1211 1901 1699 ] [   64   14   32 ] [  11036   5620   9174 ] [ 0 ],1.10,1.10,1.10,1.10,37.77,4.49,0.00,0.00,0.00,0.00,0.00,0.00,-0.00,0.00,0.00,0.00,0.00,0.00,0.00,0.00,0.00,0
3.40386,34,4,119,0,DRIVE [ 39 ] [ 1 ] [ 1200 1901 1703 ] [    0    0    0 ] [      0      0      0 ] [ 0 ],drive [ 39 ] [ 0 ] [ 1205 1901 1701 ] [   64   14   32 ] [  11289   5617   9098 ] [ 0 ],1.10,1.10,1.10,1.10,37.67,4.74,0.00,0.00,0.00,0.00,0.00,0.00,-0.00,0.00,0.00,0.00,0.00,0.00,0.00,0.00,0.00,0
3.41467,34,5,118,0,DRIVE [ 40 ] [ 1 ] [ 1194 1901 1706 ] [    0    0    0 ] [      0      0      0 ] [ 0 ],drive [ 39 ] [ 0 ] [ 1200 1901 1703 ] [   82   18   27 ] [  11289   5617   9098 ] [ 0 ],1.10,1.10,1.10,1.10,37.53,5.04,0.00,0.00,0.00,0.00,0.00,0.00,-0.00,0.00,0.00,0.00,0.00,0.00,0.00,0.00,0.00,0
3.42638,34,5,117,0,DRIVE [ 40 ] [ 1 ] [ 1189 1901 1709 ] [    0    0    0 ] [      0      0      0 ] [ 0 ],drive [ 40 ] [ 0 ] [ 1194 1901 1706 ] [   82   18   27 ] [  11289   5617   9098 ] [ 0 ],1.10,1.10,1.10,1.10,37.39,5.34,0.00,0.00,0.00,0.00,0.00,0.00,-0.00,0.00,0.00,0.00,0.00,0.00,0.00,0.00,0.00,0
3.43791,34,5,117,0,DRIVE [ 41 ] [ 1 ] [ 1183 1901 1712 ] [    0    0    0 ] [      0      0      0 ] [ 0 ],drive [ 40 ] [ 0 ] [ 1189 1901 1709 ] [   82   18   27 ] [  11289   5617   9098 ] [ 0 ],1.10,1.10,1.10,1.10,37.22,5.67,0.00,0.00,0.00,0.00,0.00,0.00,-0.00,0.00,0.00,0.00,0.00,0.00,0.00,0.00,0.00,0
3.44844,34,5,116,0,DRIVE [ 41 ] [ 1 ] [ 1175 1901 1716 ] [    0    0    0 ] [      0      0      0 ] [ 0 ],drive [ 41 ] [ 0 ] [ 1183 1901 1712 ] [   82   18   27 ] [  11387   5599   9057 ] [ 0 ],1.10,1.10,1.10,1.10,37.13,6.04,0.00,0.00,0.00,0.00,0.00,0.00,-0.00,0.00,0.00,0.00,0.00,0.00,0.00,0.00,0.00,0
3.45813,34,6,115,0,DRIVE [ 42 ] [ 1 ] [ 1167 1901 1719 ] [    0    0    0 ] [      0      0      0 ] [ 0 ],drive [ 41 ] [ 0 ] [ 1175 1901 1716 ] [   82   18   27 ] [  11387   5599   9057 ] [ 0 ],1.10,1.10,1.10,1.10,37.03,6.42,0.00,0.00,0.00,0.00,0.00,0.00,-0.00,0.00,0.00,0.00,0.00,0.00,0.00,0.00,0.00,0
3.47034,34,6,114,0,DRIVE [ 42 ] [ 1 ] [ 1158 1901 1722 ] [    0    0    0 ] [      0      0      0 ] [ 0 ],drive [ 42 ] [ 0 ] [ 1167 1901 1719 ] [   95   24   25 ] [  11387   5599   9057 ] [ 0 ],1.10,1.10,1.10,1.10,36.97,6.80,0.00,0.00,0.00,0.00,0.00,0.00,-0.00,0.00,0.00,0.00,0.00,0.00,0.00,0.00,0.00,0
3.48249,34,7,114,0,DRIVE [ 43 ] [ 1 ] [ 1150 1901 1726 ] [    0    0    0 ] [      0      0      0 ] [ 0 ],drive [ 42 ] [ 0 ] [ 1158 1901 1722 ] [   95   24   25 ] [  11387   5599   9057 ] [ 0 ],1.10,1.10,1.10,1.10,36.90,7.15,0.00,0.00,0.00,0.00,0.00,0.00,-0.00,0.00,0.00,0.00,0.00,0.00,0.00,0.00,0.00,0
3.49278,33,7,113,0,DRIVE [ 43 ] [ 1 ] [ 1145 1901 1728 ] [    0    0    0 ] [      0      0      0 ] [ 0 ],drive [ 43 ] [ 0 ] [ 1150 1901 1726 ] [   95   24   25 ] [  11387   5599   9057 ] [ 0 ],1.10,1.10,1.10,1.10,36.74,7.39,0.00,0.00,0.00,0.00,0.00,0.00,-0.00,0.00,0.00,0.00,0.00,0.00,0.00,0.00,0.00,0
3.50473,33,7,113,0,DRIVE [ 44 ] [ 1 ] [ 1139 1901 1731 ] [    0    0    0 ] [      0      0      0 ] [ 0 ],drive [ 43 ] [ 0 ] [ 1145 1901 1728 ] [   95   24   25 ] [  11493   5599   9035 ] [ 0 ],1.10,1.10,1.10,1.10,36.60,7.65,0.00,0.00,0.00,0.00,0.00,0.00,-0.00,0.00,0.00,0.00,0.00,0.00,0.00,0.00,0.00,0
3.51656,33,7,112,0,DRIVE [ 44 ] [ 1 ] [ 1135 1901 1733 ] [    0    0    0 ] [      0      0      0 ] [ 0 ],drive [ 44 ] [ 0 ] [ 1139 1901 1731 ] [   91   23   42 ] [  11493   5599   9035 ] [ 0 ],1.10,1.10,1.10,1.10,36.40,7.82,0.00,0.00,0.00,0.00,0.00,0.00,-0.00,0.00,0.00,0.00,0.00,0.00,0.00,0.00,0.00,0
3.52669,33,7,111,0,DRIVE [ 45 ] [ 1 ] [ 1134 1901 1733 ] [    0    0    0 ] [      0      0      0 ] [ 0 ],drive [ 44 ] [ 0 ] [ 1135 1901 1733 ] [   91   23   42 ] [  11493   5599   9035 ] [ 0 ],1.10,1.10,1.10,1.10,36.21,7.84,0.00,0.00,0.00,0.00,0.00,0.00,-0.00,0.00,0.00,0.00,0.00,0.00,0.00,0.00,0.00,0
3.53948,33,7,111,0,DRIVE [ 45 ] [ 1 ] [ 1137 1901 1732 ] [    0    0    0 ] [      0      0      0 ] [ 0 ],drive [ 45 ] [ 0 ] [ 1134 1901 1733 ] [   91   23   42 ] [  11493   5599   9035 ] [ 0 ],1.10,1.10,1.10,1.10,35.94,7.67,0.00,0.00,0.00,0.00,0.00,0.00,-0.00,0.00,0.00,0.00,0.00,0.00,0.00,0.00,0.00,0
3.55049,32,7,110,0,DRIVE [ 46 ] [ 1 ] [ 1143 1901 1731 ] [    0    0    0 ] [      0      0      0 ] [ 0 ],drive [ 45 ] [ 0 ] [ 1137 1901 1732 ] [   91   23   42 ] [  11710   5600   8903 ] [ 0 ],1.10,1.10,1.10,1.10,35.63,7.38,0.00,0.00,0.00,0.00,0.00,0.00,-0.00,0.00,0.00,0.00,0.00,0.00,0.00,0.00,0.00,0
3.5605,32,6,109,0,DRIVE [ 46 ] [ 1 ] [ 1151 1901 1728 ] [    0    0    0 ] [      0      0      0 ] [ 0 ],drive [ 46 ] [ 0 ] [ 1143 1901 1731 ] [   84   24   16 ] [  11710   5600   8903 ] [ 0 ],1.10,1.10,1.10,1.10,35.29,6.96,0.00,0.00,0.00,0.00,0.00,0.00,-0.00,0.00,0.00,0.00,0.00,0.00,-0.00,-0.00,0.00,0
3.57082,32,6,109,0,DRIVE [ 47 ] [ 1 ] [ 1161 1901 1724 ] [    0    0    0 ] [      0      0      0 ] [ 0 ],drive [ 46 ] [ 0 ] [ 1151 1901 1728 ] [   84   24   16 ] [  11710   5600   8903 ] [ 0 ],1.10,1.10,1.10,1.10,34.92,6.51,0.00,0.00,0.00,0.00,0.00,0.00,-0.00,0.00,0.00,0.00,0.00,0.00,-0.00,-0.00,0.00,0
3.58257,31,5,108,0,DRIVE [ 47 ] [ 1 ] [ 1172 1901 1721 ] [    0    0    0 ] [      0      0      0 ] [ 0 ],drive [ 47 ] [ 0 ] [ 1161 1901 1724 ] [   84   24   16 ] [  11710   5600   8903 ] [ 0 ],1.10,1.10,1.10,1.10,34.54,6.01,0.00,0.00,0.00,0.00,0.00,0.00,-0.00,0.00,0.00,0.00,0.00,0.00,-0.00,-0.00,0.00,0
3.59435,31,5,108,0,DRIVE [ 48 ] [ 1 ] [ 1182 1901 1717 ] [    0    0    0 ] [      0      0      0 ] [ 0 ],drive [ 47 ] [ 0 ] [ 1172 1901 1721 ] [   84   24   16 ] [  11710   5600   8903 ] [ 0 ],1.10,1.10,1.10,1.10,34.16,5.54,0.00,0.00,0.00,0.00,0.00,0.00,-0.00,0.00,0.00,0.00,0.00,0.00,-0.00,-0.00,0.00,0
3.60619,31,5,107,0,DRIVE [ 48 ] [ 1 ] [ 1192 1901 1713 ] [    0    0    0 ] [      0      0      0 ] [ 0 ],drive [ 48 ] [ 0 ] [ 1182 1901 1717 ] [   84   24   16 ] [  11914   5601   8800 ] [ 0 ],1.10,1.10,1.10,1.10,33.80,5.06,0.00,0.00,0.00,0.00,0.00,0.00,-0.00,0.00,0.00,0.00,0.00,0.00,-0.00,-0.00,0.00,0
3.61711,30,4,107,0,DRIVE [ 49 ] [ 1 ] [ 1201 1901 1710 ] [    0    0    0 ] [      0      0      0 ] [ 0 ],drive [ 48 ] [ 0 ] [ 1192 1901 1713 ] [   67   24   36 ] [  11914   5601   8800 ] [ 0 ],1.10,1.10,1.10,1.10,33.44,4.60,0.00,0.00,0.00,0.00,0.00,0.00,-0.00,0.00,0.00,0.00,0.00,0.00,-0.00,-0.00,0.00,0
3.62716,30,4,106,0,DRIVE [ 49 ] [ 1 ] [ 1210 1901 1706 ] [    0    0    0 ] [      0      0      0 ] [ 0 ],drive [ 49 ] [ 0 ] [ 1201 1901 1710 ] [   67   24   36 ] [  11914   5601   8800 ] [ 0 ],1.10,1.10,1.10,1.10,33.05,4.14,0.00,0.00,0.00,0.00,0.00,0.00,-0.00,0.00,0.00,0.00,0.00,0.00,-0.00,-0.00,0.00,0
3.6382,30,3,105,0,DRIVE [ 50 ] [ 1 ] [ 1219 1901 1701 ] [    0    0    0 ] [      0      0      0 ] [ 0 ],drive [ 49 ] [ 0 ] [ 1210 1901 1706 ] [   67   24   36 ] [  11914   5601   8800 ] [ 0 ],1.10,1.10,1.10,1.10,32.72,3.66,0.00,0.00,0.00,0.00,0.00,0.00,-0.00,0.00,0.00,0.00,0.00,0.00,-0.00,-0.00,0.00,0
3.65079,29,3,105,0,DRIVE [ 50 ] [ 1 ] [ 1229 1901 1696 ] [    0    0    0 ] [      0      0      0 ] [ 0 ],drive [ 50 ] [ 0 ] [ 1219 1901 1701 ] [   67   24   36 ] [  11918   5601   8776 ] [ 0 ],1.10,1.10,1.10,1.10,32.43,3.12,0.00,0.00,0.00,0.00,0.00,0.00,-0.00,0.00,0.00,0.00,0.00,0.00,-0.00,-0.00,0.00,0
3.66221,29,2,104,0,DRIVE [ 51 ] [ 1 ] [ 1238 1901 1690 ] [    0    0    0 ] [      0      0      0 ] [ 0 ],drive [ 50 ] [ 0 ] [ 1229 1901 1696 ] [   63   22   35 ] [  11918   5601   8776 ] [ 0 ],1.10,1.10,1.10,1.10,32.14,2.53,0.00,0.00,0.00,0.00,0.00,0.00,-0.00,0.00,0.00,0.00,0.00,0.00,-0.00,-0.00,0.00,0
3.67448,29,2,103,0,DRIVE [ 51 ] [ 1 ] [ 1248 1901 1683 ] [    0    0    0 ] [      0      0      0 ] [ 0 ],drive [ 51 ] [ 0 ] [ 1238 1901 1690 ] [   63   22   35 ] [  11918   5601   8776 ] [ 0 ],1.10,1.10,1.10,1.10,31.87,1.91,0.00,0.00,0.00,0.00,0.00,0.00,-0.00,0.00,0.00,0.00,0.00,0.00,-0.00,-0.00,0.00,0
3.68462,29,1,103,0,DRIVE [ 52 ] [ 1 ] [ 1258 1901 1676 ] [    0    0    0 ] [      0      0      0 ] [ 0 ],drive [ 51 ] [ 0 ] [ 1248 1901 1683 ] [   63   22   35 ] [  11918   5601   8776 ] [ 0 ],1.10,1.10,1.10,1.10,31.60,1.28,0.00,0.00,0.00,0.00,0.00,0.00,-0.00,0.00,0.00,0.00,0.00,0.00,-0.00,-0.00,0.00,0
3.69488,28,1,102,0,DRIVE [ 52 ] [ 1 ] [ 1268 1901 1668 ] [    0    0    0 ] [      0      0      0 ] [ 0 ],drive [ 52 ] [ 0 ] [ 1258 1901 1676 ] [   63   22   35 ] [  11918   5601   8776 ] [ 0 ],1.10,1.10,1.10,1.10,31.30,0.60,0.00,0.00,0.00,0.00,0.00,0.00,-0.00,0.00,0.00,0.00,0.00,0.00,-0.00,-0.00,0.00,0
3.7077,28,0,101,0,DRIVE [ 53 ] [ 1 ] [ 1279 1901 1660 ] [    0    0    0 ] [      0      0      0 ] [ 0 ],drive [ 52 ] [ 0 ] [ 1268 1901 1668 ] [   63   22   35 ] [  11918   5601   8765 ] [ 0 ],1.10,1.10,1.10,1.10,30.97,-0.09,0.00,0.00,0.00,0.00,0.00,0.00,-0.00,0.00,0.00,0.00,0.00,0.00,-0.00,0.00,0.00,0
3.71898,28,-1,101,0,DRIVE [ 53 ] [ 1 ] [ 1291 1901 1652 ] [    0    0    0 ] [      0      0      0 ] [ 0 ],drive [ 53 ] [ 0 ] [ 1279 1901 1660 ] [   59   23   36 ] [  11918   5601   8765 ] [ 0 ],1.10,1.10,1.10,1.10,30.63,-0.81,0.00,0.00,0.00,0.00,0.00,0.00,-0.00,0.00,0.00,0.00,0.00,0.00,-0.00,0.00,0.00,0
3.73039,28,-1,100,0,DRIVE [ 54 ] [ 1 ] [ 1303 1901 1642 ] [    0    0    0 ] [      0      0      0 ] [ 0 ],drive [ 53 ] [ 0 ] [ 1291 1901 1652 ] [   59   23   36 ] [  11918   5601   8765 ] [ 0 ],1.10,1.10,1.10,1.10,30.31,-1.61,0.00,0.00,0.00,0.00,0.00,0.00,-0.00,0.00,0.00,0.00,0.00,0.00,-0.00,0.00,0.00,0
3.74077,27,-2,99,0,DRIVE [ 54 ] [ 1 ] [ 1316 1901 1631 ] [    0    0    0 ] [      0      0      0 ] [ 0 ],drive [ 54 ] [ 0 ] [ 1303 1901 1642 ] [   59   23   36 ] [  11918   5601   8765 ] [ 0 ],1.10,1.10,1.10,1.10,29.98,-2.47,0.00,0.00,0.00,0.00,0.00,0.00,-0.00,0.00,0.00,0.00,0.00,0.00,-0.00,0.00,0.00,0
3.75103,27,-3,98,0,DRIVE [ 55 ] [ 1 ] [ 1329 1901 1618 ] [    0    0    0 ] [      0      0      0 ] [ 0 ],drive [ 54 ] [ 0 ] [ 1316 1901 1631 ] [   59   23   36 ] [  11916   5601   8765 ] [ 0 ],1.10,1.10,1.10,1.10,29.64,-3.40,0.00,0.00,0.00,0.00,0.00,0.00,-0.00,0.00,0.00,0.00,0.00,0.00,-0.00,0.00,0.00,0
3.76234,27,-4,98,0,DRIVE [ 55 ] [ 1 ] [ 1343 1901 1605 ] [    0    0    0 ] [      0      0      0 ] [ 0 ],drive [ 55 ] [ 0 ] [ 1329 1901 1618 ] [   56   22   39 ] [  11916   5601   8765 ] [ 0 ],1.10,1.10,1.10,1.10,29.27,-4.38,0.00,0.00,0.00,0.00,0.00,0.00,-0.00,0.00,0.00,0.00,0.00,0.00,-0.00,0.00,0.00,0
3.7743,26,-5,97,0,DRIVE [ 56 ] [ 1 ] [ 1357 1901 1591 ] [    0    0    0 ] [      0      0      0 ] [ 0 ],drive [ 55 ] [ 0 ] [ 1343 1901 1605 ] [   56   22   39 ] [  11916   5601   8765 ] [ 0 ],1.10,1.10,1.10,1.10,28.89,-5.37,0.00,0.00,0.00,0.00,0.00,0.00,-0.00,0.00,0.00,0.00,0.00,0.00,-0.00,0.00,0.00,0
3.78649,26,-6,96,0,DRIVE [ 56 ] [ 1 ] [ 1371 1901 1576 ] [    0    0    0 ] [      0      0      0 ] [ 0 ],drive [ 56 ] [ 0 ] [ 1357 1901 1591 ] [   56   22   39 ] [  11916   5601   8765 ] [ 0 ],1.10,1.10,1.10,1.10,28.49,-6.38,0.00,0.00,0.00,0.00,0.00,0.00,-0.00,0.00,0.00,0.00,0.00,0.00,-0.00,0.00,0.00,0
3.79822,26,-7,96,0,DRIVE [ 57 ] [ 1 ] [ 1384 1901 1561 ] [    0    0    0 ] [      0      0      0 ] [ 0 ],drive [ 56 ] [ 0 ] [ 1371 1901 1576 ] [   56   22   39 ] [  11912   5601   8768 ] [ 0 ],1.10,1.10,1.10,1.10,28.07,-7.37,0.00,0.00,0.00,0.00,0.00,0.00,-0.00,0.00,0.00,0.00,0.00,0.00,-0.00,0.00,0.00,0
3.80861,25,-8,95,0,DRIVE [ 57 ] [ 1 ] [ 1397 1901 1545 ] [    0    0    0 ] [      0      0      0 ] [ 0 ],drive [ 57 ] [ 0 ] [ 1384 1901 1561 ] [   56   22   39 ] [  11912   5601   8768 ] [ 0 ],1.10,1.10,1.10,1.10,27.61,-8.36,0.00,0.00,0.00,0.00,0.00,0.00,-0.00,0.00,0.00,0.00,0.00,0.00,-0.00,0.00,0.00,0
3.81862,25,-9,94,0,DRIVE [ 58 ] [ 1 ] [ 1410 1901 1528 ] [    0    0    0 ] [      0      0      0 ] [ 0 ],drive [ 57 ] [ 0 ] [ 1397 1901 1545 ] [   53   23   48 ] [  11912   5601   8768 ] [ 0 ],1.10,1.10,1.10,1.10,27.16,-9.37,0.00,0.00,0.00,0.00,0.00,0.00,-0.00,0.00,0.00,0.00,0.00,0.00,-0.00,0.00,0.00,0
3.83032,24,-9,93,0,DRIVE [ 58 ] [ 1 ] [ 1423 1901 1510 ] [    0    0    0 ] [      0      0      0 ] [ 0 ],drive [ 58 ] [ 0 ] [ 1410 1901 1528 ] [   53   23   48 ] [  11912   5601   8768 ] [ 0 ],1.10,1.10,1.10,1.10,26.72,-10.42,0.00,0.00,0.00,0.00,0.00,0.00,-0.00,0.00,0.00,0.00,0.00,0.00,-0.00,0.00,0.00,0
3.84254,24,-10,92,0,DRIVE [ 59 ] [ 1 ] [ 1434 1901 1490 ] [    0    0    0 ] [      0      0      0 ] [ 0 ],drive [ 58 ] [ 0 ] [ 1423 1901 1510 ] [   53   23   48 ] [  11912   5601   8768 ] [ 0 ],1.10,1.10,1.10,1.10,26.33,-11.49,0.00,0.00,0.00,0.00,0.00,0.00,-0.00,0.00,0.00,0.00,0.00,0.00,-0.00,0.00,0.00,0
3.85468,24,-11,91,0,DRIVE [ 59 ] [ 1 ] [ 1445 1901 1470 ] [    0    0    0 ] [      0      0      0 ] [ 0 ],drive [ 59 ] [ 0 ] [ 1434 1901 1490 ] [   53   23   48 ] [  11906   5601   8778 ] [ 0 ],1.10,1.10,1.10,1.10,25.96,-12.51,0.00,0.00,0.00,0.00,0.00,0.00,-0.00,0.00,0.00,0.00,0.00,0.00,-0.00,0.00,0.00,0
3.8688,23,-12,91,0,DRIVE [ 60 ] [ 1 ] [ 1454 1901 1450 ] [    0    0    0 ] [      0      0      0 ] [ 0 ],drive [ 59 ] [ 0 ] [ 1445 1901 1470 ] [   52   23   51 ] [  11906   5601   8778 ] [ 0 ],1.10,1.10,1.10,1.10,25.60,-13.47,0.00,0.00,0.00,0.00,0.00,0.00,-0.00,0.00,0.00,0.00,0.00,0.00,0.00,0.00,0.00,0
3.88034,23,-13,90,0,DRIVE [ 60 ] [ 1 ] [ 1461 1901 1431 ] [    0    0    0 ] [      0      0      0 ] [ 0 ],drive [ 60 ] [ 0 ] [ 1454 1901 1450 ] [   52   23   51 ] [  11906   5601   8778 ] [ 0 ],1.10,1.10,1.10,1.10,25.33,-14.36,0.00,0.00,0.00,0.00,0.00,0.00,-0.00,0.00,0.00,0.00,0.00,0.00,0.00,0.00,0.00,0
3.8907,23,-14,89,0,DRIVE [ 61 ] [ 1 ] [ 1467 1901 1411 ] [    0    0    0 ] [      0      0      0 ] [ 0 ],drive [ 60 ] [ 0 ] [ 1461 1901 1431 ] [   52   23   51 ] [  11906   5601   8778 ] [ 0 ],1.10,1.10,1.10,1.10,25.07,-15.20,0.00,0.00,0.00,0.00,0.00,0.00,-0.00,0.00,0.00,0.00,0.00,0.00,0.00,0.00,0.00,0
3.9013,23,-15,88,0,DRIVE [ 61 ] [ 1 ] [ 1473 1901 1392 ] [    0    0    0 ] [      0      0      0 ] [ 0 ],drive [ 61 ] [ 0 ] [ 1467 1901 1411 ] [   52   23   51 ] [  11889   5601   8870 ] [ 0 ],1.10,1.10,1.10,1.10,24.83,-16.00,0.00,0.00,0.00,0.00,0.00,0.00,-0.00,0.00,0.00,0.00,0.00,0.00,0.00,0.00,0.00,0
3.91166,22,-15,88,0,DRIVE [ 62 ] [ 1 ] [ 1478 1901 1373 ] [    0    0    0 ] [      0      0      0 ] [ 0 ],drive [ 61 ] [ 0 ] [ 1473 1901 1392 ] [   60   23   66 ] [  11889   5601   8870 ] [ 0 ],1.10,1.10,1.10,1.10,24.58,-16.78,0.00,0.00,0.00,0.00,0.00,0.00,-0.00,0.00,0.00,0.00,0.00,0.00,0.00,0.00,0.00,0
3.92248,22,-16,87,0,DRIVE [ 62 ] [ 1 ] [ 1483 1901 1353 ] [    0    0    0 ] [      0      0      0 ] [ 0 ],drive [ 62 ] [ 0 ] [ 1478 1901 1373 ] [   60   23   66 ] [  11889   5601   8870 ] [ 0 ],1.10,1.10,1.10,1.10,24.33,-17.59,0.00,0.00,0.00,0.00,0.00,0.00,-0.00,0.00,0.00,0.00,0.00,0.00,0.00,0.00,0.00,0
3.93288,22,-17,86,0,DRIVE [ 63 ] [ 1 ] [ 1489 1901 1331 ] [    0    0    0 ] [      0      0      0 ] [ 0 ],drive [ 62 ] [ 0 ] [ 1483 1901 1353 ] [   60   23   66 ] [  11889   5601   8870 ] [ 0 ],1.10,1.10,1.10,1.10,24.09,-18.43,0.00,0.00,0.00,0.00,0.00,0.00,-0.00,0.00,0.00,0.00,0.00,0.00,0.00,0.00,0.00,0
3.94332,22,-17,86,0,DRIVE [ 63 ] [ 1 ] [ 1494 1901 1311 ] [    0    0    0 ] [      0      0      0 ] [ 0 ],drive [ 63 ] [ 0 ] [ 1489 1901 1331 ] [   60   23   66 ] [  11889   5601   8870 ] [ 0 ],1.10,1.10,1.10,1.10,23.84,-19.22,0.00,0.00,0.00,0.00,0.00,0.00,-0.00,0.00,0.00,0.00,0.00,0.00,0.00,0.00,0.00,0
3.9544,21,-18,85,0,DRIVE [ 64 ] [ 1 ] [ 1499 1901 1291 ] [    0    0    0 ] [      0      0      0 ] [ 0 ],drive [ 63 ] [ 0 ] [ 1494 1901 1311 ] [   60   23   66 ] [  11876   5600   8959 ] [ 0 ],1.10,1.10,1.10,1.10,23.61,-19.97,0.00,0.00,0.00,0.00,0.00,0.00,-0.00,0.00,0.00,0.00,0.00,0.00,0.00,0.00,0.00,0
3.96661,21,-19,85,0,DRIVE [ 64 ] [ 1 ] [ 1504 1901 1269 ] [    0    0    0 ] [      0      0      0 ] [ 0 ],drive [ 64 ] [ 0 ] [ 1499 1901 1291 ] [   66   24   53 ] [  11876   5600   8959 ] [ 0 ],1.10,1.10,1.10,1.10,23.36,-20.76,0.00,0.00,0.00,0.00,0.00,0.00,-0.00,0.00,0.00,0.00,0.00,0.00,0.00,0.00,0.00,0
3.97857,21,-20,84,0,DRIVE [ 65 ] [ 1 ] [ 1508 1901 1247 ] [    0    0    0 ] [      0      0      0 ] [ 0 ],drive [ 64 ] [ 0 ] [ 1504 1901 1269 ] [   66   24   53 ] [  11876   5600   8959 ] [ 0 ],1.10,1.10,1.10,1.10,23.11,-21.53,0.00,0.00,0.00,0.00,0.00,0.00,-0.00,0.00,0.00,0.00,0.00,0.00,0.00,0.00,0.00,0
3.99072,21,-20,83,0,DRIVE [ 65 ] [ 1 ] [ 1513 1901 1227 ] [    0    0    0 ] [      0      0      0 ] [ 0 ],drive [ 65 ] [ 0 ] [ 1508 1901 1247 ] [   66   24   53 ] [  11876   5600   8959 ] [ 0 ],1.10,1.10,1.10,1.10,22.85,-22.21,0.00,0.00,0.00,0.00,0.00,0.00,-0.00,0.00,0.00,0.00,0.00,0.00,0.00,0.00,0.00,0
4.00224,21,-21,83,0,DRIVE [ 66 ] [ 1 ] [ 1517 1901 1209 ] [    0    0    0 ] [      0      0      0 ] [ 0 ],drive [ 65 ] [ 0 ] [ 1513 1901 1227 ] [   66   24   53 ] [  11813   5600   9043 ] [ 0 ],1.10,1.10,1.10,1.10,22.60,-22.77,0.00,0.00,0.00,0.00,0.00,0.00,-0.00,0.00,0.00,0.00,0.00,0.00,0.00,0.00,0.00,0
4.01356,20,-21,82,0,DRIVE [ 66 ] [ 1 ] [ 1520 1901 1197 ] [    0    0    0 ] [      0      0      0 ] [ 0 ],drive [ 66 ] [ 0 ] [ 1517 1901 1209 ] [   55   24   79 ] [  11813   5600   9043 ] [ 0 ],1.10,1.10,1.10,1.10,22.36,-23.11,0.00,0.00,0.00,0.00,0.00,0.00,-0.00,0.00,0.00,0.00,0.00,0.00,0.00,0.00,0.00,0
4.02587,20,-21,82,0,DRIVE [ 67 ] [ 1 ] [ 1523 1901 1187 ] [    0    0    0 ] [      0      0      0 ] [ 0 ],drive [ 66 ] [ 0 ] [ 1520 1901 1197 ] [   55   24   79 ] [  11813   5600   9043 ] [ 0 ],1.10,1.10,1.10,1.10,22.12,-23.34,0.00,0.00,0.00,0.00,0.00,0.00,-0.00,0.00,0.00,0.00,0.00,0.00,0.00,0.00,0.00,0
4.03647,20,-21,81,0,DRIVE [ 67 ] [ 1 ] [ 1525 1901 1178 ] [    0    0    0 ] [      0      0      0 ] [ 0 ],drive [ 67 ] [ 0 ] [ 1523 1901 1187 ] [   55   24   79 ] [  11813   5600   9043 ] [ 0 ],1.10,1.10,1.10,1.10,21.89,-23.55,0.00,0.00,0.00,0.00,0.00,0.00,-0.00,0.00,0.00,0.00,0.00,0.00,0.00,0.00,0.00,0
4.04715,20,-22,81,0,DRIVE [ 68 ] [ 1 ] [ 1528 1901 1170 ] [    0    0    0 ] [      0      0      0 ] [ 0 ],drive [ 67 ] [ 0 ] [ 1525 1901 1178 ] [   55   24   79 ] [  11712   5600   9303 ] [ 0 ],1.10,1.10,1.10,1.10,21.68,-23.74,0.00,0.00,0.00,0.00,0.00,0.00,-0.00,0.00,0.00,0.00,0.00,0.00,0.00,0.00,0.00,0
4.0597,20,-22,80,0,DRIVE [ 68 ] [ 1 ] [ 1530 1901 1161 ] [    0    0    0 ] [      0      0      0 ] [ 0 ],drive [ 68 ] [ 0 ] [ 1528 1901 1170 ] [   55   24   79 ] [  11712   5600   9303 ] [ 0 ],1.10,1.10,1.10,1.10,21.46,-23.93,0.00,0.00,0.00,0.00,0.00,0.00,-0.00,0.00,0.00,0.00,0.00,0.00,0.00,0.00,0.00,0
4.07023,19,-22,80,0,DRIVE [ 69 ] [ 1 ] [ 1533 1901 1150 ] [    0    0    0 ] [      0      0      0 ] [ 0 ],drive [ 68 ] [ 0 ] [ 1530 1901 1161 ] [   36   24   73 ] [  11712   5600   9303 ] [ 0 ],1.10,1.10,1.10,1.10,21.24,-24.22,0.00,0.00,0.00,0.00,0.00,0.00,-0.00,0.00,0.00,0.00,0.00,0.00,0.00,0.00,0.00,0
4.08068,19,-22,79,0,DRIVE [ 69 ] [ 1 ] [ 1536 1901 1137 ] [    0    0    0 ] [      0      0      0 ] [ 0 ],drive [ 69 ] [ 0 ] [ 1533 1901 1150 ] [   36   24   73 ] [  11712   5600   9303 ] [ 0 ],1.10,1.10,1.10,1.10,21.02,-24.56,0.00,0.00,0.00,0.00,0.00,0.00,-0.00,0.00,0.00,0.00,0.00,0.00,0.00,0.00,0.00,0
4.09079,19,-23,79,0,DRIVE [ 70 ] [ 1 ] [ 1540 1901 1122 ] [    0    0    0 ] [      0      0      0 ] [ 0 ],drive [ 69 ] [ 0 ] [ 1536 1901 1137 ] [   36   24   73 ] [  11712   5600   9303 ] [ 0 ],1.10,1.10,1.10,1.10,20.80,-24.98,0.00,0.00,0.00,0.00,0.00,0.00,-0.00,0.00,0.00,0.00,0.00,0.00,0.00,0.00,0.00,0
4.10263,19,-23,78,0,DRIVE [ 70 ] [ 1 ] [ 1543 1901 1106 ] [    0    0    0 ] [      0      0      0 ] [ 0 ],drive [ 70 ] [ 0 ] [ 1540 1901 1122 ] [   36   24   73 ] [  11685   5600   9329 ] [ 0 ],1.10,1.10,1.10,1.10,20.58,-25.40,0.00,0.00,0.00,0.00,0.00,0.00,-0.00,0.00,0.00,0.00,0.00,0.00,0.00,0.00,0.00,0
4.11454,19,-23,78,0,DRIVE [ 71 ] [ 1 ] [ 1546 1901 1092 ] [    0    0    0 ] [      0      0      0 ] [ 0 ],drive [ 70 ] [ 0 ] [ 1543 1901 1106 ] [   38   24   90 ] [  11685   5600   9329 ] [ 0 ],1.10,1.10,1.10,1.10,20.37,-25.80,0.00,0.00,0.00,0.00,0.00,0.00,-0.00,0.00,0.00,0.00,0.00,0.00,0.00,0.00,0.00,0
4.12454,18,-24,77,0,DRIVE [ 71 ] [ 1 ] [ 1549 1901 1081 ] [    0    0    0 ] [      0      0      0 ] [ 0 ],drive [ 71 ] [ 0 ] [ 1546 1901 1092 ] [   38   24   90 ] [  11685   5600   9329 ] [ 0 ],1.10,1.10,1.10,1.10,20.18,-26.08,0.00,0.00,0.00,0.00,0.00,0.00,-0.00,0.00,0.00,0.00,0.00,0.00,0.00,0.00,0.00,0
4.13488,18,-24,77,0,DRIVE [ 72 ] [ 1 ] [ 1551 1901 1074 ] [    0    0    0 ] [      0      0      0 ] [ 0 ],drive [ 71 ] [ 0 ] [ 1549 1901 1081 ] [   38   24   90 ] [  11685   5600   9329 ] [ 0 ],1.10,1.10,1.10,1.10,20.00,-26.15,0.00,0.00,0.00,0.00,0.00,0.00,-0.00,0.00,0.00,0.00,0.00,0.00,0.00,0.00,0.00,0
4.14648,18,-24,77,0,DRIVE [ 72 ] [ 1 ] [ 1552 1901 1072 ] [    0    0    0 ] [      0      0      0 ] [ 0 ],drive [ 72 ] [ 0 ] [ 1551 1901 1074 ] [   38   24   90 ] [  11685   5600   9329 ] [ 0 ],1.10,1.10,1.10,1.10,19.83,-26.11,0.00,0.00,0.00,0.00,0.00,0.00,-0.00,0.00,0.00,0.00,0.00,0.00,0.00,0.00,0.00,0
4.1588,18,-23,76,0,DRIVE [ 73 ] [ 1 ] [ 1552 1901 1075 ] [    0    0    0 ] [      0      0      0 ] [ 0 ],drive [ 72 ] [ 0 ] [ 1552 1901 1072 ] [   38   24   90 ] [  11633   5600   9538 ] [ 0 ],1.10,1.10,1.10,1.10,19.71,-25.84,0.00,0.00,0.00,0.00,0.00,0.00,-0.00,0.00,0.00,0.00,0.00,0.00,0.00,0.00,0.00,0
4.1705,18,-23,76,0,DRIVE [ 73 ] [ 1 ] [ 1550 1901 1084 ] [    0    0    0 ] [      0      0      0 ] [ 0 ],drive [ 73 ] [ 0 ] [ 1552 1901 1075 ] [   43   26   80 ] [  11633   5600   9538 ] [ 0 ],1.10,1.10,1.10,1.10,19.63,-25.36,0.00,0.00,0.00,0.00,0.00,0.00,-0.00,0.00,0.00,0.00,0.00,0.00,0.00,0.00,0.00,0
4.18248,18,-23,75,0,DRIVE [ 74 ] [ 1 ] [ 1547 1901 1096 ] [    0    0    0 ] [      0      0      0 ] [ 0 ],drive [ 73 ] [ 0 ] [ 1550 1901 1084 ] [   43   26   80 ] [  11633   5600   9538 ] [ 0 ],1.10,1.10,1.10,1.10,19.60,-24.78,0.00,0.00,0.00,0.00,0.00,0.00,-0.00,0.00,0.00,0.00,0.00,0.00,0.00,0.00,0.00,0
4.19258,18,-22,75,0,DRIVE [ 74 ] [ 1 ] [ 1543 1901 1108 ] [    0    0    0 ] [      0      0      0 ] [ 0 ],drive [ 74 ] [ 0 ] [ 1547 1901 1096 ] [   43   26   80 ] [  11633   5600   9538 ] [ 0 ],1.10,1.10,1.10,1.10,19.65,-24.19,0.00,0.00,0.00,0.00,0.00,0.00,-0.00,0.00,0.00,0.00,0.00,0.00,0.00,0.00,0.00,0
4.20284,18,-22,74,0,DRIVE [ 75 ] [ 1 ] [ 1538 1901 1115 ] [    0    0    0 ] [      0      0      0 ] [ 0 ],drive [ 74 ] [ 0 ] [ 1543 1901 1108 ] [   43   26   80 ] [  11439   5584   9795 ] [ 0 ],1.10,1.10,1.10,1.10,19.73,-23.77,0.00,0.00,0.00,0.00,0.00,0.00,-0.00,0.00,0.00,0.00,0.00,0.00,0.00,0.00,0.00,0
4.21446,18,-21,74,0,DRIVE [ 75 ] [ 1 ] [ 1531 1901 1119 ] [    0    0    0 ] [      0      0      0 ] [ 0 ],drive [ 75 ] [ 0 ] [ 1538 1901 1115 ] [   47   25   94 ] [  11439   5584   9795 ] [ 0 ],1.10,1.10,1.10,1.10,19.91,-23.48,0.00,0.00,0.00,0.00,0.00,0.00,-0.00,0.00,0.00,0.00,0.00,0.00,0.00,0.00,0.00,0
4.22661,18,-21,73,0,DRIVE [ 76 ] [ 1 ] [ 1525 1901 1122 ] [    0    0    0 ] [      0      0      0 ] [ 0 ],drive [ 75 ] [ 0 ] [ 1531 1901 1119 ] [   47   25   94 ] [  11439   5584   9795 ] [ 0 ],1.10,1.10,1.10,1.10,20.11,-23.25,0.00,0.00,0.00,0.00,0.00,0.00,-0.00,0.00,0.00,0.00,0.00,0.00,0.00,0.00,0.00,0
4.25225,18,-21,73,0,DRIVE [ 76 ] [ 1 ] [ 1517 1901 1126 ] [    0    0    0 ] [      0      0      0 ] [ 0 ],drive [ 76 ] [ 0 ] [ 1525 1901 1122 ] [   47   25   94 ] [  11439   5584   9795 ] [ 0 ],1.10,1.10,1.10,1.10,20.32,-22.89,0.00,0.00,0.00,0.00,0.00,0.00,-0.00,0.00,0.00,0.00,0.00,0.00,0.00,0.00,0.00,0
4.26427,19,-20,72,0,DRIVE [ 77 ] [ 1 ] [ 1510 1901 1133 ] [    0    0    0 ] [      0      0      0 ] [ 0 ],drive [ 76 ] [ 0 ] [ 1517 1901 1126 ] [   48   25   91 ] [  11437   5584   9795 ] [ 0 ],1.10,1.10,1.10,1.10,20.48,-22.45,0.00,0.00,0.00,0.00,0.00,0.00,-0.00,0.00,0.00,0.00,0.00,0.00,0.00,0.00,0.00,0
4.27449,19,-20,72,0,DRIVE [ 77 ] [ 1 ] [ 1502 1901 1143 ] [    0    0    0 ] [      0      0      0 ] [ 0 ],drive [ 77 ] [ 0 ] [ 1510 1901 1133 ] [   48   25   91 ] [  11437   5584   9795 ] [ 0 ],1.10,1.10,1.10,1.10,20.61,-21.93,0.00,0.00,0.00,0.00,0.00,0.00,-0.00,0.00,0.00,0.00,0.00,0.00,-0.00,0.00,0.00,0
4.28471,19,-19,71,0,DRIVE [ 78 ] [ 1 ] [ 1495 1901 1156 ] [    0    0    0 ] [      0      0      0 ] [ 0 ],drive [ 77 ] [ 0 ] [ 1502 1901 1143 ] [   48   25   91 ] [  11437   5584   9795 ] [ 0 ],1.10,1.10,1.10,1.10,20.75,-21.34,0.00,0.00,0.00,0.00,0.00,0.00,-0.00,0.00,0.00,0.00,0.00,0.00,-0.00,0.00,0.00,0
4.29532,19,-19,71,0,DRIVE [ 78 ] [ 1 ] [ 1487 1901 1171 ] [    0    0    0 ] [      0      0      0 ] [ 0 ],drive [ 78 ] [ 0 ] [ 1495 1901 1156 ] [   48   25   91 ] [  11437   5584   9795 ] [ 0 ],1.10,1.10,1.10,1.10,20.90,-20.66,0.00,0.00,0.00,0.00,0.00,0.00,-0.00,0.00,0.00,0.00,0.00,0.00,-0.00,0.00,0.00,0
4.30624,19,-18,70,0,DRIVE [ 79 ] [ 1 ] [ 1479 1901 1190 ] [    0    0    0 ] [      0      0      0 ] [ 0 ],drive [ 78 ] [ 0 ] [ 1487 1901 1171 ] [   48   25   91 ] [  11436   5583   9809 ] [ 0 ],1.10,1.10,1.10,1.10,21.05,-19.85,0.00,0.00,0.00,0.00,0.00,0.00,-0.00,0.00,0.00,0.00,0.00,0.00,-0.00,0.00,0.00,0
4.31592,19,-17,70,0,DRIVE [ 79 ] [ 1 ] [ 1469 1901 1212 ] [    0    0    0 ] [      0      0      0 ] [ 0 ],drive [ 79 ] [ 0 ] [ 1479 1901 1190 ] [   51   24   83 ] [  11436   5583   9809 ] [ 0 ],1.10,1.10,1.10,1.10,21.23,-18.91,0.00,0.00,0.00,0.00,0.00,0.00,-0.00,0.00,0.00,0.00,0.00,0.00,-0.00,0.00,0.00,0
4.32612,20,-16,70,0,DRIVE [ 80 ] [ 1 ] [ 1457 1901 1235 ] [    0    0    0 ] [      0      0      0 ] [ 0 ],drive [ 79 ] [ 0 ] [ 1469 1901 1212 ] [   51   24   83 ] [  11436   5583   9809 ] [ 0 ],1.10,1.10,1.10,1.10,21.45,-17.92,0.00,0.00,0.00,0.00,0.00,0.00,-0.00,0.00,0.00,0.00,0.00,0.00,-0.00,0.00,0.00,0
4.33819,20,-15,69,0,DRIVE [ 80 ] [ 1 ] [ 1443 1901 1260 ] [    0    0    0 ] [      0      0      0 ] [ 0 ],drive [ 80 ] [ 0 ] [ 1457 1901 1235 ] [   51   24   83 ] [  11436   5583   9809 ] [ 0 ],1.10,1.10,1.10,1.10,21.73,-16.88,0.00,0.00,0.00,0.00,0.00,0.00,-0.00,0.00,0.00,0.00,0.00,0.00,-0.00,0.00,0.00,0
4.35028,20,-14,69,0,DRIVE [ 81 ] [ 1 ] [ 1427 1901 1285 ] [    0    0    0 ] [      0      0      0 ] [ 0 ],drive [ 80 ] [ 0 ] [ 1443 1901 1260 ] [   51   24   83 ] [  11438   5581   9845 ] [ 0 ],1.10,1.10,1.10,1.10,22.05,-15.77,0.00,0.00,0.00,0.00,0.00,0.00,-0.00,0.00,0.00,0.00,0.00,0.00,-0.00,0.00,0.00,0
4.36211,20,-13,69,0,DRIVE [ 81 ] [ 1 ] [ 1409 1901 1311 ] [    0    0    0 ] [      0      0      0 ] [ 0 ],drive [ 81 ] [ 0 ] [ 1427 1901 1285 ] [   54   24   72 ] [  11438   5581   9845 ] [ 0 ],1.10,1.10,1.10,1.10,22.40,-14.61,0.00,0.00,0.00,0.00,0.00,0.00,-0.00,0.00,0.00,0.00,0.00,0.00,-0.00,0.00,0.00,0
4.37418,21,-12,68,0,DRIVE [ 82 ] [ 1 ] [ 1389 1901 1337 ] [    0    0    0 ] [      0      0      0 ] [ 0 ],drive [ 81 ] [ 0 ] [ 1409 1901 1311 ] [   54   24   72 ] [  11438   5581   9845 ] [ 0 ],1.10,1.10,1.10,1.10,22.76,-13.40,0.00,0.00,0.00,0.00,0.00,0.00,-0.00,0.00,0.00,0.00,0.00,0.00,-0.00,0.00,0.00,0
4.38426,21,-11,68,0,DRIVE [ 82 ] [ 1 ] [ 1368 1901 1363 ] [    0    0    0 ] [      0      0      0 ] [ 0 ],drive [ 82 ] [ 0 ] [ 1389 1901 1337 ] [   54   24   72 ] [  11438   5581   9845 ] [ 0 ],1.10,1.10,1.10,1.10,23.16,-12.19,0.00,0.00,0.00,0.00,0.00,0.00,-0.00,0.00,0.00,0.00,0.00,0.00,-0.00,0.00,0.00,0
4.39439,21,-10,68,0,DRIVE [ 83 ] [ 1 ] [ 1346 1901 1388 ] [    0    0    0 ] [      0      0      0 ] [ 0 ],drive [ 82 ] [ 0 ] [ 1368 1901 1363 ] [   54   24   72 ] [  11438   5581   9845 ] [ 0 ],1.10,1.10,1.10,1.10,23.55,-11.00,0.00,0.00,0.00,0.00,0.00,0.00,-0.00,0.00,0.00,0.00,0.00,0.00,-0.00,0.00,0.00,0
4.40612,22,-9,67,0,DRIVE [ 83 ] [ 1 ] [ 1322 1901 1411 ] [    0    0    0 ] [      0      0      0 ] [ 0 ],drive [ 83 ] [ 0 ] [ 1346 1901 1388 ] [   54   24   72 ] [  11445   5577   9842 ] [ 0 ],1.10,1.10,1.10,1.10,23.95,-9.84,0.00,0.00,0.00,0.00,0.00,0.00,-0.00,0.00,0.00,0.00,0.00,0.00,-0.00,0.00,0.00,0
4.41806,22,-8,67,0,DRIVE [ 84 ] [ 1 ] [ 1297 1901 1432 ] [    0    0    0 ] [      0      0      0 ] [ 0 ],drive [ 83 ] [ 0 ] [ 1322 1901 1411 ] [   57   22   64 ] [  11445   5577   9842 ] [ 0 ],1.10,1.10,1.10,1.10,24.35,-8.73,0.00,0.00,0.00,0.00,0.00,0.00,-0.00,0.00,0.00,0.00,0.00,0.00,-0.00,0.00,0.00,0
4.43038,23,-7,67,0,DRIVE [ 84 ] [ 1 ] [ 1272 1901 1451 ] [    0    0    0 ] [      0      0      0 ] [ 0 ],drive [ 84 ] [ 0 ] [ 1297 1901 1432 ] [   57   22   64 ] [  11445   5577   9842 ] [ 0 ],1.10,1.10,1.10,1.10,24.77,-7.68,0.00,0.00,0.00,0.00,0.00,0.00,-0.00,0.00,0.00,0.00,0.00,0.00,-0.00,0.00,0.00,0
4.44225,23,-6,66,0,DRIVE [ 85 ] [ 1 ] [ 1245 1901 1468 ] [    0    0    0 ] [      0      0      0 ] [ 0 ],drive [ 84 ] [ 0 ] [ 1272 1901 1451 ] [   57   22   64 ] [  11445   5577   9842 ] [ 0 ],1.10,1.10,1.10,1.10,25.19,-6.65,0.00,0.00,0.00,0.00,0.00,0.00,-0.00,0.00,0.00,0.00,0.00,0.00,0.00,0.00,0.00,0
4.45218,23,-5,66,0,DRIVE [ 85 ] [ 1 ] [ 1218 1901 1482 ] [    0    0    0 ] [      0      0      0 ] [ 0 ],drive [ 85 ] [ 0 ] [ 1245 1901 1468 ] [   57   22   64 ] [  11455   5576   9815 ] [ 0 ],1.10,1.10,1.10,1.10,25.60,-5.74,0.00,0.00,0.00,0.00,0.00,0.00,-0.00,0.00,0.00,0.00,0.00,0.00,0.00,0.00,0.00,0
4.46248,24,-5,66,0,DRIVE [ 86 ] [ 1 ] [ 1193 1901 1493 ] [    0    0    0 ] [      0      0      0 ] [ 0 ],drive [ 85 ] [ 0 ] [ 1218 1901 1482 ] [   62   22   48 ] [  11455   5576   9815 ] [ 0 ],1.10,1.10,1.10,1.10,25.99,-4.95,0.00,0.00,0.00,0.00,0.00,0.00,-0.00,0.00,0.00,0.00,0.00,0.00,0.00,0.00,0.00,0
4.47397,24,-4,65,0,DRIVE [ 86 ] [ 1 ] [ 1170 1901 1501 ] [    0    0    0 ] [      0      0      0 ] [ 0 ],drive [ 86 ] [ 0 ] [ 1193 1901 1493 ] [   62   22   48 ] [  11455   5576   9815 ] [ 0 ],1.10,1.10,1.10,1.10,26.37,-4.32,0.00,0.00,0.00,0.00,0.00,0.00,-0.00,0.00,0.00,0.00,0.00,0.00,0.00,0.00,0.00,0
4.48631,24,-3,65,0,DRIVE [ 87 ] [ 1 ] [ 1149 1901 1507 ] [    0    0    0 ] [      0      0      0 ] [ 0 ],drive [ 86 ] [ 0 ] [ 1170 1901 1501 ] [   62   22   48 ] [  11455   5576   9815 ] [ 0 ],1.10,1.10,1.10,1.10,26.74,-3.82,0.00,0.00,0.00,0.00,0.00,0.00,-0.00,0.00,0.00,0.00,0.00,0.00,0.00,0.00,0.00,0
4.49817,25,-3,65,0,DRIVE [ 87 ] [ 1 ] [ 1130 1901 1510 ] [    0    0    0 ] [      0      0      0 ] [ 0 ],drive [ 87 ] [ 0 ] [ 1149 1901 1507 ] [   62   22   48 ] [  11489   5576   9685 ] [ 0 ],1.10,1.10,1.10,1.10,27.06,-3.42,0.00,0.00,0.00,0.00,0.00,0.00,-0.00,0.00,0.00,0.00,0.00,0.00,0.00,0.00,0.00,0
4.508,25,-3,64,0,DRIVE [ 88 ] [ 1 ] [ 1113 1901 1513 ] [    0    0    0 ] [      0      0      0 ] [ 0 ],drive [ 87 ] [ 0 ] [ 1130 1901 1510 ] [   62   22   48 ] [  11489   5576   9685 ] [ 0 ],1.10,1.10,1.10,1.10,27.34,-3.06,0.00,0.00,0.00,0.00,0.00,0.00,-0.00,0.00,0.00,0.00,0.00,0.00,0.00,0.00,0.00,0
4.51876,25,-2,64,0,DRIVE [ 88 ] [ 1 ] [ 1097 1901 1515 ] [    0    0    0 ] [      0      0      0 ] [ 0 ],drive [ 88 ] [ 0 ] [ 1113 1901 1513 ] [   89   22   44 ] [  11489   5576   9685 ] [ 0 ],1.10,1.10,1.10,1.10,27.56,-2.75,0.00,0.00,0.00,0.00,0.00,0.00,-0.00,0.00,0.00,0.00,0.00,0.00,0.00,0.00,0.00,0
4.53054,25,-2,64,0,DRIVE [ 89 ] [ 1 ] [ 1086 1901 1515 ] [    0    0    0 ] [      0      0      0 ] [ 0 ],drive [ 88 ] [ 0 ] [ 1097 1901 1515 ] [   89   22   44 ] [  11489   5576   9685 ] [ 0 ],1.10,1.10,1.10,1.10,27.74,-2.57,0.00,0.00,0.00,0.00,0.00,0.00,-0.00,0.00,0.00,0.00,0.00,0.00,0.00,0.00,0.00,0
4.54329,25,-2,63,0,DRIVE [ 89 ] [ 1 ] [ 1078 1901 1513 ] [    0    0    0 ] [      0      0      0 ] [ 0 ],drive [ 89 ] [ 0 ] [ 1086 1901 1515 ] [   89   22   44 ] [  11489   5576   9685 ] [ 0 ],1.10,1.10,1.10,1.10,27.87,-2.55,0.00,0.00,0.00,0.00,0.00,0.00,-0.00,0.00,0.00,0.00,0.00,0.00,0.00,0.00,0.00,0
4.55545,25,-2,63,0,DRIVE [ 90 ] [ 1 ] [ 1074 1901 1510 ] [    0    0    0 ] [      0      0      0 ] [ 0 ],drive [ 89 ] [ 0 ] [ 1078 1901 1513 ] [   89   22   44 ] [  11678   5576   9557 ] [ 0 ],1.10,1.10,1.10,1.10,27.90,-2.59,0.00,0.00,0.00,0.00,0.00,0.00,-0.00,0.00,0.00,0.00,0.00,0.00,0.00,0.00,0.00,0
4.56924,25,-2,63,0,DRIVE [ 90 ] [ 1 ] [ 1072 1901 1506 ] [    0    0    0 ] [      0      0      0 ] [ 0 ],drive [ 90 ] [ 0 ] [ 1074 1901 1510 ] [   95   21   42 ] [  11678   5576   9557 ] [ 0 ],1.10,1.10,1.10,1.10,27.87,-2.67,0.00,0.00,0.00,0.00,0.00,0.00,-0.00,0.00,0.00,0.00,0.00,0.00,0.00,0.00,0.00,0
4.58055,25,-2,62,0,DRIVE [ 91 ] [ 1 ] [ 1071 1901 1504 ] [    0    0    0 ] [      0      0      0 ] [ 0 ],drive [ 90 ] [ 0 ] [ 1072 1901 1506 ] [   95   21   42 ] [  11678   5576   9557 ] [ 0 ],1.10,1.10,1.10,1.10,27.79,-2.73,0.00,0.00,0.00,0.00,0.00,0.00,-0.00,0.00,0.00,0.00,0.00,0.00,0.00,0.00,0.00,0
4.59117,25,-3,62,0,DRIVE [ 91 ] [ 1 ] [ 1070 1901 1501 ] [    0    0    0 ] [      0      0      0 ] [ 0 ],drive [ 91 ] [ 0 ] [ 1071 1901 1504 ] [   95   21   42 ] [  11678   5576   9557 ] [ 0 ],1.10,1.10,1.10,1.10,27.69,-2.78,0.00,0.00,0.00,0.00,0.00,0.00,-0.00,0.00,0.00,0.00,0.00,0.00,0.00,0.00,0.00,0
4.60151,25,-3,61,0,DRIVE [ 92 ] [ 1 ] [ 1068 1901 1499 ] [    0    0    0 ] [      0      0      0 ] [ 0 ],drive [ 91 ] [ 0 ] [ 1070 1901 1501 ] [   95   21   42 ] [  11818   5574   9502 ] [ 0 ],1.10,1.10,1.10,1.10,27.57,-2.83,0.00,0.00,0.00,0.00,0.00,0.00,-0.00,0.00,0.00,0.00,0.00,0.00,0.00,0.00,0.00,0
4.61102,25,-3,61,0,DRIVE [ 92 ] [ 1 ] [ 1066 1901 1496 ] [    0    0    0 ] [      0      0      0 ] [ 0 ],drive [ 92 ] [ 0 ] [ 1068 1901 1499 ] [   90   22   49 ] [  11818   5574   9502 ] [ 0 ],1.10,1.10,1.10,1.10,27.50,-2.87,0.00,0.00,0.00,0.00,0.00,0.00,-0.00,0.00,0.00,0.00,0.00,0.00,0.00,0.00,0.00,0
4.62231,25,-3,61,0,DRIVE [ 93 ] [ 1 ] [ 1063 1901 1495 ] [    0    0    0 ] [      0      0      0 ] [ 0 ],drive [ 92 ] [ 0 ] [ 1066 1901 1496 ] [   90   22   49 ] [  11818   5574   9502 ] [ 0 ],1.10,1.10,1.10,1.10,27.40,-2.86,0.00,0.00,0.00,0.00,0.00,0.00,-0.00,0.00,0.00,0.00,0.00,0.00,0.00,0.00,0.00,0
4.63269,25,-3,60,0,DRIVE [ 93 ] [ 1 ] [ 1058 1901 1494 ] [    0    0    0 ] [      0      0      0 ] [ 0 ],drive [ 93 ] [ 0 ] [ 1063 1901 1495 ] [   90   22   49 ] [  11818   5574   9502 ] [ 0 ],1.10,1.10,1.10,1.10,27.32,-2.80,0.00,0.00,0.00,0.00,0.00,0.00,-0.00,0.00,0.00,0.00,0.00,0.00,0.00,0.00,0.00,0
4.64233,25,-2,60,0,DRIVE [ 94 ] [ 1 ] [ 1051 1901 1494 ] [    0    0    0 ] [      0      0      0 ] [ 0 ],drive [ 93 ] [ 0 ] [ 1058 1901 1494 ] [   90   22   49 ] [  11818   5574   9502 ] [ 0 ],1.10,1.10,1.10,1.10,27.28,-2.70,0.00,0.00,0.00,0.00,0.00,0.00,-0.00,0.00,0.00,0.00,0.00,0.00,0.00,0.00,0.00,0
4.65419,25,-2,59,0,DRIVE [ 94 ] [ 1 ] [ 1043 1901 1493 ] [    0    0    0 ] [      0      0      0 ] [ 0 ],drive [ 94 ] [ 0 ] [ 1051 1901 1494 ] [   90   22   49 ] [  11830   5568   9498 ] [ 0 ],1.10,1.10,1.10,1.10,27.25,-2.60,0.00,0.00,0.00,0.00,0.00,0.00,-0.00,0.00,0.00,0.00,0.00,0.00,0.00,0.00,0.00,0
4.66656,25,-2,58,0,DRIVE [ 95 ] [ 1 ] [ 1033 1901 1492 ] [    0    0    0 ] [      0      0      0 ] [ 0 ],drive [ 94 ] [ 0 ] [ 1043 1901 1493 ] [   93    6   51 ] [  11830   5568   9498 ] [ 0 ],1.10,1.10,1.10,1.10,27.21,-2.48,0.00,0.00,0.00,0.00,0.00,0.00,-0.00,0.00,0.00,0.00,0.00,0.00,0.00,0.00,0.00,0
4.67812,25,-2,58,0,DRIVE [ 95 ] [ 1 ] [ 1025 1901 1490 ] [    0    0    0 ] [      0      0      0 ] [ 0 ],drive [ 95 ] [ 0 ] [ 1033 1901 1492 ] [   93    6   51 ] [  11830   5568   9498 ] [ 0 ],1.10,1.10,1.10,1.10,27.25,-2.38,0.00,0.00,0.00,0.00,0.00,0.00,-0.00,0.00,0.00,0.00,0.00,0.00,0.00,0.00,0.00,0
4.69031,25,-2,57,0,DRIVE [ 96 ] [ 1 ] [ 1025 1901 1488 ] [    0    0    0 ] [      0      0      0 ] [ 0 ],drive [ 95 ] [ 0 ] [ 1025 1901 1490 ] [   93    6   51 ] [  11830   5568   9498 ] [ 0 ],1.10,1.10,1.10,1.10,27.25,-2.26,0.00,0.00,0.00,0.00,0.00,0.00,-0.00,0.00,0.00,0.00,0.00,0.00,0.00,0.00,0.00,0
4.70065,25,-2,56,0,DRIVE [ 96 ] [ 1 ] [ 1025 1901 1486 ] [    0    0    0 ] [      0      0      0 ] [ 0 ],drive [ 96 ] [ 0 ] [ 1025 1901 1488 ] [   93    6   51 ] [  11907   5458   9496 ] [ 0 ],1.10,1.10,1.10,1.10,27.22,-2.16,0.00,0.00,0.00,0.00,0.00,0.00,-0.00,0.00,0.00,0.00,0.00,0.00,0.00,0.00,0.00,0
4.71048,25,-2,56,0,DRIVE [ 97 ] [ 1 ] [ 1025 1901 1483 ] [    0    0    0 ] [      0      0      0 ] [ 0 ],drive [ 96 ] [ 0 ] [ 1025 1901 1486 ] [  102   14   60 ] [  11907   5458   9496 ] [ 0 ],1.10,1.10,1.10,1.10,27.20,-2.17,0.00,0.00,0.00,0.00,0.00,0.00,-0.00,0.00,0.00,0.00,0.00,0.00,0.00,0.00,0.00,0
4.72323,25,-2,55,1,DRIVE [ 97 ] [ 1 ] [ 1025 1901 1478 ] [    0    0    0 ] [      0      0      0 ] [ 0 ],drive [ 97 ] [ 0 ] [ 1025 1901 1483 ] [  102   14   60 ] [  11907   5458   9496 ] [ 0 ],1.10,1.10,1.10,1.10,27.17,-2.20,0.00,0.00,0.00,0.00,0.00,0.00,-0.00,0.00,0.00,0.00,0.00,0.00,0.00,0.00,0.00,0
