timestamp,Xmm,Ymm,Zmm,TouchDetected,OutgoingPacket,IncomingPacket,GainPropAb, GainPropAd, GainPropFl, GainPropEx,PropA, PropB, PropC,GainIntegAb, GainIntegAd, GainIntegFl, GainIntegEx,IntegA, IntegB, IntegC,GainDerivAb, GainDerivAd, GainDerivFl, GainDerivEx,DerivA, DerivB, DerivC,Heading5
0.126472,1,132,483,0,DRIVE [ 21 ] [ 1 ] [ 1879 1879 1885 ] [    0    0    0 ] [      0      0      0 ] [ 0 ],drive [ 21 ] [ 0 ] [ 1885 1620 1885 ] [   53    0   50 ] [  11623   4391  11078 ] [ 2 ],1.00,1.00,1.00,1.00,1.10,132.26,0.00,0.00,0.00,0.00,0.00,0.00,0.00,0.00,0.00,0.00,0.00,0.00,0.00,0.00,0.00,0
0.139733,0,130,475,0,DRIVE [ 22 ] [ 1 ] [ 1874 1874 1885 ] [    0    0    0 ] [      0      0      0 ] [ 0 ],drive [ 21 ] [ 0 ] [ 1879 1879 1885 ] [   53    0   50 ] [  11623   4391  11078 ] [ 0 ],1.00,1.00,1.00,1.00,0.29,129.77,0.00,0.00,0.00,0.00,0.00,0.00,0.00,0.00,0.00,0.00,0.00,0.00,0.00,0.00,0.00,0
0.152643,0,127,476,0,DRIVE [ 22 ] [ 1 ] [ 1869 1869 1885 ] [    0    0    0 ] [      0      0      0 ] [ 0 ],drive [ 22 ] [ 0 ] [ 1874 1874 1885 ] [   53    0   50 ] [  11623   4391  11078 ] [ 0 ],1.00,1.00,1.00,1.00,0.37,126.67,0.00,0.00,0.00,0.00,0.00,0.00,0.00,0.00,0.00,0.00,0.00,0.00,-0.00,-0.00,0.00,0
0.165011,-1,127,479,0,DRIVE [ 23 ] [ 1 ] [ 1864 1864 1885 ] [    0    0    0 ] [      0      0      0 ] [ 0 ],drive [ 22 ] [ 0 ] [ 1869 1869 1885 ] [   53    0   50 ] [  11708   4358  10877 ] [ 0 ],1.00,1.00,1.00,1.00,-0.69,126.74,0.00,0.00,0.00,0.00,0.00,0.00,0.00,0.00,0.00,0.00,0.00,0.00,0.00,-0.00,0.00,0
0.177442,-2,124,480,0,DRIVE [ 23 ] [ 1 ] [ 1860 1860 1885 ] [    0    0    0 ] [      0      0      0 ] [ 0 ],drive [ 23 ] [ 0 ] [ 1864 1864 1885 ] [   20    8   29 ] [  11708   4358  10877 ] [ 0 ],1.00,1.00,1.00,1.00,-1.81,124.08,0.00,0.00,0.00,0.00,0.00,0.00,0.00,0.00,0.00,0.00,0.00,0.00,0.00,-0.00,0.00,0
0.190252,-2,122,483,0,DRIVE [ 24 ] [ 1 ] [ 1857 1856 1885 ] [    0    0    0 ] [      0      0      0 ] [ 0 ],drive [ 23 ] [ 0 ] [ 1860 1860 1885 ] [   20    8   29 ] [  11708   4358  10877 ] [ 0 ],1.00,1.00,1.00,1.00,-1.98,121.72,0.00,0.00,0.00,0.00,0.00,0.00,0.00,0.00,0.00,0.00,0.00,0.00,0.00,-0.00,0.00,0
0.203467,-2,118,484,0,DRIVE [ 24 ] [ 1 ] [ 1853 1852 1885 ] [    0    0    0 ] [      0      0      0 ] [ 0 ],drive [ 24 ] [ 0 ] [ 1857 1856 1885 ] [   20    8   29 ] [  11708   4358  10877 ] [ 0 ],1.00,1.00,1.00,1.00,-2.49,118.49,0.00,0.00,0.00,0.00,0.00,0.00,0.00,0.00,0.00,0.00,0.00,0.00,0.00,-0.00,0.00,0
0.216542,-2,115,484,0,DRIVE [ 25 ] [ 1 ] [ 1849 1848 1885 ] [    0    0    0 ] [      0      0      0 ] [ 0 ],drive [ 24 ] [ 0 ] [ 1853 1852 1885 ] [   20    8   29 ] [  10813   3764  10339 ] [ 0 ],1.00,1.00,1.00,1.00,-2.31,115.47,0.00,0.00,0.00,0.00,0.00,0.00,0.00,0.00,0.00,0.00,0.00,0.00,0.00,-0.00,0.00,0
0.228975,-2,113,483,0,DRIVE [ 25 ] [ 1 ] [ 1845 1844 1885 ] [    0    0    0 ] [      0      0      0 ] [ 0 ],drive [ 25 ] [ 0 ] [ 1849 1848 1885 ] [   10   10   29 ] [  10813   3764  10339 ] [ 0 ],1.00,1.00,1.00,1.00,-1.50,112.59,0.00,0.00,0.00,0.00,0.00,0.00,0.00,0.00,0.00,0.00,0.00,0.00,0.00,-0.00,0.00,0
0.24206,0,111,482,0,DRIVE [ 26 ] [ 1 ] [ 1841 1841 1885 ] [    0    0    0 ] [      0      0      0 ] [ 0 ],drive [ 25 ] [ 0 ] [ 1845 1844 1885 ] [   10   10   29 ] [  10813   3764  10339 ] [ 0 ],1.00,1.00,1.00,1.00,-0.21,111.00,0.00,0.00,0.00,0.00,0.00,0.00,0.00,0.00,0.00,0.00,0.00,0.00,0.00,-0.00,0.00,0
0.255251,1,111,483,0,DRIVE [ 26 ] [ 1 ] [ 1837 1838 1885 ] [    0    0    0 ] [      0      0      0 ] [ 0 ],drive [ 26 ] [ 0 ] [ 1841 1841 1885 ] [   10   10   29 ] [  10789   3741  10437 ] [ 0 ],1.00,1.00,1.00,1.00,1.27,110.53,0.00,0.00,0.00,0.00,0.00,0.00,0.00,0.00,0.00,0.00,0.00,0.00,-0.00,-0.00,0.00,0
0.2684,3,110,483,0,DRIVE [ 27 ] [ 1 ] [ 1832 1834 1885 ] [    0    0    0 ] [      0      0      0 ] [ 0 ],drive [ 26 ] [ 0 ] [ 1837 1838 1885 ] [   10   10   29 ] [  10789   3741  10437 ] [ 0 ],1.00,1.00,1.00,1.00,2.82,110.00,0.00,0.00,0.00,0.00,0.00,0.00,0.00,0.00,0.00,0.00,0.00,0.00,-0.00,-0.00,0.00,0
0.281261,4,110,483,0,DRIVE [ 27 ] [ 1 ] [ 1826 1831 1885 ] [    0    0    0 ] [      0      0      0 ] [ 0 ],drive [ 27 ] [ 0 ] [ 1832 1834 1885 ] [   11   11   10 ] [  10789   3741  10437 ] [ 0 ],1.00,1.00,1.00,1.00,4.37,110.49,0.00,0.00,0.00,0.00,0.00,0.00,0.00,0.00,0.00,0.00,0.00,0.00,-0.00,-0.00,0.00,0
0.294235,6,111,479,0,DRIVE [ 28 ] [ 1 ] [ 1820 1827 1885 ] [    0    0    0 ] [      0      0      0 ] [ 0 ],drive [ 27 ] [ 0 ] [ 1826 1831 1885 ] [   11   11   10 ] [  10789   3741  10437 ] [ 0 ],1.00,1.00,1.00,1.00,5.83,110.56,0.00,0.00,0.00,0.00,0.00,0.00,0.00,0.00,0.00,0.00,0.00,0.00,-0.00,-0.00,0.00,0
0.30738,8,112,480,0,DRIVE [ 28 ] [ 1 ] [ 1814 1823 1885 ] [    0    0    0 ] [      0      0      0 ] [ 0 ],drive [ 28 ] [ 0 ] [ 1820 1827 1885 ] [   11   11   10 ] [  10788   3741  10437 ] [ 0 ],1.00,1.00,1.00,1.00,7.53,111.97,0.00,0.00,0.00,0.00,0.00,0.00,0.00,0.00,0.00,0.00,0.00,0.00,-0.00,-0.00,0.00,0
0.320351,9,114,480,0,DRIVE [ 29 ] [ 1 ] [ 1806 1819 1885 ] [    0    0    0 ] [      0      0      0 ] [ 0 ],drive [ 28 ] [ 0 ] [ 1814 1823 1885 ] [   12   12   10 ] [  10788   3741  10437 ] [ 0 ],1.00,1.00,1.00,1.00,9.36,113.60,0.00,0.00,0.00,0.00,0.00,0.00,0.00,0.00,0.00,0.00,0.00,0.00,-0.00,-0.00,0.00,0
0.333615,12,116,480,0,DRIVE [ 29 ] [ 1 ] [ 1799 1815 1885 ] [    0    0    0 ] [      0      0      0 ] [ 0 ],drive [ 29 ] [ 0 ] [ 1806 1819 1885 ] [   12   12   10 ] [  10788   3741  10437 ] [ 0 ],1.00,1.00,1.00,1.00,11.54,115.62,0.00,0.00,0.00,0.00,0.00,0.00,0.00,0.00,0.00,0.00,0.00,0.00,0.00,0.00,0.00,0
0.346581,15,119,480,0,DRIVE [ 30 ] [ 1 ] [ 1788 1810 1885 ] [    0    0    0 ] [      0      0      0 ] [ 0 ],drive [ 29 ] [ 0 ] [ 1799 1815 1885 ] [   12   12   10 ] [  10788   3741  10437 ] [ 0 ],1.00,1.00,1.00,1.00,14.83,119.00,0.00,0.00,0.00,0.00,0.00,0.00,0.00,0.00,0.00,0.00,0.00,0.00,0.00,0.00,0.00,0
0.359043,18,122,477,0,DRIVE [ 30 ] [ 1 ] [ 1778 1806 1885 ] [    0    0    0 ] [      0      0      0 ] [ 0 ],drive [ 30 ] [ 0 ] [ 1788 1810 1885 ] [   12   12   10 ] [  10782   3735  10447 ] [ 0 ],1.00,1.00,1.00,1.00,17.68,121.59,0.00,0.00,0.00,0.00,0.00,0.00,0.00,0.00,0.00,0.00,0.00,0.00,0.00,0.00,0.00,0
0.372159,20,124,472,0,DRIVE [ 31 ] [ 1 ] [ 1766 1801 1885 ] [    0    0    0 ] [      0      0      0 ] [ 0 ],drive [ 30 ] [ 0 ] [ 1778 1806 1885 ] [   11   12    4 ] [  10782   3735  10447 ] [ 0 ],1.00,1.00,1.00,1.00,20.36,124.44,0.00,0.00,0.00,0.00,0.00,0.00,0.00,0.00,0.00,0.00,0.00,0.00,0.00,0.00,0.00,0
0.385008,23,128,470,0,DRIVE [ 31 ] [ 1 ] [ 1754 1795 1885 ] [    0    0    0 ] [      0      0      0 ] [ 0 ],drive [ 31 ] [ 0 ] [ 1766 1801 1885 ] [   11   12    4 ] [  10782   3735  10447 ] [ 0 ],1.00,1.00,1.00,1.00,23.06,128.28,0.00,0.00,0.00,0.00,0.00,0.00,0.00,0.00,0.00,0.00,0.00,0.00,0.00,0.00,0.00,0
0.397839,26,132,469,0,DRIVE [ 32 ] [ 1 ] [ 1741 1789 1885 ] [    0    0    0 ] [      0      0      0 ] [ 0 ],drive [ 31 ] [ 0 ] [ 1754 1795 1885 ] [   11   12    4 ] [  10782   3735  10447 ] [ 0 ],1.00,1.00,1.00,1.00,25.87,132.46,0.00,0.00,0.00,0.00,0.00,0.00,0.00,0.00,0.00,0.00,0.00,0.00,0.00,0.00,0.00,0
0.411272,29,136,466,0,DRIVE [ 32 ] [ 1 ] [ 1727 1783 1885 ] [    0    0    0 ] [      0      0      0 ] [ 0 ],drive [ 32 ] [ 0 ] [ 1741 1789 1885 ] [   11   12    4 ] [  10778   3711  10452 ] [ 0 ],1.00,1.00,1.00,1.00,28.62,136.38,0.00,0.00,0.00,0.00,0.00,0.00,0.00,0.00,0.00,0.00,0.00,0.00,0.00,0.00,0.00,0
0.423767,32,141,465,0,DRIVE [ 33 ] [ 1 ] [ 1711 1776 1885 ] [    0    0    0 ] [      0      0      0 ] [ 0 ],drive [ 32 ] [ 0 ] [ 1727 1783 1885 ] [   16   16    5 ] [  10778   3711  10452 ] [ 0 ],1.00,1.00,1.00,1.00,31.58,140.64,0.00,0.00,0.00,0.00,0.00,0.00,0.00,0.00,0.00,0.00,0.00,0.00,0.00,0.00,0.00,0
0.436785,35,144,462,0,DRIVE [ 33 ] [ 1 ] [ 1695 1770 1885 ] [    0    0    0 ] [      0      0      0 ] [ 0 ],drive [ 33 ] [ 0 ] [ 1711 1776 1885 ] [   16   16    5 ] [  10778   3711  10452 ] [ 0 ],1.00,1.00,1.00,1.00,34.64,144.40,0.00,0.00,0.00,0.00,0.00,0.00,0.00,0.00,0.00,0.00,0.00,0.00,0.00,0.00,0.00,0
0.449607,38,148,457,0,DRIVE [ 34 ] [ 1 ] [ 1676 1763 1885 ] [    0    0    0 ] [      0      0      0 ] [ 0 ],drive [ 33 ] [ 0 ] [ 1695 1770 1885 ] [   16   16    5 ] [  10778   3711  10452 ] [ 0 ],1.00,1.00,1.00,1.00,38.49,148.50,0.00,0.00,0.00,0.00,0.00,0.00,0.00,0.00,0.00,0.00,0.00,0.00,0.00,0.00,0.00,0
0.462551,42,153,455,0,DRIVE [ 34 ] [ 1 ] [ 1656 1756 1885 ] [    0    0    0 ] [      0      0      0 ] [ 0 ],drive [ 34 ] [ 0 ] [ 1676 1763 1885 ] [   16   16    5 ] [  10782   3711  10452 ] [ 0 ],1.00,1.00,1.00,1.00,42.35,153.34,0.00,0.00,0.00,0.00,0.00,0.00,0.00,0.00,0.00,0.00,0.00,0.00,0.00,0.00,0.00,0
0.474933,45,157,451,0,DRIVE [ 35 ] [ 1 ] [ 1637 1750 1885 ] [    0    0    0 ] [      0      0      0 ] [ 0 ],drive [ 34 ] [ 0 ] [ 1656 1756 1885 ] [   23   19    4 ] [  10782   3711  10452 ] [ 0 ],1.00,1.00,1.00,1.00,45.44,156.84,0.00,0.00,0.00,0.00,0.00,0.00,0.00,0.00,0.00,0.00,0.00,0.00,0.00,0.00,0.00,0
0.488135,50,166,463,0,DRIVE [ 35 ] [ 1 ] [ 1618 1742 1885 ] [    0    0    0 ] [      0      0      0 ] [ 0 ],drive [ 35 ] [ 0 ] [ 1637 1750 1885 ] [   23   19    4 ] [  10782   3711  10452 ] [ 0 ],1.00,1.00,1.00,1.00,50.04,166.10,0.00,0.00,0.00,0.00,0.00,0.00,0.00,0.00,0.00,0.00,0.00,0.00,0.00,0.00,0.00,0
0.501133,52,167,453,0,DRIVE [ 36 ] [ 1 ] [ 1598 1735 1885 ] [    0    0    0 ] [      0      0      0 ] [ 0 ],drive [ 35 ] [ 0 ] [ 1618 1742 1885 ] [   23   19    4 ] [  10782   3711  10452 ] [ 0 ],1.00,1.00,1.00,1.00,51.75,167.17,0.00,0.00,0.00,0.00,0.00,0.00,0.00,0.00,0.00,0.00,0.00,0.00,0.00,0.00,0.00,0
0.51408,53,169,446,0,DRIVE [ 36 ] [ 1 ] [ 1579 1727 1885 ] [    0    0    0 ] [      0      0      0 ] [ 0 ],drive [ 36 ] [ 0 ] [ 1598 1735 1885 ] [   23   19    4 ] [  10791   3711  10453 ] [ 0 ],1.00,1.00,1.00,1.00,53.43,168.97,0.00,0.00,0.00,0.00,0.00,0.00,0.00,0.00,0.00,0.00,0.00,0.00,0.00,0.00,0.00,0
0.527998,55,171,438,0,DRIVE [ 37 ] [ 1 ] [ 1559 1718 1885 ] [    0    0    0 ] [      0      0      0 ] [ 0 ],drive [ 36 ] [ 0 ] [ 1579 1727 1885 ] [   39   21    5 ] [  10791   3711  10453 ] [ 0 ],1.00,1.00,1.00,1.00,55.02,170.80,0.00,0.00,0.00,0.00,0.00,0.00,0.00,0.00,0.00,0.00,0.00,0.00,0.00,0.00,0.00,0
0.540509,56,173,432,0,DRIVE [ 37 ] [ 1 ] [ 1538 1709 1885 ] [    0    0    0 ] [      0      0      0 ] [ 0 ],drive [ 37 ] [ 0 ] [ 1559 1718 1885 ] [   39   21    5 ] [  10791   3711  10453 ] [ 0 ],1.00,1.00,1.00,1.00,56.36,173.05,0.00,0.00,0.00,0.00,0.00,0.00,0.00,0.00,0.00,0.00,0.00,0.00,0.00,0.00,0.00,0
0.553443,57,175,426,0,DRIVE [ 38 ] [ 1 ] [ 1518 1700 1885 ] [    0    0    0 ] [      0      0      0 ] [ 0 ],drive [ 37 ] [ 0 ] [ 1538 1709 1885 ] [   39   21    5 ] [  10791   3711  10453 ] [ 0 ],1.00,1.00,1.00,1.00,57.33,174.85,0.00,0.00,0.00,0.00,0.00,0.00,0.00,0.00,0.00,0.00,0.00,0.00,0.00,0.00,0.00,0
0.5666,58,177,421,0,DRIVE [ 38 ] [ 1 ] [ 1499 1691 1885 ] [    0    0    0 ] [      0      0      0 ] [ 0 ],drive [ 38 ] [ 0 ] [ 1518 1700 1885 ] [   39   21    5 ] [  10889   3711  10453 ] [ 0 ],1.00,1.00,1.00,1.00,58.27,176.80,0.00,0.00,0.00,0.00,0.00,0.00,0.00,0.00,0.00,0.00,0.00,0.00,0.00,0.00,0.00,0
0.579535,59,179,418,0,DRIVE [ 39 ] [ 1 ] [ 1479 1682 1885 ] [    0    0    0 ] [      0      0      0 ] [ 0 ],drive [ 38 ] [ 0 ] [ 1499 1691 1885 ] [   44   24    3 ] [  10889   3711  10453 ] [ 0 ],1.00,1.00,1.00,1.00,59.34,179.14,0.00,0.00,0.00,0.00,0.00,0.00,0.00,0.00,0.00,0.00,0.00,0.00,0.00,0.00,0.00,0
0.591954,60,181,415,0,DRIVE [ 39 ] [ 1 ] [ 1459 1673 1885 ] [    0    0    0 ] [      0      0      0 ] [ 0 ],drive [ 39 ] [ 0 ] [ 1479 1682 1885 ] [   44   24    3 ] [  10889   3711  10453 ] [ 0 ],1.00,1.00,1.00,1.00,60.36,181.39,0.00,0.00,0.00,0.00,0.00,0.00,0.00,0.00,0.00,0.00,0.00,0.00,0.00,0.00,0.00,0
0.605023,61,183,411,0,DRIVE [ 40 ] [ 1 ] [ 1440 1664 1885 ] [    0    0    0 ] [      0      0      0 ] [ 0 ],drive [ 39 ] [ 0 ] [ 1459 1673 1885 ] [   44   24    3 ] [  10917   3714  10452 ] [ 0 ],1.00,1.00,1.00,1.00,61.24,183.10,0.00,0.00,0.00,0.00,0.00,0.00,0.00,0.00,0.00,0.00,0.00,0.00,0.00,0.00,0.00,0
0.617837,62,185,406,0,DRIVE [ 40 ] [ 1 ] [ 1417 1653 1885 ] [    0    0    0 ] [      0      0      0 ] [ 0 ],drive [ 40 ] [ 0 ] [ 1440 1664 1885 ] [   44   24    3 ] [  10917   3714  10452 ] [ 0 ],1.00,1.00,1.00,1.00,62.23,185.05,0.00,0.00,0.00,0.00,0.00,0.00,0.00,0.00,0.00,0.00,0.00,0.00,0.00,0.00,0.00,0
0.630132,64,188,403,0,DRIVE [ 41 ] [ 1 ] [ 1394 1643 1885 ] [    0    0    0 ] [      0      0      0 ] [ 0 ],drive [ 40 ] [ 0 ] [ 1417 1653 1885 ] [   44   26    4 ] [  10917   3714  10452 ] [ 0 ],1.00,1.00,1.00,1.00,63.54,187.96,0.00,0.00,0.00,0.00,0.00,0.00,0.00,0.00,0.00,0.00,0.00,0.00,0.00,0.00,0.00,0
0.6429,64,190,398,0,DRIVE [ 41 ] [ 1 ] [ 1373 1633 1885 ] [    0    0    0 ] [      0      0      0 ] [ 0 ],drive [ 41 ] [ 0 ] [ 1394 1643 1885 ] [   44   26    4 ] [  10917   3714  10452 ] [ 0 ],1.00,1.00,1.00,1.00,64.20,189.59,0.00,0.00,0.00,0.00,0.00,0.00,0.00,0.00,0.00,0.00,0.00,0.00,0.00,0.00,0.00,0
0.655563,65,191,393,0,DRIVE [ 42 ] [ 1 ] [ 1352 1623 1885 ] [    0    0    0 ] [      0      0      0 ] [ 0 ],drive [ 41 ] [ 0 ] [ 1373 1633 1885 ] [   44   26    4 ] [  11284   3719  10443 ] [ 0 ],1.00,1.00,1.00,1.00,64.78,190.62,0.00,0.00,0.00,0.00,0.00,0.00,0.00,0.00,0.00,0.00,0.00,0.00,0.00,0.00,0.00,0
0.668107,65,190,386,0,DRIVE [ 42 ] [ 1 ] [ 1332 1613 1885 ] [    0    0    0 ] [      0      0      0 ] [ 0 ],drive [ 42 ] [ 0 ] [ 1352 1623 1885 ] [   44   26    4 ] [  11284   3719  10443 ] [ 0 ],1.00,1.00,1.00,1.00,64.59,189.84,0.00,0.00,0.00,0.00,0.00,0.00,0.00,0.00,0.00,0.00,0.00,0.00,0.00,0.00,0.00,0
0.68059,64,189,379,0,DRIVE [ 43 ] [ 1 ] [ 1313 1603 1885 ] [    0    0    0 ] [      0      0      0 ] [ 0 ],drive [ 42 ] [ 0 ] [ 1332 1613 1885 ] [   76   29   15 ] [  11284   3719  10443 ] [ 0 ],1.00,1.00,1.00,1.00,64.26,189.38,0.00,0.00,0.00,0.00,0.00,0.00,0.00,0.00,0.00,0.00,0.00,0.00,0.00,0.00,0.00,0
0.692995,64,191,378,0,DRIVE [ 43 ] [ 1 ] [ 1295 1593 1885 ] [    0    0    0 ] [      0      0      0 ] [ 0 ],drive [ 43 ] [ 0 ] [ 1313 1603 1885 ] [   76   29   15 ] [  11284   3719  10443 ] [ 0 ],1.00,1.00,1.00,1.00,64.32,190.85,0.00,0.00,0.00,0.00,0.00,0.00,0.00,0.00,0.00,0.00,0.00,0.00,0.00,0.00,0.00,0
0.70606,64,191,374,0,DRIVE [ 44 ] [ 1 ] [ 1278 1584 1885 ] [    0    0    0 ] [      0      0      0 ] [ 0 ],drive [ 43 ] [ 0 ] [ 1295 1593 1885 ] [   76   29   15 ] [  11595   3723  10418 ] [ 0 ],1.00,1.00,1.00,1.00,63.93,190.93,0.00,0.00,0.00,0.00,0.00,0.00,0.00,0.00,0.00,0.00,0.00,0.00,0.00,0.00,0.00,0
0.718679,64,191,368,0,DRIVE [ 44 ] [ 1 ] [ 1259 1573 1885 ] [    0    0    0 ] [      0      0      0 ] [ 0 ],drive [ 44 ] [ 0 ] [ 1278 1584 1885 ] [   76   29   15 ] [  11595   3723  10418 ] [ 0 ],1.00,1.00,1.00,1.00,63.59,190.71,0.00,0.00,0.00,0.00,0.00,0.00,0.00,0.00,0.00,0.00,0.00,0.00,0.00,0.00,0.00,0
0.731175,64,192,365,0,DRIVE [ 45 ] [ 1 ] [ 1239 1563 1885 ] [    0    0    0 ] [      0      0      0 ] [ 0 ],drive [ 44 ] [ 0 ] [ 1259 1573 1885 ] [   78   32   22 ] [  11595   3723  10418 ] [ 0 ],1.00,1.00,1.00,1.00,63.90,191.80,0.00,0.00,0.00,0.00,0.00,0.00,0.00,0.00,0.00,0.00,0.00,0.00,0.00,0.00,0.00,0
0.743982,64,192,362,0,DRIVE [ 45 ] [ 1 ] [ 1219 1554 1885 ] [    0    0    0 ] [      0      0      0 ] [ 0 ],drive [ 45 ] [ 0 ] [ 1239 1563 1885 ] [   78   32   22 ] [  11595   3723  10418 ] [ 0 ],1.00,1.00,1.00,1.00,64.40,192.19,0.00,0.00,0.00,0.00,0.00,0.00,0.00,0.00,0.00,0.00,0.00,0.00,0.00,0.00,0.00,0
0.756061,65,192,358,0,DRIVE [ 46 ] [ 1 ] [ 1197 1546 1885 ] [    0    0    0 ] [      0      0      0 ] [ 0 ],drive [ 45 ] [ 0 ] [ 1219 1554 1885 ] [   78   32   22 ] [  11722   3806  10388 ] [ 0 ],1.00,1.00,1.00,1.00,64.96,192.05,0.00,0.00,0.00,0.00,0.00,0.00,0.00,0.00,0.00,0.00,0.00,0.00,0.00,0.00,0.00,0
0.768507,66,192,353,0,DRIVE [ 46 ] [ 1 ] [ 1175 1538 1885 ] [    0    0    0 ] [      0      0      0 ] [ 0 ],drive [ 46 ] [ 0 ] [ 1197 1546 1885 ] [   78   32   22 ] [  11722   3806  10388 ] [ 0 ],1.00,1.00,1.00,1.00,65.71,191.80,0.00,0.00,0.00,0.00,0.00,0.00,0.00,0.00,0.00,0.00,0.00,0.00,0.00,0.00,0.00,0
0.781067,67,191,349,0,DRIVE [ 47 ] [ 1 ] [ 1152 1531 1885 ] [    0    0    0 ] [      0      0      0 ] [ 0 ],drive [ 46 ] [ 0 ] [ 1175 1538 1885 ] [   86   34   19 ] [  11722   3806  10388 ] [ 0 ],1.00,1.00,1.00,1.00,66.53,191.27,0.00,0.00,0.00,0.00,0.00,0.00,0.00,0.00,0.00,0.00,0.00,0.00,0.00,0.00,0.00,0
0.794351,68,191,345,0,DRIVE [ 47 ] [ 1 ] [ 1129 1524 1885 ] [    0    0    0 ] [      0      0      0 ] [ 0 ],drive [ 47 ] [ 0 ] [ 1152 1531 1885 ] [   86   34   19 ] [  11722   3806  10388 ] [ 0 ],1.00,1.00,1.00,1.00,67.66,191.32,0.00,0.00,0.00,0.00,0.00,0.00,0.00,0.00,0.00,0.00,0.00,0.00,0.00,0.00,0.00,0
0.808798,69,192,343,0,DRIVE [ 48 ] [ 1 ] [ 1104 1517 1885 ] [    0    0    0 ] [      0      0      0 ] [ 0 ],drive [ 47 ] [ 0 ] [ 1129 1524 1885 ] [   86   34   19 ] [  11895   3858  10307 ] [ 0 ],1.00,1.00,1.00,1.00,68.90,191.70,0.00,0.00,0.00,0.00,0.00,0.00,0.00,0.00,0.00,0.00,0.00,0.00,0.00,0.00,0.00,0
0.825644,70,192,339,0,DRIVE [ 48 ] [ 1 ] [ 1079 1509 1885 ] [    0    0    0 ] [      0      0      0 ] [ 0 ],drive [ 48 ] [ 0 ] [ 1104 1517 1885 ] [   75   50   19 ] [  11895   3858  10307 ] [ 0 ],1.00,1.00,1.00,1.00,69.87,191.54,0.00,0.00,0.00,0.00,0.00,0.00,0.00,0.00,0.00,0.00,0.00,0.00,0.00,0.00,0.00,0
0.841904,71,192,337,0,DRIVE [ 49 ] [ 1 ] [ 1052 1501 1885 ] [    0    0    0 ] [      0      0      0 ] [ 0 ],drive [ 48 ] [ 0 ] [ 1079 1509 1885 ] [   75   50   19 ] [  11895   3858  10307 ] [ 0 ],1.00,1.00,1.00,1.00,70.85,191.60,0.00,0.00,0.00,0.00,0.00,0.00,0.00,0.00,0.00,0.00,0.00,0.00,0.00,0.00,0.00,0
0.862906,71,191,333,0,DRIVE [ 49 ] [ 1 ] [ 1025 1491 1885 ] [    0    0    0 ] [      0      0      0 ] [ 0 ],drive [ 49 ] [ 0 ] [ 1052 1501 1885 ] [   75   50   19 ] [  11895   3858  10307 ] [ 0 ],1.00,1.00,1.00,1.00,71.49,191.34,0.00,0.00,0.00,0.00,0.00,0.00,0.00,0.00,0.00,0.00,0.00,0.00,0.00,0.00,0.00,0
0.876329,71,190,328,0,DRIVE [ 50 ] [ 1 ] [ 1025 1480 1885 ] [    0    0    0 ] [      0      0      0 ] [ 0 ],drive [ 49 ] [ 0 ] [ 1025 1491 1885 ] [   84   40   17 ] [  12304   3964  10188 ] [ 0 ],1.00,1.00,1.00,1.00,71.43,189.83,0.00,0.00,0.00,0.00,0.00,0.00,0.00,0.00,0.00,0.00,0.00,0.00,0.00,0.00,0.00,0
0.889008,71,189,324,0,DRIVE [ 50 ] [ 1 ] [ 1025 1472 1885 ] [    0    0    0 ] [      0      0      0 ] [ 0 ],drive [ 50 ] [ 0 ] [ 1025 1480 1885 ] [   84   40   17 ] [  12304   3964  10188 ] [ 0 ],1.00,1.00,1.00,1.00,71.45,189.19,0.00,0.00,0.00,0.00,0.00,0.00,0.00,0.00,0.00,0.00,0.00,0.00,0.00,0.00,0.00,0
0.903783,72,188,321,0,DRIVE [ 51 ] [ 1 ] [ 1025 1466 1885 ] [    0    0    0 ] [      0      0      0 ] [ 0 ],drive [ 50 ] [ 0 ] [ 1025 1472 1885 ] [   84   40   17 ] [  12304   3964  10188 ] [ 0 ],1.00,1.00,1.00,1.00,71.63,188.28,0.00,0.00,0.00,0.00,0.00,0.00,0.00,0.00,0.00,0.00,0.00,0.00,0.00,0.00,0.00,0
0.919727,71,187,317,0,DRIVE [ 51 ] [ 1 ] [ 1025 1457 1885 ] [    0    0    0 ] [      0      0      0 ] [ 0 ],drive [ 51 ] [ 0 ] [ 1025 1466 1885 ] [   84   40   17 ] [  12735   3974  10038 ] [ 0 ],1.00,1.00,1.00,1.00,71.47,186.98,0.00,0.00,0.00,0.00,0.00,0.00,0.00,0.00,0.00,0.00,0.00,0.00,0.00,0.00,0.00,0
0.934156,71,186,313,0,DRIVE [ 52 ] [ 1 ] [ 1025 1449 1885 ] [    0    0    0 ] [      0      0      0 ] [ 0 ],drive [ 51 ] [ 0 ] [ 1025 1457 1885 ] [   92   53    7 ] [  12735   3974  10038 ] [ 0 ],1.00,1.00,1.00,1.00,71.25,185.96,0.00,0.00,0.00,0.00,0.00,0.00,0.00,0.00,0.00,0.00,0.00,0.00,0.00,0.00,0.00,0
0.950872,70,183,308,0,DRIVE [ 52 ] [ 1 ] [ 1025 1441 1885 ] [    0    0    0 ] [      0      0      0 ] [ 0 ],drive [ 52 ] [ 0 ] [ 1025 1449 1885 ] [   92   53    7 ] [  12735   3974  10038 ] [ 0 ],1.00,1.00,1.00,1.00,70.50,183.50,0.00,0.00,0.00,0.00,0.00,0.00,0.00,0.00,0.00,0.00,0.00,0.00,0.00,0.00,0.00,0
0.963116,70,182,304,0,DRIVE [ 53 ] [ 1 ] [ 1025 1434 1885 ] [    0    0    0 ] [      0      0      0 ] [ 0 ],drive [ 52 ] [ 0 ] [ 1025 1441 1885 ] [   92   53    7 ] [  12769   4101   9926 ] [ 0 ],1.00,1.00,1.00,1.00,70.31,181.79,0.00,0.00,0.00,0.00,0.00,0.00,0.00,0.00,0.00,0.00,0.00,0.00,0.00,0.00,0.00,0
0.975773,71,179,300,0,DRIVE [ 53 ] [ 1 ] [ 1025 1433 1885 ] [    0    0    0 ] [      0      0      0 ] [ 0 ],drive [ 53 ] [ 0 ] [ 1025 1434 1885 ] [  100   56   21 ] [  12769   4101   9926 ] [ 0 ],1.00,1.00,1.00,1.00,70.81,179.32,0.00,0.00,0.00,0.00,0.00,0.00,0.00,0.00,0.00,0.00,0.00,0.00,0.00,0.00,0.00,0
0.988521,72,178,298,0,DRIVE [ 54 ] [ 1 ] [ 1025 1432 1885 ] [    0    0    0 ] [      0      0      0 ] [ 0 ],drive [ 53 ] [ 0 ] [ 1025 1433 1885 ] [  100   56   21 ] [  12769   4101   9926 ] [ 0 ],1.00,1.00,1.00,1.00,71.86,178.17,0.00,0.00,0.00,0.00,0.00,0.00,0.00,0.00,0.00,0.00,0.00,0.00,0.00,0.00,0.00,0
1.00184,72,176,294,0,DRIVE [ 54 ] [ 1 ] [ 1025 1429 1885 ] [    0    0    0 ] [      0      0      0 ] [ 0 ],drive [ 54 ] [ 0 ] [ 1025 1432 1885 ] [  100   56   21 ] [  12769   4101   9926 ] [ 0 ],1.00,1.00,1.00,1.00,71.91,175.76,0.00,0.00,0.00,0.00,0.00,0.00,0.00,0.00,0.00,0.00,0.00,0.00,-0.00,-0.00,0.00,0
1.01543,72,174,290,0,DRIVE [ 55 ] [ 1 ] [ 1025 1425 1885 ] [    0    0    0 ] [      0      0      0 ] [ 0 ],drive [ 54 ] [ 0 ] [ 1025 1429 1885 ] [  100   56   21 ] [  12949   4107   9870 ] [ 0 ],1.00,1.00,1.00,1.00,71.57,173.70,0.00,0.00,0.00,0.00,0.00,0.00,0.00,0.00,0.00,0.00,0.00,0.00,-0.00,-0.00,0.00,0
1.02737,71,172,288,0,DRIVE [ 55 ] [ 1 ] [ 1025 1421 1885 ] [    0    0    0 ] [      0      0      0 ] [ 0 ],drive [ 55 ] [ 0 ] [ 1025 1425 1885 ] [   86   45   10 ] [  12949   4107   9870 ] [ 0 ],1.00,1.00,1.00,1.00,70.94,171.81,0.00,0.00,0.00,0.00,0.00,0.00,0.00,0.00,0.00,0.00,0.00,0.00,-0.00,-0.00,0.00,0
1.03984,70,170,285,0,DRIVE [ 56 ] [ 1 ] [ 1025 1416 1885 ] [    0    0    0 ] [      0      0      0 ] [ 0 ],drive [ 55 ] [ 0 ] [ 1025 1421 1885 ] [   86   45   10 ] [  12949   4107   9870 ] [ 0 ],1.00,1.00,1.00,1.00,69.99,169.83,0.00,0.00,0.00,0.00,0.00,0.00,0.00,0.00,0.00,0.00,0.00,0.00,-0.00,-0.00,0.00,0
1.052,69,168,282,0,DRIVE [ 56 ] [ 1 ] [ 1025 1412 1885 ] [    0    0    0 ] [      0      0      0 ] [ 0 ],drive [ 56 ] [ 0 ] [ 1025 1416 1885 ] [   86   45   10 ] [  12949   4107   9870 ] [ 0 ],1.00,1.00,1.00,1.00,68.93,167.60,0.00,0.00,0.00,0.00,0.00,0.00,0.00,0.00,0.00,0.00,0.00,0.00,-0.00,-0.00,0.00,0
1.06556,68,165,280,0,DRIVE [ 57 ] [ 1 ] [ 1025 1409 1885 ] [    0    0    0 ] [      0      0      0 ] [ 0 ],drive [ 56 ] [ 0 ] [ 1025 1412 1885 ] [   86   45   10 ] [  13009   4283   9778 ] [ 0 ],1.00,1.00,1.00,1.00,68.08,165.48,0.00,0.00,0.00,0.00,0.00,0.00,0.00,0.00,0.00,0.00,0.00,0.00,-0.00,-0.00,0.00,0
1.07755,67,164,279,0,DRIVE [ 57 ] [ 1 ] [ 1025 1407 1885 ] [    0    0    0 ] [      0      0      0 ] [ 0 ],drive [ 57 ] [ 0 ] [ 1025 1409 1885 ] [   96   46   16 ] [  13009   4283   9778 ] [ 0 ],1.00,1.00,1.00,1.00,67.40,163.56,0.00,0.00,0.00,0.00,0.00,0.00,0.00,0.00,0.00,0.00,0.00,0.00,-0.00,-0.00,0.00,0
1.08912,66,161,278,0,DRIVE [ 58 ] [ 1 ] [ 1025 1405 1885 ] [    0    0    0 ] [      0      0      0 ] [ 0 ],drive [ 57 ] [ 0 ] [ 1025 1407 1885 ] [   96   46   16 ] [  13009   4283   9778 ] [ 0 ],1.00,1.00,1.00,1.00,66.49,161.46,0.00,0.00,0.00,0.00,0.00,0.00,0.00,0.00,0.00,0.00,0.00,0.00,-0.00,-0.00,0.00,0
1.1012,65,158,275,0,DRIVE [ 58 ] [ 1 ] [ 1025 1405 1885 ] [    0    0    0 ] [      0      0      0 ] [ 0 ],drive [ 58 ] [ 0 ] [ 1025 1405 1885 ] [   96   46   16 ] [  13009   4283   9778 ] [ 0 ],1.00,1.00,1.00,1.00,64.63,157.86,0.00,0.00,0.00,0.00,0.00,0.00,0.00,0.00,0.00,0.00,0.00,0.00,-0.00,-0.00,0.00,0
1.1147,63,154,273,0,DRIVE [ 59 ] [ 1 ] [ 1025 1404 1885 ] [    0    0    0 ] [      0      0      0 ] [ 0 ],drive [ 58 ] [ 0 ] [ 1025 1405 1885 ] [   96   46   16 ] [  13196   4317   9575 ] [ 0 ],1.00,1.00,1.00,1.00,62.56,154.25,0.00,0.00,0.00,0.00,0.00,0.00,0.00,0.00,0.00,0.00,0.00,0.00,-0.00,-0.00,0.00,0
1.12678,60,151,272,0,DRIVE [ 59 ] [ 1 ] [ 1025 1408 1885 ] [    0    0    0 ] [      0      0      0 ] [ 0 ],drive [ 59 ] [ 0 ] [ 1025 1404 1885 ] [   86   62   10 ] [  13196   4317   9575 ] [ 0 ],1.00,1.00,1.00,1.00,60.46,151.00,0.00,0.00,0.00,0.00,0.00,0.00,0.00,0.00,0.00,0.00,0.00,0.00,-0.00,-0.00,0.00,0
1.13856,58,147,270,0,DRIVE [ 60 ] [ 1 ] [ 1025 1411 1885 ] [    0    0    0 ] [      0      0      0 ] [ 0 ],drive [ 59 ] [ 0 ] [ 1025 1408 1885 ] [   86   62   10 ] [  13196   4317   9575 ] [ 0 ],1.00,1.00,1.00,1.00,58.08,147.39,0.00,0.00,0.00,0.00,0.00,0.00,0.00,0.00,0.00,0.00,0.00,0.00,-0.00,-0.00,0.00,0
1.15059,56,144,269,0,DRIVE [ 60 ] [ 1 ] [ 1025 1413 1885 ] [    0    0    0 ] [      0      0      0 ] [ 0 ],drive [ 60 ] [ 0 ] [ 1025 1411 1885 ] [   86   62   10 ] [  13196   4317   9575 ] [ 0 ],1.00,1.00,1.00,1.00,55.54,144.28,0.00,0.00,0.00,0.00,0.00,0.00,0.00,0.00,0.00,0.00,0.00,0.00,-0.00,-0.00,0.00,0
1.16219,53,141,268,0,DRIVE [ 61 ] [ 1 ] [ 1025 1414 1885 ] [    0    0    0 ] [      0      0      0 ] [ 0 ],drive [ 60 ] [ 0 ] [ 1025 1413 1885 ] [   86   62   10 ] [  13353   4329   9438 ] [ 0 ],1.00,1.00,1.00,1.00,52.58,140.79,0.00,0.00,0.00,0.00,0.00,0.00,0.00,0.00,0.00,0.00,0.00,0.00,-0.00,-0.00,0.00,0
1.17569,50,138,268,0,DRIVE [ 61 ] [ 1 ] [ 1025 1413 1885 ] [    0    0    0 ] [      0      0      0 ] [ 0 ],drive [ 61 ] [ 0 ] [ 1025 1414 1885 ] [   95   64    5 ] [  13353   4329   9438 ] [ 0 ],1.00,1.00,1.00,1.00,49.72,138.22,0.00,0.00,0.00,0.00,0.00,0.00,0.00,0.00,0.00,0.00,0.00,0.00,-0.00,-0.00,0.00,0
1.18874,47,135,266,0,DRIVE [ 62 ] [ 1 ] [ 1025 1412 1885 ] [    0    0    0 ] [      0      0      0 ] [ 0 ],drive [ 61 ] [ 0 ] [ 1025 1413 1885 ] [   95   64    5 ] [  13353   4329   9438 ] [ 0 ],1.00,1.00,1.00,1.00,46.60,134.96,0.00,0.00,0.00,0.00,0.00,0.00,0.00,0.00,0.00,0.00,0.00,0.00,-0.00,-0.00,0.00,0
1.2006,44,132,264,0,DRIVE [ 62 ] [ 1 ] [ 1025 1411 1885 ] [    0    0    0 ] [      0      0      0 ] [ 0 ],drive [ 62 ] [ 0 ] [ 1025 1412 1885 ] [   95   64    5 ] [  13353   4329   9438 ] [ 0 ],1.00,1.00,1.00,1.00,43.66,132.03,0.00,0.00,0.00,0.00,0.00,0.00,0.00,0.00,0.00,0.00,0.00,0.00,-0.00,-0.00,0.00,0
1.2137,41,129,262,0,DRIVE [ 63 ] [ 1 ] [ 1025 1409 1885 ] [    0    0    0 ] [      0      0      0 ] [ 0 ],drive [ 62 ] [ 0 ] [ 1025 1411 1885 ] [   95   64    5 ] [  13424   4329   9371 ] [ 0 ],1.00,1.00,1.00,1.00,40.72,128.97,0.00,0.00,0.00,0.00,0.00,0.00,0.00,0.00,0.00,0.00,0.00,0.00,-0.00,-0.00,0.00,0
1.22577,38,126,260,0,DRIVE [ 63 ] [ 1 ] [ 1025 1407 1885 ] [    0    0    0 ] [      0      0      0 ] [ 0 ],drive [ 63 ] [ 0 ] [ 1025 1409 1885 ] [  100   64   22 ] [  13424   4329   9371 ] [ 0 ],1.00,1.00,1.00,1.00,37.77,126.04,0.00,0.00,0.00,0.00,0.00,0.00,0.00,0.00,0.00,0.00,0.00,0.00,-0.00,-0.00,0.00,0
1.23751,35,123,259,0,DRIVE [ 64 ] [ 1 ] [ 1025 1406 1885 ] [    0    0    0 ] [      0      0      0 ] [ 0 ],drive [ 63 ] [ 0 ] [ 1025 1407 1885 ] [  100   64   22 ] [  13424   4329   9371 ] [ 0 ],1.00,1.00,1.00,1.00,34.63,122.78,0.00,0.00,0.00,0.00,0.00,0.00,0.00,0.00,0.00,0.00,0.00,0.00,-0.00,-0.00,0.00,0
1.24932,32,119,257,0,DRIVE [ 64 ] [ 1 ] [ 1051 1406 1885 ] [    0    0    0 ] [      0      0      0 ] [ 0 ],drive [ 64 ] [ 0 ] [ 1025 1406 1885 ] [  100   64   22 ] [  13424   4329   9371 ] [ 0 ],1.00,1.00,1.00,1.00,31.72,119.38,0.00,0.00,0.00,0.00,0.00,0.00,0.00,0.00,0.00,0.00,0.00,0.00,-0.00,-0.00,0.00,0
1.26094,29,117,257,0,DRIVE [ 65 ] [ 1 ] [ 1080 1407 1885 ] [    0    0    0 ] [      0      0      0 ] [ 0 ],drive [ 64 ] [ 0 ] [ 1051 1406 1885 ] [  100   64   22 ] [  13606   4330   9277 ] [ 0 ],1.00,1.00,1.00,1.00,29.15,116.68,0.00,0.00,0.00,0.00,0.00,0.00,0.00,0.00,0.00,0.00,0.00,0.00,-0.00,-0.00,0.00,0
1.27215,26,114,257,0,DRIVE [ 65 ] [ 1 ] [ 1110 1407 1885 ] [    0    0    0 ] [      0      0      0 ] [ 0 ],drive [ 65 ] [ 0 ] [ 1080 1407 1885 ] [   92   71    6 ] [  13606   4330   9277 ] [ 0 ],1.00,1.00,1.00,1.00,26.44,113.72,0.00,0.00,0.00,0.00,0.00,0.00,0.00,0.00,0.00,0.00,0.00,0.00,-0.00,-0.00,0.00,0
1.28403,24,110,255,0,DRIVE [ 66 ] [ 1 ] [ 1140 1408 1885 ] [    0    0    0 ] [      0      0      0 ] [ 0 ],drive [ 65 ] [ 0 ] [ 1110 1407 1885 ] [   92   71    6 ] [  13606   4330   9277 ] [ 0 ],1.00,1.00,1.00,1.00,23.63,110.46,0.00,0.00,0.00,0.00,0.00,0.00,0.00,0.00,0.00,0.00,0.00,0.00,-0.00,-0.00,0.00,0
1.29694,21,107,254,0,DRIVE [ 66 ] [ 1 ] [ 1172 1409 1885 ] [    0    0    0 ] [      0      0      0 ] [ 0 ],drive [ 66 ] [ 0 ] [ 1140 1408 1885 ] [   92   71    6 ] [  13606   4330   9277 ] [ 0 ],1.00,1.00,1.00,1.00,20.68,106.83,0.00,0.00,0.00,0.00,0.00,0.00,0.00,0.00,0.00,0.00,0.00,0.00,-0.00,-0.00,0.00,0
1.30858,18,104,252,0,DRIVE [ 67 ] [ 1 ] [ 1203 1410 1885 ] [    0    0    0 ] [      0      0      0 ] [ 0 ],drive [ 66 ] [ 0 ] [ 1172 1409 1885 ] [   92   71    6 ] [  13639   4422   9145 ] [ 0 ],1.00,1.00,1.00,1.00,17.94,103.50,0.00,0.00,0.00,0.00,0.00,0.00,0.00,0.00,0.00,0.00,0.00,0.00,-0.00,-0.00,0.00,0
1.32043,15,100,251,0,DRIVE [ 67 ] [ 1 ] [ 1232 1412 1885 ] [    0    0    0 ] [      0      0      0 ] [ 0 ],drive [ 67 ] [ 0 ] [ 1203 1410 1885 ] [   80   53   26 ] [  13639   4422   9145 ] [ 0 ],1.00,1.00,1.00,1.00,15.49,100.11,0.00,0.00,0.00,0.00,0.00,0.00,0.00,0.00,0.00,0.00,0.00,0.00,-0.00,-0.00,0.00,0
1.33169,13,97,249,0,DRIVE [ 68 ] [ 1 ] [ 1259 1415 1885 ] [    0    0    0 ] [      0      0      0 ] [ 0 ],drive [ 67 ] [ 0 ] [ 1232 1412 1885 ] [   80   53   26 ] [  13639   4422   9145 ] [ 0 ],1.00,1.00,1.00,1.00,13.38,96.68,0.00,0.00,0.00,0.00,0.00,0.00,0.00,0.00,0.00,0.00,0.00,0.00,-0.00,-0.00,0.00,0
1.34312,12,93,248,0,DRIVE [ 68 ] [ 1 ] [ 1284 1420 1885 ] [    0    0    0 ] [      0      0      0 ] [ 0 ],drive [ 68 ] [ 0 ] [ 1259 1415 1885 ] [   80   53   26 ] [  13639   4422   9145 ] [ 0 ],1.00,1.00,1.00,1.00,11.53,93.49,0.00,0.00,0.00,0.00,0.00,0.00,0.00,0.00,0.00,0.00,0.00,0.00,-0.00,-0.00,0.00,0
1.35411,9,90,247,0,DRIVE [ 69 ] [ 1 ] [ 1316 1425 1885 ] [    0    0    0 ] [      0      0      0 ] [ 0 ],drive [ 68 ] [ 0 ] [ 1284 1420 1885 ] [   80   53   26 ] [  13635   4424   9093 ] [ 0 ],1.00,1.00,1.00,1.00,9.22,89.77,0.00,0.00,0.00,0.00,0.00,0.00,0.00,0.00,0.00,0.00,0.00,0.00,-0.00,-0.00,0.00,0
1.36548,7,86,245,0,DRIVE [ 69 ] [ 1 ] [ 1346 1430 1885 ] [    0    0    0 ] [      0      0      0 ] [ 0 ],drive [ 69 ] [ 0 ] [ 1316 1425 1885 ] [   80   53   26 ] [  13635   4424   9093 ] [ 0 ],1.00,1.00,1.00,1.00,7.05,86.08,0.00,0.00,0.00,0.00,0.00,0.00,0.00,0.00,0.00,0.00,0.00,0.00,-0.00,-0.00,0.00,0
1.37764,5,83,244,0,DRIVE [ 70 ] [ 1 ] [ 1373 1433 1885 ] [    0    0    0 ] [      0      0      0 ] [ 0 ],drive [ 69 ] [ 0 ] [ 1346 1430 1885 ] [   66   54    7 ] [  13635   4424   9093 ] [ 0 ],1.00,1.00,1.00,1.00,5.00,82.85,0.00,0.00,0.00,0.00,0.00,0.00,0.00,0.00,0.00,0.00,0.00,0.00,-0.00,-0.00,0.00,0
1.3885,3,80,243,0,DRIVE [ 70 ] [ 1 ] [ 1400 1436 1885 ] [    0    0    0 ] [      0      0      0 ] [ 0 ],drive [ 70 ] [ 0 ] [ 1373 1433 1885 ] [   66   54    7 ] [  13635   4424   9093 ] [ 0 ],1.00,1.00,1.00,1.00,2.93,79.88,0.00,0.00,0.00,0.00,0.00,0.00,0.00,0.00,0.00,0.00,0.00,0.00,-0.00,-0.00,0.00,0
1.39985,1,77,242,0,DRIVE [ 71 ] [ 1 ] [ 1427 1437 1885 ] [    0    0    0 ] [      0      0      0 ] [ 0 ],drive [ 70 ] [ 0 ] [ 1400 1436 1885 ] [   66   54    7 ] [  13635   4424   9093 ] [ 0 ],1.00,1.00,1.00,1.00,0.86,77.25,0.00,0.00,0.00,0.00,0.00,0.00,0.00,0.00,0.00,0.00,0.00,0.00,-0.00,-0.00,0.00,0
1.41098,-1,74,240,0,DRIVE [ 71 ] [ 1 ] [ 1453 1437 1885 ] [    0    0    0 ] [      0      0      0 ] [ 0 ],drive [ 71 ] [ 0 ] [ 1427 1437 1885 ] [   66   54    7 ] [  13629   4427   9026 ] [ 0 ],1.00,1.00,1.00,1.00,-1.25,74.23,0.00,0.00,0.00,0.00,0.00,0.00,0.00,0.00,0.00,0.00,0.00,0.00,0.00,-0.00,0.00,0
1.42187,-3,71,238,0,DRIVE [ 72 ] [ 1 ] [ 1479 1438 1885 ] [    0    0    0 ] [      0      0      0 ] [ 0 ],drive [ 71 ] [ 0 ] [ 1453 1437 1885 ] [   47   53   22 ] [  13629   4427   9026 ] [ 0 ],1.00,1.00,1.00,1.00,-3.32,71.25,0.00,0.00,0.00,0.00,0.00,0.00,0.00,0.00,0.00,0.00,0.00,0.00,0.00,-0.00,0.00,0
1.43323,-5,68,237,0,DRIVE [ 72 ] [ 1 ] [ 1505 1437 1885 ] [    0    0    0 ] [      0      0      0 ] [ 0 ],drive [ 72 ] [ 0 ] [ 1479 1438 1885 ] [   47   53   22 ] [  13629   4427   9026 ] [ 0 ],1.00,1.00,1.00,1.00,-5.42,68.37,0.00,0.00,0.00,0.00,0.00,0.00,0.00,0.00,0.00,0.00,0.00,0.00,0.00,-0.00,0.00,0
1.44434,-8,66,236,0,DRIVE [ 73 ] [ 1 ] [ 1531 1436 1885 ] [    0    0    0 ] [      0      0      0 ] [ 0 ],drive [ 72 ] [ 0 ] [ 1505 1437 1885 ] [   47   53   22 ] [  13629   4427   9026 ] [ 0 ],1.00,1.00,1.00,1.00,-7.53,65.69,0.00,0.00,0.00,0.00,0.00,0.00,0.00,0.00,0.00,0.00,0.00,0.00,0.00,-0.00,0.00,0
1.45518,-10,63,235,0,DRIVE [ 73 ] [ 1 ] [ 1557 1433 1885 ] [    0    0    0 ] [      0      0      0 ] [ 0 ],drive [ 73 ] [ 0 ] [ 1531 1436 1885 ] [   47   53   22 ] [  13618   4427   8952 ] [ 0 ],1.00,1.00,1.00,1.00,-9.67,63.13,0.00,0.00,0.00,0.00,0.00,0.00,0.00,0.00,0.00,0.00,0.00,0.00,0.00,-0.00,0.00,0
1.46661,-12,60,233,0,DRIVE [ 74 ] [ 1 ] [ 1583 1430 1885 ] [    0    0    0 ] [      0      0      0 ] [ 0 ],drive [ 73 ] [ 0 ] [ 1557 1433 1885 ] [   47   53   22 ] [  13618   4427   8952 ] [ 0 ],1.00,1.00,1.00,1.00,-11.83,60.47,0.00,0.00,0.00,0.00,0.00,0.00,0.00,0.00,0.00,0.00,0.00,0.00,0.00,-0.00,0.00,0
1.478,-14,58,232,0,DRIVE [ 74 ] [ 1 ] [ 1608 1425 1885 ] [    0    0    0 ] [      0      0      0 ] [ 0 ],drive [ 74 ] [ 0 ] [ 1583 1430 1885 ] [   36   53   26 ] [  13618   4427   8952 ] [ 0 ],1.00,1.00,1.00,1.00,-14.01,57.80,0.00,0.00,0.00,0.00,0.00,0.00,0.00,0.00,0.00,0.00,0.00,0.00,0.00,-0.00,0.00,0
1.48899,-16,55,230,0,DRIVE [ 75 ] [ 1 ] [ 1633 1420 1885 ] [    0    0    0 ] [      0      0      0 ] [ 0 ],drive [ 74 ] [ 0 ] [ 1608 1425 1885 ] [   36   53   26 ] [  13618   4427   8952 ] [ 0 ],1.00,1.00,1.00,1.00,-16.13,55.07,0.00,0.00,0.00,0.00,0.00,0.00,0.00,0.00,0.00,0.00,0.00,0.00,0.00,-0.00,0.00,0
1.50032,-18,53,230,0,DRIVE [ 75 ] [ 1 ] [ 1658 1415 1885 ] [    0    0    0 ] [      0      0      0 ] [ 0 ],drive [ 75 ] [ 0 ] [ 1633 1420 1885 ] [   36   53   26 ] [  13618   4427   8952 ] [ 0 ],1.00,1.00,1.00,1.00,-18.26,52.54,0.00,0.00,0.00,0.00,0.00,0.00,0.00,0.00,0.00,0.00,0.00,0.00,0.00,-0.00,0.00,0
1.51148,-20,50,228,0,DRIVE [ 76 ] [ 1 ] [ 1681 1409 1885 ] [    0    0    0 ] [      0      0      0 ] [ 0 ],drive [ 75 ] [ 0 ] [ 1658 1415 1885 ] [   36   53   26 ] [  13565   4429   8842 ] [ 0 ],1.00,1.00,1.00,1.00,-20.14,49.90,0.00,0.00,0.00,0.00,0.00,0.00,0.00,0.00,0.00,0.00,0.00,0.00,0.00,-0.00,0.00,0
1.52232,-22,47,227,0,DRIVE [ 76 ] [ 1 ] [ 1703 1401 1885 ] [    0    0    0 ] [      0      0      0 ] [ 0 ],drive [ 76 ] [ 0 ] [ 1681 1409 1885 ] [   44   61    2 ] [  13565   4429   8842 ] [ 0 ],1.00,1.00,1.00,1.00,-22.06,47.45,0.00,0.00,0.00,0.00,0.00,0.00,0.00,0.00,0.00,0.00,0.00,0.00,0.00,-0.00,0.00,0
1.53354,-24,45,225,0,DRIVE [ 77 ] [ 1 ] [ 1723 1391 1885 ] [    0    0    0 ] [      0      0      0 ] [ 0 ],drive [ 76 ] [ 0 ] [ 1703 1401 1885 ] [   44   61    2 ] [  13565   4429   8842 ] [ 0 ],1.00,1.00,1.00,1.00,-23.89,45.24,0.00,0.00,0.00,0.00,0.00,0.00,0.00,0.00,0.00,0.00,0.00,0.00,0.00,-0.00,0.00,0
1.54458,-26,43,224,0,DRIVE [ 77 ] [ 1 ] [ 1742 1379 1885 ] [    0    0    0 ] [      0      0      0 ] [ 0 ],drive [ 77 ] [ 0 ] [ 1723 1391 1885 ] [   44   61    2 ] [  13565   4429   8842 ] [ 0 ],1.00,1.00,1.00,1.00,-25.72,43.28,0.00,0.00,0.00,0.00,0.00,0.00,0.00,0.00,0.00,0.00,0.00,0.00,0.00,-0.00,0.00,0
1.55528,-27,41,222,0,DRIVE [ 78 ] [ 1 ] [ 1759 1366 1885 ] [    0    0    0 ] [      0      0      0 ] [ 0 ],drive [ 77 ] [ 0 ] [ 1742 1379 1885 ] [   44   61    2 ] [  13216   4584   8840 ] [ 0 ],1.00,1.00,1.00,1.00,-27.39,41.32,0.00,0.00,0.00,0.00,0.00,0.00,0.00,0.00,0.00,0.00,0.00,0.00,0.00,-0.00,0.00,0
1.56663,-29,39,221,0,DRIVE [ 78 ] [ 1 ] [ 1776 1355 1885 ] [    0    0    0 ] [      0      0      0 ] [ 0 ],drive [ 78 ] [ 0 ] [ 1759 1366 1885 ] [   44   61    2 ] [  13216   4584   8840 ] [ 0 ],1.00,1.00,1.00,1.00,-28.83,39.42,0.00,0.00,0.00,0.00,0.00,-0.00,0.00,0.00,0.00,0.00,0.00,0.00,0.00,-0.00,0.00,0
1.5777,-30,38,220,0,DRIVE [ 79 ] [ 1 ] [ 1791 1343 1885 ] [    0    0    0 ] [      0      0      0 ] [ 0 ],drive [ 78 ] [ 0 ] [ 1776 1355 1885 ] [   35   51    4 ] [  13216   4584   8840 ] [ 0 ],1.00,1.00,1.00,1.00,-30.25,37.62,0.00,0.00,0.00,0.00,0.00,-0.00,0.00,0.00,0.00,0.00,0.00,0.00,0.00,-0.00,0.00,0
1.58856,-31,36,218,0,DRIVE [ 79 ] [ 1 ] [ 1807 1332 1885 ] [    0    0    0 ] [      0      0      0 ] [ 0 ],drive [ 79 ] [ 0 ] [ 1791 1343 1885 ] [   35   51    4 ] [  13216   4584   8840 ] [ 0 ],1.00,1.00,1.00,1.00,-31.46,35.69,0.00,0.00,0.00,0.00,0.00,-0.00,0.00,0.00,0.00,0.00,0.00,0.00,0.00,-0.00,0.00,0
1.5998,-33,34,216,0,DRIVE [ 80 ] [ 1 ] [ 1822 1318 1885 ] [    0    0    0 ] [      0      0      0 ] [ 0 ],drive [ 79 ] [ 0 ] [ 1807 1332 1885 ] [   35   51    4 ] [  13216   4584   8840 ] [ 0 ],1.00,1.00,1.00,1.00,-32.77,33.89,0.00,0.00,0.00,0.00,0.00,-0.00,0.00,0.00,0.00,0.00,0.00,0.00,0.00,-0.00,0.00,0
1.61094,-34,32,215,0,DRIVE [ 80 ] [ 1 ] [ 1838 1302 1885 ] [    0    0    0 ] [      0      0      0 ] [ 0 ],drive [ 80 ] [ 0 ] [ 1822 1318 1885 ] [   35   51    4 ] [  13037   4653   8798 ] [ 0 ],1.00,1.00,1.00,1.00,-34.21,32.20,0.00,0.00,0.00,0.00,0.00,-0.00,0.00,0.00,0.00,0.00,0.00,0.00,0.00,-0.00,0.00,0
1.62169,-36,30,213,0,DRIVE [ 81 ] [ 1 ] [ 1853 1283 1885 ] [    0    0    0 ] [      0      0      0 ] [ 0 ],drive [ 80 ] [ 0 ] [ 1838 1302 1885 ] [   34   57   21 ] [  13037   4653   8798 ] [ 0 ],1.00,1.00,1.00,1.00,-35.54,30.40,0.00,0.00,0.00,0.00,0.00,-0.00,0.00,0.00,0.00,0.00,0.00,0.00,0.00,-0.00,0.00,0
1.63301,-37,29,212,0,DRIVE [ 81 ] [ 1 ] [ 1869 1263 1885 ] [    0    0    0 ] [      0      0      0 ] [ 0 ],drive [ 81 ] [ 0 ] [ 1853 1283 1885 ] [   34   57   21 ] [  13037   4653   8798 ] [ 0 ],1.00,1.00,1.00,1.00,-36.97,28.63,0.00,0.00,0.00,0.00,0.00,-0.00,0.00,0.00,0.00,0.00,0.00,0.00,0.00,-0.00,0.00,0
1.64435,-38,27,210,0,DRIVE [ 82 ] [ 1 ] [ 1884 1242 1885 ] [    0    0    0 ] [      0      0      0 ] [ 0 ],drive [ 81 ] [ 0 ] [ 1869 1263 1885 ] [   34   57   21 ] [  13037   4653   8798 ] [ 0 ],1.00,1.00,1.00,1.00,-38.35,26.93,0.00,0.00,0.00,0.00,0.00,-0.00,0.00,0.00,0.00,0.00,0.00,0.00,0.00,0.00,0.00,0
1.65525,-40,25,209,0,DRIVE [ 82 ] [ 1 ] [ 1884 1250 1872 ] [    0    0    0 ] [      0      0      0 ] [ 0 ],drive [ 82 ] [ 0 ] [ 1884 1242 1885 ] [   34   57   21 ] [  12804   5009   8772 ] [ 0 ],1.00,1.00,1.00,1.00,-39.57,25.28,0.00,0.00,0.00,0.00,0.00,-0.00,0.00,0.00,0.00,0.00,0.00,0.00,0.00,0.00,0.00,0
1.66667,-41,24,208,0,DRIVE [ 83 ] [ 1 ] [ 1884 1258 1860 ] [    0    0    0 ] [      0      0      0 ] [ 0 ],drive [ 82 ] [ 0 ] [ 1884 1250 1872 ] [   34   57   21 ] [  12804   5009   8772 ] [ 0 ],1.00,1.00,1.00,1.00,-40.55,23.69,0.00,0.00,0.00,0.00,0.00,-0.00,0.00,0.00,0.00,0.00,0.00,0.00,0.00,0.00,0.00,0
1.67788,-41,22,207,0,DRIVE [ 83 ] [ 1 ] [ 1884 1267 1849 ] [    0    0    0 ] [      0      0      0 ] [ 0 ],drive [ 83 ] [ 0 ] [ 1884 1258 1860 ] [    6   87   21 ] [  12804   5009   8772 ] [ 0 ],1.00,1.00,1.00,1.00,-41.29,22.16,0.00,0.00,0.00,0.00,0.00,-0.00,0.00,0.00,0.00,0.00,0.00,0.00,0.00,0.00,0.00,0
1.68851,-42,21,206,0,DRIVE [ 84 ] [ 1 ] [ 1884 1277 1839 ] [    0    0    0 ] [      0      0      0 ] [ 0 ],drive [ 83 ] [ 0 ] [ 1884 1267 1849 ] [    6   87   21 ] [  12804   5009   8772 ] [ 0 ],1.00,1.00,1.00,1.00,-41.87,20.63,0.00,0.00,0.00,0.00,0.00,-0.00,0.00,0.00,0.00,0.00,0.00,0.00,0.00,0.00,0.00,0
1.69979,-42,19,204,0,DRIVE [ 84 ] [ 1 ] [ 1884 1287 1829 ] [    0    0    0 ] [      0      0      0 ] [ 0 ],drive [ 84 ] [ 0 ] [ 1884 1277 1839 ] [    6   87   21 ] [  12804   5009   8772 ] [ 0 ],1.00,1.00,1.00,1.00,-42.14,19.10,0.00,0.00,0.00,0.00,0.00,-0.00,0.00,0.00,0.00,0.00,0.00,0.00,0.00,0.00,0.00,0
1.7122,-42,18,203,0,DRIVE [ 85 ] [ 1 ] [ 1884 1299 1820 ] [    0    0    0 ] [      0      0      0 ] [ 0 ],drive [ 84 ] [ 0 ] [ 1884 1287 1829 ] [    6   87   21 ] [  12465   5345   8776 ] [ 0 ],1.00,1.00,1.00,1.00,-42.26,17.66,0.00,0.00,0.00,0.00,0.00,-0.00,0.00,0.00,0.00,0.00,0.00,0.00,0.00,0.00,0.00,0
1.72325,-42,16,202,0,DRIVE [ 85 ] [ 1 ] [ 1884 1309 1813 ] [    0    0    0 ] [      0      0      0 ] [ 0 ],drive [ 85 ] [ 0 ] [ 1884 1299 1820 ] [    6   73   25 ] [  12465   5345   8776 ] [ 0 ],1.00,1.00,1.00,1.00,-42.25,16.33,0.00,0.00,0.00,0.00,0.00,-0.00,0.00,0.00,0.00,0.00,0.00,0.00,0.00,0.00,0.00,0
1.73465,-42,15,200,0,DRIVE [ 86 ] [ 1 ] [ 1884 1317 1806 ] [    0    0    0 ] [      0      0      0 ] [ 0 ],drive [ 85 ] [ 0 ] [ 1884 1309 1813 ] [    6   73   25 ] [  12465   5345   8776 ] [ 0 ],1.00,1.00,1.00,1.00,-42.24,15.20,0.00,0.00,0.00,0.00,0.00,-0.00,0.00,0.00,0.00,0.00,0.00,0.00,0.00,0.00,0.00,0
1.74587,-42,14,199,0,DRIVE [ 86 ] [ 1 ] [ 1884 1321 1800 ] [    0    0    0 ] [      0      0      0 ] [ 0 ],drive [ 86 ] [ 0 ] [ 1884 1317 1806 ] [    6   73   25 ] [  12465   5345   8776 ] [ 0 ],1.00,1.00,1.00,1.00,-42.33,14.34,0.00,0.00,0.00,0.00,0.00,-0.00,0.00,0.00,0.00,0.00,0.00,0.00,0.00,0.00,0.00,0
1.75706,-42,14,197,0,DRIVE [ 87 ] [ 1 ] [ 1884 1324 1795 ] [    0    0    0 ] [      0      0      0 ] [ 0 ],drive [ 86 ] [ 0 ] [ 1884 1321 1800 ] [    6   73   25 ] [  12168   5344   8903 ] [ 0 ],1.00,1.00,1.00,1.00,-42.26,13.61,0.00,0.00,0.00,0.00,0.00,-0.00,0.00,0.00,0.00,0.00,0.00,0.00,0.00,0.00,0.00,0
1.76859,-42,13,195,0,DRIVE [ 87 ] [ 1 ] [ 1884 1325 1792 ] [    0    0    0 ] [      0      0      0 ] [ 0 ],drive [ 87 ] [ 0 ] [ 1884 1324 1795 ] [    4   68   17 ] [  12168   5344   8903 ] [ 0 ],1.00,1.00,1.00,1.00,-42.08,13.10,0.00,0.00,0.00,0.00,0.00,-0.00,0.00,0.00,0.00,0.00,0.00,0.00,0.00,0.00,0.00,0
1.77979,-42,13,194,0,DRIVE [ 88 ] [ 1 ] [ 1884 1327 1791 ] [    0    0    0 ] [      0      0      0 ] [ 0 ],drive [ 87 ] [ 0 ] [ 1884 1325 1792 ] [    4   68   17 ] [  12168   5344   8903 ] [ 0 ],1.00,1.00,1.00,1.00,-41.81,12.77,0.00,0.00,0.00,0.00,0.00,-0.00,0.00,0.00,0.00,0.00,0.00,0.00,0.00,0.00,0.00,0
1.79064,-41,13,192,0,DRIVE [ 88 ] [ 1 ] [ 1884 1330 1791 ] [    0    0    0 ] [      0      0      0 ] [ 0 ],drive [ 88 ] [ 0 ] [ 1884 1327 1791 ] [    4   68   17 ] [  12168   5344   8903 ] [ 0 ],1.00,1.00,1.00,1.00,-41.30,12.56,0.00,0.00,0.00,0.00,0.00,-0.00,0.00,0.00,0.00,0.00,0.00,0.00,0.00,0.00,0.00,0
1.80203,-41,12,190,0,DRIVE [ 89 ] [ 1 ] [ 1884 1334 1792 ] [    0    0    0 ] [      0      0      0 ] [ 0 ],drive [ 88 ] [ 0 ] [ 1884 1330 1791 ] [    4   68   17 ] [  12168   5344   8903 ] [ 0 ],1.00,1.00,1.00,1.00,-40.64,12.39,0.00,0.00,0.00,0.00,0.00,-0.00,0.00,0.00,0.00,0.00,0.00,0.00,0.00,0.00,0.00,0
1.81332,-40,12,189,0,DRIVE [ 89 ] [ 1 ] [ 1884 1340 1793 ] [    0    0    0 ] [      0      0      0 ] [ 0 ],drive [ 89 ] [ 0 ] [ 1884 1334 1792 ] [    4   68   17 ] [  11878   5344   9069 ] [ 0 ],1.00,1.00,1.00,1.00,-39.72,12.17,0.00,0.00,0.00,0.00,0.00,-0.00,0.00,0.00,0.00,0.00,0.00,0.00,0.00,0.00,0.00,0
1.82423,-39,12,187,0,DRIVE [ 90 ] [ 1 ] [ 1884 1349 1795 ] [    0    0    0 ] [      0      0      0 ] [ 0 ],drive [ 89 ] [ 0 ] [ 1884 1340 1793 ] [   24   68   15 ] [  11878   5344   9069 ] [ 0 ],1.00,1.00,1.00,1.00,-38.66,11.92,0.00,0.00,0.00,0.00,0.00,-0.00,0.00,0.00,0.00,0.00,0.00,0.00,0.00,0.00,0.00,0
1.83561,-37,12,185,0,DRIVE [ 90 ] [ 1 ] [ 1884 1361 1798 ] [    0    0    0 ] [      0      0      0 ] [ 0 ],drive [ 90 ] [ 0 ] [ 1884 1349 1795 ] [   24   68   15 ] [  11878   5344   9069 ] [ 0 ],1.00,1.00,1.00,1.00,-37.44,11.62,0.00,0.00,0.00,0.00,0.00,-0.00,0.00,0.00,0.00,0.00,0.00,0.00,0.00,0.00,0.00,0
1.84682,-36,11,184,0,DRIVE [ 91 ] [ 1 ] [ 1884 1375 1801 ] [    0    0    0 ] [      0      0      0 ] [ 0 ],drive [ 90 ] [ 0 ] [ 1884 1361 1798 ] [   24   68   15 ] [  11878   5344   9069 ] [ 0 ],1.00,1.00,1.00,1.00,-36.01,11.24,0.00,0.00,0.00,0.00,0.00,-0.00,0.00,0.00,0.00,0.00,0.00,0.00,0.00,-0.00,0.00,0
1.8575,-34,11,182,0,DRIVE [ 91 ] [ 1 ] [ 1884 1392 1804 ] [    0    0    0 ] [      0      0      0 ] [ 0 ],drive [ 91 ] [ 0 ] [ 1884 1375 1801 ] [   24   68   15 ] [  11833   5344   9084 ] [ 0 ],1.00,1.00,1.00,1.00,-34.41,10.76,0.00,0.00,0.00,0.00,0.00,-0.00,0.00,0.00,0.00,0.00,0.00,0.00,0.00,-0.00,0.00,0
1.86873,-33,10,181,0,DRIVE [ 92 ] [ 1 ] [ 1884 1412 1807 ] [    0    0    0 ] [      0      0      0 ] [ 0 ],drive [ 91 ] [ 0 ] [ 1884 1392 1804 ] [    6   65   14 ] [  11833   5344   9084 ] [ 0 ],1.00,1.00,1.00,1.00,-32.73,10.25,0.00,0.00,0.00,0.00,0.00,-0.00,0.00,0.00,0.00,0.00,0.00,0.00,0.00,-0.00,0.00,0
1.87961,-31,10,179,0,DRIVE [ 92 ] [ 1 ] [ 1884 1434 1811 ] [    0    0    0 ] [      0      0      0 ] [ 0 ],drive [ 92 ] [ 0 ] [ 1884 1412 1807 ] [    6   65   14 ] [  11833   5344   9084 ] [ 0 ],1.00,1.00,1.00,1.00,-30.85,9.71,0.00,0.00,0.00,0.00,0.00,-0.00,0.00,0.00,0.00,0.00,0.00,0.00,0.00,-0.00,0.00,0
1.89006,-29,9,177,0,DRIVE [ 93 ] [ 1 ] [ 1884 1457 1816 ] [    0    0    0 ] [      0      0      0 ] [ 0 ],drive [ 92 ] [ 0 ] [ 1884 1434 1811 ] [    6   65   14 ] [  11833   5344   9084 ] [ 0 ],1.00,1.00,1.00,1.00,-28.91,9.23,0.00,0.00,0.00,0.00,0.00,-0.00,0.00,0.00,0.00,0.00,0.00,0.00,0.00,-0.00,0.00,0
1.90123,-27,9,176,0,DRIVE [ 93 ] [ 1 ] [ 1884 1482 1822 ] [    0    0    0 ] [      0      0      0 ] [ 0 ],drive [ 93 ] [ 0 ] [ 1884 1457 1816 ] [    6   65   14 ] [  11833   5344   9084 ] [ 0 ],1.00,1.00,1.00,1.00,-26.73,8.80,0.00,0.00,0.00,0.00,0.00,-0.00,0.00,0.00,0.00,0.00,0.00,0.00,0.00,-0.00,0.00,0
1.91227,-24,8,174,0,DRIVE [ 94 ] [ 1 ] [ 1884 1508 1830 ] [    0    0    0 ] [      0      0      0 ] [ 0 ],drive [ 93 ] [ 0 ] [ 1884 1482 1822 ] [    6   65   14 ] [  11715   5341   9092 ] [ 0 ],1.00,1.00,1.00,1.00,-24.36,8.48,0.00,0.00,0.00,0.00,0.00,-0.00,0.00,0.00,0.00,0.00,0.00,0.00,0.00,-0.00,0.00,0
1.92315,-22,8,172,0,DRIVE [ 94 ] [ 1 ] [ 1884 1535 1840 ] [    0    0    0 ] [      0      0      0 ] [ 0 ],drive [ 94 ] [ 0 ] [ 1884 1508 1830 ] [   14   52   35 ] [  11715   5341   9092 ] [ 0 ],1.00,1.00,1.00,1.00,-21.78,8.29,0.00,0.00,0.00,0.00,0.00,-0.00,0.00,0.00,0.00,0.00,0.00,0.00,0.00,-0.00,0.00,0
1.93432,-19,8,171,0,DRIVE [ 95 ] [ 1 ] [ 1884 1563 1852 ] [    0    0    0 ] [      0      0      0 ] [ 0 ],drive [ 94 ] [ 0 ] [ 1884 1535 1840 ] [   14   52   35 ] [  11715   5341   9092 ] [ 0 ],1.00,1.00,1.00,1.00,-19.08,8.22,0.00,0.00,0.00,0.00,0.00,-0.00,0.00,0.00,0.00,0.00,0.00,0.00,0.00,-0.00,0.00,0
1.94528,-16,8,169,0,DRIVE [ 95 ] [ 1 ] [ 1884 1593 1864 ] [    0    0    0 ] [      0      0      0 ] [ 0 ],drive [ 95 ] [ 0 ] [ 1884 1563 1852 ] [   14   52   35 ] [  11715   5341   9092 ] [ 0 ],1.00,1.00,1.00,1.00,-16.18,8.14,0.00,0.00,0.00,0.00,0.00,-0.00,0.00,0.00,0.00,0.00,0.00,0.00,0.00,-0.00,0.00,0
1.95584,-13,8,167,0,DRIVE [ 96 ] [ 1 ] [ 1884 1624 1876 ] [    0    0    0 ] [      0      0      0 ] [ 0 ],drive [ 95 ] [ 0 ] [ 1884 1593 1864 ] [   14   52   35 ] [  11585   5332   9129 ] [ 0 ],1.00,1.00,1.00,1.00,-13.21,7.95,0.00,0.00,0.00,0.00,0.00,-0.00,0.00,0.00,0.00,0.00,0.00,0.00,0.00,-0.00,0.00,0
1.96718,-10,8,166,0,DRIVE [ 96 ] [ 1 ] [ 1880 1663 1876 ] [    0    0    0 ] [      0      0      0 ] [ 0 ],drive [ 96 ] [ 0 ] [ 1884 1624 1876 ] [   14   52   35 ] [  11585   5332   9129 ] [ 0 ],1.00,1.00,1.00,1.00,-10.19,7.73,0.00,0.00,0.00,0.00,0.00,-0.00,0.00,0.00,0.00,0.00,0.00,0.00,0.00,-0.00,0.00,0
1.97813,-7,7,164,0,DRIVE [ 97 ] [ 1 ] [ 1866 1719 1876 ] [    0    0    0 ] [      0      0      0 ] [ 0 ],drive [ 96 ] [ 0 ] [ 1880 1663 1876 ] [    7   30   30 ] [  11585   5332   9129 ] [ 0 ],1.00,1.00,1.00,1.00,-7.13,7.47,0.00,0.00,0.00,0.00,0.00,-0.00,0.00,0.00,0.00,0.00,0.00,0.00,0.00,-0.00,0.00,0
1.98891,-4,7,162,0,DRIVE [ 97 ] [ 1 ] [ 1849 1770 1876 ] [    0    0    0 ] [      0      0      0 ] [ 0 ],drive [ 97 ] [ 0 ] [ 1866 1719 1876 ] [    7   30   30 ] [  11585   5332   9129 ] [ 0 ],1.00,1.00,1.00,1.00,-4.05,7.26,0.00,0.00,0.00,0.00,0.00,-0.00,0.00,0.00,0.00,0.00,0.00,0.00,0.00,-0.00,0.00,0
2.0002,-1,7,160,0,DRIVE [ 98 ] [ 1 ] [ 1829 1809 1876 ] [    0    0    0 ] [      0      0      0 ] [ 0 ],drive [ 97 ] [ 0 ] [ 1849 1770 1876 ] [    7   30   30 ] [  11585   5332   9129 ] [ 0 ],1.00,1.00,1.00,1.00,-1.03,7.14,0.00,0.00,0.00,0.00,0.00,-0.00,0.00,0.00,0.00,0.00,0.00,0.00,0.00,-0.00,0.00,0
2.01114,2,7,158,0,DRIVE [ 98 ] [ 1 ] [ 1798 1836 1876 ] [    0    0    0 ] [      0      0      0 ] [ 0 ],drive [ 98 ] [ 0 ] [ 1829 1809 1876 ] [    7   30   30 ] [  11585   5213   9123 ] [ 0 ],1.00,1.00,1.00,1.00,1.98,7.05,0.00,0.00,0.00,0.00,0.00,-0.00,0.00,0.00,0.00,0.00,0.00,0.00,-0.00,-0.00,0.00,0
2.02172,5,7,157,0,DRIVE [ 99 ] [ 1 ] [ 1753 1856 1876 ] [    0    0    0 ] [      0      0      0 ] [ 0 ],drive [ 98 ] [ 0 ] [ 1798 1836 1876 ] [   12   20   29 ] [  11585   5213   9123 ] [ 0 ],1.00,1.00,1.00,1.00,4.93,7.00,0.00,0.00,0.00,0.00,0.00,-0.00,0.00,0.00,0.00,0.00,0.00,0.00,0.00,0.00,0.00,0
2.03269,8,7,154,0,DRIVE [ 99 ] [ 1 ] [ 1699 1872 1876 ] [    0    0    0 ] [      0      0      0 ] [ 0 ],drive [ 99 ] [ 0 ] [ 1753 1856 1876 ] [   12   20   29 ] [  11585   5213   9123 ] [ 0 ],1.00,1.00,1.00,1.00,7.77,7.02,0.00,0.00,0.00,0.00,0.00,-0.00,0.00,0.00,0.00,0.00,0.00,0.00,0.00,0.00,0.00,0
2.04406,10,7,152,0,DRIVE [ 00 ] [ 1 ] [ 1642 1872 1884 ] [    0    0    0 ] [      0      0      0 ] [ 0 ],drive [ 99 ] [ 0 ] [ 1699 1872 1876 ] [   12   20   29 ] [  11585   5213   9123 ] [ 0 ],1.00,1.00,1.00,1.00,10.48,7.17,0.00,0.00,0.00,0.00,0.00,-0.00,0.00,0.00,0.00,0.00,0.00,0.00,0.00,0.00,0.00,0
2.05458,13,7,150,0,DRIVE [ 00 ] [ 1 ] [ 1604 1872 1873 ] [    0    0    0 ] [      0      0      0 ] [ 0 ],drive [ 00 ] [ 0 ] [ 1642 1872 1884 ] [   12   20   29 ] [  11597   4643   9126 ] [ 0 ],1.00,1.00,1.00,1.00,13.05,7.46,0.00,0.00,0.00,0.00,0.00,-0.00,0.00,0.00,0.00,0.00,0.00,0.00,0.00,0.00,0.00,0
2.06548,15,8,148,0,DRIVE [ 01 ] [ 1 ] [ 1564 1872 1863 ] [    0    0    0 ] [      0      0      0 ] [ 0 ],drive [ 00 ] [ 0 ] [ 1604 1872 1873 ] [   12   20   29 ] [  11597   4643   9126 ] [ 0 ],1.00,1.00,1.00,1.00,15.47,7.91,0.00,0.00,0.00,0.00,0.00,-0.00,0.00,0.00,0.00,0.00,0.00,0.00,0.00,0.00,0.00,0
2.07612,18,8,146,0,DRIVE [ 01 ] [ 1 ] [ 1522 1872 1855 ] [    0    0    0 ] [      0      0      0 ] [ 0 ],drive [ 01 ] [ 0 ] [ 1564 1872 1863 ] [   46   21   28 ] [  11597   4643   9126 ] [ 0 ],1.00,1.00,1.00,1.00,17.75,8.44,0.00,0.00,0.00,0.00,0.00,-0.00,0.00,0.00,0.00,0.00,0.00,0.00,0.00,0.00,0.00,0
2.08668,20,9,144,0,DRIVE [ 02 ] [ 1 ] [ 1480 1872 1847 ] [    0    0    0 ] [      0      0      0 ] [ 0 ],drive [ 01 ] [ 0 ] [ 1522 1872 1855 ] [   46   21   28 ] [  11597   4643   9126 ] [ 0 ],1.00,1.00,1.00,1.00,19.93,8.99,0.00,0.00,0.00,0.00,0.00,-0.00,0.00,0.00,0.00,0.00,0.00,0.00,0.00,0.00,0.00,0
2.0977,22,9,142,0,DRIVE [ 02 ] [ 1 ] [ 1439 1872 1839 ] [    0    0    0 ] [      0      0      0 ] [ 0 ],drive [ 02 ] [ 0 ] [ 1480 1872 1847 ] [   46   21   28 ] [  11597   4643   9126 ] [ 0 ],1.00,1.00,1.00,1.00,22.06,9.48,0.00,0.00,0.00,0.00,0.00,-0.00,0.00,0.00,0.00,0.00,0.00,0.00,0.00,0.00,0.00,0
2.10811,24,10,140,0,DRIVE [ 03 ] [ 1 ] [ 1400 1872 1829 ] [    0    0    0 ] [      0      0      0 ] [ 0 ],drive [ 02 ] [ 0 ] [ 1439 1872 1839 ] [   46   21   28 ] [  11879   4259   9128 ] [ 0 ],1.00,1.00,1.00,1.00,24.20,9.85,0.00,0.00,0.00,0.00,0.00,-0.00,0.00,0.00,0.00,0.00,0.00,0.00,0.00,0.00,0.00,0
2.11919,26,10,138,0,DRIVE [ 03 ] [ 1 ] [ 1360 1872 1819 ] [    0    0    0 ] [      0      0      0 ] [ 0 ],drive [ 03 ] [ 0 ] [ 1400 1872 1829 ] [   49   20   33 ] [  11879   4259   9128 ] [ 0 ],1.00,1.00,1.00,1.00,26.33,10.11,0.00,0.00,0.00,0.00,0.00,-0.00,0.00,0.00,0.00,0.00,0.00,0.00,0.00,0.00,0.00,0
2.13004,29,10,137,0,DRIVE [ 04 ] [ 1 ] [ 1321 1872 1806 ] [    0    0    0 ] [      0      0      0 ] [ 0 ],drive [ 03 ] [ 0 ] [ 1360 1872 1819 ] [   49   20   33 ] [  11879   4259   9128 ] [ 0 ],1.00,1.00,1.00,1.00,28.60,10.26,0.00,0.00,0.00,0.00,0.00,-0.00,0.00,0.00,0.00,0.00,0.00,0.00,0.00,0.00,0.00,0
2.14048,31,10,135,0,DRIVE [ 04 ] [ 1 ] [ 1282 1872 1793 ] [    0    0    0 ] [      0      0      0 ] [ 0 ],drive [ 04 ] [ 0 ] [ 1321 1872 1806 ] [   49   20   33 ] [  11879   4259   9128 ] [ 0 ],1.00,1.00,1.00,1.00,30.85,10.35,0.00,0.00,0.00,0.00,0.00,-0.00,0.00,0.00,0.00,0.00,0.00,0.00,0.00,0.00,0.00,0
2.15117,33,10,133,0,DRIVE [ 05 ] [ 1 ] [ 1244 1872 1781 ] [    0    0    0 ] [      0      0      0 ] [ 0 ],drive [ 04 ] [ 0 ] [ 1282 1872 1793 ] [   49   20   33 ] [  11879   4259   9128 ] [ 0 ],1.00,1.00,1.00,1.00,33.01,10.42,0.00,0.00,0.00,0.00,0.00,-0.00,0.00,0.00,0.00,0.00,0.00,0.00,0.00,0.00,0.00,0
2.16191,35,10,132,0,DRIVE [ 05 ] [ 1 ] [ 1207 1872 1768 ] [    0    0    0 ] [      0      0      0 ] [ 0 ],drive [ 05 ] [ 0 ] [ 1244 1872 1781 ] [   49   20   33 ] [  12313   4229   9131 ] [ 0 ],1.00,1.00,1.00,1.00,34.97,10.47,0.00,0.00,0.00,0.00,0.00,-0.00,0.00,0.00,0.00,0.00,0.00,0.00,0.00,0.00,0.00,0
2.17288,37,11,130,0,DRIVE [ 06 ] [ 1 ] [ 1172 1872 1758 ] [    0    0    0 ] [      0      0      0 ] [ 0 ],drive [ 05 ] [ 0 ] [ 1207 1872 1768 ] [   76    5   34 ] [  12313   4229   9131 ] [ 0 ],1.00,1.00,1.00,1.00,36.79,10.60,0.00,0.00,0.00,0.00,0.00,-0.00,0.00,0.00,0.00,0.00,0.00,0.00,0.00,0.00,0.00,0
2.18347,38,11,129,0,DRIVE [ 06 ] [ 1 ] [ 1139 1872 1749 ] [    0    0    0 ] [      0      0      0 ] [ 0 ],drive [ 06 ] [ 0 ] [ 1172 1872 1758 ] [   76    5   34 ] [  12313   4229   9131 ] [ 0 ],1.00,1.00,1.00,1.00,38.32,10.82,0.00,0.00,0.00,0.00,0.00,-0.00,0.00,0.00,0.00,0.00,0.00,0.00,0.00,0.00,0.00,0
2.19458,40,11,127,0,DRIVE [ 07 ] [ 1 ] [ 1108 1872 1744 ] [    0    0    0 ] [      0      0      0 ] [ 0 ],drive [ 06 ] [ 0 ] [ 1139 1872 1749 ] [   76    5   34 ] [  12313   4229   9131 ] [ 0 ],1.00,1.00,1.00,1.00,39.51,11.17,0.00,0.00,0.00,0.00,0.00,-0.00,0.00,0.00,0.00,0.00,0.00,0.00,0.00,0.00,0.00,0
2.20488,40,12,125,0,DRIVE [ 07 ] [ 1 ] [ 1080 1872 1740 ] [    0    0    0 ] [      0      0      0 ] [ 0 ],drive [ 07 ] [ 0 ] [ 1108 1872 1744 ] [   76    5   34 ] [  12888   3905   9241 ] [ 0 ],1.00,1.00,1.00,1.00,40.47,11.56,0.00,0.00,0.00,0.00,0.00,-0.00,0.00,0.00,0.00,0.00,0.00,0.00,0.00,0.00,0.00,0
2.21556,41,12,124,0,DRIVE [ 08 ] [ 1 ] [ 1052 1872 1737 ] [    0    0    0 ] [      0      0      0 ] [ 0 ],drive [ 07 ] [ 0 ] [ 1080 1872 1740 ] [   76    5   34 ] [  12888   3905   9241 ] [ 0 ],1.00,1.00,1.00,1.00,41.28,12.00,0.00,0.00,0.00,0.00,0.00,-0.00,0.00,0.00,0.00,0.00,0.00,0.00,0.00,0.00,0.00,0
2.22682,42,12,122,0,DRIVE [ 08 ] [ 1 ] [ 1026 1872 1735 ] [    0    0    0 ] [      0      0      0 ] [ 0 ],drive [ 08 ] [ 0 ] [ 1052 1872 1737 ] [   99   22   23 ] [  12888   3905   9241 ] [ 0 ],1.00,1.00,1.00,1.00,42.06,12.38,0.00,0.00,0.00,0.00,0.00,-0.00,0.00,0.00,0.00,0.00,0.00,0.00,0.00,0.00,0.00,0
2.23887,43,13,121,0,DRIVE [ 09 ] [ 1 ] [ 1025 1872 1732 ] [    0    0    0 ] [      0      0      0 ] [ 0 ],drive [ 08 ] [ 0 ] [ 1026 1872 1735 ] [   99   22   23 ] [  12888   3905   9241 ] [ 0 ],1.00,1.00,1.00,1.00,42.78,12.70,0.00,0.00,0.00,0.00,0.00,-0.00,0.00,0.00,0.00,0.00,0.00,0.00,0.00,0.00,0.00,0
2.25087,44,13,120,0,DRIVE [ 09 ] [ 1 ] [ 1025 1872 1727 ] [    0    0    0 ] [      0      0      0 ] [ 0 ],drive [ 09 ] [ 0 ] [ 1025 1872 1732 ] [   99   22   23 ] [  12888   3905   9241 ] [ 0 ],1.00,1.00,1.00,1.00,43.54,12.86,0.00,0.00,0.00,0.00,0.00,-0.00,0.00,0.00,0.00,0.00,0.00,0.00,0.00,0.00,0.00,0
2.26168,44,13,118,0,DRIVE [ 10 ] [ 1 ] [ 1025 1872 1721 ] [    0    0    0 ] [      0      0      0 ] [ 0 ],drive [ 09 ] [ 0 ] [ 1025 1872 1727 ] [   99   22   23 ] [  13088   3676   9313 ] [ 0 ],1.00,1.00,1.00,1.00,44.35,12.93,0.00,0.00,0.00,0.00,0.00,-0.00,0.00,0.00,0.00,0.00,0.00,0.00,0.00,0.00,0.00,0
2.2719,45,13,117,0,DRIVE [ 10 ] [ 1 ] [ 1025 1872 1713 ] [    0    0    0 ] [      0      0      0 ] [ 0 ],drive [ 10 ] [ 0 ] [ 1025 1872 1721 ] [   87   24   20 ] [  13088   3676   9313 ] [ 0 ],1.00,1.00,1.00,1.00,45.23,12.79,0.00,0.00,0.00,0.00,0.00,-0.00,0.00,0.00,0.00,0.00,0.00,0.00,0.00,0.00,0.00,0
2.28277,46,12,116,0,DRIVE [ 11 ] [ 1 ] [ 1025 1872 1703 ] [    0    0    0 ] [      0      0      0 ] [ 0 ],drive [ 10 ] [ 0 ] [ 1025 1872 1713 ] [   87   24   20 ] [  13088   3676   9313 ] [ 0 ],1.00,1.00,1.00,1.00,46.09,12.42,0.00,0.00,0.00,0.00,0.00,-0.00,0.00,0.00,0.00,0.00,0.00,0.00,0.00,0.00,0.00,0
2.29478,47,12,115,0,DRIVE [ 11 ] [ 1 ] [ 1025 1872 1692 ] [    0    0    0 ] [      0      0      0 ] [ 0 ],drive [ 11 ] [ 0 ] [ 1025 1872 1703 ] [   87   24   20 ] [  13088   3676   9313 ] [ 0 ],1.00,1.00,1.00,1.00,46.84,11.98,0.00,0.00,0.00,0.00,0.00,-0.00,0.00,0.00,0.00,0.00,0.00,0.00,0.00,0.00,0.00,0
2.30678,47,11,114,0,DRIVE [ 12 ] [ 1 ] [ 1025 1872 1682 ] [    0    0    0 ] [      0      0      0 ] [ 0 ],drive [ 11 ] [ 0 ] [ 1025 1872 1692 ] [   87   24   20 ] [  13185   3664   9313 ] [ 0 ],1.00,1.00,1.00,1.00,47.46,11.48,0.00,0.00,0.00,0.00,0.00,-0.00,0.00,0.00,0.00,0.00,0.00,0.00,0.00,0.00,0.00,0
2.3187,48,11,113,0,DRIVE [ 12 ] [ 1 ] [ 1025 1872 1672 ] [    0    0    0 ] [      0      0      0 ] [ 0 ],drive [ 12 ] [ 0 ] [ 1025 1872 1682 ] [  106    9   23 ] [  13185   3664   9313 ] [ 0 ],1.00,1.00,1.00,1.00,47.95,10.92,0.00,0.00,0.00,0.00,0.00,-0.00,0.00,0.00,0.00,0.00,0.00,0.00,0.00,0.00,0.00,0
2.32936,48,10,112,0,DRIVE [ 13 ] [ 1 ] [ 1025 1872 1662 ] [    0    0    0 ] [      0      0      0 ] [ 0 ],drive [ 12 ] [ 0 ] [ 1025 1872 1672 ] [  106    9   23 ] [  13185   3664   9313 ] [ 0 ],1.00,1.00,1.00,1.00,48.24,10.27,0.00,0.00,0.00,0.00,0.00,-0.00,0.00,0.00,0.00,0.00,0.00,0.00,0.00,0.00,0.00,0
2.33983,48,10,112,0,DRIVE [ 13 ] [ 1 ] [ 1025 1872 1652 ] [    0    0    0 ] [      0      0      0 ] [ 0 ],drive [ 13 ] [ 0 ] [ 1025 1872 1662 ] [  106    9   23 ] [  13185   3664   9313 ] [ 0 ],1.00,1.00,1.00,1.00,48.34,9.54,0.00,0.00,0.00,0.00,0.00,-0.00,0.00,0.00,0.00,0.00,0.00,0.00,0.00,0.00,0.00,0
2.35074,48,9,111,0,DRIVE [ 14 ] [ 1 ] [ 1025 1872 1644 ] [    0    0    0 ] [      0      0      0 ] [ 0 ],drive [ 13 ] [ 0 ] [ 1025 1872 1652 ] [  106    9   23 ] [  13185   3664   9313 ] [ 0 ],1.00,1.00,1.00,1.00,48.03,8.73,0.00,0.00,0.00,0.00,0.00,-0.00,0.00,0.00,0.00,0.00,0.00,0.00,0.00,0.00,0.00,0
2.3625,47,8,110,0,DRIVE [ 14 ] [ 1 ] [ 1025 1872 1638 ] [    0    0    0 ] [      0      0      0 ] [ 0 ],drive [ 14 ] [ 0 ] [ 1025 1872 1644 ] [  106    9   23 ] [  13396   3391   9314 ] [ 0 ],1.00,1.00,1.00,1.00,47.42,7.93,0.00,0.00,0.00,0.00,0.00,-0.00,0.00,0.00,0.00,0.00,0.00,0.00,0.00,0.00,0.00,0
2.37465,47,7,109,0,DRIVE [ 15 ] [ 1 ] [ 1025 1872 1633 ] [    0    0    0 ] [      0      0      0 ] [ 0 ],drive [ 14 ] [ 0 ] [ 1025 1872 1638 ] [   95   22   27 ] [  13396   3391   9314 ] [ 0 ],1.00,1.00,1.00,1.00,46.64,7.10,0.00,0.00,0.00,0.00,0.00,-0.00,0.00,0.00,0.00,0.00,0.00,0.00,0.00,0.00,0.00,0
2.38688,46,6,109,0,DRIVE [ 15 ] [ 1 ] [ 1025 1872 1627 ] [    0    0    0 ] [      0      0      0 ] [ 0 ],drive [ 15 ] [ 0 ] [ 1025 1872 1633 ] [   95   22   27 ] [  13396   3391   9314 ] [ 0 ],1.00,1.00,1.00,1.00,45.81,6.25,0.00,0.00,0.00,0.00,0.00,-0.00,0.00,0.00,0.00,0.00,0.00,0.00,0.00,0.00,0.00,0
2.39772,45,5,108,0,DRIVE [ 16 ] [ 1 ] [ 1025 1872 1621 ] [    0    0    0 ] [      0      0      0 ] [ 0 ],drive [ 15 ] [ 0 ] [ 1025 1872 1627 ] [   95   22   27 ] [  13396   3391   9314 ] [ 0 ],1.00,1.00,1.00,1.00,45.00,5.27,0.00,0.00,0.00,0.00,0.00,-0.00,0.00,0.00,0.00,0.00,0.00,0.00,0.00,0.00,0.00,0
2.40919,44,4,107,0,DRIVE [ 16 ] [ 1 ] [ 1025 1872 1613 ] [    0    0    0 ] [      0      0      0 ] [ 0 ],drive [ 16 ] [ 0 ] [ 1025 1872 1621 ] [   95   22   27 ] [  13426   3292   9312 ] [ 0 ],1.00,1.00,1.00,1.00,44.18,4.25,0.00,0.00,0.00,0.00,0.00,0.00,0.00,0.00,0.00,0.00,0.00,0.00,0.00,0.00,0.00,0
2.41958,43,3,106,0,DRIVE [ 17 ] [ 1 ] [ 1029 1872 1606 ] [    0    0    0 ] [      0      0      0 ] [ 0 ],drive [ 16 ] [ 0 ] [ 1025 1872 1613 ] [   97    3   29 ] [  13426   3292   9312 ] [ 0 ],1.00,1.00,1.00,1.00,43.25,3.26,0.00,0.00,0.00,0.00,0.00,0.00,0.00,0.00,0.00,0.00,0.00,0.00,0.00,0.00,0.00,0
2.43205,42,2,106,0,DRIVE [ 17 ] [ 1 ] [ 1054 1872 1600 ] [    0    0    0 ] [      0      0      0 ] [ 0 ],drive [ 17 ] [ 0 ] [ 1029 1872 1606 ] [   97    3   29 ] [  13426   3292   9312 ] [ 0 ],1.00,1.00,1.00,1.00,42.18,2.30,0.00,0.00,0.00,0.00,0.00,0.00,0.00,0.00,0.00,0.00,0.00,0.00,0.00,0.00,0.00,0
2.44396,41,1,105,0,DRIVE [ 18 ] [ 1 ] [ 1080 1872 1596 ] [    0    0    0 ] [      0      0      0 ] [ 0 ],drive [ 17 ] [ 0 ] [ 1054 1872 1600 ] [   97    3   29 ] [  13426   3292   9312 ] [ 0 ],1.00,1.00,1.00,1.00,40.96,1.39,0.00,0.00,0.00,0.00,0.00,0.00,0.00,0.00,0.00,0.00,0.00,0.00,0.00,0.00,0.00,0
2.4543,40,1,104,0,DRIVE [ 18 ] [ 1 ] [ 1108 1872 1592 ] [    0    0    0 ] [      0      0      0 ] [ 0 ],drive [ 18 ] [ 0 ] [ 1080 1872 1596 ] [   97    3   29 ] [  13429   3196   9324 ] [ 0 ],1.00,1.00,1.00,1.00,39.67,0.52,0.00,0.00,0.00,0.00,0.00,0.00,0.00,0.00,0.00,0.00,0.00,0.00,0.00,0.00,0.00,0
2.46521,38,0,103,0,DRIVE [ 19 ] [ 1 ] [ 1139 1872 1588 ] [    0    0    0 ] [      0      0      0 ] [ 0 ],drive [ 18 ] [ 0 ] [ 1108 1872 1592 ] [   97    3   29 ] [  13429   3196   9324 ] [ 0 ],1.00,1.00,1.00,1.00,38.33,-0.37,0.00,0.00,0.00,0.00,0.00,0.00,0.00,0.00,0.00,0.00,0.00,0.00,0.00,0.00,0.00,0
2.47592,37,-1,102,0,DRIVE [ 19 ] [ 1 ] [ 1170 1872 1584 ] [    0    0    0 ] [      0      0      0 ] [ 0 ],drive [ 19 ] [ 0 ] [ 1139 1872 1588 ] [   95   22   46 ] [  13429   3196   9324 ] [ 0 ],1.00,1.00,1.00,1.00,36.93,-1.28,0.00,0.00,0.00,0.00,0.00,0.00,0.00,0.00,0.00,0.00,0.00,0.00,0.00,0.00,0.00,0
2.4866,35,-2,102,0,DRIVE [ 20 ] [ 1 ] [ 1203 1872 1581 ] [    0    0    0 ] [      0      0      0 ] [ 0 ],drive [ 19 ] [ 0 ] [ 1170 1872 1584 ] [   95   22   46 ] [  13429   3196   9324 ] [ 0 ],1.00,1.00,1.00,1.00,35.46,-2.17,0.00,0.00,0.00,0.00,0.00,0.00,0.00,0.00,0.00,0.00,0.00,0.00,0.00,0.00,0.00,0
2.49892,34,-3,101,0,DRIVE [ 20 ] [ 1 ] [ 1236 1872 1578 ] [    0    0    0 ] [      0      0      0 ] [ 0 ],drive [ 20 ] [ 0 ] [ 1203 1872 1581 ] [   95   22   46 ] [  13429   3196   9324 ] [ 0 ],1.00,1.00,1.00,1.00,33.97,-3.06,0.00,0.00,0.00,0.00,0.00,0.00,0.00,0.00,0.00,0.00,0.00,0.00,-0.00,0.00,0.00,0
2.51087,32,-4,100,0,DRIVE [ 21 ] [ 1 ] [ 1270 1872 1575 ] [    0    0    0 ] [      0      0      0 ] [ 0 ],drive [ 20 ] [ 0 ] [ 1236 1872 1578 ] [   95   22   46 ] [  13423   3196   9357 ] [ 0 ],1.00,1.00,1.00,1.00,32.44,-3.90,0.00,0.00,0.00,0.00,0.00,0.00,0.00,0.00,0.00,0.00,0.00,0.00,-0.00,0.00,0.00,0
2.52138,31,-5,99,0,DRIVE [ 21 ] [ 1 ] [ 1304 1872 1574 ] [    0    0    0 ] [      0      0      0 ] [ 0 ],drive [ 21 ] [ 0 ] [ 1270 1872 1575 ] [   76   23   27 ] [  13423   3196   9357 ] [ 0 ],1.00,1.00,1.00,1.00,30.89,-4.66,0.00,0.00,0.00,0.00,0.00,0.00,0.00,0.00,0.00,0.00,0.00,0.00,-0.00,0.00,0.00,0
2.53254,29,-5,99,0,DRIVE [ 22 ] [ 1 ] [ 1338 1872 1574 ] [    0    0    0 ] [      0      0      0 ] [ 0 ],drive [ 21 ] [ 0 ] [ 1304 1872 1574 ] [   76   23   27 ] [  13423   3196   9357 ] [ 0 ],1.00,1.00,1.00,1.00,29.26,-5.33,0.00,0.00,0.00,0.00,0.00,0.00,0.00,0.00,0.00,0.00,0.00,0.00,-0.00,0.00,0.00,0
2.5435,28,-6,98,0,DRIVE [ 22 ] [ 1 ] [ 1374 1872 1575 ] [    0    0    0 ] [      0      0      0 ] [ 0 ],drive [ 22 ] [ 0 ] [ 1338 1872 1574 ] [   76   23   27 ] [  13423   3196   9357 ] [ 0 ],1.00,1.00,1.00,1.00,27.58,-5.95,0.00,0.00,0.00,0.00,0.00,0.00,0.00,0.00,0.00,0.00,0.00,0.00,-0.00,0.00,0.00,0
2.5547,26,-7,98,0,DRIVE [ 23 ] [ 1 ] [ 1410 1872 1577 ] [    0    0    0 ] [      0      0      0 ] [ 0 ],drive [ 22 ] [ 0 ] [ 1374 1872 1575 ] [   76   23   27 ] [  13413   3144   9444 ] [ 0 ],1.00,1.00,1.00,1.00,25.86,-6.55,0.00,0.00,0.00,0.00,0.00,0.00,0.00,0.00,0.00,0.00,0.00,0.00,-0.00,0.00,0.00,0
2.56724,24,-7,97,0,DRIVE [ 23 ] [ 1 ] [ 1447 1872 1580 ] [    0    0    0 ] [      0      0      0 ] [ 0 ],drive [ 23 ] [ 0 ] [ 1410 1872 1577 ] [   76   23   27 ] [  13413   3144   9444 ] [ 0 ],1.00,1.00,1.00,1.00,24.04,-7.05,0.00,0.00,0.00,0.00,0.00,0.00,0.00,0.00,0.00,0.00,0.00,0.00,-0.00,0.00,0.00,0
2.57803,22,-7,96,0,DRIVE [ 24 ] [ 1 ] [ 1486 1872 1586 ] [    0    0    0 ] [      0      0      0 ] [ 0 ],drive [ 23 ] [ 0 ] [ 1447 1872 1580 ] [   53   21   51 ] [  13413   3144   9444 ] [ 0 ],1.00,1.00,1.00,1.00,22.13,-7.43,0.00,0.00,0.00,0.00,0.00,0.00,0.00,0.00,0.00,0.00,0.00,0.00,-0.00,0.00,0.00,0
2.58858,20,-8,96,0,DRIVE [ 24 ] [ 1 ] [ 1524 1872 1596 ] [    0    0    0 ] [      0      0      0 ] [ 0 ],drive [ 24 ] [ 0 ] [ 1486 1872 1586 ] [   53   21   51 ] [  13413   3144   9444 ] [ 0 ],1.00,1.00,1.00,1.00,20.16,-7.58,0.00,0.00,0.00,0.00,0.00,0.00,0.00,0.00,0.00,0.00,0.00,0.00,-0.00,0.00,0.00,0
2.59969,18,-8,95,0,DRIVE [ 25 ] [ 1 ] [ 1562 1872 1608 ] [    0    0    0 ] [      0      0      0 ] [ 0 ],drive [ 24 ] [ 0 ] [ 1524 1872 1596 ] [   53   21   51 ] [  13413   3144   9444 ] [ 0 ],1.00,1.00,1.00,1.00,18.12,-7.58,0.00,0.00,0.00,0.00,0.00,0.00,0.00,0.00,0.00,0.00,0.00,0.00,-0.00,0.00,0.00,0
2.61083,16,-7,94,0,DRIVE [ 25 ] [ 1 ] [ 1600 1872 1623 ] [    0    0    0 ] [      0      0      0 ] [ 0 ],drive [ 25 ] [ 0 ] [ 1562 1872 1608 ] [   53   21   51 ] [  13357   2973   9604 ] [ 0 ],1.00,1.00,1.00,1.00,16.09,-7.45,0.00,0.00,0.00,0.00,0.00,0.00,0.00,0.00,0.00,0.00,0.00,0.00,-0.00,0.00,0.00,0
2.62424,14,-7,93,0,DRIVE [ 26 ] [ 1 ] [ 1636 1872 1642 ] [    0    0    0 ] [      0      0      0 ] [ 0 ],drive [ 25 ] [ 0 ] [ 1600 1872 1623 ] [   34   16   33 ] [  13357   2973   9604 ] [ 0 ],1.00,1.00,1.00,1.00,14.10,-7.08,0.00,0.00,0.00,0.00,0.00,0.00,0.00,0.00,0.00,0.00,0.00,0.00,-0.00,0.00,0.00,0
2.63511,12,-7,92,0,DRIVE [ 26 ] [ 1 ] [ 1669 1872 1663 ] [    0    0    0 ] [      0      0      0 ] [ 0 ],drive [ 26 ] [ 0 ] [ 1636 1872 1642 ] [   34   16   33 ] [  13357   2973   9604 ] [ 0 ],1.00,1.00,1.00,1.00,12.23,-6.58,0.00,0.00,0.00,0.00,0.00,0.00,0.00,0.00,0.00,0.00,0.00,0.00,-0.00,0.00,0.00,0
2.64568,11,-6,92,0,DRIVE [ 27 ] [ 1 ] [ 1698 1872 1687 ] [    0    0    0 ] [      0      0      0 ] [ 0 ],drive [ 26 ] [ 0 ] [ 1669 1872 1663 ] [   34   16   33 ] [  13357   2973   9604 ] [ 0 ],1.00,1.00,1.00,1.00,10.53,-5.93,0.00,0.00,0.00,0.00,0.00,0.00,0.00,0.00,0.00,0.00,0.00,0.00,-0.00,0.00,0.00,0
2.65582,9,-5,91,0,DRIVE [ 27 ] [ 1 ] [ 1723 1872 1712 ] [    0    0    0 ] [      0      0      0 ] [ 0 ],drive [ 27 ] [ 0 ] [ 1698 1872 1687 ] [   34   16   33 ] [  12934   2951   9710 ] [ 0 ],1.00,1.00,1.00,1.00,9.03,-5.11,0.00,0.00,0.00,0.00,0.00,0.00,0.00,0.00,0.00,0.00,0.00,0.00,-0.00,0.00,0.00,0
2.66689,8,-4,90,0,DRIVE [ 28 ] [ 1 ] [ 1746 1872 1741 ] [    0    0    0 ] [      0      0      0 ] [ 0 ],drive [ 27 ] [ 0 ] [ 1723 1872 1712 ] [   34   16   33 ] [  12934   2951   9710 ] [ 0 ],1.00,1.00,1.00,1.00,7.62,-4.16,0.00,0.00,0.00,0.00,0.00,0.00,0.00,0.00,0.00,0.00,0.00,0.00,-0.00,0.00,0.00,0
2.67872,6,-3,89,0,DRIVE [ 28 ] [ 1 ] [ 1768 1872 1772 ] [    0    0    0 ] [      0      0      0 ] [ 0 ],drive [ 28 ] [ 0 ] [ 1746 1872 1741 ] [   34   11   23 ] [  12934   2951   9710 ] [ 0 ],1.00,1.00,1.00,1.00,6.25,-3.10,0.00,0.00,0.00,0.00,0.00,0.00,0.00,0.00,0.00,0.00,0.00,0.00,-0.00,0.00,0.00,0
2.69066,5,-2,88,0,DRIVE [ 29 ] [ 1 ] [ 1790 1872 1803 ] [    0    0    0 ] [      0      0      0 ] [ 0 ],drive [ 28 ] [ 0 ] [ 1768 1872 1772 ] [   34   11   23 ] [  12934   2951   9710 ] [ 0 ],1.00,1.00,1.00,1.00,4.89,-2.06,0.00,0.00,0.00,0.00,0.00,0.00,0.00,0.00,0.00,0.00,0.00,0.00,-0.00,0.00,0.00,0
2.70283,3,-1,87,0,DRIVE [ 29 ] [ 1 ] [ 1812 1872 1836 ] [    0    0    0 ] [      0      0      0 ] [ 0 ],drive [ 29 ] [ 0 ] [ 1790 1872 1803 ] [   34   11   23 ] [  12934   2951   9710 ] [ 0 ],1.00,1.00,1.00,1.00,3.50,-0.93,0.00,0.00,0.00,0.00,0.00,0.00,0.00,0.00,0.00,0.00,0.00,0.00,-0.00,0.00,0.00,0
2.71323,2,0,87,0,DRIVE [ 30 ] [ 1 ] [ 1830 1872 1870 ] [    0    0    0 ] [      0      0      0 ] [ 0 ],drive [ 29 ] [ 0 ] [ 1812 1872 1836 ] [   34   11   23 ] [  12666   2904   9746 ] [ 0 ],1.00,1.00,1.00,1.00,2.05,0.28,0.00,0.00,0.00,0.00,0.00,0.00,0.00,0.00,0.00,0.00,0.00,0.00,-0.00,-0.00,0.00,0
2.72352,1,2,86,0,DRIVE [ 30 ] [ 1 ] [ 1845 1867 1870 ] [    0    0    0 ] [      0      0      0 ] [ 0 ],drive [ 30 ] [ 0 ] [ 1830 1872 1870 ] [    9   14   21 ] [  12666   2904   9746 ] [ 0 ],1.00,1.00,1.00,1.00,0.61,1.59,0.00,0.00,0.00,0.00,0.00,0.00,0.00,0.00,0.00,0.00,0.00,0.00,-0.00,-0.00,0.00,0
2.73463,-1,3,86,0,DRIVE [ 31 ] [ 1 ] [ 1846 1818 1870 ] [    0    0    0 ] [      0      0      0 ] [ 0 ],drive [ 30 ] [ 0 ] [ 1845 1867 1870 ] [    9   14   21 ] [  12666   2904   9746 ] [ 0 ],1.00,1.00,1.00,1.00,-0.76,2.99,0.00,0.00,0.00,0.00,0.00,0.00,0.00,0.00,0.00,0.00,0.00,0.00,0.00,0.00,0.00,0
2.74659,-2,4,85,0,DRIVE [ 31 ] [ 1 ] [ 1838 1763 1870 ] [    0    0    0 ] [      0      0      0 ] [ 0 ],drive [ 31 ] [ 0 ] [ 1846 1818 1870 ] [    9   14   21 ] [  12666   2904   9746 ] [ 0 ],1.00,1.00,1.00,1.00,-2.02,4.47,0.00,0.00,0.00,0.00,0.00,0.00,0.00,0.00,0.00,0.00,0.00,0.00,0.00,0.00,0.00,0
2.75849,-3,6,84,0,DRIVE [ 32 ] [ 1 ] [ 1826 1709 1870 ] [    0    0    0 ] [      0      0      0 ] [ 0 ],drive [ 31 ] [ 0 ] [ 1838 1763 1870 ] [    9   14   21 ] [  12352   2893   9729 ] [ 0 ],1.00,1.00,1.00,1.00,-3.11,6.02,0.00,0.00,0.00,0.00,0.00,0.00,0.00,0.00,0.00,0.00,0.00,0.00,0.00,0.00,0.00,0
2.7691,-4,8,84,0,DRIVE [ 32 ] [ 1 ] [ 1810 1659 1870 ] [    0    0    0 ] [      0      0      0 ] [ 0 ],drive [ 32 ] [ 0 ] [ 1826 1709 1870 ] [   10   22   20 ] [  12352   2893   9729 ] [ 0 ],1.00,1.00,1.00,1.00,-4.00,7.62,0.00,0.00,0.00,0.00,0.00,0.00,0.00,0.00,0.00,0.00,0.00,0.00,0.00,0.00,0.00,0
2.7795,-5,9,83,0,DRIVE [ 33 ] [ 1 ] [ 1792 1615 1870 ] [    0    0    0 ] [      0      0      0 ] [ 0 ],drive [ 32 ] [ 0 ] [ 1810 1659 1870 ] [   10   22   20 ] [  12352   2893   9729 ] [ 0 ],1.00,1.00,1.00,1.00,-4.66,9.24,0.00,0.00,0.00,0.00,0.00,0.00,0.00,0.00,0.00,0.00,0.00,0.00,0.00,0.00,0.00,0
2.79066,-5,11,83,0,DRIVE [ 33 ] [ 1 ] [ 1771 1575 1870 ] [    0    0    0 ] [      0      0      0 ] [ 0 ],drive [ 33 ] [ 0 ] [ 1792 1615 1870 ] [   10   22   20 ] [  12352   2893   9729 ] [ 0 ],1.00,1.00,1.00,1.00,-5.18,10.87,0.00,0.00,0.00,0.00,0.00,0.00,0.00,0.00,0.00,0.00,0.00,0.00,0.00,0.00,0.00,0
2.80295,-6,12,82,0,DRIVE [ 34 ] [ 1 ] [ 1750 1536 1870 ] [    0    0    0 ] [      0      0      0 ] [ 0 ],drive [ 33 ] [ 0 ] [ 1771 1575 1870 ] [   10   22   20 ] [  12352   2893   9729 ] [ 0 ],1.00,1.00,1.00,1.00,-5.64,12.48,0.00,0.00,0.00,0.00,0.00,0.00,0.00,0.00,0.00,0.00,0.00,0.00,0.00,0.00,0.00,0
2.8145,-6,14,82,0,DRIVE [ 34 ] [ 1 ] [ 1730 1497 1870 ] [    0    0    0 ] [      0      0      0 ] [ 0 ],drive [ 34 ] [ 0 ] [ 1750 1536 1870 ] [   10   22   20 ] [  11973   2932   9730 ] [ 0 ],1.00,1.00,1.00,1.00,-6.14,14.08,0.00,0.00,0.00,0.00,0.00,0.00,0.00,0.00,0.00,0.00,0.00,0.00,0.00,0.00,0.00,0
2.82645,-7,16,82,0,DRIVE [ 35 ] [ 1 ] [ 1709 1457 1870 ] [    0    0    0 ] [      0      0      0 ] [ 0 ],drive [ 34 ] [ 0 ] [ 1730 1497 1870 ] [   31   53   20 ] [  11973   2932   9730 ] [ 0 ],1.00,1.00,1.00,1.00,-6.64,15.66,0.00,0.00,0.00,0.00,0.00,0.00,0.00,0.00,0.00,0.00,0.00,0.00,0.00,0.00,0.00,0
2.83688,-7,17,81,0,DRIVE [ 35 ] [ 1 ] [ 1689 1421 1870 ] [    0    0    0 ] [      0      0      0 ] [ 0 ],drive [ 35 ] [ 0 ] [ 1709 1457 1870 ] [   31   53   20 ] [  11973   2932   9730 ] [ 0 ],1.00,1.00,1.00,1.00,-7.06,17.21,0.00,0.00,0.00,0.00,0.00,0.00,0.00,0.00,0.00,0.00,0.00,0.00,0.00,0.00,0.00,0
2.84706,-7,19,81,0,DRIVE [ 36 ] [ 1 ] [ 1667 1392 1870 ] [    0    0    0 ] [      0      0      0 ] [ 0 ],drive [ 35 ] [ 0 ] [ 1689 1421 1870 ] [   31   53   20 ] [  11973   2932   9730 ] [ 0 ],1.00,1.00,1.00,1.00,-7.27,18.69,0.00,0.00,0.00,0.00,0.00,0.00,0.00,0.00,0.00,0.00,0.00,0.00,0.00,0.00,0.00,0
2.85838,-7,20,81,0,DRIVE [ 36 ] [ 1 ] [ 1643 1370 1870 ] [    0    0    0 ] [      0      0      0 ] [ 0 ],drive [ 36 ] [ 0 ] [ 1667 1392 1870 ] [   31   53   20 ] [  11983   3384   9712 ] [ 0 ],1.00,1.00,1.00,1.00,-7.24,20.09,0.00,0.00,0.00,0.00,0.00,0.00,0.00,0.00,0.00,0.00,0.00,0.00,0.00,0.00,0.00,0
2.87039,-7,21,81,0,DRIVE [ 37 ] [ 1 ] [ 1619 1354 1870 ] [    0    0    0 ] [      0      0      0 ] [ 0 ],drive [ 36 ] [ 0 ] [ 1643 1370 1870 ] [   33   66   24 ] [  11983   3384   9712 ] [ 0 ],1.00,1.00,1.00,1.00,-7.07,21.44,0.00,0.00,0.00,0.00,0.00,0.00,0.00,0.00,0.00,0.00,0.00,0.00,0.00,0.00,0.00,0
2.88229,-7,23,81,0,DRIVE [ 37 ] [ 1 ] [ 1592 1340 1870 ] [    0    0    0 ] [      0      0      0 ] [ 0 ],drive [ 37 ] [ 0 ] [ 1619 1354 1870 ] [   33   66   24 ] [  11983   3384   9712 ] [ 0 ],1.00,1.00,1.00,1.00,-6.77,22.77,0.00,0.00,0.00,0.00,0.00,0.00,0.00,0.00,0.00,0.00,0.00,0.00,0.00,0.00,0.00,0
2.89412,-6,24,81,0,DRIVE [ 38 ] [ 1 ] [ 1565 1329 1870 ] [    0    0    0 ] [      0      0      0 ] [ 0 ],drive [ 37 ] [ 0 ] [ 1592 1340 1870 ] [   33   66   24 ] [  11983   3384   9712 ] [ 0 ],1.00,1.00,1.00,1.00,-6.36,24.12,0.00,0.00,0.00,0.00,0.00,0.00,0.00,0.00,0.00,0.00,0.00,0.00,0.00,0.00,0.00,0
2.90429,-6,25,81,0,DRIVE [ 38 ] [ 1 ] [ 1536 1321 1870 ] [    0    0    0 ] [      0      0      0 ] [ 0 ],drive [ 38 ] [ 0 ] [ 1565 1329 1870 ] [   33   66   24 ] [  12016   3891   9659 ] [ 0 ],1.00,1.00,1.00,1.00,-5.83,25.42,0.00,0.00,0.00,0.00,0.00,0.00,0.00,0.00,0.00,0.00,0.00,0.00,0.00,0.00,0.00,0
2.91436,-5,27,81,0,DRIVE [ 39 ] [ 1 ] [ 1506 1316 1870 ] [    0    0    0 ] [      0      0      0 ] [ 0 ],drive [ 38 ] [ 0 ] [ 1536 1321 1870 ] [   33   66   24 ] [  12016   3891   9659 ] [ 0 ],1.00,1.00,1.00,1.00,-5.19,26.63,0.00,0.00,0.00,0.00,0.00,0.00,0.00,0.00,0.00,0.00,0.00,0.00,0.00,0.00,0.00,0
2.92617,-5,28,81,0,DRIVE [ 39 ] [ 1 ] [ 1478 1314 1870 ] [    0    0    0 ] [      0      0      0 ] [ 0 ],drive [ 39 ] [ 0 ] [ 1506 1316 1870 ] [   33   72   18 ] [  12016   3891   9659 ] [ 0 ],1.00,1.00,1.00,1.00,-4.50,27.71,0.00,0.00,0.00,0.00,0.00,0.00,0.00,0.00,0.00,0.00,0.00,0.00,0.00,0.00,0.00,0
2.9382,-4,29,81,0,DRIVE [ 40 ] [ 1 ] [ 1451 1313 1870 ] [    0    0    0 ] [      0      0      0 ] [ 0 ],drive [ 39 ] [ 0 ] [ 1478 1314 1870 ] [   33   72   18 ] [  12016   3891   9659 ] [ 0 ],1.00,1.00,1.00,1.00,-3.80,28.68,0.00,0.00,0.00,0.00,0.00,0.00,0.00,0.00,0.00,0.00,0.00,0.00,0.00,0.00,0.00,0
2.95039,-3,30,81,0,DRIVE [ 40 ] [ 1 ] [ 1426 1311 1870 ] [    0    0    0 ] [      0      0      0 ] [ 0 ],drive [ 40 ] [ 0 ] [ 1451 1313 1870 ] [   33   72   18 ] [  12016   3891   9659 ] [ 0 ],1.00,1.00,1.00,1.00,-3.16,29.58,0.00,0.00,0.00,0.00,0.00,0.00,0.00,0.00,0.00,0.00,0.00,0.00,0.00,0.00,0.00,0
2.96006,-3,30,81,0,DRIVE [ 41 ] [ 1 ] [ 1403 1309 1870 ] [    0    0    0 ] [      0      0      0 ] [ 0 ],drive [ 40 ] [ 0 ] [ 1426 1311 1870 ] [   33   72   18 ] [  12170   4098   9556 ] [ 0 ],1.00,1.00,1.00,1.00,-2.60,30.39,0.00,0.00,0.00,0.00,0.00,0.00,0.00,0.00,0.00,0.00,0.00,0.00,0.00,0.00,0.00,0
2.97046,-2,31,81,0,DRIVE [ 41 ] [ 1 ] [ 1384 1308 1870 ] [    0    0    0 ] [      0      0      0 ] [ 0 ],drive [ 41 ] [ 0 ] [ 1403 1309 1870 ] [   59   67   14 ] [  12170   4098   9556 ] [ 0 ],1.00,1.00,1.00,1.00,-2.10,31.05,0.00,0.00,0.00,0.00,0.00,0.00,0.00,0.00,0.00,0.00,0.00,0.00,0.00,0.00,0.00,0
2.98239,-2,32,81,0,DRIVE [ 42 ] [ 1 ] [ 1368 1308 1870 ] [    0    0    0 ] [      0      0      0 ] [ 0 ],drive [ 41 ] [ 0 ] [ 1384 1308 1870 ] [   59   67   14 ] [  12170   4098   9556 ] [ 0 ],1.00,1.00,1.00,1.00,-1.64,31.61,0.00,0.00,0.00,0.00,0.00,0.00,0.00,0.00,0.00,0.00,0.00,0.00,0.00,0.00,0.00,0
2.99425,-1,32,81,0,DRIVE [ 42 ] [ 1 ] [ 1355 1313 1870 ] [    0    0    0 ] [      0      0      0 ] [ 0 ],drive [ 42 ] [ 0 ] [ 1368 1308 1870 ] [   59   67   14 ] [  12170   4098   9556 ] [ 0 ],1.00,1.00,1.00,1.00,-1.16,31.92,0.00,0.00,0.00,0.00,0.00,0.00,0.00,0.00,0.00,0.00,0.00,0.00,0.00,0.00,0.00,0
3.00615,-1,32,81,0,DRIVE [ 43 ] [ 1 ] [ 1347 1324 1870 ] [    0    0    0 ] [      0      0      0 ] [ 0 ],drive [ 42 ] [ 0 ] [ 1355 1313 1870 ] [   59   67   14 ] [  12565   4234   9430 ] [ 0 ],1.00,1.00,1.00,1.00,-0.62,31.89,0.00,0.00,0.00,0.00,0.00,0.00,0.00,0.00,0.00,0.00,0.00,0.00,0.00,0.00,0.00,0
3.01833,0,32,81,0,DRIVE [ 43 ] [ 1 ] [ 1341 1341 1870 ] [    0    0    0 ] [      0      0      0 ] [ 0 ],drive [ 43 ] [ 0 ] [ 1347 1324 1870 ] [   59   67   14 ] [  12565   4234   9430 ] [ 0 ],1.00,1.00,1.00,1.00,0.01,31.63,0.00,0.00,0.00,0.00,0.00,0.00,0.00,0.00,0.00,0.00,0.00,0.00,0.00,0.00,0.00,0
3.02825,1,31,82,0,DRIVE [ 44 ] [ 1 ] [ 1339 1363 1870 ] [    0    0    0 ] [      0      0      0 ] [ 0 ],drive [ 43 ] [ 0 ] [ 1341 1341 1870 ] [   55   82   25 ] [  12565   4234   9430 ] [ 0 ],1.00,1.00,1.00,1.00,0.68,31.13,0.00,0.00,0.00,0.00,0.00,0.00,0.00,0.00,0.00,0.00,0.00,0.00,0.00,0.00,0.00,0
3.0385,1,30,82,0,DRIVE [ 44 ] [ 1 ] [ 1338 1387 1870 ] [    0    0    0 ] [      0      0      0 ] [ 0 ],drive [ 44 ] [ 0 ] [ 1339 1363 1870 ] [   55   82   25 ] [  12565   4234   9430 ] [ 0 ],1.00,1.00,1.00,1.00,1.40,30.48,0.00,0.00,0.00,0.00,0.00,0.00,0.00,0.00,0.00,0.00,0.00,0.00,0.00,0.00,0.00,0
3.05054,2,30,82,0,DRIVE [ 45 ] [ 1 ] [ 1339 1414 1870 ] [    0    0    0 ] [      0      0      0 ] [ 0 ],drive [ 44 ] [ 0 ] [ 1338 1387 1870 ] [   55   82   25 ] [  12565   4234   9430 ] [ 0 ],1.00,1.00,1.00,1.00,2.12,29.65,0.00,0.00,0.00,0.00,0.00,0.00,0.00,0.00,0.00,0.00,0.00,0.00,0.00,0.00,0.00,0
3.06243,3,29,82,0,DRIVE [ 45 ] [ 1 ] [ 1341 1442 1870 ] [    0    0    0 ] [      0      0      0 ] [ 0 ],drive [ 45 ] [ 0 ] [ 1339 1414 1870 ] [   55   82   25 ] [  12872   4470   9239 ] [ 0 ],1.00,1.00,1.00,1.00,2.86,28.70,0.00,0.00,0.00,0.00,0.00,0.00,0.00,0.00,0.00,0.00,0.00,0.00,0.00,0.00,0.00,0
3.07407,4,28,83,0,DRIVE [ 46 ] [ 1 ] [ 1342 1471 1870 ] [    0    0    0 ] [      0      0      0 ] [ 0 ],drive [ 45 ] [ 0 ] [ 1341 1442 1870 ] [   55   52    4 ] [  12872   4470   9239 ] [ 0 ],1.00,1.00,1.00,1.00,3.62,27.72,0.00,0.00,0.00,0.00,0.00,0.00,0.00,0.00,0.00,0.00,0.00,0.00,0.00,0.00,0.00,0
3.08649,4,27,83,0,DRIVE [ 46 ] [ 1 ] [ 1344 1500 1870 ] [    0    0    0 ] [      0      0      0 ] [ 0 ],drive [ 46 ] [ 0 ] [ 1342 1471 1870 ] [   55   52    4 ] [  12872   4470   9239 ] [ 0 ],1.00,1.00,1.00,1.00,4.35,26.69,0.00,0.00,0.00,0.00,0.00,0.00,0.00,0.00,0.00,0.00,0.00,0.00,0.00,0.00,0.00,0
3.09678,5,26,83,0,DRIVE [ 47 ] [ 1 ] [ 1345 1526 1870 ] [    0    0    0 ] [      0      0      0 ] [ 0 ],drive [ 46 ] [ 0 ] [ 1344 1500 1870 ] [   55   52    4 ] [  12872   4470   9239 ] [ 0 ],1.00,1.00,1.00,1.00,5.05,25.75,0.00,0.00,0.00,0.00,0.00,0.00,0.00,0.00,0.00,0.00,0.00,0.00,0.00,0.00,0.00,0
3.10674,6,25,83,0,DRIVE [ 47 ] [ 1 ] [ 1345 1551 1870 ] [    0    0    0 ] [      0      0      0 ] [ 0 ],drive [ 47 ] [ 0 ] [ 1345 1526 1870 ] [   55   52    4 ] [  12951   4515   9165 ] [ 0 ],1.00,1.00,1.00,1.00,5.73,24.81,0.00,0.00,0.00,0.00,0.00,0.00,0.00,0.00,0.00,0.00,0.00,0.00,0.00,0.00,0.00,0
3.11856,6,24,83,0,DRIVE [ 48 ] [ 1 ] [ 1344 1577 1870 ] [    0    0    0 ] [      0      0      0 ] [ 0 ],drive [ 47 ] [ 0 ] [ 1345 1551 1870 ] [   57   41   19 ] [  12951   4515   9165 ] [ 0 ],1.00,1.00,1.00,1.00,6.44,23.84,0.00,0.00,0.00,0.00,0.00,0.00,0.00,0.00,0.00,0.00,0.00,0.00,0.00,0.00,0.00,0
3.1308,7,23,83,0,DRIVE [ 48 ] [ 1 ] [ 1343 1603 1870 ] [    0    0    0 ] [      0      0      0 ] [ 0 ],drive [ 48 ] [ 0 ] [ 1344 1577 1870 ] [   57   41   19 ] [  12951   4515   9165 ] [ 0 ],1.00,1.00,1.00,1.00,7.14,22.83,0.00,0.00,0.00,0.00,0.00,0.00,0.00,0.00,0.00,0.00,0.00,0.00,0.00,0.00,0.00,0
3.1425,8,22,83,0,DRIVE [ 49 ] [ 1 ] [ 1342 1629 1870 ] [    0    0    0 ] [      0      0      0 ] [ 0 ],drive [ 48 ] [ 0 ] [ 1343 1603 1870 ] [   57   41   19 ] [  12951   4515   9165 ] [ 0 ],1.00,1.00,1.00,1.00,7.82,21.78,0.00,0.00,0.00,0.00,0.00,0.00,0.00,0.00,0.00,0.00,0.00,0.00,0.00,0.00,0.00,0
3.15229,8,21,83,0,DRIVE [ 49 ] [ 1 ] [ 1340 1654 1870 ] [    0    0    0 ] [      0      0      0 ] [ 0 ],drive [ 49 ] [ 0 ] [ 1342 1629 1870 ] [   57   41   19 ] [  12957   4509   9107 ] [ 0 ],1.00,1.00,1.00,1.00,8.47,20.70,0.00,0.00,0.00,0.00,0.00,0.00,0.00,0.00,0.00,0.00,0.00,0.00,0.00,0.00,0.00,0
3.16375,9,20,82,0,DRIVE [ 50 ] [ 1 ] [ 1338 1678 1870 ] [    0    0    0 ] [      0      0      0 ] [ 0 ],drive [ 49 ] [ 0 ] [ 1340 1654 1870 ] [   57   41   19 ] [  12957   4509   9107 ] [ 0 ],1.00,1.00,1.00,1.00,9.10,19.64,0.00,0.00,0.00,0.00,0.00,0.00,0.00,0.00,0.00,0.00,0.00,0.00,-0.00,-0.00,0.00,0
3.17428,10,19,82,0,DRIVE [ 50 ] [ 1 ] [ 1335 1702 1870 ] [    0    0    0 ] [      0      0      0 ] [ 0 ],drive [ 50 ] [ 0 ] [ 1338 1678 1870 ] [   64   34   26 ] [  12957   4509   9107 ] [ 0 ],1.00,1.00,1.00,1.00,9.71,18.58,0.00,0.00,0.00,0.00,0.00,0.00,0.00,0.00,0.00,0.00,0.00,0.00,-0.00,-0.00,0.00,0
3.18677,10,18,82,0,DRIVE [ 51 ] [ 1 ] [ 1331 1726 1870 ] [    0    0    0 ] [      0      0      0 ] [ 0 ],drive [ 50 ] [ 0 ] [ 1335 1702 1870 ] [   64   34   26 ] [  12957   4509   9107 ] [ 0 ],1.00,1.00,1.00,1.00,10.31,17.51,0.00,0.00,0.00,0.00,0.00,0.00,0.00,0.00,0.00,0.00,0.00,0.00,-0.00,-0.00,0.00,0
3.19863,11,16,82,0,DRIVE [ 51 ] [ 1 ] [ 1327 1749 1870 ] [    0    0    0 ] [      0      0      0 ] [ 0 ],drive [ 51 ] [ 0 ] [ 1331 1726 1870 ] [   64   34   26 ] [  12957   4509   9107 ] [ 0 ],1.00,1.00,1.00,1.00,10.88,16.43,0.00,0.00,0.00,0.00,0.00,0.00,0.00,0.00,0.00,0.00,0.00,0.00,-0.00,-0.00,0.00,0
3.21059,11,15,82,0,DRIVE [ 52 ] [ 1 ] [ 1323 1771 1870 ] [    0    0    0 ] [      0      0      0 ] [ 0 ],drive [ 51 ] [ 0 ] [ 1327 1749 1870 ] [   64   34   26 ] [  12967   4478   9107 ] [ 0 ],1.00,1.00,1.00,1.00,11.37,15.36,0.00,0.00,0.00,0.00,0.00,0.00,0.00,0.00,0.00,0.00,0.00,0.00,-0.00,-0.00,0.00,0
3.22053,12,14,81,0,DRIVE [ 52 ] [ 1 ] [ 1320 1793 1870 ] [    0    0    0 ] [      0      0      0 ] [ 0 ],drive [ 52 ] [ 0 ] [ 1323 1771 1870 ] [   78   35   25 ] [  12967   4478   9107 ] [ 0 ],1.00,1.00,1.00,1.00,11.80,14.27,0.00,0.00,0.00,0.00,0.00,0.00,0.00,0.00,0.00,0.00,0.00,0.00,-0.00,-0.00,0.00,0
3.23119,12,13,81,0,DRIVE [ 53 ] [ 1 ] [ 1320 1813 1870 ] [    0    0    0 ] [      0      0      0 ] [ 0 ],drive [ 52 ] [ 0 ] [ 1320 1793 1870 ] [   78   35   25 ] [  12967   4478   9107 ] [ 0 ],1.00,1.00,1.00,1.00,12.12,13.16,0.00,0.00,0.00,0.00,0.00,0.00,0.00,0.00,0.00,0.00,0.00,0.00,-0.00,-0.00,0.00,0
3.24231,12,12,81,0,DRIVE [ 53 ] [ 1 ] [ 1322 1832 1870 ] [    0    0    0 ] [      0      0      0 ] [ 0 ],drive [ 53 ] [ 0 ] [ 1320 1813 1870 ] [   78   35   25 ] [  12967   4478   9107 ] [ 0 ],1.00,1.00,1.00,1.00,12.30,12.05,0.00,0.00,0.00,0.00,0.00,0.00,0.00,0.00,0.00,0.00,0.00,0.00,-0.00,-0.00,0.00,0
3.25457,12,11,81,0,DRIVE [ 54 ] [ 1 ] [ 1326 1848 1870 ] [    0    0    0 ] [      0      0      0 ] [ 0 ],drive [ 53 ] [ 0 ] [ 1322 1832 1870 ] [   78   35   25 ] [  13069   4272   9098 ] [ 0 ],1.00,1.00,1.00,1.00,12.39,11.04,0.00,0.00,0.00,0.00,0.00,0.00,0.00,0.00,0.00,0.00,0.00,0.00,-0.00,-0.00,0.00,0
3.26656,12,10,80,0,DRIVE [ 54 ] [ 1 ] [ 1330 1863 1870 ] [    0    0    0 ] [      0      0      0 ] [ 0 ],drive [ 54 ] [ 0 ] [ 1326 1848 1870 ] [   78   35   25 ] [  13069   4272   9098 ] [ 0 ],1.00,1.00,1.00,1.00,12.40,10.09,0.00,0.00,0.00,0.00,0.00,0.00,0.00,0.00,0.00,0.00,0.00,0.00,-0.00,-0.00,0.00,0
3.27863,12,9,80,0,DRIVE [ 55 ] [ 1 ] [ 1333 1878 1870 ] [    0    0    0 ] [      0      0      0 ] [ 0 ],drive [ 54 ] [ 0 ] [ 1330 1863 1870 ] [   58    9   21 ] [  13069   4272   9098 ] [ 0 ],1.00,1.00,1.00,1.00,12.44,9.15,0.00,0.00,0.00,0.00,0.00,0.00,0.00,0.00,0.00,0.00,0.00,0.00,-0.00,-0.00,0.00,0
3.28896,12,8,80,0,DRIVE [ 55 ] [ 1 ] [ 1349 1878 1878 ] [    0    0    0 ] [      0      0      0 ] [ 0 ],drive [ 55 ] [ 0 ] [ 1333 1878 1870 ] [   58    9   21 ] [  13069   4272   9098 ] [ 0 ],1.00,1.00,1.00,1.00,12.47,8.21,0.00,0.00,0.00,0.00,0.00,0.00,0.00,0.00,0.00,0.00,0.00,0.00,-0.00,-0.00,0.00,0
3.30102,12,7,79,0,DRIVE [ 56 ] [ 1 ] [ 1378 1878 1865 ] [    0    0    0 ] [      0      0      0 ] [ 0 ],drive [ 55 ] [ 0 ] [ 1349 1878 1878 ] [   58    9   21 ] [  13069   4272   9098 ] [ 0 ],1.00,1.00,1.00,1.00,12.46,7.27,0.00,0.00,0.00,0.00,0.00,0.00,0.00,0.00,0.00,0.00,0.00,0.00,-0.00,-0.00,0.00,0
3.31155,12,6,79,0,DRIVE [ 56 ] [ 1 ] [ 1405 1878 1852 ] [    0    0    0 ] [      0      0      0 ] [ 0 ],drive [ 56 ] [ 0 ] [ 1378 1878 1865 ] [   58    9   21 ] [  13069   4037   9099 ] [ 0 ],1.00,1.00,1.00,1.00,12.46,6.33,0.00,0.00,0.00,0.00,0.00,0.00,0.00,0.00,0.00,0.00,0.00,0.00,-0.00,-0.00,0.00,0
3.32256,12,5,79,0,DRIVE [ 57 ] [ 1 ] [ 1431 1878 1839 ] [    0    0    0 ] [      0      0      0 ] [ 0 ],drive [ 56 ] [ 0 ] [ 1405 1878 1852 ] [   53    6   19 ] [  13069   4037   9099 ] [ 0 ],1.00,1.00,1.00,1.00,12.42,5.42,0.00,0.00,0.00,0.00,0.00,0.00,0.00,0.00,0.00,0.00,0.00,0.00,-0.00,-0.00,0.00,0
3.33459,12,5,78,0,DRIVE [ 57 ] [ 1 ] [ 1456 1878 1827 ] [    0    0    0 ] [      0      0      0 ] [ 0 ],drive [ 57 ] [ 0 ] [ 1431 1878 1839 ] [   53    6   19 ] [  13069   4037   9099 ] [ 0 ],1.00,1.00,1.00,1.00,12.34,4.52,0.00,0.00,0.00,0.00,0.00,0.00,0.00,0.00,0.00,0.00,0.00,0.00,-0.00,-0.00,0.00,0
3.34502,12,4,78,0,DRIVE [ 58 ] [ 1 ] [ 1480 1878 1815 ] [    0    0    0 ] [      0      0      0 ] [ 0 ],drive [ 57 ] [ 0 ] [ 1456 1878 1827 ] [   53    6   19 ] [  13069   4037   9099 ] [ 0 ],1.00,1.00,1.00,1.00,12.23,3.65,0.00,0.00,0.00,0.00,0.00,0.00,0.00,0.00,0.00,0.00,0.00,0.00,0.00,0.00,0.00,0
3.35513,12,3,78,0,DRIVE [ 58 ] [ 1 ] [ 1502 1878 1804 ] [    0    0    0 ] [      0      0      0 ] [ 0 ],drive [ 58 ] [ 0 ] [ 1480 1878 1815 ] [   53    6   19 ] [  13063   3866   9102 ] [ 0 ],1.00,1.00,1.00,1.00,12.06,2.85,0.00,0.00,0.00,0.00,0.00,0.00,0.00,0.00,0.00,0.00,0.00,0.00,0.00,0.00,0.00,0
3.36673,12,2,78,0,DRIVE [ 59 ] [ 1 ] [ 1523 1878 1793 ] [    0    0    0 ] [      0      0      0 ] [ 0 ],drive [ 58 ] [ 0 ] [ 1502 1878 1804 ] [   53    6   19 ] [  13063   3866   9102 ] [ 0 ],1.00,1.00,1.00,1.00,11.91,2.06,0.00,0.00,0.00,0.00,0.00,0.00,0.00,0.00,0.00,0.00,0.00,0.00,0.00,0.00,0.00,0
3.37857,12,1,77,0,DRIVE [ 59 ] [ 1 ] [ 1541 1878 1783 ] [    0    0    0 ] [      0      0      0 ] [ 0 ],drive [ 59 ] [ 0 ] [ 1523 1878 1793 ] [   38    9   32 ] [  13063   3866   9102 ] [ 0 ],1.00,1.00,1.00,1.00,11.74,1.32,0.00,0.00,0.00,0.00,0.00,0.00,0.00,0.00,0.00,0.00,0.00,0.00,0.00,0.00,0.00,0
3.39032,12,1,77,0,DRIVE [ 60 ] [ 1 ] [ 1558 1878 1773 ] [    0    0    0 ] [      0      0      0 ] [ 0 ],drive [ 59 ] [ 0 ] [ 1541 1878 1783 ] [   38    9   32 ] [  13063   3866   9102 ] [ 0 ],1.00,1.00,1.00,1.00,11.57,0.65,0.00,0.00,0.00,0.00,0.00,0.00,0.00,0.00,0.00,0.00,0.00,0.00,0.00,0.00,0.00,0
3.40295,11,0,77,0,DRIVE [ 60 ] [ 1 ] [ 1572 1878 1765 ] [    0    0    0 ] [      0      0      0 ] [ 0 ],drive [ 60 ] [ 0 ] [ 1558 1878 1773 ] [   38    9   32 ] [  13063   3866   9102 ] [ 0 ],1.00,1.00,1.00,1.00,11.36,0.07,0.00,0.00,0.00,0.00,0.00,0.00,0.00,0.00,0.00,0.00,0.00,0.00,0.00,0.00,0.00,0
3.41354,11,0,76,0,DRIVE [ 61 ] [ 1 ] [ 1585 1878 1759 ] [    0    0    0 ] [      0      0      0 ] [ 0 ],drive [ 60 ] [ 0 ] [ 1572 1878 1765 ] [   38    9   32 ] [  13049   3758   9168 ] [ 0 ],1.00,1.00,1.00,1.00,11.11,-0.37,0.00,0.00,0.00,0.00,0.00,0.00,0.00,0.00,0.00,0.00,0.00,0.00,0.00,0.00,0.00,0
3.4236,11,-1,76,0,DRIVE [ 61 ] [ 1 ] [ 1596 1878 1754 ] [    0    0    0 ] [      0      0      0 ] [ 0 ],drive [ 61 ] [ 0 ] [ 1585 1878 1759 ] [   42    5   27 ] [  13049   3758   9168 ] [ 0 ],1.00,1.00,1.00,1.00,10.88,-0.74,0.00,0.00,0.00,0.00,0.00,0.00,0.00,0.00,0.00,0.00,0.00,0.00,0.00,0.00,0.00,0
3.43475,11,-1,75,0,DRIVE [ 62 ] [ 1 ] [ 1606 1878 1750 ] [    0    0    0 ] [      0      0      0 ] [ 0 ],drive [ 61 ] [ 0 ] [ 1596 1878 1754 ] [   42    5   27 ] [  13049   3758   9168 ] [ 0 ],1.00,1.00,1.00,1.00,10.65,-1.08,0.00,0.00,0.00,0.00,0.00,0.00,0.00,0.00,0.00,0.00,0.00,0.00,0.00,0.00,0.00,0
3.44662,10,-1,75,0,DRIVE [ 62 ] [ 1 ] [ 1615 1878 1746 ] [    0    0    0 ] [      0      0      0 ] [ 0 ],drive [ 62 ] [ 0 ] [ 1606 1878 1750 ] [   42    5   27 ] [  13049   3758   9168 ] [ 0 ],1.00,1.00,1.00,1.00,10.44,-1.37,0.00,0.00,0.00,0.00,0.00,0.00,0.00,0.00,0.00,0.00,0.00,0.00,0.00,0.00,0.00,0
3.45848,10,-2,75,0,DRIVE [ 63 ] [ 1 ] [ 1622 1878 1744 ] [    0    0    0 ] [      0      0      0 ] [ 0 ],drive [ 62 ] [ 0 ] [ 1615 1878 1746 ] [   42    5   27 ] [  12990   3709   9281 ] [ 0 ],1.00,1.00,1.00,1.00,10.23,-1.54,0.00,0.00,0.00,0.00,0.00,0.00,0.00,0.00,0.00,0.00,0.00,0.00,0.00,0.00,0.00,0
3.46926,10,-2,74,0,DRIVE [ 63 ] [ 1 ] [ 1627 1878 1745 ] [    0    0    0 ] [      0      0      0 ] [ 0 ],drive [ 63 ] [ 0 ] [ 1622 1878 1744 ] [   33   24   36 ] [  12990   3709   9281 ] [ 0 ],1.00,1.00,1.00,1.00,10.01,-1.57,0.00,0.00,0.00,0.00,0.00,0.00,0.00,0.00,0.00,0.00,0.00,0.00,0.00,0.00,0.00,0
3.47974,10,-1,74,0,DRIVE [ 64 ] [ 1 ] [ 1631 1878 1749 ] [    0    0    0 ] [      0      0      0 ] [ 0 ],drive [ 63 ] [ 0 ] [ 1627 1878 1745 ] [   33   24   36 ] [  12990   3709   9281 ] [ 0 ],1.00,1.00,1.00,1.00,9.80,-1.47,0.00,0.00,0.00,0.00,0.00,0.00,0.00,0.00,0.00,0.00,0.00,0.00,0.00,0.00,0.00,0
3.49039,10,-1,74,0,DRIVE [ 64 ] [ 1 ] [ 1633 1878 1753 ] [    0    0    0 ] [      0      0      0 ] [ 0 ],drive [ 64 ] [ 0 ] [ 1631 1878 1749 ] [   33   24   36 ] [  12990   3709   9281 ] [ 0 ],1.00,1.00,1.00,1.00,9.58,-1.33,0.00,0.00,0.00,0.00,0.00,0.00,0.00,0.00,0.00,0.00,0.00,0.00,0.00,0.00,0.00,0
3.50268,9,-1,73,0,DRIVE [ 65 ] [ 1 ] [ 1636 1878 1758 ] [    0    0    0 ] [      0      0      0 ] [ 0 ],drive [ 64 ] [ 0 ] [ 1633 1878 1753 ] [   33   24   36 ] [  12990   3709   9281 ] [ 0 ],1.00,1.00,1.00,1.00,9.37,-1.20,0.00,0.00,0.00,0.00,0.00,0.00,0.00,0.00,0.00,0.00,0.00,0.00,0.00,0.00,0.00,0
3.51482,9,-1,73,0,DRIVE [ 65 ] [ 1 ] [ 1640 1878 1762 ] [    0    0    0 ] [      0      0      0 ] [ 0 ],drive [ 65 ] [ 0 ] [ 1636 1878 1758 ] [   33   24   36 ] [  12905   3644   9403 ] [ 0 ],1.00,1.00,1.00,1.00,9.13,-1.10,0.00,0.00,0.00,0.00,0.00,0.00,0.00,0.00,0.00,0.00,0.00,0.00,0.00,0.00,0.00,0
3.52668,9,-1,73,0,DRIVE [ 66 ] [ 1 ] [ 1644 1878 1766 ] [    0    0    0 ] [      0      0      0 ] [ 0 ],drive [ 65 ] [ 0 ] [ 1640 1878 1762 ] [   39   19   17 ] [  12905   3644   9403 ] [ 0 ],1.00,1.00,1.00,1.00,8.88,-0.98,0.00,0.00,0.00,0.00,0.00,0.00,0.00,0.00,0.00,0.00,0.00,0.00,-0.00,0.00,0.00,0
3.53677,9,-1,72,0,DRIVE [ 66 ] [ 1 ] [ 1648 1878 1770 ] [    0    0    0 ] [      0      0      0 ] [ 0 ],drive [ 66 ] [ 0 ] [ 1644 1878 1766 ] [   39   19   17 ] [  12905   3644   9403 ] [ 0 ],1.00,1.00,1.00,1.00,8.64,-0.87,0.00,0.00,0.00,0.00,0.00,0.00,0.00,0.00,0.00,0.00,0.00,0.00,-0.00,0.00,0.00,0
3.54747,8,-1,72,0,DRIVE [ 67 ] [ 1 ] [ 1652 1878 1775 ] [    0    0    0 ] [      0      0      0 ] [ 0 ],drive [ 66 ] [ 0 ] [ 1648 1878 1770 ] [   39   19   17 ] [  12905   3644   9403 ] [ 0 ],1.00,1.00,1.00,1.00,8.41,-0.75,0.00,0.00,0.00,0.00,0.00,0.00,0.00,0.00,0.00,0.00,0.00,0.00,-0.00,0.00,0.00,0
3.55844,8,-1,72,0,DRIVE [ 67 ] [ 1 ] [ 1656 1878 1779 ] [    0    0    0 ] [      0      0      0 ] [ 0 ],drive [ 67 ] [ 0 ] [ 1652 1878 1775 ] [   39   19   17 ] [  12898   3622   9401 ] [ 0 ],1.00,1.00,1.00,1.00,8.18,-0.63,0.00,0.00,0.00,0.00,0.00,0.00,0.00,0.00,0.00,0.00,0.00,0.00,-0.00,0.00,0.00,0
3.57073,8,0,71,0,DRIVE [ 68 ] [ 1 ] [ 1659 1878 1784 ] [    0    0    0 ] [      0      0      0 ] [ 0 ],drive [ 67 ] [ 0 ] [ 1656 1878 1779 ] [   42   20   15 ] [  12898   3622   9401 ] [ 0 ],1.00,1.00,1.00,1.00,7.94,-0.48,0.00,0.00,0.00,0.00,0.00,0.00,0.00,0.00,0.00,0.00,0.00,0.00,-0.00,0.00,0.00,0
3.58261,8,0,71,0,DRIVE [ 68 ] [ 1 ] [ 1663 1878 1791 ] [    0    0    0 ] [      0      0      0 ] [ 0 ],drive [ 68 ] [ 0 ] [ 1659 1878 1784 ] [   42   20   15 ] [  12898   3622   9401 ] [ 0 ],1.00,1.00,1.00,1.00,7.65,-0.28,0.00,0.00,0.00,0.00,0.00,0.00,0.00,0.00,0.00,0.00,0.00,0.00,-0.00,0.00,0.00,0
3.59443,7,0,71,0,DRIVE [ 69 ] [ 1 ] [ 1666 1878 1798 ] [    0    0    0 ] [      0      0      0 ] [ 0 ],drive [ 68 ] [ 0 ] [ 1663 1878 1791 ] [   42   20   15 ] [  12898   3622   9401 ] [ 0 ],1.00,1.00,1.00,1.00,7.36,-0.05,0.00,0.00,0.00,0.00,0.00,0.00,0.00,0.00,0.00,0.00,0.00,0.00,-0.00,0.00,0.00,0
3.60438,7,0,70,0,DRIVE [ 69 ] [ 1 ] [ 1669 1878 1805 ] [    0    0    0 ] [      0      0      0 ] [ 0 ],drive [ 69 ] [ 0 ] [ 1666 1878 1798 ] [   42   20   15 ] [  12835   3551   9400 ] [ 0 ],1.00,1.00,1.00,1.00,7.10,0.18,0.00,0.00,0.00,0.00,0.00,0.00,0.00,0.00,0.00,0.00,0.00,0.00,-0.00,-0.00,0.00,0
3.61485,7,0,70,0,DRIVE [ 70 ] [ 1 ] [ 1668 1878 1812 ] [    0    0    0 ] [      0      0      0 ] [ 0 ],drive [ 69 ] [ 0 ] [ 1669 1878 1805 ] [   42   20   15 ] [  12835   3551   9400 ] [ 0 ],1.00,1.00,1.00,1.00,6.90,0.43,0.00,0.00,0.00,0.00,0.00,0.00,0.00,0.00,0.00,0.00,0.00,0.00,-0.00,-0.00,0.00,0
3.62645,7,1,70,0,DRIVE [ 70 ] [ 1 ] [ 1668 1878 1818 ] [    0    0    0 ] [      0      0      0 ] [ 0 ],drive [ 70 ] [ 0 ] [ 1668 1878 1812 ] [   25   27   13 ] [  12835   3551   9400 ] [ 0 ],1.00,1.00,1.00,1.00,6.72,0.67,0.00,0.00,0.00,0.00,0.00,0.00,0.00,0.00,0.00,0.00,0.00,0.00,-0.00,-0.00,0.00,0
3.63875,7,1,69,0,DRIVE [ 71 ] [ 1 ] [ 1667 1878 1825 ] [    0    0    0 ] [      0      0      0 ] [ 0 ],drive [ 70 ] [ 0 ] [ 1668 1878 1818 ] [   25   27   13 ] [  12835   3551   9400 ] [ 0 ],1.00,1.00,1.00,1.00,6.53,0.91,0.00,0.00,0.00,0.00,0.00,0.00,0.00,0.00,0.00,0.00,0.00,0.00,-0.00,-0.00,0.00,0
3.65069,6,1,69,0,DRIVE [ 71 ] [ 1 ] [ 1667 1878 1831 ] [    0    0    0 ] [      0      0      0 ] [ 0 ],drive [ 71 ] [ 0 ] [ 1667 1878 1825 ] [   25   27   13 ] [  12835   3551   9400 ] [ 0 ],1.00,1.00,1.00,1.00,6.31,1.13,0.00,0.00,0.00,0.00,0.00,0.00,0.00,0.00,0.00,0.00,0.00,0.00,-0.00,-0.00,0.00,0
3.66256,6,1,69,0,DRIVE [ 72 ] [ 1 ] [ 1668 1878 1837 ] [    0    0    0 ] [      0      0      0 ] [ 0 ],drive [ 71 ] [ 0 ] [ 1667 1878 1831 ] [   25   27   13 ] [  12814   3547   9399 ] [ 0 ],1.00,1.00,1.00,1.00,6.10,1.33,0.00,0.00,0.00,0.00,0.00,0.00,0.00,0.00,0.00,0.00,0.00,0.00,-0.00,-0.00,0.00,0
3.67397,6,1,68,0,DRIVE [ 72 ] [ 1 ] [ 1669 1878 1841 ] [    0    0    0 ] [      0      0      0 ] [ 0 ],drive [ 72 ] [ 0 ] [ 1668 1878 1837 ] [   27   29   12 ] [  12814   3547   9399 ] [ 0 ],1.00,1.00,1.00,1.00,5.89,1.46,0.00,0.00,0.00,0.00,0.00,0.00,0.00,0.00,0.00,0.00,0.00,0.00,-0.00,-0.00,0.00,0
3.68465,6,2,68,0,DRIVE [ 73 ] [ 1 ] [ 1673 1878 1845 ] [    0    0    0 ] [      0      0      0 ] [ 0 ],drive [ 72 ] [ 0 ] [ 1669 1878 1841 ] [   27   29   12 ] [  12814   3547   9399 ] [ 0 ],1.00,1.00,1.00,1.00,5.66,1.55,0.00,0.00,0.00,0.00,0.00,0.00,0.00,0.00,0.00,0.00,0.00,0.00,-0.00,-0.00,0.00,0
3.69459,5,2,68,0,DRIVE [ 73 ] [ 1 ] [ 1678 1878 1849 ] [    0    0    0 ] [      0      0      0 ] [ 0 ],drive [ 73 ] [ 0 ] [ 1673 1878 1845 ] [   27   29   12 ] [  12814   3547   9399 ] [ 0 ],1.00,1.00,1.00,1.00,5.41,1.59,0.00,0.00,0.00,0.00,0.00,0.00,0.00,0.00,0.00,0.00,0.00,0.00,-0.00,-0.00,0.00,0
3.70669,5,2,68,0,DRIVE [ 74 ] [ 1 ] [ 1685 1878 1852 ] [    0    0    0 ] [      0      0      0 ] [ 0 ],drive [ 73 ] [ 0 ] [ 1678 1878 1849 ] [   27   29   12 ] [  12815   3547   9383 ] [ 0 ],1.00,1.00,1.00,1.00,5.14,1.61,0.00,0.00,0.00,0.00,0.00,0.00,0.00,0.00,0.00,0.00,0.00,0.00,-0.00,-0.00,0.00,0
3.71857,5,2,68,0,DRIVE [ 74 ] [ 1 ] [ 1693 1878 1856 ] [    0    0    0 ] [      0      0      0 ] [ 0 ],drive [ 74 ] [ 0 ] [ 1685 1878 1852 ] [   26   28   19 ] [  12815   3547   9383 ] [ 0 ],1.00,1.00,1.00,1.00,4.84,1.62,0.00,0.00,0.00,0.00,0.00,0.00,0.00,0.00,0.00,0.00,0.00,0.00,-0.00,-0.00,0.00,0
3.72898,5,2,67,0,DRIVE [ 75 ] [ 1 ] [ 1702 1878 1859 ] [    0    0    0 ] [      0      0      0 ] [ 0 ],drive [ 74 ] [ 0 ] [ 1693 1878 1856 ] [   26   28   19 ] [  12815   3547   9383 ] [ 0 ],1.00,1.00,1.00,1.00,4.52,1.60,0.00,0.00,0.00,0.00,0.00,0.00,0.00,0.00,0.00,0.00,0.00,0.00,-0.00,-0.00,0.00,0
3.73903,4,2,67,0,DRIVE [ 75 ] [ 1 ] [ 1714 1878 1862 ] [    0    0    0 ] [      0      0      0 ] [ 0 ],drive [ 75 ] [ 0 ] [ 1702 1878 1859 ] [   26   28   19 ] [  12815   3547   9383 ] [ 0 ],1.00,1.00,1.00,1.00,4.17,1.53,0.00,0.00,0.00,0.00,0.00,0.00,0.00,0.00,0.00,0.00,0.00,0.00,-0.00,-0.00,0.00,0
3.75059,4,1,67,0,DRIVE [ 76 ] [ 1 ] [ 1728 1878 1864 ] [    0    0    0 ] [      0      0      0 ] [ 0 ],drive [ 75 ] [ 0 ] [ 1714 1878 1862 ] [   26   28   19 ] [  12815   3547   9383 ] [ 0 ],1.00,1.00,1.00,1.00,3.81,1.41,0.00,0.00,0.00,0.00,0.00,0.00,0.00,0.00,0.00,0.00,0.00,0.00,-0.00,-0.00,0.00,0
3.76245,3,1,67,0,DRIVE [ 76 ] [ 1 ] [ 1742 1878 1866 ] [    0    0    0 ] [      0      0      0 ] [ 0 ],drive [ 76 ] [ 0 ] [ 1728 1878 1864 ] [   26   28   19 ] [  12814   3547   9328 ] [ 0 ],1.00,1.00,1.00,1.00,3.44,1.28,0.00,0.00,0.00,0.00,0.00,0.00,0.00,0.00,0.00,0.00,0.00,0.00,-0.00,-0.00,0.00,0
3.77478,3,1,67,0,DRIVE [ 77 ] [ 1 ] [ 1756 1878 1869 ] [    0    0    0 ] [      0      0      0 ] [ 0 ],drive [ 76 ] [ 0 ] [ 1742 1878 1866 ] [   26   28   17 ] [  12814   3547   9328 ] [ 0 ],1.00,1.00,1.00,1.00,3.07,1.18,0.00,0.00,0.00,0.00,0.00,0.00,0.00,0.00,0.00,0.00,0.00,0.00,-0.00,-0.00,0.00,0
3.78685,3,1,66,0,DRIVE [ 77 ] [ 1 ] [ 1769 1878 1871 ] [    0    0    0 ] [      0      0      0 ] [ 0 ],drive [ 77 ] [ 0 ] [ 1756 1878 1869 ] [   26   28   17 ] [  12814   3547   9328 ] [ 0 ],1.00,1.00,1.00,1.00,2.70,1.09,0.00,0.00,0.00,0.00,0.00,0.00,0.00,0.00,0.00,0.00,0.00,0.00,-0.00,-0.00,0.00,0
3.79743,2,1,66,0,DRIVE [ 78 ] [ 1 ] [ 1782 1878 1874 ] [    0    0    0 ] [      0      0      0 ] [ 0 ],drive [ 77 ] [ 0 ] [ 1769 1878 1871 ] [   26   28   17 ] [  12814   3547   9328 ] [ 0 ],1.00,1.00,1.00,1.00,2.34,1.02,0.00,0.00,0.00,0.00,0.00,0.00,0.00,0.00,0.00,0.00,0.00,0.00,-0.00,-0.00,0.00,0
3.80872,2,1,66,0,DRIVE [ 78 ] [ 1 ] [ 1793 1878 1878 ] [    0    0    0 ] [      0      0      0 ] [ 0 ],drive [ 78 ] [ 0 ] [ 1782 1878 1874 ] [   26   28   17 ] [  12745   3547   9325 ] [ 0 ],1.00,1.00,1.00,1.00,1.99,0.97,0.00,0.00,0.00,0.00,0.00,0.00,0.00,0.00,0.00,0.00,0.00,0.00,-0.00,-0.00,0.00,0
3.81876,2,1,66,0,DRIVE [ 79 ] [ 1 ] [ 1802 1878 1882 ] [    0    0    0 ] [      0      0      0 ] [ 0 ],drive [ 78 ] [ 0 ] [ 1793 1878 1878 ] [   28   28   16 ] [  12745   3547   9325 ] [ 0 ],1.00,1.00,1.00,1.00,1.66,0.97,0.00,0.00,0.00,0.00,0.00,0.00,0.00,0.00,0.00,0.00,0.00,0.00,-0.00,-0.00,0.00,0
3.8303,1,1,65,0,DRIVE [ 79 ] [ 1 ] [ 1811 1883 1882 ] [    0    0    0 ] [      0      0      0 ] [ 0 ],drive [ 79 ] [ 0 ] [ 1802 1878 1882 ] [   28   28   16 ] [  12745   3547   9325 ] [ 0 ],1.00,1.00,1.00,1.00,1.33,1.03,0.00,0.00,0.00,0.00,0.00,0.00,0.00,0.00,0.00,0.00,0.00,0.00,-0.00,-0.00,0.00,0
3.84262,1,1,65,0,DRIVE [ 80 ] [ 1 ] [ 1824 1877 1882 ] [    0    0    0 ] [      0      0      0 ] [ 0 ],drive [ 79 ] [ 0 ] [ 1811 1883 1882 ] [   28   28   16 ] [  12745   3547   9325 ] [ 0 ],1.00,1.00,1.00,1.00,1.02,1.12,0.00,0.00,0.00,0.00,0.00,0.00,0.00,0.00,0.00,0.00,0.00,0.00,-0.00,-0.00,0.00,0
3.85313,1,1,64,0,DRIVE [ 80 ] [ 1 ] [ 1834 1870 1882 ] [    0    0    0 ] [      0      0      0 ] [ 0 ],drive [ 80 ] [ 0 ] [ 1824 1877 1882 ] [   28   28   16 ] [  12551   3547   9331 ] [ 0 ],1.00,1.00,1.00,1.00,0.73,1.25,0.00,0.00,0.00,0.00,0.00,0.00,0.00,0.00,0.00,0.00,0.00,0.00,-0.00,-0.00,0.00,0
3.86361,0,1,64,0,DRIVE [ 81 ] [ 1 ] [ 1839 1863 1882 ] [    0    0    0 ] [      0      0      0 ] [ 0 ],drive [ 80 ] [ 0 ] [ 1834 1870 1882 ] [   28   28   16 ] [  12551   3547   9331 ] [ 0 ],1.00,1.00,1.00,1.00,0.48,1.39,0.00,0.00,0.00,0.00,0.00,0.00,0.00,0.00,0.00,0.00,0.00,0.00,-0.00,-0.00,0.00,0
3.87433,0,2,64,0,DRIVE [ 81 ] [ 1 ] [ 1842 1855 1882 ] [    0    0    0 ] [      0      0      0 ] [ 0 ],drive [ 81 ] [ 0 ] [ 1839 1863 1882 ] [   22   29   20 ] [  12551   3547   9331 ] [ 0 ],1.00,1.00,1.00,1.00,0.27,1.56,0.00,0.00,0.00,0.00,0.00,0.00,0.00,0.00,0.00,0.00,0.00,0.00,-0.00,-0.00,0.00,0
3.88652,0,2,63,0,DRIVE [ 82 ] [ 1 ] [ 1841 1846 1882 ] [    0    0    0 ] [      0      0      0 ] [ 0 ],drive [ 81 ] [ 0 ] [ 1842 1855 1882 ] [   22   29   20 ] [  12551   3547   9331 ] [ 0 ],1.00,1.00,1.00,1.00,0.09,1.77,0.00,0.00,0.00,0.00,0.00,0.00,0.00,0.00,0.00,0.00,0.00,0.00,-0.00,-0.00,0.00,0
3.90055,0,2,63,0,DRIVE [ 82 ] [ 1 ] [ 1839 1836 1882 ] [    0    0    0 ] [      0      0      0 ] [ 0 ],drive [ 82 ] [ 0 ] [ 1841 1846 1882 ] [   22   29   20 ] [  12551   3547   9331 ] [ 0 ],1.00,1.00,1.00,1.00,-0.06,2.02,0.00,0.00,0.00,0.00,0.00,0.00,0.00,0.00,0.00,0.00,0.00,0.00,0.00,0.00,0.00,0
3.91107,0,2,62,0,DRIVE [ 83 ] [ 1 ] [ 1834 1826 1882 ] [    0    0    0 ] [      0      0      0 ] [ 0 ],drive [ 82 ] [ 0 ] [ 1839 1836 1882 ] [   22   29   20 ] [  12234   3548   9344 ] [ 0 ],1.00,1.00,1.00,1.00,-0.17,2.31,0.00,0.00,0.00,0.00,0.00,0.00,0.00,0.00,0.00,0.00,0.00,0.00,0.00,0.00,0.00,0
3.92117,0,3,62,0,DRIVE [ 83 ] [ 1 ] [ 1829 1816 1882 ] [    0    0    0 ] [      0      0      0 ] [ 0 ],drive [ 83 ] [ 0 ] [ 1834 1826 1882 ] [    5   32   24 ] [  12234   3548   9344 ] [ 0 ],1.00,1.00,1.00,1.00,-0.26,2.62,0.00,0.00,0.00,0.00,0.00,0.00,0.00,0.00,0.00,0.00,0.00,0.00,0.00,0.00,0.00,0
3.9318,0,3,62,0,DRIVE [ 84 ] [ 1 ] [ 1822 1806 1882 ] [    0    0    0 ] [      0      0      0 ] [ 0 ],drive [ 83 ] [ 0 ] [ 1829 1816 1882 ] [    5   32   24 ] [  12234   3548   9344 ] [ 0 ],1.00,1.00,1.00,1.00,-0.33,2.95,0.00,0.00,0.00,0.00,0.00,0.00,0.00,0.00,0.00,0.00,0.00,0.00,0.00,0.00,0.00,0
3.94235,0,3,61,0,DRIVE [ 84 ] [ 1 ] [ 1815 1794 1882 ] [    0    0    0 ] [      0      0      0 ] [ 0 ],drive [ 84 ] [ 0 ] [ 1822 1806 1882 ] [    5   32   24 ] [  12234   3548   9344 ] [ 0 ],1.00,1.00,1.00,1.00,-0.40,3.32,0.00,0.00,0.00,0.00,0.00,0.00,0.00,0.00,0.00,0.00,0.00,0.00,0.00,0.00,0.00,0
3.95398,-1,4,61,0,DRIVE [ 85 ] [ 1 ] [ 1807 1781 1882 ] [    0    0    0 ] [      0      0      0 ] [ 0 ],drive [ 84 ] [ 0 ] [ 1815 1794 1882 ] [    5   32   24 ] [  12120   3549   9344 ] [ 0 ],1.00,1.00,1.00,1.00,-0.52,3.71,0.00,0.00,0.00,0.00,0.00,0.00,0.00,0.00,0.00,0.00,0.00,0.00,0.00,0.00,0.00,0
3.96644,-1,4,60,0,DRIVE [ 85 ] [ 1 ] [ 1800 1766 1882 ] [    0    0    0 ] [      0      0      0 ] [ 0 ],drive [ 85 ] [ 0 ] [ 1807 1781 1882 ] [    5   32   24 ] [  12120   3549   9344 ] [ 0 ],1.00,1.00,1.00,1.00,-0.67,4.14,0.00,0.00,0.00,0.00,0.00,0.00,0.00,0.00,0.00,0.00,0.00,0.00,0.00,0.00,0.00,0
3.9796,-1,5,60,0,DRIVE [ 86 ] [ 1 ] [ 1792 1750 1882 ] [    0    0    0 ] [      0      0      0 ] [ 0 ],drive [ 85 ] [ 0 ] [ 1800 1766 1882 ] [   19   35   23 ] [  12120   3549   9344 ] [ 0 ],1.00,1.00,1.00,1.00,-0.82,4.59,0.00,0.00,0.00,0.00,0.00,0.00,0.00,0.00,0.00,0.00,0.00,0.00,0.00,0.00,0.00,0
3.98912,-1,5,59,0,DRIVE [ 86 ] [ 1 ] [ 1782 1733 1882 ] [    0    0    0 ] [      0      0      0 ] [ 0 ],drive [ 86 ] [ 0 ] [ 1792 1750 1882 ] [   19   35   23 ] [  12120   3549   9344 ] [ 0 ],1.00,1.00,1.00,1.00,-0.95,5.09,0.00,0.00,0.00,0.00,0.00,0.00,0.00,0.00,0.00,0.00,0.00,0.00,0.00,0.00,0.00,0
3.99919,-1,6,59,0,DRIVE [ 87 ] [ 1 ] [ 1771 1715 1882 ] [    0    0    0 ] [      0      0      0 ] [ 0 ],drive [ 86 ] [ 0 ] [ 1782 1733 1882 ] [   19   35   23 ] [  12120   3549   9344 ] [ 0 ],1.00,1.00,1.00,1.00,-1.07,5.62,0.00,0.00,0.00,0.00,0.00,0.00,0.00,0.00,0.00,0.00,0.00,0.00,0.00,0.00,0.00,0
4.01007,-1,6,59,0,DRIVE [ 87 ] [ 1 ] [ 1758 1697 1882 ] [    0    0    0 ] [      0      0      0 ] [ 0 ],drive [ 87 ] [ 0 ] [ 1771 1715 1882 ] [   19   35   23 ] [  12121   3555   9344 ] [ 0 ],1.00,1.00,1.00,1.00,-1.16,6.18,0.00,0.00,0.00,0.00,0.00,0.00,0.00,0.00,0.00,0.00,0.00,0.00,0.00,0.00,0.00,0
4.0221,-1,7,58,0,DRIVE [ 88 ] [ 1 ] [ 1745 1681 1882 ] [    0    0    0 ] [      0      0      0 ] [ 0 ],drive [ 87 ] [ 0 ] [ 1758 1697 1882 ] [   23   38   24 ] [  12121   3555   9344 ] [ 0 ],1.00,1.00,1.00,1.00,-1.21,6.74,0.00,0.00,0.00,0.00,0.00,0.00,0.00,0.00,0.00,0.00,0.00,0.00,0.00,0.00,0.00,0
4.03418,-1,7,58,0,DRIVE [ 88 ] [ 1 ] [ 1731 1667 1882 ] [    0    0    0 ] [      0      0      0 ] [ 0 ],drive [ 88 ] [ 0 ] [ 1745 1681 1882 ] [   23   38   24 ] [  12121   3555   9344 ] [ 0 ],1.00,1.00,1.00,1.00,-1.21,7.27,0.00,0.00,0.00,0.00,0.00,0.00,0.00,0.00,0.00,0.00,0.00,0.00,0.00,0.00,0.00,0
4.0455,-1,8,57,0,DRIVE [ 89 ] [ 1 ] [ 1716 1653 1882 ] [    0    0    0 ] [      0      0      0 ] [ 0 ],drive [ 88 ] [ 0 ] [ 1731 1667 1882 ] [   23   38   24 ] [  12121   3555   9344 ] [ 0 ],1.00,1.00,1.00,1.00,-1.18,7.78,0.00,0.00,0.00,0.00,0.00,0.00,0.00,0.00,0.00,0.00,0.00,0.00,0.00,0.00,0.00,0
4.05593,-1,8,57,0,DRIVE [ 89 ] [ 1 ] [ 1701 1643 1882 ] [    0    0    0 ] [      0      0      0 ] [ 0 ],drive [ 89 ] [ 0 ] [ 1716 1653 1882 ] [   23   38   24 ] [  12127   3599   9344 ] [ 0 ],1.00,1.00,1.00,1.00,-1.09,8.26,0.00,0.00,0.00,0.00,0.00,0.00,0.00,0.00,0.00,0.00,0.00,0.00,0.00,0.00,0.00,0
4.06755,-1,9,57,0,DRIVE [ 90 ] [ 1 ] [ 1686 1635 1882 ] [    0    0    0 ] [      0      0      0 ] [ 0 ],drive [ 89 ] [ 0 ] [ 1701 1643 1882 ] [   23   38   24 ] [  12127   3599   9344 ] [ 0 ],1.00,1.00,1.00,1.00,-0.95,8.69,0.00,0.00,0.00,0.00,0.00,0.00,0.00,0.00,0.00,0.00,0.00,0.00,0.00,0.00,0.00,0
4.07947,-1,9,56,0,DRIVE [ 90 ] [ 1 ] [ 1670 1629 1882 ] [    0    0    0 ] [      0      0      0 ] [ 0 ],drive [ 90 ] [ 0 ] [ 1686 1635 1882 ] [   23   26   23 ] [  12127   3599   9344 ] [ 0 ],1.00,1.00,1.00,1.00,-0.75,9.08,0.00,0.00,0.00,0.00,0.00,0.00,0.00,0.00,0.00,0.00,0.00,0.00,0.00,0.00,0.00,0
4.08978,-1,9,56,0,DRIVE [ 91 ] [ 1 ] [ 1655 1625 1882 ] [    0    0    0 ] [      0      0      0 ] [ 0 ],drive [ 90 ] [ 0 ] [ 1670 1629 1882 ] [   23   26   23 ] [  12127   3599   9344 ] [ 0 ],1.00,1.00,1.00,1.00,-0.55,9.43,0.00,0.00,0.00,0.00,0.00,0.00,0.00,0.00,0.00,0.00,0.00,0.00,0.00,0.00,0.00,0
4.10211,0,10,56,0,DRIVE [ 91 ] [ 1 ] [ 1639 1621 1882 ] [    0    0    0 ] [      0      0      0 ] [ 0 ],drive [ 91 ] [ 0 ] [ 1655 1625 1882 ] [   23   26   23 ] [  12127   3599   9344 ] [ 0 ],1.00,1.00,1.00,1.00,-0.33,9.74,0.00,0.00,0.00,0.00,0.00,0.00,0.00,0.00,0.00,0.00,0.00,0.00,0.00,0.00,0.00,0
4.11203,0,10,55,0,DRIVE [ 92 ] [ 1 ] [ 1625 1620 1882 ] [    0    0    0 ] [      0      0      0 ] [ 0 ],drive [ 91 ] [ 0 ] [ 1639 1621 1882 ] [   23   26   23 ] [  12133   3689   9342 ] [ 0 ],1.00,1.00,1.00,1.00,-0.08,9.99,0.00,0.00,0.00,0.00,0.00,0.00,0.00,0.00,0.00,0.00,0.00,0.00,0.00,0.00,0.00,0
4.12191,0,10,55,0,DRIVE [ 92 ] [ 1 ] [ 1612 1622 1882 ] [    0    0    0 ] [      0      0      0 ] [ 0 ],drive [ 92 ] [ 0 ] [ 1625 1620 1882 ] [   23   28   22 ] [  12133   3689   9342 ] [ 0 ],1.00,1.00,1.00,1.00,0.17,10.15,0.00,0.00,0.00,0.00,0.00,0.00,0.00,0.00,0.00,0.00,0.00,0.00,0.00,0.00,0.00,0
4.1354,0,10,55,0,DRIVE [ 93 ] [ 1 ] [ 1602 1623 1882 ] [    0    0    0 ] [      0      0      0 ] [ 0 ],drive [ 92 ] [ 0 ] [ 1612 1622 1882 ] [   23   28   22 ] [  12133   3689   9342 ] [ 0 ],1.00,1.00,1.00,1.00,0.38,10.24,0.00,0.00,0.00,0.00,0.00,0.00,0.00,0.00,0.00,0.00,0.00,0.00,0.00,0.00,0.00,0
4.14609,1,10,54,0,DRIVE [ 93 ] [ 1 ] [ 1595 1624 1882 ] [    0    0    0 ] [      0      0      0 ] [ 0 ],drive [ 93 ] [ 0 ] [ 1602 1623 1882 ] [   23   28   22 ] [  12133   3689   9342 ] [ 0 ],1.00,1.00,1.00,1.00,0.52,10.31,0.00,0.00,0.00,0.00,0.00,0.00,0.00,0.00,0.00,0.00,0.00,0.00,0.00,0.00,0.00,0
4.15951,1,10,54,0,DRIVE [ 94 ] [ 1 ] [ 1590 1623 1882 ] [    0    0    0 ] [      0      0      0 ] [ 0 ],drive [ 93 ] [ 0 ] [ 1595 1624 1882 ] [   23   28   22 ] [  12170   3736   9337 ] [ 0 ],1.00,1.00,1.00,1.00,0.60,10.34,0.00,0.00,0.00,0.00,0.00,0.00,0.00,0.00,0.00,0.00,0.00,0.00,0.00,0.00,0.00,0
4.1697,1,10,54,0,DRIVE [ 94 ] [ 1 ] [ 1587 1623 1882 ] [    0    0    0 ] [      0      0      0 ] [ 0 ],drive [ 94 ] [ 0 ] [ 1590 1623 1882 ] [   50   30   22 ] [  12170   3736   9337 ] [ 0 ],1.00,1.00,1.00,1.00,0.64,10.35,0.00,0.00,0.00,0.00,0.00,0.00,0.00,0.00,0.00,0.00,0.00,0.00,0.00,0.00,0.00,0
4.17967,1,10,53,0,DRIVE [ 95 ] [ 1 ] [ 1585 1623 1882 ] [    0    0    0 ] [      0      0      0 ] [ 0 ],drive [ 94 ] [ 0 ] [ 1587 1623 1882 ] [   50   30   22 ] [  12170   3736   9337 ] [ 0 ],1.00,1.00,1.00,1.00,0.66,10.32,0.00,0.00,0.00,0.00,0.00,0.00,0.00,0.00,0.00,0.00,0.00,0.00,0.00,0.00,0.00,0
4.18991,1,10,53,0,DRIVE [ 95 ] [ 1 ] [ 1585 1622 1882 ] [    0    0    0 ] [      0      0      0 ] [ 0 ],drive [ 95 ] [ 0 ] [ 1585 1623 1882 ] [   50   30   22 ] [  12170   3736   9337 ] [ 0 ],1.00,1.00,1.00,1.00,0.66,10.27,0.00,0.00,0.00,0.00,0.00,0.00,0.00,0.00,0.00,0.00,0.00,0.00,0.00,0.00,0.00,0
4.20247,1,10,53,0,DRIVE [ 96 ] [ 1 ] [ 1586 1623 1882 ] [    0    0    0 ] [      0      0      0 ] [ 0 ],drive [ 95 ] [ 0 ] [ 1585 1622 1882 ] [   50   30   22 ] [  12170   3736   9337 ] [ 0 ],1.00,1.00,1.00,1.00,0.65,10.19,0.00,0.00,0.00,0.00,0.00,0.00,0.00,0.00,0.00,0.00,0.00,0.00,0.00,0.00,0.00,0
4.21424,1,10,52,0,DRIVE [ 96 ] [ 1 ] [ 1589 1624 1882 ] [    0    0    0 ] [      0      0      0 ] [ 0 ],drive [ 96 ] [ 0 ] [ 1586 1623 1882 ] [   50   30   22 ] [  12251   3736   9337 ] [ 0 ],1.00,1.00,1.00,1.00,0.62,10.05,0.00,0.00,0.00,0.00,0.00,0.00,0.00,0.00,0.00,0.00,0.00,0.00,0.00,0.00,0.00,0
4.22591,1,10,52,0,DRIVE [ 97 ] [ 1 ] [ 1593 1626 1882 ] [    0    0    0 ] [      0      0      0 ] [ 0 ],drive [ 96 ] [ 0 ] [ 1589 1624 1882 ] [   32   30   20 ] [  12251   3736   9337 ] [ 0 ],1.00,1.00,1.00,1.00,0.57,9.89,0.00,0.00,0.00,0.00,0.00,0.00,0.00,0.00,0.00,0.00,0.00,0.00,0.00,0.00,0.00,0
4.23609,1,10,52,0,DRIVE [ 97 ] [ 1 ] [ 1598 1627 1882 ] [    0    0    0 ] [      0      0      0 ] [ 0 ],drive [ 97 ] [ 0 ] [ 1593 1626 1882 ] [   32   30   20 ] [  12251   3736   9337 ] [ 0 ],1.00,1.00,1.00,1.00,0.51,9.71,0.00,0.00,0.00,0.00,0.00,0.00,0.00,0.00,0.00,0.00,0.00,0.00,0.00,0.00,0.00,0
4.24596,0,10,51,0,DRIVE [ 98 ] [ 1 ] [ 1603 1629 1882 ] [    0    0    0 ] [      0      0      0 ] [ 0 ],drive [ 97 ] [ 0 ] [ 1598 1627 1882 ] [   32   30   20 ] [  12251   3736   9337 ] [ 0 ],1.00,1.00,1.00,1.00,0.46,9.53,0.00,0.00,0.00,0.00,0.00,0.00,0.00,0.00,0.00,0.00,0.00,0.00,0.00,0.00,0.00,0
4.25798,0,9,51,0,DRIVE [ 98 ] [ 1 ] [ 1607 1631 1882 ] [    0    0    0 ] [      0      0      0 ] [ 0 ],drive [ 98 ] [ 0 ] [ 1603 1629 1882 ] [   32   30   20 ] [  12259   3736   9332 ] [ 0 ],1.00,1.00,1.00,1.00,0.40,9.36,0.00,0.00,0.00,0.00,0.00,0.00,0.00,0.00,0.00,0.00,0.00,0.00,0.00,0.00,0.00,0
4.2702,0,9,51,0,DRIVE [ 99 ] [ 1 ] [ 1612 1631 1882 ] [    0    0    0 ] [      0      0      0 ] [ 0 ],drive [ 98 ] [ 0 ] [ 1607 1631 1882 ] [   30   30   16 ] [  12259   3736   9332 ] [ 0 ],1.00,1.00,1.00,1.00,0.33,9.20,0.00,0.00,0.00,0.00,0.00,0.00,0.00,0.00,0.00,0.00,0.00,0.00,0.00,0.00,0.00,0
4.28213,0,9,50,0,DRIVE [ 99 ] [ 1 ] [ 1617 1632 1882 ] [    0    0    0 ] [      0      0      0 ] [ 0 ],drive [ 99 ] [ 0 ] [ 1612 1631 1882 ] [   30   30   16 ] [  12259   3736   9332 ] [ 0 ],1.00,1.00,1.00,1.00,0.25,9.05,0.00,0.00,0.00,0.00,0.00,0.00,0.00,0.00,0.00,0.00,0.00,0.00,0.00,0.00,0.00,0
4.29423,0,9,50,0,DRIVE [ 00 ] [ 1 ] [ 1620 1631 1882 ] [    0    0    0 ] [      0      0      0 ] [ 0 ],drive [ 99 ] [ 0 ] [ 1617 1632 1882 ] [   30   30   16 ] [  12259   3736   9332 ] [ 0 ],1.00,1.00,1.00,1.00,0.19,8.94,0.00,0.00,0.00,0.00,0.00,0.00,0.00,0.00,0.00,0.00,0.00,0.00,0.00,0.00,0.00,0
4.30461,0,9,50,1,DRIVE [ 00 ] [ 1 ] [ 1621 1631 1882 ] [    0    0    0 ] [      0      0      0 ] [ 0 ],drive [ 00 ] [ 0 ] [ 1620 1631 1882 ] [   30   30   16 ] [  12257   3736   9331 ] [ 0 ],1.00,1.00,1.00,1.00,0.16,8.85,0.00,0.00,0.00,0.00,0.00,0.00,0.00,0.00,0.00,0.00,0.00,0.00,0.00,0.00,0.00,0
