timestamp,Xmm,Ymm,Zmm,TouchDetected,OutgoingPacket,IncomingPacket,GainPropAb, GainPropAd, GainPropFl, GainPropEx,PropA, PropB, PropC,GainIntegAb, GainIntegAd, GainIntegFl, GainIntegEx,IntegA, IntegB, IntegC,GainDerivAb, GainDerivAd, GainDerivFl, GainDerivEx,DerivA, DerivB, DerivC,Heading5
0.00565961,38,-31,439,0,DRIVE [ 85 ] [ 1 ] [ 1762 1885 1690 ] [    0    0    0 ] [      0      0      0 ] [ 0 ],drive [ 85 ] [ 0 ] [ 1775 1885 1661 ] [   31   19   30 ] [   8538   1819  10561 ] [ 0 ],1.10,1.10,1.10,1.10,41.35,-34.63,0.00,0.00,0.00,0.00,0.00,0.00,0.00,0.00,0.00,0.00,0.00,0.00,0.00,0.00,0.00,0
0.020649,38,-32,439,0,DRIVE [ 86 ] [ 1 ] [ 1761 1885 1689 ] [    0    0    0 ] [      0      0      0 ] [ 0 ],drive [ 85 ] [ 0 ] [ 1762 1885 1690 ] [   30   20   25 ] [   8538   1819  10561 ] [ 0 ],1.10,1.10,1.10,1.10,41.57,-34.84,0.00,0.00,0.00,0.00,0.00,0.00,-0.00,0.00,0.00,0.00,0.00,0.00,0.00,0.00,0.00,0
0.0335313,37,-31,433,0,DRIVE [ 86 ] [ 1 ] [ 1761 1885 1689 ] [    0    0    0 ] [      0      0      0 ] [ 0 ],drive [ 86 ] [ 0 ] [ 1761 1885 1689 ] [   30   20   25 ] [   8538   1819  10561 ] [ 0 ],1.10,1.10,1.10,1.10,41.08,-34.40,0.00,0.00,0.00,0.00,0.00,0.00,-0.00,0.00,0.00,0.00,0.00,0.00,-0.00,0.00,0.00,0
0.046671,38,-31,436,0,DRIVE [ 87 ] [ 1 ] [ 1760 1885 1689 ] [    0    0    0 ] [      0      0      0 ] [ 0 ],drive [ 86 ] [ 0 ] [ 1761 1885 1689 ] [   30   20   25 ] [   8538   1820  10560 ] [ 0 ],1.10,1.10,1.10,1.10,41.61,-34.53,0.00,0.00,0.00,0.00,0.00,0.00,-0.00,0.00,0.00,0.00,0.00,0.00,0.00,0.00,0.00,0
0.0595721,38,-31,436,0,DRIVE [ 87 ] [ 1 ] [ 1759 1885 1689 ] [    0    0    0 ] [      0      0      0 ] [ 0 ],drive [ 87 ] [ 0 ] [ 1760 1885 1689 ] [   31   19   22 ] [   8538   1820  10560 ] [ 0 ],1.10,1.10,1.10,1.10,41.66,-34.39,0.00,0.00,0.00,0.00,0.00,0.00,-0.00,0.00,0.00,0.00,0.00,0.00,0.00,0.00,0.00,0
0.0721798,38,-31,434,0,DRIVE [ 88 ] [ 1 ] [ 1758 1885 1691 ] [    0    0    0 ] [      0      0      0 ] [ 0 ],drive [ 87 ] [ 0 ] [ 1759 1885 1689 ] [   31   19   22 ] [   8538   1820  10560 ] [ 0 ],1.10,1.10,1.10,1.10,41.60,-33.88,0.00,0.00,0.00,0.00,0.00,0.00,-0.00,0.00,0.00,0.00,0.00,0.00,-0.00,0.00,0.00,0
0.0852375,38,-30,433,0,DRIVE [ 88 ] [ 1 ] [ 1757 1885 1693 ] [    0    0    0 ] [      0      0      0 ] [ 0 ],drive [ 88 ] [ 0 ] [ 1758 1885 1691 ] [   31   19   22 ] [   8538   1820  10560 ] [ 0 ],1.10,1.10,1.10,1.10,41.73,-33.47,0.00,0.00,0.00,0.00,0.00,0.00,-0.00,0.00,0.00,0.00,0.00,0.00,-0.00,0.00,0.00,0
0.0976669,38,-30,431,0,DRIVE [ 89 ] [ 1 ] [ 1756 1885 1694 ] [    0    0    0 ] [      0      0      0 ] [ 0 ],drive [ 88 ] [ 0 ] [ 1757 1885 1693 ] [   31   19   22 ] [   8538   1820  10560 ] [ 0 ],1.10,1.10,1.10,1.10,41.76,-32.86,0.00,0.00,0.00,0.00,0.00,0.00,-0.00,0.00,0.00,0.00,0.00,0.00,-0.00,0.00,0.00,0
0.11045,38,-30,432,0,DRIVE [ 89 ] [ 1 ] [ 1754 1885 1695 ] [    0    0    0 ] [      0      0      0 ] [ 0 ],drive [ 89 ] [ 0 ] [ 1756 1885 1694 ] [   32   20   23 ] [   8538   1820  10560 ] [ 0 ],1.10,1.10,1.10,1.10,42.32,-32.70,0.00,0.00,0.00,0.00,0.00,0.00,-0.00,0.00,0.00,0.00,0.00,0.00,-0.00,0.00,0.00,0
0.1233,39,-30,433,0,DRIVE [ 90 ] [ 1 ] [ 1752 1885 1696 ] [    0    0    0 ] [      0      0      0 ] [ 0 ],drive [ 89 ] [ 0 ] [ 1754 1885 1695 ] [   32   20   23 ] [   8538   1820  10560 ] [ 0 ],1.10,1.10,1.10,1.10,42.82,-32.57,0.00,0.00,0.00,0.00,0.00,0.00,-0.00,0.00,0.00,0.00,0.00,0.00,0.00,0.00,0.00,0
0.135529,40,-6,436,0,DRIVE [ 90 ] [ 1 ] [ 1713 1885 1802 ] [    0    0    0 ] [      0      0      0 ] [ 0 ],drive [ 90 ] [ 0 ] [ 1752 1885 1696 ] [   32   20   23 ] [   8538   1820  10560 ] [ 0 ],1.10,1.10,1.10,1.10,43.52,-6.66,0.00,0.00,0.00,0.00,0.00,0.00,-0.00,0.00,0.00,0.00,0.00,0.00,-0.00,0.00,0.00,0
0.148274,40,11,437,0,DRIVE [ 91 ] [ 1 ] [ 1646 1885 1858 ] [    0    0    0 ] [      0      0      0 ] [ 0 ],drive [ 90 ] [ 0 ] [ 1713 1885 1802 ] [   32   20   23 ] [   8538   1820  10559 ] [ 0 ],1.10,1.10,1.10,1.10,44.13,12.32,0.00,0.00,0.00,0.00,0.00,0.00,-0.00,0.00,0.00,0.00,0.00,0.00,0.00,0.00,0.00,0
0.161189,41,24,437,0,DRIVE [ 91 ] [ 1 ] [ 1572 1885 1892 ] [    0    0    0 ] [      0      0      0 ] [ 0 ],drive [ 91 ] [ 0 ] [ 1646 1885 1858 ] [   38   21   18 ] [   8538   1820  10559 ] [ 0 ],1.10,1.10,1.10,1.10,44.84,26.13,0.00,0.00,0.00,0.00,0.00,0.00,-0.00,0.00,0.00,0.00,0.00,0.00,0.00,0.00,0.00,0
0.174159,41,33,438,0,DRIVE [ 92 ] [ 1 ] [ 1530 1871 1892 ] [    0    0    0 ] [      0      0      0 ] [ 0 ],drive [ 91 ] [ 0 ] [ 1572 1885 1892 ] [   38   21   18 ] [   8538   1820  10559 ] [ 0 ],1.10,1.10,1.10,1.10,45.56,36.64,0.00,0.00,0.00,0.00,0.00,0.00,-0.00,0.00,0.00,0.00,0.00,0.00,0.00,0.00,0.00,0
0.186797,42,40,439,0,DRIVE [ 92 ] [ 1 ] [ 1513 1851 1892 ] [    0    0    0 ] [      0      0      0 ] [ 0 ],drive [ 92 ] [ 0 ] [ 1530 1871 1892 ] [   38   21   18 ] [   8538   1820  10559 ] [ 0 ],1.10,1.10,1.10,1.10,46.43,44.46,0.00,0.00,0.00,0.00,0.00,0.00,-0.00,0.00,0.00,0.00,0.00,0.00,0.00,0.00,0.00,0
0.199403,43,45,440,0,DRIVE [ 93 ] [ 1 ] [ 1501 1836 1892 ] [    0    0    0 ] [      0      0      0 ] [ 0 ],drive [ 92 ] [ 0 ] [ 1513 1851 1892 ] [   38   21   18 ] [   8609   1820  10442 ] [ 0 ],1.10,1.10,1.10,1.10,46.88,49.93,0.00,0.00,0.00,0.00,0.00,0.00,-0.00,0.00,0.00,0.00,0.00,0.00,0.00,0.00,0.00,0
0.21486,43,48,436,0,DRIVE [ 93 ] [ 1 ] [ 1491 1827 1892 ] [    0    0    0 ] [      0      0      0 ] [ 0 ],drive [ 93 ] [ 0 ] [ 1501 1836 1892 ] [   61   24    5 ] [   8609   1820  10442 ] [ 0 ],1.10,1.10,1.10,1.10,46.97,53.11,0.00,0.00,0.00,0.00,0.00,0.00,-0.00,0.00,0.00,0.00,0.00,0.00,0.00,0.00,0.00,0
0.230153,43,50,435,0,DRIVE [ 94 ] [ 1 ] [ 1484 1821 1892 ] [    0    0    0 ] [      0      0      0 ] [ 0 ],drive [ 93 ] [ 0 ] [ 1491 1827 1892 ] [   61   24    5 ] [   8609   1820  10442 ] [ 0 ],1.10,1.10,1.10,1.10,47.20,55.11,0.00,0.00,0.00,0.00,0.00,0.00,-0.00,0.00,0.00,0.00,0.00,0.00,0.00,0.00,0.00,0
0.243298,44,51,438,0,DRIVE [ 94 ] [ 1 ] [ 1481 1821 1892 ] [    0    0    0 ] [      0      0      0 ] [ 0 ],drive [ 94 ] [ 0 ] [ 1484 1821 1892 ] [   61   24    5 ] [   8609   1820  10442 ] [ 0 ],1.10,1.10,1.10,1.10,47.86,55.95,0.00,0.00,0.00,0.00,0.00,0.00,-0.00,0.00,0.00,0.00,0.00,0.00,0.00,0.00,0.00,0
0.25619,44,50,437,0,DRIVE [ 95 ] [ 1 ] [ 1481 1822 1892 ] [    0    0    0 ] [      0      0      0 ] [ 0 ],drive [ 94 ] [ 0 ] [ 1481 1821 1892 ] [   61   24    5 ] [   8800   1836  10298 ] [ 0 ],1.10,1.10,1.10,1.10,47.91,55.40,0.00,0.00,0.00,0.00,0.00,0.00,-0.00,0.00,0.00,0.00,0.00,0.00,0.00,0.00,0.00,0
0.268595,43,49,434,0,DRIVE [ 95 ] [ 1 ] [ 1486 1825 1892 ] [    0    0    0 ] [      0      0      0 ] [ 0 ],drive [ 95 ] [ 0 ] [ 1481 1822 1892 ] [   43   29   18 ] [   8800   1836  10298 ] [ 0 ],1.10,1.10,1.10,1.10,47.27,53.75,0.00,0.00,0.00,0.00,0.00,0.00,-0.00,0.00,0.00,0.00,0.00,0.00,0.00,0.00,0.00,0
0.281469,42,48,433,0,DRIVE [ 96 ] [ 1 ] [ 1490 1827 1892 ] [    0    0    0 ] [      0      0      0 ] [ 0 ],drive [ 95 ] [ 0 ] [ 1486 1825 1892 ] [   43   29   18 ] [   8800   1836  10298 ] [ 0 ],1.10,1.10,1.10,1.10,46.72,52.78,0.00,0.00,0.00,0.00,0.00,0.00,-0.00,0.00,0.00,0.00,0.00,0.00,0.00,0.00,0.00,0
0.294235,42,48,435,0,DRIVE [ 96 ] [ 1 ] [ 1495 1827 1892 ] [    0    0    0 ] [      0      0      0 ] [ 0 ],drive [ 96 ] [ 0 ] [ 1490 1827 1892 ] [   43   29   18 ] [   8800   1836  10298 ] [ 0 ],1.10,1.10,1.10,1.10,46.22,52.44,0.00,0.00,0.00,0.00,0.00,0.00,-0.00,0.00,0.00,0.00,0.00,0.00,0.00,0.00,0.00,0
0.307007,41,47,434,0,DRIVE [ 97 ] [ 1 ] [ 1500 1827 1892 ] [    0    0    0 ] [      0      0      0 ] [ 0 ],drive [ 96 ] [ 0 ] [ 1495 1827 1892 ] [   43   29   18 ] [   8839   1836  10297 ] [ 0 ],1.10,1.10,1.10,1.10,45.54,51.99,0.00,0.00,0.00,0.00,0.00,0.00,-0.00,0.00,0.00,0.00,0.00,0.00,0.00,0.00,0.00,0
0.319612,41,47,433,0,DRIVE [ 97 ] [ 1 ] [ 1503 1826 1892 ] [    0    0    0 ] [      0      0      0 ] [ 0 ],drive [ 97 ] [ 0 ] [ 1500 1827 1892 ] [   41   31   19 ] [   8839   1836  10297 ] [ 0 ],1.10,1.10,1.10,1.10,45.06,51.82,0.00,0.00,0.00,0.00,0.00,0.00,-0.00,0.00,0.00,0.00,0.00,0.00,0.00,0.00,0.00,0
0.331856,41,47,431,0,DRIVE [ 98 ] [ 1 ] [ 1504 1826 1892 ] [    0    0    0 ] [      0      0      0 ] [ 0 ],drive [ 97 ] [ 0 ] [ 1503 1826 1892 ] [   41   31   19 ] [   8839   1836  10297 ] [ 0 ],1.10,1.10,1.10,1.10,44.66,51.61,0.00,0.00,0.00,0.00,0.00,0.00,-0.00,0.00,0.00,0.00,0.00,0.00,0.00,0.00,0.00,0
0.344652,40,47,430,0,DRIVE [ 98 ] [ 1 ] [ 1504 1826 1892 ] [    0    0    0 ] [      0      0      0 ] [ 0 ],drive [ 98 ] [ 0 ] [ 1504 1826 1892 ] [   41   31   19 ] [   8839   1835  10295 ] [ 0 ],1.10,1.10,1.10,1.10,44.53,51.34,0.00,0.00,0.00,0.00,0.00,0.00,-0.00,0.00,0.00,0.00,0.00,0.00,0.00,0.00,0.00,0
0.357364,40,47,430,0,DRIVE [ 99 ] [ 1 ] [ 1505 1826 1892 ] [    0    0    0 ] [      0      0      0 ] [ 0 ],drive [ 98 ] [ 0 ] [ 1504 1826 1892 ] [   41   31   19 ] [   8839   1835  10295 ] [ 0 ],1.10,1.10,1.10,1.10,44.50,51.29,0.00,0.00,0.00,0.00,0.00,0.00,-0.00,0.00,0.00,0.00,0.00,0.00,0.00,0.00,0.00,0
0.369986,41,47,429,0,DRIVE [ 99 ] [ 1 ] [ 1503 1826 1892 ] [    0    0    0 ] [      0      0      0 ] [ 0 ],drive [ 99 ] [ 0 ] [ 1505 1826 1892 ] [   41   29   19 ] [   8839   1835  10295 ] [ 0 ],1.10,1.10,1.10,1.10,44.68,51.30,0.00,0.00,0.00,0.00,0.00,0.00,-0.00,0.00,0.00,0.00,0.00,0.00,0.00,0.00,0.00,0
0.383033,41,46,425,0,DRIVE [ 00 ] [ 1 ] [ 1500 1827 1892 ] [    0    0    0 ] [      0      0      0 ] [ 0 ],drive [ 99 ] [ 0 ] [ 1503 1826 1892 ] [   41   29   19 ] [   8839   1835  10295 ] [ 0 ],1.10,1.10,1.10,1.10,44.67,50.98,0.00,0.00,0.00,0.00,0.00,0.00,-0.00,0.00,0.00,0.00,0.00,0.00,0.00,0.00,0.00,0
0.39524,41,47,426,0,DRIVE [ 00 ] [ 1 ] [ 1497 1827 1892 ] [    0    0    0 ] [      0      0      0 ] [ 0 ],drive [ 00 ] [ 0 ] [ 1500 1827 1892 ] [   41   29   19 ] [   8839   1835  10295 ] [ 0 ],1.10,1.10,1.10,1.10,45.14,51.30,0.00,0.00,0.00,0.00,0.00,0.00,-0.00,0.00,0.00,0.00,0.00,0.00,0.00,0.00,0.00,0
0.408209,42,47,428,0,DRIVE [ 01 ] [ 1 ] [ 1492 1828 1892 ] [    0    0    0 ] [      0      0      0 ] [ 0 ],drive [ 00 ] [ 0 ] [ 1497 1827 1892 ] [   41   29   19 ] [   8839   1835  10295 ] [ 0 ],1.10,1.10,1.10,1.10,45.98,51.61,0.00,0.00,0.00,0.00,0.00,0.00,-0.00,0.00,0.00,0.00,0.00,0.00,0.00,0.00,0.00,0
0.421154,43,47,429,0,DRIVE [ 01 ] [ 1 ] [ 1486 1829 1892 ] [    0    0    0 ] [      0      0      0 ] [ 0 ],drive [ 01 ] [ 0 ] [ 1492 1828 1892 ] [   41   29   20 ] [   8839   1835  10295 ] [ 0 ],1.10,1.10,1.10,1.10,47.03,52.09,0.00,0.00,0.00,0.00,0.00,0.00,-0.00,0.00,0.00,0.00,0.00,0.00,0.00,0.00,0.00,0
0.43379,44,47,429,0,DRIVE [ 02 ] [ 1 ] [ 1479 1831 1892 ] [    0    0    0 ] [      0      0      0 ] [ 0 ],drive [ 01 ] [ 0 ] [ 1486 1829 1892 ] [   41   29   20 ] [   8839   1835  10295 ] [ 0 ],1.10,1.10,1.10,1.10,47.98,52.20,0.00,0.00,0.00,0.00,0.00,0.00,-0.00,0.00,0.00,0.00,0.00,0.00,0.00,0.00,0.00,0
0.445884,45,47,429,0,DRIVE [ 02 ] [ 1 ] [ 1472 1832 1892 ] [    0    0    0 ] [      0      0      0 ] [ 0 ],drive [ 02 ] [ 0 ] [ 1479 1831 1892 ] [   41   29   20 ] [   8841   1835  10264 ] [ 0 ],1.10,1.10,1.10,1.10,49.00,52.23,0.00,0.00,0.00,0.00,0.00,0.00,-0.00,0.00,0.00,0.00,0.00,0.00,0.00,0.00,0.00,0
0.458582,45,47,427,0,DRIVE [ 03 ] [ 1 ] [ 1465 1834 1892 ] [    0    0    0 ] [      0      0      0 ] [ 0 ],drive [ 02 ] [ 0 ] [ 1472 1832 1892 ] [   41   29   20 ] [   8841   1835  10264 ] [ 0 ],1.10,1.10,1.10,1.10,49.77,52.07,0.00,0.00,0.00,0.00,0.00,0.00,-0.00,0.00,0.00,0.00,0.00,0.00,0.00,0.00,0.00,0
0.471632,46,47,426,0,DRIVE [ 03 ] [ 1 ] [ 1460 1836 1892 ] [    0    0    0 ] [      0      0      0 ] [ 0 ],drive [ 03 ] [ 0 ] [ 1465 1834 1892 ] [   42   28   22 ] [   8841   1835  10264 ] [ 0 ],1.10,1.10,1.10,1.10,50.54,52.11,0.00,0.00,0.00,0.00,0.00,0.00,-0.00,0.00,0.00,0.00,0.00,0.00,0.00,0.00,0.00,0
0.484884,47,47,426,0,DRIVE [ 04 ] [ 1 ] [ 1454 1837 1892 ] [    0    0    0 ] [      0      0      0 ] [ 0 ],drive [ 03 ] [ 0 ] [ 1460 1836 1892 ] [   42   28   22 ] [   8841   1835  10264 ] [ 0 ],1.10,1.10,1.10,1.10,51.26,52.24,0.00,0.00,0.00,0.00,0.00,0.00,-0.00,0.00,0.00,0.00,0.00,0.00,0.00,0.00,0.00,0
0.496933,47,48,425,0,DRIVE [ 04 ] [ 1 ] [ 1450 1837 1892 ] [    0    0    0 ] [      0      0      0 ] [ 0 ],drive [ 04 ] [ 0 ] [ 1454 1837 1892 ] [   42   28   22 ] [   8858   1835  10242 ] [ 0 ],1.10,1.10,1.10,1.10,51.62,52.35,0.00,0.00,0.00,0.00,0.00,0.00,-0.00,0.00,0.00,0.00,0.00,0.00,0.00,0.00,0.00,0
0.50981,47,48,423,0,DRIVE [ 05 ] [ 1 ] [ 1446 1838 1892 ] [    0    0    0 ] [      0      0      0 ] [ 0 ],drive [ 04 ] [ 0 ] [ 1450 1837 1892 ] [   53   29    3 ] [   8858   1835  10242 ] [ 0 ],1.10,1.10,1.10,1.10,51.94,52.38,0.00,0.00,0.00,0.00,0.00,0.00,-0.00,0.00,0.00,0.00,0.00,0.00,0.00,0.00,0.00,0
0.522408,48,48,421,0,DRIVE [ 05 ] [ 1 ] [ 1440 1838 1892 ] [    0    0    0 ] [      0      0      0 ] [ 0 ],drive [ 05 ] [ 0 ] [ 1446 1838 1892 ] [   53   29    3 ] [   8858   1835  10242 ] [ 0 ],1.10,1.10,1.10,1.10,52.41,52.56,0.00,0.00,0.00,0.00,0.00,0.00,-0.00,0.00,0.00,0.00,0.00,0.00,0.00,0.00,0.00,0
0.534576,48,48,421,0,DRIVE [ 06 ] [ 1 ] [ 1433 1838 1892 ] [    0    0    0 ] [      0      0      0 ] [ 0 ],drive [ 05 ] [ 0 ] [ 1440 1838 1892 ] [   53   29    3 ] [   8858   1835  10242 ] [ 0 ],1.10,1.10,1.10,1.10,53.28,53.01,0.00,0.00,0.00,0.00,0.00,0.00,-0.00,0.00,0.00,0.00,0.00,0.00,0.00,0.00,0.00,0
0.54728,49,49,420,0,DRIVE [ 06 ] [ 1 ] [ 1428 1838 1892 ] [    0    0    0 ] [      0      0      0 ] [ 0 ],drive [ 06 ] [ 0 ] [ 1433 1838 1892 ] [   53   29    3 ] [   8918   1834  10183 ] [ 0 ],1.10,1.10,1.10,1.10,53.90,53.43,0.00,0.00,0.00,0.00,0.00,0.00,-0.00,0.00,0.00,0.00,0.00,0.00,0.00,0.00,0.00,0
0.560126,49,49,419,0,DRIVE [ 07 ] [ 1 ] [ 1423 1839 1892 ] [    0    0    0 ] [      0      0      0 ] [ 0 ],drive [ 06 ] [ 0 ] [ 1428 1838 1892 ] [   45   27   21 ] [   8918   1834  10183 ] [ 0 ],1.10,1.10,1.10,1.10,54.36,53.46,0.00,0.00,0.00,0.00,0.00,0.00,-0.00,0.00,0.00,0.00,0.00,0.00,0.00,0.00,0.00,0
0.572614,50,49,418,0,DRIVE [ 07 ] [ 1 ] [ 1419 1840 1892 ] [    0    0    0 ] [      0      0      0 ] [ 0 ],drive [ 07 ] [ 0 ] [ 1423 1839 1892 ] [   45   27   21 ] [   8918   1834  10183 ] [ 0 ],1.10,1.10,1.10,1.10,54.81,53.44,0.00,0.00,0.00,0.00,0.00,0.00,-0.00,0.00,0.00,0.00,0.00,0.00,0.00,0.00,0.00,0
0.585287,51,49,419,0,DRIVE [ 08 ] [ 1 ] [ 1414 1841 1892 ] [    0    0    0 ] [      0      0      0 ] [ 0 ],drive [ 07 ] [ 0 ] [ 1419 1840 1892 ] [   45   27   21 ] [   8918   1834  10183 ] [ 0 ],1.10,1.10,1.10,1.10,55.57,53.64,0.00,0.00,0.00,0.00,0.00,0.00,-0.00,0.00,0.00,0.00,0.00,0.00,0.00,0.00,0.00,0
0.597407,51,49,417,0,DRIVE [ 08 ] [ 1 ] [ 1409 1842 1892 ] [    0    0    0 ] [      0      0      0 ] [ 0 ],drive [ 08 ] [ 0 ] [ 1414 1841 1892 ] [   45   27   21 ] [   8968   1828  10146 ] [ 0 ],1.10,1.10,1.10,1.10,56.01,53.72,0.00,0.00,0.00,0.00,0.00,0.00,-0.00,0.00,0.00,0.00,0.00,0.00,0.00,0.00,0.00,0
0.610105,51,49,416,0,DRIVE [ 09 ] [ 1 ] [ 1404 1841 1892 ] [    0    0    0 ] [      0      0      0 ] [ 0 ],drive [ 08 ] [ 0 ] [ 1409 1842 1892 ] [   46   26   12 ] [   8968   1828  10146 ] [ 0 ],1.10,1.10,1.10,1.10,56.40,54.01,0.00,0.00,0.00,0.00,0.00,0.00,-0.00,0.00,0.00,0.00,0.00,0.00,0.00,0.00,0.00,0
0.622804,52,50,417,0,DRIVE [ 09 ] [ 1 ] [ 1400 1842 1892 ] [    0    0    0 ] [      0      0      0 ] [ 0 ],drive [ 09 ] [ 0 ] [ 1404 1841 1892 ] [   46   26   12 ] [   8968   1828  10146 ] [ 0 ],1.10,1.10,1.10,1.10,57.12,54.49,0.00,0.00,0.00,0.00,0.00,0.00,-0.00,0.00,0.00,0.00,0.00,0.00,0.00,0.00,0.00,0
0.635161,52,50,416,0,DRIVE [ 10 ] [ 1 ] [ 1396 1841 1892 ] [    0    0    0 ] [      0      0      0 ] [ 0 ],drive [ 09 ] [ 0 ] [ 1400 1842 1892 ] [   46   26   12 ] [   8968   1828  10146 ] [ 0 ],1.10,1.10,1.10,1.10,57.52,54.83,0.00,0.00,0.00,0.00,0.00,0.00,-0.00,0.00,0.00,0.00,0.00,0.00,0.00,0.00,0.00,0
0.647261,53,50,415,0,DRIVE [ 10 ] [ 1 ] [ 1388 1842 1892 ] [    0    0    0 ] [      0      0      0 ] [ 0 ],drive [ 10 ] [ 0 ] [ 1396 1841 1892 ] [   46   26   12 ] [   8973   1824  10126 ] [ 0 ],1.10,1.10,1.10,1.10,58.27,55.05,0.00,0.00,0.00,0.00,0.00,0.00,-0.00,0.00,0.00,0.00,0.00,0.00,0.00,0.00,0.00,0
0.659872,54,50,414,0,DRIVE [ 11 ] [ 1 ] [ 1380 1843 1892 ] [    0    0    0 ] [      0      0      0 ] [ 0 ],drive [ 10 ] [ 0 ] [ 1388 1842 1892 ] [   64   26    3 ] [   8973   1824  10126 ] [ 0 ],1.10,1.10,1.10,1.10,59.15,55.25,0.00,0.00,0.00,0.00,0.00,0.00,-0.00,0.00,0.00,0.00,0.00,0.00,0.00,0.00,0.00,0
0.672424,55,50,412,0,DRIVE [ 11 ] [ 1 ] [ 1371 1845 1892 ] [    0    0    0 ] [      0      0      0 ] [ 0 ],drive [ 11 ] [ 0 ] [ 1380 1843 1892 ] [   64   26    3 ] [   8973   1824  10126 ] [ 0 ],1.10,1.10,1.10,1.10,60.21,55.50,0.00,0.00,0.00,0.00,0.00,0.00,-0.00,0.00,0.00,0.00,0.00,0.00,0.00,0.00,0.00,0
0.685045,55,50,410,0,DRIVE [ 12 ] [ 1 ] [ 1363 1846 1892 ] [    0    0    0 ] [      0      0      0 ] [ 0 ],drive [ 11 ] [ 0 ] [ 1371 1845 1892 ] [   64   26    3 ] [   8973   1824  10126 ] [ 0 ],1.10,1.10,1.10,1.10,60.81,55.49,0.00,0.00,0.00,0.00,0.00,0.00,-0.00,0.00,0.00,0.00,0.00,0.00,0.00,0.00,0.00,0
0.697293,56,51,410,0,DRIVE [ 12 ] [ 1 ] [ 1355 1847 1892 ] [    0    0    0 ] [      0      0      0 ] [ 0 ],drive [ 12 ] [ 0 ] [ 1363 1846 1892 ] [   64   26    3 ] [   9080   1824  10083 ] [ 0 ],1.10,1.10,1.10,1.10,61.86,55.70,0.00,0.00,0.00,0.00,0.00,0.00,-0.00,0.00,0.00,0.00,0.00,0.00,0.00,0.00,0.00,0
0.710286,57,50,408,0,DRIVE [ 13 ] [ 1 ] [ 1347 1849 1892 ] [    0    0    0 ] [      0      0      0 ] [ 0 ],drive [ 12 ] [ 0 ] [ 1355 1847 1892 ] [   55   25   18 ] [   9080   1824  10083 ] [ 0 ],1.10,1.10,1.10,1.10,62.59,55.45,0.00,0.00,0.00,0.00,0.00,0.00,-0.00,0.00,0.00,0.00,0.00,0.00,0.00,0.00,0.00,0
0.722346,58,50,406,0,DRIVE [ 13 ] [ 1 ] [ 1340 1852 1892 ] [    0    0    0 ] [      0      0      0 ] [ 0 ],drive [ 13 ] [ 0 ] [ 1347 1849 1892 ] [   55   25   18 ] [   9080   1824  10083 ] [ 0 ],1.10,1.10,1.10,1.10,63.43,55.13,0.00,0.00,0.00,0.00,0.00,0.00,-0.00,0.00,0.00,0.00,0.00,0.00,0.00,0.00,0.00,0
0.734418,58,49,404,0,DRIVE [ 14 ] [ 1 ] [ 1333 1856 1892 ] [    0    0    0 ] [      0      0      0 ] [ 0 ],drive [ 13 ] [ 0 ] [ 1340 1852 1892 ] [   55   25   18 ] [   9080   1824  10083 ] [ 0 ],1.10,1.10,1.10,1.10,64.05,54.38,0.00,0.00,0.00,0.00,0.00,0.00,-0.00,0.00,0.00,0.00,0.00,0.00,0.00,0.00,0.00,0
0.747283,59,49,407,0,DRIVE [ 14 ] [ 1 ] [ 1330 1858 1892 ] [    0    0    0 ] [      0      0      0 ] [ 0 ],drive [ 14 ] [ 0 ] [ 1333 1856 1892 ] [   55   25   18 ] [   9094   1824  10071 ] [ 0 ],1.10,1.10,1.10,1.10,65.05,54.23,0.00,0.00,0.00,0.00,0.00,0.00,-0.00,0.00,0.00,0.00,0.00,0.00,0.00,0.00,0.00,0
0.760304,60,49,406,0,DRIVE [ 15 ] [ 1 ] [ 1325 1861 1892 ] [    0    0    0 ] [      0      0      0 ] [ 0 ],drive [ 14 ] [ 0 ] [ 1330 1858 1892 ] [   77   23   22 ] [   9094   1824  10071 ] [ 0 ],1.10,1.10,1.10,1.10,65.58,53.71,0.00,0.00,0.00,0.00,0.00,0.00,-0.00,0.00,0.00,0.00,0.00,0.00,0.00,0.00,0.00,0
0.772707,60,48,404,0,DRIVE [ 15 ] [ 1 ] [ 1321 1865 1892 ] [    0    0    0 ] [      0      0      0 ] [ 0 ],drive [ 15 ] [ 0 ] [ 1325 1861 1892 ] [   77   23   22 ] [   9094   1824  10071 ] [ 0 ],1.10,1.10,1.10,1.10,65.99,52.69,0.00,0.00,0.00,0.00,0.00,0.00,-0.00,0.00,0.00,0.00,0.00,0.00,0.00,0.00,0.00,0
0.785394,60,47,403,0,DRIVE [ 16 ] [ 1 ] [ 1318 1868 1892 ] [    0    0    0 ] [      0      0      0 ] [ 0 ],drive [ 15 ] [ 0 ] [ 1321 1865 1892 ] [   77   23   22 ] [   9094   1824  10071 ] [ 0 ],1.10,1.10,1.10,1.10,66.41,51.81,0.00,0.00,0.00,0.00,0.00,0.00,-0.00,0.00,0.00,0.00,0.00,0.00,0.00,0.00,0.00,0
0.797651,61,46,401,0,DRIVE [ 16 ] [ 1 ] [ 1314 1872 1892 ] [    0    0    0 ] [      0      0      0 ] [ 0 ],drive [ 16 ] [ 0 ] [ 1318 1868 1892 ] [   77   23   22 ] [   9195   1824  10045 ] [ 0 ],1.10,1.10,1.10,1.10,66.65,50.70,0.00,0.00,0.00,0.00,0.00,0.00,-0.00,0.00,0.00,0.00,0.00,0.00,0.00,0.00,0.00,0
0.810345,61,45,400,0,DRIVE [ 17 ] [ 1 ] [ 1310 1876 1892 ] [    0    0    0 ] [      0      0      0 ] [ 0 ],drive [ 16 ] [ 0 ] [ 1314 1872 1892 ] [   55   23    3 ] [   9195   1824  10045 ] [ 0 ],1.10,1.10,1.10,1.10,67.06,49.66,0.00,0.00,0.00,0.00,0.00,0.00,-0.00,0.00,0.00,0.00,0.00,0.00,0.00,0.00,0.00,0
0.823049,61,44,399,0,DRIVE [ 17 ] [ 1 ] [ 1308 1881 1892 ] [    0    0    0 ] [      0      0      0 ] [ 0 ],drive [ 17 ] [ 0 ] [ 1310 1876 1892 ] [   55   23    3 ] [   9195   1824  10045 ] [ 0 ],1.10,1.10,1.10,1.10,67.35,48.36,0.00,0.00,0.00,0.00,0.00,0.00,-0.00,0.00,0.00,0.00,0.00,0.00,0.00,0.00,0.00,0
0.835603,61,43,398,0,DRIVE [ 18 ] [ 1 ] [ 1309 1881 1905 ] [    0    0    0 ] [      0      0      0 ] [ 0 ],drive [ 17 ] [ 0 ] [ 1308 1881 1892 ] [   55   23    3 ] [   9195   1824  10045 ] [ 0 ],1.10,1.10,1.10,1.10,67.42,47.02,0.00,0.00,0.00,0.00,0.00,0.00,-0.00,0.00,0.00,0.00,0.00,0.00,0.00,0.00,0.00,0
0.847694,62,41,398,0,DRIVE [ 18 ] [ 1 ] [ 1317 1881 1900 ] [    0    0    0 ] [      0      0      0 ] [ 0 ],drive [ 18 ] [ 0 ] [ 1309 1881 1905 ] [   55   23    3 ] [   9208   1824   9960 ] [ 0 ],1.10,1.10,1.10,1.10,67.81,45.59,0.00,0.00,0.00,0.00,0.00,0.00,-0.00,0.00,0.00,0.00,0.00,0.00,0.00,0.00,0.00,0
0.860359,62,40,397,0,DRIVE [ 19 ] [ 1 ] [ 1328 1881 1895 ] [    0    0    0 ] [      0      0      0 ] [ 0 ],drive [ 18 ] [ 0 ] [ 1317 1881 1900 ] [   71   22   14 ] [   9208   1824   9960 ] [ 0 ],1.10,1.10,1.10,1.10,67.73,43.76,0.00,0.00,0.00,0.00,0.00,0.00,-0.00,0.00,0.00,0.00,0.00,0.00,0.00,0.00,0.00,0
0.87298,62,38,398,0,DRIVE [ 19 ] [ 1 ] [ 1337 1881 1889 ] [    0    0    0 ] [      0      0      0 ] [ 0 ],drive [ 19 ] [ 0 ] [ 1328 1881 1895 ] [   71   22   14 ] [   9208   1824   9960 ] [ 0 ],1.10,1.10,1.10,1.10,68.56,42.04,0.00,0.00,0.00,0.00,0.00,0.00,-0.00,0.00,0.00,0.00,0.00,0.00,0.00,0.00,0.00,0
0.885676,62,36,396,0,DRIVE [ 20 ] [ 1 ] [ 1347 1881 1883 ] [    0    0    0 ] [      0      0      0 ] [ 0 ],drive [ 19 ] [ 0 ] [ 1337 1881 1889 ] [   71   22   14 ] [   9208   1824   9960 ] [ 0 ],1.10,1.10,1.10,1.10,68.69,39.97,0.00,0.00,0.00,0.00,0.00,0.00,-0.00,0.00,0.00,0.00,0.00,0.00,0.00,0.00,0.00,0
0.897792,62,35,392,0,DRIVE [ 20 ] [ 1 ] [ 1354 1881 1878 ] [    0    0    0 ] [      0      0      0 ] [ 0 ],drive [ 20 ] [ 0 ] [ 1347 1881 1883 ] [   71   22   14 ] [   9279   1820   9954 ] [ 0 ],1.10,1.10,1.10,1.10,68.50,38.07,0.00,0.00,0.00,0.00,0.00,0.00,-0.00,0.00,0.00,0.00,0.00,0.00,0.00,0.00,0.00,0
0.912866,63,33,391,0,DRIVE [ 21 ] [ 1 ] [ 1361 1881 1873 ] [    0    0    0 ] [      0      0      0 ] [ 0 ],drive [ 20 ] [ 0 ] [ 1354 1881 1878 ] [   55   19   20 ] [   9279   1820   9954 ] [ 0 ],1.10,1.10,1.10,1.10,68.75,36.66,0.00,0.00,0.00,0.00,0.00,0.00,-0.00,0.00,0.00,0.00,0.00,0.00,0.00,0.00,0.00,0
0.927667,63,32,390,0,DRIVE [ 21 ] [ 1 ] [ 1366 1881 1869 ] [    0    0    0 ] [      0      0      0 ] [ 0 ],drive [ 21 ] [ 0 ] [ 1361 1881 1873 ] [   55   19   20 ] [   9279   1820   9954 ] [ 0 ],1.10,1.10,1.10,1.10,68.94,35.43,0.00,0.00,0.00,0.00,0.00,0.00,-0.00,0.00,0.00,0.00,0.00,0.00,0.00,0.00,0.00,0
0.9404,63,31,389,0,DRIVE [ 22 ] [ 1 ] [ 1372 1881 1866 ] [    0    0    0 ] [      0      0      0 ] [ 0 ],drive [ 21 ] [ 0 ] [ 1366 1881 1869 ] [   55   19   20 ] [   9279   1820   9954 ] [ 0 ],1.10,1.10,1.10,1.10,68.86,34.24,0.00,0.00,0.00,0.00,0.00,0.00,-0.00,0.00,0.00,0.00,0.00,0.00,0.00,0.00,0.00,0
0.952947,62,30,387,0,DRIVE [ 22 ] [ 1 ] [ 1378 1881 1863 ] [    0    0    0 ] [      0      0      0 ] [ 0 ],drive [ 22 ] [ 0 ] [ 1372 1881 1866 ] [   55   19   20 ] [   9285   1817   9929 ] [ 0 ],1.10,1.10,1.10,1.10,68.49,33.10,0.00,0.00,0.00,0.00,0.00,0.00,-0.00,0.00,0.00,0.00,0.00,0.00,-0.00,-0.00,0.00,0
0.966782,62,29,385,0,DRIVE [ 23 ] [ 1 ] [ 1383 1881 1861 ] [    0    0    0 ] [      0      0      0 ] [ 0 ],drive [ 22 ] [ 0 ] [ 1378 1881 1863 ] [   52   20   22 ] [   9285   1817   9929 ] [ 0 ],1.10,1.10,1.10,1.10,68.18,32.02,0.00,0.00,0.00,0.00,0.00,0.00,-0.00,0.00,0.00,0.00,0.00,0.00,-0.00,-0.00,0.00,0
0.97907,62,28,384,0,DRIVE [ 23 ] [ 1 ] [ 1391 1881 1856 ] [    0    0    0 ] [      0      0      0 ] [ 0 ],drive [ 23 ] [ 0 ] [ 1383 1881 1861 ] [   52   20   22 ] [   9285   1817   9929 ] [ 0 ],1.10,1.10,1.10,1.10,68.18,30.44,0.00,0.00,0.00,0.00,0.00,0.00,-0.00,0.00,0.00,0.00,0.00,0.00,-0.00,-0.00,0.00,0
0.991827,62,26,383,0,DRIVE [ 24 ] [ 1 ] [ 1398 1881 1850 ] [    0    0    0 ] [      0      0      0 ] [ 0 ],drive [ 23 ] [ 0 ] [ 1391 1881 1856 ] [   52   20   22 ] [   9285   1817   9929 ] [ 0 ],1.10,1.10,1.10,1.10,68.52,28.85,0.00,0.00,0.00,0.00,0.00,0.00,-0.00,0.00,0.00,0.00,0.00,0.00,-0.00,-0.00,0.00,0
1.00534,62,25,380,0,DRIVE [ 24 ] [ 1 ] [ 1404 1881 1845 ] [    0    0    0 ] [      0      0      0 ] [ 0 ],drive [ 24 ] [ 0 ] [ 1398 1881 1850 ] [   52   20   22 ] [   9287   1817   9868 ] [ 0 ],1.10,1.10,1.10,1.10,68.62,27.03,0.00,0.00,0.00,0.00,0.00,0.00,-0.00,0.00,0.00,0.00,0.00,0.00,-0.00,-0.00,0.00,0
1.01865,63,23,378,0,DRIVE [ 25 ] [ 1 ] [ 1411 1881 1838 ] [    0    0    0 ] [      0      0      0 ] [ 0 ],drive [ 24 ] [ 0 ] [ 1404 1881 1845 ] [   51   20    5 ] [   9287   1817   9868 ] [ 0 ],1.10,1.10,1.10,1.10,68.80,25.17,0.00,0.00,0.00,0.00,0.00,0.00,-0.00,0.00,0.00,0.00,0.00,0.00,-0.00,-0.00,0.00,0
1.03117,63,21,378,0,DRIVE [ 25 ] [ 1 ] [ 1417 1881 1830 ] [    0    0    0 ] [      0      0      0 ] [ 0 ],drive [ 25 ] [ 0 ] [ 1411 1881 1838 ] [   51   20    5 ] [   9287   1817   9868 ] [ 0 ],1.10,1.10,1.10,1.10,69.70,23.08,0.00,0.00,0.00,0.00,0.00,0.00,-0.00,0.00,0.00,0.00,0.00,0.00,-0.00,-0.00,0.00,0
1.04414,64,19,377,0,DRIVE [ 26 ] [ 1 ] [ 1423 1881 1822 ] [    0    0    0 ] [      0      0      0 ] [ 0 ],drive [ 25 ] [ 0 ] [ 1417 1881 1830 ] [   51   20    5 ] [   9287   1817   9868 ] [ 0 ],1.10,1.10,1.10,1.10,70.63,21.11,0.00,0.00,0.00,0.00,0.00,0.00,-0.00,0.00,0.00,0.00,0.00,0.00,0.00,0.00,0.00,0
1.05677,65,17,375,0,DRIVE [ 26 ] [ 1 ] [ 1426 1881 1815 ] [    0    0    0 ] [      0      0      0 ] [ 0 ],drive [ 26 ] [ 0 ] [ 1423 1881 1822 ] [   51   20    5 ] [   9287   1817   9868 ] [ 0 ],1.10,1.10,1.10,1.10,71.23,19.23,0.00,0.00,0.00,0.00,0.00,0.00,-0.00,0.00,0.00,0.00,0.00,0.00,0.00,0.00,0.00,0
1.0687,65,16,372,0,DRIVE [ 27 ] [ 1 ] [ 1429 1881 1807 ] [    0    0    0 ] [      0      0      0 ] [ 0 ],drive [ 26 ] [ 0 ] [ 1426 1881 1815 ] [   49   20    7 ] [   9287   1817   9868 ] [ 0 ],1.10,1.10,1.10,1.10,71.78,17.33,0.00,0.00,0.00,0.00,0.00,0.00,-0.00,0.00,0.00,0.00,0.00,0.00,0.00,0.00,0.00,0
1.08144,66,14,371,0,DRIVE [ 27 ] [ 1 ] [ 1432 1881 1799 ] [    0    0    0 ] [      0      0      0 ] [ 0 ],drive [ 27 ] [ 0 ] [ 1429 1881 1807 ] [   49   20    7 ] [   9287   1817   9868 ] [ 0 ],1.10,1.10,1.10,1.10,72.63,15.63,0.00,0.00,0.00,0.00,0.00,0.00,-0.00,0.00,0.00,0.00,0.00,0.00,0.00,0.00,0.00,0
1.09417,67,13,371,0,DRIVE [ 28 ] [ 1 ] [ 1433 1881 1792 ] [    0    0    0 ] [      0      0      0 ] [ 0 ],drive [ 27 ] [ 0 ] [ 1432 1881 1799 ] [   49   20    7 ] [   9287   1817   9868 ] [ 0 ],1.10,1.10,1.10,1.10,73.78,14.15,0.00,0.00,0.00,0.00,0.00,0.00,-0.00,0.00,0.00,0.00,0.00,0.00,0.00,0.00,0.00,0
1.1068,68,12,371,0,DRIVE [ 28 ] [ 1 ] [ 1433 1881 1785 ] [    0    0    0 ] [      0      0      0 ] [ 0 ],drive [ 28 ] [ 0 ] [ 1433 1881 1792 ] [   49   20    7 ] [   9287   1817   9868 ] [ 0 ],1.10,1.10,1.10,1.10,74.88,12.67,0.00,0.00,0.00,0.00,0.00,0.00,-0.00,0.00,0.00,0.00,0.00,0.00,0.00,0.00,0.00,0
1.11957,69,10,371,0,DRIVE [ 29 ] [ 1 ] [ 1434 1881 1778 ] [    0    0    0 ] [      0      0      0 ] [ 0 ],drive [ 28 ] [ 0 ] [ 1433 1881 1785 ] [   46   20    9 ] [   9287   1817   9868 ] [ 0 ],1.10,1.10,1.10,1.10,75.91,11.27,0.00,0.00,0.00,0.00,0.00,0.00,-0.00,0.00,0.00,0.00,0.00,0.00,0.00,0.00,0.00,0
1.13183,70,9,370,0,DRIVE [ 29 ] [ 1 ] [ 1433 1881 1771 ] [    0    0    0 ] [      0      0      0 ] [ 0 ],drive [ 29 ] [ 0 ] [ 1434 1881 1778 ] [   46   20    9 ] [   9287   1817   9868 ] [ 0 ],1.10,1.10,1.10,1.10,76.93,9.93,0.00,0.00,0.00,0.00,0.00,0.00,-0.00,0.00,0.00,0.00,0.00,0.00,0.00,0.00,0.00,0
1.14595,71,8,369,0,DRIVE [ 30 ] [ 1 ] [ 1432 1881 1764 ] [    0    0    0 ] [      0      0      0 ] [ 0 ],drive [ 29 ] [ 0 ] [ 1433 1881 1771 ] [   46   20    9 ] [   9286   1816   9869 ] [ 0 ],1.10,1.10,1.10,1.10,77.93,8.51,0.00,0.00,0.00,0.00,0.00,0.00,-0.00,0.00,0.00,0.00,0.00,0.00,0.00,0.00,0.00,0
1.15871,72,6,366,0,DRIVE [ 30 ] [ 1 ] [ 1428 1881 1755 ] [    0    0    0 ] [      0      0      0 ] [ 0 ],drive [ 30 ] [ 0 ] [ 1432 1881 1764 ] [   46   20    9 ] [   9286   1816   9869 ] [ 0 ],1.10,1.10,1.10,1.10,79.24,7.12,0.00,0.00,0.00,0.00,0.00,0.00,-0.00,0.00,0.00,0.00,0.00,0.00,0.00,0.00,0.00,0
1.1715,73,5,363,0,DRIVE [ 31 ] [ 1 ] [ 1421 1881 1748 ] [    0    0    0 ] [      0      0      0 ] [ 0 ],drive [ 30 ] [ 0 ] [ 1428 1881 1755 ] [   47   17   12 ] [   9286   1816   9869 ] [ 0 ],1.10,1.10,1.10,1.10,80.46,6.04,0.00,0.00,0.00,0.00,0.00,0.00,-0.00,0.00,0.00,0.00,0.00,0.00,0.00,0.00,0.00,0
1.18444,74,4,361,0,DRIVE [ 31 ] [ 1 ] [ 1415 1881 1740 ] [    0    0    0 ] [      0      0      0 ] [ 0 ],drive [ 31 ] [ 0 ] [ 1421 1881 1748 ] [   47   17   12 ] [   9286   1816   9869 ] [ 0 ],1.10,1.10,1.10,1.10,81.77,4.94,0.00,0.00,0.00,0.00,0.00,0.00,-0.00,0.00,0.00,0.00,0.00,0.00,0.00,0.00,0.00,0
1.19672,76,4,359,0,DRIVE [ 32 ] [ 1 ] [ 1408 1881 1733 ] [    0    0    0 ] [      0      0      0 ] [ 0 ],drive [ 31 ] [ 0 ] [ 1415 1881 1740 ] [   47   17   12 ] [   9287   1805   9871 ] [ 0 ],1.10,1.10,1.10,1.10,83.28,4.05,0.00,0.00,0.00,0.00,0.00,0.00,-0.00,0.00,0.00,0.00,0.00,0.00,0.00,0.00,0.00,0
1.20969,77,3,357,0,DRIVE [ 32 ] [ 1 ] [ 1403 1881 1726 ] [    0    0    0 ] [      0      0      0 ] [ 0 ],drive [ 32 ] [ 0 ] [ 1408 1881 1733 ] [   48    8   14 ] [   9287   1805   9871 ] [ 0 ],1.10,1.10,1.10,1.10,84.47,3.15,0.00,0.00,0.00,0.00,0.00,0.00,-0.00,0.00,0.00,0.00,0.00,0.00,0.00,0.00,0.00,0
1.22246,78,2,353,0,DRIVE [ 33 ] [ 1 ] [ 1395 1881 1718 ] [    0    0    0 ] [      0      0      0 ] [ 0 ],drive [ 32 ] [ 0 ] [ 1403 1881 1726 ] [   48    8   14 ] [   9287   1805   9871 ] [ 0 ],1.10,1.10,1.10,1.10,85.56,2.11,0.00,0.00,0.00,0.00,0.00,0.00,-0.00,0.00,0.00,0.00,0.00,0.00,0.00,0.00,0.00,0
1.23514,79,1,351,0,DRIVE [ 33 ] [ 1 ] [ 1388 1881 1711 ] [    0    0    0 ] [      0      0      0 ] [ 0 ],drive [ 33 ] [ 0 ] [ 1395 1881 1718 ] [   48    8   14 ] [   9287   1805   9871 ] [ 0 ],1.10,1.10,1.10,1.10,86.85,1.32,0.00,0.00,0.00,0.00,0.00,0.00,-0.00,0.00,0.00,0.00,0.00,0.00,0.00,0.00,0.00,0
1.24741,80,1,349,0,DRIVE [ 34 ] [ 1 ] [ 1381 1881 1705 ] [    0    0    0 ] [      0      0      0 ] [ 0 ],drive [ 33 ] [ 0 ] [ 1388 1881 1711 ] [   48    8   14 ] [   9297   1752   9875 ] [ 0 ],1.10,1.10,1.10,1.10,88.02,0.66,0.00,0.00,0.00,0.00,0.00,0.00,-0.00,0.00,0.00,0.00,0.00,0.00,0.00,0.00,0.00,0
1.26018,81,0,347,0,DRIVE [ 34 ] [ 1 ] [ 1373 1881 1699 ] [    0    0    0 ] [      0      0      0 ] [ 0 ],drive [ 34 ] [ 0 ] [ 1381 1881 1705 ] [   52   27   17 ] [   9297   1752   9875 ] [ 0 ],1.10,1.10,1.10,1.10,89.19,0.22,0.00,0.00,0.00,0.00,0.00,0.00,-0.00,0.00,0.00,0.00,0.00,0.00,0.00,0.00,0.00,0
1.27277,82,0,343,0,DRIVE [ 35 ] [ 1 ] [ 1364 1881 1695 ] [    0    0    0 ] [      0      0      0 ] [ 0 ],drive [ 34 ] [ 0 ] [ 1373 1881 1699 ] [   52   27   17 ] [   9297   1752   9875 ] [ 0 ],1.10,1.10,1.10,1.10,89.82,0.00,0.00,0.00,0.00,0.00,0.00,0.00,-0.00,0.00,0.00,0.00,0.00,0.00,0.00,0.00,0.00,0
1.28532,83,0,341,0,DRIVE [ 35 ] [ 1 ] [ 1355 1881 1691 ] [    0    0    0 ] [      0      0      0 ] [ 0 ],drive [ 35 ] [ 0 ] [ 1364 1881 1695 ] [   52   27   17 ] [   9297   1752   9875 ] [ 0 ],1.10,1.10,1.10,1.10,90.87,-0.09,0.00,0.00,0.00,0.00,0.00,0.00,-0.00,0.00,0.00,0.00,0.00,0.00,0.00,0.00,0.00,0
1.29761,83,0,338,0,DRIVE [ 36 ] [ 1 ] [ 1345 1881 1688 ] [    0    0    0 ] [      0      0      0 ] [ 0 ],drive [ 35 ] [ 0 ] [ 1355 1881 1691 ] [   52   27   17 ] [   9323   1719   9880 ] [ 0 ],1.10,1.10,1.10,1.10,91.69,0.10,0.00,0.00,0.00,0.00,0.00,0.00,-0.00,0.00,0.00,0.00,0.00,0.00,0.00,0.00,0.00,0
1.31034,84,0,336,0,DRIVE [ 36 ] [ 1 ] [ 1334 1881 1685 ] [    0    0    0 ] [      0      0      0 ] [ 0 ],drive [ 36 ] [ 0 ] [ 1345 1881 1688 ] [   65   26   21 ] [   9323   1719   9880 ] [ 0 ],1.10,1.10,1.10,1.10,92.79,0.42,0.00,0.00,0.00,0.00,0.00,0.00,-0.00,0.00,0.00,0.00,0.00,0.00,0.00,0.00,0.00,0
1.32277,85,1,333,0,DRIVE [ 37 ] [ 1 ] [ 1322 1881 1683 ] [    0    0    0 ] [      0      0      0 ] [ 0 ],drive [ 36 ] [ 0 ] [ 1334 1881 1685 ] [   65   26   21 ] [   9323   1719   9880 ] [ 0 ],1.10,1.10,1.10,1.10,93.63,0.84,0.00,0.00,0.00,0.00,0.00,0.00,-0.00,0.00,0.00,0.00,0.00,0.00,0.00,0.00,0.00,0
1.33478,86,1,330,0,DRIVE [ 37 ] [ 1 ] [ 1309 1881 1681 ] [    0    0    0 ] [      0      0      0 ] [ 0 ],drive [ 37 ] [ 0 ] [ 1322 1881 1683 ] [   65   26   21 ] [   9323   1719   9880 ] [ 0 ],1.10,1.10,1.10,1.10,94.81,1.32,0.00,0.00,0.00,0.00,0.00,0.00,-0.00,0.00,0.00,0.00,0.00,0.00,0.00,0.00,0.00,0
1.34737,88,2,328,0,DRIVE [ 38 ] [ 1 ] [ 1289 1881 1677 ] [    0    0    0 ] [      0      0      0 ] [ 0 ],drive [ 37 ] [ 0 ] [ 1309 1881 1681 ] [   65   26   21 ] [   9326   1709   9884 ] [ 0 ],1.10,1.10,1.10,1.10,97.10,2.09,0.00,0.00,0.00,0.00,0.00,0.00,-0.00,0.00,0.00,0.00,0.00,0.00,0.00,0.00,0.00,0
1.3601,90,3,326,0,DRIVE [ 38 ] [ 1 ] [ 1270 1881 1675 ] [    0    0    0 ] [      0      0      0 ] [ 0 ],drive [ 38 ] [ 0 ] [ 1289 1881 1677 ] [   70   23   21 ] [   9326   1709   9884 ] [ 0 ],1.10,1.10,1.10,1.10,99.23,2.96,0.00,0.00,0.00,0.00,0.00,0.00,-0.00,0.00,0.00,0.00,0.00,0.00,0.00,0.00,0.00,0
1.37267,92,3,323,0,DRIVE [ 39 ] [ 1 ] [ 1251 1881 1672 ] [    0    0    0 ] [      0      0      0 ] [ 0 ],drive [ 38 ] [ 0 ] [ 1270 1881 1675 ] [   70   23   21 ] [   9326   1709   9884 ] [ 0 ],1.10,1.10,1.10,1.10,100.88,3.81,0.00,0.00,0.00,0.00,0.00,0.00,-0.00,0.00,0.00,0.00,0.00,0.00,0.00,0.00,0.00,0
1.38497,93,4,321,0,DRIVE [ 39 ] [ 1 ] [ 1232 1881 1670 ] [    0    0    0 ] [      0      0      0 ] [ 0 ],drive [ 39 ] [ 0 ] [ 1251 1881 1672 ] [   70   23   21 ] [   9326   1709   9884 ] [ 0 ],1.10,1.10,1.10,1.10,102.51,4.64,0.00,0.00,0.00,0.00,0.00,0.00,-0.00,0.00,0.00,0.00,0.00,0.00,0.00,0.00,0.00,0
1.39688,95,5,318,0,DRIVE [ 40 ] [ 1 ] [ 1214 1881 1667 ] [    0    0    0 ] [      0      0      0 ] [ 0 ],drive [ 39 ] [ 0 ] [ 1232 1881 1670 ] [   70   23   21 ] [   9336   1700   9885 ] [ 0 ],1.10,1.10,1.10,1.10,104.24,5.40,0.00,0.00,0.00,0.00,0.00,0.00,-0.00,0.00,0.00,0.00,0.00,0.00,0.00,0.00,0.00,0
1.40965,97,6,318,0,DRIVE [ 40 ] [ 1 ] [ 1197 1881 1664 ] [    0    0    0 ] [      0      0      0 ] [ 0 ],drive [ 40 ] [ 0 ] [ 1214 1881 1667 ] [   72   11   23 ] [   9336   1700   9885 ] [ 0 ],1.10,1.10,1.10,1.10,106.32,6.11,0.00,0.00,0.00,0.00,0.00,0.00,-0.00,0.00,0.00,0.00,0.00,0.00,0.00,0.00,0.00,0
1.42203,98,6,315,0,DRIVE [ 41 ] [ 1 ] [ 1181 1881 1661 ] [    0    0    0 ] [      0      0      0 ] [ 0 ],drive [ 40 ] [ 0 ] [ 1197 1881 1664 ] [   72   11   23 ] [   9336   1700   9885 ] [ 0 ],1.10,1.10,1.10,1.10,107.90,6.64,0.00,0.00,0.00,0.00,0.00,0.00,-0.00,0.00,0.00,0.00,0.00,0.00,0.00,0.00,0.00,0
1.43432,100,6,314,0,DRIVE [ 41 ] [ 1 ] [ 1165 1881 1658 ] [    0    0    0 ] [      0      0      0 ] [ 0 ],drive [ 41 ] [ 0 ] [ 1181 1881 1661 ] [   72   11   23 ] [   9336   1700   9885 ] [ 0 ],1.10,1.10,1.10,1.10,109.55,7.14,0.00,0.00,0.00,0.00,0.00,0.00,-0.00,0.00,0.00,0.00,0.00,0.00,0.00,0.00,0.00,0
1.44619,100,7,310,0,DRIVE [ 42 ] [ 1 ] [ 1150 1881 1655 ] [    0    0    0 ] [      0      0      0 ] [ 0 ],drive [ 41 ] [ 0 ] [ 1165 1881 1658 ] [   72   11   23 ] [   9777   1618   9870 ] [ 0 ],1.10,1.10,1.10,1.10,110.49,7.43,0.00,0.00,0.00,0.00,0.00,0.00,-0.00,0.00,0.00,0.00,0.00,0.00,0.00,0.00,0.00,0
1.4587,101,7,308,0,DRIVE [ 42 ] [ 1 ] [ 1140 1881 1651 ] [    0    0    0 ] [      0      0      0 ] [ 0 ],drive [ 42 ] [ 0 ] [ 1150 1881 1655 ] [   72   11   23 ] [   9777   1618   9870 ] [ 0 ],1.10,1.10,1.10,1.10,111.49,7.37,0.00,0.00,0.00,0.00,0.00,0.00,-0.00,0.00,0.00,0.00,0.00,0.00,0.00,0.00,0.00,0
1.47176,102,7,306,0,DRIVE [ 43 ] [ 1 ] [ 1132 1881 1647 ] [    0    0    0 ] [      0      0      0 ] [ 0 ],drive [ 42 ] [ 0 ] [ 1140 1881 1651 ] [   96   10   24 ] [   9777   1618   9870 ] [ 0 ],1.10,1.10,1.10,1.10,111.87,7.16,0.00,0.00,0.00,0.00,0.00,0.00,-0.00,0.00,0.00,0.00,0.00,0.00,0.00,0.00,0.00,0
1.48634,102,6,304,0,DRIVE [ 43 ] [ 1 ] [ 1131 1881 1644 ] [    0    0    0 ] [      0      0      0 ] [ 0 ],drive [ 43 ] [ 0 ] [ 1132 1881 1647 ] [   96   10   24 ] [   9777   1618   9870 ] [ 0 ],1.10,1.10,1.10,1.10,111.88,6.87,0.00,0.00,0.00,0.00,0.00,0.00,-0.00,0.00,0.00,0.00,0.00,0.00,0.00,0.00,0.00,0
1.50021,101,6,303,0,DRIVE [ 44 ] [ 1 ] [ 1131 1881 1643 ] [    0    0    0 ] [      0      0      0 ] [ 0 ],drive [ 43 ] [ 0 ] [ 1131 1881 1644 ] [   96   10   24 ] [  10355   1575   9825 ] [ 0 ],1.10,1.10,1.10,1.10,111.48,6.63,0.00,0.00,0.00,0.00,0.00,0.00,-0.00,0.00,0.00,0.00,0.00,0.00,0.00,0.00,0.00,0
1.51236,101,6,301,0,DRIVE [ 44 ] [ 1 ] [ 1133 1881 1642 ] [    0    0    0 ] [      0      0      0 ] [ 0 ],drive [ 44 ] [ 0 ] [ 1131 1881 1643 ] [   94   10   44 ] [  10355   1575   9825 ] [ 0 ],1.10,1.10,1.10,1.10,110.77,6.32,0.00,0.00,0.00,0.00,0.00,0.00,-0.00,0.00,0.00,0.00,0.00,0.00,0.00,0.00,0.00,0
1.5289,100,5,299,0,DRIVE [ 45 ] [ 1 ] [ 1136 1881 1642 ] [    0    0    0 ] [      0      0      0 ] [ 0 ],drive [ 44 ] [ 0 ] [ 1133 1881 1642 ] [   94   10   44 ] [  10355   1575   9825 ] [ 0 ],1.10,1.10,1.10,1.10,109.88,5.92,0.00,0.00,0.00,0.00,0.00,0.00,-0.00,0.00,0.00,0.00,0.00,0.00,0.00,0.00,0.00,0
1.54188,99,5,297,0,DRIVE [ 45 ] [ 1 ] [ 1138 1881 1641 ] [    0    0    0 ] [      0      0      0 ] [ 0 ],drive [ 45 ] [ 0 ] [ 1136 1881 1642 ] [   94   10   44 ] [  10355   1575   9825 ] [ 0 ],1.10,1.10,1.10,1.10,109.01,5.62,0.00,0.00,0.00,0.00,0.00,0.00,-0.00,0.00,0.00,0.00,0.00,0.00,0.00,0.00,0.00,0
1.55431,99,5,296,0,DRIVE [ 46 ] [ 1 ] [ 1137 1881 1639 ] [    0    0    0 ] [      0      0      0 ] [ 0 ],drive [ 45 ] [ 0 ] [ 1138 1881 1641 ] [   94   10   44 ] [  10452   1575   9823 ] [ 0 ],1.10,1.10,1.10,1.10,108.97,5.35,0.00,0.00,0.00,0.00,0.00,0.00,-0.00,0.00,0.00,0.00,0.00,0.00,0.00,0.00,0.00,0
1.56665,99,4,294,0,DRIVE [ 46 ] [ 1 ] [ 1135 1881 1635 ] [    0    0    0 ] [      0      0      0 ] [ 0 ],drive [ 46 ] [ 0 ] [ 1137 1881 1639 ] [   86   10   47 ] [  10452   1575   9823 ] [ 0 ],1.10,1.10,1.10,1.10,108.84,4.76,0.00,0.00,0.00,0.00,0.00,0.00,-0.00,0.00,0.00,0.00,0.00,0.00,0.00,0.00,0.00,0
1.57874,99,4,292,0,DRIVE [ 47 ] [ 1 ] [ 1131 1881 1630 ] [    0    0    0 ] [      0      0      0 ] [ 0 ],drive [ 46 ] [ 0 ] [ 1135 1881 1635 ] [   86   10   47 ] [  10452   1575   9823 ] [ 0 ],1.10,1.10,1.10,1.10,109.00,4.16,0.00,0.00,0.00,0.00,0.00,0.00,-0.00,0.00,0.00,0.00,0.00,0.00,0.00,0.00,0.00,0
1.59124,99,3,290,0,DRIVE [ 47 ] [ 1 ] [ 1128 1881 1624 ] [    0    0    0 ] [      0      0      0 ] [ 0 ],drive [ 47 ] [ 0 ] [ 1131 1881 1630 ] [   86   10   47 ] [  10452   1575   9823 ] [ 0 ],1.10,1.10,1.10,1.10,109.42,3.45,0.00,0.00,0.00,0.00,0.00,0.00,-0.00,0.00,0.00,0.00,0.00,0.00,0.00,0.00,0.00,0
1.60307,100,2,288,0,DRIVE [ 48 ] [ 1 ] [ 1125 1881 1618 ] [    0    0    0 ] [      0      0      0 ] [ 0 ],drive [ 47 ] [ 0 ] [ 1128 1881 1624 ] [   86   10   47 ] [  10605   1575   9788 ] [ 0 ],1.10,1.10,1.10,1.10,109.67,2.66,0.00,0.00,0.00,0.00,0.00,0.00,-0.00,0.00,0.00,0.00,0.00,0.00,0.00,0.00,0.00,0
1.61532,100,1,286,0,DRIVE [ 48 ] [ 1 ] [ 1124 1881 1610 ] [    0    0    0 ] [      0      0      0 ] [ 0 ],drive [ 48 ] [ 0 ] [ 1125 1881 1618 ] [   75    8   43 ] [  10605   1575   9788 ] [ 0 ],1.10,1.10,1.10,1.10,109.86,1.44,0.00,0.00,0.00,0.00,0.00,0.00,-0.00,0.00,0.00,0.00,0.00,0.00,0.00,0.00,0.00,0
1.62739,99,0,283,0,DRIVE [ 49 ] [ 1 ] [ 1127 1881 1604 ] [    0    0    0 ] [      0      0      0 ] [ 0 ],drive [ 48 ] [ 0 ] [ 1124 1881 1610 ] [   75    8   43 ] [  10605   1575   9788 ] [ 0 ],1.10,1.10,1.10,1.10,109.21,0.18,0.00,0.00,0.00,0.00,0.00,0.00,-0.00,0.00,0.00,0.00,0.00,0.00,0.00,0.00,0.00,0
1.63955,99,-1,282,0,DRIVE [ 49 ] [ 1 ] [ 1134 1881 1598 ] [    0    0    0 ] [      0      0      0 ] [ 0 ],drive [ 49 ] [ 0 ] [ 1127 1881 1604 ] [   75    8   43 ] [  10605   1575   9788 ] [ 0 ],1.10,1.10,1.10,1.10,108.62,-1.17,0.00,0.00,0.00,0.00,0.00,0.00,-0.00,0.00,0.00,0.00,0.00,0.00,0.00,0.00,0.00,0
1.65144,97,-2,280,0,DRIVE [ 50 ] [ 1 ] [ 1143 1881 1595 ] [    0    0    0 ] [      0      0      0 ] [ 0 ],drive [ 49 ] [ 0 ] [ 1134 1881 1598 ] [   75    8   43 ] [  11021   1575   9697 ] [ 0 ],1.10,1.10,1.10,1.10,107.21,-2.15,0.00,0.00,0.00,0.00,0.00,0.00,-0.00,0.00,0.00,0.00,0.00,0.00,0.00,0.00,0.00,0
1.66297,96,-2,278,0,DRIVE [ 50 ] [ 1 ] [ 1154 1881 1596 ] [    0    0    0 ] [      0      0      0 ] [ 0 ],drive [ 50 ] [ 0 ] [ 1143 1881 1595 ] [   89    9   49 ] [  11021   1575   9697 ] [ 0 ],1.10,1.10,1.10,1.10,105.14,-2.73,0.00,0.00,0.00,0.00,0.00,0.00,-0.00,0.00,0.00,0.00,0.00,0.00,0.00,0.00,0.00,0
1.67533,94,-3,277,0,DRIVE [ 51 ] [ 1 ] [ 1167 1881 1599 ] [    0    0    0 ] [      0      0      0 ] [ 0 ],drive [ 50 ] [ 0 ] [ 1154 1881 1596 ] [   89    9   49 ] [  11021   1575   9697 ] [ 0 ],1.10,1.10,1.10,1.10,103.15,-3.05,0.00,0.00,0.00,0.00,0.00,0.00,-0.00,0.00,0.00,0.00,0.00,0.00,0.00,0.00,0.00,0
1.68767,92,-3,276,0,DRIVE [ 51 ] [ 1 ] [ 1180 1881 1603 ] [    0    0    0 ] [      0      0      0 ] [ 0 ],drive [ 51 ] [ 0 ] [ 1167 1881 1599 ] [   89    9   49 ] [  11021   1575   9697 ] [ 0 ],1.10,1.10,1.10,1.10,100.81,-3.17,0.00,0.00,0.00,0.00,0.00,0.00,-0.00,0.00,0.00,0.00,0.00,0.00,-0.00,0.00,0.00,0
1.69987,89,-3,274,0,DRIVE [ 52 ] [ 1 ] [ 1194 1881 1607 ] [    0    0    0 ] [      0      0      0 ] [ 0 ],drive [ 51 ] [ 0 ] [ 1180 1881 1603 ] [   89    9   49 ] [  11262   1574   9618 ] [ 0 ],1.10,1.10,1.10,1.10,98.29,-3.23,0.00,0.00,0.00,0.00,0.00,0.00,-0.00,0.00,0.00,0.00,0.00,0.00,-0.00,0.00,0.00,0
1.71304,87,-3,273,0,DRIVE [ 52 ] [ 1 ] [ 1207 1881 1612 ] [    0    0    0 ] [      0      0      0 ] [ 0 ],drive [ 52 ] [ 0 ] [ 1194 1881 1607 ] [   78    7   41 ] [  11262   1574   9618 ] [ 0 ],1.10,1.10,1.10,1.10,95.96,-3.22,0.00,0.00,0.00,0.00,0.00,0.00,-0.00,0.00,0.00,0.00,0.00,0.00,-0.00,0.00,0.00,0
1.72606,85,-3,272,0,DRIVE [ 53 ] [ 1 ] [ 1220 1881 1616 ] [    0    0    0 ] [      0      0      0 ] [ 0 ],drive [ 52 ] [ 0 ] [ 1207 1881 1612 ] [   78    7   41 ] [  11262   1574   9618 ] [ 0 ],1.10,1.10,1.10,1.10,93.84,-3.40,0.00,0.00,0.00,0.00,0.00,0.00,-0.00,0.00,0.00,0.00,0.00,0.00,-0.00,0.00,0.00,0
1.73877,83,-3,271,0,DRIVE [ 53 ] [ 1 ] [ 1233 1881 1622 ] [    0    0    0 ] [      0      0      0 ] [ 0 ],drive [ 53 ] [ 0 ] [ 1220 1881 1616 ] [   78    7   41 ] [  11262   1574   9618 ] [ 0 ],1.10,1.10,1.10,1.10,91.67,-3.25,0.00,0.00,0.00,0.00,0.00,0.00,-0.00,0.00,0.00,0.00,0.00,0.00,-0.00,0.00,0.00,0
1.75328,81,-3,271,0,DRIVE [ 54 ] [ 1 ] [ 1245 1881 1628 ] [    0    0    0 ] [      0      0      0 ] [ 0 ],drive [ 53 ] [ 0 ] [ 1233 1881 1622 ] [   78    7   41 ] [  11262   1551   9618 ] [ 0 ],1.10,1.10,1.10,1.10,89.56,-3.05,0.00,0.00,0.00,0.00,0.00,0.00,-0.00,0.00,0.00,0.00,0.00,0.00,-0.00,0.00,0.00,0
1.76611,80,-2,270,0,DRIVE [ 54 ] [ 1 ] [ 1256 1881 1634 ] [    0    0    0 ] [      0      0      0 ] [ 0 ],drive [ 54 ] [ 0 ] [ 1245 1881 1628 ] [   70   25   40 ] [  11262   1551   9618 ] [ 0 ],1.10,1.10,1.10,1.10,87.47,-2.73,0.00,0.00,0.00,0.00,0.00,0.00,-0.00,0.00,0.00,0.00,0.00,0.00,-0.00,0.00,0.00,0
1.77775,78,-2,268,0,DRIVE [ 55 ] [ 1 ] [ 1267 1881 1641 ] [    0    0    0 ] [      0      0      0 ] [ 0 ],drive [ 54 ] [ 0 ] [ 1256 1881 1634 ] [   70   25   40 ] [  11262   1551   9618 ] [ 0 ],1.10,1.10,1.10,1.10,85.37,-2.40,0.00,0.00,0.00,0.00,0.00,0.00,-0.00,0.00,0.00,0.00,0.00,0.00,-0.00,0.00,0.00,0
1.78967,75,-2,266,0,DRIVE [ 55 ] [ 1 ] [ 1281 1881 1651 ] [    0    0    0 ] [      0      0      0 ] [ 0 ],drive [ 55 ] [ 0 ] [ 1267 1881 1641 ] [   70   25   40 ] [  11262   1551   9618 ] [ 0 ],1.10,1.10,1.10,1.10,82.20,-1.68,0.00,0.00,0.00,0.00,0.00,0.00,-0.00,0.00,0.00,0.00,0.00,0.00,-0.00,0.00,0.00,0
1.80109,72,-1,265,0,DRIVE [ 56 ] [ 1 ] [ 1297 1881 1663 ] [    0    0    0 ] [      0      0      0 ] [ 0 ],drive [ 55 ] [ 0 ] [ 1281 1881 1651 ] [   70   25   40 ] [  11259   1344   9618 ] [ 0 ],1.10,1.10,1.10,1.10,79.09,-0.84,0.00,0.00,0.00,0.00,0.00,0.00,-0.00,0.00,0.00,0.00,0.00,0.00,-0.00,0.00,0.00,0
1.81306,69,0,264,0,DRIVE [ 56 ] [ 1 ] [ 1313 1881 1676 ] [    0    0    0 ] [      0      0      0 ] [ 0 ],drive [ 56 ] [ 0 ] [ 1297 1881 1663 ] [   65   24   37 ] [  11259   1344   9618 ] [ 0 ],1.10,1.10,1.10,1.10,76.02,0.16,0.00,0.00,0.00,0.00,0.00,0.00,-0.00,0.00,0.00,0.00,0.00,0.00,-0.00,-0.00,0.00,0
1.8252,66,1,263,0,DRIVE [ 57 ] [ 1 ] [ 1330 1881 1690 ] [    0    0    0 ] [      0      0      0 ] [ 0 ],drive [ 56 ] [ 0 ] [ 1313 1881 1676 ] [   65   24   37 ] [  11259   1344   9618 ] [ 0 ],1.10,1.10,1.10,1.10,72.67,1.22,0.00,0.00,0.00,0.00,0.00,0.00,-0.00,0.00,0.00,0.00,0.00,0.00,-0.00,-0.00,0.00,0
1.83757,63,2,262,0,DRIVE [ 57 ] [ 1 ] [ 1348 1881 1704 ] [    0    0    0 ] [      0      0      0 ] [ 0 ],drive [ 57 ] [ 0 ] [ 1330 1881 1690 ] [   65   24   37 ] [  11259   1344   9618 ] [ 0 ],1.10,1.10,1.10,1.10,69.15,2.29,0.00,0.00,0.00,0.00,0.00,0.00,-0.00,0.00,0.00,0.00,0.00,0.00,-0.00,-0.00,0.00,0
1.84932,60,3,260,0,DRIVE [ 58 ] [ 1 ] [ 1367 1881 1720 ] [    0    0    0 ] [      0      0      0 ] [ 0 ],drive [ 57 ] [ 0 ] [ 1348 1881 1704 ] [   65   24   37 ] [  11257   1246   9608 ] [ 0 ],1.10,1.10,1.10,1.10,65.46,3.34,0.00,0.00,0.00,0.00,0.00,0.00,-0.00,0.00,0.00,0.00,0.00,0.00,-0.00,-0.00,0.00,0
1.86115,56,4,259,0,DRIVE [ 58 ] [ 1 ] [ 1387 1881 1735 ] [    0    0    0 ] [      0      0      0 ] [ 0 ],drive [ 58 ] [ 0 ] [ 1367 1881 1720 ] [   59   18   46 ] [  11257   1246   9608 ] [ 0 ],1.10,1.10,1.10,1.10,61.81,4.46,0.00,0.00,0.00,0.00,0.00,0.00,-0.00,0.00,0.00,0.00,0.00,0.00,-0.00,-0.00,0.00,0
1.87441,53,5,258,0,DRIVE [ 59 ] [ 1 ] [ 1406 1881 1750 ] [    0    0    0 ] [      0      0      0 ] [ 0 ],drive [ 58 ] [ 0 ] [ 1387 1881 1735 ] [   59   18   46 ] [  11257   1246   9608 ] [ 0 ],1.10,1.10,1.10,1.10,58.36,5.51,0.00,0.00,0.00,0.00,0.00,0.00,-0.00,0.00,0.00,0.00,0.00,0.00,-0.00,-0.00,0.00,0
1.88668,50,6,257,0,DRIVE [ 59 ] [ 1 ] [ 1425 1881 1765 ] [    0    0    0 ] [      0      0      0 ] [ 0 ],drive [ 59 ] [ 0 ] [ 1406 1881 1750 ] [   59   18   46 ] [  11257   1246   9608 ] [ 0 ],1.10,1.10,1.10,1.10,54.97,6.47,0.00,0.00,0.00,0.00,0.00,0.00,0.00,0.00,0.00,0.00,0.00,0.00,-0.00,-0.00,0.00,0
1.899,47,7,257,0,DRIVE [ 60 ] [ 1 ] [ 1444 1881 1778 ] [    0    0    0 ] [      0      0      0 ] [ 0 ],drive [ 59 ] [ 0 ] [ 1425 1881 1765 ] [   59   18   46 ] [  11257   1246   9472 ] [ 0 ],1.10,1.10,1.10,1.10,51.63,7.27,0.00,0.00,0.00,0.00,0.00,0.00,0.00,0.00,0.00,0.00,0.00,0.00,-0.00,-0.00,0.00,0
1.91013,44,7,255,0,DRIVE [ 60 ] [ 1 ] [ 1464 1881 1791 ] [    0    0    0 ] [      0      0      0 ] [ 0 ],drive [ 60 ] [ 0 ] [ 1444 1881 1778 ] [   52   18   24 ] [  11257   1246   9472 ] [ 0 ],1.10,1.10,1.10,1.10,48.24,7.96,0.00,0.00,0.00,0.00,0.00,0.00,0.00,0.00,0.00,0.00,0.00,0.00,-0.00,-0.00,0.00,0
1.92168,40,8,253,0,DRIVE [ 61 ] [ 1 ] [ 1491 1881 1806 ] [    0    0    0 ] [      0      0      0 ] [ 0 ],drive [ 60 ] [ 0 ] [ 1464 1881 1791 ] [   52   18   24 ] [  11257   1246   9472 ] [ 0 ],1.10,1.10,1.10,1.10,43.97,8.50,0.00,0.00,0.00,0.00,0.00,0.00,0.00,0.00,0.00,0.00,0.00,0.00,-0.00,-0.00,0.00,0
1.93267,36,8,252,0,DRIVE [ 61 ] [ 1 ] [ 1516 1881 1821 ] [    0    0    0 ] [      0      0      0 ] [ 0 ],drive [ 61 ] [ 0 ] [ 1491 1881 1806 ] [   52   18   24 ] [  11257   1246   9472 ] [ 0 ],1.10,1.10,1.10,1.10,40.07,9.04,0.00,0.00,0.00,0.00,0.00,0.00,0.00,0.00,0.00,0.00,0.00,0.00,-0.00,-0.00,0.00,0
1.94451,33,9,250,0,DRIVE [ 62 ] [ 1 ] [ 1539 1881 1834 ] [    0    0    0 ] [      0      0      0 ] [ 0 ],drive [ 61 ] [ 0 ] [ 1516 1881 1821 ] [   52   18   24 ] [  11254   1246   9370 ] [ 0 ],1.10,1.10,1.10,1.10,36.39,9.46,0.00,0.00,0.00,0.00,0.00,0.00,0.00,0.00,0.00,0.00,0.00,0.00,-0.00,-0.00,0.00,0
1.95614,30,9,248,0,DRIVE [ 62 ] [ 1 ] [ 1562 1881 1846 ] [    0    0    0 ] [      0      0      0 ] [ 0 ],drive [ 62 ] [ 0 ] [ 1539 1881 1834 ] [   52   18   24 ] [  11254   1246   9370 ] [ 0 ],1.10,1.10,1.10,1.10,32.80,9.75,0.00,0.00,0.00,0.00,0.00,0.00,0.00,0.00,0.00,0.00,0.00,0.00,-0.00,-0.00,0.00,0
1.96766,27,9,246,0,DRIVE [ 63 ] [ 1 ] [ 1584 1881 1857 ] [    0    0    0 ] [      0      0      0 ] [ 0 ],drive [ 62 ] [ 0 ] [ 1562 1881 1846 ] [   37   17   25 ] [  11254   1246   9370 ] [ 0 ],1.10,1.10,1.10,1.10,29.50,10.06,0.00,0.00,0.00,0.00,0.00,0.00,0.00,0.00,0.00,0.00,0.00,0.00,-0.00,-0.00,0.00,0
1.97864,24,10,245,0,DRIVE [ 63 ] [ 1 ] [ 1604 1881 1870 ] [    0    0    0 ] [      0      0      0 ] [ 0 ],drive [ 63 ] [ 0 ] [ 1584 1881 1857 ] [   37   17   25 ] [  11254   1246   9370 ] [ 0 ],1.10,1.10,1.10,1.10,26.30,10.54,0.00,0.00,0.00,0.00,0.00,0.00,0.00,0.00,0.00,0.00,0.00,0.00,-0.00,-0.00,0.00,0
1.99003,21,10,244,0,DRIVE [ 64 ] [ 1 ] [ 1621 1881 1882 ] [    0    0    0 ] [      0      0      0 ] [ 0 ],drive [ 63 ] [ 0 ] [ 1604 1881 1870 ] [   37   17   25 ] [  11254   1246   9370 ] [ 0 ],1.10,1.10,1.10,1.10,23.06,11.08,0.00,0.00,0.00,0.00,0.00,0.00,0.00,0.00,0.00,0.00,0.00,0.00,-0.00,-0.00,0.00,0
2.00109,18,11,242,0,DRIVE [ 64 ] [ 1 ] [ 1637 1881 1895 ] [    0    0    0 ] [      0      0      0 ] [ 0 ],drive [ 64 ] [ 0 ] [ 1621 1881 1882 ] [   37   17   25 ] [  11234   1246   9289 ] [ 0 ],1.10,1.10,1.10,1.10,19.88,11.66,0.00,0.00,0.00,0.00,0.00,0.00,0.00,0.00,0.00,0.00,0.00,0.00,-0.00,-0.00,0.00,0
2.01279,15,11,241,0,DRIVE [ 65 ] [ 1 ] [ 1655 1883 1895 ] [    0    0    0 ] [      0      0      0 ] [ 0 ],drive [ 64 ] [ 0 ] [ 1637 1881 1895 ] [   26   16   26 ] [  11234   1246   9289 ] [ 0 ],1.10,1.10,1.10,1.10,16.81,12.11,0.00,0.00,0.00,0.00,0.00,0.00,0.00,0.00,0.00,0.00,0.00,0.00,-0.00,-0.00,0.00,0
2.02434,13,11,239,0,DRIVE [ 65 ] [ 1 ] [ 1693 1871 1895 ] [    0    0    0 ] [      0      0      0 ] [ 0 ],drive [ 65 ] [ 0 ] [ 1655 1883 1895 ] [   26   16   26 ] [  11234   1246   9289 ] [ 0 ],1.10,1.10,1.10,1.10,13.78,12.35,0.00,0.00,0.00,0.00,0.00,0.00,0.00,0.00,0.00,0.00,0.00,0.00,-0.00,-0.00,0.00,0
2.0359,10,11,238,0,DRIVE [ 66 ] [ 1 ] [ 1727 1858 1895 ] [    0    0    0 ] [      0      0      0 ] [ 0 ],drive [ 65 ] [ 0 ] [ 1693 1871 1895 ] [   26   16   26 ] [  11234   1246   9289 ] [ 0 ],1.10,1.10,1.10,1.10,10.84,12.62,0.00,0.00,0.00,0.00,0.00,0.00,0.00,0.00,0.00,0.00,0.00,0.00,-0.00,-0.00,0.00,0
2.04707,7,12,237,0,DRIVE [ 66 ] [ 1 ] [ 1757 1845 1895 ] [    0    0    0 ] [      0      0      0 ] [ 0 ],drive [ 66 ] [ 0 ] [ 1727 1858 1895 ] [   26   16   26 ] [  11204   1246   9162 ] [ 0 ],1.10,1.10,1.10,1.10,7.99,12.98,0.00,0.00,0.00,0.00,0.00,0.00,0.00,0.00,0.00,0.00,0.00,0.00,-0.00,-0.00,0.00,0
2.05874,5,12,236,0,DRIVE [ 67 ] [ 1 ] [ 1781 1830 1895 ] [    0    0    0 ] [      0      0      0 ] [ 0 ],drive [ 66 ] [ 0 ] [ 1757 1845 1895 ] [   38   19   20 ] [  11204   1246   9162 ] [ 0 ],1.10,1.10,1.10,1.10,5.26,13.35,0.00,0.00,0.00,0.00,0.00,0.00,0.00,0.00,0.00,0.00,0.00,0.00,-0.00,-0.00,0.00,0
2.07054,3,13,234,0,DRIVE [ 67 ] [ 1 ] [ 1798 1815 1895 ] [    0    0    0 ] [      0      0      0 ] [ 0 ],drive [ 67 ] [ 0 ] [ 1781 1830 1895 ] [   38   19   20 ] [  11204   1246   9162 ] [ 0 ],1.10,1.10,1.10,1.10,2.82,13.87,0.00,0.00,0.00,0.00,0.00,0.00,0.00,0.00,0.00,0.00,0.00,0.00,-0.00,-0.00,0.00,0
2.08169,0,13,233,0,DRIVE [ 68 ] [ 1 ] [ 1811 1798 1895 ] [    0    0    0 ] [      0      0      0 ] [ 0 ],drive [ 67 ] [ 0 ] [ 1798 1815 1895 ] [   38   19   20 ] [  11204   1246   9162 ] [ 0 ],1.10,1.10,1.10,1.10,0.53,14.37,0.00,0.00,0.00,0.00,0.00,0.00,0.00,0.00,0.00,0.00,0.00,0.00,0.00,0.00,0.00,0
2.09317,-1,14,231,0,DRIVE [ 68 ] [ 1 ] [ 1821 1779 1895 ] [    0    0    0 ] [      0      0      0 ] [ 0 ],drive [ 68 ] [ 0 ] [ 1811 1798 1895 ] [   38   19   20 ] [  10885   1246   9155 ] [ 0 ],1.10,1.10,1.10,1.10,-1.60,14.90,0.00,0.00,0.00,0.00,0.00,0.00,0.00,0.00,0.00,0.00,0.00,0.00,0.00,0.00,0.00,0
2.10459,-3,14,229,0,DRIVE [ 69 ] [ 1 ] [ 1827 1758 1895 ] [    0    0    0 ] [      0      0      0 ] [ 0 ],drive [ 68 ] [ 0 ] [ 1821 1779 1895 ] [   38   19   20 ] [  10885   1246   9155 ] [ 0 ],1.10,1.10,1.10,1.10,-3.66,15.63,0.00,0.00,0.00,0.00,0.00,0.00,0.00,0.00,0.00,0.00,0.00,0.00,0.00,0.00,0.00,0
2.11596,-5,15,227,0,DRIVE [ 69 ] [ 1 ] [ 1831 1733 1895 ] [    0    0    0 ] [      0      0      0 ] [ 0 ],drive [ 69 ] [ 0 ] [ 1827 1758 1895 ] [   29   25   17 ] [  10885   1246   9155 ] [ 0 ],1.10,1.10,1.10,1.10,-5.67,16.58,0.00,0.00,0.00,0.00,0.00,0.00,0.00,0.00,0.00,0.00,0.00,0.00,0.00,0.00,0.00,0
2.12711,-7,16,226,0,DRIVE [ 70 ] [ 1 ] [ 1833 1707 1895 ] [    0    0    0 ] [      0      0      0 ] [ 0 ],drive [ 69 ] [ 0 ] [ 1831 1733 1895 ] [   29   25   17 ] [  10885   1246   9155 ] [ 0 ],1.10,1.10,1.10,1.10,-7.65,17.73,0.00,0.00,0.00,0.00,0.00,0.00,0.00,0.00,0.00,0.00,0.00,0.00,0.00,0.00,0.00,0
2.13866,-9,17,226,0,DRIVE [ 70 ] [ 1 ] [ 1835 1680 1895 ] [    0    0    0 ] [      0      0      0 ] [ 0 ],drive [ 70 ] [ 0 ] [ 1833 1707 1895 ] [   29   25   17 ] [  10885   1246   9155 ] [ 0 ],1.10,1.10,1.10,1.10,-9.56,18.96,0.00,0.00,0.00,0.00,0.00,0.00,0.00,0.00,0.00,0.00,0.00,0.00,0.00,0.00,0.00,0
2.15083,-10,18,225,0,DRIVE [ 71 ] [ 1 ] [ 1836 1655 1895 ] [    0    0    0 ] [      0      0      0 ] [ 0 ],drive [ 70 ] [ 0 ] [ 1835 1680 1895 ] [   29   25   17 ] [  10539   1247   9161 ] [ 0 ],1.10,1.10,1.10,1.10,-11.34,20.06,0.00,0.00,0.00,0.00,0.00,0.00,0.00,0.00,0.00,0.00,0.00,0.00,0.00,0.00,0.00,0
2.16185,-12,19,224,0,DRIVE [ 71 ] [ 1 ] [ 1836 1630 1895 ] [    0    0    0 ] [      0      0      0 ] [ 0 ],drive [ 71 ] [ 0 ] [ 1836 1655 1895 ] [    8   34   16 ] [  10539   1247   9161 ] [ 0 ],1.10,1.10,1.10,1.10,-13.00,21.12,0.00,0.00,0.00,0.00,0.00,0.00,0.00,0.00,0.00,0.00,0.00,0.00,0.00,0.00,0.00,0
2.17341,-13,20,223,0,DRIVE [ 72 ] [ 1 ] [ 1838 1604 1895 ] [    0    0    0 ] [      0      0      0 ] [ 0 ],drive [ 71 ] [ 0 ] [ 1836 1630 1895 ] [    8   34   16 ] [  10539   1247   9161 ] [ 0 ],1.10,1.10,1.10,1.10,-14.71,22.10,0.00,0.00,0.00,0.00,0.00,0.00,0.00,0.00,0.00,0.00,0.00,0.00,0.00,0.00,0.00,0
2.18476,-15,21,222,0,DRIVE [ 72 ] [ 1 ] [ 1840 1578 1895 ] [    0    0    0 ] [      0      0      0 ] [ 0 ],drive [ 72 ] [ 0 ] [ 1838 1604 1895 ] [    8   34   16 ] [  10539   1247   9161 ] [ 0 ],1.10,1.10,1.10,1.10,-16.55,22.95,0.00,0.00,0.00,0.00,0.00,0.00,0.00,0.00,0.00,0.00,0.00,0.00,0.00,0.00,0.00,0
2.19554,-17,22,221,0,DRIVE [ 73 ] [ 1 ] [ 1844 1549 1895 ] [    0    0    0 ] [      0      0      0 ] [ 0 ],drive [ 72 ] [ 0 ] [ 1840 1578 1895 ] [    8   34   16 ] [  10539   1261   9154 ] [ 0 ],1.10,1.10,1.10,1.10,-18.50,23.74,0.00,0.00,0.00,0.00,0.00,0.00,0.00,0.00,0.00,0.00,0.00,0.00,0.00,0.00,0.00,0
2.207,-19,22,220,0,DRIVE [ 73 ] [ 1 ] [ 1848 1517 1895 ] [    0    0    0 ] [      0      0      0 ] [ 0 ],drive [ 73 ] [ 0 ] [ 1844 1549 1895 ] [    8   34   16 ] [  10539   1261   9154 ] [ 0 ],1.10,1.10,1.10,1.10,-20.75,24.52,0.00,0.00,0.00,0.00,0.00,0.00,0.00,0.00,0.00,0.00,0.00,0.00,0.00,0.00,0.00,0
2.21831,-21,23,220,0,DRIVE [ 74 ] [ 1 ] [ 1854 1482 1895 ] [    0    0    0 ] [      0      0      0 ] [ 0 ],drive [ 73 ] [ 0 ] [ 1848 1517 1895 ] [    7   53   19 ] [  10539   1261   9154 ] [ 0 ],1.10,1.10,1.10,1.10,-23.24,25.30,0.00,0.00,0.00,0.00,0.00,0.00,0.00,0.00,0.00,0.00,0.00,0.00,0.00,0.00,0.00,0
2.22946,-23,23,219,0,DRIVE [ 74 ] [ 1 ] [ 1861 1446 1895 ] [    0    0    0 ] [      0      0      0 ] [ 0 ],drive [ 74 ] [ 0 ] [ 1854 1482 1895 ] [    7   53   19 ] [  10539   1261   9154 ] [ 0 ],1.10,1.10,1.10,1.10,-25.69,25.80,0.00,0.00,0.00,0.00,0.00,0.00,0.00,0.00,0.00,0.00,0.00,0.00,0.00,0.00,0.00,0
2.24093,-26,24,217,0,DRIVE [ 75 ] [ 1 ] [ 1867 1407 1895 ] [    0    0    0 ] [      0      0      0 ] [ 0 ],drive [ 74 ] [ 0 ] [ 1861 1446 1895 ] [    7   53   19 ] [  10539   1261   9154 ] [ 0 ],1.10,1.10,1.10,1.10,-28.16,26.34,0.00,0.00,0.00,0.00,0.00,0.00,0.00,0.00,0.00,0.00,0.00,0.00,0.00,0.00,0.00,0
2.2521,-28,24,216,0,DRIVE [ 75 ] [ 1 ] [ 1874 1369 1895 ] [    0    0    0 ] [      0      0      0 ] [ 0 ],drive [ 75 ] [ 0 ] [ 1867 1407 1895 ] [    7   53   19 ] [  10538   1370   9147 ] [ 0 ],1.10,1.10,1.10,1.10,-30.60,26.82,0.00,0.00,0.00,0.00,0.00,0.00,0.00,0.00,0.00,0.00,0.00,0.00,0.00,0.00,0.00,0
2.26312,-30,25,215,0,DRIVE [ 76 ] [ 1 ] [ 1881 1332 1895 ] [    0    0    0 ] [      0      0      0 ] [ 0 ],drive [ 75 ] [ 0 ] [ 1874 1369 1895 ] [    8   59   27 ] [  10538   1370   9147 ] [ 0 ],1.10,1.10,1.10,1.10,-33.03,27.31,0.00,0.00,0.00,0.00,0.00,0.00,0.00,0.00,0.00,0.00,0.00,0.00,0.00,0.00,0.00,0
2.27455,-32,25,214,0,DRIVE [ 76 ] [ 1 ] [ 1888 1296 1895 ] [    0    0    0 ] [      0      0      0 ] [ 0 ],drive [ 76 ] [ 0 ] [ 1881 1332 1895 ] [    8   59   27 ] [  10538   1370   9147 ] [ 0 ],1.10,1.10,1.10,1.10,-35.25,27.66,0.00,0.00,0.00,0.00,0.00,0.00,0.00,0.00,0.00,0.00,0.00,0.00,0.00,0.00,0.00,0
2.28586,-34,25,213,0,DRIVE [ 77 ] [ 1 ] [ 1895 1264 1895 ] [    0    0    0 ] [      0      0      0 ] [ 0 ],drive [ 76 ] [ 0 ] [ 1888 1296 1895 ] [    8   59   27 ] [  10538   1370   9147 ] [ 0 ],1.10,1.10,1.10,1.10,-37.19,27.84,0.00,0.00,0.00,0.00,0.00,0.00,0.00,0.00,0.00,0.00,0.00,0.00,0.00,0.00,0.00,0
2.29679,-35,25,211,0,DRIVE [ 77 ] [ 1 ] [ 1902 1236 1895 ] [    0    0    0 ] [      0      0      0 ] [ 0 ],drive [ 77 ] [ 0 ] [ 1895 1264 1895 ] [    8   59   27 ] [  10441   1772   9031 ] [ 0 ],1.10,1.10,1.10,1.10,-38.81,27.83,0.00,0.00,0.00,0.00,0.00,0.00,0.00,0.00,0.00,0.00,0.00,0.00,0.00,0.00,0.00,0
2.30812,-36,25,210,0,DRIVE [ 78 ] [ 1 ] [ 1902 1218 1903 ] [    0    0    0 ] [      0      0      0 ] [ 0 ],drive [ 77 ] [ 0 ] [ 1902 1236 1895 ] [   20   65   26 ] [  10441   1772   9031 ] [ 0 ],1.10,1.10,1.10,1.10,-40.14,27.69,0.00,0.00,0.00,0.00,0.00,0.00,0.00,0.00,0.00,0.00,0.00,0.00,0.00,0.00,0.00,0
2.31921,-38,25,210,0,DRIVE [ 78 ] [ 1 ] [ 1902 1213 1897 ] [    0    0    0 ] [      0      0      0 ] [ 0 ],drive [ 78 ] [ 0 ] [ 1902 1218 1903 ] [   20   65   26 ] [  10441   1772   9031 ] [ 0 ],1.10,1.10,1.10,1.10,-41.31,27.41,0.00,0.00,0.00,0.00,0.00,0.00,0.00,0.00,0.00,0.00,0.00,0.00,0.00,0.00,0.00,0
2.33023,-38,25,209,0,DRIVE [ 79 ] [ 1 ] [ 1902 1210 1893 ] [    0    0    0 ] [      0      0      0 ] [ 0 ],drive [ 78 ] [ 0 ] [ 1902 1213 1897 ] [   20   65   26 ] [  10441   1772   9031 ] [ 0 ],1.10,1.10,1.10,1.10,-42.03,27.01,0.00,0.00,0.00,0.00,0.00,-0.00,0.00,0.00,0.00,0.00,0.00,0.00,0.00,0.00,0.00,0
2.34165,-39,24,208,0,DRIVE [ 79 ] [ 1 ] [ 1902 1207 1889 ] [    0    0    0 ] [      0      0      0 ] [ 0 ],drive [ 79 ] [ 0 ] [ 1902 1210 1893 ] [   20   65   26 ] [  10441   1772   9031 ] [ 0 ],1.10,1.10,1.10,1.10,-42.57,26.67,0.00,0.00,0.00,0.00,0.00,-0.00,0.00,0.00,0.00,0.00,0.00,0.00,0.00,0.00,0.00,0
2.35295,-39,24,207,0,DRIVE [ 80 ] [ 1 ] [ 1902 1204 1886 ] [    0    0    0 ] [      0      0      0 ] [ 0 ],drive [ 79 ] [ 0 ] [ 1902 1207 1889 ] [   20   65   26 ] [  10275   2195   9021 ] [ 0 ],1.10,1.10,1.10,1.10,-42.86,26.44,0.00,0.00,0.00,0.00,0.00,-0.00,0.00,0.00,0.00,0.00,0.00,0.00,0.00,0.00,0.00,0
2.36366,-39,24,206,0,DRIVE [ 80 ] [ 1 ] [ 1902 1201 1885 ] [    0    0    0 ] [      0      0      0 ] [ 0 ],drive [ 80 ] [ 0 ] [ 1902 1204 1886 ] [    3   87   26 ] [  10275   2195   9021 ] [ 0 ],1.10,1.10,1.10,1.10,-43.02,26.37,0.00,0.00,0.00,0.00,0.00,-0.00,0.00,0.00,0.00,0.00,0.00,0.00,0.00,0.00,0.00,0
2.37507,-39,24,206,0,DRIVE [ 81 ] [ 1 ] [ 1902 1198 1885 ] [    0    0    0 ] [      0      0      0 ] [ 0 ],drive [ 80 ] [ 0 ] [ 1902 1201 1885 ] [    3   87   26 ] [  10275   2195   9021 ] [ 0 ],1.10,1.10,1.10,1.10,-43.15,26.45,0.00,0.00,0.00,0.00,0.00,-0.00,0.00,0.00,0.00,0.00,0.00,0.00,0.00,0.00,0.00,0
2.38628,-39,24,205,0,DRIVE [ 81 ] [ 1 ] [ 1902 1193 1886 ] [    0    0    0 ] [      0      0      0 ] [ 0 ],drive [ 81 ] [ 0 ] [ 1902 1198 1885 ] [    3   87   26 ] [  10275   2195   9021 ] [ 0 ],1.10,1.10,1.10,1.10,-43.21,26.63,0.00,0.00,0.00,0.00,0.00,-0.00,0.00,0.00,0.00,0.00,0.00,0.00,0.00,0.00,0.00,0
2.39725,-39,25,205,0,DRIVE [ 82 ] [ 1 ] [ 1902 1185 1887 ] [    0    0    0 ] [      0      0      0 ] [ 0 ],drive [ 81 ] [ 0 ] [ 1902 1193 1886 ] [    3   87   26 ] [  10166   2351   9024 ] [ 0 ],1.10,1.10,1.10,1.10,-43.41,26.96,0.00,0.00,0.00,0.00,0.00,-0.00,0.00,0.00,0.00,0.00,0.00,0.00,0.00,0.00,0.00,0
2.40875,-40,25,203,0,DRIVE [ 82 ] [ 1 ] [ 1902 1176 1888 ] [    0    0    0 ] [      0      0      0 ] [ 0 ],drive [ 82 ] [ 0 ] [ 1902 1185 1887 ] [   14   69   26 ] [  10166   2351   9024 ] [ 0 ],1.10,1.10,1.10,1.10,-43.57,27.24,0.00,0.00,0.00,0.00,0.00,-0.00,0.00,0.00,0.00,0.00,0.00,0.00,0.00,0.00,0.00,0
2.41979,-40,25,202,0,DRIVE [ 83 ] [ 1 ] [ 1902 1164 1888 ] [    0    0    0 ] [      0      0      0 ] [ 0 ],drive [ 82 ] [ 0 ] [ 1902 1176 1888 ] [   14   69   26 ] [  10166   2351   9024 ] [ 0 ],1.10,1.10,1.10,1.10,-44.07,27.61,0.00,0.00,0.00,0.00,0.00,-0.00,0.00,0.00,0.00,0.00,0.00,0.00,0.00,0.00,0.00,0
2.43213,-41,25,201,0,DRIVE [ 83 ] [ 1 ] [ 1902 1149 1887 ] [    0    0    0 ] [      0      0      0 ] [ 0 ],drive [ 83 ] [ 0 ] [ 1902 1164 1888 ] [   14   69   26 ] [  10166   2351   9024 ] [ 0 ],1.10,1.10,1.10,1.10,-44.75,27.99,0.00,0.00,0.00,0.00,0.00,-0.00,0.00,0.00,0.00,0.00,0.00,0.00,0.00,0.00,0.00,0
2.44309,-41,26,200,0,DRIVE [ 84 ] [ 1 ] [ 1902 1134 1886 ] [    0    0    0 ] [      0      0      0 ] [ 0 ],drive [ 83 ] [ 0 ] [ 1902 1149 1887 ] [   14   69   26 ] [  10164   2460   9005 ] [ 0 ],1.10,1.10,1.10,1.10,-45.63,28.39,0.00,0.00,0.00,0.00,0.00,-0.00,0.00,0.00,0.00,0.00,0.00,0.00,0.00,0.00,0.00,0
2.45439,-42,26,199,0,DRIVE [ 84 ] [ 1 ] [ 1902 1119 1884 ] [    0    0    0 ] [      0      0      0 ] [ 0 ],drive [ 84 ] [ 0 ] [ 1902 1134 1886 ] [   14   69   26 ] [  10164   2460   9005 ] [ 0 ],1.10,1.10,1.10,1.10,-46.48,28.72,0.00,0.00,0.00,0.00,0.00,-0.00,0.00,0.00,0.00,0.00,0.00,0.00,0.00,0.00,0.00,0
2.46514,-43,26,197,0,DRIVE [ 85 ] [ 1 ] [ 1902 1105 1883 ] [    0    0    0 ] [      0      0      0 ] [ 0 ],drive [ 84 ] [ 0 ] [ 1902 1119 1884 ] [   15   86    5 ] [  10164   2460   9005 ] [ 0 ],1.10,1.10,1.10,1.10,-47.19,28.95,0.00,0.00,0.00,0.00,0.00,-0.00,0.00,0.00,0.00,0.00,0.00,0.00,0.00,0.00,0.00,0
2.47644,-43,26,196,0,DRIVE [ 85 ] [ 1 ] [ 1902 1095 1881 ] [    0    0    0 ] [      0      0      0 ] [ 0 ],drive [ 85 ] [ 0 ] [ 1902 1105 1883 ] [   15   86    5 ] [  10164   2460   9005 ] [ 0 ],1.10,1.10,1.10,1.10,-47.83,29.04,0.00,0.00,0.00,0.00,0.00,-0.00,0.00,0.00,0.00,0.00,0.00,0.00,0.00,0.00,0.00,0
2.48755,-44,26,195,0,DRIVE [ 86 ] [ 1 ] [ 1902 1090 1878 ] [    0    0    0 ] [      0      0      0 ] [ 0 ],drive [ 85 ] [ 0 ] [ 1902 1095 1881 ] [   15   86    5 ] [  10164   2460   9005 ] [ 0 ],1.10,1.10,1.10,1.10,-48.21,28.89,0.00,0.00,0.00,0.00,0.00,-0.00,0.00,0.00,0.00,0.00,0.00,0.00,0.00,0.00,0.00,0
2.49872,-44,26,194,0,DRIVE [ 86 ] [ 1 ] [ 1902 1088 1876 ] [    0    0    0 ] [      0      0      0 ] [ 0 ],drive [ 86 ] [ 0 ] [ 1902 1090 1878 ] [   15   86    5 ] [  10131   2749   8904 ] [ 0 ],1.10,1.10,1.10,1.10,-48.38,28.60,0.00,0.00,0.00,0.00,0.00,-0.00,0.00,0.00,0.00,0.00,0.00,0.00,0.00,0.00,0.00,0
2.50934,-44,26,193,0,DRIVE [ 87 ] [ 1 ] [ 1902 1091 1873 ] [    0    0    0 ] [      0      0      0 ] [ 0 ],drive [ 86 ] [ 0 ] [ 1902 1088 1876 ] [   23   80   26 ] [  10131   2749   8904 ] [ 0 ],1.10,1.10,1.10,1.10,-48.31,28.09,0.00,0.00,0.00,0.00,0.00,-0.00,0.00,0.00,0.00,0.00,0.00,0.00,0.00,0.00,0.00,0
2.52055,-44,25,192,0,DRIVE [ 87 ] [ 1 ] [ 1902 1096 1871 ] [    0    0    0 ] [      0      0      0 ] [ 0 ],drive [ 87 ] [ 0 ] [ 1902 1091 1873 ] [   23   80   26 ] [  10131   2749   8904 ] [ 0 ],1.10,1.10,1.10,1.10,-48.12,27.53,0.00,0.00,0.00,0.00,0.00,-0.00,0.00,0.00,0.00,0.00,0.00,0.00,0.00,0.00,0.00,0
2.53115,-44,24,192,0,DRIVE [ 88 ] [ 1 ] [ 1902 1104 1868 ] [    0    0    0 ] [      0      0      0 ] [ 0 ],drive [ 87 ] [ 0 ] [ 1902 1096 1871 ] [   23   80   26 ] [  10131   2749   8904 ] [ 0 ],1.10,1.10,1.10,1.10,-47.88,26.93,0.00,0.00,0.00,0.00,0.00,-0.00,0.00,0.00,0.00,0.00,0.00,0.00,0.00,0.00,0.00,0
2.54246,-43,24,191,0,DRIVE [ 88 ] [ 1 ] [ 1902 1112 1866 ] [    0    0    0 ] [      0      0      0 ] [ 0 ],drive [ 88 ] [ 0 ] [ 1902 1104 1868 ] [   23   80   26 ] [  10131   2749   8904 ] [ 0 ],1.10,1.10,1.10,1.10,-47.60,26.35,0.00,0.00,0.00,0.00,0.00,-0.00,0.00,0.00,0.00,0.00,0.00,0.00,0.00,0.00,0.00,0
2.55348,-43,23,191,0,DRIVE [ 89 ] [ 1 ] [ 1902 1118 1864 ] [    0    0    0 ] [      0      0      0 ] [ 0 ],drive [ 88 ] [ 0 ] [ 1902 1112 1866 ] [   23   80   26 ] [  10129   2830   8886 ] [ 0 ],1.10,1.10,1.10,1.10,-47.25,25.83,0.00,0.00,0.00,0.00,0.00,-0.00,0.00,0.00,0.00,0.00,0.00,0.00,0.00,0.00,0.00,0
2.56501,-43,23,190,0,DRIVE [ 89 ] [ 1 ] [ 1902 1124 1863 ] [    0    0    0 ] [      0      0      0 ] [ 0 ],drive [ 89 ] [ 0 ] [ 1902 1118 1864 ] [   21   80   25 ] [  10129   2830   8886 ] [ 0 ],1.10,1.10,1.10,1.10,-46.95,25.41,0.00,0.00,0.00,0.00,0.00,-0.00,0.00,0.00,0.00,0.00,0.00,0.00,0.00,0.00,0.00,0
2.5757,-42,23,189,0,DRIVE [ 90 ] [ 1 ] [ 1902 1130 1862 ] [    0    0    0 ] [      0      0      0 ] [ 0 ],drive [ 89 ] [ 0 ] [ 1902 1124 1863 ] [   21   80   25 ] [  10129   2830   8886 ] [ 0 ],1.10,1.10,1.10,1.10,-46.46,24.94,0.00,0.00,0.00,0.00,0.00,-0.00,0.00,0.00,0.00,0.00,0.00,0.00,0.00,0.00,0.00,0
2.58654,-42,22,188,0,DRIVE [ 90 ] [ 1 ] [ 1902 1136 1861 ] [    0    0    0 ] [      0      0      0 ] [ 0 ],drive [ 90 ] [ 0 ] [ 1902 1130 1862 ] [   21   80   25 ] [  10129   2830   8886 ] [ 0 ],1.10,1.10,1.10,1.10,-46.00,24.60,0.00,0.00,0.00,0.00,0.00,-0.00,0.00,0.00,0.00,0.00,0.00,0.00,0.00,0.00,0.00,0
2.59702,-41,22,187,0,DRIVE [ 91 ] [ 1 ] [ 1902 1142 1862 ] [    0    0    0 ] [      0      0      0 ] [ 0 ],drive [ 90 ] [ 0 ] [ 1902 1136 1861 ] [   21   80   25 ] [  10128   2835   8884 ] [ 0 ],1.10,1.10,1.10,1.10,-45.28,24.20,0.00,0.00,0.00,0.00,0.00,-0.00,0.00,0.00,0.00,0.00,0.00,0.00,0.00,0.00,0.00,0
2.60822,-40,22,186,0,DRIVE [ 91 ] [ 1 ] [ 1902 1150 1862 ] [    0    0    0 ] [      0      0      0 ] [ 0 ],drive [ 91 ] [ 0 ] [ 1902 1142 1862 ] [   22   85   17 ] [  10128   2835   8884 ] [ 0 ],1.10,1.10,1.10,1.10,-44.49,23.78,0.00,0.00,0.00,0.00,0.00,-0.00,0.00,0.00,0.00,0.00,0.00,0.00,0.00,0.00,0.00,0
2.61911,-40,21,185,0,DRIVE [ 92 ] [ 1 ] [ 1902 1160 1863 ] [    0    0    0 ] [      0      0      0 ] [ 0 ],drive [ 91 ] [ 0 ] [ 1902 1150 1862 ] [   22   85   17 ] [  10128   2835   8884 ] [ 0 ],1.10,1.10,1.10,1.10,-43.70,23.34,0.00,0.00,0.00,0.00,0.00,-0.00,0.00,0.00,0.00,0.00,0.00,0.00,0.00,0.00,0.00,0
2.62963,-39,21,184,0,DRIVE [ 92 ] [ 1 ] [ 1902 1172 1863 ] [    0    0    0 ] [      0      0      0 ] [ 0 ],drive [ 92 ] [ 0 ] [ 1902 1160 1863 ] [   22   85   17 ] [  10128   2835   8884 ] [ 0 ],1.10,1.10,1.10,1.10,-42.73,22.71,0.00,0.00,0.00,0.00,0.00,-0.00,0.00,0.00,0.00,0.00,0.00,0.00,0.00,0.00,0.00,0
2.64062,-38,20,183,0,DRIVE [ 93 ] [ 1 ] [ 1902 1185 1862 ] [    0    0    0 ] [      0      0      0 ] [ 0 ],drive [ 92 ] [ 0 ] [ 1902 1172 1863 ] [   22   85   17 ] [  10128   2835   8884 ] [ 0 ],1.10,1.10,1.10,1.10,-41.79,22.04,0.00,0.00,0.00,0.00,0.00,-0.00,0.00,0.00,0.00,0.00,0.00,0.00,0.00,0.00,0.00,0
2.65138,-37,19,182,0,DRIVE [ 93 ] [ 1 ] [ 1902 1200 1862 ] [    0    0    0 ] [      0      0      0 ] [ 0 ],drive [ 93 ] [ 0 ] [ 1902 1185 1862 ] [   22   85   17 ] [  10129   2941   8844 ] [ 0 ],1.10,1.10,1.10,1.10,-40.88,21.34,0.00,0.00,0.00,0.00,0.00,-0.00,0.00,0.00,0.00,0.00,0.00,0.00,0.00,0.00,0.00,0
2.66177,-36,19,181,0,DRIVE [ 94 ] [ 1 ] [ 1902 1217 1861 ] [    0    0    0 ] [      0      0      0 ] [ 0 ],drive [ 93 ] [ 0 ] [ 1902 1200 1862 ] [   23   82    8 ] [  10129   2941   8844 ] [ 0 ],1.10,1.10,1.10,1.10,-39.77,20.53,0.00,0.00,0.00,0.00,0.00,-0.00,0.00,0.00,0.00,0.00,0.00,0.00,0.00,-0.00,0.00,0
2.67264,-35,18,180,0,DRIVE [ 94 ] [ 1 ] [ 1902 1238 1861 ] [    0    0    0 ] [      0      0      0 ] [ 0 ],drive [ 94 ] [ 0 ] [ 1902 1217 1861 ] [   23   82    8 ] [  10129   2941   8844 ] [ 0 ],1.10,1.10,1.10,1.10,-38.41,19.56,0.00,0.00,0.00,0.00,0.00,-0.00,0.00,0.00,0.00,0.00,0.00,0.00,0.00,-0.00,0.00,0
2.68337,-34,17,179,0,DRIVE [ 95 ] [ 1 ] [ 1902 1260 1860 ] [    0    0    0 ] [      0      0      0 ] [ 0 ],drive [ 94 ] [ 0 ] [ 1902 1238 1861 ] [   23   82    8 ] [  10129   2941   8844 ] [ 0 ],1.10,1.10,1.10,1.10,-37.08,18.60,0.00,0.00,0.00,0.00,0.00,-0.00,0.00,0.00,0.00,0.00,0.00,0.00,0.00,-0.00,0.00,0
2.69362,-32,16,177,0,DRIVE [ 95 ] [ 1 ] [ 1902 1282 1860 ] [    0    0    0 ] [      0      0      0 ] [ 0 ],drive [ 95 ] [ 0 ] [ 1902 1260 1860 ] [   23   82    8 ] [  10130   2961   8835 ] [ 0 ],1.10,1.10,1.10,1.10,-35.62,17.66,0.00,0.00,0.00,0.00,0.00,-0.00,0.00,0.00,0.00,0.00,0.00,0.00,0.00,-0.00,0.00,0
2.70421,-31,15,176,0,DRIVE [ 96 ] [ 1 ] [ 1902 1304 1861 ] [    0    0    0 ] [      0      0      0 ] [ 0 ],drive [ 95 ] [ 0 ] [ 1902 1282 1860 ] [   23   82    8 ] [  10130   2961   8835 ] [ 0 ],1.10,1.10,1.10,1.10,-34.17,16.74,0.00,0.00,0.00,0.00,0.00,-0.00,0.00,0.00,0.00,0.00,0.00,0.00,0.00,-0.00,0.00,0
2.71475,-30,14,175,0,DRIVE [ 96 ] [ 1 ] [ 1902 1326 1861 ] [    0    0    0 ] [      0      0      0 ] [ 0 ],drive [ 96 ] [ 0 ] [ 1902 1304 1861 ] [   23   80    7 ] [  10130   2961   8835 ] [ 0 ],1.10,1.10,1.10,1.10,-32.86,15.86,0.00,0.00,0.00,0.00,0.00,-0.00,0.00,0.00,0.00,0.00,0.00,0.00,0.00,-0.00,0.00,0
2.72473,-29,14,174,0,DRIVE [ 97 ] [ 1 ] [ 1902 1348 1861 ] [    0    0    0 ] [      0      0      0 ] [ 0 ],drive [ 96 ] [ 0 ] [ 1902 1326 1861 ] [   23   80    7 ] [  10130   2961   8835 ] [ 0 ],1.10,1.10,1.10,1.10,-31.51,14.98,0.00,0.00,0.00,0.00,0.00,-0.00,0.00,0.00,0.00,0.00,0.00,0.00,0.00,-0.00,0.00,0
2.73502,-28,13,173,0,DRIVE [ 97 ] [ 1 ] [ 1902 1371 1860 ] [    0    0    0 ] [      0      0      0 ] [ 0 ],drive [ 97 ] [ 0 ] [ 1902 1348 1861 ] [   23   80    7 ] [  10130   2961   8835 ] [ 0 ],1.10,1.10,1.10,1.10,-30.27,14.08,0.00,0.00,0.00,0.00,0.00,-0.00,0.00,0.00,0.00,0.00,0.00,0.00,0.00,-0.00,0.00,0
2.74571,-26,12,172,0,DRIVE [ 98 ] [ 1 ] [ 1902 1393 1860 ] [    0    0    0 ] [      0      0      0 ] [ 0 ],drive [ 97 ] [ 0 ] [ 1902 1371 1860 ] [   23   80    7 ] [  10130   2959   8836 ] [ 0 ],1.10,1.10,1.10,1.10,-28.99,13.20,0.00,0.00,0.00,0.00,0.00,-0.00,0.00,0.00,0.00,0.00,0.00,0.00,0.00,-0.00,0.00,0
2.75616,-25,11,171,0,DRIVE [ 98 ] [ 1 ] [ 1902 1415 1859 ] [    0    0    0 ] [      0      0      0 ] [ 0 ],drive [ 98 ] [ 0 ] [ 1902 1393 1860 ] [   23   80    7 ] [  10130   2959   8836 ] [ 0 ],1.10,1.10,1.10,1.10,-27.72,12.31,0.00,0.00,0.00,0.00,0.00,-0.00,0.00,0.00,0.00,0.00,0.00,0.00,0.00,-0.00,0.00,0
2.76667,-24,10,170,0,DRIVE [ 99 ] [ 1 ] [ 1902 1438 1859 ] [    0    0    0 ] [      0      0      0 ] [ 0 ],drive [ 98 ] [ 0 ] [ 1902 1415 1859 ] [   23   68    7 ] [  10130   2959   8836 ] [ 0 ],1.10,1.10,1.10,1.10,-26.46,11.39,0.00,0.00,0.00,0.00,0.00,-0.00,0.00,0.00,0.00,0.00,0.00,0.00,0.00,-0.00,0.00,0
2.77687,-23,10,169,0,DRIVE [ 99 ] [ 1 ] [ 1902 1461 1859 ] [    0    0    0 ] [      0      0      0 ] [ 0 ],drive [ 99 ] [ 0 ] [ 1902 1438 1859 ] [   23   68    7 ] [  10130   2959   8836 ] [ 0 ],1.10,1.10,1.10,1.10,-25.19,10.50,0.00,0.00,0.00,0.00,0.00,-0.00,0.00,0.00,0.00,0.00,0.00,0.00,0.00,-0.00,0.00,0
2.78733,-22,9,167,0,DRIVE [ 00 ] [ 1 ] [ 1902 1484 1859 ] [    0    0    0 ] [      0      0      0 ] [ 0 ],drive [ 99 ] [ 0 ] [ 1902 1461 1859 ] [   23   68    7 ] [  10130   2959   8836 ] [ 0 ],1.10,1.10,1.10,1.10,-23.86,9.63,0.00,0.00,0.00,0.00,0.00,-0.00,0.00,0.00,0.00,0.00,0.00,0.00,0.00,-0.00,0.00,0
2.79766,-20,8,166,0,DRIVE [ 00 ] [ 1 ] [ 1902 1508 1859 ] [    0    0    0 ] [      0      0      0 ] [ 0 ],drive [ 00 ] [ 0 ] [ 1902 1484 1859 ] [   23   68    7 ] [  10130   2955   8835 ] [ 0 ],1.10,1.10,1.10,1.10,-22.53,8.83,0.00,0.00,0.00,0.00,0.00,-0.00,0.00,0.00,0.00,0.00,0.00,0.00,0.00,-0.00,0.00,0
2.80851,-19,7,166,0,DRIVE [ 01 ] [ 1 ] [ 1902 1531 1860 ] [    0    0    0 ] [      0      0      0 ] [ 0 ],drive [ 00 ] [ 0 ] [ 1902 1508 1859 ] [   22   53    8 ] [  10130   2955   8835 ] [ 0 ],1.10,1.10,1.10,1.10,-21.17,8.05,0.00,0.00,0.00,0.00,0.00,-0.00,0.00,0.00,0.00,0.00,0.00,0.00,0.00,-0.00,0.00,0
2.81909,-18,7,164,0,DRIVE [ 01 ] [ 1 ] [ 1902 1555 1861 ] [    0    0    0 ] [      0      0      0 ] [ 0 ],drive [ 01 ] [ 0 ] [ 1902 1531 1860 ] [   22   53    8 ] [  10130   2955   8835 ] [ 0 ],1.10,1.10,1.10,1.10,-19.74,7.33,0.00,0.00,0.00,0.00,0.00,-0.00,0.00,0.00,0.00,0.00,0.00,0.00,0.00,-0.00,0.00,0
2.82931,-17,6,163,0,DRIVE [ 02 ] [ 1 ] [ 1902 1579 1864 ] [    0    0    0 ] [      0      0      0 ] [ 0 ],drive [ 01 ] [ 0 ] [ 1902 1555 1861 ] [   22   53    8 ] [  10130   2955   8835 ] [ 0 ],1.10,1.10,1.10,1.10,-18.23,6.64,0.00,0.00,0.00,0.00,0.00,-0.00,0.00,0.00,0.00,0.00,0.00,0.00,0.00,-0.00,0.00,0
2.84011,-15,6,162,0,DRIVE [ 02 ] [ 1 ] [ 1902 1602 1866 ] [    0    0    0 ] [      0      0      0 ] [ 0 ],drive [ 02 ] [ 0 ] [ 1902 1579 1864 ] [   22   53    8 ] [  10130   2955   8835 ] [ 0 ],1.10,1.10,1.10,1.10,-16.82,6.07,0.00,0.00,0.00,0.00,0.00,-0.00,0.00,0.00,0.00,0.00,0.00,0.00,0.00,-0.00,0.00,0
2.85037,-14,5,161,0,DRIVE [ 03 ] [ 1 ] [ 1902 1625 1869 ] [    0    0    0 ] [      0      0      0 ] [ 0 ],drive [ 02 ] [ 0 ] [ 1902 1602 1866 ] [   22   53    8 ] [  10129   2945   8836 ] [ 0 ],1.10,1.10,1.10,1.10,-15.35,5.54,0.00,0.00,0.00,0.00,0.00,-0.00,0.00,0.00,0.00,0.00,0.00,0.00,0.00,-0.00,0.00,0
2.86034,-13,5,160,0,DRIVE [ 03 ] [ 1 ] [ 1902 1647 1873 ] [    0    0    0 ] [      0      0      0 ] [ 0 ],drive [ 03 ] [ 0 ] [ 1902 1625 1869 ] [   22   29    6 ] [  10129   2945   8836 ] [ 0 ],1.10,1.10,1.10,1.10,-13.91,5.06,0.00,0.00,0.00,0.00,0.00,-0.00,0.00,0.00,0.00,0.00,0.00,0.00,0.00,-0.00,0.00,0
2.871,-11,4,159,0,DRIVE [ 04 ] [ 1 ] [ 1902 1669 1876 ] [    0    0    0 ] [      0      0      0 ] [ 0 ],drive [ 03 ] [ 0 ] [ 1902 1647 1873 ] [   22   29    6 ] [  10129   2945   8836 ] [ 0 ],1.10,1.10,1.10,1.10,-12.46,4.61,0.00,0.00,0.00,0.00,0.00,-0.00,0.00,0.00,0.00,0.00,0.00,0.00,0.00,-0.00,0.00,0
2.88097,-10,4,158,0,DRIVE [ 04 ] [ 1 ] [ 1902 1691 1879 ] [    0    0    0 ] [      0      0      0 ] [ 0 ],drive [ 04 ] [ 0 ] [ 1902 1669 1876 ] [   22   29    6 ] [  10129   2945   8836 ] [ 0 ],1.10,1.10,1.10,1.10,-11.10,4.10,0.00,0.00,0.00,0.00,0.00,-0.00,0.00,0.00,0.00,0.00,0.00,0.00,0.00,-0.00,0.00,0
2.89138,-9,3,156,0,DRIVE [ 05 ] [ 1 ] [ 1902 1713 1883 ] [    0    0    0 ] [      0      0      0 ] [ 0 ],drive [ 04 ] [ 0 ] [ 1902 1691 1879 ] [   22   29    6 ] [  10129   2945   8836 ] [ 0 ],1.10,1.10,1.10,1.10,-9.72,3.66,0.00,0.00,0.00,0.00,0.00,-0.00,0.00,0.00,0.00,0.00,0.00,0.00,0.00,-0.00,0.00,0
2.90156,-8,3,155,0,DRIVE [ 05 ] [ 1 ] [ 1902 1734 1886 ] [    0    0    0 ] [      0      0      0 ] [ 0 ],drive [ 05 ] [ 0 ] [ 1902 1713 1883 ] [   22   29    6 ] [  10128   2884   8833 ] [ 0 ],1.10,1.10,1.10,1.10,-8.34,3.23,0.00,0.00,0.00,0.00,0.00,-0.00,0.00,0.00,0.00,0.00,0.00,0.00,0.00,-0.00,0.00,0
2.91149,-6,3,154,0,DRIVE [ 06 ] [ 1 ] [ 1902 1755 1891 ] [    0    0    0 ] [      0      0      0 ] [ 0 ],drive [ 05 ] [ 0 ] [ 1902 1734 1886 ] [   22   34    7 ] [  10128   2884   8833 ] [ 0 ],1.10,1.10,1.10,1.10,-7.01,2.89,0.00,0.00,0.00,0.00,0.00,-0.00,0.00,0.00,0.00,0.00,0.00,0.00,0.00,-0.00,0.00,0
2.92356,-5,2,153,0,DRIVE [ 06 ] [ 1 ] [ 1902 1774 1895 ] [    0    0    0 ] [      0      0      0 ] [ 0 ],drive [ 06 ] [ 0 ] [ 1902 1755 1891 ] [   22   34    7 ] [  10128   2884   8833 ] [ 0 ],1.10,1.10,1.10,1.10,-5.73,2.61,0.00,0.00,0.00,0.00,0.00,-0.00,0.00,0.00,0.00,0.00,0.00,0.00,0.00,-0.00,0.00,0
2.93521,-4,2,152,0,DRIVE [ 07 ] [ 1 ] [ 1902 1792 1899 ] [    0    0    0 ] [      0      0      0 ] [ 0 ],drive [ 06 ] [ 0 ] [ 1902 1774 1895 ] [   22   34    7 ] [  10128   2884   8833 ] [ 0 ],1.10,1.10,1.10,1.10,-4.52,2.36,0.00,0.00,0.00,0.00,0.00,-0.00,0.00,0.00,0.00,0.00,0.00,0.00,0.00,-0.00,0.00,0
2.94559,-3,2,151,0,DRIVE [ 07 ] [ 1 ] [ 1902 1808 1903 ] [    0    0    0 ] [      0      0      0 ] [ 0 ],drive [ 07 ] [ 0 ] [ 1902 1792 1899 ] [   22   34    7 ] [  10128   2742   8832 ] [ 0 ],1.10,1.10,1.10,1.10,-3.43,2.14,0.00,0.00,0.00,0.00,0.00,-0.00,0.00,0.00,0.00,0.00,0.00,0.00,0.00,-0.00,0.00,0
2.95593,-2,2,150,0,DRIVE [ 08 ] [ 1 ] [ 1903 1824 1903 ] [    0    0    0 ] [      0      0      0 ] [ 0 ],drive [ 07 ] [ 0 ] [ 1902 1808 1903 ] [   22   34    7 ] [  10128   2742   8832 ] [ 0 ],1.10,1.10,1.10,1.10,-2.49,1.95,0.00,0.00,0.00,0.00,0.00,-0.00,0.00,0.00,0.00,0.00,0.00,0.00,0.00,-0.00,0.00,0
2.96759,-1,2,148,0,DRIVE [ 08 ] [ 1 ] [ 1900 1843 1903 ] [    0    0    0 ] [      0      0      0 ] [ 0 ],drive [ 08 ] [ 0 ] [ 1903 1824 1903 ] [   22   19    5 ] [  10128   2742   8832 ] [ 0 ],1.10,1.10,1.10,1.10,-1.62,1.76,0.00,0.00,0.00,0.00,0.00,-0.00,0.00,0.00,0.00,0.00,0.00,0.00,0.00,-0.00,0.00,0
2.97929,-1,1,147,0,DRIVE [ 09 ] [ 1 ] [ 1896 1858 1903 ] [    0    0    0 ] [      0      0      0 ] [ 0 ],drive [ 08 ] [ 0 ] [ 1900 1843 1903 ] [   22   19    5 ] [  10128   2742   8832 ] [ 0 ],1.10,1.10,1.10,1.10,-0.81,1.63,0.00,0.00,0.00,0.00,0.00,-0.00,0.00,0.00,0.00,0.00,0.00,0.00,0.00,-0.00,0.00,0
2.99166,0,1,146,0,DRIVE [ 09 ] [ 1 ] [ 1890 1868 1903 ] [    0    0    0 ] [      0      0      0 ] [ 0 ],drive [ 09 ] [ 0 ] [ 1896 1858 1903 ] [   22   19    5 ] [  10128   2742   8832 ] [ 0 ],1.10,1.10,1.10,1.10,-0.07,1.57,0.00,0.00,0.00,0.00,0.00,-0.00,0.00,0.00,0.00,0.00,0.00,0.00,0.00,-0.00,0.00,0
3.00369,1,1,145,0,DRIVE [ 10 ] [ 1 ] [ 1882 1874 1903 ] [    0    0    0 ] [      0      0      0 ] [ 0 ],drive [ 09 ] [ 0 ] [ 1890 1868 1903 ] [   22   19    5 ] [  10128   2521   8830 ] [ 0 ],1.10,1.10,1.10,1.10,0.58,1.55,0.00,0.00,0.00,0.00,0.00,-0.00,0.00,0.00,0.00,0.00,0.00,0.00,-0.00,-0.00,0.00,0
3.01336,1,1,144,0,DRIVE [ 10 ] [ 1 ] [ 1874 1877 1903 ] [    0    0    0 ] [      0      0      0 ] [ 0 ],drive [ 10 ] [ 0 ] [ 1882 1874 1903 ] [   22   26    5 ] [  10128   2521   8830 ] [ 0 ],1.10,1.10,1.10,1.10,1.04,1.58,0.00,0.00,0.00,0.00,0.00,-0.00,0.00,0.00,0.00,0.00,0.00,0.00,0.00,0.00,0.00,0
3.02376,1,2,143,0,DRIVE [ 11 ] [ 1 ] [ 1868 1878 1903 ] [    0    0    0 ] [      0      0      0 ] [ 0 ],drive [ 10 ] [ 0 ] [ 1874 1877 1903 ] [   22   26    5 ] [  10128   2521   8830 ] [ 0 ],1.10,1.10,1.10,1.10,1.32,1.66,0.00,0.00,0.00,0.00,0.00,-0.00,0.00,0.00,0.00,0.00,0.00,0.00,0.00,0.00,0.00,0
3.03556,1,2,142,0,DRIVE [ 11 ] [ 1 ] [ 1863 1879 1903 ] [    0    0    0 ] [      0      0      0 ] [ 0 ],drive [ 11 ] [ 0 ] [ 1868 1878 1903 ] [   22   26    5 ] [  10128   2521   8830 ] [ 0 ],1.10,1.10,1.10,1.10,1.53,1.77,0.00,0.00,0.00,0.00,0.00,-0.00,0.00,0.00,0.00,0.00,0.00,0.00,0.00,0.00,0.00,0
3.04746,2,2,141,0,DRIVE [ 12 ] [ 1 ] [ 1858 1879 1903 ] [    0    0    0 ] [      0      0      0 ] [ 0 ],drive [ 11 ] [ 0 ] [ 1863 1879 1903 ] [   22   26    5 ] [  10131   2132   8833 ] [ 0 ],1.10,1.10,1.10,1.10,1.71,1.87,0.00,0.00,0.00,0.00,0.00,-0.00,0.00,0.00,0.00,0.00,0.00,0.00,0.00,0.00,0.00,0
3.0599,2,2,140,0,DRIVE [ 12 ] [ 1 ] [ 1853 1880 1903 ] [    0    0    0 ] [      0      0      0 ] [ 0 ],drive [ 12 ] [ 0 ] [ 1858 1879 1903 ] [   26   13    5 ] [  10131   2132   8833 ] [ 0 ],1.10,1.10,1.10,1.10,1.94,1.89,0.00,0.00,0.00,0.00,0.00,-0.00,0.00,0.00,0.00,0.00,0.00,0.00,0.00,0.00,0.00,0
3.07242,2,2,139,0,DRIVE [ 13 ] [ 1 ] [ 1845 1883 1903 ] [    0    0    0 ] [      0      0      0 ] [ 0 ],drive [ 12 ] [ 0 ] [ 1853 1880 1903 ] [   26   13    5 ] [  10131   2132   8833 ] [ 0 ],1.10,1.10,1.10,1.10,2.32,1.78,0.00,0.00,0.00,0.00,0.00,-0.00,0.00,0.00,0.00,0.00,0.00,0.00,0.00,0.00,0.00,0
3.08372,2,1,138,0,DRIVE [ 13 ] [ 1 ] [ 1840 1883 1903 ] [    0    0    0 ] [      0      0      0 ] [ 0 ],drive [ 13 ] [ 0 ] [ 1845 1883 1903 ] [   26   13    5 ] [  10131   2132   8833 ] [ 0 ],1.10,1.10,1.10,1.10,2.73,1.61,0.00,0.00,0.00,0.00,0.00,-0.00,0.00,0.00,0.00,0.00,0.00,0.00,0.00,0.00,0.00,0
3.09334,3,1,137,0,DRIVE [ 14 ] [ 1 ] [ 1837 1883 1898 ] [    0    0    0 ] [      0      0      0 ] [ 0 ],drive [ 13 ] [ 0 ] [ 1840 1883 1903 ] [   26   13    5 ] [  10132   2085   8832 ] [ 0 ],1.10,1.10,1.10,1.10,3.23,1.39,0.00,0.00,0.00,0.00,0.00,-0.00,0.00,0.00,0.00,0.00,0.00,0.00,0.00,0.00,0.00,0
3.1035,3,1,136,0,DRIVE [ 14 ] [ 1 ] [ 1833 1883 1893 ] [    0    0    0 ] [      0      0      0 ] [ 0 ],drive [ 14 ] [ 0 ] [ 1837 1883 1898 ] [   26   13    5 ] [  10132   2085   8832 ] [ 0 ],1.10,1.10,1.10,1.10,3.74,1.13,0.00,0.00,0.00,0.00,0.00,-0.00,0.00,0.00,0.00,0.00,0.00,0.00,0.00,0.00,0.00,0
3.11549,4,1,135,0,DRIVE [ 15 ] [ 1 ] [ 1828 1883 1887 ] [    0    0    0 ] [      0      0      0 ] [ 0 ],drive [ 14 ] [ 0 ] [ 1833 1883 1893 ] [   27   24    5 ] [  10132   2085   8832 ] [ 0 ],1.10,1.10,1.10,1.10,4.34,0.83,0.00,0.00,0.00,0.00,0.00,-0.00,0.00,0.00,0.00,0.00,0.00,0.00,0.00,0.00,0.00,0
3.1275,4,0,135,0,DRIVE [ 15 ] [ 1 ] [ 1822 1883 1880 ] [    0    0    0 ] [      0      0      0 ] [ 0 ],drive [ 15 ] [ 0 ] [ 1828 1883 1887 ] [   27   24    5 ] [  10132   2085   8832 ] [ 0 ],1.10,1.10,1.10,1.10,4.91,0.54,0.00,0.00,0.00,0.00,0.00,-0.00,0.00,0.00,0.00,0.00,0.00,0.00,0.00,0.00,0.00,0
3.13764,5,0,134,0,DRIVE [ 16 ] [ 1 ] [ 1816 1883 1874 ] [    0    0    0 ] [      0      0      0 ] [ 0 ],drive [ 15 ] [ 0 ] [ 1822 1883 1880 ] [   27   24    5 ] [  10132   2085   8832 ] [ 0 ],1.10,1.10,1.10,1.10,5.50,0.26,0.00,0.00,0.00,0.00,0.00,-0.00,0.00,0.00,0.00,0.00,0.00,0.00,0.00,0.00,0.00,0
3.14716,6,0,133,0,DRIVE [ 16 ] [ 1 ] [ 1809 1883 1868 ] [    0    0    0 ] [      0      0      0 ] [ 0 ],drive [ 16 ] [ 0 ] [ 1816 1883 1874 ] [   27   24    5 ] [  10134   2070   8835 ] [ 0 ],1.10,1.10,1.10,1.10,6.06,-0.02,0.00,0.00,0.00,0.00,0.00,-0.00,0.00,0.00,0.00,0.00,0.00,0.00,0.00,0.00,0.00,0
3.15956,6,0,132,0,DRIVE [ 17 ] [ 1 ] [ 1804 1883 1863 ] [    0    0    0 ] [      0      0      0 ] [ 0 ],drive [ 16 ] [ 0 ] [ 1809 1883 1868 ] [   29   27    4 ] [  10134   2070   8835 ] [ 0 ],1.10,1.10,1.10,1.10,6.49,-0.23,0.00,0.00,0.00,0.00,0.00,-0.00,0.00,0.00,0.00,0.00,0.00,0.00,0.00,0.00,0.00,0
3.17137,6,0,131,0,DRIVE [ 17 ] [ 1 ] [ 1799 1883 1859 ] [    0    0    0 ] [      0      0      0 ] [ 0 ],drive [ 17 ] [ 0 ] [ 1804 1883 1863 ] [   29   27    4 ] [  10134   2070   8835 ] [ 0 ],1.10,1.10,1.10,1.10,6.85,-0.36,0.00,0.00,0.00,0.00,0.00,-0.00,0.00,0.00,0.00,0.00,0.00,0.00,0.00,0.00,0.00,0
3.18325,7,0,130,0,DRIVE [ 18 ] [ 1 ] [ 1793 1883 1856 ] [    0    0    0 ] [      0      0      0 ] [ 0 ],drive [ 17 ] [ 0 ] [ 1799 1883 1859 ] [   29   27    4 ] [  10134   2070   8835 ] [ 0 ],1.10,1.10,1.10,1.10,7.15,-0.39,0.00,0.00,0.00,0.00,0.00,-0.00,0.00,0.00,0.00,0.00,0.00,0.00,0.00,0.00,0.00,0
3.19496,7,0,130,0,DRIVE [ 18 ] [ 1 ] [ 1788 1883 1855 ] [    0    0    0 ] [      0      0      0 ] [ 0 ],drive [ 18 ] [ 0 ] [ 1793 1883 1856 ] [   29   27    4 ] [  10148   2047   8854 ] [ 0 ],1.10,1.10,1.10,1.10,7.38,-0.35,0.00,0.00,0.00,0.00,0.00,-0.00,0.00,0.00,0.00,0.00,0.00,0.00,0.00,0.00,0.00,0
3.20505,7,0,129,0,DRIVE [ 19 ] [ 1 ] [ 1784 1883 1854 ] [    0    0    0 ] [      0      0      0 ] [ 0 ],drive [ 18 ] [ 0 ] [ 1788 1883 1855 ] [   29   27    4 ] [  10148   2047   8854 ] [ 0 ],1.10,1.10,1.10,1.10,7.59,-0.31,0.00,0.00,0.00,0.00,0.00,-0.00,0.00,0.00,0.00,0.00,0.00,0.00,0.00,0.00,0.00,0
3.21595,7,0,128,0,DRIVE [ 19 ] [ 1 ] [ 1780 1883 1853 ] [    0    0    0 ] [      0      0      0 ] [ 0 ],drive [ 19 ] [ 0 ] [ 1784 1883 1854 ] [   29   16    7 ] [  10148   2047   8854 ] [ 0 ],1.10,1.10,1.10,1.10,7.78,-0.26,0.00,0.00,0.00,0.00,0.00,-0.00,0.00,0.00,0.00,0.00,0.00,0.00,0.00,0.00,0.00,0
3.22709,7,0,127,0,DRIVE [ 20 ] [ 1 ] [ 1775 1883 1851 ] [    0    0    0 ] [      0      0      0 ] [ 0 ],drive [ 19 ] [ 0 ] [ 1780 1883 1853 ] [   29   16    7 ] [  10148   2047   8854 ] [ 0 ],1.10,1.10,1.10,1.10,8.00,-0.21,0.00,0.00,0.00,0.00,0.00,-0.00,0.00,0.00,0.00,0.00,0.00,0.00,0.00,0.00,0.00,0
3.23936,7,0,127,0,DRIVE [ 20 ] [ 1 ] [ 1770 1883 1851 ] [    0    0    0 ] [      0      0      0 ] [ 0 ],drive [ 20 ] [ 0 ] [ 1775 1883 1851 ] [   29   16    7 ] [  10148   2047   8854 ] [ 0 ],1.10,1.10,1.10,1.10,8.21,-0.13,0.00,0.00,0.00,0.00,0.00,-0.00,0.00,0.00,0.00,0.00,0.00,0.00,0.00,0.00,0.00,0
3.25108,8,0,126,0,DRIVE [ 21 ] [ 1 ] [ 1765 1883 1850 ] [    0    0    0 ] [      0      0      0 ] [ 0 ],drive [ 20 ] [ 0 ] [ 1770 1883 1851 ] [   29   16    7 ] [  10181   2040   8854 ] [ 0 ],1.10,1.10,1.10,1.10,8.40,-0.07,0.00,0.00,0.00,0.00,0.00,-0.00,0.00,0.00,0.00,0.00,0.00,0.00,0.00,0.00,0.00,0
3.26334,8,0,125,0,DRIVE [ 21 ] [ 1 ] [ 1761 1883 1849 ] [    0    0    0 ] [      0      0      0 ] [ 0 ],drive [ 21 ] [ 0 ] [ 1765 1883 1850 ] [   18   13    7 ] [  10181   2040   8854 ] [ 0 ],1.10,1.10,1.10,1.10,8.56,0.02,0.00,0.00,0.00,0.00,0.00,-0.00,0.00,0.00,0.00,0.00,0.00,0.00,0.00,0.00,0.00,0
3.27363,8,0,125,0,DRIVE [ 22 ] [ 1 ] [ 1757 1883 1850 ] [    0    0    0 ] [      0      0      0 ] [ 0 ],drive [ 21 ] [ 0 ] [ 1761 1883 1849 ] [   18   13    7 ] [  10181   2040   8854 ] [ 0 ],1.10,1.10,1.10,1.10,8.67,0.13,0.00,0.00,0.00,0.00,0.00,-0.00,0.00,0.00,0.00,0.00,0.00,0.00,0.00,0.00,0.00,0
3.28356,8,0,124,0,DRIVE [ 22 ] [ 1 ] [ 1754 1883 1851 ] [    0    0    0 ] [      0      0      0 ] [ 0 ],drive [ 22 ] [ 0 ] [ 1757 1883 1850 ] [   18   13    7 ] [  10181   2040   8854 ] [ 0 ],1.10,1.10,1.10,1.10,8.69,0.28,0.00,0.00,0.00,0.00,0.00,-0.00,0.00,0.00,0.00,0.00,0.00,0.00,0.00,0.00,0.00,0
3.2951,8,0,123,0,DRIVE [ 23 ] [ 1 ] [ 1752 1883 1853 ] [    0    0    0 ] [      0      0      0 ] [ 0 ],drive [ 22 ] [ 0 ] [ 1754 1883 1851 ] [   18   13    7 ] [  10201   1984   8854 ] [ 0 ],1.10,1.10,1.10,1.10,8.65,0.46,0.00,0.00,0.00,0.00,0.00,-0.00,0.00,0.00,0.00,0.00,0.00,0.00,0.00,0.00,0.00,0
3.30804,8,1,123,0,DRIVE [ 23 ] [ 1 ] [ 1751 1883 1855 ] [    0    0    0 ] [      0      0      0 ] [ 0 ],drive [ 23 ] [ 0 ] [ 1752 1883 1853 ] [   18   13    7 ] [  10201   1984   8854 ] [ 0 ],1.10,1.10,1.10,1.10,8.50,0.66,0.00,0.00,0.00,0.00,0.00,-0.00,0.00,0.00,0.00,0.00,0.00,0.00,0.00,0.00,0.00,0
3.32004,7,1,122,0,DRIVE [ 24 ] [ 1 ] [ 1752 1883 1860 ] [    0    0    0 ] [      0      0      0 ] [ 0 ],drive [ 23 ] [ 0 ] [ 1751 1883 1855 ] [   22   12    7 ] [  10201   1984   8854 ] [ 0 ],1.10,1.10,1.10,1.10,8.21,0.93,0.00,0.00,0.00,0.00,0.00,-0.00,0.00,0.00,0.00,0.00,0.00,0.00,0.00,0.00,0.00,0
3.33053,7,1,121,0,DRIVE [ 24 ] [ 1 ] [ 1754 1883 1864 ] [    0    0    0 ] [      0      0      0 ] [ 0 ],drive [ 24 ] [ 0 ] [ 1752 1883 1860 ] [   22   12    7 ] [  10201   1984   8854 ] [ 0 ],1.10,1.10,1.10,1.10,7.86,1.16,0.00,0.00,0.00,0.00,0.00,-0.00,0.00,0.00,0.00,0.00,0.00,0.00,0.00,0.00,0.00,0
3.34091,7,1,121,0,DRIVE [ 25 ] [ 1 ] [ 1756 1883 1868 ] [    0    0    0 ] [      0      0      0 ] [ 0 ],drive [ 24 ] [ 0 ] [ 1754 1883 1864 ] [   22   12    7 ] [  10201   1984   8854 ] [ 0 ],1.10,1.10,1.10,1.10,7.52,1.35,0.00,0.00,0.00,0.00,0.00,-0.00,0.00,0.00,0.00,0.00,0.00,0.00,0.00,0.00,0.00,0
3.35111,7,1,120,0,DRIVE [ 25 ] [ 1 ] [ 1759 1883 1871 ] [    0    0    0 ] [      0      0      0 ] [ 0 ],drive [ 25 ] [ 0 ] [ 1756 1883 1868 ] [   22   12    7 ] [  10221   1886   8857 ] [ 0 ],1.10,1.10,1.10,1.10,7.23,1.47,0.00,0.00,0.00,0.00,0.00,-0.00,0.00,0.00,0.00,0.00,0.00,0.00,0.00,0.00,0.00,0
3.36287,6,1,119,0,DRIVE [ 26 ] [ 1 ] [ 1762 1883 1873 ] [    0    0    0 ] [      0      0      0 ] [ 0 ],drive [ 25 ] [ 0 ] [ 1759 1883 1871 ] [   19   10    6 ] [  10221   1886   8857 ] [ 0 ],1.10,1.10,1.10,1.10,7.01,1.50,0.00,0.00,0.00,0.00,0.00,-0.00,0.00,0.00,0.00,0.00,0.00,0.00,0.00,0.00,0.00,0
3.37523,6,1,119,0,DRIVE [ 26 ] [ 1 ] [ 1765 1883 1874 ] [    0    0    0 ] [      0      0      0 ] [ 0 ],drive [ 26 ] [ 0 ] [ 1762 1883 1873 ] [   19   10    6 ] [  10221   1886   8857 ] [ 0 ],1.10,1.10,1.10,1.10,6.78,1.46,0.00,0.00,0.00,0.00,0.00,-0.00,0.00,0.00,0.00,0.00,0.00,0.00,0.00,0.00,0.00,0
3.38712,6,1,118,0,DRIVE [ 27 ] [ 1 ] [ 1771 1883 1875 ] [    0    0    0 ] [      0      0      0 ] [ 0 ],drive [ 26 ] [ 0 ] [ 1765 1883 1874 ] [   19   10    6 ] [  10221   1886   8857 ] [ 0 ],1.10,1.10,1.10,1.10,6.53,1.37,0.00,0.00,0.00,0.00,0.00,-0.00,0.00,0.00,0.00,0.00,0.00,0.00,0.00,0.00,0.00,0
3.39677,6,1,118,0,DRIVE [ 27 ] [ 1 ] [ 1776 1883 1875 ] [    0    0    0 ] [      0      0      0 ] [ 0 ],drive [ 27 ] [ 0 ] [ 1771 1883 1875 ] [   19   10    6 ] [  10220   1863   8853 ] [ 0 ],1.10,1.10,1.10,1.10,6.27,1.26,0.00,0.00,0.00,0.00,0.00,-0.00,0.00,0.00,0.00,0.00,0.00,0.00,0.00,0.00,0.00,0
3.40718,5,1,117,0,DRIVE [ 28 ] [ 1 ] [ 1782 1883 1875 ] [    0    0    0 ] [      0      0      0 ] [ 0 ],drive [ 27 ] [ 0 ] [ 1776 1883 1875 ] [   18   16    5 ] [  10220   1863   8853 ] [ 0 ],1.10,1.10,1.10,1.10,6.02,1.11,0.00,0.00,0.00,0.00,0.00,-0.00,0.00,0.00,0.00,0.00,0.00,0.00,0.00,0.00,0.00,0
3.41906,5,1,117,0,DRIVE [ 28 ] [ 1 ] [ 1789 1883 1875 ] [    0    0    0 ] [      0      0      0 ] [ 0 ],drive [ 28 ] [ 0 ] [ 1782 1883 1875 ] [   18   16    5 ] [  10220   1863   8853 ] [ 0 ],1.10,1.10,1.10,1.10,5.76,0.96,0.00,0.00,0.00,0.00,0.00,-0.00,0.00,0.00,0.00,0.00,0.00,0.00,0.00,0.00,0.00,0
3.43092,5,1,116,0,DRIVE [ 29 ] [ 1 ] [ 1795 1883 1876 ] [    0    0    0 ] [      0      0      0 ] [ 0 ],drive [ 28 ] [ 0 ] [ 1789 1883 1875 ] [   18   16    5 ] [  10220   1863   8853 ] [ 0 ],1.10,1.10,1.10,1.10,5.46,0.83,0.00,0.00,0.00,0.00,0.00,-0.00,0.00,0.00,0.00,0.00,0.00,0.00,0.00,0.00,0.00,0
3.4432,5,1,115,0,DRIVE [ 29 ] [ 1 ] [ 1802 1883 1877 ] [    0    0    0 ] [      0      0      0 ] [ 0 ],drive [ 29 ] [ 0 ] [ 1795 1883 1876 ] [   18   16    5 ] [  10220   1863   8853 ] [ 0 ],1.10,1.10,1.10,1.10,5.12,0.77,0.00,0.00,0.00,0.00,0.00,-0.00,0.00,0.00,0.00,0.00,0.00,0.00,0.00,0.00,0.00,0
3.45514,4,1,115,0,DRIVE [ 30 ] [ 1 ] [ 1809 1883 1879 ] [    0    0    0 ] [      0      0      0 ] [ 0 ],drive [ 29 ] [ 0 ] [ 1802 1883 1877 ] [   18   16    5 ] [  10221   1826   8852 ] [ 0 ],1.10,1.10,1.10,1.10,4.75,0.72,0.00,0.00,0.00,0.00,0.00,-0.00,0.00,0.00,0.00,0.00,0.00,0.00,0.00,0.00,0.00,0
3.4648,4,1,114,0,DRIVE [ 30 ] [ 1 ] [ 1816 1883 1881 ] [    0    0    0 ] [      0      0      0 ] [ 0 ],drive [ 30 ] [ 0 ] [ 1809 1883 1879 ] [   16   23    4 ] [  10221   1826   8852 ] [ 0 ],1.10,1.10,1.10,1.10,4.38,0.66,0.00,0.00,0.00,0.00,0.00,-0.00,0.00,0.00,0.00,0.00,0.00,0.00,-0.00,-0.00,0.00,0
3.47538,4,1,114,0,DRIVE [ 31 ] [ 1 ] [ 1822 1883 1883 ] [    0    0    0 ] [      0      0      0 ] [ 0 ],drive [ 30 ] [ 0 ] [ 1816 1883 1881 ] [   16   23    4 ] [  10221   1826   8852 ] [ 0 ],1.10,1.10,1.10,1.10,4.04,0.60,0.00,0.00,0.00,0.00,0.00,-0.00,0.00,0.00,0.00,0.00,0.00,0.00,-0.00,-0.00,0.00,0
3.48703,3,0,113,0,DRIVE [ 31 ] [ 1 ] [ 1828 1883 1884 ] [    0    0    0 ] [      0      0      0 ] [ 0 ],drive [ 31 ] [ 0 ] [ 1822 1883 1883 ] [   16   23    4 ] [  10221   1826   8852 ] [ 0 ],1.10,1.10,1.10,1.10,3.75,0.55,0.00,0.00,0.00,0.00,0.00,-0.00,0.00,0.00,0.00,0.00,0.00,0.00,-0.00,-0.00,0.00,0
3.49899,3,0,113,0,DRIVE [ 32 ] [ 1 ] [ 1832 1883 1885 ] [    0    0    0 ] [      0      0      0 ] [ 0 ],drive [ 31 ] [ 0 ] [ 1828 1883 1884 ] [   16   23    4 ] [  10219   1825   8849 ] [ 0 ],1.10,1.10,1.10,1.10,3.53,0.52,0.00,0.00,0.00,0.00,0.00,-0.00,0.00,0.00,0.00,0.00,0.00,0.00,-0.00,-0.00,0.00,0
3.51106,3,0,112,0,DRIVE [ 32 ] [ 1 ] [ 1835 1883 1886 ] [    0    0    0 ] [      0      0      0 ] [ 0 ],drive [ 32 ] [ 0 ] [ 1832 1883 1885 ] [   13   22    2 ] [  10219   1825   8849 ] [ 0 ],1.10,1.10,1.10,1.10,3.36,0.49,0.00,0.00,0.00,0.00,0.00,-0.00,0.00,0.00,0.00,0.00,0.00,0.00,-0.00,-0.00,0.00,0
3.52102,3,0,112,0,DRIVE [ 33 ] [ 1 ] [ 1838 1883 1887 ] [    0    0    0 ] [      0      0      0 ] [ 0 ],drive [ 32 ] [ 0 ] [ 1835 1883 1886 ] [   13   22    2 ] [  10219   1825   8849 ] [ 0 ],1.10,1.10,1.10,1.10,3.22,0.49,0.00,0.00,0.00,0.00,0.00,-0.00,0.00,0.00,0.00,0.00,0.00,0.00,-0.00,-0.00,0.00,0
3.53088,3,0,111,0,DRIVE [ 33 ] [ 1 ] [ 1839 1883 1888 ] [    0    0    0 ] [      0      0      0 ] [ 0 ],drive [ 33 ] [ 0 ] [ 1838 1883 1887 ] [   13   22    2 ] [  10219   1825   8849 ] [ 0 ],1.10,1.10,1.10,1.10,3.09,0.53,0.00,0.00,0.00,0.00,0.00,-0.00,0.00,0.00,0.00,0.00,0.00,0.00,-0.00,-0.00,0.00,0
3.54317,3,1,110,0,DRIVE [ 34 ] [ 1 ] [ 1840 1883 1890 ] [    0    0    0 ] [      0      0      0 ] [ 0 ],drive [ 33 ] [ 0 ] [ 1839 1883 1888 ] [   13   22    2 ] [  10219   1825   8849 ] [ 0 ],1.10,1.10,1.10,1.10,2.98,0.59,0.00,0.00,0.00,0.00,0.00,-0.00,0.00,0.00,0.00,0.00,0.00,0.00,-0.00,-0.00,0.00,0
3.55508,3,1,110,0,DRIVE [ 34 ] [ 1 ] [ 1840 1883 1892 ] [    0    0    0 ] [      0      0      0 ] [ 0 ],drive [ 34 ] [ 0 ] [ 1840 1883 1890 ] [   13   22    2 ] [  10218   1821   8846 ] [ 0 ],1.10,1.10,1.10,1.10,2.85,0.71,0.00,0.00,0.00,0.00,0.00,-0.00,0.00,0.00,0.00,0.00,0.00,0.00,-0.00,-0.00,0.00,0
3.56707,2,1,109,0,DRIVE [ 35 ] [ 1 ] [ 1840 1883 1894 ] [    0    0    0 ] [      0      0      0 ] [ 0 ],drive [ 34 ] [ 0 ] [ 1840 1883 1892 ] [   13   19    2 ] [  10218   1821   8846 ] [ 0 ],1.10,1.10,1.10,1.10,2.70,0.83,0.00,0.00,0.00,0.00,0.00,-0.00,0.00,0.00,0.00,0.00,0.00,0.00,-0.00,-0.00,0.00,0
3.57871,2,1,108,0,DRIVE [ 35 ] [ 1 ] [ 1839 1883 1896 ] [    0    0    0 ] [      0      0      0 ] [ 0 ],drive [ 35 ] [ 0 ] [ 1840 1883 1894 ] [   13   19    2 ] [  10218   1821   8846 ] [ 0 ],1.10,1.10,1.10,1.10,2.58,0.96,0.00,0.00,0.00,0.00,0.00,-0.00,0.00,0.00,0.00,0.00,0.00,0.00,-0.00,-0.00,0.00,0
3.58927,2,1,108,0,DRIVE [ 36 ] [ 1 ] [ 1838 1883 1898 ] [    0    0    0 ] [      0      0      0 ] [ 0 ],drive [ 35 ] [ 0 ] [ 1839 1883 1896 ] [   13   19    2 ] [  10218   1821   8846 ] [ 0 ],1.10,1.10,1.10,1.10,2.50,1.07,0.00,0.00,0.00,0.00,0.00,-0.00,0.00,0.00,0.00,0.00,0.00,0.00,-0.00,-0.00,0.00,0
3.59887,2,1,107,0,DRIVE [ 36 ] [ 1 ] [ 1836 1883 1900 ] [    0    0    0 ] [      0      0      0 ] [ 0 ],drive [ 36 ] [ 0 ] [ 1838 1883 1898 ] [   13   19    2 ] [  10218   1812   8835 ] [ 0 ],1.10,1.10,1.10,1.10,2.47,1.19,0.00,0.00,0.00,0.00,0.00,-0.00,0.00,0.00,0.00,0.00,0.00,0.00,-0.00,-0.00,0.00,0
3.61105,2,1,106,0,DRIVE [ 37 ] [ 1 ] [ 1832 1883 1901 ] [    0    0    0 ] [      0      0      0 ] [ 0 ],drive [ 36 ] [ 0 ] [ 1836 1883 1900 ] [   13   13    4 ] [  10218   1812   8835 ] [ 0 ],1.10,1.10,1.10,1.10,2.47,1.32,0.00,0.00,0.00,0.00,0.00,-0.00,0.00,0.00,0.00,0.00,0.00,0.00,-0.00,-0.00,0.00,0
3.62449,2,1,106,0,DRIVE [ 37 ] [ 1 ] [ 1828 1883 1902 ] [    0    0    0 ] [      0      0      0 ] [ 0 ],drive [ 37 ] [ 0 ] [ 1832 1883 1901 ] [   13   13    4 ] [  10218   1812   8835 ] [ 0 ],1.10,1.10,1.10,1.10,2.50,1.47,0.00,0.00,0.00,0.00,0.00,-0.00,0.00,0.00,0.00,0.00,0.00,0.00,-0.00,-0.00,0.00,0
3.63509,2,1,105,0,DRIVE [ 38 ] [ 1 ] [ 1822 1883 1904 ] [    0    0    0 ] [      0      0      0 ] [ 0 ],drive [ 37 ] [ 0 ] [ 1828 1883 1902 ] [   13   13    4 ] [  10218   1812   8835 ] [ 0 ],1.10,1.10,1.10,1.10,2.56,1.64,0.00,0.00,0.00,0.00,0.00,-0.00,0.00,0.00,0.00,0.00,0.00,0.00,-0.00,-0.00,0.00,0
3.64441,2,2,104,0,DRIVE [ 38 ] [ 1 ] [ 1815 1883 1905 ] [    0    0    0 ] [      0      0      0 ] [ 0 ],drive [ 38 ] [ 0 ] [ 1822 1883 1904 ] [   13   13    4 ] [  10218   1751   8835 ] [ 0 ],1.10,1.10,1.10,1.10,2.64,1.84,0.00,0.00,0.00,0.00,0.00,-0.00,0.00,0.00,0.00,0.00,0.00,0.00,-0.00,-0.00,0.00,0
3.65492,2,2,103,0,DRIVE [ 39 ] [ 1 ] [ 1811 1883 1905 ] [    0    0    0 ] [      0      0      0 ] [ 0 ],drive [ 38 ] [ 0 ] [ 1815 1883 1905 ] [   13   13    4 ] [  10218   1751   8835 ] [ 0 ],1.10,1.10,1.10,1.10,2.70,2.06,0.00,0.00,0.00,0.00,0.00,-0.00,0.00,0.00,0.00,0.00,0.00,0.00,-0.00,-0.00,0.00,0
3.66675,3,2,102,0,DRIVE [ 39 ] [ 1 ] [ 1807 1881 1905 ] [    0    0    0 ] [      0      0      0 ] [ 0 ],drive [ 39 ] [ 0 ] [ 1811 1883 1905 ] [   14   20    3 ] [  10218   1751   8835 ] [ 0 ],1.10,1.10,1.10,1.10,2.76,2.26,0.00,0.00,0.00,0.00,0.00,-0.00,0.00,0.00,0.00,0.00,0.00,0.00,0.00,0.00,0.00,0
3.67907,3,2,102,0,DRIVE [ 40 ] [ 1 ] [ 1803 1880 1905 ] [    0    0    0 ] [      0      0      0 ] [ 0 ],drive [ 39 ] [ 0 ] [ 1807 1881 1905 ] [   14   20    3 ] [  10218   1751   8835 ] [ 0 ],1.10,1.10,1.10,1.10,2.84,2.40,0.00,0.00,0.00,0.00,0.00,-0.00,0.00,0.00,0.00,0.00,0.00,0.00,0.00,0.00,0.00,0
3.69241,3,2,101,0,DRIVE [ 40 ] [ 1 ] [ 1798 1880 1905 ] [    0    0    0 ] [      0      0      0 ] [ 0 ],drive [ 40 ] [ 0 ] [ 1803 1880 1905 ] [   14   20    3 ] [  10218   1751   8835 ] [ 0 ],1.10,1.10,1.10,1.10,2.97,2.45,0.00,0.00,0.00,0.00,0.00,-0.00,0.00,0.00,0.00,0.00,0.00,0.00,0.00,0.00,0.00,0
3.7031,3,2,100,0,DRIVE [ 41 ] [ 1 ] [ 1792 1881 1905 ] [    0    0    0 ] [      0      0      0 ] [ 0 ],drive [ 40 ] [ 0 ] [ 1798 1880 1905 ] [   14   20    3 ] [  10219   1705   8820 ] [ 0 ],1.10,1.10,1.10,1.10,3.13,2.47,0.00,0.00,0.00,0.00,0.00,-0.00,0.00,0.00,0.00,0.00,0.00,0.00,0.00,0.00,0.00,0
3.71364,3,2,99,0,DRIVE [ 41 ] [ 1 ] [ 1786 1882 1905 ] [    0    0    0 ] [      0      0      0 ] [ 0 ],drive [ 41 ] [ 0 ] [ 1792 1881 1905 ] [   14   21   11 ] [  10219   1705   8820 ] [ 0 ],1.10,1.10,1.10,1.10,3.28,2.49,0.00,0.00,0.00,0.00,0.00,-0.00,0.00,0.00,0.00,0.00,0.00,0.00,0.00,0.00,0.00,0
3.72425,3,2,98,0,DRIVE [ 42 ] [ 1 ] [ 1781 1883 1905 ] [    0    0    0 ] [      0      0      0 ] [ 0 ],drive [ 41 ] [ 0 ] [ 1786 1882 1905 ] [   14   21   11 ] [  10219   1705   8820 ] [ 0 ],1.10,1.10,1.10,1.10,3.39,2.54,0.00,0.00,0.00,0.00,0.00,-0.00,0.00,0.00,0.00,0.00,0.00,0.00,0.00,0.00,0.00,0
3.73477,3,2,98,0,DRIVE [ 42 ] [ 1 ] [ 1776 1883 1905 ] [    0    0    0 ] [      0      0      0 ] [ 0 ],drive [ 42 ] [ 0 ] [ 1781 1883 1905 ] [   14   21   11 ] [  10219   1705   8820 ] [ 0 ],1.10,1.10,1.10,1.10,3.51,2.59,0.00,0.00,0.00,0.00,0.00,-0.00,0.00,0.00,0.00,0.00,0.00,0.00,0.00,0.00,0.00,0
3.74703,3,2,97,0,DRIVE [ 43 ] [ 1 ] [ 1770 1884 1905 ] [    0    0    0 ] [      0      0      0 ] [ 0 ],drive [ 42 ] [ 0 ] [ 1776 1883 1905 ] [   14   21   11 ] [  10220   1704   8814 ] [ 0 ],1.10,1.10,1.10,1.10,3.66,2.64,0.00,0.00,0.00,0.00,0.00,-0.00,0.00,0.00,0.00,0.00,0.00,0.00,0.00,0.00,0.00,0
3.75925,3,2,96,0,DRIVE [ 43 ] [ 1 ] [ 1763 1884 1905 ] [    0    0    0 ] [      0      0      0 ] [ 0 ],drive [ 43 ] [ 0 ] [ 1770 1884 1905 ] [   17   18   11 ] [  10220   1704   8814 ] [ 0 ],1.10,1.10,1.10,1.10,3.83,2.68,0.00,0.00,0.00,0.00,0.00,-0.00,0.00,0.00,0.00,0.00,0.00,0.00,0.00,0.00,0.00,0
3.77106,4,2,95,0,DRIVE [ 44 ] [ 1 ] [ 1756 1884 1904 ] [    0    0    0 ] [      0      0      0 ] [ 0 ],drive [ 43 ] [ 0 ] [ 1763 1884 1905 ] [   17   18   11 ] [  10220   1704   8814 ] [ 0 ],1.10,1.10,1.10,1.10,4.05,2.71,0.00,0.00,0.00,0.00,0.00,-0.00,0.00,0.00,0.00,0.00,0.00,0.00,0.00,0.00,0.00,0
3.78088,4,3,94,0,DRIVE [ 44 ] [ 1 ] [ 1749 1884 1903 ] [    0    0    0 ] [      0      0      0 ] [ 0 ],drive [ 44 ] [ 0 ] [ 1756 1884 1904 ] [   17   18   11 ] [  10220   1704   8814 ] [ 0 ],1.10,1.10,1.10,1.10,4.29,2.78,0.00,0.00,0.00,0.00,0.00,-0.00,0.00,0.00,0.00,0.00,0.00,0.00,0.00,0.00,0.00,0
3.79071,4,3,93,0,DRIVE [ 45 ] [ 1 ] [ 1741 1884 1902 ] [    0    0    0 ] [      0      0      0 ] [ 0 ],drive [ 44 ] [ 0 ] [ 1749 1884 1903 ] [   17   18   11 ] [  10220   1704   8814 ] [ 0 ],1.10,1.10,1.10,1.10,4.51,2.86,0.00,0.00,0.00,0.00,0.00,-0.00,0.00,0.00,0.00,0.00,0.00,0.00,0.00,0.00,0.00,0
3.80274,4,3,92,0,DRIVE [ 45 ] [ 1 ] [ 1733 1884 1901 ] [    0    0    0 ] [      0      0      0 ] [ 0 ],drive [ 45 ] [ 0 ] [ 1741 1884 1902 ] [   17   18   11 ] [  10221   1694   8814 ] [ 0 ],1.10,1.10,1.10,1.10,4.69,2.96,0.00,0.00,0.00,0.00,0.00,-0.00,0.00,0.00,0.00,0.00,0.00,0.00,0.00,0.00,0.00,0
3.81489,4,3,92,0,DRIVE [ 46 ] [ 1 ] [ 1726 1884 1901 ] [    0    0    0 ] [      0      0      0 ] [ 0 ],drive [ 45 ] [ 0 ] [ 1733 1884 1901 ] [   20    8   11 ] [  10221   1694   8814 ] [ 0 ],1.10,1.10,1.10,1.10,4.84,3.06,0.00,0.00,0.00,0.00,0.00,-0.00,0.00,0.00,0.00,0.00,0.00,0.00,0.00,0.00,0.00,0
3.82704,4,3,91,0,DRIVE [ 46 ] [ 1 ] [ 1721 1884 1901 ] [    0    0    0 ] [      0      0      0 ] [ 0 ],drive [ 46 ] [ 0 ] [ 1726 1884 1901 ] [   20    8   11 ] [  10221   1694   8814 ] [ 0 ],1.10,1.10,1.10,1.10,4.93,3.13,0.00,0.00,0.00,0.00,0.00,-0.00,0.00,0.00,0.00,0.00,0.00,0.00,0.00,0.00,0.00,0
3.83679,4,3,90,0,DRIVE [ 47 ] [ 1 ] [ 1716 1884 1902 ] [    0    0    0 ] [      0      0      0 ] [ 0 ],drive [ 46 ] [ 0 ] [ 1721 1884 1901 ] [   20    8   11 ] [  10221   1694   8814 ] [ 0 ],1.10,1.10,1.10,1.10,4.94,3.22,0.00,0.00,0.00,0.00,0.00,-0.00,0.00,0.00,0.00,0.00,0.00,0.00,0.00,0.00,0.00,0
3.84865,4,3,89,0,DRIVE [ 47 ] [ 1 ] [ 1711 1884 1904 ] [    0    0    0 ] [      0      0      0 ] [ 0 ],drive [ 47 ] [ 0 ] [ 1716 1884 1902 ] [   20    8   11 ] [  10223   1634   8814 ] [ 0 ],1.10,1.10,1.10,1.10,4.93,3.33,0.00,0.00,0.00,0.00,0.00,-0.00,0.00,0.00,0.00,0.00,0.00,0.00,0.00,0.00,0.00,0
3.85931,4,3,88,0,DRIVE [ 48 ] [ 1 ] [ 1708 1884 1904 ] [    0    0    0 ] [      0      0      0 ] [ 0 ],drive [ 47 ] [ 0 ] [ 1711 1884 1904 ] [   21   23   13 ] [  10223   1634   8814 ] [ 0 ],1.10,1.10,1.10,1.10,4.86,3.46,0.00,0.00,0.00,0.00,0.00,-0.00,0.00,0.00,0.00,0.00,0.00,0.00,0.00,0.00,0.00,0
3.87083,4,3,87,0,DRIVE [ 48 ] [ 1 ] [ 1708 1881 1904 ] [    0    0    0 ] [      0      0      0 ] [ 0 ],drive [ 48 ] [ 0 ] [ 1708 1884 1904 ] [   21   23   13 ] [  10223   1634   8814 ] [ 0 ],1.10,1.10,1.10,1.10,4.79,3.59,0.00,0.00,0.00,0.00,0.00,-0.00,0.00,0.00,0.00,0.00,0.00,0.00,0.00,0.00,0.00,0
3.88256,4,3,87,0,DRIVE [ 49 ] [ 1 ] [ 1707 1879 1904 ] [    0    0    0 ] [      0      0      0 ] [ 0 ],drive [ 48 ] [ 0 ] [ 1708 1881 1904 ] [   21   23   13 ] [  10223   1634   8814 ] [ 0 ],1.10,1.10,1.10,1.10,4.73,3.71,0.00,0.00,0.00,0.00,0.00,-0.00,0.00,0.00,0.00,0.00,0.00,0.00,0.00,0.00,0.00,0
3.89491,4,3,86,0,DRIVE [ 49 ] [ 1 ] [ 1706 1877 1904 ] [    0    0    0 ] [      0      0      0 ] [ 0 ],drive [ 49 ] [ 0 ] [ 1707 1879 1904 ] [   21   23   13 ] [  10263   1592   8814 ] [ 0 ],1.10,1.10,1.10,1.10,4.71,3.81,0.00,0.00,0.00,0.00,0.00,-0.00,0.00,0.00,0.00,0.00,0.00,0.00,0.00,0.00,0.00,0
3.9047,4,3,85,0,DRIVE [ 50 ] [ 1 ] [ 1706 1876 1904 ] [    0    0    0 ] [      0      0      0 ] [ 0 ],drive [ 49 ] [ 0 ] [ 1706 1877 1904 ] [   21   23   13 ] [  10263   1592   8814 ] [ 0 ],1.10,1.10,1.10,1.10,4.65,3.83,0.00,0.00,0.00,0.00,0.00,-0.00,0.00,0.00,0.00,0.00,0.00,0.00,0.00,0.00,0.00,0
3.91469,4,3,84,0,DRIVE [ 50 ] [ 1 ] [ 1707 1877 1904 ] [    0    0    0 ] [      0      0      0 ] [ 0 ],drive [ 50 ] [ 0 ] [ 1706 1876 1904 ] [   43   24   18 ] [  10263   1592   8814 ] [ 0 ],1.10,1.10,1.10,1.10,4.57,3.73,0.00,0.00,0.00,0.00,0.00,-0.00,0.00,0.00,0.00,0.00,0.00,0.00,0.00,0.00,0.00,0
3.92653,4,3,83,0,DRIVE [ 51 ] [ 1 ] [ 1711 1878 1904 ] [    0    0    0 ] [      0      0      0 ] [ 0 ],drive [ 50 ] [ 0 ] [ 1707 1877 1904 ] [   43   24   18 ] [  10263   1592   8814 ] [ 0 ],1.10,1.10,1.10,1.10,4.45,3.58,0.00,0.00,0.00,0.00,0.00,-0.00,0.00,0.00,0.00,0.00,0.00,0.00,0.00,0.00,0.00,0
3.93881,4,3,82,0,DRIVE [ 51 ] [ 1 ] [ 1716 1879 1904 ] [    0    0    0 ] [      0      0      0 ] [ 0 ],drive [ 51 ] [ 0 ] [ 1711 1878 1904 ] [   43   24   18 ] [  10263   1592   8814 ] [ 0 ],1.10,1.10,1.10,1.10,4.30,3.42,0.00,0.00,0.00,0.00,0.00,-0.00,0.00,0.00,0.00,0.00,0.00,0.00,0.00,0.00,0.00,0
3.95113,4,3,82,0,DRIVE [ 52 ] [ 1 ] [ 1721 1880 1904 ] [    0    0    0 ] [      0      0      0 ] [ 0 ],drive [ 51 ] [ 0 ] [ 1716 1879 1904 ] [   43   24   18 ] [  10418   1592   8756 ] [ 0 ],1.10,1.10,1.10,1.10,4.16,3.21,0.00,0.00,0.00,0.00,0.00,-0.00,0.00,0.00,0.00,0.00,0.00,0.00,0.00,0.00,0.00,0
3.96269,4,3,81,0,DRIVE [ 52 ] [ 1 ] [ 1725 1882 1904 ] [    0    0    0 ] [      0      0      0 ] [ 0 ],drive [ 52 ] [ 0 ] [ 1721 1880 1904 ] [   21   24   -1 ] [  10418   1592   8756 ] [ 0 ],1.10,1.10,1.10,1.10,4.05,2.99,0.00,0.00,0.00,0.00,0.00,-0.00,0.00,0.00,0.00,0.00,0.00,0.00,0.00,0.00,0.00,0
3.97257,4,3,80,0,DRIVE [ 53 ] [ 1 ] [ 1727 1884 1904 ] [    0    0    0 ] [      0      0      0 ] [ 0 ],drive [ 52 ] [ 0 ] [ 1725 1882 1904 ] [   21   24   -1 ] [  10418   1592   8756 ] [ 0 ],1.10,1.10,1.10,1.10,3.97,2.81,0.00,0.00,0.00,0.00,0.00,-0.00,0.00,0.00,0.00,0.00,0.00,0.00,-0.00,-0.00,0.00,0
3.98294,4,2,79,0,DRIVE [ 53 ] [ 1 ] [ 1731 1884 1904 ] [    0    0    0 ] [      0      0      0 ] [ 0 ],drive [ 53 ] [ 0 ] [ 1727 1884 1904 ] [   21   24   -1 ] [  10418   1592   8756 ] [ 0 ],1.10,1.10,1.10,1.10,3.93,2.65,0.00,0.00,0.00,0.00,0.00,-0.00,0.00,0.00,0.00,0.00,0.00,0.00,-0.00,-0.00,0.00,0
3.99482,4,2,78,0,DRIVE [ 54 ] [ 1 ] [ 1733 1884 1902 ] [    0    0    0 ] [      0      0      0 ] [ 0 ],drive [ 53 ] [ 0 ] [ 1731 1884 1904 ] [   21   24   -1 ] [  10434   1592   8721 ] [ 0 ],1.10,1.10,1.10,1.10,3.95,2.54,0.00,0.00,0.00,0.00,0.00,-0.00,0.00,0.00,0.00,0.00,0.00,0.00,-0.00,-0.00,0.00,0
4.00695,4,2,78,0,DRIVE [ 54 ] [ 1 ] [ 1731 1884 1901 ] [    0    0    0 ] [      0      0      0 ] [ 0 ],drive [ 54 ] [ 0 ] [ 1733 1884 1902 ] [   21   24   -1 ] [  10434   1592   8721 ] [ 0 ],1.10,1.10,1.10,1.10,4.02,2.51,0.00,0.00,0.00,0.00,0.00,-0.00,0.00,0.00,0.00,0.00,0.00,0.00,-0.00,-0.00,0.00,0
4.01903,4,2,77,0,DRIVE [ 55 ] [ 1 ] [ 1724 1884 1901 ] [    0    0    0 ] [      0      0      0 ] [ 0 ],drive [ 54 ] [ 0 ] [ 1731 1884 1901 ] [   19   23    5 ] [  10434   1592   8721 ] [ 0 ],1.10,1.10,1.10,1.10,4.14,2.58,0.00,0.00,0.00,0.00,0.00,-0.00,0.00,0.00,0.00,0.00,0.00,0.00,-0.00,-0.00,0.00,0
4.02859,4,2,76,0,DRIVE [ 55 ] [ 1 ] [ 1712 1884 1902 ] [    0    0    0 ] [      0      0      0 ] [ 0 ],drive [ 55 ] [ 0 ] [ 1724 1884 1901 ] [   19   23    5 ] [  10434   1592   8721 ] [ 0 ],1.10,1.10,1.10,1.10,4.28,2.75,0.00,0.00,0.00,0.00,0.00,-0.00,0.00,0.00,0.00,0.00,0.00,0.00,0.00,0.00,0.00,0
4.03915,4,3,75,0,DRIVE [ 56 ] [ 1 ] [ 1698 1884 1904 ] [    0    0    0 ] [      0      0      0 ] [ 0 ],drive [ 55 ] [ 0 ] [ 1712 1884 1902 ] [   19   23    5 ] [  10434   1592   8721 ] [ 0 ],1.10,1.10,1.10,1.10,4.42,3.00,0.00,0.00,0.00,0.00,0.00,-0.00,0.00,0.00,0.00,0.00,0.00,0.00,0.00,0.00,0.00,0
4.051,4,3,74,0,DRIVE [ 56 ] [ 1 ] [ 1685 1882 1904 ] [    0    0    0 ] [      0      0      0 ] [ 0 ],drive [ 56 ] [ 0 ] [ 1698 1884 1904 ] [   19   23    5 ] [  10435   1592   8716 ] [ 0 ],1.10,1.10,1.10,1.10,4.52,3.35,0.00,0.00,0.00,0.00,0.00,-0.00,0.00,0.00,0.00,0.00,0.00,0.00,0.00,0.00,0.00,0
4.06333,4,3,73,0,DRIVE [ 57 ] [ 1 ] [ 1675 1875 1904 ] [    0    0    0 ] [      0      0      0 ] [ 0 ],drive [ 56 ] [ 0 ] [ 1685 1882 1904 ] [   27   24    9 ] [  10435   1592   8716 ] [ 0 ],1.10,1.10,1.10,1.10,4.60,3.80,0.00,0.00,0.00,0.00,0.00,-0.00,0.00,0.00,0.00,0.00,0.00,0.00,0.00,0.00,0.00,0
4.07504,4,4,72,0,DRIVE [ 57 ] [ 1 ] [ 1665 1867 1904 ] [    0    0    0 ] [      0      0      0 ] [ 0 ],drive [ 57 ] [ 0 ] [ 1675 1875 1904 ] [   27   24    9 ] [  10435   1592   8716 ] [ 0 ],1.10,1.10,1.10,1.10,4.65,4.29,0.00,0.00,0.00,0.00,0.00,-0.00,0.00,0.00,0.00,0.00,0.00,0.00,0.00,0.00,0.00,0
4.08708,4,4,71,0,DRIVE [ 58 ] [ 1 ] [ 1654 1857 1904 ] [    0    0    0 ] [      0      0      0 ] [ 0 ],drive [ 57 ] [ 0 ] [ 1665 1867 1904 ] [   27   24    9 ] [  10435   1592   8716 ] [ 0 ],1.10,1.10,1.10,1.10,4.68,4.83,0.00,0.00,0.00,0.00,0.00,-0.00,0.00,0.00,0.00,0.00,0.00,0.00,0.00,0.00,0.00,0
4.09698,4,5,70,0,DRIVE [ 58 ] [ 1 ] [ 1645 1846 1904 ] [    0    0    0 ] [      0      0      0 ] [ 0 ],drive [ 58 ] [ 0 ] [ 1654 1857 1904 ] [   27   24    9 ] [  10540   1592   8693 ] [ 0 ],1.10,1.10,1.10,1.10,4.65,5.37,0.00,0.00,0.00,0.00,0.00,-0.00,0.00,0.00,0.00,0.00,0.00,0.00,0.00,0.00,0.00,0
4.10694,4,5,68,0,DRIVE [ 59 ] [ 1 ] [ 1639 1836 1904 ] [    0    0    0 ] [      0      0      0 ] [ 0 ],drive [ 58 ] [ 0 ] [ 1645 1846 1904 ] [   25   25   13 ] [  10540   1592   8693 ] [ 0 ],1.10,1.10,1.10,1.10,4.54,5.80,0.00,0.00,0.00,0.00,0.00,-0.00,0.00,0.00,0.00,0.00,0.00,0.00,0.00,0.00,0.00,0
4.11876,4,6,67,0,DRIVE [ 59 ] [ 1 ] [ 1636 1827 1904 ] [    0    0    0 ] [      0      0      0 ] [ 0 ],drive [ 59 ] [ 0 ] [ 1639 1836 1904 ] [   25   25   13 ] [  10540   1592   8693 ] [ 0 ],1.10,1.10,1.10,1.10,4.38,6.13,0.00,0.00,0.00,0.00,0.00,-0.00,0.00,0.00,0.00,0.00,0.00,0.00,0.00,0.00,0.00,0
4.131,4,6,66,0,DRIVE [ 60 ] [ 1 ] [ 1635 1817 1904 ] [    0    0    0 ] [      0      0      0 ] [ 0 ],drive [ 59 ] [ 0 ] [ 1636 1827 1904 ] [   25   25   13 ] [  10540   1592   8693 ] [ 0 ],1.10,1.10,1.10,1.10,4.17,6.44,0.00,0.00,0.00,0.00,0.00,-0.00,0.00,0.00,0.00,0.00,0.00,0.00,0.00,0.00,0.00,0
4.14317,4,6,65,0,DRIVE [ 60 ] [ 1 ] [ 1634 1806 1904 ] [    0    0    0 ] [      0      0      0 ] [ 0 ],drive [ 60 ] [ 0 ] [ 1635 1817 1904 ] [   25   25   13 ] [  10540   1592   8693 ] [ 0 ],1.10,1.10,1.10,1.10,3.93,6.75,0.00,0.00,0.00,0.00,0.00,-0.00,0.00,0.00,0.00,0.00,0.00,0.00,0.00,0.00,0.00,0
4.15503,3,6,64,0,DRIVE [ 61 ] [ 1 ] [ 1631 1794 1904 ] [    0    0    0 ] [      0      0      0 ] [ 0 ],drive [ 60 ] [ 0 ] [ 1634 1806 1904 ] [   25   25   13 ] [  10827   1592   8549 ] [ 0 ],1.10,1.10,1.10,1.10,3.72,7.11,0.00,0.00,0.00,0.00,0.00,-0.00,0.00,0.00,0.00,0.00,0.00,0.00,0.00,0.00,0.00,0
4.16487,3,7,63,0,DRIVE [ 61 ] [ 1 ] [ 1625 1781 1904 ] [    0    0    0 ] [      0      0      0 ] [ 0 ],drive [ 61 ] [ 0 ] [ 1631 1794 1904 ] [   27   30   21 ] [  10827   1592   8549 ] [ 0 ],1.10,1.10,1.10,1.10,3.53,7.49,0.00,0.00,0.00,0.00,0.00,-0.00,0.00,0.00,0.00,0.00,0.00,0.00,0.00,0.00,0.00,0
4.17474,3,7,62,0,DRIVE [ 62 ] [ 1 ] [ 1616 1769 1904 ] [    0    0    0 ] [      0      0      0 ] [ 0 ],drive [ 61 ] [ 0 ] [ 1625 1781 1904 ] [   27   30   21 ] [  10827   1592   8549 ] [ 0 ],1.10,1.10,1.10,1.10,3.43,7.88,0.00,0.00,0.00,0.00,0.00,-0.00,0.00,0.00,0.00,0.00,0.00,0.00,0.00,0.00,0.00,0
4.18709,3,8,61,0,DRIVE [ 62 ] [ 1 ] [ 1602 1758 1904 ] [    0    0    0 ] [      0      0      0 ] [ 0 ],drive [ 62 ] [ 0 ] [ 1616 1769 1904 ] [   27   30   21 ] [  10827   1592   8549 ] [ 0 ],1.10,1.10,1.10,1.10,3.44,8.27,0.00,0.00,0.00,0.00,0.00,-0.00,0.00,0.00,0.00,0.00,0.00,0.00,0.00,0.00,0.00,0
4.19911,3,8,60,0,DRIVE [ 63 ] [ 1 ] [ 1584 1748 1904 ] [    0    0    0 ] [      0      0      0 ] [ 0 ],drive [ 62 ] [ 0 ] [ 1602 1758 1904 ] [   27   30   21 ] [  10896   1592   8532 ] [ 0 ],1.10,1.10,1.10,1.10,3.54,8.68,0.00,0.00,0.00,0.00,0.00,-0.00,0.00,0.00,0.00,0.00,0.00,0.00,0.00,0.00,0.00,0
4.21117,3,8,58,0,DRIVE [ 63 ] [ 1 ] [ 1563 1739 1904 ] [    0    0    0 ] [      0      0      0 ] [ 0 ],drive [ 63 ] [ 0 ] [ 1584 1748 1904 ] [   37   35   11 ] [  10896   1592   8532 ] [ 0 ],1.10,1.10,1.10,1.10,3.71,9.07,0.00,0.00,0.00,0.00,0.00,-0.00,0.00,0.00,0.00,0.00,0.00,0.00,0.00,0.00,0.00,0
4.22103,4,9,57,0,DRIVE [ 64 ] [ 1 ] [ 1540 1731 1904 ] [    0    0    0 ] [      0      0      0 ] [ 0 ],drive [ 63 ] [ 0 ] [ 1563 1739 1904 ] [   37   35   11 ] [  10896   1592   8532 ] [ 0 ],1.10,1.10,1.10,1.10,3.91,9.46,0.00,0.00,0.00,0.00,0.00,-0.00,0.00,0.00,0.00,0.00,0.00,0.00,0.00,0.00,0.00,0
4.23105,4,9,56,0,DRIVE [ 64 ] [ 1 ] [ 1517 1723 1904 ] [    0    0    0 ] [      0      0      0 ] [ 0 ],drive [ 64 ] [ 0 ] [ 1540 1731 1904 ] [   37   35   11 ] [  10896   1592   8532 ] [ 0 ],1.10,1.10,1.10,1.10,4.11,9.81,0.00,0.00,0.00,0.00,0.00,-0.00,0.00,0.00,0.00,0.00,0.00,0.00,0.00,0.00,0.00,0
4.24275,4,9,55,0,DRIVE [ 65 ] [ 1 ] [ 1494 1717 1904 ] [    0    0    0 ] [      0      0      0 ] [ 0 ],drive [ 64 ] [ 0 ] [ 1517 1723 1904 ] [   37   35   11 ] [  10896   1592   8532 ] [ 0 ],1.10,1.10,1.10,1.10,4.31,10.11,0.00,0.00,0.00,0.00,0.00,-0.00,0.00,0.00,0.00,0.00,0.00,0.00,0.00,0.00,0.00,0
4.25491,4,9,54,0,DRIVE [ 65 ] [ 1 ] [ 1476 1711 1904 ] [    0    0    0 ] [      0      0      0 ] [ 0 ],drive [ 65 ] [ 0 ] [ 1494 1717 1904 ] [   37   35   11 ] [  10958   1594   8507 ] [ 0 ],1.10,1.10,1.10,1.10,4.43,10.31,0.00,0.00,0.00,0.00,0.00,-0.00,0.00,0.00,0.00,0.00,0.00,0.00,0.00,0.00,0.00,0
4.26702,4,9,53,0,DRIVE [ 66 ] [ 1 ] [ 1464 1706 1904 ] [    0    0    0 ] [      0      0      0 ] [ 0 ],drive [ 65 ] [ 0 ] [ 1476 1711 1904 ] [   39   41   11 ] [  10958   1594   8507 ] [ 0 ],1.10,1.10,1.10,1.10,4.49,10.41,0.00,0.00,0.00,0.00,0.00,-0.00,0.00,0.00,0.00,0.00,0.00,0.00,0.00,0.00,0.00,0
4.28032,4,9,52,0,DRIVE [ 66 ] [ 1 ] [ 1458 1701 1904 ] [    0    0    0 ] [      0      0      0 ] [ 0 ],drive [ 66 ] [ 0 ] [ 1464 1706 1904 ] [   39   41   11 ] [  10958   1594   8507 ] [ 0 ],1.10,1.10,1.10,1.10,4.41,10.42,0.00,0.00,0.00,0.00,0.00,-0.00,0.00,0.00,0.00,0.00,0.00,0.00,0.00,0.00,0.00,0
4.29025,4,9,51,0,DRIVE [ 67 ] [ 1 ] [ 1457 1695 1904 ] [    0    0    0 ] [      0      0      0 ] [ 0 ],drive [ 66 ] [ 0 ] [ 1458 1701 1904 ] [   39   41   11 ] [  10958   1594   8507 ] [ 0 ],1.10,1.10,1.10,1.10,4.25,10.38,0.00,0.00,0.00,0.00,0.00,-0.00,0.00,0.00,0.00,0.00,0.00,0.00,0.00,0.00,0.00,0
4.29999,4,9,50,0,DRIVE [ 67 ] [ 1 ] [ 1457 1689 1904 ] [    0    0    0 ] [      0      0      0 ] [ 0 ],drive [ 67 ] [ 0 ] [ 1457 1695 1904 ] [   39   41   11 ] [  11437   1597   8433 ] [ 0 ],1.10,1.10,1.10,1.10,4.09,10.34,0.00,0.00,0.00,0.00,0.00,-0.00,0.00,0.00,0.00,0.00,0.00,0.00,0.00,0.00,0.00,0
4.31264,4,9,49,1,DRIVE [ 68 ] [ 1 ] [ 1456 1685 1904 ] [    0    0    0 ] [      0      0      0 ] [ 0 ],drive [ 67 ] [ 0 ] [ 1457 1689 1904 ] [   66   43   23 ] [  11437   1597   8433 ] [ 0 ],1.10,1.10,1.10,1.10,3.99,10.31,0.00,0.00,0.00,0.00,0.00,-0.00,0.00,0.00,0.00,0.00,0.00,0.00,0.00,0.00,0.00,0
