timestamp,Xmm,Ymm,Zmm,TouchDetected,OutgoingPacket,IncomingPacket,GainPropAb, GainPropAd, GainPropFl, GainPropEx,PropA, PropB, PropC,GainIntegAb, GainIntegAd, GainIntegFl, GainIntegEx,IntegA, IntegB, IntegC,GainDerivAb, GainDerivAd, GainDerivFl, GainDerivEx,DerivA, DerivB, DerivC,Heading5
0.112669,-163,-55,281,0,DRIVE [ 92 ] [ 1 ] [ 1905 1893 1896 ] [    0    0    0 ] [      0      0      0 ] [ 0 ],drive [ 92 ] [ 0 ] [ 1455 1454 1455 ] [   47   53   44 ] [  14201   7696   9664 ] [ 1 ],1.00,1.00,1.00,1.40,-163.15,-55.34,0.00,0.00,0.00,0.00,0.00,0.00,0.00,0.00,0.00,0.00,0.00,0.00,0.00,0.00,0.00,0
0.124772,-161,-55,278,0,DRIVE [ 93 ] [ 1 ] [ 1905 1881 1887 ] [    0    0    0 ] [      0      0      0 ] [ 0 ],drive [ 92 ] [ 0 ] [ 1905 1893 1896 ] [   44   47   47 ] [  14201   7696   9664 ] [ 0 ],1.00,1.00,1.00,1.40,-160.92,-55.24,0.00,0.00,0.00,0.00,0.00,0.00,0.00,0.00,0.00,0.00,0.00,0.00,0.00,0.00,0.00,0
0.136719,-163,-56,280,0,DRIVE [ 93 ] [ 1 ] [ 1905 1869 1877 ] [    0    0    0 ] [      0      0      0 ] [ 0 ],drive [ 93 ] [ 0 ] [ 1905 1881 1887 ] [   44   47   47 ] [  14201   7696   9664 ] [ 0 ],1.00,1.00,1.00,1.40,-162.82,-56.01,0.00,0.00,0.00,0.00,0.00,0.00,0.00,0.00,0.00,0.00,0.00,0.00,0.00,0.00,0.00,0
0.148456,-163,-56,279,0,DRIVE [ 94 ] [ 1 ] [ 1905 1856 1868 ] [    0    0    0 ] [      0      0      0 ] [ 0 ],drive [ 93 ] [ 0 ] [ 1905 1869 1877 ] [   44   47   47 ] [  14201   7696   9664 ] [ 0 ],1.00,1.00,1.00,1.40,-162.72,-56.04,0.00,0.00,0.00,0.00,0.00,0.00,0.00,0.00,0.00,0.00,0.00,0.00,0.00,0.00,0.00,0
0.160486,-163,-57,280,0,DRIVE [ 94 ] [ 1 ] [ 1905 1844 1859 ] [    0    0    0 ] [      0      0      0 ] [ 0 ],drive [ 94 ] [ 0 ] [ 1905 1856 1868 ] [   44   47   47 ] [  13802   7421   9434 ] [ 0 ],1.00,1.00,1.00,1.40,-162.92,-56.68,0.00,0.00,0.00,0.00,0.00,0.00,0.00,0.00,0.00,0.00,0.00,0.00,0.00,0.00,0.00,0
0.172546,-163,-57,279,0,DRIVE [ 95 ] [ 1 ] [ 1905 1832 1849 ] [    0    0    0 ] [      0      0      0 ] [ 0 ],drive [ 94 ] [ 0 ] [ 1905 1844 1859 ] [   21   28   26 ] [  13802   7421   9434 ] [ 0 ],1.00,1.00,1.00,1.40,-162.78,-56.97,0.00,0.00,0.00,0.00,0.00,0.00,0.00,0.00,0.00,0.00,0.00,0.00,0.00,0.00,0.00,0
0.184639,-162,-57,279,0,DRIVE [ 95 ] [ 1 ] [ 1905 1820 1839 ] [    0    0    0 ] [      0      0      0 ] [ 0 ],drive [ 95 ] [ 0 ] [ 1905 1832 1849 ] [   21   28   26 ] [  13802   7421   9434 ] [ 0 ],1.00,1.00,1.00,1.40,-162.37,-57.38,0.00,0.00,0.00,0.00,0.00,0.00,0.00,0.00,0.00,0.00,0.00,0.00,0.00,0.00,0.00,0
0.196194,-163,-58,280,0,DRIVE [ 96 ] [ 1 ] [ 1905 1808 1830 ] [    0    0    0 ] [      0      0      0 ] [ 0 ],drive [ 95 ] [ 0 ] [ 1905 1820 1839 ] [   21   28   26 ] [  13802   7421   9434 ] [ 0 ],1.00,1.00,1.00,1.40,-162.55,-57.71,0.00,0.00,0.00,0.00,0.00,0.00,0.00,0.00,0.00,0.00,0.00,0.00,0.00,0.00,0.00,0
0.208307,-162,-57,280,0,DRIVE [ 96 ] [ 1 ] [ 1905 1797 1822 ] [    0    0    0 ] [      0      0      0 ] [ 0 ],drive [ 96 ] [ 0 ] [ 1905 1808 1830 ] [   21   28   26 ] [  12774   7126   9364 ] [ 0 ],1.00,1.00,1.00,1.40,-161.69,-56.75,0.00,0.00,0.00,0.00,0.00,0.00,0.00,0.00,0.00,0.00,0.00,0.00,0.00,0.00,0.00,0
0.220099,-161,-55,280,0,DRIVE [ 97 ] [ 1 ] [ 1905 1784 1814 ] [    0    0    0 ] [      0      0      0 ] [ 0 ],drive [ 96 ] [ 0 ] [ 1905 1797 1822 ] [   19   17   12 ] [  12774   7126   9364 ] [ 0 ],1.00,1.00,1.00,1.40,-161.09,-55.10,0.00,0.00,0.00,0.00,0.00,0.00,0.00,0.00,0.00,0.00,0.00,0.00,0.00,0.00,0.00,0
0.231579,-161,-53,281,0,DRIVE [ 97 ] [ 1 ] [ 1905 1772 1806 ] [    0    0    0 ] [      0      0      0 ] [ 0 ],drive [ 97 ] [ 0 ] [ 1905 1784 1814 ] [   19   17   12 ] [  12774   7126   9364 ] [ 0 ],1.00,1.00,1.00,1.40,-160.91,-53.36,0.00,0.00,0.00,0.00,0.00,0.00,0.00,0.00,0.00,0.00,0.00,0.00,0.00,0.00,0.00,0
0.243757,-160,-52,280,0,DRIVE [ 98 ] [ 1 ] [ 1905 1761 1799 ] [    0    0    0 ] [      0      0      0 ] [ 0 ],drive [ 97 ] [ 0 ] [ 1905 1772 1806 ] [   19   17   12 ] [  12774   7126   9364 ] [ 0 ],1.00,1.00,1.00,1.40,-160.23,-51.77,0.00,0.00,0.00,0.00,0.00,0.00,0.00,0.00,0.00,0.00,0.00,0.00,0.00,0.00,0.00,0
0.255715,-160,-51,281,0,DRIVE [ 98 ] [ 1 ] [ 1905 1748 1792 ] [    0    0    0 ] [      0      0      0 ] [ 0 ],drive [ 98 ] [ 0 ] [ 1905 1761 1799 ] [   19   17   12 ] [  12786   7129   9439 ] [ 0 ],1.00,1.00,1.00,1.40,-160.44,-50.75,0.00,0.00,0.00,0.00,0.00,0.00,0.00,0.00,0.00,0.00,0.00,0.00,0.00,0.00,0.00,0
0.267753,-160,-50,281,0,DRIVE [ 99 ] [ 1 ] [ 1905 1736 1784 ] [    0    0    0 ] [      0      0      0 ] [ 0 ],drive [ 98 ] [ 0 ] [ 1905 1748 1792 ] [   19   17   12 ] [  12786   7129   9439 ] [ 0 ],1.00,1.00,1.00,1.40,-160.11,-49.61,0.00,0.00,0.00,0.00,0.00,0.00,0.00,0.00,0.00,0.00,0.00,0.00,0.00,0.00,0.00,0
0.27949,-160,-49,281,0,DRIVE [ 99 ] [ 1 ] [ 1905 1724 1777 ] [    0    0    0 ] [      0      0      0 ] [ 0 ],drive [ 99 ] [ 0 ] [ 1905 1736 1784 ] [   26   20   21 ] [  12786   7129   9439 ] [ 0 ],1.00,1.00,1.00,1.40,-160.00,-48.53,0.00,0.00,0.00,0.00,0.00,0.00,0.00,0.00,0.00,0.00,0.00,0.00,0.00,0.00,0.00,0
0.291762,-160,-47,282,0,DRIVE [ 00 ] [ 1 ] [ 1905 1712 1770 ] [    0    0    0 ] [      0      0      0 ] [ 0 ],drive [ 99 ] [ 0 ] [ 1905 1724 1777 ] [   26   20   21 ] [  12786   7129   9439 ] [ 0 ],1.00,1.00,1.00,1.40,-160.00,-47.39,0.00,0.00,0.00,0.00,0.00,0.00,0.00,0.00,0.00,0.00,0.00,0.00,0.00,0.00,0.00,0
0.30375,-160,-46,282,0,DRIVE [ 00 ] [ 1 ] [ 1905 1699 1763 ] [    0    0    0 ] [      0      0      0 ] [ 0 ],drive [ 00 ] [ 0 ] [ 1905 1712 1770 ] [   26   20   21 ] [  12786   7129   9439 ] [ 0 ],1.00,1.00,1.00,1.40,-160.02,-46.20,0.00,0.00,0.00,0.00,0.00,0.00,0.00,0.00,0.00,0.00,0.00,0.00,0.00,0.00,0.00,0
0.315434,-159,-45,282,0,DRIVE [ 01 ] [ 1 ] [ 1905 1687 1756 ] [    0    0    0 ] [      0      0      0 ] [ 0 ],drive [ 00 ] [ 0 ] [ 1905 1699 1763 ] [   26   20   21 ] [  12644   7131   9477 ] [ 0 ],1.00,1.00,1.00,1.40,-159.34,-44.73,0.00,0.00,0.00,0.00,0.00,0.00,0.00,0.00,0.00,0.00,0.00,0.00,0.00,0.00,0.00,0
0.328112,-159,-43,281,0,DRIVE [ 01 ] [ 1 ] [ 1905 1675 1750 ] [    0    0    0 ] [      0      0      0 ] [ 0 ],drive [ 01 ] [ 0 ] [ 1905 1687 1756 ] [   20   23   14 ] [  12644   7131   9477 ] [ 0 ],1.00,1.00,1.00,1.40,-158.54,-43.20,0.00,0.00,0.00,0.00,0.00,0.00,0.00,0.00,0.00,0.00,0.00,0.00,0.00,0.00,0.00,0
0.3404,-158,-42,282,0,DRIVE [ 02 ] [ 1 ] [ 1905 1662 1744 ] [    0    0    0 ] [      0      0      0 ] [ 0 ],drive [ 01 ] [ 0 ] [ 1905 1675 1750 ] [   20   23   14 ] [  12644   7131   9477 ] [ 0 ],1.00,1.00,1.00,1.40,-158.14,-41.63,0.00,0.00,0.00,0.00,0.00,0.00,0.00,0.00,0.00,0.00,0.00,0.00,0.00,0.00,0.00,0
0.352561,-157,-40,282,0,DRIVE [ 02 ] [ 1 ] [ 1905 1650 1739 ] [    0    0    0 ] [      0      0      0 ] [ 0 ],drive [ 02 ] [ 0 ] [ 1905 1662 1744 ] [   20   23   14 ] [  12644   7131   9477 ] [ 0 ],1.00,1.00,1.00,1.40,-157.46,-40.03,0.00,0.00,0.00,0.00,0.00,0.00,0.00,0.00,0.00,0.00,0.00,0.00,0.00,0.00,0.00,0
0.364366,-157,-39,283,0,DRIVE [ 03 ] [ 1 ] [ 1905 1638 1734 ] [    0    0    0 ] [      0      0      0 ] [ 0 ],drive [ 02 ] [ 0 ] [ 1905 1650 1739 ] [   20   23   14 ] [  12353   7138   9600 ] [ 0 ],1.00,1.00,1.00,1.40,-157.26,-38.72,0.00,0.00,0.00,0.00,0.00,0.00,0.00,0.00,0.00,0.00,0.00,0.00,0.00,0.00,0.00,0
0.376558,-156,-37,283,0,DRIVE [ 03 ] [ 1 ] [ 1905 1627 1729 ] [    0    0    0 ] [      0      0      0 ] [ 0 ],drive [ 03 ] [ 0 ] [ 1905 1638 1734 ] [   25   26   17 ] [  12353   7138   9600 ] [ 0 ],1.00,1.00,1.00,1.40,-156.32,-37.39,0.00,0.00,0.00,0.00,0.00,0.00,0.00,0.00,0.00,0.00,0.00,0.00,0.00,0.00,0.00,0
0.388614,-156,-36,284,0,DRIVE [ 04 ] [ 1 ] [ 1905 1616 1724 ] [    0    0    0 ] [      0      0      0 ] [ 0 ],drive [ 03 ] [ 0 ] [ 1905 1627 1729 ] [   25   26   17 ] [  12353   7138   9600 ] [ 0 ],1.00,1.00,1.00,1.40,-155.78,-36.20,0.00,0.00,0.00,0.00,0.00,0.00,0.00,0.00,0.00,0.00,0.00,0.00,0.00,0.00,0.00,0
0.400908,-155,-35,285,0,DRIVE [ 04 ] [ 1 ] [ 1905 1604 1720 ] [    0    0    0 ] [      0      0      0 ] [ 0 ],drive [ 04 ] [ 0 ] [ 1905 1616 1724 ] [   25   26   17 ] [  12353   7138   9600 ] [ 0 ],1.00,1.00,1.00,1.40,-155.48,-35.06,0.00,0.00,0.00,0.00,0.00,0.00,0.00,0.00,0.00,0.00,0.00,0.00,0.00,0.00,0.00,0
0.41275,-154,-34,284,0,DRIVE [ 05 ] [ 1 ] [ 1905 1593 1714 ] [    0    0    0 ] [      0      0      0 ] [ 0 ],drive [ 04 ] [ 0 ] [ 1905 1604 1720 ] [   25   26   17 ] [  12295   7148   9665 ] [ 0 ],1.00,1.00,1.00,1.40,-154.47,-34.06,0.00,0.00,0.00,0.00,0.00,0.00,0.00,0.00,0.00,0.00,0.00,0.00,0.00,0.00,0.00,0
0.424977,-154,-33,284,0,DRIVE [ 05 ] [ 1 ] [ 1905 1582 1709 ] [    0    0    0 ] [      0      0      0 ] [ 0 ],drive [ 05 ] [ 0 ] [ 1905 1593 1714 ] [    7   32   27 ] [  12295   7148   9665 ] [ 0 ],1.00,1.00,1.00,1.40,-153.70,-33.38,0.00,0.00,0.00,0.00,0.00,0.00,0.00,0.00,0.00,0.00,0.00,0.00,0.00,0.00,0.00,0
0.437126,-153,-33,284,0,DRIVE [ 06 ] [ 1 ] [ 1905 1571 1703 ] [    0    0    0 ] [      0      0      0 ] [ 0 ],drive [ 05 ] [ 0 ] [ 1905 1582 1709 ] [    7   32   27 ] [  12295   7148   9665 ] [ 0 ],1.00,1.00,1.00,1.40,-153.20,-32.96,0.00,0.00,0.00,0.00,0.00,0.00,0.00,0.00,0.00,0.00,0.00,0.00,0.00,0.00,0.00,0
0.448956,-152,-33,284,0,DRIVE [ 06 ] [ 1 ] [ 1905 1560 1697 ] [    0    0    0 ] [      0      0      0 ] [ 0 ],drive [ 06 ] [ 0 ] [ 1905 1571 1703 ] [    7   32   27 ] [  12295   7148   9665 ] [ 0 ],1.00,1.00,1.00,1.40,-152.50,-32.60,0.00,0.00,0.00,0.00,0.00,0.00,0.00,0.00,0.00,0.00,0.00,0.00,0.00,0.00,0.00,0
0.461229,-152,-32,284,0,DRIVE [ 07 ] [ 1 ] [ 1905 1549 1691 ] [    0    0    0 ] [      0      0      0 ] [ 0 ],drive [ 06 ] [ 0 ] [ 1905 1560 1697 ] [    7   32   27 ] [  12271   7183   9765 ] [ 0 ],1.00,1.00,1.00,1.40,-152.21,-32.30,0.00,0.00,0.00,0.00,0.00,0.00,0.00,0.00,0.00,0.00,0.00,0.00,0.00,0.00,0.00,0
0.473326,-153,-32,285,0,DRIVE [ 07 ] [ 1 ] [ 1905 1537 1685 ] [    0    0    0 ] [      0      0      0 ] [ 0 ],drive [ 07 ] [ 0 ] [ 1905 1549 1691 ] [   13   45   32 ] [  12271   7183   9765 ] [ 0 ],1.00,1.00,1.00,1.40,-152.65,-32.14,0.00,0.00,0.00,0.00,0.00,0.00,0.00,0.00,0.00,0.00,0.00,0.00,0.00,0.00,0.00,0
0.485624,-152,-32,285,0,DRIVE [ 08 ] [ 1 ] [ 1905 1526 1679 ] [    0    0    0 ] [      0      0      0 ] [ 0 ],drive [ 07 ] [ 0 ] [ 1905 1537 1685 ] [   13   45   32 ] [  12271   7183   9765 ] [ 0 ],1.00,1.00,1.00,1.40,-151.85,-31.66,0.00,0.00,0.00,0.00,0.00,0.00,0.00,0.00,0.00,0.00,0.00,0.00,0.00,0.00,0.00,0
0.497418,-152,-32,286,0,DRIVE [ 08 ] [ 1 ] [ 1905 1516 1673 ] [    0    0    0 ] [      0      0      0 ] [ 0 ],drive [ 08 ] [ 0 ] [ 1905 1526 1679 ] [   13   45   32 ] [  12271   7183   9765 ] [ 0 ],1.00,1.00,1.00,1.40,-152.12,-31.52,0.00,0.00,0.00,0.00,0.00,0.00,0.00,0.00,0.00,0.00,0.00,0.00,0.00,0.00,0.00,0
0.509479,-151,-31,286,0,DRIVE [ 09 ] [ 1 ] [ 1905 1507 1668 ] [    0    0    0 ] [      0      0      0 ] [ 0 ],drive [ 08 ] [ 0 ] [ 1905 1516 1673 ] [   13   45   32 ] [  12049   7511   9806 ] [ 0 ],1.00,1.00,1.00,1.40,-151.36,-31.34,0.00,0.00,0.00,0.00,0.00,0.00,0.00,0.00,0.00,0.00,0.00,0.00,0.00,0.00,0.00,0
0.521643,-150,-31,286,0,DRIVE [ 09 ] [ 1 ] [ 1905 1498 1662 ] [    0    0    0 ] [      0      0      0 ] [ 0 ],drive [ 09 ] [ 0 ] [ 1905 1507 1668 ] [   18   50   23 ] [  12049   7511   9806 ] [ 0 ],1.00,1.00,1.00,1.40,-150.21,-31.22,0.00,0.00,0.00,0.00,0.00,0.00,0.00,0.00,0.00,0.00,0.00,0.00,0.00,0.00,0.00,0
0.534196,-150,-31,288,0,DRIVE [ 10 ] [ 1 ] [ 1905 1490 1657 ] [    0    0    0 ] [      0      0      0 ] [ 0 ],drive [ 09 ] [ 0 ] [ 1905 1498 1662 ] [   18   50   23 ] [  12049   7511   9806 ] [ 0 ],1.00,1.00,1.00,1.40,-149.67,-31.28,0.00,0.00,0.00,0.00,0.00,0.00,0.00,0.00,0.00,0.00,0.00,0.00,0.00,0.00,0.00,0
0.545822,-148,-31,288,0,DRIVE [ 10 ] [ 1 ] [ 1905 1483 1653 ] [    0    0    0 ] [      0      0      0 ] [ 0 ],drive [ 10 ] [ 0 ] [ 1905 1490 1657 ] [   18   50   23 ] [  12049   7511   9806 ] [ 0 ],1.00,1.00,1.00,1.40,-148.36,-31.03,0.00,0.00,0.00,0.00,0.00,0.00,0.00,0.00,0.00,0.00,0.00,0.00,0.00,0.00,0.00,0
0.558228,-148,-31,289,0,DRIVE [ 11 ] [ 1 ] [ 1905 1476 1649 ] [    0    0    0 ] [      0      0      0 ] [ 0 ],drive [ 10 ] [ 0 ] [ 1905 1483 1653 ] [   18   50   23 ] [  11925   7591   9925 ] [ 0 ],1.00,1.00,1.00,1.40,-147.59,-30.54,0.00,0.00,0.00,0.00,0.00,0.00,0.00,0.00,0.00,0.00,0.00,0.00,0.00,0.00,0.00,0
0.570846,-147,-30,290,0,DRIVE [ 11 ] [ 1 ] [ 1905 1468 1646 ] [    0    0    0 ] [      0      0      0 ] [ 0 ],drive [ 11 ] [ 0 ] [ 1905 1476 1649 ] [    2   41   44 ] [  11925   7591   9925 ] [ 0 ],1.00,1.00,1.00,1.40,-146.79,-29.88,0.00,0.00,0.00,0.00,0.00,0.00,0.00,0.00,0.00,0.00,0.00,0.00,0.00,0.00,0.00,0
0.584203,-145,-29,290,0,DRIVE [ 12 ] [ 1 ] [ 1905 1459 1644 ] [    0    0    0 ] [      0      0      0 ] [ 0 ],drive [ 11 ] [ 0 ] [ 1905 1468 1646 ] [    2   41   44 ] [  11925   7591   9925 ] [ 0 ],1.00,1.00,1.00,1.40,-145.05,-28.91,0.00,0.00,0.00,0.00,0.00,0.00,0.00,0.00,0.00,0.00,0.00,0.00,0.00,0.00,0.00,0
0.596104,-144,-28,290,0,DRIVE [ 12 ] [ 1 ] [ 1905 1450 1640 ] [    0    0    0 ] [      0      0      0 ] [ 0 ],drive [ 12 ] [ 0 ] [ 1905 1459 1644 ] [    2   41   44 ] [  11925   7591   9925 ] [ 0 ],1.00,1.00,1.00,1.40,-144.08,-28.17,0.00,0.00,0.00,0.00,0.00,0.00,0.00,0.00,0.00,0.00,0.00,0.00,0.00,0.00,0.00,0
0.608421,-143,-27,290,0,DRIVE [ 13 ] [ 1 ] [ 1905 1442 1637 ] [    0    0    0 ] [      0      0      0 ] [ 0 ],drive [ 12 ] [ 0 ] [ 1905 1450 1640 ] [    2   41   44 ] [  11858   7619   9977 ] [ 0 ],1.00,1.00,1.00,1.40,-143.17,-27.48,0.00,0.00,0.00,0.00,0.00,0.00,0.00,0.00,0.00,0.00,0.00,0.00,0.00,0.00,0.00,0
0.620606,-142,-27,290,0,DRIVE [ 13 ] [ 1 ] [ 1905 1432 1633 ] [    0    0    0 ] [      0      0      0 ] [ 0 ],drive [ 13 ] [ 0 ] [ 1905 1442 1637 ] [    6   47   29 ] [  11858   7619   9977 ] [ 0 ],1.00,1.00,1.00,1.40,-142.38,-26.85,0.00,0.00,0.00,0.00,0.00,0.00,0.00,0.00,0.00,0.00,0.00,0.00,0.00,0.00,0.00,0
0.63234,-142,-26,290,0,DRIVE [ 14 ] [ 1 ] [ 1905 1423 1629 ] [    0    0    0 ] [      0      0      0 ] [ 0 ],drive [ 13 ] [ 0 ] [ 1905 1432 1633 ] [    6   47   29 ] [  11858   7619   9977 ] [ 0 ],1.00,1.00,1.00,1.40,-141.96,-26.35,0.00,0.00,0.00,0.00,0.00,0.00,0.00,0.00,0.00,0.00,0.00,0.00,0.00,0.00,0.00,0
0.644743,-141,-26,291,0,DRIVE [ 14 ] [ 1 ] [ 1905 1415 1626 ] [    0    0    0 ] [      0      0      0 ] [ 0 ],drive [ 14 ] [ 0 ] [ 1905 1423 1629 ] [    6   47   29 ] [  11858   7619   9977 ] [ 0 ],1.00,1.00,1.00,1.40,-141.37,-25.85,0.00,0.00,0.00,0.00,0.00,0.00,0.00,0.00,0.00,0.00,0.00,0.00,0.00,0.00,0.00,0
0.656926,-141,-25,291,0,DRIVE [ 15 ] [ 1 ] [ 1905 1407 1623 ] [    0    0    0 ] [      0      0      0 ] [ 0 ],drive [ 14 ] [ 0 ] [ 1905 1415 1626 ] [    6   47   29 ] [  11672   7853  10024 ] [ 0 ],1.00,1.00,1.00,1.40,-140.55,-25.32,0.00,0.00,0.00,0.00,0.00,0.00,0.00,0.00,0.00,0.00,0.00,0.00,0.00,0.00,0.00,0
0.668995,-140,-25,292,0,DRIVE [ 15 ] [ 1 ] [ 1905 1400 1621 ] [    0    0    0 ] [      0      0      0 ] [ 0 ],drive [ 15 ] [ 0 ] [ 1905 1407 1623 ] [   22   71   47 ] [  11672   7853  10024 ] [ 0 ],1.00,1.00,1.00,1.40,-139.93,-24.83,0.00,0.00,0.00,0.00,0.00,0.00,0.00,0.00,0.00,0.00,0.00,0.00,0.00,0.00,0.00,0
0.680791,-139,-24,294,0,DRIVE [ 16 ] [ 1 ] [ 1905 1394 1619 ] [    0    0    0 ] [      0      0      0 ] [ 0 ],drive [ 15 ] [ 0 ] [ 1905 1400 1621 ] [   22   71   47 ] [  11672   7853  10024 ] [ 0 ],1.00,1.00,1.00,1.40,-138.95,-24.19,0.00,0.00,0.00,0.00,0.00,0.00,0.00,0.00,0.00,0.00,0.00,0.00,0.00,0.00,0.00,0
0.693019,-138,-23,295,0,DRIVE [ 16 ] [ 1 ] [ 1905 1389 1619 ] [    0    0    0 ] [      0      0      0 ] [ 0 ],drive [ 16 ] [ 0 ] [ 1905 1394 1619 ] [   22   71   47 ] [  11672   7853  10024 ] [ 0 ],1.00,1.00,1.00,1.40,-137.84,-23.49,0.00,0.00,0.00,0.00,0.00,0.00,0.00,0.00,0.00,0.00,0.00,0.00,0.00,0.00,0.00,0
0.705142,-136,-23,295,0,DRIVE [ 17 ] [ 1 ] [ 1905 1384 1618 ] [    0    0    0 ] [      0      0      0 ] [ 0 ],drive [ 16 ] [ 0 ] [ 1905 1389 1619 ] [   22   71   47 ] [  11542   7940  10108 ] [ 0 ],1.00,1.00,1.00,1.40,-136.20,-22.51,0.00,0.00,0.00,0.00,0.00,0.00,0.00,0.00,0.00,0.00,0.00,0.00,0.00,0.00,0.00,0
0.718131,-134,-21,295,0,DRIVE [ 17 ] [ 1 ] [ 1905 1378 1619 ] [    0    0    0 ] [      0      0      0 ] [ 0 ],drive [ 17 ] [ 0 ] [ 1905 1384 1618 ] [   22   71   47 ] [  11542   7940  10108 ] [ 0 ],1.00,1.00,1.00,1.40,-134.44,-21.48,0.00,0.00,0.00,0.00,0.00,0.00,0.00,0.00,0.00,0.00,0.00,0.00,0.00,0.00,0.00,0
0.730064,-133,-20,295,0,DRIVE [ 18 ] [ 1 ] [ 1905 1373 1619 ] [    0    0    0 ] [      0      0      0 ] [ 0 ],drive [ 17 ] [ 0 ] [ 1905 1378 1619 ] [   10   47   26 ] [  11542   7940  10108 ] [ 0 ],1.00,1.00,1.00,1.40,-133.07,-20.49,0.00,0.00,0.00,0.00,0.00,0.00,0.00,0.00,0.00,0.00,0.00,0.00,0.00,0.00,0.00,0
0.742394,-131,-19,296,0,DRIVE [ 18 ] [ 1 ] [ 1905 1368 1620 ] [    0    0    0 ] [      0      0      0 ] [ 0 ],drive [ 18 ] [ 0 ] [ 1905 1373 1619 ] [   10   47   26 ] [  11542   7940  10108 ] [ 0 ],1.00,1.00,1.00,1.40,-131.44,-19.49,0.00,0.00,0.00,0.00,0.00,0.00,0.00,0.00,0.00,0.00,0.00,0.00,0.00,0.00,0.00,0
0.75441,-130,-19,297,0,DRIVE [ 19 ] [ 1 ] [ 1905 1364 1621 ] [    0    0    0 ] [      0      0      0 ] [ 0 ],drive [ 18 ] [ 0 ] [ 1905 1368 1620 ] [   10   47   26 ] [  11438   7949  10109 ] [ 0 ],1.00,1.00,1.00,1.40,-130.08,-18.52,0.00,0.00,0.00,0.00,0.00,0.00,0.00,0.00,0.00,0.00,0.00,0.00,0.00,0.00,0.00,0
0.766003,-129,-18,297,0,DRIVE [ 19 ] [ 1 ] [ 1905 1360 1622 ] [    0    0    0 ] [      0      0      0 ] [ 0 ],drive [ 19 ] [ 0 ] [ 1905 1364 1621 ] [   10   47   26 ] [  11438   7949  10109 ] [ 0 ],1.00,1.00,1.00,1.40,-128.64,-17.63,0.00,0.00,0.00,0.00,0.00,0.00,0.00,0.00,0.00,0.00,0.00,0.00,0.00,0.00,0.00,0
0.778421,-127,-17,297,0,DRIVE [ 20 ] [ 1 ] [ 1905 1355 1622 ] [    0    0    0 ] [      0      0      0 ] [ 0 ],drive [ 19 ] [ 0 ] [ 1905 1360 1622 ] [   27   65   25 ] [  11438   7949  10109 ] [ 0 ],1.00,1.00,1.00,1.40,-126.99,-16.77,0.00,0.00,0.00,0.00,0.00,0.00,0.00,0.00,0.00,0.00,0.00,0.00,0.00,0.00,0.00,0
0.790534,-126,-16,297,0,DRIVE [ 20 ] [ 1 ] [ 1905 1350 1622 ] [    0    0    0 ] [      0      0      0 ] [ 0 ],drive [ 20 ] [ 0 ] [ 1905 1355 1622 ] [   27   65   25 ] [  11438   7949  10109 ] [ 0 ],1.00,1.00,1.00,1.40,-125.82,-16.11,0.00,0.00,0.00,0.00,0.00,0.00,0.00,0.00,0.00,0.00,0.00,0.00,0.00,0.00,0.00,0
0.802661,-124,-15,297,0,DRIVE [ 21 ] [ 1 ] [ 1905 1346 1621 ] [    0    0    0 ] [      0      0      0 ] [ 0 ],drive [ 20 ] [ 0 ] [ 1905 1350 1622 ] [   27   65   25 ] [  11438   7949  10109 ] [ 0 ],1.00,1.00,1.00,1.40,-124.31,-15.45,0.00,0.00,0.00,0.00,0.00,0.00,0.00,0.00,0.00,0.00,0.00,0.00,0.00,0.00,0.00,0
0.814431,-123,-15,297,0,DRIVE [ 21 ] [ 1 ] [ 1905 1342 1621 ] [    0    0    0 ] [      0      0      0 ] [ 0 ],drive [ 21 ] [ 0 ] [ 1905 1346 1621 ] [   27   65   25 ] [  11286   8065  10133 ] [ 0 ],1.00,1.00,1.00,1.40,-123.02,-14.89,0.00,0.00,0.00,0.00,0.00,0.00,0.00,0.00,0.00,0.00,0.00,0.00,0.00,0.00,0.00,0
0.82856,-122,-14,298,0,DRIVE [ 22 ] [ 1 ] [ 1905 1339 1622 ] [    0    0    0 ] [      0      0      0 ] [ 0 ],drive [ 21 ] [ 0 ] [ 1905 1342 1621 ] [    9   58   46 ] [  11286   8065  10133 ] [ 0 ],1.00,1.00,1.00,1.40,-121.68,-14.37,0.00,0.00,0.00,0.00,0.00,0.00,0.00,0.00,0.00,0.00,0.00,0.00,0.00,0.00,0.00,0
0.840931,-120,-14,299,0,DRIVE [ 22 ] [ 1 ] [ 1905 1335 1621 ] [    0    0    0 ] [      0      0      0 ] [ 0 ],drive [ 22 ] [ 0 ] [ 1905 1339 1622 ] [    9   58   46 ] [  11286   8065  10133 ] [ 0 ],1.00,1.00,1.00,1.40,-120.31,-13.93,0.00,0.00,0.00,0.00,0.00,0.00,0.00,0.00,0.00,0.00,0.00,0.00,0.00,0.00,0.00,0
0.853202,-119,-13,299,0,DRIVE [ 23 ] [ 1 ] [ 1905 1333 1622 ] [    0    0    0 ] [      0      0      0 ] [ 0 ],drive [ 22 ] [ 0 ] [ 1905 1335 1621 ] [    9   58   46 ] [  11286   8065  10133 ] [ 0 ],1.00,1.00,1.00,1.40,-118.69,-13.40,0.00,0.00,0.00,0.00,0.00,0.00,0.00,0.00,0.00,0.00,0.00,0.00,0.00,0.00,0.00,0
0.864893,-118,-13,300,0,DRIVE [ 23 ] [ 1 ] [ 1905 1330 1622 ] [    0    0    0 ] [      0      0      0 ] [ 0 ],drive [ 23 ] [ 0 ] [ 1905 1333 1622 ] [    9   58   46 ] [  11254   8069  10202 ] [ 0 ],1.00,1.00,1.00,1.40,-117.51,-12.96,0.00,0.00,0.00,0.00,0.00,0.00,0.00,0.00,0.00,0.00,0.00,0.00,0.00,0.00,0.00,0
0.877048,-116,-13,300,0,DRIVE [ 24 ] [ 1 ] [ 1905 1330 1622 ] [    0    0    0 ] [      0      0      0 ] [ 0 ],drive [ 23 ] [ 0 ] [ 1905 1330 1622 ] [    8   72   33 ] [  11254   8069  10202 ] [ 0 ],1.00,1.00,1.00,1.40,-115.76,-12.67,0.00,0.00,0.00,0.00,0.00,0.00,0.00,0.00,0.00,0.00,0.00,0.00,0.00,0.00,0.00,0
0.888834,-115,-13,301,0,DRIVE [ 24 ] [ 1 ] [ 1905 1329 1621 ] [    0    0    0 ] [      0      0      0 ] [ 0 ],drive [ 24 ] [ 0 ] [ 1905 1330 1622 ] [    8   72   33 ] [  11254   8069  10202 ] [ 0 ],1.00,1.00,1.00,1.40,-114.64,-12.68,0.00,0.00,0.00,0.00,0.00,0.00,0.00,0.00,0.00,0.00,0.00,0.00,0.00,0.00,0.00,0
0.900868,-114,-13,302,0,DRIVE [ 25 ] [ 1 ] [ 1905 1329 1620 ] [    0    0    0 ] [      0      0      0 ] [ 0 ],drive [ 24 ] [ 0 ] [ 1905 1329 1621 ] [    8   72   33 ] [  11254   8069  10202 ] [ 0 ],1.00,1.00,1.00,1.40,-113.64,-12.83,0.00,0.00,0.00,0.00,0.00,0.00,0.00,0.00,0.00,0.00,0.00,0.00,0.00,0.00,0.00,0
0.913248,-112,-13,301,0,DRIVE [ 25 ] [ 1 ] [ 1905 1329 1618 ] [    0    0    0 ] [      0      0      0 ] [ 0 ],drive [ 25 ] [ 0 ] [ 1905 1329 1620 ] [    8   72   33 ] [  11254   8167  10202 ] [ 0 ],1.00,1.00,1.00,1.40,-111.83,-12.92,0.00,0.00,0.00,0.00,0.00,0.00,0.00,0.00,0.00,0.00,0.00,0.00,0.00,0.00,0.00,0
0.925419,-110,-13,301,0,DRIVE [ 26 ] [ 1 ] [ 1905 1330 1617 ] [    0    0    0 ] [      0      0      0 ] [ 0 ],drive [ 25 ] [ 0 ] [ 1905 1329 1618 ] [    8   55   32 ] [  11254   8167  10202 ] [ 0 ],1.00,1.00,1.00,1.40,-110.17,-13.10,0.00,0.00,0.00,0.00,0.00,0.00,0.00,0.00,0.00,0.00,0.00,0.00,0.00,0.00,0.00,0
0.937709,-109,-13,301,0,DRIVE [ 26 ] [ 1 ] [ 1905 1331 1615 ] [    0    0    0 ] [      0      0      0 ] [ 0 ],drive [ 26 ] [ 0 ] [ 1905 1330 1617 ] [    8   55   32 ] [  11254   8167  10202 ] [ 0 ],1.00,1.00,1.00,1.40,-108.55,-13.34,0.00,0.00,0.00,0.00,0.00,0.00,0.00,0.00,0.00,0.00,0.00,0.00,0.00,0.00,0.00,0
0.95075,-107,-14,302,0,DRIVE [ 27 ] [ 1 ] [ 1905 1332 1613 ] [    0    0    0 ] [      0      0      0 ] [ 0 ],drive [ 26 ] [ 0 ] [ 1905 1331 1615 ] [    8   55   32 ] [  11254   8167  10202 ] [ 0 ],1.00,1.00,1.00,1.40,-107.24,-13.56,0.00,0.00,0.00,0.00,0.00,0.00,0.00,0.00,0.00,0.00,0.00,0.00,0.00,0.00,0.00,0
0.962488,-106,-14,302,0,DRIVE [ 27 ] [ 1 ] [ 1905 1332 1611 ] [    0    0    0 ] [      0      0      0 ] [ 0 ],drive [ 27 ] [ 0 ] [ 1905 1332 1613 ] [    8   55   32 ] [  11253   8167  10211 ] [ 0 ],1.00,1.00,1.00,1.40,-105.76,-13.70,0.00,0.00,0.00,0.00,0.00,0.00,0.00,0.00,0.00,0.00,0.00,0.00,0.00,0.00,0.00,0
0.974849,-104,-14,302,0,DRIVE [ 28 ] [ 1 ] [ 1905 1332 1610 ] [    0    0    0 ] [      0      0      0 ] [ 0 ],drive [ 27 ] [ 0 ] [ 1905 1332 1611 ] [    9   55   28 ] [  11253   8167  10211 ] [ 0 ],1.00,1.00,1.00,1.40,-104.47,-13.79,0.00,0.00,0.00,0.00,0.00,0.00,0.00,0.00,0.00,0.00,0.00,0.00,0.00,0.00,0.00,0
0.986603,-103,-14,302,0,DRIVE [ 28 ] [ 1 ] [ 1905 1332 1609 ] [    0    0    0 ] [      0      0      0 ] [ 0 ],drive [ 28 ] [ 0 ] [ 1905 1332 1610 ] [    9   55   28 ] [  11253   8167  10211 ] [ 0 ],1.00,1.00,1.00,1.40,-103.12,-13.75,0.00,0.00,0.00,0.00,0.00,0.00,0.00,0.00,0.00,0.00,0.00,0.00,0.00,0.00,0.00,0
0.99823,-102,-14,302,0,DRIVE [ 29 ] [ 1 ] [ 1905 1333 1609 ] [    0    0    0 ] [      0      0      0 ] [ 0 ],drive [ 28 ] [ 0 ] [ 1905 1332 1609 ] [    9   55   28 ] [  11253   8167  10211 ] [ 0 ],1.00,1.00,1.00,1.40,-101.75,-13.72,0.00,0.00,0.00,0.00,0.00,0.00,0.00,0.00,0.00,0.00,0.00,0.00,0.00,0.00,0.00,0
1.01065,-100,-14,302,0,DRIVE [ 29 ] [ 1 ] [ 1905 1335 1608 ] [    0    0    0 ] [      0      0      0 ] [ 0 ],drive [ 29 ] [ 0 ] [ 1905 1333 1609 ] [    9   55   28 ] [  11253   8167  10212 ] [ 0 ],1.00,1.00,1.00,1.40,-100.42,-13.81,0.00,0.00,0.00,0.00,0.00,0.00,0.00,0.00,0.00,0.00,0.00,0.00,0.00,0.00,0.00,0
1.02301,-99,-14,303,0,DRIVE [ 30 ] [ 1 ] [ 1905 1336 1607 ] [    0    0    0 ] [      0      0      0 ] [ 0 ],drive [ 29 ] [ 0 ] [ 1905 1335 1608 ] [    7   55   29 ] [  11253   8167  10212 ] [ 0 ],1.00,1.00,1.00,1.40,-99.22,-13.90,0.00,0.00,0.00,0.00,0.00,0.00,0.00,0.00,0.00,0.00,0.00,0.00,0.00,0.00,0.00,0
1.03531,-98,-14,304,0,DRIVE [ 30 ] [ 1 ] [ 1905 1337 1606 ] [    0    0    0 ] [      0      0      0 ] [ 0 ],drive [ 30 ] [ 0 ] [ 1905 1336 1607 ] [    7   55   29 ] [  11253   8167  10212 ] [ 0 ],1.00,1.00,1.00,1.40,-98.12,-14.03,0.00,0.00,0.00,0.00,0.00,0.00,0.00,0.00,0.00,0.00,0.00,0.00,0.00,0.00,0.00,0
1.04775,-97,-14,303,0,DRIVE [ 31 ] [ 1 ] [ 1905 1338 1605 ] [    0    0    0 ] [      0      0      0 ] [ 0 ],drive [ 30 ] [ 0 ] [ 1905 1337 1606 ] [    7   55   29 ] [  11253   8167  10212 ] [ 0 ],1.00,1.00,1.00,1.40,-96.73,-14.07,0.00,0.00,0.00,0.00,0.00,0.00,0.00,0.00,0.00,0.00,0.00,0.00,0.00,0.00,0.00,0
1.0615,-95,-14,303,0,DRIVE [ 31 ] [ 1 ] [ 1905 1338 1604 ] [    0    0    0 ] [      0      0      0 ] [ 0 ],drive [ 31 ] [ 0 ] [ 1905 1338 1605 ] [    7   55   29 ] [  11253   8167  10228 ] [ 0 ],1.00,1.00,1.00,1.40,-95.44,-14.06,0.00,0.00,0.00,0.00,0.00,0.00,0.00,0.00,0.00,0.00,0.00,0.00,0.00,0.00,0.00,0
1.07379,-94,-14,303,0,DRIVE [ 32 ] [ 1 ] [ 1905 1337 1604 ] [    0    0    0 ] [      0      0      0 ] [ 0 ],drive [ 31 ] [ 0 ] [ 1905 1338 1604 ] [    8   54   26 ] [  11253   8167  10228 ] [ 0 ],1.00,1.00,1.00,1.40,-94.23,-13.91,0.00,0.00,0.00,0.00,0.00,0.00,0.00,0.00,0.00,0.00,0.00,0.00,0.00,0.00,0.00,0
1.08604,-93,-14,303,0,DRIVE [ 32 ] [ 1 ] [ 1905 1338 1604 ] [    0    0    0 ] [      0      0      0 ] [ 0 ],drive [ 32 ] [ 0 ] [ 1905 1337 1604 ] [    8   54   26 ] [  11253   8167  10228 ] [ 0 ],1.00,1.00,1.00,1.40,-92.90,-13.61,0.00,0.00,0.00,0.00,0.00,0.00,0.00,0.00,0.00,0.00,0.00,0.00,0.00,0.00,0.00,0
1.09786,-92,-13,303,0,DRIVE [ 33 ] [ 1 ] [ 1905 1338 1605 ] [    0    0    0 ] [      0      0      0 ] [ 0 ],drive [ 32 ] [ 0 ] [ 1905 1338 1604 ] [    8   54   26 ] [  11253   8167  10228 ] [ 0 ],1.00,1.00,1.00,1.40,-91.59,-13.30,0.00,0.00,0.00,0.00,0.00,0.00,0.00,0.00,0.00,0.00,0.00,0.00,0.00,0.00,0.00,0
1.11036,-90,-13,304,0,DRIVE [ 33 ] [ 1 ] [ 1905 1344 1610 ] [    0    0    0 ] [      0      0      0 ] [ 0 ],drive [ 33 ] [ 0 ] [ 1905 1338 1605 ] [    8   54   26 ] [  11253   8167  10228 ] [ 0 ],1.00,1.00,1.00,1.40,-90.31,-12.93,0.00,0.00,0.00,0.00,0.00,0.00,0.00,0.00,0.00,0.00,0.00,0.00,0.00,0.00,0.00,0
1.12265,-89,-13,304,0,DRIVE [ 34 ] [ 1 ] [ 1905 1352 1616 ] [    0    0    0 ] [      0      0      0 ] [ 0 ],drive [ 33 ] [ 0 ] [ 1905 1344 1610 ] [    9   55   26 ] [  11253   8167  10228 ] [ 0 ],1.00,1.00,1.00,1.40,-88.93,-12.51,0.00,0.00,0.00,0.00,0.00,0.00,0.00,0.00,0.00,0.00,0.00,0.00,0.00,0.00,0.00,0
1.13483,-87,-12,304,0,DRIVE [ 34 ] [ 1 ] [ 1905 1363 1623 ] [    0    0    0 ] [      0      0      0 ] [ 0 ],drive [ 34 ] [ 0 ] [ 1905 1352 1616 ] [    9   55   26 ] [  11253   8167  10228 ] [ 0 ],1.00,1.00,1.00,1.40,-86.82,-11.89,0.00,0.00,0.00,0.00,0.00,0.00,0.00,0.00,0.00,0.00,0.00,0.00,0.00,0.00,0.00,0
1.14674,-85,-11,303,0,DRIVE [ 35 ] [ 1 ] [ 1905 1373 1631 ] [    0    0    0 ] [      0      0      0 ] [ 0 ],drive [ 34 ] [ 0 ] [ 1905 1363 1623 ] [    9   55   26 ] [  11253   8167  10228 ] [ 0 ],1.00,1.00,1.00,1.40,-84.86,-11.30,0.00,0.00,0.00,0.00,0.00,0.00,0.00,0.00,0.00,0.00,0.00,0.00,0.00,0.00,0.00,0
1.15893,-83,-11,304,0,DRIVE [ 35 ] [ 1 ] [ 1905 1383 1638 ] [    0    0    0 ] [      0      0      0 ] [ 0 ],drive [ 35 ] [ 0 ] [ 1905 1373 1631 ] [    9   55   26 ] [  11252   8164  10228 ] [ 0 ],1.00,1.00,1.00,1.40,-83.11,-10.72,0.00,0.00,0.00,0.00,0.00,0.00,0.00,0.00,0.00,0.00,0.00,0.00,0.00,0.00,0.00,0
1.17122,-81,-10,303,0,DRIVE [ 36 ] [ 1 ] [ 1905 1392 1645 ] [    0    0    0 ] [      0      0      0 ] [ 0 ],drive [ 35 ] [ 0 ] [ 1905 1383 1638 ] [    8   52   25 ] [  11252   8164  10228 ] [ 0 ],1.00,1.00,1.00,1.40,-81.25,-10.13,0.00,0.00,0.00,0.00,0.00,0.00,0.00,0.00,0.00,0.00,0.00,0.00,0.00,0.00,0.00,0
1.18437,-80,-10,305,0,DRIVE [ 36 ] [ 1 ] [ 1905 1401 1651 ] [    0    0    0 ] [      0      0      0 ] [ 0 ],drive [ 36 ] [ 0 ] [ 1905 1392 1645 ] [    8   52   25 ] [  11252   8164  10228 ] [ 0 ],1.00,1.00,1.00,1.40,-79.88,-9.69,0.00,0.00,0.00,0.00,0.00,0.00,0.00,0.00,0.00,0.00,0.00,0.00,0.00,0.00,0.00,0
1.19586,-78,-9,304,0,DRIVE [ 37 ] [ 1 ] [ 1905 1410 1657 ] [    0    0    0 ] [      0      0      0 ] [ 0 ],drive [ 36 ] [ 0 ] [ 1905 1401 1651 ] [    8   52   25 ] [  11252   8164  10228 ] [ 0 ],1.00,1.00,1.00,1.40,-78.17,-9.24,0.00,0.00,0.00,0.00,0.00,0.00,0.00,0.00,0.00,0.00,0.00,0.00,0.00,0.00,0.00,0
1.20786,-76,-9,304,0,DRIVE [ 37 ] [ 1 ] [ 1905 1419 1663 ] [    0    0    0 ] [      0      0      0 ] [ 0 ],drive [ 37 ] [ 0 ] [ 1905 1410 1657 ] [    8   52   25 ] [  11251   8162  10228 ] [ 0 ],1.00,1.00,1.00,1.40,-76.49,-8.80,0.00,0.00,0.00,0.00,0.00,0.00,0.00,0.00,0.00,0.00,0.00,0.00,0.00,0.00,0.00,0
1.21976,-75,-8,305,0,DRIVE [ 38 ] [ 1 ] [ 1905 1427 1669 ] [    0    0    0 ] [      0      0      0 ] [ 0 ],drive [ 37 ] [ 0 ] [ 1905 1419 1663 ] [    3   49   22 ] [  11251   8162  10228 ] [ 0 ],1.00,1.00,1.00,1.40,-75.38,-8.47,0.00,0.00,0.00,0.00,0.00,0.00,0.00,0.00,0.00,0.00,0.00,0.00,0.00,0.00,0.00,0
1.23167,-74,-8,305,0,DRIVE [ 38 ] [ 1 ] [ 1905 1435 1674 ] [    0    0    0 ] [      0      0      0 ] [ 0 ],drive [ 38 ] [ 0 ] [ 1905 1427 1669 ] [    3   49   22 ] [  11251   8162  10228 ] [ 0 ],1.00,1.00,1.00,1.40,-73.95,-8.16,0.00,0.00,0.00,0.00,0.00,0.00,0.00,0.00,0.00,0.00,0.00,0.00,0.00,0.00,0.00,0
1.24421,-73,-8,305,0,DRIVE [ 39 ] [ 1 ] [ 1905 1443 1678 ] [    0    0    0 ] [      0      0      0 ] [ 0 ],drive [ 38 ] [ 0 ] [ 1905 1435 1674 ] [    3   49   22 ] [  11251   8162  10228 ] [ 0 ],1.00,1.00,1.00,1.40,-72.70,-7.94,0.00,0.00,0.00,0.00,0.00,0.00,0.00,0.00,0.00,0.00,0.00,0.00,0.00,0.00,0.00,0
1.2568,-71,-8,304,0,DRIVE [ 39 ] [ 1 ] [ 1905 1450 1682 ] [    0    0    0 ] [      0      0      0 ] [ 0 ],drive [ 39 ] [ 0 ] [ 1905 1443 1678 ] [    3   49   22 ] [  11152   8160  10227 ] [ 0 ],1.00,1.00,1.00,1.40,-71.25,-7.74,0.00,0.00,0.00,0.00,0.00,0.00,0.00,0.00,0.00,0.00,0.00,0.00,0.00,0.00,0.00,0
1.26914,-70,-8,305,0,DRIVE [ 40 ] [ 1 ] [ 1905 1457 1685 ] [    0    0    0 ] [      0      0      0 ] [ 0 ],drive [ 39 ] [ 0 ] [ 1905 1450 1682 ] [    3   49   22 ] [  11152   8160  10227 ] [ 0 ],1.00,1.00,1.00,1.40,-70.27,-7.69,0.00,0.00,0.00,0.00,0.00,0.00,0.00,0.00,0.00,0.00,0.00,0.00,0.00,0.00,0.00,0
1.28105,-70,-8,306,0,DRIVE [ 40 ] [ 1 ] [ 1905 1463 1687 ] [    0    0    0 ] [      0      0      0 ] [ 0 ],drive [ 40 ] [ 0 ] [ 1905 1457 1685 ] [   16   46   19 ] [  11152   8160  10227 ] [ 0 ],1.00,1.00,1.00,1.40,-69.64,-7.72,0.00,0.00,0.00,0.00,0.00,0.00,0.00,0.00,0.00,0.00,0.00,0.00,0.00,0.00,0.00,0
1.29351,-69,-8,307,0,DRIVE [ 41 ] [ 1 ] [ 1905 1469 1689 ] [    0    0    0 ] [      0      0      0 ] [ 0 ],drive [ 40 ] [ 0 ] [ 1905 1463 1687 ] [   16   46   19 ] [  11152   8160  10227 ] [ 0 ],1.00,1.00,1.00,1.40,-68.94,-7.85,0.00,0.00,0.00,0.00,0.00,0.00,0.00,0.00,0.00,0.00,0.00,0.00,0.00,0.00,0.00,0
1.30582,-68,-8,308,0,DRIVE [ 41 ] [ 1 ] [ 1905 1475 1689 ] [    0    0    0 ] [      0      0      0 ] [ 0 ],drive [ 41 ] [ 0 ] [ 1905 1469 1689 ] [   16   46   19 ] [  11146   8158  10227 ] [ 0 ],1.00,1.00,1.00,1.40,-68.47,-8.20,0.00,0.00,0.00,0.00,0.00,0.00,0.00,0.00,0.00,0.00,0.00,0.00,0.00,0.00,0.00,0
1.3181,-68,-9,308,0,DRIVE [ 42 ] [ 1 ] [ 1905 1479 1688 ] [    0    0    0 ] [      0      0      0 ] [ 0 ],drive [ 41 ] [ 0 ] [ 1905 1475 1689 ] [   16   46   19 ] [  11146   8158  10227 ] [ 0 ],1.00,1.00,1.00,1.40,-68.16,-8.57,0.00,0.00,0.00,0.00,0.00,0.00,0.00,0.00,0.00,0.00,0.00,0.00,0.00,0.00,0.00,0
1.33012,-68,-9,308,0,DRIVE [ 42 ] [ 1 ] [ 1905 1482 1687 ] [    0    0    0 ] [      0      0      0 ] [ 0 ],drive [ 42 ] [ 0 ] [ 1905 1479 1688 ] [   16   44   19 ] [  11146   8158  10227 ] [ 0 ],1.00,1.00,1.00,1.40,-67.99,-9.08,0.00,0.00,0.00,0.00,0.00,0.00,0.00,0.00,0.00,0.00,0.00,0.00,0.00,0.00,0.00,0
1.34259,-68,-10,310,0,DRIVE [ 43 ] [ 1 ] [ 1905 1484 1684 ] [    0    0    0 ] [      0      0      0 ] [ 0 ],drive [ 42 ] [ 0 ] [ 1905 1482 1687 ] [   16   44   19 ] [  11146   8158  10227 ] [ 0 ],1.00,1.00,1.00,1.40,-68.31,-9.64,0.00,0.00,0.00,0.00,0.00,0.00,0.00,0.00,0.00,0.00,0.00,0.00,0.00,0.00,0.00,0
1.35502,-68,-10,310,0,DRIVE [ 43 ] [ 1 ] [ 1905 1485 1682 ] [    0    0    0 ] [      0      0      0 ] [ 0 ],drive [ 43 ] [ 0 ] [ 1905 1484 1684 ] [   16   44   19 ] [  11146   8154  10227 ] [ 0 ],1.00,1.00,1.00,1.40,-68.44,-10.05,0.00,0.00,0.00,0.00,0.00,0.00,0.00,0.00,0.00,0.00,0.00,0.00,0.00,0.00,0.00,0
1.36668,-68,-10,310,0,DRIVE [ 44 ] [ 1 ] [ 1905 1485 1680 ] [    0    0    0 ] [      0      0      0 ] [ 0 ],drive [ 43 ] [ 0 ] [ 1905 1485 1682 ] [   16   44   19 ] [  11146   8154  10227 ] [ 0 ],1.00,1.00,1.00,1.40,-68.40,-10.37,0.00,0.00,0.00,0.00,0.00,0.00,0.00,0.00,0.00,0.00,0.00,0.00,0.00,0.00,0.00,0
1.37934,-69,-11,310,0,DRIVE [ 44 ] [ 1 ] [ 1905 1485 1679 ] [    0    0    0 ] [      0      0      0 ] [ 0 ],drive [ 44 ] [ 0 ] [ 1905 1485 1680 ] [   16   44   20 ] [  11146   8154  10227 ] [ 0 ],1.00,1.00,1.00,1.40,-68.69,-10.62,0.00,0.00,0.00,0.00,0.00,0.00,0.00,0.00,0.00,0.00,0.00,0.00,0.00,0.00,0.00,0
1.39111,-69,-11,311,0,DRIVE [ 45 ] [ 1 ] [ 1905 1485 1678 ] [    0    0    0 ] [      0      0      0 ] [ 0 ],drive [ 44 ] [ 0 ] [ 1905 1485 1679 ] [   16   44   20 ] [  11146   8154  10227 ] [ 0 ],1.00,1.00,1.00,1.40,-69.02,-10.79,0.00,0.00,0.00,0.00,0.00,0.00,0.00,0.00,0.00,0.00,0.00,0.00,0.00,0.00,0.00,0
1.40339,-69,-11,311,0,DRIVE [ 45 ] [ 1 ] [ 1905 1485 1678 ] [    0    0    0 ] [      0      0      0 ] [ 0 ],drive [ 45 ] [ 0 ] [ 1905 1485 1678 ] [   16   44   20 ] [  11146   8154  10227 ] [ 0 ],1.00,1.00,1.00,1.40,-69.02,-10.85,0.00,0.00,0.00,0.00,0.00,0.00,0.00,0.00,0.00,0.00,0.00,0.00,0.00,0.00,0.00,0
1.41503,-69,-11,312,0,DRIVE [ 46 ] [ 1 ] [ 1905 1485 1677 ] [    0    0    0 ] [      0      0      0 ] [ 0 ],drive [ 45 ] [ 0 ] [ 1905 1485 1678 ] [   16   44   20 ] [  11146   8151  10227 ] [ 0 ],1.00,1.00,1.00,1.40,-69.17,-10.91,0.00,0.00,0.00,0.00,0.00,0.00,0.00,0.00,0.00,0.00,0.00,0.00,0.00,0.00,0.00,0
1.42754,-69,-11,312,0,DRIVE [ 46 ] [ 1 ] [ 1905 1485 1678 ] [    0    0    0 ] [      0      0      0 ] [ 0 ],drive [ 46 ] [ 0 ] [ 1905 1485 1677 ] [   16   45   19 ] [  11146   8151  10227 ] [ 0 ],1.00,1.00,1.00,1.40,-69.33,-10.88,0.00,0.00,0.00,0.00,0.00,0.00,0.00,0.00,0.00,0.00,0.00,0.00,0.00,0.00,0.00,0
1.43997,-69,-11,312,0,DRIVE [ 47 ] [ 1 ] [ 1905 1485 1678 ] [    0    0    0 ] [      0      0      0 ] [ 0 ],drive [ 46 ] [ 0 ] [ 1905 1485 1678 ] [   16   45   19 ] [  11146   8151  10227 ] [ 0 ],1.00,1.00,1.00,1.40,-69.09,-10.78,0.00,0.00,0.00,0.00,0.00,0.00,0.00,0.00,0.00,0.00,0.00,0.00,0.00,0.00,0.00,0
1.45348,-69,-11,312,0,DRIVE [ 47 ] [ 1 ] [ 1905 1488 1680 ] [    0    0    0 ] [      0      0      0 ] [ 0 ],drive [ 47 ] [ 0 ] [ 1905 1485 1678 ] [   16   45   19 ] [  11146   8151  10227 ] [ 0 ],1.00,1.00,1.00,1.40,-68.64,-10.66,0.00,0.00,0.00,0.00,0.00,0.00,0.00,0.00,0.00,0.00,0.00,0.00,0.00,0.00,0.00,0
1.46547,-68,-10,312,0,DRIVE [ 48 ] [ 1 ] [ 1905 1492 1683 ] [    0    0    0 ] [      0      0      0 ] [ 0 ],drive [ 47 ] [ 0 ] [ 1905 1488 1680 ] [   16   45   19 ] [  11146   8145  10227 ] [ 0 ],1.00,1.00,1.00,1.40,-67.89,-10.45,0.00,0.00,0.00,0.00,0.00,0.00,0.00,0.00,0.00,0.00,0.00,0.00,0.00,0.00,0.00,0
1.47822,-67,-10,312,0,DRIVE [ 48 ] [ 1 ] [ 1905 1496 1685 ] [    0    0    0 ] [      0      0      0 ] [ 0 ],drive [ 48 ] [ 0 ] [ 1905 1492 1683 ] [   17   48   20 ] [  11146   8145  10227 ] [ 0 ],1.00,1.00,1.00,1.40,-67.16,-10.28,0.00,0.00,0.00,0.00,0.00,0.00,0.00,0.00,0.00,0.00,0.00,0.00,0.00,0.00,0.00,0
1.49095,-66,-10,312,0,DRIVE [ 49 ] [ 1 ] [ 1905 1502 1689 ] [    0    0    0 ] [      0      0      0 ] [ 0 ],drive [ 48 ] [ 0 ] [ 1905 1496 1685 ] [   17   48   20 ] [  11146   8145  10227 ] [ 0 ],1.00,1.00,1.00,1.40,-66.12,-10.09,0.00,0.00,0.00,0.00,0.00,0.00,0.00,0.00,0.00,0.00,0.00,0.00,0.00,0.00,0.00,0
1.5039,-65,-10,311,0,DRIVE [ 49 ] [ 1 ] [ 1905 1508 1692 ] [    0    0    0 ] [      0      0      0 ] [ 0 ],drive [ 49 ] [ 0 ] [ 1905 1502 1689 ] [   17   48   20 ] [  11146   8145  10227 ] [ 0 ],1.00,1.00,1.00,1.40,-64.94,-9.88,0.00,0.00,0.00,0.00,0.00,0.00,0.00,0.00,0.00,0.00,0.00,0.00,0.00,0.00,0.00,0
1.51588,-64,-10,311,0,DRIVE [ 50 ] [ 1 ] [ 1905 1517 1696 ] [    0    0    0 ] [      0      0      0 ] [ 0 ],drive [ 49 ] [ 0 ] [ 1905 1508 1692 ] [   17   48   20 ] [  11145   8128  10227 ] [ 0 ],1.00,1.00,1.00,1.40,-63.57,-9.74,0.00,0.00,0.00,0.00,0.00,0.00,0.00,0.00,0.00,0.00,0.00,0.00,0.00,0.00,0.00,0
1.52856,-62,-9,310,0,DRIVE [ 50 ] [ 1 ] [ 1905 1526 1702 ] [    0    0    0 ] [      0      0      0 ] [ 0 ],drive [ 50 ] [ 0 ] [ 1905 1517 1696 ] [   17   55   19 ] [  11145   8128  10227 ] [ 0 ],1.00,1.00,1.00,1.40,-61.71,-9.47,0.00,0.00,0.00,0.00,0.00,0.00,0.00,0.00,0.00,0.00,0.00,0.00,0.00,0.00,0.00,0
1.54096,-60,-9,311,0,DRIVE [ 51 ] [ 1 ] [ 1905 1538 1707 ] [    0    0    0 ] [      0      0      0 ] [ 0 ],drive [ 50 ] [ 0 ] [ 1905 1526 1702 ] [   17   55   19 ] [  11145   8128  10227 ] [ 0 ],1.00,1.00,1.00,1.40,-60.01,-9.26,0.00,0.00,0.00,0.00,0.00,0.00,0.00,0.00,0.00,0.00,0.00,0.00,0.00,0.00,0.00,0
1.55307,-58,-9,311,0,DRIVE [ 51 ] [ 1 ] [ 1905 1551 1714 ] [    0    0    0 ] [      0      0      0 ] [ 0 ],drive [ 51 ] [ 0 ] [ 1905 1538 1707 ] [   17   55   19 ] [  11145   8128  10227 ] [ 0 ],1.00,1.00,1.00,1.40,-57.81,-8.99,0.00,0.00,0.00,0.00,0.00,0.00,0.00,0.00,0.00,0.00,0.00,0.00,0.00,0.00,0.00,0
1.56512,-56,-9,312,0,DRIVE [ 52 ] [ 1 ] [ 1905 1565 1721 ] [    0    0    0 ] [      0      0      0 ] [ 0 ],drive [ 51 ] [ 0 ] [ 1905 1551 1714 ] [   17   55   19 ] [  11144   8079  10226 ] [ 0 ],1.00,1.00,1.00,1.40,-55.57,-8.74,0.00,0.00,0.00,0.00,0.00,0.00,0.00,0.00,0.00,0.00,0.00,0.00,0.00,0.00,0.00,0
1.5775,-52,-8,311,0,DRIVE [ 52 ] [ 1 ] [ 1905 1586 1731 ] [    0    0    0 ] [      0      0      0 ] [ 0 ],drive [ 52 ] [ 0 ] [ 1905 1565 1721 ] [   17   37   18 ] [  11144   8079  10226 ] [ 0 ],1.00,1.00,1.00,1.40,-52.15,-8.33,0.00,0.00,0.00,0.00,0.00,0.00,0.00,0.00,0.00,0.00,0.00,0.00,0.00,0.00,0.00,0
1.58963,-49,-8,311,0,DRIVE [ 53 ] [ 1 ] [ 1905 1605 1741 ] [    0    0    0 ] [      0      0      0 ] [ 0 ],drive [ 52 ] [ 0 ] [ 1905 1586 1731 ] [   17   37   18 ] [  11144   8079  10226 ] [ 0 ],1.00,1.00,1.00,1.40,-48.92,-7.90,0.00,0.00,0.00,0.00,0.00,-0.00,-0.00,0.00,0.00,0.00,0.00,0.00,0.00,0.00,0.00,0
1.6017,-46,-8,310,0,DRIVE [ 53 ] [ 1 ] [ 1905 1624 1751 ] [    0    0    0 ] [      0      0      0 ] [ 0 ],drive [ 53 ] [ 0 ] [ 1905 1605 1741 ] [   17   37   18 ] [  11144   8079  10226 ] [ 0 ],1.00,1.00,1.00,1.40,-45.80,-7.58,0.00,0.00,0.00,0.00,0.00,-0.00,-0.00,0.00,0.00,0.00,0.00,0.00,0.00,0.00,0.00,0
1.61354,-43,-7,308,0,DRIVE [ 54 ] [ 1 ] [ 1905 1643 1760 ] [    0    0    0 ] [      0      0      0 ] [ 0 ],drive [ 53 ] [ 0 ] [ 1905 1624 1751 ] [   17   37   18 ] [  11144   7981  10221 ] [ 0 ],1.00,1.00,1.00,1.40,-42.57,-7.19,0.00,0.00,0.00,0.00,0.00,-0.00,-0.00,0.00,0.00,0.00,0.00,0.00,0.00,0.00,0.00,0
1.62581,-40,-7,307,0,DRIVE [ 54 ] [ 1 ] [ 1905 1661 1769 ] [    0    0    0 ] [      0      0      0 ] [ 0 ],drive [ 54 ] [ 0 ] [ 1905 1643 1760 ] [   17   28   15 ] [  11144   7981  10221 ] [ 0 ],1.00,1.00,1.00,1.40,-39.55,-6.78,0.00,0.00,0.00,0.00,0.00,-0.00,-0.00,0.00,0.00,0.00,0.00,0.00,0.00,0.00,0.00,0
1.63791,-36,-6,306,0,DRIVE [ 55 ] [ 1 ] [ 1905 1679 1778 ] [    0    0    0 ] [      0      0      0 ] [ 0 ],drive [ 54 ] [ 0 ] [ 1905 1661 1769 ] [   17   28   15 ] [  11144   7981  10221 ] [ 0 ],1.00,1.00,1.00,1.40,-36.44,-6.41,0.00,0.00,0.00,0.00,0.00,-0.00,-0.00,0.00,0.00,0.00,0.00,0.00,0.00,0.00,0.00,0
1.65111,-33,-6,304,0,DRIVE [ 55 ] [ 1 ] [ 1905 1697 1788 ] [    0    0    0 ] [      0      0      0 ] [ 0 ],drive [ 55 ] [ 0 ] [ 1905 1679 1778 ] [   17   28   15 ] [  11144   7981  10221 ] [ 0 ],1.00,1.00,1.00,1.40,-33.38,-5.97,0.00,0.00,0.00,0.00,0.00,-0.00,-0.00,0.00,0.00,0.00,0.00,0.00,0.00,0.00,0.00,0
1.66285,-30,-5,302,0,DRIVE [ 56 ] [ 1 ] [ 1905 1715 1797 ] [    0    0    0 ] [      0      0      0 ] [ 0 ],drive [ 55 ] [ 0 ] [ 1905 1697 1788 ] [   17   28   15 ] [  11144   7751  10202 ] [ 0 ],1.00,1.00,1.00,1.40,-30.36,-5.48,0.00,0.00,0.00,0.00,0.00,-0.00,-0.00,0.00,0.00,0.00,0.00,0.00,0.00,0.00,0.00,0
1.67549,-28,-5,301,0,DRIVE [ 56 ] [ 1 ] [ 1905 1731 1807 ] [    0    0    0 ] [      0      0      0 ] [ 0 ],drive [ 56 ] [ 0 ] [ 1905 1715 1797 ] [   17   38   19 ] [  11144   7751  10202 ] [ 0 ],1.00,1.00,1.00,1.40,-27.64,-4.97,0.00,0.00,0.00,0.00,0.00,-0.00,-0.00,0.00,0.00,0.00,0.00,0.00,0.00,0.00,0.00,0
1.68757,-25,-4,299,0,DRIVE [ 57 ] [ 1 ] [ 1905 1746 1816 ] [    0    0    0 ] [      0      0      0 ] [ 0 ],drive [ 56 ] [ 0 ] [ 1905 1731 1807 ] [   17   38   19 ] [  11144   7751  10202 ] [ 0 ],1.00,1.00,1.00,1.40,-25.02,-4.45,0.00,0.00,0.00,0.00,0.00,-0.00,-0.00,0.00,0.00,0.00,0.00,0.00,0.00,0.00,0.00,0
1.69953,-23,-4,298,0,DRIVE [ 57 ] [ 1 ] [ 1905 1760 1825 ] [    0    0    0 ] [      0      0      0 ] [ 0 ],drive [ 57 ] [ 0 ] [ 1905 1746 1816 ] [   17   38   19 ] [  11144   7751  10202 ] [ 0 ],1.00,1.00,1.00,1.40,-22.60,-3.79,0.00,0.00,0.00,0.00,0.00,-0.00,-0.00,0.00,0.00,0.00,0.00,0.00,0.00,0.00,0.00,0
1.71207,-19,-3,296,0,DRIVE [ 58 ] [ 1 ] [ 1905 1778 1838 ] [    0    0    0 ] [      0      0      0 ] [ 0 ],drive [ 57 ] [ 0 ] [ 1905 1760 1825 ] [   17   38   19 ] [  11145   7443  10151 ] [ 0 ],1.00,1.00,1.00,1.40,-19.49,-2.78,0.00,0.00,0.00,0.00,0.00,-0.00,-0.00,0.00,0.00,0.00,0.00,0.00,0.00,0.00,0.00,0
1.72465,-17,-2,295,0,DRIVE [ 58 ] [ 1 ] [ 1905 1794 1850 ] [    0    0    0 ] [      0      0      0 ] [ 0 ],drive [ 58 ] [ 0 ] [ 1905 1778 1838 ] [   16   37    9 ] [  11145   7443  10151 ] [ 0 ],1.00,1.00,1.00,1.40,-16.63,-1.89,0.00,0.00,0.00,0.00,0.00,-0.00,-0.00,0.00,0.00,0.00,0.00,0.00,0.00,0.00,0.00,0
1.73732,-14,-1,294,0,DRIVE [ 59 ] [ 1 ] [ 1905 1810 1862 ] [    0    0    0 ] [      0      0      0 ] [ 0 ],drive [ 58 ] [ 0 ] [ 1905 1794 1850 ] [   16   37    9 ] [  11145   7443  10151 ] [ 0 ],1.00,1.00,1.00,1.40,-13.90,-1.03,0.00,0.00,0.00,0.00,0.00,-0.00,-0.00,0.00,0.00,0.00,0.00,0.00,0.00,0.00,0.00,0
1.74948,-11,0,292,0,DRIVE [ 59 ] [ 1 ] [ 1905 1824 1872 ] [    0    0    0 ] [      0      0      0 ] [ 0 ],drive [ 59 ] [ 0 ] [ 1905 1810 1862 ] [   16   37    9 ] [  11145   7443  10151 ] [ 0 ],1.00,1.00,1.00,1.40,-11.40,-0.24,0.00,0.00,0.00,0.00,0.00,-0.00,-0.00,0.00,0.00,0.00,0.00,0.00,0.00,0.00,0.00,0
1.76217,-9,1,293,0,DRIVE [ 60 ] [ 1 ] [ 1905 1837 1884 ] [    0    0    0 ] [      0      0      0 ] [ 0 ],drive [ 59 ] [ 0 ] [ 1905 1824 1872 ] [   16   37    9 ] [  11145   7032  10066 ] [ 0 ],1.00,1.00,1.00,1.40,-8.89,0.90,0.00,0.00,0.00,0.00,0.00,-0.00,-0.00,0.00,0.00,0.00,0.00,0.00,0.00,-0.00,0.00,0
1.77491,-6,2,293,0,DRIVE [ 60 ] [ 1 ] [ 1905 1845 1896 ] [    0    0    0 ] [      0      0      0 ] [ 0 ],drive [ 60 ] [ 0 ] [ 1905 1837 1884 ] [   17   16   26 ] [  11145   7032  10066 ] [ 0 ],1.00,1.00,1.00,1.40,-6.48,2.23,0.00,0.00,0.00,0.00,0.00,-0.00,-0.00,0.00,0.00,0.00,0.00,0.00,0.00,-0.00,0.00,0
1.78733,-4,3,292,0,DRIVE [ 61 ] [ 1 ] [ 1902 1854 1896 ] [    0    0    0 ] [      0      0      0 ] [ 0 ],drive [ 60 ] [ 0 ] [ 1905 1845 1896 ] [   17   16   26 ] [  11145   7032  10066 ] [ 0 ],1.00,1.00,1.00,1.40,-4.06,3.61,0.00,0.00,0.00,0.00,0.00,-0.00,-0.00,0.00,0.00,0.00,0.00,0.00,0.00,-0.00,0.00,0
1.79948,-2,4,291,0,DRIVE [ 61 ] [ 1 ] [ 1886 1869 1896 ] [    0    0    0 ] [      0      0      0 ] [ 0 ],drive [ 61 ] [ 0 ] [ 1902 1854 1896 ] [   17   16   26 ] [  11145   7032  10066 ] [ 0 ],1.00,1.00,1.00,1.40,-1.60,5.21,0.00,0.00,0.00,0.00,0.00,-0.00,-0.00,0.00,0.00,0.00,0.00,0.00,0.00,-0.00,0.00,0
1.81226,1,5,291,0,DRIVE [ 62 ] [ 1 ] [ 1864 1873 1896 ] [    0    0    0 ] [      0      0      0 ] [ 0 ],drive [ 61 ] [ 0 ] [ 1886 1869 1896 ] [   17   16   26 ] [  11145   6615  10055 ] [ 0 ],1.00,1.00,1.00,1.40,0.82,7.19,0.00,0.00,0.00,0.00,0.00,-0.00,-0.00,0.00,0.00,0.00,0.00,0.00,0.00,0.00,0.00,0
1.82479,3,7,290,0,DRIVE [ 62 ] [ 1 ] [ 1838 1874 1896 ] [    0    0    0 ] [      0      0      0 ] [ 0 ],drive [ 62 ] [ 0 ] [ 1864 1873 1896 ] [   18   24   17 ] [  11145   6615  10055 ] [ 0 ],1.00,1.00,1.00,1.40,3.32,9.21,0.00,0.00,0.00,0.00,0.00,-0.00,-0.00,0.00,0.00,0.00,0.00,0.00,0.00,0.00,0.00,0
1.83827,6,8,289,0,DRIVE [ 63 ] [ 1 ] [ 1802 1873 1896 ] [    0    0    0 ] [      0      0      0 ] [ 0 ],drive [ 62 ] [ 0 ] [ 1838 1874 1896 ] [   18   24   17 ] [  11145   6615  10055 ] [ 0 ],1.00,1.00,1.00,1.40,6.46,11.75,0.00,0.00,0.00,0.00,0.00,-0.00,-0.00,0.00,0.00,0.00,0.00,0.00,0.00,0.00,0.00,0
1.8535,9,10,289,0,DRIVE [ 63 ] [ 1 ] [ 1768 1873 1896 ] [    0    0    0 ] [      0      0      0 ] [ 0 ],drive [ 63 ] [ 0 ] [ 1802 1873 1896 ] [   18   24   17 ] [  11145   6615  10055 ] [ 0 ],1.00,1.00,1.00,1.40,9.35,13.83,0.00,0.00,0.00,0.00,0.00,-0.00,-0.00,0.00,0.00,0.00,0.00,0.00,0.00,0.00,0.00,0
1.86612,12,11,286,0,DRIVE [ 64 ] [ 1 ] [ 1736 1874 1896 ] [    0    0    0 ] [      0      0      0 ] [ 0 ],drive [ 63 ] [ 0 ] [ 1768 1873 1896 ] [   18   24   17 ] [  11148   6411  10004 ] [ 0 ],1.00,1.00,1.00,1.40,12.00,15.41,0.00,0.00,0.00,0.00,0.00,-0.00,-0.00,0.00,0.00,0.00,0.00,0.00,0.00,0.00,0.00,0
1.87871,15,12,284,0,DRIVE [ 64 ] [ 1 ] [ 1705 1876 1896 ] [    0    0    0 ] [      0      0      0 ] [ 0 ],drive [ 64 ] [ 0 ] [ 1736 1874 1896 ] [   31   15    6 ] [  11148   6411  10004 ] [ 0 ],1.00,1.00,1.00,1.40,14.62,16.84,0.00,0.00,0.00,0.00,0.00,-0.00,0.00,0.00,0.00,0.00,0.00,0.00,0.00,0.00,0.00,0
1.89085,17,13,283,0,DRIVE [ 65 ] [ 1 ] [ 1673 1878 1896 ] [    0    0    0 ] [      0      0      0 ] [ 0 ],drive [ 64 ] [ 0 ] [ 1705 1876 1896 ] [   31   15    6 ] [  11148   6411  10004 ] [ 0 ],1.00,1.00,1.00,1.40,17.24,18.27,0.00,0.00,0.00,0.00,0.00,-0.00,0.00,0.00,0.00,0.00,0.00,0.00,0.00,0.00,0.00,0
1.90314,20,14,281,0,DRIVE [ 65 ] [ 1 ] [ 1640 1879 1896 ] [    0    0    0 ] [      0      0      0 ] [ 0 ],drive [ 65 ] [ 0 ] [ 1673 1878 1896 ] [   31   15    6 ] [  11148   6411  10004 ] [ 0 ],1.00,1.00,1.00,1.40,19.87,19.72,0.00,0.00,0.00,0.00,0.00,-0.00,0.00,0.00,0.00,0.00,0.00,0.00,0.00,0.00,0.00,0
1.9161,22,15,280,0,DRIVE [ 66 ] [ 1 ] [ 1609 1881 1896 ] [    0    0    0 ] [      0      0      0 ] [ 0 ],drive [ 65 ] [ 0 ] [ 1640 1879 1896 ] [   31   15    6 ] [  11266   6225  10002 ] [ 0 ],1.00,1.00,1.00,1.40,22.37,21.07,0.00,0.00,0.00,0.00,0.00,-0.00,0.00,0.00,0.00,0.00,0.00,0.00,0.00,0.00,0.00,0
1.92911,25,16,279,0,DRIVE [ 66 ] [ 1 ] [ 1572 1882 1896 ] [    0    0    0 ] [      0      0      0 ] [ 0 ],drive [ 66 ] [ 0 ] [ 1609 1881 1896 ] [   49    2    9 ] [  11266   6225  10002 ] [ 0 ],1.00,1.00,1.00,1.40,25.23,22.88,0.00,0.00,0.00,0.00,0.00,-0.00,0.00,0.00,0.00,0.00,0.00,0.00,0.00,0.00,0.00,0
1.94229,27,17,277,0,DRIVE [ 67 ] [ 1 ] [ 1542 1882 1896 ] [    0    0    0 ] [      0      0      0 ] [ 0 ],drive [ 66 ] [ 0 ] [ 1572 1882 1896 ] [   49    2    9 ] [  11266   6225  10002 ] [ 0 ],1.00,1.00,1.00,1.40,27.45,24.34,0.00,0.00,0.00,0.00,0.00,-0.00,0.00,0.00,0.00,0.00,0.00,0.00,0.00,0.00,0.00,0
1.9553,29,18,276,0,DRIVE [ 67 ] [ 1 ] [ 1520 1881 1896 ] [    0    0    0 ] [      0      0      0 ] [ 0 ],drive [ 67 ] [ 0 ] [ 1542 1882 1896 ] [   49    2    9 ] [  11652   5912   9896 ] [ 0 ],1.00,1.00,1.00,1.40,29.12,25.76,0.00,0.00,0.00,0.00,0.00,-0.00,0.00,0.00,0.00,0.00,0.00,0.00,0.00,0.00,0.00,0
1.96753,30,19,276,0,DRIVE [ 68 ] [ 1 ] [ 1505 1879 1896 ] [    0    0    0 ] [      0      0      0 ] [ 0 ],drive [ 67 ] [ 0 ] [ 1520 1881 1896 ] [   49    2    9 ] [  11652   5912   9896 ] [ 0 ],1.00,1.00,1.00,1.40,30.18,26.90,0.00,0.00,0.00,0.00,0.00,-0.00,0.00,0.00,0.00,0.00,0.00,0.00,0.00,0.00,0.00,0
1.98066,31,20,276,0,DRIVE [ 68 ] [ 1 ] [ 1494 1877 1896 ] [    0    0    0 ] [      0      0      0 ] [ 0 ],drive [ 68 ] [ 0 ] [ 1505 1879 1896 ] [   40   27    2 ] [  11652   5912   9896 ] [ 0 ],1.00,1.00,1.00,1.40,30.91,27.83,0.00,0.00,0.00,0.00,0.00,-0.00,0.00,0.00,0.00,0.00,0.00,0.00,0.00,0.00,0.00,0
1.99354,31,20,274,0,DRIVE [ 69 ] [ 1 ] [ 1486 1875 1896 ] [    0    0    0 ] [      0      0      0 ] [ 0 ],drive [ 68 ] [ 0 ] [ 1494 1877 1896 ] [   40   27    2 ] [  11652   5912   9896 ] [ 0 ],1.00,1.00,1.00,1.40,31.29,28.62,0.00,0.00,0.00,0.00,0.00,-0.00,0.00,0.00,0.00,0.00,0.00,0.00,0.00,0.00,0.00,0
2.0064,32,21,274,0,DRIVE [ 69 ] [ 1 ] [ 1479 1873 1896 ] [    0    0    0 ] [      0      0      0 ] [ 0 ],drive [ 69 ] [ 0 ] [ 1486 1875 1896 ] [   40   27    2 ] [  11983   5720   9880 ] [ 0 ],1.00,1.00,1.00,1.40,31.70,29.33,0.00,0.00,0.00,0.00,0.00,-0.00,0.00,0.00,0.00,0.00,0.00,0.00,0.00,0.00,0.00,0
2.01923,32,22,274,0,DRIVE [ 70 ] [ 1 ] [ 1473 1870 1896 ] [    0    0    0 ] [      0      0      0 ] [ 0 ],drive [ 69 ] [ 0 ] [ 1479 1873 1896 ] [   40   27    2 ] [  11983   5720   9880 ] [ 0 ],1.00,1.00,1.00,1.40,32.06,30.25,0.00,0.00,0.00,0.00,0.00,-0.00,0.00,0.00,0.00,0.00,0.00,0.00,0.00,0.00,0.00,0
2.03168,33,22,273,0,DRIVE [ 70 ] [ 1 ] [ 1463 1867 1896 ] [    0    0    0 ] [      0      0      0 ] [ 0 ],drive [ 70 ] [ 0 ] [ 1473 1870 1896 ] [   63   30    1 ] [  11983   5720   9880 ] [ 0 ],1.00,1.00,1.00,1.40,32.69,31.27,0.00,0.00,0.00,0.00,0.00,-0.00,0.00,0.00,0.00,0.00,0.00,0.00,0.00,0.00,0.00,0
2.04561,33,23,273,0,DRIVE [ 71 ] [ 1 ] [ 1452 1865 1896 ] [    0    0    0 ] [      0      0      0 ] [ 0 ],drive [ 70 ] [ 0 ] [ 1463 1867 1896 ] [   63   30    1 ] [  11983   5720   9880 ] [ 0 ],1.00,1.00,1.00,1.40,33.35,32.17,0.00,0.00,0.00,0.00,0.00,-0.00,0.00,0.00,0.00,0.00,0.00,0.00,0.00,0.00,0.00,0
2.05872,34,23,272,0,DRIVE [ 71 ] [ 1 ] [ 1440 1864 1896 ] [    0    0    0 ] [      0      0      0 ] [ 0 ],drive [ 71 ] [ 0 ] [ 1452 1865 1896 ] [   63   30    1 ] [  12261   5691   9864 ] [ 0 ],1.00,1.00,1.00,1.40,34.17,32.90,0.00,0.00,0.00,0.00,0.00,0.00,0.00,0.00,0.00,0.00,0.00,0.00,0.00,0.00,0.00,0
2.07168,35,24,272,0,DRIVE [ 72 ] [ 1 ] [ 1428 1865 1896 ] [    0    0    0 ] [      0      0      0 ] [ 0 ],drive [ 71 ] [ 0 ] [ 1440 1864 1896 ] [   70   27   20 ] [  12261   5691   9864 ] [ 0 ],1.00,1.00,1.00,1.40,35.17,33.43,0.00,0.00,0.00,0.00,0.00,0.00,0.00,0.00,0.00,0.00,0.00,0.00,0.00,0.00,0.00,0
2.08518,36,24,272,0,DRIVE [ 72 ] [ 1 ] [ 1416 1867 1896 ] [    0    0    0 ] [      0      0      0 ] [ 0 ],drive [ 72 ] [ 0 ] [ 1428 1865 1896 ] [   70   27   20 ] [  12261   5691   9864 ] [ 0 ],1.00,1.00,1.00,1.40,36.18,33.75,0.00,0.00,0.00,0.00,0.00,0.00,0.00,0.00,0.00,0.00,0.00,0.00,0.00,0.00,0.00,0
2.0979,37,24,271,0,DRIVE [ 73 ] [ 1 ] [ 1403 1870 1896 ] [    0    0    0 ] [      0      0      0 ] [ 0 ],drive [ 72 ] [ 0 ] [ 1416 1867 1896 ] [   70   27   20 ] [  12261   5691   9864 ] [ 0 ],1.00,1.00,1.00,1.40,37.26,33.77,0.00,0.00,0.00,0.00,0.00,0.00,0.00,0.00,0.00,0.00,0.00,0.00,0.00,0.00,0.00,0
2.11102,39,24,272,0,DRIVE [ 73 ] [ 1 ] [ 1387 1876 1896 ] [    0    0    0 ] [      0      0      0 ] [ 0 ],drive [ 73 ] [ 0 ] [ 1403 1870 1896 ] [   70   27   20 ] [  12460   5684   9800 ] [ 0 ],1.00,1.00,1.00,1.40,38.83,33.53,0.00,0.00,0.00,0.00,0.00,0.00,0.00,0.00,0.00,0.00,0.00,0.00,0.00,0.00,0.00,0
2.12398,40,24,272,0,DRIVE [ 74 ] [ 1 ] [ 1373 1882 1896 ] [    0    0    0 ] [      0      0      0 ] [ 0 ],drive [ 73 ] [ 0 ] [ 1387 1876 1896 ] [   55   10   20 ] [  12460   5684   9800 ] [ 0 ],1.00,1.00,1.00,1.40,40.19,33.17,0.00,0.00,0.00,0.00,0.00,0.00,0.00,0.00,0.00,0.00,0.00,0.00,0.00,0.00,0.00,0
2.13728,41,23,271,0,DRIVE [ 74 ] [ 1 ] [ 1360 1888 1896 ] [    0    0    0 ] [      0      0      0 ] [ 0 ],drive [ 74 ] [ 0 ] [ 1373 1882 1896 ] [   55   10   20 ] [  12460   5684   9800 ] [ 0 ],1.00,1.00,1.00,1.40,41.36,32.77,0.00,0.00,0.00,0.00,0.00,0.00,0.00,0.00,0.00,0.00,0.00,0.00,0.00,0.00,0.00,0
2.15054,42,23,272,0,DRIVE [ 75 ] [ 1 ] [ 1348 1893 1896 ] [    0    0    0 ] [      0      0      0 ] [ 0 ],drive [ 74 ] [ 0 ] [ 1360 1888 1896 ] [   55   10   20 ] [  12460   5684   9800 ] [ 0 ],1.00,1.00,1.00,1.40,42.47,32.39,0.00,0.00,0.00,0.00,0.00,0.00,0.00,0.00,0.00,0.00,0.00,0.00,0.00,0.00,0.00,0
2.16394,43,23,272,0,DRIVE [ 75 ] [ 1 ] [ 1338 1898 1896 ] [    0    0    0 ] [      0      0      0 ] [ 0 ],drive [ 75 ] [ 0 ] [ 1348 1893 1896 ] [   55   10   20 ] [  12534   5560   9795 ] [ 0 ],1.00,1.00,1.00,1.40,43.49,32.03,0.00,0.00,0.00,0.00,0.00,0.00,0.00,0.00,0.00,0.00,0.00,0.00,0.00,0.00,0.00,0
2.17745,44,23,272,0,DRIVE [ 76 ] [ 1 ] [ 1327 1903 1896 ] [    0    0    0 ] [      0      0      0 ] [ 0 ],drive [ 75 ] [ 0 ] [ 1338 1898 1896 ] [   72   19   19 ] [  12534   5560   9795 ] [ 0 ],1.00,1.00,1.00,1.40,44.42,31.67,0.00,0.00,0.00,0.00,0.00,0.00,0.00,0.00,0.00,0.00,0.00,0.00,0.00,0.00,0.00,0
2.19063,45,22,271,0,DRIVE [ 76 ] [ 1 ] [ 1319 1903 1904 ] [    0    0    0 ] [      0      0      0 ] [ 0 ],drive [ 76 ] [ 0 ] [ 1327 1903 1896 ] [   72   19   19 ] [  12534   5560   9795 ] [ 0 ],1.00,1.00,1.00,1.40,45.24,31.37,0.00,0.00,0.00,0.00,0.00,0.00,0.00,0.00,0.00,0.00,0.00,0.00,0.00,0.00,0.00,0
2.20369,46,22,272,0,DRIVE [ 77 ] [ 1 ] [ 1316 1903 1901 ] [    0    0    0 ] [      0      0      0 ] [ 0 ],drive [ 76 ] [ 0 ] [ 1319 1903 1904 ] [   72   19   19 ] [  12534   5560   9795 ] [ 0 ],1.00,1.00,1.00,1.40,46.15,31.23,0.00,0.00,0.00,0.00,0.00,0.00,0.00,0.00,0.00,0.00,0.00,0.00,0.00,0.00,0.00,0
2.21607,47,22,272,0,DRIVE [ 77 ] [ 1 ] [ 1317 1903 1898 ] [    0    0    0 ] [      0      0      0 ] [ 0 ],drive [ 77 ] [ 0 ] [ 1316 1903 1901 ] [   72   19   19 ] [  12777   5335   9790 ] [ 0 ],1.00,1.00,1.00,1.40,46.60,30.82,0.00,0.00,0.00,0.00,0.00,0.00,0.00,0.00,0.00,0.00,0.00,0.00,0.00,0.00,0.00,0
2.22913,47,22,272,0,DRIVE [ 78 ] [ 1 ] [ 1319 1903 1896 ] [    0    0    0 ] [      0      0      0 ] [ 0 ],drive [ 77 ] [ 0 ] [ 1317 1903 1898 ] [   69    5    2 ] [  12777   5335   9790 ] [ 0 ],1.00,1.00,1.00,1.40,46.79,30.53,0.00,0.00,0.00,0.00,0.00,0.00,0.00,0.00,0.00,0.00,0.00,0.00,0.00,0.00,0.00,0
2.24211,47,22,272,0,DRIVE [ 78 ] [ 1 ] [ 1321 1903 1895 ] [    0    0    0 ] [      0      0      0 ] [ 0 ],drive [ 78 ] [ 0 ] [ 1319 1903 1896 ] [   69    5    2 ] [  12777   5335   9790 ] [ 0 ],1.00,1.00,1.00,1.40,46.85,30.28,0.00,0.00,0.00,0.00,0.00,0.00,0.00,0.00,0.00,0.00,0.00,0.00,0.00,0.00,0.00,0
2.25509,47,21,272,0,DRIVE [ 79 ] [ 1 ] [ 1327 1903 1893 ] [    0    0    0 ] [      0      0      0 ] [ 0 ],drive [ 78 ] [ 0 ] [ 1321 1903 1895 ] [   69    5    2 ] [  12864   5321   9721 ] [ 0 ],1.00,1.00,1.00,1.40,47.00,29.73,0.00,0.00,0.00,0.00,0.00,0.00,0.00,0.00,0.00,0.00,0.00,0.00,0.00,0.00,0.00,0
2.26799,47,21,272,0,DRIVE [ 79 ] [ 1 ] [ 1334 1903 1888 ] [    0    0    0 ] [      0      0      0 ] [ 0 ],drive [ 79 ] [ 0 ] [ 1327 1903 1893 ] [   69    5    2 ] [  12864   5321   9721 ] [ 0 ],1.00,1.00,1.00,1.40,47.14,28.81,0.00,0.00,0.00,0.00,0.00,0.00,0.00,0.00,0.00,0.00,0.00,0.00,0.00,0.00,0.00,0
2.28073,48,20,272,0,DRIVE [ 80 ] [ 1 ] [ 1341 1903 1882 ] [    0    0    0 ] [      0      0      0 ] [ 0 ],drive [ 79 ] [ 0 ] [ 1334 1903 1888 ] [   68    5   20 ] [  12864   5321   9721 ] [ 0 ],1.00,1.00,1.00,1.40,47.77,27.66,0.00,0.00,0.00,0.00,0.00,0.00,0.00,0.00,0.00,0.00,0.00,0.00,0.00,0.00,0.00,0
2.29385,48,19,273,0,DRIVE [ 80 ] [ 1 ] [ 1347 1903 1877 ] [    0    0    0 ] [      0      0      0 ] [ 0 ],drive [ 80 ] [ 0 ] [ 1341 1903 1882 ] [   68    5   20 ] [  12864   5321   9721 ] [ 0 ],1.00,1.00,1.00,1.40,48.46,26.76,0.00,0.00,0.00,0.00,0.00,0.00,0.00,0.00,0.00,0.00,0.00,0.00,0.00,0.00,0.00,0
2.30693,49,18,273,0,DRIVE [ 81 ] [ 1 ] [ 1351 1903 1872 ] [    0    0    0 ] [      0      0      0 ] [ 0 ],drive [ 80 ] [ 0 ] [ 1347 1903 1877 ] [   68    5   20 ] [  12864   5321   9723 ] [ 0 ],1.00,1.00,1.00,1.40,48.94,25.88,0.00,0.00,0.00,0.00,0.00,0.00,0.00,0.00,0.00,0.00,0.00,0.00,0.00,0.00,0.00,0
2.31994,49,18,273,0,DRIVE [ 81 ] [ 1 ] [ 1356 1903 1868 ] [    0    0    0 ] [      0      0      0 ] [ 0 ],drive [ 81 ] [ 0 ] [ 1351 1903 1872 ] [   68    5   20 ] [  12864   5321   9723 ] [ 0 ],1.00,1.00,1.00,1.40,49.35,25.13,0.00,0.00,0.00,0.00,0.00,0.00,0.00,0.00,0.00,0.00,0.00,0.00,0.00,0.00,0.00,0
2.33254,50,18,274,0,DRIVE [ 82 ] [ 1 ] [ 1360 1903 1864 ] [    0    0    0 ] [      0      0      0 ] [ 0 ],drive [ 81 ] [ 0 ] [ 1356 1903 1868 ] [   66    4   22 ] [  12864   5321   9723 ] [ 0 ],1.00,1.00,1.00,1.40,49.75,24.55,0.00,0.00,0.00,0.00,0.00,0.00,0.00,0.00,0.00,0.00,0.00,0.00,0.00,0.00,0.00,0
2.34589,50,17,274,0,DRIVE [ 82 ] [ 1 ] [ 1363 1903 1862 ] [    0    0    0 ] [      0      0      0 ] [ 0 ],drive [ 82 ] [ 0 ] [ 1360 1903 1864 ] [   66    4   22 ] [  12864   5321   9723 ] [ 0 ],1.00,1.00,1.00,1.40,49.78,24.13,0.00,0.00,0.00,0.00,0.00,0.00,0.00,0.00,0.00,0.00,0.00,0.00,0.00,0.00,0.00,0
2.3591,49,17,274,0,DRIVE [ 83 ] [ 1 ] [ 1369 1903 1862 ] [    0    0    0 ] [      0      0      0 ] [ 0 ],drive [ 82 ] [ 0 ] [ 1363 1903 1862 ] [   66    4   22 ] [  12863   5318   9730 ] [ 0 ],1.00,1.00,1.00,1.40,49.38,23.83,0.00,0.00,0.00,0.00,0.00,0.00,0.00,0.00,0.00,0.00,0.00,0.00,0.00,0.00,0.00,0
2.37262,49,17,274,0,DRIVE [ 83 ] [ 1 ] [ 1378 1903 1863 ] [    0    0    0 ] [      0      0      0 ] [ 0 ],drive [ 83 ] [ 0 ] [ 1369 1903 1862 ] [   64    3   19 ] [  12863   5318   9730 ] [ 0 ],1.00,1.00,1.00,1.40,48.57,23.38,0.00,0.00,0.00,0.00,0.00,0.00,0.00,0.00,0.00,0.00,0.00,0.00,0.00,0.00,0.00,0
2.38617,48,16,274,0,DRIVE [ 84 ] [ 1 ] [ 1388 1903 1864 ] [    0    0    0 ] [      0      0      0 ] [ 0 ],drive [ 83 ] [ 0 ] [ 1378 1903 1863 ] [   64    3   19 ] [  12863   5318   9730 ] [ 0 ],1.00,1.00,1.00,1.40,47.52,22.99,0.00,0.00,0.00,0.00,0.00,0.00,0.00,0.00,0.00,0.00,0.00,0.00,0.00,0.00,0.00,0
2.40063,46,16,275,0,DRIVE [ 84 ] [ 1 ] [ 1402 1903 1866 ] [    0    0    0 ] [      0      0      0 ] [ 0 ],drive [ 84 ] [ 0 ] [ 1388 1903 1864 ] [   64    3   19 ] [  12863   5318   9730 ] [ 0 ],1.00,1.00,1.00,1.40,46.24,22.52,0.00,0.00,0.00,0.00,0.00,0.00,0.00,0.00,0.00,0.00,0.00,0.00,0.00,0.00,0.00,0
2.41385,45,16,275,0,DRIVE [ 85 ] [ 1 ] [ 1418 1903 1867 ] [    0    0    0 ] [      0      0      0 ] [ 0 ],drive [ 84 ] [ 0 ] [ 1402 1903 1866 ] [   64    3   19 ] [  12863   5315   9730 ] [ 0 ],1.00,1.00,1.00,1.40,44.82,21.81,0.00,0.00,0.00,0.00,0.00,0.00,0.00,0.00,0.00,0.00,0.00,0.00,0.00,0.00,0.00,0
2.42712,43,15,276,0,DRIVE [ 85 ] [ 1 ] [ 1437 1903 1869 ] [    0    0    0 ] [      0      0      0 ] [ 0 ],drive [ 85 ] [ 0 ] [ 1418 1903 1867 ] [   61    2   19 ] [  12863   5315   9730 ] [ 0 ],1.00,1.00,1.00,1.40,43.03,21.08,0.00,0.00,0.00,0.00,0.00,0.00,0.00,0.00,0.00,0.00,0.00,0.00,0.00,0.00,0.00,0
2.44006,41,14,276,0,DRIVE [ 86 ] [ 1 ] [ 1460 1903 1871 ] [    0    0    0 ] [      0      0      0 ] [ 0 ],drive [ 85 ] [ 0 ] [ 1437 1903 1869 ] [   61    2   19 ] [  12863   5315   9730 ] [ 0 ],1.00,1.00,1.00,1.40,40.86,20.08,0.00,0.00,0.00,0.00,0.00,0.00,0.00,0.00,0.00,0.00,0.00,0.00,0.00,0.00,0.00,0
2.4528,38,13,278,0,DRIVE [ 86 ] [ 1 ] [ 1497 1903 1874 ] [    0    0    0 ] [      0      0      0 ] [ 0 ],drive [ 86 ] [ 0 ] [ 1460 1903 1871 ] [   61    2   19 ] [  12863   5315   9730 ] [ 0 ],1.00,1.00,1.00,1.40,37.60,18.53,0.00,0.00,0.00,0.00,0.00,0.00,0.00,0.00,0.00,0.00,0.00,0.00,-0.00,-0.00,0.00,0
2.4651,34,12,279,0,DRIVE [ 87 ] [ 1 ] [ 1534 1903 1878 ] [    0    0    0 ] [      0      0      0 ] [ 0 ],drive [ 86 ] [ 0 ] [ 1497 1903 1874 ] [   61    2   19 ] [  12862   5315   9729 ] [ 0 ],1.00,1.00,1.00,1.40,34.14,16.97,0.00,0.00,0.00,0.00,0.00,0.00,0.00,0.00,0.00,0.00,0.00,0.00,-0.00,-0.00,0.00,0
2.47808,31,11,280,0,DRIVE [ 87 ] [ 1 ] [ 1573 1903 1881 ] [    0    0    0 ] [      0      0      0 ] [ 0 ],drive [ 87 ] [ 0 ] [ 1534 1903 1878 ] [   57    2   19 ] [  12862   5315   9729 ] [ 0 ],1.00,1.00,1.00,1.40,30.60,15.30,0.00,0.00,0.00,0.00,0.00,0.00,0.00,0.00,0.00,0.00,0.00,0.00,-0.00,-0.00,0.00,0
2.49061,27,10,282,0,DRIVE [ 88 ] [ 1 ] [ 1614 1903 1884 ] [    0    0    0 ] [      0      0      0 ] [ 0 ],drive [ 87 ] [ 0 ] [ 1573 1903 1881 ] [   57    2   19 ] [  12862   5315   9729 ] [ 0 ],1.00,1.00,1.00,1.40,26.83,13.49,0.00,0.00,0.00,0.00,0.00,0.00,0.00,0.00,0.00,0.00,0.00,0.00,-0.00,-0.00,0.00,0
2.50273,23,8,283,0,DRIVE [ 88 ] [ 1 ] [ 1659 1903 1887 ] [    0    0    0 ] [      0      0      0 ] [ 0 ],drive [ 88 ] [ 0 ] [ 1614 1903 1884 ] [   57    2   19 ] [  12862   5315   9729 ] [ 0 ],1.00,1.00,1.00,1.40,22.95,11.39,0.00,0.00,0.00,0.00,0.00,0.00,0.00,0.00,0.00,0.00,0.00,0.00,-0.00,-0.00,0.00,0
2.51544,19,7,284,0,DRIVE [ 89 ] [ 1 ] [ 1704 1903 1889 ] [    0    0    0 ] [      0      0      0 ] [ 0 ],drive [ 88 ] [ 0 ] [ 1659 1903 1887 ] [   57    2   19 ] [  12855   5315   9727 ] [ 0 ],1.00,1.00,1.00,1.40,18.96,9.15,0.00,0.00,0.00,0.00,0.00,0.00,0.00,0.00,0.00,0.00,0.00,0.00,-0.00,-0.00,0.00,0
2.52828,15,5,285,0,DRIVE [ 89 ] [ 1 ] [ 1750 1903 1891 ] [    0    0    0 ] [      0      0      0 ] [ 0 ],drive [ 89 ] [ 0 ] [ 1704 1903 1889 ] [   28    2   20 ] [  12855   5315   9727 ] [ 0 ],1.00,1.00,1.00,1.40,14.92,6.82,0.00,0.00,0.00,0.00,0.00,0.00,0.00,0.00,0.00,0.00,0.00,0.00,-0.00,-0.00,0.00,0
2.54092,10,2,284,0,DRIVE [ 90 ] [ 1 ] [ 1814 1903 1892 ] [    0    0    0 ] [      0      0      0 ] [ 0 ],drive [ 89 ] [ 0 ] [ 1750 1903 1891 ] [   28    2   20 ] [  12855   5315   9727 ] [ 0 ],1.00,1.00,1.00,1.40,9.55,3.35,0.00,0.00,0.00,0.00,0.00,0.00,0.00,0.00,0.00,0.00,0.00,0.00,-0.00,-0.00,0.00,0
2.55342,5,0,284,0,DRIVE [ 90 ] [ 1 ] [ 1872 1903 1892 ] [    0    0    0 ] [      0      0      0 ] [ 0 ],drive [ 90 ] [ 0 ] [ 1814 1903 1892 ] [   28    2   20 ] [  12855   5315   9727 ] [ 0 ],1.00,1.00,1.00,1.40,4.50,0.03,0.00,0.00,0.00,0.00,0.00,0.00,0.00,0.00,0.00,0.00,0.00,0.00,-0.00,-0.00,0.00,0
2.56542,0,-2,284,0,DRIVE [ 91 ] [ 1 ] [ 1872 1903 1882 ] [    0    0    0 ] [      0      0      0 ] [ 0 ],drive [ 90 ] [ 0 ] [ 1872 1903 1892 ] [   28    2   20 ] [  12797   5315   9724 ] [ 0 ],1.00,1.00,1.00,1.40,-0.42,-2.36,0.00,0.00,0.00,0.00,0.00,0.00,0.00,0.00,0.00,0.00,0.00,0.00,0.00,0.00,0.00,0
2.57798,-5,-5,285,0,DRIVE [ 91 ] [ 1 ] [ 1872 1877 1862 ] [    0    0    0 ] [      0      0      0 ] [ 0 ],drive [ 91 ] [ 0 ] [ 1872 1903 1882 ] [   15    2   20 ] [  12797   5315   9724 ] [ 0 ],1.00,1.00,1.00,1.40,-5.21,-4.57,0.00,0.00,0.00,0.00,0.00,0.00,0.00,0.00,0.00,0.00,0.00,0.00,0.00,0.00,0.00,0
2.5903,-10,-7,284,0,DRIVE [ 92 ] [ 1 ] [ 1872 1851 1837 ] [    0    0    0 ] [      0      0      0 ] [ 0 ],drive [ 91 ] [ 0 ] [ 1872 1877 1862 ] [   15    2   20 ] [  12797   5315   9724 ] [ 0 ],1.00,1.00,1.00,1.40,-9.76,-6.75,0.00,0.00,0.00,0.00,0.00,0.00,0.00,0.00,0.00,0.00,0.00,0.00,0.00,0.00,0.00,0
2.60257,-14,-9,283,0,DRIVE [ 92 ] [ 1 ] [ 1872 1826 1813 ] [    0    0    0 ] [      0      0      0 ] [ 0 ],drive [ 92 ] [ 0 ] [ 1872 1851 1837 ] [   15    2   20 ] [  12797   5315   9724 ] [ 0 ],1.00,1.00,1.00,1.40,-14.07,-8.88,0.00,0.00,0.00,0.00,0.00,0.00,0.00,0.00,0.00,0.00,0.00,0.00,0.00,0.00,0.00,0
2.6149,-18,-11,285,0,DRIVE [ 93 ] [ 1 ] [ 1872 1803 1789 ] [    0    0    0 ] [      0      0      0 ] [ 0 ],drive [ 92 ] [ 0 ] [ 1872 1826 1813 ] [   15    2   20 ] [  12359   5315   9729 ] [ 0 ],1.00,1.00,1.00,1.40,-18.08,-11.08,0.00,0.00,0.00,0.00,0.00,0.00,0.00,0.00,0.00,0.00,0.00,0.00,0.00,0.00,0.00,0
2.62743,-22,-13,287,0,DRIVE [ 93 ] [ 1 ] [ 1872 1782 1767 ] [    0    0    0 ] [      0      0      0 ] [ 0 ],drive [ 93 ] [ 0 ] [ 1872 1803 1789 ] [    7    7   10 ] [  12359   5315   9729 ] [ 0 ],1.00,1.00,1.00,1.40,-21.88,-13.25,0.00,0.00,0.00,0.00,0.00,0.00,0.00,0.00,0.00,0.00,0.00,0.00,0.00,0.00,0.00,0
2.63982,-26,-16,287,0,DRIVE [ 94 ] [ 1 ] [ 1872 1759 1742 ] [    0    0    0 ] [      0      0      0 ] [ 0 ],drive [ 93 ] [ 0 ] [ 1872 1782 1767 ] [    7    7   10 ] [  12359   5315   9729 ] [ 0 ],1.00,1.00,1.00,1.40,-25.99,-15.65,0.00,0.00,0.00,0.00,0.00,0.00,0.00,0.00,0.00,0.00,0.00,0.00,0.00,0.00,0.00,0
2.65221,-30,-18,287,0,DRIVE [ 94 ] [ 1 ] [ 1872 1738 1719 ] [    0    0    0 ] [      0      0      0 ] [ 0 ],drive [ 94 ] [ 0 ] [ 1872 1759 1742 ] [    7    7   10 ] [  12359   5315   9729 ] [ 0 ],1.00,1.00,1.00,1.40,-29.78,-17.83,0.00,0.00,0.00,0.00,0.00,0.00,0.00,0.00,0.00,0.00,0.00,0.00,0.00,0.00,0.00,0
2.66412,-33,-20,288,0,DRIVE [ 95 ] [ 1 ] [ 1872 1720 1699 ] [    0    0    0 ] [      0      0      0 ] [ 0 ],drive [ 94 ] [ 0 ] [ 1872 1738 1719 ] [    7    7   10 ] [  12259   5315   9774 ] [ 0 ],1.00,1.00,1.00,1.40,-33.24,-19.90,0.00,0.00,0.00,0.00,0.00,0.00,0.00,0.00,0.00,0.00,0.00,0.00,0.00,0.00,0.00,0
2.67661,-37,-22,288,0,DRIVE [ 95 ] [ 1 ] [ 1872 1702 1679 ] [    0    0    0 ] [      0      0      0 ] [ 0 ],drive [ 95 ] [ 0 ] [ 1872 1720 1699 ] [    5   17   28 ] [  12259   5315   9774 ] [ 0 ],1.00,1.00,1.00,1.40,-36.51,-21.85,0.00,0.00,0.00,0.00,0.00,0.00,0.00,0.00,0.00,0.00,0.00,0.00,0.00,0.00,0.00,0
2.68911,-40,-24,289,0,DRIVE [ 96 ] [ 1 ] [ 1872 1686 1659 ] [    0    0    0 ] [      0      0      0 ] [ 0 ],drive [ 95 ] [ 0 ] [ 1872 1702 1679 ] [    5   17   28 ] [  12259   5315   9774 ] [ 0 ],1.00,1.00,1.00,1.40,-39.62,-23.93,0.00,0.00,0.00,0.00,0.00,0.00,0.00,0.00,0.00,0.00,0.00,0.00,0.00,0.00,0.00,0
2.70102,-43,-26,288,0,DRIVE [ 96 ] [ 1 ] [ 1872 1669 1640 ] [    0    0    0 ] [      0      0      0 ] [ 0 ],drive [ 96 ] [ 0 ] [ 1872 1686 1659 ] [    5   17   28 ] [  12259   5315   9774 ] [ 0 ],1.00,1.00,1.00,1.40,-42.55,-25.73,0.00,0.00,0.00,0.00,0.00,0.00,0.00,0.00,0.00,0.00,0.00,0.00,0.00,0.00,0.00,0
2.71329,-45,-27,288,0,DRIVE [ 97 ] [ 1 ] [ 1872 1653 1622 ] [    0    0    0 ] [      0      0      0 ] [ 0 ],drive [ 96 ] [ 0 ] [ 1872 1669 1640 ] [    5   17   28 ] [  12256   5330   9873 ] [ 0 ],1.00,1.00,1.00,1.40,-45.48,-27.44,0.00,0.00,0.00,0.00,0.00,0.00,0.00,0.00,0.00,0.00,0.00,0.00,0.00,0.00,0.00,0
2.7257,-48,-29,287,0,DRIVE [ 97 ] [ 1 ] [ 1872 1637 1605 ] [    0    0    0 ] [      0      0      0 ] [ 0 ],drive [ 97 ] [ 0 ] [ 1872 1653 1622 ] [   14   41   32 ] [  12256   5330   9873 ] [ 0 ],1.00,1.00,1.00,1.40,-48.34,-29.01,0.00,0.00,0.00,0.00,0.00,0.00,0.00,0.00,0.00,0.00,0.00,0.00,0.00,0.00,0.00,0
2.73825,-51,-30,286,0,DRIVE [ 98 ] [ 1 ] [ 1872 1620 1589 ] [    0    0    0 ] [      0      0      0 ] [ 0 ],drive [ 97 ] [ 0 ] [ 1872 1637 1605 ] [   14   41   32 ] [  12256   5330   9873 ] [ 0 ],1.00,1.00,1.00,1.40,-51.14,-30.38,0.00,0.00,0.00,0.00,0.00,0.00,0.00,0.00,0.00,0.00,0.00,0.00,0.00,0.00,0.00,0
2.7508,-54,-32,286,0,DRIVE [ 98 ] [ 1 ] [ 1872 1603 1575 ] [    0    0    0 ] [      0      0      0 ] [ 0 ],drive [ 98 ] [ 0 ] [ 1872 1620 1589 ] [   14   41   32 ] [  12256   5330   9873 ] [ 0 ],1.00,1.00,1.00,1.40,-54.14,-31.69,0.00,0.00,0.00,0.00,0.00,0.00,0.00,0.00,0.00,0.00,0.00,0.00,0.00,0.00,0.00,0
2.76272,-57,-33,287,0,DRIVE [ 99 ] [ 1 ] [ 1872 1587 1561 ] [    0    0    0 ] [      0      0      0 ] [ 0 ],drive [ 98 ] [ 0 ] [ 1872 1603 1575 ] [   14   41   32 ] [  12154   5518   9905 ] [ 0 ],1.00,1.00,1.00,1.40,-57.02,-32.97,0.00,0.00,0.00,0.00,0.00,0.00,0.00,0.00,0.00,0.00,0.00,0.00,0.00,0.00,0.00,0
2.77519,-60,-34,286,0,DRIVE [ 99 ] [ 1 ] [ 1872 1573 1546 ] [    0    0    0 ] [      0      0      0 ] [ 0 ],drive [ 99 ] [ 0 ] [ 1872 1587 1561 ] [    7   49   54 ] [  12154   5518   9905 ] [ 0 ],1.00,1.00,1.00,1.40,-59.56,-34.43,0.00,0.00,0.00,0.00,0.00,0.00,0.00,0.00,0.00,0.00,0.00,0.00,0.00,0.00,0.00,0
2.78754,-63,-37,287,0,DRIVE [ 00 ] [ 1 ] [ 1872 1559 1527 ] [    0    0    0 ] [      0      0      0 ] [ 0 ],drive [ 99 ] [ 0 ] [ 1872 1573 1546 ] [    7   49   54 ] [  12154   5518   9905 ] [ 0 ],1.00,1.00,1.00,1.40,-62.62,-36.54,0.00,0.00,0.00,0.00,0.00,0.00,0.00,0.00,0.00,0.00,0.00,0.00,0.00,0.00,0.00,0
2.80089,-65,-38,288,0,DRIVE [ 00 ] [ 1 ] [ 1872 1546 1510 ] [    0    0    0 ] [      0      0      0 ] [ 0 ],drive [ 00 ] [ 0 ] [ 1872 1559 1527 ] [    7   49   54 ] [  12154   5518   9905 ] [ 0 ],1.00,1.00,1.00,1.40,-65.23,-38.38,0.00,0.00,0.00,0.00,0.00,0.00,0.00,0.00,0.00,0.00,0.00,0.00,0.00,0.00,0.00,0
2.81443,-68,-40,287,0,DRIVE [ 01 ] [ 1 ] [ 1872 1533 1497 ] [    0    0    0 ] [      0      0      0 ] [ 0 ],drive [ 00 ] [ 0 ] [ 1872 1546 1510 ] [    7   49   54 ] [  12099   5658  10022 ] [ 0 ],1.00,1.00,1.00,1.40,-67.55,-39.68,0.00,0.00,0.00,0.00,0.00,0.00,0.00,0.00,0.00,0.00,0.00,0.00,0.00,0.00,0.00,0
2.82716,-70,-41,286,0,DRIVE [ 01 ] [ 1 ] [ 1872 1520 1485 ] [    0    0    0 ] [      0      0      0 ] [ 0 ],drive [ 01 ] [ 0 ] [ 1872 1533 1497 ] [   29   34   58 ] [  12099   5658  10022 ] [ 0 ],1.00,1.00,1.00,1.40,-69.60,-40.57,0.00,0.00,0.00,0.00,0.00,0.00,0.00,0.00,0.00,0.00,0.00,0.00,0.00,0.00,0.00,0
2.8396,-72,-42,286,0,DRIVE [ 02 ] [ 1 ] [ 1872 1507 1474 ] [    0    0    0 ] [      0      0      0 ] [ 0 ],drive [ 01 ] [ 0 ] [ 1872 1520 1485 ] [   29   34   58 ] [  12099   5658  10022 ] [ 0 ],1.00,1.00,1.00,1.40,-71.93,-41.55,0.00,0.00,0.00,0.00,0.00,0.00,0.00,0.00,0.00,0.00,0.00,0.00,0.00,0.00,0.00,0
2.85207,-74,-42,286,0,DRIVE [ 02 ] [ 1 ] [ 1872 1494 1463 ] [    0    0    0 ] [      0      0      0 ] [ 0 ],drive [ 02 ] [ 0 ] [ 1872 1507 1474 ] [   29   34   58 ] [  12099   5658  10022 ] [ 0 ],1.00,1.00,1.00,1.40,-74.30,-42.47,0.00,0.00,0.00,0.00,0.00,0.00,0.00,0.00,0.00,0.00,0.00,0.00,0.00,0.00,0.00,0
2.86429,-77,-43,285,0,DRIVE [ 03 ] [ 1 ] [ 1872 1479 1452 ] [    0    0    0 ] [      0      0      0 ] [ 0 ],drive [ 02 ] [ 0 ] [ 1872 1494 1463 ] [   29   34   58 ] [  12070   5666  10085 ] [ 0 ],1.00,1.00,1.00,1.40,-76.77,-43.36,0.00,0.00,0.00,0.00,0.00,0.00,0.00,0.00,0.00,0.00,0.00,0.00,0.00,0.00,0.00,0
2.87679,-80,-44,285,0,DRIVE [ 03 ] [ 1 ] [ 1872 1461 1440 ] [    0    0    0 ] [      0      0      0 ] [ 0 ],drive [ 03 ] [ 0 ] [ 1872 1479 1452 ] [   18   49   40 ] [  12070   5666  10085 ] [ 0 ],1.00,1.00,1.00,1.40,-79.92,-44.28,0.00,0.00,0.00,0.00,0.00,0.00,0.00,0.00,0.00,0.00,0.00,0.00,0.00,0.00,0.00,0
2.88924,-83,-45,285,0,DRIVE [ 04 ] [ 1 ] [ 1872 1445 1432 ] [    0    0    0 ] [      0      0      0 ] [ 0 ],drive [ 03 ] [ 0 ] [ 1872 1461 1440 ] [   18   49   40 ] [  12070   5666  10085 ] [ 0 ],1.00,1.00,1.00,1.40,-82.57,-44.72,0.00,0.00,0.00,0.00,0.00,0.00,0.00,0.00,0.00,0.00,0.00,0.00,0.00,0.00,0.00,0
2.90109,-85,-45,284,0,DRIVE [ 04 ] [ 1 ] [ 1872 1432 1425 ] [    0    0    0 ] [      0      0      0 ] [ 0 ],drive [ 04 ] [ 0 ] [ 1872 1445 1432 ] [   18   49   40 ] [  12070   5666  10085 ] [ 0 ],1.00,1.00,1.00,1.40,-84.62,-44.86,0.00,0.00,0.00,0.00,0.00,0.00,0.00,0.00,0.00,0.00,0.00,0.00,0.00,0.00,0.00,0
2.91531,-86,-45,284,0,DRIVE [ 05 ] [ 1 ] [ 1872 1421 1420 ] [    0    0    0 ] [      0      0      0 ] [ 0 ],drive [ 04 ] [ 0 ] [ 1872 1432 1425 ] [   18   49   40 ] [  12049   5823  10132 ] [ 0 ],1.00,1.00,1.00,1.40,-86.29,-45.03,0.00,0.00,0.00,0.00,0.00,0.00,0.00,0.00,0.00,0.00,0.00,0.00,0.00,0.00,0.00,0
2.92807,-87,-45,283,0,DRIVE [ 05 ] [ 1 ] [ 1872 1414 1416 ] [    0    0    0 ] [      0      0      0 ] [ 0 ],drive [ 05 ] [ 0 ] [ 1872 1421 1420 ] [   21   61   52 ] [  12049   5823  10132 ] [ 0 ],1.00,1.00,1.00,1.40,-87.24,-45.17,0.00,0.00,0.00,0.00,0.00,0.00,0.00,0.00,0.00,0.00,0.00,0.00,0.00,0.00,0.00,0
2.94081,-88,-45,283,0,DRIVE [ 06 ] [ 1 ] [ 1872 1410 1414 ] [    0    0    0 ] [      0      0      0 ] [ 0 ],drive [ 05 ] [ 0 ] [ 1872 1414 1416 ] [   21   61   52 ] [  12049   5823  10132 ] [ 0 ],1.00,1.00,1.00,1.40,-87.86,-45.30,0.00,0.00,0.00,0.00,0.00,0.00,0.00,0.00,0.00,0.00,0.00,0.00,0.00,0.00,0.00,0
2.9532,-88,-45,283,0,DRIVE [ 06 ] [ 1 ] [ 1872 1410 1415 ] [    0    0    0 ] [      0      0      0 ] [ 0 ],drive [ 06 ] [ 0 ] [ 1872 1410 1414 ] [   21   61   52 ] [  12049   5823  10132 ] [ 0 ],1.00,1.00,1.00,1.40,-87.79,-45.05,0.00,0.00,0.00,0.00,0.00,0.00,0.00,0.00,0.00,0.00,0.00,0.00,0.00,0.00,0.00,0
2.9651,-87,-45,283,0,DRIVE [ 07 ] [ 1 ] [ 1872 1413 1420 ] [    0    0    0 ] [      0      0      0 ] [ 0 ],drive [ 06 ] [ 0 ] [ 1872 1410 1415 ] [   21   61   52 ] [  11832   6140  10315 ] [ 0 ],1.00,1.00,1.00,1.40,-87.33,-44.60,0.00,0.00,0.00,0.00,0.00,0.00,0.00,0.00,0.00,0.00,0.00,0.00,0.00,0.00,0.00,0
2.97742,-86,-44,282,0,DRIVE [ 07 ] [ 1 ] [ 1872 1418 1427 ] [    0    0    0 ] [      0      0      0 ] [ 0 ],drive [ 07 ] [ 0 ] [ 1872 1413 1420 ] [    7   69   45 ] [  11832   6140  10315 ] [ 0 ],1.00,1.00,1.00,1.40,-85.88,-43.63,0.00,0.00,0.00,0.00,0.00,0.00,0.00,0.00,0.00,0.00,0.00,0.00,0.00,0.00,0.00,0
2.9896,-83,-42,281,0,DRIVE [ 08 ] [ 1 ] [ 1872 1429 1441 ] [    0    0    0 ] [      0      0      0 ] [ 0 ],drive [ 07 ] [ 0 ] [ 1872 1418 1427 ] [    7   69   45 ] [  11832   6140  10315 ] [ 0 ],1.00,1.00,1.00,1.40,-83.49,-42.05,0.00,0.00,0.00,0.00,0.00,0.00,0.00,0.00,0.00,0.00,0.00,0.00,0.00,0.00,0.00,0
3.00185,-81,-40,281,0,DRIVE [ 08 ] [ 1 ] [ 1872 1440 1455 ] [    0    0    0 ] [      0      0      0 ] [ 0 ],drive [ 08 ] [ 0 ] [ 1872 1429 1441 ] [    7   69   45 ] [  11832   6140  10315 ] [ 0 ],1.00,1.00,1.00,1.40,-81.07,-40.41,0.00,0.00,0.00,0.00,0.00,0.00,0.00,0.00,0.00,0.00,0.00,0.00,0.00,0.00,0.00,0
3.01381,-78,-39,279,0,DRIVE [ 09 ] [ 1 ] [ 1872 1452 1469 ] [    0    0    0 ] [      0      0      0 ] [ 0 ],drive [ 08 ] [ 0 ] [ 1872 1440 1455 ] [    7   69   45 ] [  11753   6205  10341 ] [ 0 ],1.00,1.00,1.00,1.40,-78.31,-38.80,0.00,0.00,0.00,0.00,0.00,0.00,0.00,0.00,0.00,0.00,0.00,0.00,0.00,0.00,0.00,0
3.02837,-76,-37,278,0,DRIVE [ 09 ] [ 1 ] [ 1872 1465 1482 ] [    0    0    0 ] [      0      0      0 ] [ 0 ],drive [ 09 ] [ 0 ] [ 1872 1452 1469 ] [   13   53   41 ] [  11753   6205  10341 ] [ 0 ],1.00,1.00,1.00,1.40,-75.65,-37.28,0.00,0.00,0.00,0.00,0.00,0.00,0.00,0.00,0.00,0.00,0.00,0.00,0.00,0.00,0.00,0
3.04108,-73,-36,278,0,DRIVE [ 10 ] [ 1 ] [ 1872 1477 1497 ] [    0    0    0 ] [      0      0      0 ] [ 0 ],drive [ 09 ] [ 0 ] [ 1872 1465 1482 ] [   13   53   41 ] [  11753   6205  10341 ] [ 0 ],1.00,1.00,1.00,1.40,-73.07,-35.78,0.00,0.00,0.00,0.00,0.00,0.00,0.00,0.00,0.00,0.00,0.00,0.00,0.00,0.00,0.00,0
3.05322,-70,-34,275,0,DRIVE [ 10 ] [ 1 ] [ 1872 1490 1511 ] [    0    0    0 ] [      0      0      0 ] [ 0 ],drive [ 10 ] [ 0 ] [ 1872 1477 1497 ] [   13   53   41 ] [  11753   6205  10341 ] [ 0 ],1.00,1.00,1.00,1.40,-70.23,-34.08,0.00,0.00,0.00,0.00,0.00,0.00,0.00,0.00,0.00,0.00,0.00,0.00,0.00,0.00,0.00,0
3.0648,-68,-33,275,0,DRIVE [ 11 ] [ 1 ] [ 1872 1503 1526 ] [    0    0    0 ] [      0      0      0 ] [ 0 ],drive [ 10 ] [ 0 ] [ 1872 1490 1511 ] [   13   53   41 ] [  11691   6203  10340 ] [ 0 ],1.00,1.00,1.00,1.40,-67.57,-32.50,0.00,0.00,0.00,0.00,0.00,0.00,0.00,0.00,0.00,0.00,0.00,0.00,0.00,0.00,0.00,0
3.07707,-65,-31,272,0,DRIVE [ 11 ] [ 1 ] [ 1872 1517 1541 ] [    0    0    0 ] [      0      0      0 ] [ 0 ],drive [ 11 ] [ 0 ] [ 1872 1503 1526 ] [   21   49   39 ] [  11691   6203  10340 ] [ 0 ],1.00,1.00,1.00,1.40,-64.50,-30.78,0.00,0.00,0.00,0.00,0.00,0.00,0.00,0.00,0.00,0.00,0.00,0.00,0.00,0.00,0.00,0
3.08913,-61,-29,271,0,DRIVE [ 12 ] [ 1 ] [ 1872 1532 1557 ] [    0    0    0 ] [      0      0      0 ] [ 0 ],drive [ 11 ] [ 0 ] [ 1872 1517 1541 ] [   21   49   39 ] [  11691   6203  10340 ] [ 0 ],1.00,1.00,1.00,1.40,-61.43,-29.14,0.00,0.00,0.00,0.00,0.00,0.00,0.00,0.00,0.00,0.00,0.00,0.00,0.00,0.00,0.00,0
3.10284,-58,-27,269,0,DRIVE [ 12 ] [ 1 ] [ 1872 1550 1574 ] [    0    0    0 ] [      0      0      0 ] [ 0 ],drive [ 12 ] [ 0 ] [ 1872 1532 1557 ] [   21   49   39 ] [  11691   6203  10340 ] [ 0 ],1.00,1.00,1.00,1.40,-58.03,-27.49,0.00,0.00,0.00,0.00,0.00,0.00,0.00,0.00,0.00,0.00,0.00,0.00,0.00,0.00,0.00,0
3.11716,-53,-25,266,0,DRIVE [ 13 ] [ 1 ] [ 1872 1575 1596 ] [    0    0    0 ] [      0      0      0 ] [ 0 ],drive [ 12 ] [ 0 ] [ 1872 1550 1574 ] [   21   49   39 ] [  11594   6202  10337 ] [ 0 ],1.00,1.00,1.00,1.40,-53.24,-25.46,0.00,0.00,0.00,0.00,0.00,0.00,0.00,0.00,0.00,0.00,0.00,0.00,0.00,0.00,0.00,0
3.12954,-49,-24,265,0,DRIVE [ 13 ] [ 1 ] [ 1872 1601 1617 ] [    0    0    0 ] [      0      0      0 ] [ 0 ],drive [ 13 ] [ 0 ] [ 1872 1575 1596 ] [   13   45   32 ] [  11594   6202  10337 ] [ 0 ],1.00,1.00,1.00,1.40,-48.75,-23.66,0.00,0.00,0.00,0.00,0.00,0.00,0.00,0.00,0.00,0.00,0.00,0.00,0.00,0.00,0.00,0
3.14193,-45,-22,263,0,DRIVE [ 14 ] [ 1 ] [ 1872 1626 1636 ] [    0    0    0 ] [      0      0      0 ] [ 0 ],drive [ 13 ] [ 0 ] [ 1872 1601 1617 ] [   13   45   32 ] [  11594   6202  10337 ] [ 0 ],1.00,1.00,1.00,1.40,-44.56,-22.13,0.00,0.00,0.00,0.00,0.00,-0.00,-0.00,0.00,0.00,0.00,0.00,0.00,0.00,0.00,0.00,0
3.15441,-41,-21,262,0,DRIVE [ 14 ] [ 1 ] [ 1872 1650 1654 ] [    0    0    0 ] [      0      0      0 ] [ 0 ],drive [ 14 ] [ 0 ] [ 1872 1626 1636 ] [   13   45   32 ] [  11594   6197  10313 ] [ 0 ],1.00,1.00,1.00,1.40,-40.63,-20.79,0.00,0.00,0.00,0.00,0.00,-0.00,-0.00,0.00,0.00,0.00,0.00,0.00,0.00,0.00,0.00,0
3.1663,-37,-20,260,0,DRIVE [ 15 ] [ 1 ] [ 1872 1674 1670 ] [    0    0    0 ] [      0      0      0 ] [ 0 ],drive [ 14 ] [ 0 ] [ 1872 1650 1654 ] [   13   45   32 ] [  11594   6197  10313 ] [ 0 ],1.00,1.00,1.00,1.40,-36.82,-19.68,0.00,0.00,0.00,0.00,0.00,-0.00,-0.00,0.00,0.00,0.00,0.00,0.00,0.00,0.00,0.00,0
3.17901,-33,-19,258,0,DRIVE [ 15 ] [ 1 ] [ 1872 1696 1684 ] [    0    0    0 ] [      0      0      0 ] [ 0 ],drive [ 15 ] [ 0 ] [ 1872 1674 1670 ] [   13   42   36 ] [  11594   6197  10313 ] [ 0 ],1.00,1.00,1.00,1.40,-33.36,-18.73,0.00,0.00,0.00,0.00,0.00,-0.00,-0.00,0.00,0.00,0.00,0.00,0.00,0.00,0.00,0.00,0
3.19131,-30,-18,256,0,DRIVE [ 16 ] [ 1 ] [ 1872 1716 1696 ] [    0    0    0 ] [      0      0      0 ] [ 0 ],drive [ 15 ] [ 0 ] [ 1872 1696 1684 ] [   13   42   36 ] [  11594   6197  10313 ] [ 0 ],1.00,1.00,1.00,1.40,-30.04,-17.79,0.00,0.00,0.00,0.00,0.00,-0.00,-0.00,0.00,0.00,0.00,0.00,0.00,0.00,0.00,0.00,0
3.20368,-26,-17,253,0,DRIVE [ 16 ] [ 1 ] [ 1872 1740 1713 ] [    0    0    0 ] [      0      0      0 ] [ 0 ],drive [ 16 ] [ 0 ] [ 1872 1716 1696 ] [   13   42   36 ] [  11594   6197  10313 ] [ 0 ],1.00,1.00,1.00,1.40,-26.21,-16.57,0.00,0.00,0.00,0.00,0.00,-0.00,-0.00,0.00,0.00,0.00,0.00,0.00,0.00,0.00,0.00,0
3.21578,-23,-15,251,0,DRIVE [ 17 ] [ 1 ] [ 1872 1762 1728 ] [    0    0    0 ] [      0      0      0 ] [ 0 ],drive [ 16 ] [ 0 ] [ 1872 1740 1713 ] [   13   42   36 ] [  11594   6077  10269 ] [ 0 ],1.00,1.00,1.00,1.40,-22.75,-15.44,0.00,0.00,0.00,0.00,0.00,-0.00,-0.00,0.00,0.00,0.00,0.00,0.00,0.00,0.00,0.00,0
3.22836,-20,-14,248,0,DRIVE [ 17 ] [ 1 ] [ 1872 1780 1742 ] [    0    0    0 ] [      0      0      0 ] [ 0 ],drive [ 17 ] [ 0 ] [ 1872 1762 1728 ] [   14   21   19 ] [  11594   6077  10269 ] [ 0 ],1.00,1.00,1.00,1.40,-19.82,-14.37,0.00,0.00,0.00,0.00,0.00,-0.00,-0.00,0.00,0.00,0.00,0.00,0.00,0.00,0.00,0.00,0
3.24079,-18,-13,245,0,DRIVE [ 18 ] [ 1 ] [ 1872 1794 1753 ] [    0    0    0 ] [      0      0      0 ] [ 0 ],drive [ 17 ] [ 0 ] [ 1872 1780 1742 ] [   14   21   19 ] [  11594   6077  10269 ] [ 0 ],1.00,1.00,1.00,1.40,-17.54,-13.40,0.00,0.00,0.00,0.00,0.00,-0.00,-0.00,0.00,0.00,0.00,0.00,0.00,0.00,0.00,0.00,0
3.25334,-16,-13,243,0,DRIVE [ 18 ] [ 1 ] [ 1872 1805 1762 ] [    0    0    0 ] [      0      0      0 ] [ 0 ],drive [ 18 ] [ 0 ] [ 1872 1794 1753 ] [   14   21   19 ] [  11594   6077  10269 ] [ 0 ],1.00,1.00,1.00,1.40,-15.81,-12.63,0.00,0.00,0.00,0.00,0.00,-0.00,-0.00,0.00,0.00,0.00,0.00,0.00,0.00,0.00,0.00,0
3.26548,-14,-12,240,0,DRIVE [ 19 ] [ 1 ] [ 1872 1813 1768 ] [    0    0    0 ] [      0      0      0 ] [ 0 ],drive [ 18 ] [ 0 ] [ 1872 1805 1762 ] [   14   21   19 ] [  11598   5774  10097 ] [ 0 ],1.00,1.00,1.00,1.40,-14.49,-11.98,0.00,0.00,0.00,0.00,0.00,-0.00,-0.00,0.00,0.00,0.00,0.00,0.00,0.00,0.00,0.00,0
3.27823,-13,-12,237,0,DRIVE [ 19 ] [ 1 ] [ 1872 1819 1773 ] [    0    0    0 ] [      0      0      0 ] [ 0 ],drive [ 19 ] [ 0 ] [ 1872 1813 1768 ] [   16   17   27 ] [  11598   5774  10097 ] [ 0 ],1.00,1.00,1.00,1.40,-13.46,-11.51,0.00,0.00,0.00,0.00,0.00,-0.00,-0.00,0.00,0.00,0.00,0.00,0.00,0.00,0.00,0.00,0
3.29091,-13,-11,234,0,DRIVE [ 20 ] [ 1 ] [ 1872 1822 1776 ] [    0    0    0 ] [      0      0      0 ] [ 0 ],drive [ 19 ] [ 0 ] [ 1872 1819 1773 ] [   16   17   27 ] [  11598   5774  10097 ] [ 0 ],1.00,1.00,1.00,1.40,-12.78,-11.23,0.00,0.00,0.00,0.00,0.00,-0.00,-0.00,0.00,0.00,0.00,0.00,0.00,0.00,0.00,0.00,0
3.30421,-12,-11,231,0,DRIVE [ 20 ] [ 1 ] [ 1872 1824 1776 ] [    0    0    0 ] [      0      0      0 ] [ 0 ],drive [ 20 ] [ 0 ] [ 1872 1822 1776 ] [   16   17   27 ] [  11598   5774  10097 ] [ 0 ],1.00,1.00,1.00,1.40,-12.41,-11.05,0.00,0.00,0.00,0.00,0.00,-0.00,-0.00,0.00,0.00,0.00,0.00,0.00,0.00,0.00,0.00,0
3.31807,-12,-11,228,0,DRIVE [ 21 ] [ 1 ] [ 1872 1824 1776 ] [    0    0    0 ] [      0      0      0 ] [ 0 ],drive [ 20 ] [ 0 ] [ 1872 1824 1776 ] [   16   17   27 ] [  11598   5548   9958 ] [ 0 ],1.00,1.00,1.00,1.40,-12.20,-10.90,0.00,0.00,0.00,0.00,0.00,-0.00,-0.00,0.00,0.00,0.00,0.00,0.00,0.00,0.00,0.00,0
3.33261,-12,-10,224,0,DRIVE [ 21 ] [ 1 ] [ 1872 1824 1778 ] [    0    0    0 ] [      0      0      0 ] [ 0 ],drive [ 21 ] [ 0 ] [ 1872 1824 1776 ] [   15   18   27 ] [  11598   5548   9958 ] [ 0 ],1.00,1.00,1.00,1.40,-11.97,-10.47,0.00,0.00,0.00,0.00,0.00,-0.00,-0.00,0.00,0.00,0.00,0.00,0.00,0.00,0.00,0.00,0
3.3456,-12,-10,220,0,DRIVE [ 22 ] [ 1 ] [ 1872 1824 1782 ] [    0    0    0 ] [      0      0      0 ] [ 0 ],drive [ 21 ] [ 0 ] [ 1872 1824 1778 ] [   15   18   27 ] [  11598   5548   9958 ] [ 0 ],1.00,1.00,1.00,1.40,-11.65,-9.95,0.00,0.00,0.00,0.00,0.00,-0.00,-0.00,0.00,0.00,0.00,0.00,0.00,0.00,0.00,0.00,0
3.35975,-11,-9,216,0,DRIVE [ 22 ] [ 1 ] [ 1872 1825 1787 ] [    0    0    0 ] [      0      0      0 ] [ 0 ],drive [ 22 ] [ 0 ] [ 1872 1824 1782 ] [   15   18   27 ] [  11598   5370   9958 ] [ 0 ],1.00,1.00,1.00,1.40,-11.28,-9.26,0.00,0.00,0.00,0.00,0.00,-0.00,-0.00,0.00,0.00,0.00,0.00,0.00,0.00,0.00,0.00,0
3.372,-11,-8,212,0,DRIVE [ 23 ] [ 1 ] [ 1872 1825 1795 ] [    0    0    0 ] [      0      0      0 ] [ 0 ],drive [ 22 ] [ 0 ] [ 1872 1825 1787 ] [   15   30   26 ] [  11598   5370   9958 ] [ 0 ],1.00,1.00,1.00,1.40,-10.98,-8.42,0.00,0.00,0.00,0.00,0.00,-0.00,-0.00,0.00,0.00,0.00,0.00,0.00,0.00,0.00,0.00,0
3.38546,-11,-7,209,0,DRIVE [ 23 ] [ 1 ] [ 1872 1825 1803 ] [    0    0    0 ] [      0      0      0 ] [ 0 ],drive [ 23 ] [ 0 ] [ 1872 1825 1795 ] [   15   30   26 ] [  11598   5370   9958 ] [ 0 ],1.00,1.00,1.00,1.40,-10.68,-7.47,0.00,0.00,0.00,0.00,0.00,-0.00,-0.00,0.00,0.00,0.00,0.00,0.00,0.00,0.00,0.00,0
3.39896,-10,-6,206,0,DRIVE [ 24 ] [ 1 ] [ 1872 1824 1812 ] [    0    0    0 ] [      0      0      0 ] [ 0 ],drive [ 23 ] [ 0 ] [ 1872 1825 1803 ] [   15   30   26 ] [  11598   5370   9958 ] [ 0 ],1.00,1.00,1.00,1.40,-10.37,-6.45,0.00,0.00,0.00,0.00,0.00,-0.00,-0.00,0.00,0.00,0.00,0.00,0.00,0.00,0.00,0.00,0
3.41304,-10,-5,202,0,DRIVE [ 24 ] [ 1 ] [ 1872 1822 1826 ] [    0    0    0 ] [      0      0      0 ] [ 0 ],drive [ 24 ] [ 0 ] [ 1872 1824 1812 ] [   15   30   26 ] [  11597   5056   9957 ] [ 0 ],1.00,1.00,1.00,1.40,-10.03,-4.89,0.00,0.00,0.00,0.00,0.00,-0.00,-0.00,0.00,0.00,0.00,0.00,0.00,0.00,0.00,0.00,0
3.42613,-10,-3,199,0,DRIVE [ 25 ] [ 1 ] [ 1872 1819 1838 ] [    0    0    0 ] [      0      0      0 ] [ 0 ],drive [ 24 ] [ 0 ] [ 1872 1822 1826 ] [   16   30   30 ] [  11597   5056   9957 ] [ 0 ],1.00,1.00,1.00,1.40,-9.78,-3.48,0.00,0.00,0.00,0.00,0.00,-0.00,-0.00,0.00,0.00,0.00,0.00,0.00,0.00,0.00,0.00,0
3.43864,-10,-2,195,0,DRIVE [ 25 ] [ 1 ] [ 1872 1815 1849 ] [    0    0    0 ] [      0      0      0 ] [ 0 ],drive [ 25 ] [ 0 ] [ 1872 1819 1838 ] [   16   30   30 ] [  11597   5056   9957 ] [ 0 ],1.00,1.00,1.00,1.40,-9.56,-2.21,0.00,0.00,0.00,0.00,0.00,-0.00,-0.00,0.00,0.00,0.00,0.00,0.00,0.00,0.00,0.00,0
3.45079,-9,-1,192,0,DRIVE [ 26 ] [ 1 ] [ 1872 1810 1857 ] [    0    0    0 ] [      0      0      0 ] [ 0 ],drive [ 25 ] [ 0 ] [ 1872 1815 1849 ] [   16   30   30 ] [  11597   5056   9957 ] [ 0 ],1.00,1.00,1.00,1.40,-9.28,-1.14,0.00,0.00,0.00,0.00,0.00,-0.00,-0.00,0.00,0.00,0.00,0.00,0.00,0.00,0.00,0.00,0
3.46473,-9,0,189,0,DRIVE [ 26 ] [ 1 ] [ 1872 1807 1864 ] [    0    0    0 ] [      0      0      0 ] [ 0 ],drive [ 26 ] [ 0 ] [ 1872 1810 1857 ] [   16   30   30 ] [  11597   5015   9873 ] [ 0 ],1.00,1.00,1.00,1.40,-8.96,-0.29,0.00,0.00,0.00,0.00,0.00,-0.00,-0.00,0.00,0.00,0.00,0.00,0.00,0.00,0.00,0.00,0
3.47709,-8,0,187,0,DRIVE [ 27 ] [ 1 ] [ 1872 1808 1871 ] [    0    0    0 ] [      0      0      0 ] [ 0 ],drive [ 26 ] [ 0 ] [ 1872 1807 1864 ] [   15   31    7 ] [  11597   5015   9873 ] [ 0 ],1.00,1.00,1.00,1.40,-8.38,0.31,0.00,0.00,0.00,0.00,0.00,-0.00,-0.00,0.00,0.00,0.00,0.00,0.00,0.00,-0.00,0.00,0
3.49188,-8,1,183,0,DRIVE [ 27 ] [ 1 ] [ 1872 1809 1875 ] [    0    0    0 ] [      0      0      0 ] [ 0 ],drive [ 27 ] [ 0 ] [ 1872 1808 1871 ] [   15   31    7 ] [  11597   5015   9873 ] [ 0 ],1.00,1.00,1.00,1.40,-7.89,0.75,0.00,0.00,0.00,0.00,0.00,-0.00,-0.00,0.00,0.00,0.00,0.00,0.00,0.00,-0.00,0.00,0
3.50556,-8,1,180,0,DRIVE [ 28 ] [ 1 ] [ 1872 1809 1878 ] [    0    0    0 ] [      0      0      0 ] [ 0 ],drive [ 27 ] [ 0 ] [ 1872 1809 1875 ] [   15   31    7 ] [  11597   5015   9873 ] [ 0 ],1.00,1.00,1.00,1.40,-7.51,0.98,0.00,0.00,0.00,0.00,0.00,-0.00,-0.00,0.00,0.00,0.00,0.00,0.00,0.00,-0.00,0.00,0
3.51882,-7,1,177,0,DRIVE [ 28 ] [ 1 ] [ 1872 1810 1879 ] [    0    0    0 ] [      0      0      0 ] [ 0 ],drive [ 28 ] [ 0 ] [ 1872 1809 1878 ] [   15   31    7 ] [  11597   5015   9829 ] [ 0 ],1.00,1.00,1.00,1.40,-7.25,1.03,0.00,0.00,0.00,0.00,0.00,-0.00,-0.00,0.00,0.00,0.00,0.00,0.00,0.00,-0.00,0.00,0
3.53095,-7,1,175,0,DRIVE [ 29 ] [ 1 ] [ 1872 1812 1878 ] [    0    0    0 ] [      0      0      0 ] [ 0 ],drive [ 28 ] [ 0 ] [ 1872 1810 1879 ] [   15   31   17 ] [  11597   5015   9829 ] [ 0 ],1.00,1.00,1.00,1.40,-7.17,0.85,0.00,0.00,0.00,0.00,0.00,-0.00,-0.00,0.00,0.00,0.00,0.00,0.00,0.00,-0.00,0.00,0
3.54567,-7,0,172,0,DRIVE [ 29 ] [ 1 ] [ 1872 1812 1874 ] [    0    0    0 ] [      0      0      0 ] [ 0 ],drive [ 29 ] [ 0 ] [ 1872 1812 1878 ] [   15   31   17 ] [  11597   5015   9829 ] [ 0 ],1.00,1.00,1.00,1.40,-7.26,0.48,0.00,0.00,0.00,0.00,0.00,-0.00,-0.00,0.00,0.00,0.00,0.00,0.00,0.00,-0.00,0.00,0
3.5596,-8,0,168,0,DRIVE [ 30 ] [ 1 ] [ 1872 1811 1865 ] [    0    0    0 ] [      0      0      0 ] [ 0 ],drive [ 29 ] [ 0 ] [ 1872 1812 1874 ] [   15   31   17 ] [  11599   5015   9731 ] [ 0 ],1.00,1.00,1.00,1.40,-7.73,-0.36,0.00,0.00,0.00,0.00,0.00,-0.00,-0.00,0.00,0.00,0.00,0.00,0.00,0.00,0.00,0.00,0
3.57607,-8,-1,165,0,DRIVE [ 30 ] [ 1 ] [ 1872 1806 1854 ] [    0    0    0 ] [      0      0      0 ] [ 0 ],drive [ 30 ] [ 0 ] [ 1872 1811 1865 ] [   16   31   28 ] [  11599   5015   9731 ] [ 0 ],1.00,1.00,1.00,1.40,-8.35,-1.11,0.00,0.00,0.00,0.00,0.00,-0.00,-0.00,0.00,0.00,0.00,0.00,0.00,0.00,0.00,0.00,0
3.59239,-9,-2,162,0,DRIVE [ 31 ] [ 1 ] [ 1872 1799 1841 ] [    0    0    0 ] [      0      0      0 ] [ 0 ],drive [ 30 ] [ 0 ] [ 1872 1806 1854 ] [   16   31   28 ] [  11599   5015   9731 ] [ 0 ],1.00,1.00,1.00,1.40,-9.19,-1.96,0.00,0.00,0.00,0.00,0.00,-0.00,-0.00,0.00,0.00,0.00,0.00,0.00,0.00,0.00,0.00,0
3.60475,-10,-3,159,0,DRIVE [ 31 ] [ 1 ] [ 1872 1789 1826 ] [    0    0    0 ] [      0      0      0 ] [ 0 ],drive [ 31 ] [ 0 ] [ 1872 1799 1841 ] [   16   31   28 ] [  11600   4990   9690 ] [ 0 ],1.00,1.00,1.00,1.40,-10.20,-2.87,0.00,0.00,0.00,0.00,0.00,-0.00,-0.00,0.00,0.00,0.00,0.00,0.00,0.00,0.00,0.00,0
3.61741,-11,-4,156,0,DRIVE [ 32 ] [ 1 ] [ 1872 1777 1809 ] [    0    0    0 ] [      0      0      0 ] [ 0 ],drive [ 31 ] [ 0 ] [ 1872 1789 1826 ] [   16   31   28 ] [  11600   4990   9690 ] [ 0 ],1.00,1.00,1.00,1.40,-11.33,-3.81,0.00,0.00,0.00,0.00,0.00,-0.00,-0.00,0.00,0.00,0.00,0.00,0.00,0.00,0.00,0.00,0
3.62936,-13,-5,153,0,DRIVE [ 32 ] [ 1 ] [ 1872 1759 1787 ] [    0    0    0 ] [      0      0      0 ] [ 0 ],drive [ 32 ] [ 0 ] [ 1872 1777 1809 ] [   16   28   32 ] [  11600   4990   9690 ] [ 0 ],1.00,1.00,1.00,1.40,-12.92,-4.92,0.00,0.00,0.00,0.00,0.00,-0.00,-0.00,0.00,0.00,0.00,0.00,0.00,0.00,0.00,0.00,0
3.64189,-14,-6,150,0,DRIVE [ 33 ] [ 1 ] [ 1872 1740 1766 ] [    0    0    0 ] [      0      0      0 ] [ 0 ],drive [ 32 ] [ 0 ] [ 1872 1759 1787 ] [   16   28   32 ] [  11600   4990   9690 ] [ 0 ],1.00,1.00,1.00,1.40,-14.45,-5.88,0.00,0.00,0.00,0.00,0.00,-0.00,-0.00,0.00,0.00,0.00,0.00,0.00,0.00,0.00,0.00,0
3.65568,-16,-7,147,0,DRIVE [ 33 ] [ 1 ] [ 1872 1721 1746 ] [    0    0    0 ] [      0      0      0 ] [ 0 ],drive [ 33 ] [ 0 ] [ 1872 1740 1766 ] [   16   28   32 ] [  11600   4990   9690 ] [ 0 ],1.00,1.00,1.00,1.40,-15.94,-6.74,0.00,0.00,0.00,0.00,0.00,-0.00,-0.00,0.00,0.00,0.00,0.00,0.00,0.00,0.00,0.00,0
3.66849,-17,-7,144,0,DRIVE [ 34 ] [ 1 ] [ 1872 1701 1728 ] [    0    0    0 ] [      0      0      0 ] [ 0 ],drive [ 33 ] [ 0 ] [ 1872 1721 1746 ] [   16   28   32 ] [  11600   4847   9692 ] [ 0 ],1.00,1.00,1.00,1.40,-17.35,-7.43,0.00,0.00,0.00,0.00,0.00,-0.00,-0.00,0.00,0.00,0.00,0.00,0.00,0.00,0.00,0.00,0
3.68078,-19,-8,142,0,DRIVE [ 34 ] [ 1 ] [ 1872 1681 1711 ] [    0    0    0 ] [      0      0      0 ] [ 0 ],drive [ 34 ] [ 0 ] [ 1872 1701 1728 ] [   16   24   38 ] [  11600   4847   9692 ] [ 0 ],1.00,1.00,1.00,1.40,-18.74,-7.98,0.00,0.00,0.00,0.00,0.00,-0.00,-0.00,0.00,0.00,0.00,0.00,0.00,0.00,0.00,0.00,0
3.69287,-20,-8,139,0,DRIVE [ 35 ] [ 1 ] [ 1872 1658 1693 ] [    0    0    0 ] [      0      0      0 ] [ 0 ],drive [ 34 ] [ 0 ] [ 1872 1681 1711 ] [   16   24   38 ] [  11600   4847   9692 ] [ 0 ],1.00,1.00,1.00,1.40,-20.21,-8.44,0.00,0.00,0.00,0.00,0.00,-0.00,-0.00,0.00,0.00,0.00,0.00,0.00,0.00,0.00,0.00,0
3.70518,-21,-9,136,0,DRIVE [ 35 ] [ 1 ] [ 1872 1637 1679 ] [    0    0    0 ] [      0      0      0 ] [ 0 ],drive [ 35 ] [ 0 ] [ 1872 1658 1693 ] [   16   24   38 ] [  11606   4845   9721 ] [ 0 ],1.00,1.00,1.00,1.40,-21.43,-8.77,0.00,0.00,0.00,0.00,0.00,-0.00,-0.00,0.00,0.00,0.00,0.00,0.00,0.00,0.00,0.00,0
3.71705,-22,-9,133,0,DRIVE [ 36 ] [ 1 ] [ 1872 1619 1667 ] [    0    0    0 ] [      0      0      0 ] [ 0 ],drive [ 35 ] [ 0 ] [ 1872 1637 1679 ] [   16   24   38 ] [  11606   4845   9721 ] [ 0 ],1.00,1.00,1.00,1.40,-22.42,-8.94,0.00,0.00,0.00,0.00,0.00,-0.00,-0.00,0.00,0.00,0.00,0.00,0.00,0.00,0.00,0.00,0
3.72929,-23,-9,131,0,DRIVE [ 36 ] [ 1 ] [ 1872 1602 1658 ] [    0    0    0 ] [      0      0      0 ] [ 0 ],drive [ 36 ] [ 0 ] [ 1872 1619 1667 ] [   20   32   21 ] [  11606   4845   9721 ] [ 0 ],1.00,1.00,1.00,1.40,-23.24,-8.99,0.00,0.00,0.00,0.00,0.00,-0.00,-0.00,0.00,0.00,0.00,0.00,0.00,0.00,0.00,0.00,0
3.74153,-24,-9,129,0,DRIVE [ 37 ] [ 1 ] [ 1872 1587 1653 ] [    0    0    0 ] [      0      0      0 ] [ 0 ],drive [ 36 ] [ 0 ] [ 1872 1602 1658 ] [   20   32   21 ] [  11606   4845   9721 ] [ 0 ],1.00,1.00,1.00,1.40,-23.81,-8.83,0.00,0.00,0.00,0.00,0.00,-0.00,-0.00,0.00,0.00,0.00,0.00,0.00,0.00,0.00,0.00,0
3.75362,-24,-8,127,0,DRIVE [ 37 ] [ 1 ] [ 1872 1574 1651 ] [    0    0    0 ] [      0      0      0 ] [ 0 ],drive [ 37 ] [ 0 ] [ 1872 1587 1653 ] [   20   32   21 ] [  11606   4845   9721 ] [ 0 ],1.00,1.00,1.00,1.40,-24.18,-8.47,0.00,0.00,0.00,0.00,0.00,-0.00,-0.00,0.00,0.00,0.00,0.00,0.00,0.00,0.00,0.00,0
3.76542,-24,-8,124,0,DRIVE [ 38 ] [ 1 ] [ 1872 1562 1653 ] [    0    0    0 ] [      0      0      0 ] [ 0 ],drive [ 37 ] [ 0 ] [ 1872 1574 1651 ] [   20   32   21 ] [  11607   4850   9765 ] [ 0 ],1.00,1.00,1.00,1.40,-24.39,-7.92,0.00,0.00,0.00,0.00,0.00,-0.00,-0.00,0.00,0.00,0.00,0.00,0.00,0.00,0.00,0.00,0
3.77767,-24,-7,122,0,DRIVE [ 38 ] [ 1 ] [ 1872 1551 1656 ] [    0    0    0 ] [      0      0      0 ] [ 0 ],drive [ 38 ] [ 0 ] [ 1872 1562 1653 ] [   20   35   23 ] [  11607   4850   9765 ] [ 0 ],1.00,1.00,1.00,1.40,-24.48,-7.31,0.00,0.00,0.00,0.00,0.00,-0.00,-0.00,0.00,0.00,0.00,0.00,0.00,0.00,0.00,0.00,0
3.78986,-24,-7,120,0,DRIVE [ 39 ] [ 1 ] [ 1872 1541 1661 ] [    0    0    0 ] [      0      0      0 ] [ 0 ],drive [ 38 ] [ 0 ] [ 1872 1551 1656 ] [   20   35   23 ] [  11607   4850   9765 ] [ 0 ],1.00,1.00,1.00,1.40,-24.43,-6.62,0.00,0.00,0.00,0.00,0.00,-0.00,-0.00,0.00,0.00,0.00,0.00,0.00,0.00,0.00,0.00,0
3.80193,-24,-6,118,0,DRIVE [ 39 ] [ 1 ] [ 1872 1531 1668 ] [    0    0    0 ] [      0      0      0 ] [ 0 ],drive [ 39 ] [ 0 ] [ 1872 1541 1661 ] [   20   35   23 ] [  11607   4850   9765 ] [ 0 ],1.00,1.00,1.00,1.40,-24.29,-5.86,0.00,0.00,0.00,0.00,0.00,-0.00,-0.00,0.00,0.00,0.00,0.00,0.00,0.00,0.00,0.00,0
3.81374,-24,-5,115,0,DRIVE [ 40 ] [ 1 ] [ 1872 1520 1678 ] [    0    0    0 ] [      0      0      0 ] [ 0 ],drive [ 39 ] [ 0 ] [ 1872 1531 1668 ] [   20   35   23 ] [  11607   4854   9765 ] [ 0 ],1.00,1.00,1.00,1.40,-23.99,-4.81,0.00,0.00,0.00,0.00,0.00,-0.00,-0.00,0.00,0.00,0.00,0.00,0.00,0.00,0.00,0.00,0
3.82824,-24,-4,113,0,DRIVE [ 40 ] [ 1 ] [ 1872 1509 1689 ] [    0    0    0 ] [      0      0      0 ] [ 0 ],drive [ 40 ] [ 0 ] [ 1872 1520 1678 ] [   20   38   24 ] [  11607   4854   9765 ] [ 0 ],1.00,1.00,1.00,1.40,-23.62,-3.79,0.00,0.00,0.00,0.00,0.00,-0.00,-0.00,0.00,0.00,0.00,0.00,0.00,0.00,0.00,0.00,0
3.84279,-23,-3,111,0,DRIVE [ 41 ] [ 1 ] [ 1872 1500 1701 ] [    0    0    0 ] [      0      0      0 ] [ 0 ],drive [ 40 ] [ 0 ] [ 1872 1509 1689 ] [   20   38   24 ] [  11607   4854   9765 ] [ 0 ],1.00,1.00,1.00,1.40,-23.20,-2.81,0.00,0.00,0.00,0.00,0.00,-0.00,-0.00,0.00,0.00,0.00,0.00,0.00,0.00,0.00,0.00,0
3.85507,-23,-2,109,0,DRIVE [ 41 ] [ 1 ] [ 1872 1490 1712 ] [    0    0    0 ] [      0      0      0 ] [ 0 ],drive [ 41 ] [ 0 ] [ 1872 1500 1701 ] [   20   38   24 ] [  11606   4859   9765 ] [ 0 ],1.00,1.00,1.00,1.40,-22.77,-1.86,0.00,0.00,0.00,0.00,0.00,-0.00,-0.00,0.00,0.00,0.00,0.00,0.00,0.00,0.00,0.00,0
3.86711,-22,-1,107,0,DRIVE [ 42 ] [ 1 ] [ 1872 1482 1725 ] [    0    0    0 ] [      0      0      0 ] [ 0 ],drive [ 41 ] [ 0 ] [ 1872 1490 1712 ] [   20   38   24 ] [  11606   4859   9765 ] [ 0 ],1.00,1.00,1.00,1.40,-22.24,-0.94,0.00,0.00,0.00,0.00,0.00,-0.00,-0.00,0.00,0.00,0.00,0.00,0.00,0.00,0.00,0.00,0
3.87897,-22,0,105,0,DRIVE [ 42 ] [ 1 ] [ 1872 1475 1738 ] [    0    0    0 ] [      0      0      0 ] [ 0 ],drive [ 42 ] [ 0 ] [ 1872 1482 1725 ] [   21   41   21 ] [  11606   4859   9765 ] [ 0 ],1.00,1.00,1.00,1.40,-21.63,-0.02,0.00,0.00,0.00,0.00,0.00,-0.00,-0.00,0.00,0.00,0.00,0.00,0.00,0.00,0.00,0.00,0
3.89266,-21,1,103,0,DRIVE [ 43 ] [ 1 ] [ 1872 1466 1755 ] [    0    0    0 ] [      0      0      0 ] [ 0 ],drive [ 42 ] [ 0 ] [ 1872 1475 1738 ] [   21   41   21 ] [  11606   4859   9765 ] [ 0 ],1.00,1.00,1.00,1.40,-20.99,1.17,0.00,0.00,0.00,0.00,0.00,-0.00,-0.00,0.00,0.00,0.00,0.00,0.00,0.00,0.00,0.00,0
3.90498,-20,2,101,0,DRIVE [ 43 ] [ 1 ] [ 1872 1455 1775 ] [    0    0    0 ] [      0      0      0 ] [ 0 ],drive [ 43 ] [ 0 ] [ 1872 1466 1755 ] [   21   41   21 ] [  11607   4889   9757 ] [ 0 ],1.00,1.00,1.00,1.40,-20.05,2.46,0.00,0.00,0.00,0.00,0.00,-0.00,-0.00,0.00,0.00,0.00,0.00,0.00,0.00,0.00,0.00,0
3.91668,-19,3,99,0,DRIVE [ 44 ] [ 1 ] [ 1872 1445 1794 ] [    0    0    0 ] [      0      0      0 ] [ 0 ],drive [ 43 ] [ 0 ] [ 1872 1455 1775 ] [   21   41   21 ] [  11607   4889   9757 ] [ 0 ],1.00,1.00,1.00,1.40,-19.17,3.60,0.00,0.00,0.00,0.00,0.00,-0.00,-0.00,0.00,0.00,0.00,0.00,0.00,0.00,-0.00,0.00,0
3.93073,-18,3,97,0,DRIVE [ 44 ] [ 1 ] [ 1872 1434 1810 ] [    0    0    0 ] [      0      0      0 ] [ 0 ],drive [ 44 ] [ 0 ] [ 1872 1445 1794 ] [   20   60   17 ] [  11607   4889   9757 ] [ 0 ],1.00,1.00,1.00,1.40,-18.34,4.60,0.00,0.00,0.00,0.00,0.00,-0.00,-0.00,0.00,0.00,0.00,0.00,0.00,0.00,-0.00,0.00,0
3.94356,-18,4,95,0,DRIVE [ 45 ] [ 1 ] [ 1872 1424 1826 ] [    0    0    0 ] [      0      0      0 ] [ 0 ],drive [ 44 ] [ 0 ] [ 1872 1434 1810 ] [   20   60   17 ] [  11607   4889   9757 ] [ 0 ],1.00,1.00,1.00,1.40,-17.56,5.49,0.00,0.00,0.00,0.00,0.00,-0.00,-0.00,0.00,0.00,0.00,0.00,0.00,0.00,-0.00,0.00,0
3.95721,-17,4,93,0,DRIVE [ 45 ] [ 1 ] [ 1872 1413 1840 ] [    0    0    0 ] [      0      0      0 ] [ 0 ],drive [ 45 ] [ 0 ] [ 1872 1424 1826 ] [   20   60   17 ] [  11607   4966   9737 ] [ 0 ],1.00,1.00,1.00,1.40,-16.82,6.27,0.00,0.00,0.00,0.00,0.00,-0.00,-0.00,0.00,0.00,0.00,0.00,0.00,0.00,-0.00,0.00,0
3.9689,-16,5,92,0,DRIVE [ 46 ] [ 1 ] [ 1872 1402 1853 ] [    0    0    0 ] [      0      0      0 ] [ 0 ],drive [ 45 ] [ 0 ] [ 1872 1413 1840 ] [   22   59   28 ] [  11607   4966   9737 ] [ 0 ],1.00,1.00,1.00,1.40,-16.12,6.95,0.00,0.00,0.00,0.00,0.00,-0.00,-0.00,0.00,0.00,0.00,0.00,0.00,0.00,-0.00,0.00,0
3.98197,-15,5,90,0,DRIVE [ 46 ] [ 1 ] [ 1872 1391 1865 ] [    0    0    0 ] [      0      0      0 ] [ 0 ],drive [ 46 ] [ 0 ] [ 1872 1402 1853 ] [   22   59   28 ] [  11607   4966   9737 ] [ 0 ],1.00,1.00,1.00,1.40,-15.48,7.51,0.00,0.00,0.00,0.00,0.00,-0.00,-0.00,0.00,0.00,0.00,0.00,0.00,0.00,-0.00,0.00,0
3.99443,-15,6,88,0,DRIVE [ 47 ] [ 1 ] [ 1872 1384 1875 ] [    0    0    0 ] [      0      0      0 ] [ 0 ],drive [ 46 ] [ 0 ] [ 1872 1391 1865 ] [   22   59   28 ] [  11607   4966   9737 ] [ 0 ],1.00,1.00,1.00,1.40,-14.84,7.93,0.00,0.00,0.00,0.00,0.00,-0.00,-0.00,0.00,0.00,0.00,0.00,0.00,0.00,-0.00,0.00,0
4.0071,-14,6,86,0,DRIVE [ 47 ] [ 1 ] [ 1872 1380 1886 ] [    0    0    0 ] [      0      0      0 ] [ 0 ],drive [ 47 ] [ 0 ] [ 1872 1384 1875 ] [   22   59   28 ] [  11658   5115   9634 ] [ 0 ],1.00,1.00,1.00,1.40,-14.00,8.25,0.00,0.00,0.00,0.00,0.00,-0.00,-0.00,0.00,0.00,0.00,0.00,0.00,0.00,-0.00,0.00,0
4.02078,-13,6,85,0,DRIVE [ 48 ] [ 1 ] [ 1872 1379 1895 ] [    0    0    0 ] [      0      0      0 ] [ 0 ],drive [ 47 ] [ 0 ] [ 1872 1380 1886 ] [   17   64   29 ] [  11658   5115   9634 ] [ 0 ],1.00,1.00,1.00,1.40,-13.21,8.46,0.00,0.00,0.00,0.00,0.00,-0.00,-0.00,0.00,0.00,0.00,0.00,0.00,0.00,-0.00,0.00,0
4.03288,-12,6,83,0,DRIVE [ 48 ] [ 1 ] [ 1872 1380 1903 ] [    0    0    0 ] [      0      0      0 ] [ 0 ],drive [ 48 ] [ 0 ] [ 1872 1379 1895 ] [   17   64   29 ] [  11658   5115   9634 ] [ 0 ],1.00,1.00,1.00,1.40,-12.46,8.56,0.00,0.00,0.00,0.00,0.00,-0.00,-0.00,0.00,0.00,0.00,0.00,0.00,0.00,-0.00,0.00,0
4.04524,-12,6,82,0,DRIVE [ 49 ] [ 1 ] [ 1900 1392 1903 ] [    0    0    0 ] [      0      0      0 ] [ 0 ],drive [ 48 ] [ 0 ] [ 1872 1380 1903 ] [   17   64   29 ] [  11658   5115   9634 ] [ 0 ],1.00,1.00,1.00,1.40,-11.78,8.63,0.00,0.00,0.00,0.00,0.00,-0.00,-0.00,0.00,0.00,0.00,0.00,0.00,0.00,-0.00,0.00,0
4.05725,-11,6,80,0,DRIVE [ 49 ] [ 1 ] [ 1892 1409 1903 ] [    0    0    0 ] [      0      0      0 ] [ 0 ],drive [ 49 ] [ 0 ] [ 1900 1392 1903 ] [   17   64   29 ] [  11720   5218   9551 ] [ 0 ],1.00,1.00,1.00,1.40,-11.13,8.63,0.00,0.00,0.00,0.00,0.00,-0.00,-0.00,0.00,0.00,0.00,0.00,0.00,0.00,-0.00,0.00,0
4.06928,-10,6,79,0,DRIVE [ 50 ] [ 1 ] [ 1885 1428 1903 ] [    0    0    0 ] [      0      0      0 ] [ 0 ],drive [ 49 ] [ 0 ] [ 1892 1409 1903 ] [   15   54   10 ] [  11720   5218   9551 ] [ 0 ],1.00,1.00,1.00,1.40,-10.44,8.63,0.00,0.00,0.00,0.00,0.00,-0.00,-0.00,0.00,0.00,0.00,0.00,0.00,0.00,-0.00,0.00,0
4.0809,-10,6,78,0,DRIVE [ 50 ] [ 1 ] [ 1874 1448 1903 ] [    0    0    0 ] [      0      0      0 ] [ 0 ],drive [ 50 ] [ 0 ] [ 1885 1428 1903 ] [   15   54   10 ] [  11720   5218   9551 ] [ 0 ],1.00,1.00,1.00,1.40,-9.73,8.75,0.00,0.00,0.00,0.00,0.00,-0.00,-0.00,0.00,0.00,0.00,0.00,0.00,0.00,-0.00,0.00,0
4.09312,-9,6,77,0,DRIVE [ 51 ] [ 1 ] [ 1861 1466 1903 ] [    0    0    0 ] [      0      0      0 ] [ 0 ],drive [ 50 ] [ 0 ] [ 1874 1448 1903 ] [   15   54   10 ] [  11720   5218   9551 ] [ 0 ],1.00,1.00,1.00,1.40,-9.00,9.01,0.00,0.00,0.00,0.00,0.00,-0.00,-0.00,0.00,0.00,0.00,0.00,0.00,0.00,-0.00,0.00,0
4.10553,-8,7,75,0,DRIVE [ 51 ] [ 1 ] [ 1845 1484 1903 ] [    0    0    0 ] [      0      0      0 ] [ 0 ],drive [ 51 ] [ 0 ] [ 1861 1466 1903 ] [   15   54   10 ] [  11718   5218   9551 ] [ 0 ],1.00,1.00,1.00,1.40,-8.24,9.40,0.00,0.00,0.00,0.00,0.00,-0.00,-0.00,0.00,0.00,0.00,0.00,0.00,0.00,-0.00,0.00,0
4.1187,-7,7,74,0,DRIVE [ 52 ] [ 1 ] [ 1826 1499 1903 ] [    0    0    0 ] [      0      0      0 ] [ 0 ],drive [ 51 ] [ 0 ] [ 1845 1484 1903 ] [   15   54   10 ] [  11718   5218   9551 ] [ 0 ],1.00,1.00,1.00,1.40,-7.45,9.91,0.00,0.00,0.00,0.00,0.00,-0.00,-0.00,0.00,0.00,0.00,0.00,0.00,0.00,-0.00,0.00,0
4.13072,-6,8,73,0,DRIVE [ 52 ] [ 1 ] [ 1795 1515 1903 ] [    0    0    0 ] [      0      0      0 ] [ 0 ],drive [ 52 ] [ 0 ] [ 1826 1499 1903 ] [   21   47   10 ] [  11718   5218   9551 ] [ 0 ],1.00,1.00,1.00,1.40,-6.38,10.77,0.00,0.00,0.00,0.00,0.00,-0.00,-0.00,0.00,0.00,0.00,0.00,0.00,0.00,-0.00,0.00,0
4.1436,-5,8,71,0,DRIVE [ 53 ] [ 1 ] [ 1753 1528 1903 ] [    0    0    0 ] [      0      0      0 ] [ 0 ],drive [ 52 ] [ 0 ] [ 1795 1515 1903 ] [   21   47   10 ] [  11718   5218   9551 ] [ 0 ],1.00,1.00,1.00,1.40,-5.12,11.86,0.00,0.00,0.00,0.00,0.00,-0.00,-0.00,0.00,0.00,0.00,0.00,0.00,0.00,0.00,0.00,0
4.15734,-4,9,69,0,DRIVE [ 53 ] [ 1 ] [ 1712 1535 1903 ] [    0    0    0 ] [      0      0      0 ] [ 0 ],drive [ 53 ] [ 0 ] [ 1753 1528 1903 ] [   21   47   10 ] [  11786   5216   9502 ] [ 0 ],1.00,1.00,1.00,1.40,-3.99,12.86,0.00,0.00,0.00,0.00,0.00,-0.00,-0.00,0.00,0.00,0.00,0.00,0.00,0.00,0.00,0.00,0
4.16958,-3,10,68,0,DRIVE [ 54 ] [ 1 ] [ 1671 1538 1903 ] [    0    0    0 ] [      0      0      0 ] [ 0 ],drive [ 53 ] [ 0 ] [ 1712 1535 1903 ] [   36   37   20 ] [  11786   5216   9502 ] [ 0 ],1.00,1.00,1.00,1.40,-2.96,13.77,0.00,0.00,0.00,0.00,0.00,-0.00,-0.00,0.00,0.00,0.00,0.00,0.00,0.00,0.00,0.00,0
4.18192,-2,11,69,0,DRIVE [ 54 ] [ 1 ] [ 1630 1542 1903 ] [    0    0    0 ] [      0      0      0 ] [ 0 ],drive [ 54 ] [ 0 ] [ 1671 1538 1903 ] [   36   37   20 ] [  11786   5216   9502 ] [ 0 ],1.00,1.00,1.00,1.40,-2.01,15.19,0.00,0.00,0.00,0.00,0.00,-0.00,-0.00,0.00,0.00,0.00,0.00,0.00,0.00,0.00,0.00,0
4.19413,-1,11,67,0,DRIVE [ 55 ] [ 1 ] [ 1595 1542 1903 ] [    0    0    0 ] [      0      0      0 ] [ 0 ],drive [ 54 ] [ 0 ] [ 1630 1542 1903 ] [   36   37   20 ] [  11786   5216   9502 ] [ 0 ],1.00,1.00,1.00,1.40,-1.18,15.69,0.00,0.00,0.00,0.00,0.00,-0.00,-0.00,0.00,0.00,0.00,0.00,0.00,0.00,0.00,0.00,0
4.20638,0,11,66,0,DRIVE [ 55 ] [ 1 ] [ 1564 1542 1903 ] [    0    0    0 ] [      0      0      0 ] [ 0 ],drive [ 55 ] [ 0 ] [ 1595 1542 1903 ] [   36   37   20 ] [  12133   5209   9375 ] [ 0 ],1.00,1.00,1.00,1.40,-0.48,16.10,0.00,0.00,0.00,0.00,0.00,-0.00,-0.00,0.00,0.00,0.00,0.00,0.00,0.00,0.00,0.00,0
4.21857,0,12,64,0,DRIVE [ 56 ] [ 1 ] [ 1537 1539 1903 ] [    0    0    0 ] [      0      0      0 ] [ 0 ],drive [ 55 ] [ 0 ] [ 1564 1542 1903 ] [   36   37   20 ] [  12133   5209   9375 ] [ 0 ],1.00,1.00,1.00,1.40,0.06,16.44,0.00,0.00,0.00,0.00,0.00,-0.00,-0.00,0.00,0.00,0.00,0.00,0.00,0.00,0.00,0.00,0
4.23001,0,12,63,0,DRIVE [ 56 ] [ 1 ] [ 1517 1536 1903 ] [    0    0    0 ] [      0      0      0 ] [ 0 ],drive [ 56 ] [ 0 ] [ 1537 1539 1903 ] [   29   35    3 ] [  12133   5209   9375 ] [ 0 ],1.00,1.00,1.00,1.40,0.42,16.63,0.00,0.00,0.00,0.00,0.00,-0.00,-0.00,0.00,0.00,0.00,0.00,0.00,0.00,0.00,0.00,0
4.24214,1,12,64,0,DRIVE [ 57 ] [ 1 ] [ 1508 1536 1903 ] [    0    0    0 ] [      0      0      0 ] [ 0 ],drive [ 56 ] [ 0 ] [ 1517 1536 1903 ] [   29   35    3 ] [  12133   5209   9375 ] [ 0 ],1.00,1.00,1.00,1.40,0.61,17.18,0.00,0.00,0.00,0.00,0.00,-0.00,-0.00,0.00,0.00,0.00,0.00,0.00,0.00,0.00,0.00,0
4.25399,1,12,63,0,DRIVE [ 57 ] [ 1 ] [ 1511 1536 1903 ] [    0    0    0 ] [      0      0      0 ] [ 0 ],drive [ 57 ] [ 0 ] [ 1508 1536 1903 ] [   29   35    3 ] [  12851   5183   9112 ] [ 0 ],1.00,1.00,1.00,1.40,0.53,16.70,0.00,0.00,0.00,0.00,0.00,-0.00,-0.00,0.00,0.00,0.00,0.00,0.00,0.00,0.00,0.00,0
4.26557,0,12,64,0,DRIVE [ 58 ] [ 1 ] [ 1531 1539 1903 ] [    0    0    0 ] [      0      0      0 ] [ 0 ],drive [ 57 ] [ 0 ] [ 1511 1536 1903 ] [   29   35    3 ] [  12851   5183   9112 ] [ 0 ],1.00,1.00,1.00,1.40,0.19,16.41,0.00,0.00,0.00,0.00,0.00,-0.00,-0.00,0.00,0.00,0.00,0.00,0.00,0.00,0.00,0.00,0
4.27772,0,11,62,0,DRIVE [ 58 ] [ 1 ] [ 1553 1542 1903 ] [    0    0    0 ] [      0      0      0 ] [ 0 ],drive [ 58 ] [ 0 ] [ 1531 1539 1903 ] [   57   37    4 ] [  12851   5183   9112 ] [ 0 ],1.00,1.00,1.00,1.40,-0.23,15.36,0.00,0.00,0.00,0.00,0.00,-0.00,-0.00,0.00,0.00,0.00,0.00,0.00,0.00,0.00,0.00,0
4.28973,-1,10,60,0,DRIVE [ 59 ] [ 1 ] [ 1578 1548 1903 ] [    0    0    0 ] [      0      0      0 ] [ 0 ],drive [ 58 ] [ 0 ] [ 1553 1542 1903 ] [   57   37    4 ] [  12851   5183   9112 ] [ 0 ],1.00,1.00,1.00,1.40,-0.59,14.31,0.00,0.00,0.00,0.00,0.00,-0.00,-0.00,0.00,0.00,0.00,0.00,0.00,0.00,0.00,0.00,0
4.3014,-1,10,59,0,DRIVE [ 59 ] [ 1 ] [ 1599 1558 1903 ] [    0    0    0 ] [      0      0      0 ] [ 0 ],drive [ 59 ] [ 0 ] [ 1578 1548 1903 ] [   57   37    4 ] [  12851   5183   9112 ] [ 0 ],1.00,1.00,1.00,1.40,-0.82,13.35,0.00,0.00,0.00,0.00,0.00,-0.00,-0.00,0.00,0.00,0.00,0.00,0.00,0.00,0.00,0.00,0
4.31362,-1,9,58,0,DRIVE [ 60 ] [ 1 ] [ 1617 1570 1903 ] [    0    0    0 ] [      0      0      0 ] [ 0 ],drive [ 59 ] [ 0 ] [ 1599 1558 1903 ] [   57   37    4 ] [  13049   5183   9031 ] [ 0 ],1.00,1.00,1.00,1.40,-0.91,12.46,0.00,0.00,0.00,0.00,0.00,-0.00,-0.00,0.00,0.00,0.00,0.00,0.00,0.00,0.00,0.00,0
4.32554,-1,8,57,0,DRIVE [ 60 ] [ 1 ] [ 1632 1584 1903 ] [    0    0    0 ] [      0      0      0 ] [ 0 ],drive [ 60 ] [ 0 ] [ 1617 1570 1903 ] [   29   36   27 ] [  13049   5183   9031 ] [ 0 ],1.00,1.00,1.00,1.40,-0.90,11.65,0.00,0.00,0.00,0.00,0.00,-0.00,-0.00,0.00,0.00,0.00,0.00,0.00,0.00,0.00,0.00,0
4.33765,-1,8,56,0,DRIVE [ 61 ] [ 1 ] [ 1645 1600 1903 ] [    0    0    0 ] [      0      0      0 ] [ 0 ],drive [ 60 ] [ 0 ] [ 1632 1584 1903 ] [   29   36   27 ] [  13049   5183   9031 ] [ 0 ],1.00,1.00,1.00,1.40,-0.83,10.89,0.00,0.00,0.00,0.00,0.00,-0.00,-0.00,0.00,0.00,0.00,0.00,0.00,0.00,-0.00,0.00,0
4.35045,-1,7,55,0,DRIVE [ 61 ] [ 1 ] [ 1655 1619 1903 ] [    0    0    0 ] [      0      0      0 ] [ 0 ],drive [ 61 ] [ 0 ] [ 1645 1600 1903 ] [   29   36   27 ] [  13049   5183   9031 ] [ 0 ],1.00,1.00,1.00,1.40,-0.66,10.16,0.00,0.00,0.00,0.00,0.00,-0.00,-0.00,0.00,0.00,0.00,0.00,0.00,0.00,-0.00,0.00,0
4.36182,0,7,54,0,DRIVE [ 62 ] [ 1 ] [ 1666 1640 1903 ] [    0    0    0 ] [      0      0      0 ] [ 0 ],drive [ 61 ] [ 0 ] [ 1655 1619 1903 ] [   29   36   27 ] [  13050   5183   8959 ] [ 0 ],1.00,1.00,1.00,1.40,-0.45,9.40,0.00,0.00,0.00,0.00,0.00,-0.00,-0.00,0.00,0.00,0.00,0.00,0.00,0.00,-0.00,0.00,0
4.37394,0,6,53,0,DRIVE [ 62 ] [ 1 ] [ 1678 1665 1903 ] [    0    0    0 ] [      0      0      0 ] [ 0 ],drive [ 62 ] [ 0 ] [ 1666 1640 1903 ] [   26   32   22 ] [  13050   5183   8959 ] [ 0 ],1.00,1.00,1.00,1.40,-0.22,8.57,0.00,0.00,0.00,0.00,0.00,-0.00,-0.00,0.00,0.00,0.00,0.00,0.00,0.00,-0.00,0.00,0
4.386,0,5,53,0,DRIVE [ 63 ] [ 1 ] [ 1694 1692 1903 ] [    0    0    0 ] [      0      0      0 ] [ 0 ],drive [ 62 ] [ 0 ] [ 1678 1665 1903 ] [   26   32   22 ] [  13050   5183   8959 ] [ 0 ],1.00,1.00,1.00,1.40,-0.03,7.65,0.00,0.00,0.00,0.00,0.00,-0.00,-0.00,0.00,0.00,0.00,0.00,0.00,0.00,-0.00,0.00,0
4.39818,0,4,52,1,DRIVE [ 63 ] [ 1 ] [ 1728 1734 1903 ] [    0    0    0 ] [      0      0      0 ] [ 0 ],drive [ 63 ] [ 0 ] [ 1694 1692 1903 ] [   26   32   22 ] [  13050   5183   8959 ] [ 0 ],1.00,1.00,1.00,1.40,0.12,6.16,0.00,0.00,0.00,0.00,0.00,-0.00,-0.00,0.00,0.00,0.00,0.00,0.00,-0.00,-0.00,0.00,0
