timestamp,Xmm,Ymm,Zmm,TouchDetected,OutgoingPacket,IncomingPacket,GainPropAb, GainPropAd, GainPropFl, GainPropEx,PropA, PropB, PropC,GainIntegAb, GainIntegAd, GainIntegFl, GainIntegEx,IntegA, IntegB, IntegC,GainDerivAb, GainDerivAd, GainDerivFl, GainDerivEx,DerivA, DerivB, DerivC,Heading5
0.00546105,47,86,494,0,DRIVE [ 61 ] [ 1 ] [ 1467 1769 1903 ] [    0    0    0 ] [      0      0      0 ] [ 0 ],drive [ 60 ] [ 0 ] [ 1474 1776 1903 ] [   43   26   17 ] [  13397   6981   8532 ] [ 0 ],1.00,1.00,1.00,1.00,47.41,85.79,0.00,0.00,0.00,0.00,0.00,0.00,0.00,0.00,0.00,0.00,0.00,0.00,0.00,0.00,0.00,0
0.0199754,47,85,490,0,DRIVE [ 61 ] [ 1 ] [ 1465 1770 1903 ] [    0    0    0 ] [      0      0      0 ] [ 0 ],drive [ 61 ] [ 0 ] [ 1467 1769 1903 ] [   43   26   17 ] [  13397   6981   8532 ] [ 0 ],1.00,1.00,1.00,1.00,47.47,84.84,0.00,0.00,0.00,0.00,0.00,0.00,0.00,0.00,0.00,0.00,0.00,0.00,-0.00,-0.00,0.00,0
0.0345122,47,84,483,0,DRIVE [ 62 ] [ 1 ] [ 1465 1771 1903 ] [    0    0    0 ] [      0      0      0 ] [ 0 ],drive [ 61 ] [ 0 ] [ 1465 1770 1903 ] [   43   26   17 ] [  13396   7018   8532 ] [ 0 ],1.00,1.00,1.00,1.00,46.97,83.73,0.00,0.00,0.00,0.00,0.00,0.00,0.00,0.00,0.00,0.00,0.00,0.00,-0.00,-0.00,0.00,0
0.0485556,47,84,481,0,DRIVE [ 62 ] [ 1 ] [ 1463 1770 1903 ] [    0    0    0 ] [      0      0      0 ] [ 0 ],drive [ 62 ] [ 0 ] [ 1465 1771 1903 ] [   43   14   17 ] [  13396   7018   8532 ] [ 0 ],1.00,1.00,1.00,1.00,46.89,83.58,0.00,0.00,0.00,0.00,0.00,0.00,0.00,0.00,0.00,0.00,0.00,0.00,-0.00,-0.00,0.00,0
0.0611063,47,84,482,0,DRIVE [ 63 ] [ 1 ] [ 1461 1770 1903 ] [    0    0    0 ] [      0      0      0 ] [ 0 ],drive [ 62 ] [ 0 ] [ 1463 1770 1903 ] [   43   14   17 ] [  13396   7018   8532 ] [ 0 ],1.00,1.00,1.00,1.00,47.25,83.87,0.00,0.00,0.00,0.00,0.00,0.00,0.00,0.00,0.00,0.00,0.00,0.00,0.00,0.00,0.00,0
0.0748606,48,84,482,0,DRIVE [ 63 ] [ 1 ] [ 1459 1770 1903 ] [    0    0    0 ] [      0      0      0 ] [ 0 ],drive [ 63 ] [ 0 ] [ 1461 1770 1903 ] [   43   14   17 ] [  13396   7018   8532 ] [ 0 ],1.00,1.00,1.00,1.00,47.55,84.15,0.00,0.00,0.00,0.00,0.00,0.00,0.00,0.00,0.00,0.00,0.00,0.00,0.00,0.00,0.00,0
0.0877653,48,84,480,0,DRIVE [ 64 ] [ 1 ] [ 1457 1770 1903 ] [    0    0    0 ] [      0      0      0 ] [ 0 ],drive [ 63 ] [ 0 ] [ 1459 1770 1903 ] [   43   14   17 ] [  13397   7018   8532 ] [ 0 ],1.00,1.00,1.00,1.00,47.63,84.32,0.00,0.00,0.00,0.00,0.00,0.00,0.00,0.00,0.00,0.00,0.00,0.00,0.00,0.00,0.00,0
0.10185,48,84,479,0,DRIVE [ 64 ] [ 1 ] [ 1455 1769 1903 ] [    0    0    0 ] [      0      0      0 ] [ 0 ],drive [ 64 ] [ 0 ] [ 1457 1770 1903 ] [   45   14   17 ] [  13397   7018   8532 ] [ 0 ],1.00,1.00,1.00,1.00,47.72,84.46,0.00,0.00,0.00,0.00,0.00,0.00,0.00,0.00,0.00,0.00,0.00,0.00,0.00,0.00,0.00,0
0.114498,48,85,479,0,DRIVE [ 65 ] [ 1 ] [ 1453 1768 1903 ] [    0    0    0 ] [      0      0      0 ] [ 0 ],drive [ 64 ] [ 0 ] [ 1455 1769 1903 ] [   45   14   17 ] [  13397   7018   8532 ] [ 0 ],1.00,1.00,1.00,1.00,47.94,84.84,0.00,0.00,0.00,0.00,0.00,0.00,0.00,0.00,0.00,0.00,0.00,0.00,0.00,0.00,0.00,0
0.127944,48,85,479,0,DRIVE [ 65 ] [ 1 ] [ 1451 1768 1903 ] [    0    0    0 ] [      0      0      0 ] [ 0 ],drive [ 65 ] [ 0 ] [ 1453 1768 1903 ] [   45   14   17 ] [  13397   7018   8532 ] [ 0 ],1.00,1.00,1.00,1.00,48.22,85.31,0.00,0.00,0.00,0.00,0.00,0.00,0.00,0.00,0.00,0.00,0.00,0.00,0.00,0.00,0.00,0
0.141059,194,154,509,0,DRIVE [ 66 ] [ 1 ] [ 0820 1864 1903 ] [    0    0    0 ] [      0      0      0 ] [ 0 ],drive [ 65 ] [ 0 ] [ 1451 1768 1903 ] [   45   14   17 ] [  13397   7018   8532 ] [ 0 ],1.00,1.00,1.00,1.00,193.88,153.53,0.00,0.00,0.00,0.00,0.00,0.00,0.00,0.00,0.00,0.00,0.00,0.00,0.00,0.00,0.00,0
0.153834,199,157,522,0,DRIVE [ 66 ] [ 1 ] [ 0820 1866 1903 ] [    0    0    0 ] [      0      0      0 ] [ 0 ],drive [ 66 ] [ 0 ] [ 0820 1864 1903 ] [   43   14   17 ] [  13397   7018   8532 ] [ 0 ],1.00,1.00,1.00,1.00,199.44,157.30,0.00,0.00,0.00,0.00,0.00,0.00,0.00,0.00,0.00,0.00,0.00,0.00,0.00,0.00,0.00,0
0.167042,193,153,505,0,DRIVE [ 67 ] [ 1 ] [ 0820 1865 1903 ] [    0    0    0 ] [      0      0      0 ] [ 0 ],drive [ 66 ] [ 0 ] [ 0820 1866 1903 ] [   43   14   17 ] [  13397   7018   8532 ] [ 0 ],1.00,1.00,1.00,1.00,193.23,152.68,0.00,0.00,0.00,0.00,0.00,0.00,0.00,0.00,0.00,0.00,0.00,0.00,-0.00,-0.00,0.00,0
0.180067,194,153,506,0,DRIVE [ 67 ] [ 1 ] [ 0820 1865 1903 ] [    0    0    0 ] [      0      0      0 ] [ 0 ],drive [ 67 ] [ 0 ] [ 0820 1865 1903 ] [   43   14   17 ] [  13397   7018   8532 ] [ 0 ],1.00,1.00,1.00,1.00,194.04,153.22,0.00,0.00,0.00,0.00,0.00,0.00,0.00,0.00,0.00,0.00,0.00,0.00,0.00,0.00,0.00,0
0.193184,195,154,508,0,DRIVE [ 68 ] [ 1 ] [ 0820 1865 1903 ] [    0    0    0 ] [      0      0      0 ] [ 0 ],drive [ 67 ] [ 0 ] [ 0820 1865 1903 ] [   43   14   17 ] [  13831   6997   8530 ] [ 0 ],1.00,1.00,1.00,1.00,195.12,154.13,0.00,0.00,0.00,0.00,0.00,0.00,0.00,0.00,0.00,0.00,0.00,0.00,0.00,0.00,0.00,0
0.207076,195,154,509,0,DRIVE [ 68 ] [ 1 ] [ 0820 1865 1903 ] [    0    0    0 ] [      0      0      0 ] [ 0 ],drive [ 68 ] [ 0 ] [ 0820 1865 1903 ] [  106   29    2 ] [  13831   6997   8530 ] [ 0 ],1.00,1.00,1.00,1.00,194.90,154.04,0.00,0.00,0.00,0.00,0.00,0.00,0.00,0.00,0.00,0.00,0.00,0.00,0.00,0.00,0.00,0
0.2197,194,153,511,0,DRIVE [ 69 ] [ 1 ] [ 0820 1866 1903 ] [    0    0    0 ] [      0      0      0 ] [ 0 ],drive [ 68 ] [ 0 ] [ 0820 1865 1903 ] [  106   29    2 ] [  13831   6997   8530 ] [ 0 ],1.00,1.00,1.00,1.00,193.85,152.75,0.00,0.00,0.00,0.00,0.00,0.00,0.00,0.00,0.00,0.00,0.00,0.00,-0.00,-0.00,0.00,0
0.232745,193,153,517,0,DRIVE [ 69 ] [ 1 ] [ 0820 1866 1903 ] [    0    0    0 ] [      0      0      0 ] [ 0 ],drive [ 69 ] [ 0 ] [ 0820 1866 1903 ] [  106   29    2 ] [  14872   6900   8267 ] [ 0 ],1.00,1.00,1.00,1.00,193.16,152.71,0.00,0.00,0.00,0.00,0.00,0.00,0.00,0.00,0.00,0.00,0.00,0.00,-0.00,-0.00,0.00,0
0.245378,190,152,521,0,DRIVE [ 70 ] [ 1 ] [ 0820 1864 1903 ] [    0    0    0 ] [      0      0      0 ] [ 0 ],drive [ 69 ] [ 0 ] [ 0820 1866 1903 ] [  102    7   25 ] [  14872   6900   8267 ] [ 0 ],1.00,1.00,1.00,1.00,190.45,151.76,0.00,0.00,0.00,0.00,0.00,0.00,0.00,0.00,0.00,0.00,0.00,0.00,-0.00,-0.00,0.00,0
0.258295,186,150,521,0,DRIVE [ 70 ] [ 1 ] [ 0820 1862 1903 ] [    0    0    0 ] [      0      0      0 ] [ 0 ],drive [ 70 ] [ 0 ] [ 0820 1864 1903 ] [  102    7   25 ] [  14872   6900   8267 ] [ 0 ],1.00,1.00,1.00,1.00,186.40,149.87,0.00,0.00,0.00,0.00,0.00,0.00,0.00,0.00,0.00,0.00,0.00,0.00,-0.00,-0.00,0.00,0
0.271114,184,148,522,0,DRIVE [ 71 ] [ 1 ] [ 0820 1861 1903 ] [    0    0    0 ] [      0      0      0 ] [ 0 ],drive [ 70 ] [ 0 ] [ 0820 1862 1903 ] [  102    7   25 ] [  14872   6900   8267 ] [ 0 ],1.00,1.00,1.00,1.00,183.58,148.08,0.00,0.00,0.00,0.00,0.00,0.00,0.00,0.00,0.00,0.00,0.00,0.00,-0.00,-0.00,0.00,0
0.284261,181,145,520,0,DRIVE [ 71 ] [ 1 ] [ 0820 1863 1903 ] [    0    0    0 ] [      0      0      0 ] [ 0 ],drive [ 71 ] [ 0 ] [ 0820 1861 1903 ] [  102    7   25 ] [  14877   6899   8207 ] [ 0 ],1.00,1.00,1.00,1.00,180.86,145.28,0.00,0.00,0.00,0.00,0.00,0.00,0.00,0.00,0.00,0.00,0.00,0.00,-0.00,-0.00,0.00,0
0.297349,179,143,517,0,DRIVE [ 72 ] [ 1 ] [ 0820 1866 1903 ] [    0    0    0 ] [      0      0      0 ] [ 0 ],drive [ 71 ] [ 0 ] [ 0820 1863 1903 ] [  102    8   24 ] [  14877   6899   8207 ] [ 0 ],1.00,1.00,1.00,1.00,179.10,142.67,0.00,0.00,0.00,0.00,0.00,0.00,0.00,0.00,0.00,0.00,0.00,0.00,-0.00,-0.00,0.00,0
0.310487,179,141,516,0,DRIVE [ 72 ] [ 1 ] [ 0820 1869 1903 ] [    0    0    0 ] [      0      0      0 ] [ 0 ],drive [ 72 ] [ 0 ] [ 0820 1866 1903 ] [  102    8   24 ] [  14877   6899   8207 ] [ 0 ],1.00,1.00,1.00,1.00,178.84,141.07,0.00,0.00,0.00,0.00,0.00,0.00,0.00,0.00,0.00,0.00,0.00,0.00,-0.00,-0.00,0.00,0
0.323456,179,140,515,0,DRIVE [ 73 ] [ 1 ] [ 0820 1872 1903 ] [    0    0    0 ] [      0      0      0 ] [ 0 ],drive [ 72 ] [ 0 ] [ 0820 1869 1903 ] [  102    8   24 ] [  14877   6899   8207 ] [ 0 ],1.00,1.00,1.00,1.00,179.04,139.78,0.00,0.00,0.00,0.00,0.00,0.00,0.00,0.00,0.00,0.00,0.00,0.00,-0.00,-0.00,0.00,0
0.335982,179,138,512,0,DRIVE [ 73 ] [ 1 ] [ 0820 1875 1903 ] [    0    0    0 ] [      0      0      0 ] [ 0 ],drive [ 73 ] [ 0 ] [ 0820 1872 1903 ] [  102    8   24 ] [  14883   6899   8196 ] [ 0 ],1.00,1.00,1.00,1.00,178.87,138.17,0.00,0.00,0.00,0.00,0.00,0.00,0.00,0.00,0.00,0.00,0.00,0.00,-0.00,-0.00,0.00,0
0.349162,180,138,511,0,DRIVE [ 74 ] [ 1 ] [ 0820 1878 1903 ] [    0    0    0 ] [      0      0      0 ] [ 0 ],drive [ 73 ] [ 0 ] [ 0820 1875 1903 ] [  108    7    5 ] [  14883   6899   8196 ] [ 0 ],1.00,1.00,1.00,1.00,179.79,137.58,0.00,0.00,0.00,0.00,0.00,0.00,0.00,0.00,0.00,0.00,0.00,0.00,-0.00,-0.00,0.00,0
0.362145,181,137,509,0,DRIVE [ 74 ] [ 1 ] [ 0820 1882 1903 ] [    0    0    0 ] [      0      0      0 ] [ 0 ],drive [ 74 ] [ 0 ] [ 0820 1878 1903 ] [  108    7    5 ] [  14883   6899   8196 ] [ 0 ],1.00,1.00,1.00,1.00,180.82,136.73,0.00,0.00,0.00,0.00,0.00,0.00,0.00,0.00,0.00,0.00,0.00,0.00,-0.00,-0.00,0.00,0
0.375185,182,136,508,0,DRIVE [ 75 ] [ 1 ] [ 0820 1886 1903 ] [    0    0    0 ] [      0      0      0 ] [ 0 ],drive [ 74 ] [ 0 ] [ 0820 1882 1903 ] [  108    7    5 ] [  14883   6899   8196 ] [ 0 ],1.00,1.00,1.00,1.00,182.16,136.01,0.00,0.00,0.00,0.00,0.00,0.00,0.00,0.00,0.00,0.00,0.00,0.00,-0.00,-0.00,0.00,0
0.388924,183,135,505,0,DRIVE [ 75 ] [ 1 ] [ 0820 1890 1903 ] [    0    0    0 ] [      0      0      0 ] [ 0 ],drive [ 75 ] [ 0 ] [ 0820 1886 1903 ] [  108    7    5 ] [  15007   6899   8124 ] [ 0 ],1.00,1.00,1.00,1.00,182.96,134.54,0.00,0.00,0.00,0.00,0.00,0.00,0.00,0.00,0.00,0.00,0.00,0.00,-0.00,-0.00,0.00,0
0.401614,186,134,507,0,DRIVE [ 76 ] [ 1 ] [ 0820 1897 1903 ] [    0    0    0 ] [      0      0      0 ] [ 0 ],drive [ 75 ] [ 0 ] [ 0820 1890 1903 ] [  113    5   16 ] [  15007   6899   8124 ] [ 0 ],1.00,1.00,1.00,1.00,186.20,134.07,0.00,0.00,0.00,0.00,0.00,0.00,0.00,0.00,0.00,0.00,0.00,0.00,-0.00,-0.00,0.00,0
0.414802,190,134,511,0,DRIVE [ 76 ] [ 1 ] [ 0820 1903 1903 ] [    0    0    0 ] [      0      0      0 ] [ 0 ],drive [ 76 ] [ 0 ] [ 0820 1897 1903 ] [  113    5   16 ] [  15007   6899   8124 ] [ 0 ],1.00,1.00,1.00,1.00,190.04,133.96,0.00,0.00,0.00,0.00,0.00,0.00,0.00,0.00,0.00,0.00,0.00,0.00,-0.00,-0.00,0.00,0
0.427939,190,131,507,0,DRIVE [ 77 ] [ 1 ] [ 0820 1903 1901 ] [    0    0    0 ] [      0      0      0 ] [ 0 ],drive [ 76 ] [ 0 ] [ 0820 1903 1903 ] [  113    5   16 ] [  15007   6899   8124 ] [ 0 ],1.00,1.00,1.00,1.00,190.09,131.08,0.00,0.00,0.00,0.00,0.00,0.00,0.00,0.00,0.00,0.00,0.00,0.00,-0.00,-0.00,0.00,0
0.441326,191,129,506,0,DRIVE [ 77 ] [ 1 ] [ 0820 1903 1895 ] [    0    0    0 ] [      0      0      0 ] [ 0 ],drive [ 77 ] [ 0 ] [ 0820 1903 1901 ] [  113    5   16 ] [  15119   6899   7876 ] [ 0 ],1.00,1.00,1.00,1.00,191.37,129.04,0.00,0.00,0.00,0.00,0.00,0.00,0.00,0.00,0.00,0.00,0.00,0.00,-0.00,-0.00,0.00,0
0.453779,193,126,504,0,DRIVE [ 78 ] [ 1 ] [ 0820 1903 1887 ] [    0    0    0 ] [      0      0      0 ] [ 0 ],drive [ 77 ] [ 0 ] [ 0820 1903 1895 ] [  108    7   14 ] [  15119   6899   7876 ] [ 0 ],1.00,1.00,1.00,1.00,192.56,126.06,0.00,0.00,0.00,0.00,0.00,0.00,0.00,0.00,0.00,0.00,0.00,0.00,-0.00,-0.00,0.00,0
0.468519,194,123,502,0,DRIVE [ 78 ] [ 1 ] [ 0820 1903 1880 ] [    0    0    0 ] [      0      0      0 ] [ 0 ],drive [ 78 ] [ 0 ] [ 0820 1903 1887 ] [  108    7   14 ] [  15119   6899   7876 ] [ 0 ],1.00,1.00,1.00,1.00,193.57,123.12,0.00,0.00,0.00,0.00,0.00,0.00,0.00,0.00,0.00,0.00,0.00,0.00,-0.00,-0.00,0.00,0
0.481789,194,120,500,0,DRIVE [ 79 ] [ 1 ] [ 0820 1903 1874 ] [    0    0    0 ] [      0      0      0 ] [ 0 ],drive [ 78 ] [ 0 ] [ 0820 1903 1880 ] [  108    7   14 ] [  15118   6828   7857 ] [ 0 ],1.00,1.00,1.00,1.00,193.71,120.43,0.00,0.00,0.00,0.00,0.00,0.00,0.00,0.00,0.00,0.00,0.00,0.00,-0.00,-0.00,0.00,0
0.494969,194,118,498,0,DRIVE [ 79 ] [ 1 ] [ 0820 1903 1869 ] [    0    0    0 ] [      0      0      0 ] [ 0 ],drive [ 79 ] [ 0 ] [ 0820 1903 1874 ] [  108    7   14 ] [  15118   6828   7857 ] [ 0 ],1.00,1.00,1.00,1.00,193.98,118.38,0.00,0.00,0.00,0.00,0.00,0.00,0.00,0.00,0.00,0.00,0.00,0.00,-0.00,-0.00,0.00,0
0.508043,194,117,497,0,DRIVE [ 80 ] [ 1 ] [ 0820 1903 1866 ] [    0    0    0 ] [      0      0      0 ] [ 0 ],drive [ 79 ] [ 0 ] [ 0820 1903 1869 ] [  108   21   18 ] [  15118   6828   7857 ] [ 0 ],1.00,1.00,1.00,1.00,193.82,117.07,0.00,0.00,0.00,0.00,0.00,0.00,0.00,0.00,0.00,0.00,0.00,0.00,-0.00,-0.00,0.00,0
0.520696,192,116,494,0,DRIVE [ 80 ] [ 1 ] [ 0820 1903 1866 ] [    0    0    0 ] [      0      0      0 ] [ 0 ],drive [ 80 ] [ 0 ] [ 0820 1903 1866 ] [  108   21   18 ] [  15118   6828   7857 ] [ 0 ],1.00,1.00,1.00,1.00,192.36,115.84,0.00,0.00,0.00,0.00,0.00,0.00,0.00,0.00,0.00,0.00,0.00,0.00,-0.00,-0.00,0.00,0
0.534368,190,115,494,0,DRIVE [ 81 ] [ 1 ] [ 0820 1903 1868 ] [    0    0    0 ] [      0      0      0 ] [ 0 ],drive [ 80 ] [ 0 ] [ 0820 1903 1866 ] [  108   21   18 ] [  15150   6704   7858 ] [ 0 ],1.00,1.00,1.00,1.00,190.07,115.46,0.00,0.00,0.00,0.00,0.00,0.00,0.00,0.00,0.00,0.00,0.00,0.00,-0.00,-0.00,0.00,0
0.547356,187,115,492,0,DRIVE [ 81 ] [ 1 ] [ 0820 1903 1872 ] [    0    0    0 ] [      0      0      0 ] [ 0 ],drive [ 81 ] [ 0 ] [ 0820 1903 1868 ] [  119    1   17 ] [  15150   6704   7858 ] [ 0 ],1.00,1.00,1.00,1.00,186.89,114.92,0.00,0.00,0.00,0.00,0.00,0.00,0.00,0.00,0.00,0.00,0.00,0.00,-0.00,-0.00,0.00,0
0.560443,183,114,490,0,DRIVE [ 82 ] [ 1 ] [ 0820 1903 1875 ] [    0    0    0 ] [      0      0      0 ] [ 0 ],drive [ 81 ] [ 0 ] [ 0820 1903 1872 ] [  119    1   17 ] [  15150   6704   7858 ] [ 0 ],1.00,1.00,1.00,1.00,183.18,114.16,0.00,0.00,0.00,0.00,0.00,0.00,0.00,0.00,0.00,0.00,0.00,0.00,-0.00,-0.00,0.00,0
0.573296,179,113,489,0,DRIVE [ 82 ] [ 1 ] [ 0820 1903 1879 ] [    0    0    0 ] [      0      0      0 ] [ 0 ],drive [ 82 ] [ 0 ] [ 0820 1903 1875 ] [  119    1   17 ] [  15150   6704   7858 ] [ 0 ],1.00,1.00,1.00,1.00,179.33,113.44,0.00,0.00,0.00,0.00,0.00,0.00,0.00,0.00,0.00,0.00,0.00,0.00,-0.00,-0.00,0.00,0
0.585622,175,113,490,0,DRIVE [ 83 ] [ 1 ] [ 0820 1903 1884 ] [    0    0    0 ] [      0      0      0 ] [ 0 ],drive [ 82 ] [ 0 ] [ 0820 1903 1879 ] [  119    1   17 ] [  15341   6612   7836 ] [ 0 ],1.00,1.00,1.00,1.00,175.29,112.66,0.00,0.00,0.00,0.00,0.00,0.00,0.00,0.00,0.00,0.00,0.00,0.00,-0.00,-0.00,0.00,0
0.598514,170,112,489,0,DRIVE [ 83 ] [ 1 ] [ 0820 1903 1889 ] [    0    0    0 ] [      0      0      0 ] [ 0 ],drive [ 83 ] [ 0 ] [ 0820 1903 1884 ] [   99   18    6 ] [  15341   6612   7836 ] [ 0 ],1.00,1.00,1.00,1.00,170.32,111.70,0.00,0.00,0.00,0.00,0.00,0.00,0.00,0.00,0.00,0.00,0.00,0.00,-0.00,-0.00,0.00,0
0.611271,166,112,492,0,DRIVE [ 84 ] [ 1 ] [ 0820 1903 1896 ] [    0    0    0 ] [      0      0      0 ] [ 0 ],drive [ 83 ] [ 0 ] [ 0820 1903 1889 ] [   99   18    6 ] [  15341   6612   7836 ] [ 0 ],1.00,1.00,1.00,1.00,166.05,111.74,0.00,0.00,0.00,0.00,0.00,0.00,0.00,0.00,0.00,0.00,0.00,0.00,-0.00,-0.00,0.00,0
0.623522,158,111,492,0,DRIVE [ 84 ] [ 1 ] [ 0820 1904 1896 ] [    0    0    0 ] [      0      0      0 ] [ 0 ],drive [ 84 ] [ 0 ] [ 0820 1903 1896 ] [   99   18    6 ] [  15341   6612   7836 ] [ 0 ],1.00,1.00,1.00,1.00,157.91,111.11,0.00,0.00,0.00,0.00,0.00,0.00,0.00,0.00,0.00,0.00,0.00,0.00,-0.00,-0.00,0.00,0
0.636228,149,110,490,0,DRIVE [ 85 ] [ 1 ] [ 0858 1892 1896 ] [    0    0    0 ] [      0      0      0 ] [ 0 ],drive [ 84 ] [ 0 ] [ 0820 1904 1896 ] [   99   18    6 ] [  15361   6589   7710 ] [ 0 ],1.00,1.00,1.00,1.00,149.33,109.76,0.00,0.00,0.00,0.00,0.00,0.00,0.00,0.00,0.00,0.00,0.00,0.00,-0.00,-0.00,0.00,0
0.64896,142,109,490,0,DRIVE [ 85 ] [ 1 ] [ 0903 1882 1896 ] [    0    0    0 ] [      0      0      0 ] [ 0 ],drive [ 85 ] [ 0 ] [ 0858 1892 1896 ] [  107    8   26 ] [  15361   6589   7710 ] [ 0 ],1.00,1.00,1.00,1.00,141.76,108.71,0.00,0.00,0.00,0.00,0.00,0.00,0.00,0.00,0.00,0.00,0.00,0.00,-0.00,-0.00,0.00,0
0.661954,134,107,490,0,DRIVE [ 86 ] [ 1 ] [ 0947 1874 1896 ] [    0    0    0 ] [      0      0      0 ] [ 0 ],drive [ 85 ] [ 0 ] [ 0903 1882 1896 ] [  107    8   26 ] [  15361   6589   7710 ] [ 0 ],1.00,1.00,1.00,1.00,134.45,106.99,0.00,0.00,0.00,0.00,0.00,0.00,0.00,0.00,0.00,0.00,0.00,0.00,-0.00,-0.00,0.00,0
0.674928,128,106,492,0,DRIVE [ 86 ] [ 1 ] [ 0988 1866 1896 ] [    0    0    0 ] [      0      0      0 ] [ 0 ],drive [ 86 ] [ 0 ] [ 0947 1874 1896 ] [  107    8   26 ] [  15361   6589   7710 ] [ 0 ],1.00,1.00,1.00,1.00,128.43,106.00,0.00,0.00,0.00,0.00,0.00,0.00,0.00,0.00,0.00,0.00,0.00,0.00,-0.00,-0.00,0.00,0
0.68737,122,104,494,0,DRIVE [ 87 ] [ 1 ] [ 1029 1860 1896 ] [    0    0    0 ] [      0      0      0 ] [ 0 ],drive [ 86 ] [ 0 ] [ 0988 1866 1896 ] [  107    8   26 ] [  15689   6477   7492 ] [ 0 ],1.00,1.00,1.00,1.00,122.27,104.17,0.00,0.00,0.00,0.00,0.00,0.00,0.00,0.00,0.00,0.00,0.00,0.00,-0.00,-0.00,0.00,0
0.700642,115,101,493,0,DRIVE [ 87 ] [ 1 ] [ 1071 1855 1896 ] [    0    0    0 ] [      0      0      0 ] [ 0 ],drive [ 87 ] [ 0 ] [ 1029 1860 1896 ] [   94   11   23 ] [  15689   6477   7492 ] [ 0 ],1.00,1.00,1.00,1.00,115.26,101.13,0.00,0.00,0.00,0.00,0.00,0.00,0.00,0.00,0.00,0.00,0.00,0.00,-0.00,-0.00,0.00,0
0.713224,106,97,491,0,DRIVE [ 88 ] [ 1 ] [ 1130 1848 1896 ] [    0    0    0 ] [      0      0      0 ] [ 0 ],drive [ 87 ] [ 0 ] [ 1071 1855 1896 ] [   94   11   23 ] [  15689   6477   7492 ] [ 0 ],1.00,1.00,1.00,1.00,105.55,96.87,0.00,0.00,0.00,0.00,0.00,0.00,0.00,0.00,0.00,0.00,0.00,0.00,-0.00,-0.00,0.00,0
0.725782,96,93,489,0,DRIVE [ 88 ] [ 1 ] [ 1187 1841 1896 ] [    0    0    0 ] [      0      0      0 ] [ 0 ],drive [ 88 ] [ 0 ] [ 1130 1848 1896 ] [   94   11   23 ] [  15689   6477   7492 ] [ 0 ],1.00,1.00,1.00,1.00,96.07,92.85,0.00,0.00,0.00,0.00,0.00,0.00,0.00,0.00,0.00,0.00,0.00,0.00,-0.00,-0.00,0.00,0
0.739269,87,89,486,0,DRIVE [ 89 ] [ 1 ] [ 1239 1834 1896 ] [    0    0    0 ] [      0      0      0 ] [ 0 ],drive [ 88 ] [ 0 ] [ 1187 1841 1896 ] [   94   11   23 ] [  15685   6417   7396 ] [ 0 ],1.00,1.00,1.00,1.00,87.34,89.20,0.00,0.00,0.00,0.00,0.00,0.00,0.00,0.00,0.00,0.00,0.00,0.00,-0.00,-0.00,0.00,0
0.751329,79,86,483,0,DRIVE [ 89 ] [ 1 ] [ 1286 1828 1896 ] [    0    0    0 ] [      0      0      0 ] [ 0 ],drive [ 89 ] [ 0 ] [ 1239 1834 1896 ] [   71   19    4 ] [  15685   6417   7396 ] [ 0 ],1.00,1.00,1.00,1.00,79.45,85.68,0.00,0.00,0.00,0.00,0.00,0.00,0.00,0.00,0.00,0.00,0.00,0.00,-0.00,-0.00,0.00,0
0.764211,72,82,480,0,DRIVE [ 90 ] [ 1 ] [ 1328 1823 1896 ] [    0    0    0 ] [      0      0      0 ] [ 0 ],drive [ 89 ] [ 0 ] [ 1286 1828 1896 ] [   71   19    4 ] [  15685   6417   7396 ] [ 0 ],1.00,1.00,1.00,1.00,72.48,82.40,0.00,0.00,0.00,0.00,0.00,0.00,0.00,0.00,0.00,0.00,0.00,0.00,-0.00,-0.00,0.00,0
0.776795,66,80,479,0,DRIVE [ 90 ] [ 1 ] [ 1367 1818 1896 ] [    0    0    0 ] [      0      0      0 ] [ 0 ],drive [ 90 ] [ 0 ] [ 1328 1823 1896 ] [   71   19    4 ] [  15685   6417   7396 ] [ 0 ],1.00,1.00,1.00,1.00,66.23,79.85,0.00,0.00,0.00,0.00,0.00,0.00,0.00,0.00,0.00,0.00,0.00,0.00,-0.00,-0.00,0.00,0
0.789602,60,77,479,0,DRIVE [ 91 ] [ 1 ] [ 1406 1813 1896 ] [    0    0    0 ] [      0      0      0 ] [ 0 ],drive [ 90 ] [ 0 ] [ 1367 1818 1896 ] [   71   19    4 ] [  15670   6419   7284 ] [ 0 ],1.00,1.00,1.00,1.00,60.11,77.43,0.00,0.00,0.00,0.00,0.00,0.00,0.00,0.00,0.00,0.00,0.00,0.00,-0.00,-0.00,0.00,0
0.802127,54,75,477,0,DRIVE [ 91 ] [ 1 ] [ 1441 1807 1896 ] [    0    0    0 ] [      0      0      0 ] [ 0 ],drive [ 91 ] [ 0 ] [ 1406 1813 1896 ] [   53   19    9 ] [  15670   6419   7284 ] [ 0 ],1.00,1.00,1.00,1.00,54.17,75.15,0.00,0.00,0.00,0.00,0.00,0.00,0.00,0.00,0.00,0.00,0.00,0.00,-0.00,-0.00,0.00,0
0.81557,48,73,474,0,DRIVE [ 92 ] [ 1 ] [ 1475 1802 1896 ] [    0    0    0 ] [      0      0      0 ] [ 0 ],drive [ 91 ] [ 0 ] [ 1441 1807 1896 ] [   53   19    9 ] [  15670   6419   7284 ] [ 0 ],1.00,1.00,1.00,1.00,48.36,72.59,0.00,0.00,0.00,0.00,0.00,0.00,0.00,0.00,0.00,0.00,0.00,0.00,-0.00,-0.00,0.00,0
0.828348,41,70,470,0,DRIVE [ 92 ] [ 1 ] [ 1516 1794 1896 ] [    0    0    0 ] [      0      0      0 ] [ 0 ],drive [ 92 ] [ 0 ] [ 1475 1802 1896 ] [   53   19    9 ] [  15670   6419   7284 ] [ 0 ],1.00,1.00,1.00,1.00,41.20,69.65,0.00,0.00,0.00,0.00,0.00,0.00,0.00,0.00,0.00,0.00,0.00,0.00,-0.00,-0.00,0.00,0
0.84097,35,67,470,0,DRIVE [ 93 ] [ 1 ] [ 1554 1787 1896 ] [    0    0    0 ] [      0      0      0 ] [ 0 ],drive [ 92 ] [ 0 ] [ 1516 1794 1896 ] [   53   19    9 ] [  15639   6421   7258 ] [ 0 ],1.00,1.00,1.00,1.00,34.84,67.49,0.00,0.00,0.00,0.00,0.00,0.00,0.00,0.00,0.00,0.00,0.00,0.00,-0.00,-0.00,0.00,0
0.853274,29,66,469,0,DRIVE [ 93 ] [ 1 ] [ 1587 1778 1896 ] [    0    0    0 ] [      0      0      0 ] [ 0 ],drive [ 93 ] [ 0 ] [ 1554 1787 1896 ] [   60   21   13 ] [  15639   6421   7258 ] [ 0 ],1.00,1.00,1.00,1.00,28.74,65.65,0.00,0.00,0.00,0.00,0.00,0.00,0.00,0.00,0.00,0.00,0.00,0.00,-0.00,-0.00,0.00,0
0.867614,23,64,468,0,DRIVE [ 94 ] [ 1 ] [ 1617 1770 1896 ] [    0    0    0 ] [      0      0      0 ] [ 0 ],drive [ 93 ] [ 0 ] [ 1587 1778 1896 ] [   60   21   13 ] [  15639   6421   7258 ] [ 0 ],1.00,1.00,1.00,1.00,23.14,64.00,0.00,0.00,0.00,0.00,0.00,0.00,0.00,0.00,0.00,0.00,0.00,0.00,-0.00,-0.00,0.00,0
0.880886,18,62,465,0,DRIVE [ 94 ] [ 1 ] [ 1644 1762 1896 ] [    0    0    0 ] [      0      0      0 ] [ 0 ],drive [ 94 ] [ 0 ] [ 1617 1770 1896 ] [   60   21   13 ] [  15407   6426   7237 ] [ 0 ],1.00,1.00,1.00,1.00,17.78,62.08,0.00,0.00,0.00,0.00,0.00,0.00,0.00,0.00,0.00,0.00,0.00,0.00,-0.00,-0.00,0.00,0
0.89339,13,60,461,0,DRIVE [ 95 ] [ 1 ] [ 1667 1752 1896 ] [    0    0    0 ] [      0      0      0 ] [ 0 ],drive [ 94 ] [ 0 ] [ 1644 1762 1896 ] [   60   21   13 ] [  15407   6426   7237 ] [ 0 ],1.00,1.00,1.00,1.00,12.72,60.49,0.00,0.00,0.00,0.00,0.00,0.00,0.00,0.00,0.00,0.00,0.00,0.00,-0.00,-0.00,0.00,0
0.906044,7,59,459,0,DRIVE [ 95 ] [ 1 ] [ 1693 1737 1896 ] [    0    0    0 ] [      0      0      0 ] [ 0 ],drive [ 95 ] [ 0 ] [ 1667 1752 1896 ] [   45   17   14 ] [  15407   6426   7237 ] [ 0 ],1.00,1.00,1.00,1.00,6.64,59.37,0.00,0.00,0.00,0.00,0.00,0.00,0.00,0.00,0.00,0.00,0.00,0.00,-0.00,-0.00,0.00,0
0.918334,2,58,454,0,DRIVE [ 96 ] [ 1 ] [ 1713 1723 1896 ] [    0    0    0 ] [      0      0      0 ] [ 0 ],drive [ 95 ] [ 0 ] [ 1693 1737 1896 ] [   45   17   14 ] [  15407   6426   7237 ] [ 0 ],1.00,1.00,1.00,1.00,1.51,58.19,0.00,0.00,0.00,0.00,0.00,0.00,0.00,0.00,0.00,0.00,0.00,0.00,-0.00,-0.00,0.00,0
0.931171,-3,57,451,0,DRIVE [ 96 ] [ 1 ] [ 1730 1709 1896 ] [    0    0    0 ] [      0      0      0 ] [ 0 ],drive [ 96 ] [ 0 ] [ 1713 1723 1896 ] [   45   17   14 ] [  14992   6485   7237 ] [ 0 ],1.00,1.00,1.00,1.00,-3.09,57.48,0.00,0.00,0.00,0.00,0.00,0.00,0.00,0.00,0.00,0.00,0.00,0.00,0.00,-0.00,0.00,0
0.943705,-7,57,446,0,DRIVE [ 97 ] [ 1 ] [ 1742 1695 1896 ] [    0    0    0 ] [      0      0      0 ] [ 0 ],drive [ 96 ] [ 0 ] [ 1730 1709 1896 ] [   45   17   14 ] [  14992   6485   7237 ] [ 0 ],1.00,1.00,1.00,1.00,-6.92,56.55,0.00,0.00,0.00,0.00,0.00,0.00,0.00,0.00,0.00,0.00,0.00,0.00,0.00,-0.00,0.00,0
0.955804,-10,56,443,0,DRIVE [ 97 ] [ 1 ] [ 1752 1681 1896 ] [    0    0    0 ] [      0      0      0 ] [ 0 ],drive [ 97 ] [ 0 ] [ 1742 1695 1896 ] [   18   29   14 ] [  14992   6485   7237 ] [ 0 ],1.00,1.00,1.00,1.00,-10.35,56.31,0.00,0.00,0.00,0.00,0.00,0.00,0.00,0.00,0.00,0.00,0.00,0.00,0.00,-0.00,0.00,0
0.968574,-13,56,437,0,DRIVE [ 98 ] [ 1 ] [ 1760 1666 1896 ] [    0    0    0 ] [      0      0      0 ] [ 0 ],drive [ 97 ] [ 0 ] [ 1752 1681 1896 ] [   18   29   14 ] [  14992   6485   7237 ] [ 0 ],1.00,1.00,1.00,1.00,-13.34,56.16,0.00,0.00,0.00,0.00,0.00,0.00,0.00,0.00,0.00,0.00,0.00,0.00,0.00,-0.00,0.00,0
0.981194,-16,57,437,0,DRIVE [ 98 ] [ 1 ] [ 1765 1651 1896 ] [    0    0    0 ] [      0      0      0 ] [ 0 ],drive [ 98 ] [ 0 ] [ 1760 1666 1896 ] [   18   29   14 ] [  14596   6697   7242 ] [ 0 ],1.00,1.00,1.00,1.00,-16.21,56.87,0.00,0.00,0.00,0.00,0.00,0.00,0.00,0.00,0.00,0.00,0.00,0.00,0.00,-0.00,0.00,0
0.993803,-19,57,433,0,DRIVE [ 99 ] [ 1 ] [ 1770 1638 1896 ] [    0    0    0 ] [      0      0      0 ] [ 0 ],drive [ 98 ] [ 0 ] [ 1765 1651 1896 ] [   18   29   14 ] [  14596   6697   7242 ] [ 0 ],1.00,1.00,1.00,1.00,-18.52,56.99,0.00,0.00,0.00,0.00,0.00,0.00,0.00,0.00,0.00,0.00,0.00,0.00,0.00,0.00,0.00,0
1.00642,-21,58,431,0,DRIVE [ 99 ] [ 1 ] [ 1773 1625 1896 ] [    0    0    0 ] [      0      0      0 ] [ 0 ],drive [ 99 ] [ 0 ] [ 1770 1638 1896 ] [   36   37   11 ] [  14596   6697   7242 ] [ 0 ],1.00,1.00,1.00,1.00,-20.59,57.57,0.00,0.00,0.00,0.00,0.00,0.00,0.00,0.00,0.00,0.00,0.00,0.00,0.00,0.00,0.00,0
1.01885,-23,58,430,0,DRIVE [ 00 ] [ 1 ] [ 1777 1609 1896 ] [    0    0    0 ] [      0      0      0 ] [ 0 ],drive [ 99 ] [ 0 ] [ 1773 1625 1896 ] [   36   37   11 ] [  14596   6697   7242 ] [ 0 ],1.00,1.00,1.00,1.00,-23.16,58.27,0.00,0.00,0.00,0.00,0.00,0.00,0.00,0.00,0.00,0.00,0.00,0.00,0.00,0.00,0.00,0
1.03132,-25,59,424,0,DRIVE [ 00 ] [ 1 ] [ 1780 1592 1896 ] [    0    0    0 ] [      0      0      0 ] [ 0 ],drive [ 00 ] [ 0 ] [ 1777 1609 1896 ] [   36   37   11 ] [  14359   6757   7250 ] [ 0 ],1.00,1.00,1.00,1.00,-25.49,58.59,0.00,0.00,0.00,0.00,0.00,0.00,0.00,0.00,0.00,0.00,0.00,0.00,0.00,0.00,0.00,0
1.04367,-28,59,422,0,DRIVE [ 01 ] [ 1 ] [ 1783 1575 1896 ] [    0    0    0 ] [      0      0      0 ] [ 0 ],drive [ 00 ] [ 0 ] [ 1780 1592 1896 ] [   36   37   11 ] [  14359   6757   7250 ] [ 0 ],1.00,1.00,1.00,1.00,-27.97,59.38,0.00,0.00,0.00,0.00,0.00,0.00,0.00,0.00,0.00,0.00,0.00,0.00,0.00,0.00,0.00,0
1.05584,-30,60,419,0,DRIVE [ 01 ] [ 1 ] [ 1785 1557 1896 ] [    0    0    0 ] [      0      0      0 ] [ 0 ],drive [ 01 ] [ 0 ] [ 1783 1575 1896 ] [   15   44    8 ] [  14359   6757   7250 ] [ 0 ],1.00,1.00,1.00,1.00,-30.41,60.16,0.00,0.00,0.00,0.00,0.00,0.00,0.00,0.00,0.00,0.00,0.00,0.00,0.00,0.00,0.00,0
1.06785,-33,60,414,0,DRIVE [ 02 ] [ 1 ] [ 1789 1539 1896 ] [    0    0    0 ] [      0      0      0 ] [ 0 ],drive [ 01 ] [ 0 ] [ 1785 1557 1896 ] [   15   44    8 ] [  14359   6757   7250 ] [ 0 ],1.00,1.00,1.00,1.00,-32.74,60.28,0.00,0.00,0.00,0.00,0.00,0.00,0.00,0.00,0.00,0.00,0.00,0.00,0.00,0.00,0.00,0
1.0803,-35,61,413,0,DRIVE [ 02 ] [ 1 ] [ 1793 1523 1896 ] [    0    0    0 ] [      0      0      0 ] [ 0 ],drive [ 02 ] [ 0 ] [ 1789 1539 1896 ] [   15   44    8 ] [  14166   7051   7250 ] [ 0 ],1.00,1.00,1.00,1.00,-35.27,60.92,0.00,0.00,0.00,0.00,0.00,0.00,0.00,0.00,0.00,0.00,0.00,0.00,0.00,0.00,0.00,0
1.09286,-38,61,412,0,DRIVE [ 03 ] [ 1 ] [ 1797 1507 1896 ] [    0    0    0 ] [      0      0      0 ] [ 0 ],drive [ 02 ] [ 0 ] [ 1793 1523 1896 ] [   15   44    8 ] [  14166   7051   7250 ] [ 0 ],1.00,1.00,1.00,1.00,-37.60,61.32,0.00,0.00,0.00,0.00,0.00,0.00,0.00,0.00,0.00,0.00,0.00,0.00,0.00,0.00,0.00,0
1.10517,-40,62,411,0,DRIVE [ 03 ] [ 1 ] [ 1801 1489 1896 ] [    0    0    0 ] [      0      0      0 ] [ 0 ],drive [ 03 ] [ 0 ] [ 1797 1507 1896 ] [   35   53    7 ] [  14166   7051   7250 ] [ 0 ],1.00,1.00,1.00,1.00,-40.12,61.71,0.00,0.00,0.00,0.00,0.00,0.00,0.00,0.00,0.00,0.00,0.00,0.00,0.00,0.00,0.00,0
1.11741,-42,62,406,0,DRIVE [ 04 ] [ 1 ] [ 1804 1471 1896 ] [    0    0    0 ] [      0      0      0 ] [ 0 ],drive [ 03 ] [ 0 ] [ 1801 1489 1896 ] [   35   53    7 ] [  14166   7051   7250 ] [ 0 ],1.00,1.00,1.00,1.00,-42.08,61.97,0.00,0.00,0.00,0.00,0.00,0.00,0.00,0.00,0.00,0.00,0.00,0.00,0.00,0.00,0.00,0
1.1299,-44,62,400,0,DRIVE [ 04 ] [ 1 ] [ 1806 1454 1896 ] [    0    0    0 ] [      0      0      0 ] [ 0 ],drive [ 04 ] [ 0 ] [ 1804 1471 1896 ] [   35   53    7 ] [  14166   7051   7250 ] [ 0 ],1.00,1.00,1.00,1.00,-43.85,62.09,0.00,0.00,0.00,0.00,0.00,0.00,0.00,0.00,0.00,0.00,0.00,0.00,0.00,0.00,0.00,0
1.1422,-46,63,399,0,DRIVE [ 05 ] [ 1 ] [ 1808 1437 1896 ] [    0    0    0 ] [      0      0      0 ] [ 0 ],drive [ 04 ] [ 0 ] [ 1806 1454 1896 ] [   35   53    7 ] [  14006   7128   7257 ] [ 0 ],1.00,1.00,1.00,1.00,-45.95,62.96,0.00,0.00,0.00,0.00,0.00,0.00,0.00,0.00,0.00,0.00,0.00,0.00,0.00,0.00,0.00,0
1.15428,-48,64,397,0,DRIVE [ 05 ] [ 1 ] [ 1810 1419 1896 ] [    0    0    0 ] [      0      0      0 ] [ 0 ],drive [ 05 ] [ 0 ] [ 1808 1437 1896 ] [   24   43    2 ] [  14006   7128   7257 ] [ 0 ],1.00,1.00,1.00,1.00,-47.90,63.73,0.00,0.00,0.00,0.00,0.00,0.00,0.00,0.00,0.00,0.00,0.00,0.00,0.00,0.00,0.00,0
1.16671,-49,65,394,0,DRIVE [ 06 ] [ 1 ] [ 1809 1404 1896 ] [    0    0    0 ] [      0      0      0 ] [ 0 ],drive [ 05 ] [ 0 ] [ 1810 1419 1896 ] [   24   43    2 ] [  14006   7128   7257 ] [ 0 ],1.00,1.00,1.00,1.00,-49.33,64.69,0.00,0.00,0.00,0.00,0.00,0.00,0.00,0.00,0.00,0.00,0.00,0.00,0.00,0.00,0.00,0
1.17906,-50,65,392,0,DRIVE [ 06 ] [ 1 ] [ 1808 1394 1896 ] [    0    0    0 ] [      0      0      0 ] [ 0 ],drive [ 06 ] [ 0 ] [ 1809 1404 1896 ] [   24   43    2 ] [  14006   7128   7257 ] [ 0 ],1.00,1.00,1.00,1.00,-50.18,65.48,0.00,0.00,0.00,0.00,0.00,0.00,0.00,0.00,0.00,0.00,0.00,0.00,0.00,0.00,0.00,0
1.19162,-50,66,389,0,DRIVE [ 07 ] [ 1 ] [ 1806 1387 1896 ] [    0    0    0 ] [      0      0      0 ] [ 0 ],drive [ 06 ] [ 0 ] [ 1808 1394 1896 ] [   24   43    2 ] [  13673   7473   7270 ] [ 0 ],1.00,1.00,1.00,1.00,-50.36,66.00,0.00,0.00,0.00,0.00,0.00,0.00,0.00,0.00,0.00,0.00,0.00,0.00,0.00,0.00,0.00,0
1.20479,-50,67,389,0,DRIVE [ 07 ] [ 1 ] [ 1804 1385 1896 ] [    0    0    0 ] [      0      0      0 ] [ 0 ],drive [ 07 ] [ 0 ] [ 1806 1387 1896 ] [   25   73   10 ] [  13673   7473   7270 ] [ 0 ],1.00,1.00,1.00,1.00,-50.35,66.79,0.00,0.00,0.00,0.00,0.00,0.00,0.00,0.00,0.00,0.00,0.00,0.00,0.00,0.00,0.00,0
1.21675,-50,67,385,0,DRIVE [ 08 ] [ 1 ] [ 1800 1385 1896 ] [    0    0    0 ] [      0      0      0 ] [ 0 ],drive [ 07 ] [ 0 ] [ 1804 1385 1896 ] [   25   73   10 ] [  13673   7473   7270 ] [ 0 ],1.00,1.00,1.00,1.00,-49.58,67.23,0.00,0.00,0.00,0.00,0.00,0.00,0.00,0.00,0.00,0.00,0.00,0.00,0.00,0.00,0.00,0
1.22919,-48,68,383,0,DRIVE [ 08 ] [ 1 ] [ 1794 1388 1896 ] [    0    0    0 ] [      0      0      0 ] [ 0 ],drive [ 08 ] [ 0 ] [ 1800 1385 1896 ] [   25   73   10 ] [  13673   7473   7270 ] [ 0 ],1.00,1.00,1.00,1.00,-48.44,67.72,0.00,0.00,0.00,0.00,0.00,0.00,0.00,0.00,0.00,0.00,0.00,0.00,0.00,0.00,0.00,0
1.24146,-47,69,382,0,DRIVE [ 09 ] [ 1 ] [ 1789 1392 1896 ] [    0    0    0 ] [      0      0      0 ] [ 0 ],drive [ 08 ] [ 0 ] [ 1794 1388 1896 ] [   25   73   10 ] [  13454   7637   7308 ] [ 0 ],1.00,1.00,1.00,1.00,-47.33,68.59,0.00,0.00,0.00,0.00,0.00,0.00,0.00,0.00,0.00,0.00,0.00,0.00,0.00,0.00,0.00,0
1.2546,-46,69,378,0,DRIVE [ 09 ] [ 1 ] [ 1780 1396 1896 ] [    0    0    0 ] [      0      0      0 ] [ 0 ],drive [ 09 ] [ 0 ] [ 1789 1392 1896 ] [   25   66   25 ] [  13454   7637   7308 ] [ 0 ],1.00,1.00,1.00,1.00,-45.62,69.37,0.00,0.00,0.00,0.00,0.00,0.00,0.00,0.00,0.00,0.00,0.00,0.00,0.00,0.00,0.00,0
1.26639,-44,70,375,0,DRIVE [ 10 ] [ 1 ] [ 1773 1398 1896 ] [    0    0    0 ] [      0      0      0 ] [ 0 ],drive [ 09 ] [ 0 ] [ 1780 1396 1896 ] [   25   66   25 ] [  13454   7637   7308 ] [ 0 ],1.00,1.00,1.00,1.00,-44.27,70.29,0.00,0.00,0.00,0.00,0.00,0.00,0.00,0.00,0.00,0.00,0.00,0.00,0.00,0.00,0.00,0
1.27851,-43,71,372,0,DRIVE [ 10 ] [ 1 ] [ 1765 1400 1896 ] [    0    0    0 ] [      0      0      0 ] [ 0 ],drive [ 10 ] [ 0 ] [ 1773 1398 1896 ] [   25   66   25 ] [  13454   7637   7308 ] [ 0 ],1.00,1.00,1.00,1.00,-42.95,71.14,0.00,0.00,0.00,0.00,0.00,0.00,0.00,0.00,0.00,0.00,0.00,0.00,0.00,0.00,0.00,0
1.2909,-41,72,367,0,DRIVE [ 11 ] [ 1 ] [ 1757 1403 1896 ] [    0    0    0 ] [      0      0      0 ] [ 0 ],drive [ 10 ] [ 0 ] [ 1765 1400 1896 ] [   25   66   25 ] [  13372   7710   7363 ] [ 0 ],1.00,1.00,1.00,1.00,-41.36,71.72,0.00,0.00,0.00,0.00,0.00,0.00,0.00,0.00,0.00,0.00,0.00,0.00,0.00,0.00,0.00,0
1.30286,-40,72,364,0,DRIVE [ 11 ] [ 1 ] [ 1750 1405 1896 ] [    0    0    0 ] [      0      0      0 ] [ 0 ],drive [ 11 ] [ 0 ] [ 1757 1403 1896 ] [   19   49    0 ] [  13372   7710   7363 ] [ 0 ],1.00,1.00,1.00,1.00,-39.97,72.47,0.00,0.00,0.00,0.00,0.00,0.00,0.00,0.00,0.00,0.00,0.00,0.00,0.00,0.00,0.00,0
1.31495,-39,74,362,0,DRIVE [ 12 ] [ 1 ] [ 1741 1407 1896 ] [    0    0    0 ] [      0      0      0 ] [ 0 ],drive [ 11 ] [ 0 ] [ 1750 1405 1896 ] [   19   49    0 ] [  13372   7710   7363 ] [ 0 ],1.00,1.00,1.00,1.00,-38.68,73.53,0.00,0.00,0.00,0.00,0.00,0.00,0.00,0.00,0.00,0.00,0.00,0.00,0.00,0.00,0.00,0
1.3268,-37,74,358,0,DRIVE [ 12 ] [ 1 ] [ 1733 1408 1896 ] [    0    0    0 ] [      0      0      0 ] [ 0 ],drive [ 12 ] [ 0 ] [ 1741 1407 1896 ] [   19   49    0 ] [  13372   7710   7363 ] [ 0 ],1.00,1.00,1.00,1.00,-37.43,74.37,0.00,0.00,0.00,0.00,0.00,0.00,0.00,0.00,0.00,0.00,0.00,0.00,0.00,0.00,0.00,0
1.33863,-36,75,355,0,DRIVE [ 13 ] [ 1 ] [ 1726 1407 1896 ] [    0    0    0 ] [      0      0      0 ] [ 0 ],drive [ 12 ] [ 0 ] [ 1733 1408 1896 ] [   19   49    0 ] [  13368   7711   7376 ] [ 0 ],1.00,1.00,1.00,1.00,-36.39,75.16,0.00,0.00,0.00,0.00,0.00,0.00,0.00,0.00,0.00,0.00,0.00,0.00,0.00,0.00,0.00,0
1.3503,-35,76,351,0,DRIVE [ 13 ] [ 1 ] [ 1718 1406 1896 ] [    0    0    0 ] [      0      0      0 ] [ 0 ],drive [ 13 ] [ 0 ] [ 1726 1407 1896 ] [   23   48   -1 ] [  13368   7711   7376 ] [ 0 ],1.00,1.00,1.00,1.00,-35.43,75.92,0.00,0.00,0.00,0.00,0.00,0.00,0.00,0.00,0.00,0.00,0.00,0.00,0.00,0.00,0.00,0
1.36225,-34,77,349,0,DRIVE [ 14 ] [ 1 ] [ 1711 1405 1896 ] [    0    0    0 ] [      0      0      0 ] [ 0 ],drive [ 13 ] [ 0 ] [ 1718 1406 1896 ] [   23   48   -1 ] [  13368   7711   7376 ] [ 0 ],1.00,1.00,1.00,1.00,-34.48,76.75,0.00,0.00,0.00,0.00,0.00,0.00,0.00,0.00,0.00,0.00,0.00,0.00,0.00,0.00,0.00,0
1.37397,-33,77,346,0,DRIVE [ 14 ] [ 1 ] [ 1703 1405 1896 ] [    0    0    0 ] [      0      0      0 ] [ 0 ],drive [ 14 ] [ 0 ] [ 1711 1405 1896 ] [   23   48   -1 ] [  13368   7711   7376 ] [ 0 ],1.00,1.00,1.00,1.00,-33.40,77.47,0.00,0.00,0.00,0.00,0.00,0.00,0.00,0.00,0.00,0.00,0.00,0.00,0.00,0.00,0.00,0
1.38528,-32,78,343,0,DRIVE [ 15 ] [ 1 ] [ 1695 1406 1896 ] [    0    0    0 ] [      0      0      0 ] [ 0 ],drive [ 14 ] [ 0 ] [ 1703 1405 1896 ] [   23   48   -1 ] [  13367   7745   7376 ] [ 0 ],1.00,1.00,1.00,1.00,-32.25,78.19,0.00,0.00,0.00,0.00,0.00,0.00,0.00,0.00,0.00,0.00,0.00,0.00,0.00,0.00,0.00,0
1.39931,-31,79,340,0,DRIVE [ 15 ] [ 1 ] [ 1687 1408 1896 ] [    0    0    0 ] [      0      0      0 ] [ 0 ],drive [ 15 ] [ 0 ] [ 1695 1406 1896 ] [   28   49   -2 ] [  13367   7745   7376 ] [ 0 ],1.00,1.00,1.00,1.00,-30.83,78.78,0.00,0.00,0.00,0.00,0.00,0.00,0.00,0.00,0.00,0.00,0.00,0.00,0.00,0.00,0.00,0
1.411,-29,80,337,0,DRIVE [ 16 ] [ 1 ] [ 1673 1414 1896 ] [    0    0    0 ] [      0      0      0 ] [ 0 ],drive [ 15 ] [ 0 ] [ 1687 1408 1896 ] [   28   49   -2 ] [  13367   7745   7376 ] [ 0 ],1.00,1.00,1.00,1.00,-28.52,79.74,0.00,0.00,0.00,0.00,0.00,0.00,0.00,0.00,0.00,0.00,0.00,0.00,0.00,0.00,0.00,0
1.42223,-26,80,333,0,DRIVE [ 16 ] [ 1 ] [ 1661 1422 1896 ] [    0    0    0 ] [      0      0      0 ] [ 0 ],drive [ 16 ] [ 0 ] [ 1673 1414 1896 ] [   28   49   -2 ] [  13367   7745   7376 ] [ 0 ],1.00,1.00,1.00,1.00,-26.05,80.20,0.00,0.00,0.00,0.00,0.00,0.00,0.00,0.00,0.00,0.00,0.00,0.00,0.00,0.00,0.00,0
1.43508,-24,81,330,0,DRIVE [ 17 ] [ 1 ] [ 1648 1432 1896 ] [    0    0    0 ] [      0      0      0 ] [ 0 ],drive [ 16 ] [ 0 ] [ 1661 1422 1896 ] [   28   49   -2 ] [  13367   7882   7376 ] [ 0 ],1.00,1.00,1.00,1.00,-23.52,80.56,0.00,0.00,0.00,0.00,0.00,0.00,0.00,0.00,0.00,0.00,0.00,0.00,0.00,0.00,0.00,0
1.44667,-21,81,327,0,DRIVE [ 17 ] [ 1 ] [ 1636 1441 1896 ] [    0    0    0 ] [      0      0      0 ] [ 0 ],drive [ 17 ] [ 0 ] [ 1648 1432 1896 ] [   29   44   -1 ] [  13367   7882   7376 ] [ 0 ],1.00,1.00,1.00,1.00,-21.02,80.89,0.00,0.00,0.00,0.00,0.00,0.00,0.00,0.00,0.00,0.00,0.00,0.00,0.00,0.00,0.00,0
1.45824,-18,81,324,0,DRIVE [ 18 ] [ 1 ] [ 1623 1451 1896 ] [    0    0    0 ] [      0      0      0 ] [ 0 ],drive [ 17 ] [ 0 ] [ 1636 1441 1896 ] [   29   44   -1 ] [  13367   7882   7376 ] [ 0 ],1.00,1.00,1.00,1.00,-18.38,81.00,0.00,0.00,0.00,0.00,0.00,0.00,0.00,0.00,0.00,0.00,0.00,0.00,0.00,0.00,0.00,0
1.47058,-16,81,321,0,DRIVE [ 18 ] [ 1 ] [ 1610 1462 1896 ] [    0    0    0 ] [      0      0      0 ] [ 0 ],drive [ 18 ] [ 0 ] [ 1623 1451 1896 ] [   29   44   -1 ] [  13367   7882   7376 ] [ 0 ],1.00,1.00,1.00,1.00,-15.79,81.14,0.00,0.00,0.00,0.00,0.00,0.00,0.00,0.00,0.00,0.00,0.00,0.00,0.00,0.00,0.00,0
1.48144,-13,81,318,0,DRIVE [ 19 ] [ 1 ] [ 1597 1472 1896 ] [    0    0    0 ] [      0      0      0 ] [ 0 ],drive [ 18 ] [ 0 ] [ 1610 1462 1896 ] [   29   44   -1 ] [  13369   7943   7376 ] [ 0 ],1.00,1.00,1.00,1.00,-13.14,81.12,0.00,0.00,0.00,0.00,0.00,0.00,0.00,0.00,0.00,0.00,0.00,0.00,0.00,0.00,0.00,0
1.49299,-11,81,315,0,DRIVE [ 19 ] [ 1 ] [ 1583 1483 1896 ] [    0    0    0 ] [      0      0      0 ] [ 0 ],drive [ 19 ] [ 0 ] [ 1597 1472 1896 ] [   29   44   -1 ] [  13369   7943   7376 ] [ 0 ],1.00,1.00,1.00,1.00,-10.52,81.01,0.00,0.00,0.00,0.00,0.00,0.00,0.00,0.00,0.00,0.00,0.00,0.00,0.00,0.00,0.00,0
1.50444,-8,81,313,0,DRIVE [ 20 ] [ 1 ] [ 1569 1493 1896 ] [    0    0    0 ] [      0      0      0 ] [ 0 ],drive [ 19 ] [ 0 ] [ 1583 1483 1896 ] [   32   41   -1 ] [  13369   7943   7376 ] [ 0 ],1.00,1.00,1.00,1.00,-7.96,81.21,0.00,0.00,0.00,0.00,0.00,0.00,0.00,0.00,0.00,0.00,0.00,0.00,0.00,0.00,0.00,0
1.51555,-5,81,311,0,DRIVE [ 20 ] [ 1 ] [ 1556 1504 1896 ] [    0    0    0 ] [      0      0      0 ] [ 0 ],drive [ 20 ] [ 0 ] [ 1569 1493 1896 ] [   32   41   -1 ] [  13369   7943   7376 ] [ 0 ],1.00,1.00,1.00,1.00,-5.38,81.18,0.00,0.00,0.00,0.00,0.00,0.00,0.00,0.00,0.00,0.00,0.00,0.00,0.00,0.00,0.00,0
1.52712,-3,81,309,0,DRIVE [ 21 ] [ 1 ] [ 1542 1515 1896 ] [    0    0    0 ] [      0      0      0 ] [ 0 ],drive [ 20 ] [ 0 ] [ 1556 1504 1896 ] [   32   41   -1 ] [  13369   7943   7376 ] [ 0 ],1.00,1.00,1.00,1.00,-2.80,81.11,0.00,0.00,0.00,0.00,0.00,0.00,0.00,0.00,0.00,0.00,0.00,0.00,0.00,0.00,0.00,0
1.53859,0,81,307,0,DRIVE [ 21 ] [ 1 ] [ 1528 1526 1896 ] [    0    0    0 ] [      0      0      0 ] [ 0 ],drive [ 21 ] [ 0 ] [ 1542 1515 1896 ] [   32   41   -1 ] [  13375   7943   7376 ] [ 0 ],1.00,1.00,1.00,1.00,-0.15,81.04,0.00,0.00,0.00,0.00,0.00,0.00,0.00,0.00,0.00,0.00,0.00,0.00,0.00,0.00,0.00,0
1.55035,3,81,304,0,DRIVE [ 22 ] [ 1 ] [ 1512 1537 1896 ] [    0    0    0 ] [      0      0      0 ] [ 0 ],drive [ 21 ] [ 0 ] [ 1528 1526 1896 ] [   36   37   -1 ] [  13375   7943   7376 ] [ 0 ],1.00,1.00,1.00,1.00,2.61,80.62,0.00,0.00,0.00,0.00,0.00,0.00,0.00,0.00,0.00,0.00,0.00,0.00,0.00,0.00,0.00,0
1.56191,5,80,300,0,DRIVE [ 22 ] [ 1 ] [ 1495 1549 1896 ] [    0    0    0 ] [      0      0      0 ] [ 0 ],drive [ 22 ] [ 0 ] [ 1512 1537 1896 ] [   36   37   -1 ] [  13375   7943   7376 ] [ 0 ],1.00,1.00,1.00,1.00,5.41,80.20,0.00,0.00,0.00,0.00,0.00,0.00,0.00,0.00,0.00,0.00,0.00,0.00,0.00,0.00,0.00,0
1.5732,8,80,298,0,DRIVE [ 23 ] [ 1 ] [ 1478 1560 1896 ] [    0    0    0 ] [      0      0      0 ] [ 0 ],drive [ 22 ] [ 0 ] [ 1495 1549 1896 ] [   36   37   -1 ] [  13375   7943   7376 ] [ 0 ],1.00,1.00,1.00,1.00,8.23,79.92,0.00,0.00,0.00,0.00,0.00,0.00,0.00,0.00,0.00,0.00,0.00,0.00,0.00,0.00,0.00,0
1.58405,11,79,296,0,DRIVE [ 23 ] [ 1 ] [ 1461 1572 1896 ] [    0    0    0 ] [      0      0      0 ] [ 0 ],drive [ 23 ] [ 0 ] [ 1478 1560 1896 ] [   36   37   -1 ] [  13390   7943   7375 ] [ 0 ],1.00,1.00,1.00,1.00,11.04,79.42,0.00,0.00,0.00,0.00,0.00,0.00,0.00,0.00,0.00,0.00,0.00,0.00,0.00,0.00,0.00,0
1.59547,14,79,293,0,DRIVE [ 24 ] [ 1 ] [ 1444 1584 1896 ] [    0    0    0 ] [      0      0      0 ] [ 0 ],drive [ 23 ] [ 0 ] [ 1461 1572 1896 ] [   42   33    0 ] [  13390   7943   7375 ] [ 0 ],1.00,1.00,1.00,1.00,13.70,78.85,0.00,0.00,0.00,0.00,0.00,0.00,0.00,0.00,0.00,0.00,0.00,0.00,0.00,0.00,0.00,0
1.60665,16,78,290,0,DRIVE [ 24 ] [ 1 ] [ 1428 1596 1896 ] [    0    0    0 ] [      0      0      0 ] [ 0 ],drive [ 24 ] [ 0 ] [ 1444 1584 1896 ] [   42   33    0 ] [  13390   7943   7375 ] [ 0 ],1.00,1.00,1.00,1.00,16.27,78.09,0.00,0.00,0.00,0.00,0.00,0.00,0.00,0.00,0.00,0.00,0.00,0.00,0.00,0.00,0.00,0
1.61764,19,77,288,0,DRIVE [ 25 ] [ 1 ] [ 1413 1608 1896 ] [    0    0    0 ] [      0      0      0 ] [ 0 ],drive [ 24 ] [ 0 ] [ 1428 1596 1896 ] [   42   33    0 ] [  13390   7943   7375 ] [ 0 ],1.00,1.00,1.00,1.00,18.70,77.31,0.00,0.00,0.00,0.00,0.00,0.00,0.00,0.00,0.00,0.00,0.00,0.00,0.00,0.00,0.00,0
1.62908,21,77,286,0,DRIVE [ 25 ] [ 1 ] [ 1396 1619 1896 ] [    0    0    0 ] [      0      0      0 ] [ 0 ],drive [ 25 ] [ 0 ] [ 1413 1608 1896 ] [   42   33    0 ] [  13402   7940   7375 ] [ 0 ],1.00,1.00,1.00,1.00,21.12,76.52,0.00,0.00,0.00,0.00,0.00,0.00,0.00,0.00,0.00,0.00,0.00,0.00,0.00,0.00,0.00,0
1.64047,23,76,283,0,DRIVE [ 26 ] [ 1 ] [ 1380 1630 1896 ] [    0    0    0 ] [      0      0      0 ] [ 0 ],drive [ 25 ] [ 0 ] [ 1396 1619 1896 ] [   42   33    0 ] [  13402   7940   7375 ] [ 0 ],1.00,1.00,1.00,1.00,23.37,75.68,0.00,0.00,0.00,0.00,0.00,0.00,0.00,0.00,0.00,0.00,0.00,0.00,0.00,0.00,0.00,0
1.65134,26,75,281,0,DRIVE [ 26 ] [ 1 ] [ 1364 1639 1896 ] [    0    0    0 ] [      0      0      0 ] [ 0 ],drive [ 26 ] [ 0 ] [ 1380 1630 1896 ] [   50   27   -1 ] [  13402   7940   7375 ] [ 0 ],1.00,1.00,1.00,1.00,25.54,75.07,0.00,0.00,0.00,0.00,0.00,0.00,0.00,0.00,0.00,0.00,0.00,0.00,0.00,0.00,0.00,0
1.66282,28,74,278,0,DRIVE [ 27 ] [ 1 ] [ 1346 1648 1896 ] [    0    0    0 ] [      0      0      0 ] [ 0 ],drive [ 26 ] [ 0 ] [ 1364 1639 1896 ] [   50   27   -1 ] [  13402   7940   7375 ] [ 0 ],1.00,1.00,1.00,1.00,27.66,74.46,0.00,0.00,0.00,0.00,0.00,0.00,0.00,0.00,0.00,0.00,0.00,0.00,0.00,0.00,0.00,0
1.67415,30,74,276,0,DRIVE [ 27 ] [ 1 ] [ 1328 1657 1896 ] [    0    0    0 ] [      0      0      0 ] [ 0 ],drive [ 27 ] [ 0 ] [ 1346 1648 1896 ] [   50   27   -1 ] [  13402   7940   7375 ] [ 0 ],1.00,1.00,1.00,1.00,29.76,74.06,0.00,0.00,0.00,0.00,0.00,0.00,0.00,0.00,0.00,0.00,0.00,0.00,0.00,0.00,0.00,0
1.68521,32,73,273,0,DRIVE [ 28 ] [ 1 ] [ 1309 1665 1896 ] [    0    0    0 ] [      0      0      0 ] [ 0 ],drive [ 27 ] [ 0 ] [ 1328 1657 1896 ] [   50   27   -1 ] [  13424   7936   7375 ] [ 0 ],1.00,1.00,1.00,1.00,31.79,73.34,0.00,0.00,0.00,0.00,0.00,0.00,0.00,0.00,0.00,0.00,0.00,0.00,0.00,0.00,0.00,0
1.69674,34,73,270,0,DRIVE [ 28 ] [ 1 ] [ 1290 1674 1896 ] [    0    0    0 ] [      0      0      0 ] [ 0 ],drive [ 28 ] [ 0 ] [ 1309 1665 1896 ] [   69   22    0 ] [  13424   7936   7375 ] [ 0 ],1.00,1.00,1.00,1.00,33.81,72.70,0.00,0.00,0.00,0.00,0.00,0.00,0.00,0.00,0.00,0.00,0.00,0.00,0.00,0.00,0.00,0
1.70823,36,72,268,0,DRIVE [ 29 ] [ 1 ] [ 1271 1682 1896 ] [    0    0    0 ] [      0      0      0 ] [ 0 ],drive [ 28 ] [ 0 ] [ 1290 1674 1896 ] [   69   22    0 ] [  13424   7936   7375 ] [ 0 ],1.00,1.00,1.00,1.00,35.81,72.18,0.00,0.00,0.00,0.00,0.00,0.00,0.00,0.00,0.00,0.00,0.00,0.00,0.00,0.00,0.00,0
1.72084,38,72,265,0,DRIVE [ 29 ] [ 1 ] [ 1251 1691 1896 ] [    0    0    0 ] [      0      0      0 ] [ 0 ],drive [ 29 ] [ 0 ] [ 1271 1682 1896 ] [   69   22    0 ] [  13424   7936   7375 ] [ 0 ],1.00,1.00,1.00,1.00,37.76,71.55,0.00,0.00,0.00,0.00,0.00,0.00,0.00,0.00,0.00,0.00,0.00,0.00,0.00,0.00,0.00,0
1.73325,40,71,263,0,DRIVE [ 30 ] [ 1 ] [ 1231 1699 1896 ] [    0    0    0 ] [      0      0      0 ] [ 0 ],drive [ 29 ] [ 0 ] [ 1251 1691 1896 ] [   69   22    0 ] [  13552   7917   7371 ] [ 0 ],1.00,1.00,1.00,1.00,39.76,71.11,0.00,0.00,0.00,0.00,0.00,0.00,0.00,0.00,0.00,0.00,0.00,0.00,0.00,0.00,0.00,0
1.74614,42,71,261,0,DRIVE [ 30 ] [ 1 ] [ 1211 1706 1896 ] [    0    0    0 ] [      0      0      0 ] [ 0 ],drive [ 30 ] [ 0 ] [ 1231 1699 1896 ] [   85   42    5 ] [  13552   7917   7371 ] [ 0 ],1.00,1.00,1.00,1.00,41.64,70.63,0.00,0.00,0.00,0.00,0.00,0.00,0.00,0.00,0.00,0.00,0.00,0.00,0.00,0.00,0.00,0
1.75888,43,70,258,0,DRIVE [ 31 ] [ 1 ] [ 1190 1713 1896 ] [    0    0    0 ] [      0      0      0 ] [ 0 ],drive [ 30 ] [ 0 ] [ 1211 1706 1896 ] [   85   42    5 ] [  13552   7917   7371 ] [ 0 ],1.00,1.00,1.00,1.00,43.43,70.20,0.00,0.00,0.00,0.00,0.00,0.00,0.00,0.00,0.00,0.00,0.00,0.00,0.00,0.00,0.00,0
1.77222,45,70,257,0,DRIVE [ 31 ] [ 1 ] [ 1174 1721 1896 ] [    0    0    0 ] [      0      0      0 ] [ 0 ],drive [ 31 ] [ 0 ] [ 1190 1713 1896 ] [   85   42    5 ] [  13552   7917   7371 ] [ 0 ],1.00,1.00,1.00,1.00,44.96,69.56,0.00,0.00,0.00,0.00,0.00,0.00,0.00,0.00,0.00,0.00,0.00,0.00,0.00,0.00,0.00,0
1.78466,46,69,255,0,DRIVE [ 32 ] [ 1 ] [ 1159 1727 1896 ] [    0    0    0 ] [      0      0      0 ] [ 0 ],drive [ 31 ] [ 0 ] [ 1174 1721 1896 ] [   85   42    5 ] [  13857   7859   7324 ] [ 0 ],1.00,1.00,1.00,1.00,46.21,69.06,0.00,0.00,0.00,0.00,0.00,0.00,0.00,0.00,0.00,0.00,0.00,0.00,0.00,0.00,0.00,0
1.79641,47,68,252,0,DRIVE [ 32 ] [ 1 ] [ 1144 1734 1896 ] [    0    0    0 ] [      0      0      0 ] [ 0 ],drive [ 32 ] [ 0 ] [ 1159 1727 1896 ] [   76   37   24 ] [  13857   7859   7324 ] [ 0 ],1.00,1.00,1.00,1.00,47.26,68.09,0.00,0.00,0.00,0.00,0.00,0.00,0.00,0.00,0.00,0.00,0.00,0.00,0.00,0.00,0.00,0
1.80802,48,67,249,0,DRIVE [ 33 ] [ 1 ] [ 1131 1740 1896 ] [    0    0    0 ] [      0      0      0 ] [ 0 ],drive [ 32 ] [ 0 ] [ 1144 1734 1896 ] [   76   37   24 ] [  13857   7859   7324 ] [ 0 ],1.00,1.00,1.00,1.00,48.21,67.18,0.00,0.00,0.00,0.00,0.00,0.00,0.00,0.00,0.00,0.00,0.00,0.00,0.00,0.00,0.00,0
1.81947,49,66,248,0,DRIVE [ 33 ] [ 1 ] [ 1118 1747 1896 ] [    0    0    0 ] [      0      0      0 ] [ 0 ],drive [ 33 ] [ 0 ] [ 1131 1740 1896 ] [   76   37   24 ] [  13857   7859   7324 ] [ 0 ],1.00,1.00,1.00,1.00,49.30,66.44,0.00,0.00,0.00,0.00,0.00,0.00,0.00,0.00,0.00,0.00,0.00,0.00,0.00,0.00,0.00,0
1.83131,50,66,245,0,DRIVE [ 34 ] [ 1 ] [ 1103 1752 1896 ] [    0    0    0 ] [      0      0      0 ] [ 0 ],drive [ 33 ] [ 0 ] [ 1118 1747 1896 ] [   76   37   24 ] [  13893   7778   7300 ] [ 0 ],1.00,1.00,1.00,1.00,50.26,65.93,0.00,0.00,0.00,0.00,0.00,0.00,0.00,0.00,0.00,0.00,0.00,0.00,0.00,0.00,0.00,0
1.84304,51,65,243,0,DRIVE [ 34 ] [ 1 ] [ 1088 1755 1896 ] [    0    0    0 ] [      0      0      0 ] [ 0 ],drive [ 34 ] [ 0 ] [ 1103 1752 1896 ] [   76   37   24 ] [  13893   7778   7300 ] [ 0 ],1.00,1.00,1.00,1.00,51.11,65.48,0.00,0.00,0.00,0.00,0.00,0.00,0.00,0.00,0.00,0.00,0.00,0.00,0.00,0.00,0.00,0
1.85456,52,65,240,0,DRIVE [ 35 ] [ 1 ] [ 1073 1759 1896 ] [    0    0    0 ] [      0      0      0 ] [ 0 ],drive [ 34 ] [ 0 ] [ 1088 1755 1896 ] [   87   29   24 ] [  13893   7778   7300 ] [ 0 ],1.00,1.00,1.00,1.00,51.91,65.14,0.00,0.00,0.00,0.00,0.00,0.00,0.00,0.00,0.00,0.00,0.00,0.00,0.00,0.00,0.00,0
1.86583,53,65,238,0,DRIVE [ 35 ] [ 1 ] [ 1059 1761 1896 ] [    0    0    0 ] [      0      0      0 ] [ 0 ],drive [ 35 ] [ 0 ] [ 1073 1759 1896 ] [   87   29   24 ] [  13893   7778   7300 ] [ 0 ],1.00,1.00,1.00,1.00,52.55,64.80,0.00,0.00,0.00,0.00,0.00,0.00,0.00,0.00,0.00,0.00,0.00,0.00,0.00,0.00,0.00,0
1.87745,53,64,236,0,DRIVE [ 36 ] [ 1 ] [ 1050 1765 1896 ] [    0    0    0 ] [      0      0      0 ] [ 0 ],drive [ 35 ] [ 0 ] [ 1059 1761 1896 ] [   87   29   24 ] [  13893   7778   7300 ] [ 0 ],1.00,1.00,1.00,1.00,52.96,64.28,0.00,0.00,0.00,0.00,0.00,0.00,0.00,0.00,0.00,0.00,0.00,0.00,0.00,0.00,0.00,0
1.8884,53,64,233,0,DRIVE [ 36 ] [ 1 ] [ 1042 1767 1896 ] [    0    0    0 ] [      0      0      0 ] [ 0 ],drive [ 36 ] [ 0 ] [ 1050 1765 1896 ] [   87   29   24 ] [  14329   7622   7287 ] [ 0 ],1.00,1.00,1.00,1.00,53.08,63.70,0.00,0.00,0.00,0.00,0.00,0.00,0.00,0.00,0.00,0.00,0.00,0.00,0.00,0.00,0.00,0
1.89998,53,63,231,0,DRIVE [ 37 ] [ 1 ] [ 1039 1768 1896 ] [    0    0    0 ] [      0      0      0 ] [ 0 ],drive [ 36 ] [ 0 ] [ 1042 1767 1896 ] [   79   15    5 ] [  14329   7622   7287 ] [ 0 ],1.00,1.00,1.00,1.00,52.96,63.10,0.00,0.00,0.00,0.00,0.00,0.00,0.00,0.00,0.00,0.00,0.00,0.00,0.00,0.00,0.00,0
1.91138,53,62,230,0,DRIVE [ 37 ] [ 1 ] [ 1039 1769 1896 ] [    0    0    0 ] [      0      0      0 ] [ 0 ],drive [ 37 ] [ 0 ] [ 1039 1768 1896 ] [   79   15    5 ] [  14329   7622   7287 ] [ 0 ],1.00,1.00,1.00,1.00,52.56,62.48,0.00,0.00,0.00,0.00,0.00,0.00,0.00,0.00,0.00,0.00,0.00,0.00,0.00,0.00,0.00,0
1.92298,52,62,227,0,DRIVE [ 38 ] [ 1 ] [ 1040 1770 1896 ] [    0    0    0 ] [      0      0      0 ] [ 0 ],drive [ 37 ] [ 0 ] [ 1039 1769 1896 ] [   79   15    5 ] [  14329   7622   7287 ] [ 0 ],1.00,1.00,1.00,1.00,52.06,61.79,0.00,0.00,0.00,0.00,0.00,0.00,0.00,0.00,0.00,0.00,0.00,0.00,0.00,0.00,0.00,0
1.93409,52,61,226,0,DRIVE [ 38 ] [ 1 ] [ 1039 1770 1896 ] [    0    0    0 ] [      0      0      0 ] [ 0 ],drive [ 38 ] [ 0 ] [ 1040 1770 1896 ] [   79   15    5 ] [  14427   7555   7244 ] [ 0 ],1.00,1.00,1.00,1.00,51.66,61.18,0.00,0.00,0.00,0.00,0.00,0.00,0.00,0.00,0.00,0.00,0.00,0.00,0.00,0.00,0.00,0
1.94715,52,61,226,0,DRIVE [ 39 ] [ 1 ] [ 1120 1783 1896 ] [    0    0    0 ] [      0      0      0 ] [ 1 ],drive [ 38 ] [ 0 ] [ 1039 1770 1896 ] [   84   33   11 ] [  14427   7555   7244 ] [ 0 ],1.00,1.00,1.00,1.00,46.50,55.06,0.00,0.00,0.00,0.00,0.00,0.00,0.00,0.00,0.00,0.00,0.00,0.00,0.00,0.00,0.00,0
1.95871,52,60,223,0,DRIVE [ 39 ] [ 1 ] [ 1033 1773 1896 ] [    0    0    0 ] [      0      0      0 ] [ 0 ],drive [ 39 ] [ 0 ] [ 0670 1333 1446 ] [   84   33   11 ] [  14427   7555   7244 ] [ 1 ],1.00,1.00,1.00,1.00,51.66,60.35,0.00,0.00,0.00,0.00,0.00,0.00,0.00,0.00,0.00,0.00,0.00,0.00,0.00,0.00,0.00,0
1.97451,52,59,221,0,DRIVE [ 40 ] [ 1 ] [ 1027 1777 1896 ] [    0    0    0 ] [      0      0      0 ] [ 0 ],drive [ 39 ] [ 0 ] [ 1033 1773 1896 ] [   84   33   11 ] [  14427   7555   7244 ] [ 0 ],1.00,1.00,1.00,1.00,51.71,59.49,0.00,0.00,0.00,0.00,0.00,0.00,0.00,0.00,0.00,0.00,0.00,0.00,0.00,0.00,0.00,0
1.98975,52,59,218,0,DRIVE [ 40 ] [ 1 ] [ 1019 1781 1896 ] [    0    0    0 ] [      0      0      0 ] [ 0 ],drive [ 40 ] [ 0 ] [ 1027 1777 1896 ] [   84   33   11 ] [  14664   7679   7410 ] [ 0 ],1.00,1.00,1.00,1.00,51.82,58.64,0.00,0.00,0.00,0.00,0.00,0.00,0.00,0.00,0.00,0.00,0.00,0.00,0.00,0.00,0.00,0
2.00147,52,58,217,0,DRIVE [ 41 ] [ 1 ] [ 1013 1785 1896 ] [    0    0    0 ] [      0      0      0 ] [ 0 ],drive [ 40 ] [ 0 ] [ 1019 1781 1896 ] [   84   28   20 ] [  14664   7679   7410 ] [ 0 ],1.00,1.00,1.00,1.00,52.05,58.01,0.00,0.00,0.00,0.00,0.00,0.00,0.00,0.00,0.00,0.00,0.00,0.00,0.00,0.00,0.00,0
2.01292,52,57,215,0,DRIVE [ 41 ] [ 1 ] [ 1007 1788 1896 ] [    0    0    0 ] [      0      0      0 ] [ 0 ],drive [ 41 ] [ 0 ] [ 1013 1785 1896 ] [   84   28   20 ] [  14664   7679   7410 ] [ 0 ],1.00,1.00,1.00,1.00,52.15,57.35,0.00,0.00,0.00,0.00,0.00,0.00,0.00,0.00,0.00,0.00,0.00,0.00,0.00,0.00,0.00,0
2.02465,52,56,212,0,DRIVE [ 42 ] [ 1 ] [ 1004 1793 1896 ] [    0    0    0 ] [      0      0      0 ] [ 0 ],drive [ 41 ] [ 0 ] [ 1007 1788 1896 ] [   84   28   20 ] [  14664   7679   7410 ] [ 0 ],1.00,1.00,1.00,1.00,51.92,56.11,0.00,0.00,0.00,0.00,0.00,0.00,0.00,0.00,0.00,0.00,0.00,0.00,0.00,0.00,0.00,0
2.03561,51,55,210,0,DRIVE [ 42 ] [ 1 ] [ 1009 1795 1896 ] [    0    0    0 ] [      0      0      0 ] [ 0 ],drive [ 42 ] [ 0 ] [ 1004 1793 1896 ] [   84   28   20 ] [  14882   7284   7080 ] [ 0 ],1.00,1.00,1.00,1.00,51.20,54.90,0.00,0.00,0.00,0.00,0.00,0.00,0.00,0.00,0.00,0.00,0.00,0.00,-0.00,-0.00,0.00,0
2.04723,50,54,208,0,DRIVE [ 43 ] [ 1 ] [ 1020 1795 1896 ] [    0    0    0 ] [      0      0      0 ] [ 0 ],drive [ 42 ] [ 0 ] [ 1009 1795 1896 ] [   89   17   10 ] [  14882   7284   7080 ] [ 0 ],1.00,1.00,1.00,1.00,49.91,53.81,0.00,0.00,0.00,0.00,0.00,0.00,0.00,0.00,0.00,0.00,0.00,0.00,-0.00,-0.00,0.00,0
2.05876,49,53,206,0,DRIVE [ 43 ] [ 1 ] [ 1035 1796 1896 ] [    0    0    0 ] [      0      0      0 ] [ 0 ],drive [ 43 ] [ 0 ] [ 1020 1795 1896 ] [   89   17   10 ] [  14882   7284   7080 ] [ 0 ],1.00,1.00,1.00,1.00,48.54,52.53,0.00,0.00,0.00,0.00,0.00,0.00,0.00,0.00,0.00,0.00,0.00,0.00,-0.00,-0.00,0.00,0
2.07083,49,53,206,0,DRIVE [ 44 ] [ 1 ] [ 1116 1806 1896 ] [    0    0    0 ] [      0      0      0 ] [ 1 ],drive [ 43 ] [ 0 ] [ 1035 1796 1896 ] [   89   17   10 ] [  14882   7284   7080 ] [ 0 ],1.00,1.00,1.00,1.00,43.68,47.28,0.00,0.00,0.00,0.00,0.00,0.00,0.00,0.00,0.00,0.00,0.00,0.00,-0.00,-0.00,0.00,0
2.08192,47,51,203,0,DRIVE [ 44 ] [ 1 ] [ 1052 1796 1896 ] [    0    0    0 ] [      0      0      0 ] [ 0 ],drive [ 44 ] [ 0 ] [ 0666 1356 1446 ] [   89   17   10 ] [  14928   7221   7054 ] [ 1 ],1.00,1.00,1.00,1.00,46.80,51.00,0.00,0.00,0.00,0.00,0.00,0.00,0.00,0.00,0.00,0.00,0.00,0.00,-0.00,-0.00,0.00,0
2.0933,45,50,201,0,DRIVE [ 45 ] [ 1 ] [ 1070 1796 1896 ] [    0    0    0 ] [      0      0      0 ] [ 0 ],drive [ 44 ] [ 0 ] [ 1052 1796 1896 ] [   89   17   10 ] [  14928   7221   7054 ] [ 0 ],1.00,1.00,1.00,1.00,45.20,49.71,0.00,0.00,0.00,0.00,0.00,0.00,0.00,0.00,0.00,0.00,0.00,0.00,-0.00,-0.00,0.00,0
2.10452,44,49,200,0,DRIVE [ 45 ] [ 1 ] [ 1087 1796 1896 ] [    0    0    0 ] [      0      0      0 ] [ 0 ],drive [ 45 ] [ 0 ] [ 1070 1796 1896 ] [  137   55   66 ] [  14928   7221   7054 ] [ 0 ],1.00,1.00,1.00,1.00,43.72,48.53,0.00,0.00,0.00,0.00,0.00,0.00,0.00,0.00,0.00,0.00,0.00,0.00,-0.00,-0.00,0.00,0
2.1156,42,47,198,0,DRIVE [ 46 ] [ 1 ] [ 1104 1795 1896 ] [    0    0    0 ] [      0      0      0 ] [ 0 ],drive [ 45 ] [ 0 ] [ 1087 1796 1896 ] [  137   55   66 ] [  14928   7221   7054 ] [ 0 ],1.00,1.00,1.00,1.00,42.32,47.50,0.00,0.00,0.00,0.00,0.00,0.00,0.00,0.00,0.00,0.00,0.00,0.00,-0.00,-0.00,0.00,0
2.12706,42,47,198,0,DRIVE [ 46 ] [ 1 ] [ 1180 1805 1896 ] [    0    0    0 ] [      0      0      0 ] [ 1 ],drive [ 46 ] [ 0 ] [ 1104 1795 1896 ] [  137   55   66 ] [  14928   7221   7054 ] [ 0 ],1.00,1.00,1.00,1.00,38.09,42.75,0.00,0.00,0.00,0.00,0.00,0.00,0.00,0.00,0.00,0.00,0.00,0.00,-0.00,-0.00,0.00,0
2.13842,40,46,196,0,DRIVE [ 47 ] [ 1 ] [ 1127 1792 1896 ] [    0    0    0 ] [      0      0      0 ] [ 0 ],drive [ 46 ] [ 0 ] [ 0730 1355 1446 ] [  137   55   66 ] [  15202   7170   7063 ] [ 1 ],1.00,1.00,1.00,1.00,40.43,46.43,0.00,0.00,0.00,0.00,0.00,0.00,0.00,0.00,0.00,0.00,0.00,0.00,-0.00,-0.00,0.00,0
2.14919,40,46,196,0,DRIVE [ 47 ] [ 1 ] [ 1201 1803 1896 ] [    0    0    0 ] [      0      0      0 ] [ 1 ],drive [ 47 ] [ 0 ] [ 1127 1792 1896 ] [  113   47   43 ] [  15202   7170   7063 ] [ 0 ],1.00,1.00,1.00,1.00,36.38,41.79,0.00,0.00,0.00,0.00,0.00,0.00,0.00,0.00,0.00,0.00,0.00,0.00,-0.00,-0.00,0.00,0
2.16084,38,45,194,0,DRIVE [ 48 ] [ 1 ] [ 1162 1786 1896 ] [    0    0    0 ] [      0      0      0 ] [ 0 ],drive [ 47 ] [ 0 ] [ 0751 1353 1446 ] [  113   47   43 ] [  15202   7170   7063 ] [ 1 ],1.00,1.00,1.00,1.00,37.69,45.15,0.00,0.00,0.00,0.00,0.00,0.00,0.00,0.00,0.00,0.00,0.00,0.00,-0.00,-0.00,0.00,0
2.17224,38,45,194,0,DRIVE [ 48 ] [ 1 ] [ 1233 1798 1896 ] [    0    0    0 ] [      0      0      0 ] [ 1 ],drive [ 48 ] [ 0 ] [ 1162 1786 1896 ] [  113   47   43 ] [  15202   7170   7063 ] [ 0 ],1.00,1.00,1.00,1.00,33.92,40.63,0.00,0.00,0.00,0.00,0.00,0.00,0.00,0.00,0.00,0.00,0.00,0.00,-0.00,-0.00,0.00,0
2.18338,34,43,192,0,DRIVE [ 49 ] [ 1 ] [ 1208 1780 1896 ] [    0    0    0 ] [      0      0      0 ] [ 0 ],drive [ 48 ] [ 0 ] [ 0783 1348 1446 ] [  113   47   43 ] [  15432   7347   7143 ] [ 1 ],1.00,1.00,1.00,1.00,34.32,43.47,0.00,0.00,0.00,0.00,0.00,0.00,0.00,0.00,0.00,0.00,0.00,0.00,-0.00,-0.00,0.00,0
2.19486,34,43,192,0,DRIVE [ 49 ] [ 1 ] [ 1275 1792 1896 ] [    0    0    0 ] [      0      0      0 ] [ 1 ],drive [ 49 ] [ 0 ] [ 1208 1780 1896 ] [  110   71   62 ] [  15432   7347   7143 ] [ 0 ],1.00,1.00,1.00,1.00,30.88,39.12,0.00,0.00,0.00,0.00,0.00,0.00,0.00,0.00,0.00,0.00,0.00,0.00,-0.00,-0.00,0.00,0
2.20617,34,43,192,0,DRIVE [ 50 ] [ 1 ] [ 1336 1803 1896 ] [    0    0    0 ] [      0      0      0 ] [ 1 ],drive [ 49 ] [ 0 ] [ 0825 1342 1446 ] [  110   71   62 ] [  15432   7347   7143 ] [ 1 ],1.00,1.00,1.00,1.00,27.80,35.21,0.00,0.00,0.00,0.00,0.00,0.00,0.00,0.00,0.00,0.00,0.00,0.00,-0.00,-0.00,0.00,0
2.21731,30,42,190,0,DRIVE [ 50 ] [ 1 ] [ 1264 1770 1896 ] [    0    0    0 ] [      0      0      0 ] [ 0 ],drive [ 50 ] [ 0 ] [ 0886 1353 1446 ] [  110   71   62 ] [  15432   7347   7143 ] [ 1 ],1.00,1.00,1.00,1.00,30.06,41.66,0.00,0.00,0.00,0.00,0.00,0.00,0.00,0.00,0.00,0.00,0.00,0.00,-0.00,-0.00,0.00,0
2.22894,26,40,187,0,DRIVE [ 51 ] [ 1 ] [ 1324 1756 1896 ] [    0    0    0 ] [      0      0      0 ] [ 0 ],drive [ 50 ] [ 0 ] [ 1264 1770 1896 ] [  110   71   62 ] [  15432   7347   7143 ] [ 0 ],1.00,1.00,1.00,1.00,25.57,40.10,0.00,0.00,0.00,0.00,0.00,0.00,0.00,0.00,0.00,0.00,0.00,0.00,-0.00,-0.00,0.00,0
2.24046,22,39,185,0,DRIVE [ 51 ] [ 1 ] [ 1373 1742 1896 ] [    0    0    0 ] [      0      0      0 ] [ 0 ],drive [ 51 ] [ 0 ] [ 1324 1756 1896 ] [  110   71   62 ] [  15555   7375   7181 ] [ 0 ],1.00,1.00,1.00,1.00,21.78,39.01,0.00,0.00,0.00,0.00,0.00,0.00,0.00,0.00,0.00,0.00,0.00,0.00,-0.00,-0.00,0.00,0
2.25119,18,38,183,0,DRIVE [ 52 ] [ 1 ] [ 1416 1725 1896 ] [    0    0    0 ] [      0      0      0 ] [ 0 ],drive [ 51 ] [ 0 ] [ 1373 1742 1896 ] [   79   35   23 ] [  15555   7375   7181 ] [ 0 ],1.00,1.00,1.00,1.00,18.24,38.43,0.00,0.00,0.00,0.00,0.00,0.00,0.00,0.00,0.00,0.00,0.00,0.00,-0.00,-0.00,0.00,0
2.26278,15,38,181,0,DRIVE [ 52 ] [ 1 ] [ 1453 1706 1896 ] [    0    0    0 ] [      0      0      0 ] [ 0 ],drive [ 52 ] [ 0 ] [ 1416 1725 1896 ] [   79   35   23 ] [  15555   7375   7181 ] [ 0 ],1.00,1.00,1.00,1.00,14.86,38.09,0.00,0.00,0.00,0.00,0.00,0.00,0.00,0.00,0.00,0.00,0.00,0.00,-0.00,-0.00,0.00,0
2.27443,12,38,179,0,DRIVE [ 53 ] [ 1 ] [ 1488 1684 1896 ] [    0    0    0 ] [      0      0      0 ] [ 0 ],drive [ 52 ] [ 0 ] [ 1453 1706 1896 ] [   79   35   23 ] [  15555   7375   7181 ] [ 0 ],1.00,1.00,1.00,1.00,11.57,37.95,0.00,0.00,0.00,0.00,0.00,0.00,0.00,0.00,0.00,0.00,0.00,0.00,-0.00,-0.00,0.00,0
2.28547,8,38,178,0,DRIVE [ 53 ] [ 1 ] [ 1521 1662 1896 ] [    0    0    0 ] [      0      0      0 ] [ 0 ],drive [ 53 ] [ 0 ] [ 1488 1684 1896 ] [   79   35   23 ] [  15281   7101   6899 ] [ 0 ],1.00,1.00,1.00,1.00,8.28,37.80,0.00,0.00,0.00,0.00,0.00,0.00,0.00,0.00,0.00,0.00,0.00,0.00,-0.00,-0.00,0.00,0
2.29715,5,38,177,0,DRIVE [ 54 ] [ 1 ] [ 1552 1640 1896 ] [    0    0    0 ] [      0      0      0 ] [ 0 ],drive [ 53 ] [ 0 ] [ 1521 1662 1896 ] [   59   32   23 ] [  15281   7101   6899 ] [ 0 ],1.00,1.00,1.00,1.00,5.15,37.51,0.00,0.00,0.00,0.00,0.00,0.00,0.00,0.00,0.00,0.00,0.00,0.00,-0.00,-0.00,0.00,0
2.30876,2,37,176,0,DRIVE [ 54 ] [ 1 ] [ 1580 1617 1896 ] [    0    0    0 ] [      0      0      0 ] [ 0 ],drive [ 54 ] [ 0 ] [ 1552 1640 1896 ] [   59   32   23 ] [  15281   7101   6899 ] [ 0 ],1.00,1.00,1.00,1.00,2.20,37.30,0.00,0.00,0.00,0.00,0.00,0.00,0.00,0.00,0.00,0.00,0.00,0.00,-0.00,-0.00,0.00,0
2.3214,0,37,174,0,DRIVE [ 55 ] [ 1 ] [ 1601 1595 1896 ] [    0    0    0 ] [      0      0      0 ] [ 0 ],drive [ 54 ] [ 0 ] [ 1580 1617 1896 ] [   59   32   23 ] [  15281   7101   6899 ] [ 0 ],1.00,1.00,1.00,1.00,-0.32,37.08,0.00,0.00,0.00,0.00,0.00,0.00,0.00,0.00,0.00,0.00,0.00,0.00,0.00,-0.00,0.00,0
2.33251,-2,37,173,0,DRIVE [ 55 ] [ 1 ] [ 1616 1578 1896 ] [    0    0    0 ] [      0      0      0 ] [ 0 ],drive [ 55 ] [ 0 ] [ 1601 1595 1896 ] [   59   32   23 ] [  14972   7138   6882 ] [ 0 ],1.00,1.00,1.00,1.00,-2.16,36.85,0.00,0.00,0.00,0.00,0.00,0.00,0.00,0.00,0.00,0.00,0.00,0.00,0.00,-0.00,0.00,0
2.34428,-3,37,172,0,DRIVE [ 56 ] [ 1 ] [ 1625 1570 1896 ] [    0    0    0 ] [      0      0      0 ] [ 0 ],drive [ 55 ] [ 0 ] [ 1616 1578 1896 ] [   33   32   22 ] [  14972   7138   6882 ] [ 0 ],1.00,1.00,1.00,1.00,-3.13,36.57,0.00,0.00,0.00,0.00,0.00,0.00,0.00,0.00,0.00,0.00,0.00,0.00,0.00,-0.00,0.00,0
2.35527,-3,37,172,0,DRIVE [ 56 ] [ 1 ] [ 1652 1602 1896 ] [    0    0    0 ] [      0      0      0 ] [ 1 ],drive [ 56 ] [ 0 ] [ 1625 1570 1896 ] [   33   32   22 ] [  14972   7138   6882 ] [ 0 ],1.00,1.00,1.00,1.00,-2.82,32.91,0.00,0.00,0.00,0.00,0.00,0.00,0.00,0.00,0.00,0.00,0.00,0.00,0.00,-0.00,0.00,0
2.36696,-3,36,171,0,DRIVE [ 57 ] [ 1 ] [ 1626 1569 1896 ] [    0    0    0 ] [      0      0      0 ] [ 0 ],drive [ 56 ] [ 0 ] [ 1202 1152 1446 ] [   33   32   22 ] [  14972   7138   6882 ] [ 1 ],1.00,1.00,1.00,1.00,-3.20,36.32,0.00,0.00,0.00,0.00,0.00,0.00,0.00,0.00,0.00,0.00,0.00,0.00,0.00,-0.00,0.00,0
2.37858,-3,36,170,0,DRIVE [ 57 ] [ 1 ] [ 1625 1568 1896 ] [    0    0    0 ] [      0      0      0 ] [ 0 ],drive [ 57 ] [ 0 ] [ 1626 1569 1896 ] [   33   32   22 ] [  14972   7138   6882 ] [ 0 ],1.00,1.00,1.00,1.00,-3.19,36.15,0.00,0.00,0.00,0.00,0.00,0.00,0.00,0.00,0.00,0.00,0.00,0.00,0.00,-0.00,0.00,0
2.39,-3,36,169,0,DRIVE [ 58 ] [ 1 ] [ 1625 1567 1896 ] [    0    0    0 ] [      0      0      0 ] [ 0 ],drive [ 57 ] [ 0 ] [ 1625 1568 1896 ] [   33   32   22 ] [  14699   7213   6903 ] [ 0 ],1.00,1.00,1.00,1.00,-3.23,36.10,0.00,0.00,0.00,0.00,0.00,0.00,0.00,0.00,0.00,0.00,0.00,0.00,0.00,-0.00,0.00,0
2.40106,-3,36,169,0,DRIVE [ 58 ] [ 1 ] [ 1623 1565 1896 ] [    0    0    0 ] [      0      0      0 ] [ 0 ],drive [ 58 ] [ 0 ] [ 1625 1567 1896 ] [   46   36    3 ] [  14699   7213   6903 ] [ 0 ],1.00,1.00,1.00,1.00,-3.22,36.14,0.00,0.00,0.00,0.00,0.00,0.00,0.00,0.00,0.00,0.00,0.00,0.00,0.00,-0.00,0.00,0
2.41274,-3,36,168,0,DRIVE [ 59 ] [ 1 ] [ 1620 1565 1896 ] [    0    0    0 ] [      0      0      0 ] [ 0 ],drive [ 58 ] [ 0 ] [ 1623 1565 1896 ] [   46   36    3 ] [  14699   7213   6903 ] [ 0 ],1.00,1.00,1.00,1.00,-3.04,36.31,0.00,0.00,0.00,0.00,0.00,0.00,0.00,0.00,0.00,0.00,0.00,0.00,0.00,-0.00,0.00,0
2.42415,-3,36,168,0,DRIVE [ 59 ] [ 1 ] [ 1647 1598 1896 ] [    0    0    0 ] [      0      0      0 ] [ 1 ],drive [ 59 ] [ 0 ] [ 1620 1565 1896 ] [   46   36    3 ] [  14699   7213   6903 ] [ 0 ],1.00,1.00,1.00,1.00,-2.73,32.68,0.00,0.00,0.00,0.00,0.00,0.00,0.00,0.00,0.00,0.00,0.00,0.00,0.00,-0.00,0.00,0
2.43529,-2,37,167,0,DRIVE [ 60 ] [ 1 ] [ 1608 1570 1896 ] [    0    0    0 ] [      0      0      0 ] [ 0 ],drive [ 59 ] [ 0 ] [ 1197 1148 1446 ] [   46   36    3 ] [  14464   7491   7103 ] [ 1 ],1.00,1.00,1.00,1.00,-2.11,36.60,0.00,0.00,0.00,0.00,0.00,0.00,0.00,0.00,0.00,0.00,0.00,0.00,0.00,-0.00,0.00,0
2.44679,-2,37,167,0,DRIVE [ 60 ] [ 1 ] [ 1637 1602 1896 ] [    0    0    0 ] [      0      0      0 ] [ 1 ],drive [ 60 ] [ 0 ] [ 1608 1570 1896 ] [   68   49   17 ] [  14464   7491   7103 ] [ 0 ],1.00,1.00,1.00,1.00,-1.90,32.94,0.00,0.00,0.00,0.00,0.00,0.00,0.00,0.00,0.00,0.00,0.00,0.00,0.00,-0.00,0.00,0
2.45837,-1,37,166,0,DRIVE [ 61 ] [ 1 ] [ 1600 1574 1896 ] [    0    0    0 ] [      0      0      0 ] [ 0 ],drive [ 60 ] [ 0 ] [ 1187 1152 1446 ] [   68   49   17 ] [  14464   7491   7103 ] [ 1 ],1.00,1.00,1.00,1.00,-1.40,36.70,0.00,0.00,0.00,0.00,0.00,0.00,0.00,0.00,0.00,0.00,0.00,0.00,0.00,-0.00,0.00,0
2.47087,-1,37,166,0,DRIVE [ 61 ] [ 1 ] [ 1593 1578 1896 ] [    0    0    0 ] [      0      0      0 ] [ 0 ],drive [ 61 ] [ 0 ] [ 1600 1574 1896 ] [   68   49   17 ] [  14464   7491   7103 ] [ 0 ],1.00,1.00,1.00,1.00,-0.81,36.79,0.00,0.00,0.00,0.00,0.00,0.00,0.00,0.00,0.00,0.00,0.00,0.00,0.00,-0.00,0.00,0
2.48205,0,37,166,0,DRIVE [ 62 ] [ 1 ] [ 1586 1581 1896 ] [    0    0    0 ] [      0      0      0 ] [ 0 ],drive [ 61 ] [ 0 ] [ 1593 1578 1896 ] [   68   49   17 ] [  14573   7729   7322 ] [ 0 ],1.00,1.00,1.00,1.00,-0.23,36.94,0.00,0.00,0.00,0.00,0.00,0.00,0.00,0.00,0.00,0.00,0.00,0.00,0.00,-0.00,0.00,0
2.4938,0,37,165,0,DRIVE [ 62 ] [ 1 ] [ 1577 1586 1896 ] [    0    0    0 ] [      0      0      0 ] [ 0 ],drive [ 62 ] [ 0 ] [ 1586 1581 1896 ] [   68   49   17 ] [  14573   7729   7322 ] [ 0 ],1.00,1.00,1.00,1.00,0.47,37.09,0.00,0.00,0.00,0.00,0.00,0.00,0.00,0.00,0.00,0.00,0.00,0.00,-0.00,-0.00,0.00,0
2.50654,1,37,165,0,DRIVE [ 63 ] [ 1 ] [ 1569 1589 1896 ] [    0    0    0 ] [      0      0      0 ] [ 0 ],drive [ 62 ] [ 0 ] [ 1577 1586 1896 ] [   30   33   20 ] [  14573   7729   7322 ] [ 0 ],1.00,1.00,1.00,1.00,1.09,37.30,0.00,0.00,0.00,0.00,0.00,0.00,0.00,0.00,0.00,0.00,0.00,0.00,-0.00,-0.00,0.00,0
2.51769,2,38,165,0,DRIVE [ 63 ] [ 1 ] [ 1560 1593 1896 ] [    0    0    0 ] [      0      0      0 ] [ 0 ],drive [ 63 ] [ 0 ] [ 1569 1589 1896 ] [   30   33   20 ] [  14573   7729   7322 ] [ 0 ],1.00,1.00,1.00,1.00,1.81,37.53,0.00,0.00,0.00,0.00,0.00,0.00,0.00,0.00,0.00,0.00,0.00,0.00,-0.00,-0.00,0.00,0
2.52944,3,38,164,0,DRIVE [ 64 ] [ 1 ] [ 1551 1597 1896 ] [    0    0    0 ] [      0      0      0 ] [ 0 ],drive [ 63 ] [ 0 ] [ 1560 1593 1896 ] [   30   33   20 ] [  14303   7677   7070 ] [ 0 ],1.00,1.00,1.00,1.00,2.54,37.67,0.00,0.00,0.00,0.00,0.00,0.00,0.00,0.00,0.00,0.00,0.00,0.00,-0.00,-0.00,0.00,0
2.541,3,38,164,0,DRIVE [ 64 ] [ 1 ] [ 1544 1603 1896 ] [    0    0    0 ] [      0      0      0 ] [ 0 ],drive [ 64 ] [ 0 ] [ 1551 1597 1896 ] [   30   33   20 ] [  14303   7677   7070 ] [ 0 ],1.00,1.00,1.00,1.00,3.22,37.66,0.00,0.00,0.00,0.00,0.00,0.00,0.00,0.00,0.00,0.00,0.00,0.00,-0.00,-0.00,0.00,0
2.5522,4,38,164,0,DRIVE [ 65 ] [ 1 ] [ 1537 1609 1896 ] [    0    0    0 ] [      0      0      0 ] [ 0 ],drive [ 64 ] [ 0 ] [ 1544 1603 1896 ] [   35   46   24 ] [  14303   7677   7070 ] [ 0 ],1.00,1.00,1.00,1.00,3.92,37.59,0.00,0.00,0.00,0.00,0.00,0.00,0.00,0.00,0.00,0.00,0.00,0.00,-0.00,-0.00,0.00,0
2.56384,5,38,164,0,DRIVE [ 65 ] [ 1 ] [ 1530 1616 1896 ] [    0    0    0 ] [      0      0      0 ] [ 0 ],drive [ 65 ] [ 0 ] [ 1537 1609 1896 ] [   35   46   24 ] [  14303   7677   7070 ] [ 0 ],1.00,1.00,1.00,1.00,4.70,37.50,0.00,0.00,0.00,0.00,0.00,0.00,0.00,0.00,0.00,0.00,0.00,0.00,-0.00,-0.00,0.00,0
2.57528,5,38,164,0,DRIVE [ 66 ] [ 1 ] [ 1566 1644 1896 ] [    0    0    0 ] [      0      0      0 ] [ 1 ],drive [ 65 ] [ 0 ] [ 1530 1616 1896 ] [   35   46   24 ] [  14303   7677   7070 ] [ 0 ],1.00,1.00,1.00,1.00,4.23,33.75,0.00,0.00,0.00,0.00,0.00,0.00,0.00,0.00,0.00,0.00,0.00,0.00,-0.00,-0.00,0.00,0
2.5886,6,37,164,0,DRIVE [ 66 ] [ 1 ] [ 1520 1624 1896 ] [    0    0    0 ] [      0      0      0 ] [ 0 ],drive [ 66 ] [ 0 ] [ 1116 1194 1446 ] [   35   46   24 ] [  14303   7664   7071 ] [ 1 ],1.00,1.00,1.00,1.00,5.65,37.43,0.00,0.00,0.00,0.00,0.00,0.00,0.00,0.00,0.00,0.00,0.00,0.00,-0.00,-0.00,0.00,0
2.6007,6,37,164,0,DRIVE [ 67 ] [ 1 ] [ 1512 1630 1896 ] [    0    0    0 ] [      0      0      0 ] [ 0 ],drive [ 66 ] [ 0 ] [ 1520 1624 1896 ] [   75   73   23 ] [  14303   7664   7071 ] [ 0 ],1.00,1.00,1.00,1.00,6.42,37.42,0.00,0.00,0.00,0.00,0.00,0.00,0.00,0.00,0.00,0.00,0.00,0.00,-0.00,-0.00,0.00,0
2.6125,7,37,164,0,DRIVE [ 67 ] [ 1 ] [ 1505 1635 1896 ] [    0    0    0 ] [      0      0      0 ] [ 0 ],drive [ 67 ] [ 0 ] [ 1512 1630 1896 ] [   75   73   23 ] [  14303   7664   7071 ] [ 0 ],1.00,1.00,1.00,1.00,7.05,37.44,0.00,0.00,0.00,0.00,0.00,0.00,0.00,0.00,0.00,0.00,0.00,0.00,-0.00,-0.00,0.00,0
2.62548,8,38,163,0,DRIVE [ 68 ] [ 1 ] [ 1498 1638 1896 ] [    0    0    0 ] [      0      0      0 ] [ 0 ],drive [ 67 ] [ 0 ] [ 1505 1635 1896 ] [   75   73   23 ] [  14303   7664   7071 ] [ 0 ],1.00,1.00,1.00,1.00,7.61,37.50,0.00,0.00,0.00,0.00,0.00,0.00,0.00,0.00,0.00,0.00,0.00,0.00,-0.00,-0.00,0.00,0
2.63755,8,38,163,0,DRIVE [ 68 ] [ 1 ] [ 1489 1640 1896 ] [    0    0    0 ] [      0      0      0 ] [ 0 ],drive [ 68 ] [ 0 ] [ 1498 1638 1896 ] [   75   73   23 ] [  14369   7668   7241 ] [ 0 ],1.00,1.00,1.00,1.00,8.19,37.73,0.00,0.00,0.00,0.00,0.00,0.00,0.00,0.00,0.00,0.00,0.00,0.00,-0.00,-0.00,0.00,0
2.64871,9,38,163,0,DRIVE [ 69 ] [ 1 ] [ 1477 1642 1896 ] [    0    0    0 ] [      0      0      0 ] [ 0 ],drive [ 68 ] [ 0 ] [ 1489 1640 1896 ] [   52   37   24 ] [  14369   7668   7241 ] [ 0 ],1.00,1.00,1.00,1.00,8.92,38.24,0.00,0.00,0.00,0.00,0.00,0.00,0.00,0.00,0.00,0.00,0.00,0.00,-0.00,-0.00,0.00,0
2.66033,10,39,163,0,DRIVE [ 69 ] [ 1 ] [ 1462 1642 1896 ] [    0    0    0 ] [      0      0      0 ] [ 0 ],drive [ 69 ] [ 0 ] [ 1477 1642 1896 ] [   52   37   24 ] [  14369   7668   7241 ] [ 0 ],1.00,1.00,1.00,1.00,9.70,38.75,0.00,0.00,0.00,0.00,0.00,0.00,0.00,0.00,0.00,0.00,0.00,0.00,-0.00,-0.00,0.00,0
2.67158,10,39,163,0,DRIVE [ 70 ] [ 1 ] [ 1505 1668 1896 ] [    0    0    0 ] [      0      0      0 ] [ 1 ],drive [ 69 ] [ 0 ] [ 1462 1642 1896 ] [   52   37   24 ] [  14369   7668   7241 ] [ 0 ],1.00,1.00,1.00,1.00,8.73,34.88,0.00,0.00,0.00,0.00,0.00,0.00,0.00,0.00,0.00,0.00,0.00,0.00,-0.00,-0.00,0.00,0
2.68265,10,39,162,0,DRIVE [ 70 ] [ 1 ] [ 1455 1644 1896 ] [    0    0    0 ] [      0      0      0 ] [ 0 ],drive [ 70 ] [ 0 ] [ 1055 1218 1446 ] [   52   37   24 ] [  14390   7616   7040 ] [ 1 ],1.00,1.00,1.00,1.00,10.15,38.93,0.00,0.00,0.00,0.00,0.00,0.00,0.00,0.00,0.00,0.00,0.00,0.00,-0.00,-0.00,0.00,0
2.69427,11,39,162,0,DRIVE [ 71 ] [ 1 ] [ 1446 1644 1896 ] [    0    0    0 ] [      0      0      0 ] [ 0 ],drive [ 70 ] [ 0 ] [ 1455 1644 1896 ] [   96   87   64 ] [  14390   7616   7040 ] [ 0 ],1.00,1.00,1.00,1.00,10.61,39.19,0.00,0.00,0.00,0.00,0.00,0.00,0.00,0.00,0.00,0.00,0.00,0.00,-0.00,-0.00,0.00,0
2.70573,11,39,162,0,DRIVE [ 71 ] [ 1 ] [ 1438 1645 1896 ] [    0    0    0 ] [      0      0      0 ] [ 0 ],drive [ 71 ] [ 0 ] [ 1446 1644 1896 ] [   96   87   64 ] [  14390   7616   7040 ] [ 0 ],1.00,1.00,1.00,1.00,11.04,39.44,0.00,0.00,0.00,0.00,0.00,0.00,0.00,0.00,0.00,0.00,0.00,0.00,0.00,0.00,0.00,0
2.71678,11,39,162,0,DRIVE [ 72 ] [ 1 ] [ 1483 1670 1896 ] [    0    0    0 ] [      0      0      0 ] [ 1 ],drive [ 71 ] [ 0 ] [ 1438 1645 1896 ] [   96   87   64 ] [  14390   7616   7040 ] [ 0 ],1.00,1.00,1.00,1.00,9.94,35.50,0.00,0.00,0.00,0.00,0.00,0.00,0.00,0.00,0.00,0.00,0.00,0.00,0.00,0.00,0.00,0
2.72836,11,40,162,0,DRIVE [ 72 ] [ 1 ] [ 1428 1643 1896 ] [    0    0    0 ] [      0      0      0 ] [ 0 ],drive [ 72 ] [ 0 ] [ 1033 1220 1446 ] [   96   87   64 ] [  14390   7616   7040 ] [ 1 ],1.00,1.00,1.00,1.00,11.47,39.98,0.00,0.00,0.00,0.00,0.00,0.00,0.00,0.00,0.00,0.00,0.00,0.00,0.00,0.00,0.00,0
2.73972,11,40,162,0,DRIVE [ 73 ] [ 1 ] [ 1474 1668 1896 ] [    0    0    0 ] [      0      0      0 ] [ 1 ],drive [ 72 ] [ 0 ] [ 1428 1643 1896 ] [   96   87   64 ] [  14612   7758   7259 ] [ 0 ],1.00,1.00,1.00,1.00,10.32,35.98,0.00,0.00,0.00,0.00,0.00,0.00,0.00,0.00,0.00,0.00,0.00,0.00,0.00,0.00,0.00,0
2.75076,11,40,162,0,DRIVE [ 73 ] [ 1 ] [ 1516 1691 1896 ] [    0    0    0 ] [      0      0      0 ] [ 1 ],drive [ 73 ] [ 0 ] [ 1024 1218 1446 ] [   89   84   44 ] [  14612   7758   7259 ] [ 1 ],1.00,1.00,1.00,1.00,9.29,32.38,0.00,0.00,0.00,0.00,0.00,0.00,0.00,0.00,0.00,0.00,0.00,0.00,0.00,0.00,0.00,0
2.76236,12,41,163,0,DRIVE [ 74 ] [ 1 ] [ 1417 1641 1896 ] [    0    0    0 ] [      0      0      0 ] [ 0 ],drive [ 73 ] [ 0 ] [ 1066 1241 1446 ] [   89   84   44 ] [  14612   7758   7259 ] [ 1 ],1.00,1.00,1.00,1.00,12.05,40.89,0.00,0.00,0.00,0.00,0.00,0.00,0.00,0.00,0.00,0.00,0.00,0.00,0.00,0.00,0.00,0
2.77382,13,42,164,0,DRIVE [ 74 ] [ 1 ] [ 1407 1642 1896 ] [    0    0    0 ] [      0      0      0 ] [ 0 ],drive [ 74 ] [ 0 ] [ 1417 1641 1896 ] [   89   84   44 ] [  14612   7758   7259 ] [ 0 ],1.00,1.00,1.00,1.00,12.72,41.60,0.00,0.00,0.00,0.00,0.00,0.00,0.00,0.00,0.00,0.00,0.00,0.00,0.00,0.00,0.00,0
2.78479,13,42,164,0,DRIVE [ 75 ] [ 1 ] [ 1455 1668 1896 ] [    0    0    0 ] [      0      0      0 ] [ 1 ],drive [ 74 ] [ 0 ] [ 1407 1642 1896 ] [   89   84   44 ] [  14883   7943   7454 ] [ 0 ],1.00,1.00,1.00,1.00,11.45,37.44,0.00,0.00,0.00,0.00,0.00,0.00,0.00,0.00,0.00,0.00,0.00,0.00,0.00,0.00,0.00,0
2.79622,13,42,164,0,DRIVE [ 75 ] [ 1 ] [ 1499 1691 1896 ] [    0    0    0 ] [      0      0      0 ] [ 1 ],drive [ 75 ] [ 0 ] [ 1005 1218 1446 ] [   72   30    9 ] [  14883   7943   7454 ] [ 1 ],1.00,1.00,1.00,1.00,10.30,33.70,0.00,0.00,0.00,0.00,0.00,0.00,0.00,0.00,0.00,0.00,0.00,0.00,0.00,0.00,0.00,0
2.80758,13,42,164,0,DRIVE [ 76 ] [ 1 ] [ 1538 1712 1896 ] [    0    0    0 ] [      0      0      0 ] [ 1 ],drive [ 75 ] [ 0 ] [ 1049 1241 1446 ] [   72   30    9 ] [  14883   7943   7454 ] [ 1 ],1.00,1.00,1.00,1.00,9.27,30.33,0.00,0.00,0.00,0.00,0.00,0.00,0.00,0.00,0.00,0.00,0.00,0.00,0.00,0.00,0.00,0
2.81895,14,42,167,0,DRIVE [ 76 ] [ 1 ] [ 1393 1649 1896 ] [    0    0    0 ] [      0      0      0 ] [ 0 ],drive [ 76 ] [ 0 ] [ 1088 1262 1446 ] [   72   30    9 ] [  14883   7943   7454 ] [ 1 ],1.00,1.00,1.00,1.00,14.10,42.47,0.00,0.00,0.00,0.00,0.00,0.00,0.00,0.00,0.00,0.00,0.00,0.00,0.00,0.00,0.00,0
2.8306,15,43,170,0,DRIVE [ 77 ] [ 1 ] [ 1386 1659 1896 ] [    0    0    0 ] [      0      0      0 ] [ 0 ],drive [ 76 ] [ 0 ] [ 1393 1649 1896 ] [   72   30    9 ] [  15005   7911   7350 ] [ 0 ],1.00,1.00,1.00,1.00,15.22,42.64,0.00,0.00,0.00,0.00,0.00,0.00,0.00,0.00,0.00,0.00,0.00,0.00,0.00,0.00,0.00,0
2.8423,16,42,173,0,DRIVE [ 77 ] [ 1 ] [ 1385 1672 1896 ] [    0    0    0 ] [      0      0      0 ] [ 0 ],drive [ 77 ] [ 0 ] [ 1386 1659 1896 ] [   72   30    9 ] [  15005   7911   7350 ] [ 0 ],1.00,1.00,1.00,1.00,16.21,42.35,0.00,0.00,0.00,0.00,0.00,0.00,0.00,0.00,0.00,0.00,0.00,0.00,0.00,0.00,0.00,0
2.85432,16,42,173,0,DRIVE [ 78 ] [ 1 ] [ 1435 1694 1896 ] [    0    0    0 ] [      0      0      0 ] [ 1 ],drive [ 77 ] [ 0 ] [ 1385 1672 1896 ] [   52   30    1 ] [  15005   7911   7350 ] [ 0 ],1.00,1.00,1.00,1.00,14.59,38.11,0.00,0.00,0.00,0.00,0.00,0.00,0.00,0.00,0.00,0.00,0.00,0.00,0.00,0.00,0.00,0
2.86525,17,42,176,0,DRIVE [ 78 ] [ 1 ] [ 1384 1686 1896 ] [    0    0    0 ] [      0      0      0 ] [ 0 ],drive [ 78 ] [ 0 ] [ 0985 1244 1446 ] [   52   30    1 ] [  15005   7911   7350 ] [ 1 ],1.00,1.00,1.00,1.00,17.30,41.94,0.00,0.00,0.00,0.00,0.00,0.00,0.00,0.00,0.00,0.00,0.00,0.00,0.00,0.00,0.00,0
2.8769,18,42,179,0,DRIVE [ 79 ] [ 1 ] [ 1384 1696 1896 ] [    0    0    0 ] [      0      0      0 ] [ 0 ],drive [ 78 ] [ 0 ] [ 1384 1686 1896 ] [   52   30    1 ] [  15005   7911   7350 ] [ 0 ],1.00,1.00,1.00,1.00,18.16,41.69,0.00,0.00,0.00,0.00,0.00,0.00,0.00,0.00,0.00,0.00,0.00,0.00,0.00,0.00,0.00,0
2.88825,18,42,179,0,DRIVE [ 79 ] [ 1 ] [ 1435 1717 1896 ] [    0    0    0 ] [      0      0      0 ] [ 1 ],drive [ 79 ] [ 0 ] [ 1384 1696 1896 ] [   52   30    1 ] [  14976   7710   7007 ] [ 0 ],1.00,1.00,1.00,1.00,16.35,37.52,0.00,0.00,0.00,0.00,0.00,0.00,0.00,0.00,0.00,0.00,0.00,0.00,0.00,0.00,0.00,0
2.90024,18,40,183,0,DRIVE [ 80 ] [ 1 ] [ 1404 1716 1896 ] [    0    0    0 ] [      0      0      0 ] [ 0 ],drive [ 79 ] [ 0 ] [ 0985 1267 1446 ] [   76   44   25 ] [  14976   7710   7007 ] [ 1 ],1.00,1.00,1.00,1.00,18.50,39.97,0.00,0.00,0.00,0.00,0.00,0.00,0.00,0.00,0.00,0.00,0.00,0.00,0.00,0.00,0.00,0
2.9118,19,38,187,0,DRIVE [ 80 ] [ 1 ] [ 1425 1734 1896 ] [    0    0    0 ] [      0      0      0 ] [ 0 ],drive [ 80 ] [ 0 ] [ 1404 1716 1896 ] [   76   44   25 ] [  14976   7710   7007 ] [ 0 ],1.00,1.00,1.00,1.00,18.60,37.96,0.00,0.00,0.00,0.00,0.00,0.00,0.00,0.00,0.00,0.00,0.00,0.00,0.00,0.00,0.00,0
2.92331,19,36,191,0,DRIVE [ 81 ] [ 1 ] [ 1445 1750 1896 ] [    0    0    0 ] [      0      0      0 ] [ 0 ],drive [ 80 ] [ 0 ] [ 1425 1734 1896 ] [   76   44   25 ] [  14976   7710   7007 ] [ 0 ],1.00,1.00,1.00,1.00,18.61,36.11,0.00,0.00,0.00,0.00,0.00,0.00,0.00,0.00,0.00,0.00,0.00,0.00,-0.00,-0.00,0.00,0
2.93436,18,34,194,0,DRIVE [ 81 ] [ 1 ] [ 1467 1762 1896 ] [    0    0    0 ] [      0      0      0 ] [ 0 ],drive [ 81 ] [ 0 ] [ 1445 1750 1896 ] [   76   44   25 ] [  15103   7792   7192 ] [ 0 ],1.00,1.00,1.00,1.00,18.28,34.43,0.00,0.00,0.00,0.00,0.00,0.00,0.00,0.00,0.00,0.00,0.00,0.00,-0.00,-0.00,0.00,0
2.94609,18,33,197,0,DRIVE [ 82 ] [ 1 ] [ 1490 1772 1896 ] [    0    0    0 ] [      0      0      0 ] [ 0 ],drive [ 81 ] [ 0 ] [ 1467 1762 1896 ] [   56   32   19 ] [  15103   7792   7192 ] [ 0 ],1.00,1.00,1.00,1.00,17.71,32.89,0.00,0.00,0.00,0.00,0.00,0.00,0.00,0.00,0.00,0.00,0.00,0.00,-0.00,-0.00,0.00,0
2.95797,17,31,200,0,DRIVE [ 82 ] [ 1 ] [ 1511 1780 1896 ] [    0    0    0 ] [      0      0      0 ] [ 0 ],drive [ 82 ] [ 0 ] [ 1490 1772 1896 ] [   56   32   19 ] [  15103   7792   7192 ] [ 0 ],1.00,1.00,1.00,1.00,17.12,31.48,0.00,0.00,0.00,0.00,0.00,0.00,0.00,0.00,0.00,0.00,0.00,0.00,-0.00,-0.00,0.00,0
2.97123,16,30,204,0,DRIVE [ 83 ] [ 1 ] [ 1533 1786 1896 ] [    0    0    0 ] [      0      0      0 ] [ 0 ],drive [ 82 ] [ 0 ] [ 1511 1780 1896 ] [   56   32   19 ] [  15103   7792   7192 ] [ 0 ],1.00,1.00,1.00,1.00,16.41,30.32,0.00,0.00,0.00,0.00,0.00,0.00,0.00,0.00,0.00,0.00,0.00,0.00,-0.00,-0.00,0.00,0
2.98316,16,29,207,0,DRIVE [ 83 ] [ 1 ] [ 1555 1791 1896 ] [    0    0    0 ] [      0      0      0 ] [ 0 ],drive [ 83 ] [ 0 ] [ 1533 1786 1896 ] [   56   32   19 ] [  15068   7556   7021 ] [ 0 ],1.00,1.00,1.00,1.00,15.50,29.15,0.00,0.00,0.00,0.00,0.00,0.00,0.00,0.00,0.00,0.00,0.00,0.00,-0.00,-0.00,0.00,0
2.9957,14,28,210,0,DRIVE [ 84 ] [ 1 ] [ 1579 1795 1896 ] [    0    0    0 ] [      0      0      0 ] [ 0 ],drive [ 83 ] [ 0 ] [ 1555 1791 1896 ] [   56   37    9 ] [  15068   7556   7021 ] [ 0 ],1.00,1.00,1.00,1.00,14.42,27.97,0.00,0.00,0.00,0.00,0.00,0.00,0.00,0.00,0.00,0.00,0.00,0.00,-0.00,-0.00,0.00,0
3.00738,13,27,213,0,DRIVE [ 84 ] [ 1 ] [ 1601 1798 1896 ] [    0    0    0 ] [      0      0      0 ] [ 0 ],drive [ 84 ] [ 0 ] [ 1579 1795 1896 ] [   56   37    9 ] [  15068   7556   7021 ] [ 0 ],1.00,1.00,1.00,1.00,13.30,26.97,0.00,0.00,0.00,0.00,0.00,0.00,0.00,0.00,0.00,0.00,0.00,0.00,-0.00,-0.00,0.00,0
3.01857,12,26,216,0,DRIVE [ 85 ] [ 1 ] [ 1622 1799 1896 ] [    0    0    0 ] [      0      0      0 ] [ 0 ],drive [ 84 ] [ 0 ] [ 1601 1798 1896 ] [   56   37    9 ] [  15068   7556   7021 ] [ 0 ],1.00,1.00,1.00,1.00,12.18,26.22,0.00,0.00,0.00,0.00,0.00,0.00,0.00,0.00,0.00,0.00,0.00,0.00,-0.00,-0.00,0.00,0
3.03036,11,25,219,0,DRIVE [ 85 ] [ 1 ] [ 1640 1800 1896 ] [    0    0    0 ] [      0      0      0 ] [ 0 ],drive [ 85 ] [ 0 ] [ 1622 1799 1896 ] [   56   37    9 ] [  14977   7541   7021 ] [ 0 ],1.00,1.00,1.00,1.00,11.18,25.46,0.00,0.00,0.00,0.00,0.00,0.00,0.00,0.00,0.00,0.00,0.00,0.00,-0.00,-0.00,0.00,0
3.04212,10,25,222,0,DRIVE [ 86 ] [ 1 ] [ 1656 1801 1896 ] [    0    0    0 ] [      0      0      0 ] [ 0 ],drive [ 85 ] [ 0 ] [ 1640 1800 1896 ] [   56   37    9 ] [  14977   7541   7021 ] [ 0 ],1.00,1.00,1.00,1.00,10.33,24.73,0.00,0.00,0.00,0.00,0.00,0.00,0.00,0.00,0.00,0.00,0.00,0.00,-0.00,-0.00,0.00,0
3.05416,10,24,224,0,DRIVE [ 86 ] [ 1 ] [ 1670 1803 1896 ] [    0    0    0 ] [      0      0      0 ] [ 0 ],drive [ 86 ] [ 0 ] [ 1656 1801 1896 ] [   43   36    9 ] [  14977   7541   7021 ] [ 0 ],1.00,1.00,1.00,1.00,9.60,24.17,0.00,0.00,0.00,0.00,0.00,0.00,0.00,0.00,0.00,0.00,0.00,0.00,-0.00,-0.00,0.00,0
3.06533,9,24,228,0,DRIVE [ 87 ] [ 1 ] [ 1680 1805 1896 ] [    0    0    0 ] [      0      0      0 ] [ 0 ],drive [ 86 ] [ 0 ] [ 1670 1803 1896 ] [   43   36    9 ] [  14977   7541   7021 ] [ 0 ],1.00,1.00,1.00,1.00,9.14,23.69,0.00,0.00,0.00,0.00,0.00,0.00,0.00,0.00,0.00,0.00,0.00,0.00,-0.00,-0.00,0.00,0
3.07702,9,23,230,0,DRIVE [ 87 ] [ 1 ] [ 1688 1807 1896 ] [    0    0    0 ] [      0      0      0 ] [ 0 ],drive [ 87 ] [ 0 ] [ 1680 1805 1896 ] [   43   36    9 ] [  14977   7541   7021 ] [ 0 ],1.00,1.00,1.00,1.00,8.80,23.29,0.00,0.00,0.00,0.00,0.00,0.00,0.00,0.00,0.00,0.00,0.00,0.00,-0.00,-0.00,0.00,0
3.08835,9,23,233,0,DRIVE [ 88 ] [ 1 ] [ 1694 1809 1896 ] [    0    0    0 ] [      0      0      0 ] [ 0 ],drive [ 87 ] [ 0 ] [ 1688 1807 1896 ] [   43   36    9 ] [  14860   7541   7022 ] [ 0 ],1.00,1.00,1.00,1.00,8.62,22.95,0.00,0.00,0.00,0.00,0.00,0.00,0.00,0.00,0.00,0.00,0.00,0.00,-0.00,-0.00,0.00,0
3.1003,9,23,236,0,DRIVE [ 88 ] [ 1 ] [ 1699 1812 1896 ] [    0    0    0 ] [      0      0      0 ] [ 0 ],drive [ 88 ] [ 0 ] [ 1694 1809 1896 ] [   38   35    7 ] [  14860   7541   7022 ] [ 0 ],1.00,1.00,1.00,1.00,8.56,22.70,0.00,0.00,0.00,0.00,0.00,0.00,0.00,0.00,0.00,0.00,0.00,0.00,-0.00,-0.00,0.00,0
3.1119,9,23,240,0,DRIVE [ 89 ] [ 1 ] [ 1702 1814 1896 ] [    0    0    0 ] [      0      0      0 ] [ 0 ],drive [ 88 ] [ 0 ] [ 1699 1812 1896 ] [   38   35    7 ] [  14860   7541   7022 ] [ 0 ],1.00,1.00,1.00,1.00,8.62,22.59,0.00,0.00,0.00,0.00,0.00,0.00,0.00,0.00,0.00,0.00,0.00,0.00,-0.00,-0.00,0.00,0
3.1235,9,23,244,0,DRIVE [ 89 ] [ 1 ] [ 1701 1817 1896 ] [    0    0    0 ] [      0      0      0 ] [ 0 ],drive [ 89 ] [ 0 ] [ 1702 1814 1896 ] [   38   35    7 ] [  14860   7541   7022 ] [ 0 ],1.00,1.00,1.00,1.00,9.09,22.62,0.00,0.00,0.00,0.00,0.00,0.00,0.00,0.00,0.00,0.00,0.00,0.00,-0.00,-0.00,0.00,0
3.13437,10,23,248,0,DRIVE [ 90 ] [ 1 ] [ 1701 1821 1896 ] [    0    0    0 ] [      0      0      0 ] [ 0 ],drive [ 89 ] [ 0 ] [ 1701 1817 1896 ] [   38   35    7 ] [  14737   7541   7027 ] [ 0 ],1.00,1.00,1.00,1.00,9.58,22.55,0.00,0.00,0.00,0.00,0.00,0.00,0.00,0.00,0.00,0.00,0.00,0.00,-0.00,-0.00,0.00,0
3.14612,10,22,252,0,DRIVE [ 90 ] [ 1 ] [ 1700 1825 1896 ] [    0    0    0 ] [      0      0      0 ] [ 0 ],drive [ 90 ] [ 0 ] [ 1701 1821 1896 ] [   25   34    6 ] [  14737   7541   7027 ] [ 0 ],1.00,1.00,1.00,1.00,10.10,22.45,0.00,0.00,0.00,0.00,0.00,0.00,0.00,0.00,0.00,0.00,0.00,0.00,-0.00,-0.00,0.00,0
3.15779,11,22,255,0,DRIVE [ 91 ] [ 1 ] [ 1698 1829 1896 ] [    0    0    0 ] [      0      0      0 ] [ 0 ],drive [ 90 ] [ 0 ] [ 1700 1825 1896 ] [   25   34    6 ] [  14737   7541   7027 ] [ 0 ],1.00,1.00,1.00,1.00,10.64,22.31,0.00,0.00,0.00,0.00,0.00,0.00,0.00,0.00,0.00,0.00,0.00,0.00,-0.00,-0.00,0.00,0
3.16892,11,22,259,0,DRIVE [ 91 ] [ 1 ] [ 1697 1833 1896 ] [    0    0    0 ] [      0      0      0 ] [ 0 ],drive [ 91 ] [ 0 ] [ 1698 1829 1896 ] [   25   34    6 ] [  14737   7541   7027 ] [ 0 ],1.00,1.00,1.00,1.00,11.16,22.17,0.00,0.00,0.00,0.00,0.00,0.00,0.00,0.00,0.00,0.00,0.00,0.00,-0.00,-0.00,0.00,0
3.18065,12,22,262,0,DRIVE [ 92 ] [ 1 ] [ 1695 1837 1896 ] [    0    0    0 ] [      0      0      0 ] [ 0 ],drive [ 91 ] [ 0 ] [ 1697 1833 1896 ] [   25   34    6 ] [  14733   7541   7027 ] [ 0 ],1.00,1.00,1.00,1.00,11.69,22.06,0.00,0.00,0.00,0.00,0.00,0.00,0.00,0.00,0.00,0.00,0.00,0.00,-0.00,-0.00,0.00,0
3.19238,12,22,265,0,DRIVE [ 92 ] [ 1 ] [ 1693 1840 1896 ] [    0    0    0 ] [      0      0      0 ] [ 0 ],drive [ 92 ] [ 0 ] [ 1695 1837 1896 ] [   25   34    6 ] [  14733   7541   7027 ] [ 0 ],1.00,1.00,1.00,1.00,12.20,21.95,0.00,0.00,0.00,0.00,0.00,0.00,0.00,0.00,0.00,0.00,0.00,0.00,-0.00,-0.00,0.00,0
3.2045,13,22,268,0,DRIVE [ 93 ] [ 1 ] [ 1692 1843 1896 ] [    0    0    0 ] [      0      0      0 ] [ 0 ],drive [ 92 ] [ 0 ] [ 1693 1840 1896 ] [   24   32    6 ] [  14733   7541   7027 ] [ 0 ],1.00,1.00,1.00,1.00,12.67,21.85,0.00,0.00,0.00,0.00,0.00,0.00,0.00,0.00,0.00,0.00,0.00,0.00,-0.00,-0.00,0.00,0
3.21544,13,22,271,0,DRIVE [ 93 ] [ 1 ] [ 1692 1846 1896 ] [    0    0    0 ] [      0      0      0 ] [ 0 ],drive [ 93 ] [ 0 ] [ 1692 1843 1896 ] [   24   32    6 ] [  14733   7541   7027 ] [ 0 ],1.00,1.00,1.00,1.00,13.05,21.70,0.00,0.00,0.00,0.00,0.00,0.00,0.00,0.00,0.00,0.00,0.00,0.00,-0.00,-0.00,0.00,0
3.22711,13,22,274,0,DRIVE [ 94 ] [ 1 ] [ 1692 1848 1896 ] [    0    0    0 ] [      0      0      0 ] [ 0 ],drive [ 93 ] [ 0 ] [ 1692 1846 1896 ] [   24   32    6 ] [  14733   7541   7027 ] [ 0 ],1.00,1.00,1.00,1.00,13.31,21.54,0.00,0.00,0.00,0.00,0.00,0.00,0.00,0.00,0.00,0.00,0.00,0.00,-0.00,-0.00,0.00,0
3.23878,14,21,276,0,DRIVE [ 94 ] [ 1 ] [ 1693 1850 1896 ] [    0    0    0 ] [      0      0      0 ] [ 0 ],drive [ 94 ] [ 0 ] [ 1692 1848 1896 ] [   24   32    6 ] [  14734   7540   7027 ] [ 0 ],1.00,1.00,1.00,1.00,13.52,21.33,0.00,0.00,0.00,0.00,0.00,0.00,0.00,0.00,0.00,0.00,0.00,0.00,-0.00,-0.00,0.00,0
3.24992,14,21,277,0,DRIVE [ 95 ] [ 1 ] [ 1694 1852 1896 ] [    0    0    0 ] [      0      0      0 ] [ 0 ],drive [ 94 ] [ 0 ] [ 1693 1850 1896 ] [   27   32    6 ] [  14734   7540   7027 ] [ 0 ],1.00,1.00,1.00,1.00,13.65,21.11,0.00,0.00,0.00,0.00,0.00,0.00,0.00,0.00,0.00,0.00,0.00,0.00,-0.00,-0.00,0.00,0
3.26179,14,21,280,0,DRIVE [ 95 ] [ 1 ] [ 1693 1854 1896 ] [    0    0    0 ] [      0      0      0 ] [ 0 ],drive [ 95 ] [ 0 ] [ 1694 1852 1896 ] [   27   32    6 ] [  14734   7540   7027 ] [ 0 ],1.00,1.00,1.00,1.00,13.94,21.08,0.00,0.00,0.00,0.00,0.00,0.00,0.00,0.00,0.00,0.00,0.00,0.00,-0.00,-0.00,0.00,0
3.27358,14,21,282,0,DRIVE [ 96 ] [ 1 ] [ 1692 1855 1896 ] [    0    0    0 ] [      0      0      0 ] [ 0 ],drive [ 95 ] [ 0 ] [ 1693 1854 1896 ] [   27   32    6 ] [  14734   7540   7027 ] [ 0 ],1.00,1.00,1.00,1.00,14.25,21.05,0.00,0.00,0.00,0.00,0.00,0.00,0.00,0.00,0.00,0.00,0.00,0.00,-0.00,-0.00,0.00,0
3.28491,15,21,284,0,DRIVE [ 96 ] [ 1 ] [ 1690 1857 1896 ] [    0    0    0 ] [      0      0      0 ] [ 0 ],drive [ 96 ] [ 0 ] [ 1692 1855 1896 ] [   27   32    6 ] [  14733   7536   7030 ] [ 0 ],1.00,1.00,1.00,1.00,14.66,21.02,0.00,0.00,0.00,0.00,0.00,0.00,0.00,0.00,0.00,0.00,0.00,0.00,-0.00,-0.00,0.00,0
3.29676,15,21,287,0,DRIVE [ 97 ] [ 1 ] [ 1687 1859 1896 ] [    0    0    0 ] [      0      0      0 ] [ 0 ],drive [ 96 ] [ 0 ] [ 1690 1857 1896 ] [   26   31    5 ] [  14733   7536   7030 ] [ 0 ],1.00,1.00,1.00,1.00,15.09,21.04,0.00,0.00,0.00,0.00,0.00,0.00,0.00,0.00,0.00,0.00,0.00,0.00,-0.00,-0.00,0.00,0
3.30974,15,21,288,0,DRIVE [ 97 ] [ 1 ] [ 1685 1860 1896 ] [    0    0    0 ] [      0      0      0 ] [ 0 ],drive [ 97 ] [ 0 ] [ 1687 1859 1896 ] [   26   31    5 ] [  14733   7536   7030 ] [ 0 ],1.00,1.00,1.00,1.00,15.49,21.05,0.00,0.00,0.00,0.00,0.00,0.00,0.00,0.00,0.00,0.00,0.00,0.00,-0.00,-0.00,0.00,0
3.32166,16,21,290,0,DRIVE [ 98 ] [ 1 ] [ 1683 1862 1896 ] [    0    0    0 ] [      0      0      0 ] [ 0 ],drive [ 97 ] [ 0 ] [ 1685 1860 1896 ] [   26   31    5 ] [  14733   7536   7030 ] [ 0 ],1.00,1.00,1.00,1.00,15.90,21.04,0.00,0.00,0.00,0.00,0.00,0.00,0.00,0.00,0.00,0.00,0.00,0.00,-0.00,-0.00,0.00,0
3.33316,16,21,291,0,DRIVE [ 98 ] [ 1 ] [ 1680 1864 1896 ] [    0    0    0 ] [      0      0      0 ] [ 0 ],drive [ 98 ] [ 0 ] [ 1683 1862 1896 ] [   26   31    5 ] [  14734   7528   7034 ] [ 0 ],1.00,1.00,1.00,1.00,16.29,20.95,0.00,0.00,0.00,0.00,0.00,0.00,0.00,0.00,0.00,0.00,0.00,0.00,-0.00,-0.00,0.00,0
3.34495,17,21,293,0,DRIVE [ 99 ] [ 1 ] [ 1678 1865 1896 ] [    0    0    0 ] [      0      0      0 ] [ 0 ],drive [ 98 ] [ 0 ] [ 1680 1864 1896 ] [   28   29    4 ] [  14734   7528   7034 ] [ 0 ],1.00,1.00,1.00,1.00,16.67,20.96,0.00,0.00,0.00,0.00,0.00,0.00,0.00,0.00,0.00,0.00,0.00,0.00,-0.00,-0.00,0.00,0
3.35649,17,21,295,0,DRIVE [ 99 ] [ 1 ] [ 1676 1866 1896 ] [    0    0    0 ] [      0      0      0 ] [ 0 ],drive [ 99 ] [ 0 ] [ 1678 1865 1896 ] [   28   29    4 ] [  14734   7528   7034 ] [ 0 ],1.00,1.00,1.00,1.00,16.98,21.02,0.00,0.00,0.00,0.00,0.00,0.00,0.00,0.00,0.00,0.00,0.00,0.00,-0.00,-0.00,0.00,0
3.36841,17,21,296,0,DRIVE [ 00 ] [ 1 ] [ 1676 1867 1896 ] [    0    0    0 ] [      0      0      0 ] [ 0 ],drive [ 99 ] [ 0 ] [ 1676 1866 1896 ] [   28   29    4 ] [  14734   7528   7034 ] [ 0 ],1.00,1.00,1.00,1.00,17.17,21.01,0.00,0.00,0.00,0.00,0.00,0.00,0.00,0.00,0.00,0.00,0.00,0.00,-0.00,-0.00,0.00,0
3.38034,17,21,297,0,DRIVE [ 00 ] [ 1 ] [ 1676 1867 1896 ] [    0    0    0 ] [      0      0      0 ] [ 0 ],drive [ 00 ] [ 0 ] [ 1676 1867 1896 ] [   28   29    4 ] [  14735   7528   7035 ] [ 0 ],1.00,1.00,1.00,1.00,17.23,20.94,0.00,0.00,0.00,0.00,0.00,0.00,0.00,0.00,0.00,0.00,0.00,0.00,-0.00,-0.00,0.00,0
3.39232,17,21,298,0,DRIVE [ 01 ] [ 1 ] [ 1677 1868 1896 ] [    0    0    0 ] [      0      0      0 ] [ 0 ],drive [ 00 ] [ 0 ] [ 1676 1867 1896 ] [   28   29    4 ] [  14735   7528   7035 ] [ 0 ],1.00,1.00,1.00,1.00,17.26,20.85,0.00,0.00,0.00,0.00,0.00,0.00,0.00,0.00,0.00,0.00,0.00,0.00,-0.00,-0.00,0.00,0
3.40432,17,21,299,0,DRIVE [ 01 ] [ 1 ] [ 1678 1869 1896 ] [    0    0    0 ] [      0      0      0 ] [ 0 ],drive [ 01 ] [ 0 ] [ 1677 1868 1896 ] [   28   29    3 ] [  14735   7528   7035 ] [ 0 ],1.00,1.00,1.00,1.00,17.25,20.77,0.00,0.00,0.00,0.00,0.00,0.00,0.00,0.00,0.00,0.00,0.00,0.00,-0.00,-0.00,0.00,0
3.41533,17,21,299,0,DRIVE [ 02 ] [ 1 ] [ 1679 1869 1896 ] [    0    0    0 ] [      0      0      0 ] [ 0 ],drive [ 01 ] [ 0 ] [ 1678 1869 1896 ] [   28   29    3 ] [  14735   7528   7035 ] [ 0 ],1.00,1.00,1.00,1.00,17.23,20.57,0.00,0.00,0.00,0.00,0.00,0.00,0.00,0.00,0.00,0.00,0.00,0.00,-0.00,-0.00,0.00,0
3.42734,17,20,300,0,DRIVE [ 02 ] [ 1 ] [ 1680 1870 1896 ] [    0    0    0 ] [      0      0      0 ] [ 0 ],drive [ 02 ] [ 0 ] [ 1679 1869 1896 ] [   28   29    3 ] [  14735   7528   7035 ] [ 0 ],1.00,1.00,1.00,1.00,17.23,20.47,0.00,0.00,0.00,0.00,0.00,0.00,0.00,0.00,0.00,0.00,0.00,0.00,-0.00,-0.00,0.00,0
3.43912,17,20,301,0,DRIVE [ 03 ] [ 1 ] [ 1681 1870 1896 ] [    0    0    0 ] [      0      0      0 ] [ 0 ],drive [ 02 ] [ 0 ] [ 1680 1870 1896 ] [   28   29    3 ] [  14735   7508   7035 ] [ 0 ],1.00,1.00,1.00,1.00,17.26,20.41,0.00,0.00,0.00,0.00,0.00,0.00,0.00,0.00,0.00,0.00,0.00,0.00,-0.00,-0.00,0.00,0
3.45033,17,20,302,0,DRIVE [ 03 ] [ 1 ] [ 1681 1871 1896 ] [    0    0    0 ] [      0      0      0 ] [ 0 ],drive [ 03 ] [ 0 ] [ 1681 1870 1896 ] [   26    6    4 ] [  14735   7508   7035 ] [ 0 ],1.00,1.00,1.00,1.00,17.32,20.24,0.00,0.00,0.00,0.00,0.00,0.00,0.00,0.00,0.00,0.00,0.00,0.00,-0.00,-0.00,0.00,0
3.46223,17,20,303,0,DRIVE [ 04 ] [ 1 ] [ 1681 1872 1896 ] [    0    0    0 ] [      0      0      0 ] [ 0 ],drive [ 03 ] [ 0 ] [ 1681 1871 1896 ] [   26    6    4 ] [  14735   7508   7035 ] [ 0 ],1.00,1.00,1.00,1.00,17.37,20.14,0.00,0.00,0.00,0.00,0.00,0.00,0.00,0.00,0.00,0.00,0.00,0.00,-0.00,-0.00,0.00,0
3.47399,17,20,304,0,DRIVE [ 04 ] [ 1 ] [ 1683 1872 1896 ] [    0    0    0 ] [      0      0      0 ] [ 0 ],drive [ 04 ] [ 0 ] [ 1681 1872 1896 ] [   26    6    4 ] [  14735   7508   7035 ] [ 0 ],1.00,1.00,1.00,1.00,17.35,20.06,0.00,0.00,0.00,0.00,0.00,0.00,0.00,0.00,0.00,0.00,0.00,0.00,-0.00,-0.00,0.00,0
3.48539,17,20,304,0,DRIVE [ 05 ] [ 1 ] [ 1684 1873 1896 ] [    0    0    0 ] [      0      0      0 ] [ 0 ],drive [ 04 ] [ 0 ] [ 1683 1872 1896 ] [   26    6    4 ] [  14735   7472   7036 ] [ 0 ],1.00,1.00,1.00,1.00,17.30,19.90,0.00,0.00,0.00,0.00,0.00,0.00,0.00,0.00,0.00,0.00,0.00,0.00,-0.00,-0.00,0.00,0
3.49733,17,20,304,0,DRIVE [ 05 ] [ 1 ] [ 1685 1874 1896 ] [    0    0    0 ] [      0      0      0 ] [ 0 ],drive [ 05 ] [ 0 ] [ 1684 1873 1896 ] [   26    4    3 ] [  14735   7472   7036 ] [ 0 ],1.00,1.00,1.00,1.00,17.26,19.63,0.00,0.00,0.00,0.00,0.00,0.00,0.00,0.00,0.00,0.00,0.00,0.00,-0.00,-0.00,0.00,0
3.50925,17,19,305,0,DRIVE [ 06 ] [ 1 ] [ 1686 1875 1896 ] [    0    0    0 ] [      0      0      0 ] [ 0 ],drive [ 05 ] [ 0 ] [ 1685 1874 1896 ] [   26    4    3 ] [  14735   7472   7036 ] [ 0 ],1.00,1.00,1.00,1.00,17.24,19.38,0.00,0.00,0.00,0.00,0.00,0.00,0.00,0.00,0.00,0.00,0.00,0.00,-0.00,-0.00,0.00,0
3.52128,17,19,305,0,DRIVE [ 06 ] [ 1 ] [ 1688 1876 1896 ] [    0    0    0 ] [      0      0      0 ] [ 0 ],drive [ 06 ] [ 0 ] [ 1686 1875 1896 ] [   26    4    3 ] [  14735   7472   7036 ] [ 0 ],1.00,1.00,1.00,1.00,17.21,19.07,0.00,0.00,0.00,0.00,0.00,0.00,0.00,0.00,0.00,0.00,0.00,0.00,-0.00,-0.00,0.00,0
3.53256,17,19,306,0,DRIVE [ 07 ] [ 1 ] [ 1689 1877 1896 ] [    0    0    0 ] [      0      0      0 ] [ 0 ],drive [ 06 ] [ 0 ] [ 1688 1876 1896 ] [   26    4    3 ] [  14734   7471   7036 ] [ 0 ],1.00,1.00,1.00,1.00,17.20,18.87,0.00,0.00,0.00,0.00,0.00,0.00,0.00,0.00,0.00,0.00,0.00,0.00,-0.00,-0.00,0.00,0
3.54445,17,19,306,0,DRIVE [ 07 ] [ 1 ] [ 1690 1878 1896 ] [    0    0    0 ] [      0      0      0 ] [ 0 ],drive [ 07 ] [ 0 ] [ 1689 1877 1896 ] [   26    5    2 ] [  14734   7471   7036 ] [ 0 ],1.00,1.00,1.00,1.00,17.20,18.60,0.00,0.00,0.00,0.00,0.00,0.00,0.00,0.00,0.00,0.00,0.00,0.00,-0.00,-0.00,0.00,0
3.55748,17,18,305,0,DRIVE [ 08 ] [ 1 ] [ 1690 1879 1896 ] [    0    0    0 ] [      0      0      0 ] [ 0 ],drive [ 07 ] [ 0 ] [ 1690 1878 1896 ] [   26    5    2 ] [  14734   7471   7036 ] [ 0 ],1.00,1.00,1.00,1.00,17.15,18.39,0.00,0.00,0.00,0.00,0.00,0.00,0.00,0.00,0.00,0.00,0.00,0.00,-0.00,-0.00,0.00,0
3.56929,17,18,305,0,DRIVE [ 08 ] [ 1 ] [ 1691 1880 1896 ] [    0    0    0 ] [      0      0      0 ] [ 0 ],drive [ 08 ] [ 0 ] [ 1690 1879 1896 ] [   26    5    2 ] [  14734   7471   7036 ] [ 0 ],1.00,1.00,1.00,1.00,17.18,18.25,0.00,0.00,0.00,0.00,0.00,0.00,0.00,0.00,0.00,0.00,0.00,0.00,-0.00,-0.00,0.00,0
3.58102,17,18,305,0,DRIVE [ 09 ] [ 1 ] [ 1691 1881 1896 ] [    0    0    0 ] [      0      0      0 ] [ 0 ],drive [ 08 ] [ 0 ] [ 1691 1880 1896 ] [   26    5    2 ] [  14735   7471   7036 ] [ 0 ],1.00,1.00,1.00,1.00,17.20,18.01,0.00,0.00,0.00,0.00,0.00,0.00,0.00,0.00,0.00,0.00,0.00,0.00,-0.00,-0.00,0.00,0
3.59264,17,18,304,0,DRIVE [ 09 ] [ 1 ] [ 1691 1881 1896 ] [    0    0    0 ] [      0      0      0 ] [ 0 ],drive [ 09 ] [ 0 ] [ 1691 1881 1896 ] [   26    5    2 ] [  14735   7471   7036 ] [ 0 ],1.00,1.00,1.00,1.00,17.21,17.83,0.00,0.00,0.00,0.00,0.00,0.00,0.00,0.00,0.00,0.00,0.00,0.00,-0.00,-0.00,0.00,0
3.60428,17,18,304,0,DRIVE [ 10 ] [ 1 ] [ 1690 1882 1896 ] [    0    0    0 ] [      0      0      0 ] [ 0 ],drive [ 09 ] [ 0 ] [ 1691 1881 1896 ] [   25    4    3 ] [  14735   7471   7036 ] [ 0 ],1.00,1.00,1.00,1.00,17.25,17.72,0.00,0.00,0.00,0.00,0.00,0.00,0.00,0.00,0.00,0.00,0.00,0.00,-0.00,-0.00,0.00,0
3.61539,17,18,303,0,DRIVE [ 10 ] [ 1 ] [ 1689 1882 1896 ] [    0    0    0 ] [      0      0      0 ] [ 0 ],drive [ 10 ] [ 0 ] [ 1690 1882 1896 ] [   25    4    3 ] [  14735   7471   7036 ] [ 0 ],1.00,1.00,1.00,1.00,17.34,17.68,0.00,0.00,0.00,0.00,0.00,0.00,0.00,0.00,0.00,0.00,0.00,0.00,-0.00,-0.00,0.00,0
3.62736,18,18,303,0,DRIVE [ 11 ] [ 1 ] [ 1687 1883 1896 ] [    0    0    0 ] [      0      0      0 ] [ 0 ],drive [ 10 ] [ 0 ] [ 1689 1882 1896 ] [   25    4    3 ] [  14735   7471   7036 ] [ 0 ],1.00,1.00,1.00,1.00,17.56,17.71,0.00,0.00,0.00,0.00,0.00,0.00,0.00,0.00,0.00,0.00,0.00,0.00,-0.00,-0.00,0.00,0
3.63919,18,18,303,0,DRIVE [ 11 ] [ 1 ] [ 1686 1883 1896 ] [    0    0    0 ] [      0      0      0 ] [ 0 ],drive [ 11 ] [ 0 ] [ 1687 1883 1896 ] [   25    4    3 ] [  14734   7471   7042 ] [ 0 ],1.00,1.00,1.00,1.00,17.69,17.78,0.00,0.00,0.00,0.00,0.00,0.00,0.00,0.00,0.00,0.00,0.00,0.00,-0.00,-0.00,0.00,0
3.65029,18,18,303,0,DRIVE [ 12 ] [ 1 ] [ 1684 1883 1896 ] [    0    0    0 ] [      0      0      0 ] [ 0 ],drive [ 11 ] [ 0 ] [ 1686 1883 1896 ] [   26    4    7 ] [  14734   7471   7042 ] [ 0 ],1.00,1.00,1.00,1.00,17.87,17.87,0.00,0.00,0.00,0.00,0.00,0.00,0.00,0.00,0.00,0.00,0.00,0.00,-0.00,-0.00,0.00,0
3.66229,18,18,303,0,DRIVE [ 12 ] [ 1 ] [ 1682 1883 1896 ] [    0    0    0 ] [      0      0      0 ] [ 0 ],drive [ 12 ] [ 0 ] [ 1684 1883 1896 ] [   26    4    7 ] [  14734   7471   7042 ] [ 0 ],1.00,1.00,1.00,1.00,17.96,17.91,0.00,0.00,0.00,0.00,0.00,0.00,0.00,0.00,0.00,0.00,0.00,0.00,-0.00,-0.00,0.00,0
3.674,18,18,302,0,DRIVE [ 13 ] [ 1 ] [ 1681 1882 1896 ] [    0    0    0 ] [      0      0      0 ] [ 0 ],drive [ 12 ] [ 0 ] [ 1682 1883 1896 ] [   26    4    7 ] [  14734   7471   7042 ] [ 0 ],1.00,1.00,1.00,1.00,17.96,18.11,0.00,0.00,0.00,0.00,0.00,0.00,0.00,0.00,0.00,0.00,0.00,0.00,-0.00,-0.00,0.00,0
3.68556,18,18,302,0,DRIVE [ 13 ] [ 1 ] [ 1680 1881 1896 ] [    0    0    0 ] [      0      0      0 ] [ 0 ],drive [ 13 ] [ 0 ] [ 1681 1882 1896 ] [   26    4    7 ] [  14735   7470   7064 ] [ 0 ],1.00,1.00,1.00,1.00,17.95,18.44,0.00,0.00,0.00,0.00,0.00,0.00,0.00,0.00,0.00,0.00,0.00,0.00,-0.00,-0.00,0.00,0
3.69756,18,19,301,0,DRIVE [ 14 ] [ 1 ] [ 1679 1879 1896 ] [    0    0    0 ] [      0      0      0 ] [ 0 ],drive [ 13 ] [ 0 ] [ 1680 1881 1896 ] [   26    4   17 ] [  14735   7470   7064 ] [ 0 ],1.00,1.00,1.00,1.00,17.95,18.82,0.00,0.00,0.00,0.00,0.00,0.00,0.00,0.00,0.00,0.00,0.00,0.00,0.00,0.00,0.00,0
3.70933,18,19,301,0,DRIVE [ 14 ] [ 1 ] [ 1678 1878 1896 ] [    0    0    0 ] [      0      0      0 ] [ 0 ],drive [ 14 ] [ 0 ] [ 1679 1879 1896 ] [   26    4   17 ] [  14735   7470   7064 ] [ 0 ],1.00,1.00,1.00,1.00,17.92,19.08,0.00,0.00,0.00,0.00,0.00,0.00,0.00,0.00,0.00,0.00,0.00,0.00,0.00,0.00,0.00,0
3.72107,18,19,300,0,DRIVE [ 15 ] [ 1 ] [ 1677 1877 1896 ] [    0    0    0 ] [      0      0      0 ] [ 0 ],drive [ 14 ] [ 0 ] [ 1678 1878 1896 ] [   26    4   17 ] [  14735   7470   7064 ] [ 0 ],1.00,1.00,1.00,1.00,17.87,19.26,0.00,0.00,0.00,0.00,0.00,0.00,0.00,0.00,0.00,0.00,0.00,0.00,0.00,0.00,0.00,0
3.73246,18,20,300,0,DRIVE [ 15 ] [ 1 ] [ 1677 1876 1896 ] [    0    0    0 ] [      0      0      0 ] [ 0 ],drive [ 15 ] [ 0 ] [ 1677 1877 1896 ] [   26    4   17 ] [  14736   7470   7064 ] [ 0 ],1.00,1.00,1.00,1.00,17.86,19.52,0.00,0.00,0.00,0.00,0.00,0.00,0.00,0.00,0.00,0.00,0.00,0.00,0.00,0.00,0.00,0
3.74437,18,20,299,0,DRIVE [ 16 ] [ 1 ] [ 1675 1875 1896 ] [    0    0    0 ] [      0      0      0 ] [ 0 ],drive [ 15 ] [ 0 ] [ 1677 1876 1896 ] [   27    5   17 ] [  14736   7470   7064 ] [ 0 ],1.00,1.00,1.00,1.00,17.86,19.67,0.00,0.00,0.00,0.00,0.00,0.00,0.00,0.00,0.00,0.00,0.00,0.00,0.00,0.00,0.00,0
3.7556,18,20,298,0,DRIVE [ 16 ] [ 1 ] [ 1673 1875 1896 ] [    0    0    0 ] [      0      0      0 ] [ 0 ],drive [ 16 ] [ 0 ] [ 1675 1875 1896 ] [   27    5   17 ] [  14736   7470   7064 ] [ 0 ],1.00,1.00,1.00,1.00,18.00,19.82,0.00,0.00,0.00,0.00,0.00,0.00,0.00,0.00,0.00,0.00,0.00,0.00,0.00,0.00,0.00,0
3.76734,18,20,297,0,DRIVE [ 17 ] [ 1 ] [ 1670 1874 1896 ] [    0    0    0 ] [      0      0      0 ] [ 0 ],drive [ 16 ] [ 0 ] [ 1673 1875 1896 ] [   27    5   17 ] [  14736   7470   7064 ] [ 0 ],1.00,1.00,1.00,1.00,18.18,20.11,0.00,0.00,0.00,0.00,0.00,0.00,0.00,0.00,0.00,0.00,0.00,0.00,0.00,0.00,0.00,0
3.77918,18,20,297,0,DRIVE [ 17 ] [ 1 ] [ 1667 1873 1896 ] [    0    0    0 ] [      0      0      0 ] [ 0 ],drive [ 17 ] [ 0 ] [ 1670 1874 1896 ] [   27    5   17 ] [  14735   7470   7064 ] [ 0 ],1.00,1.00,1.00,1.00,18.37,20.41,0.00,0.00,0.00,0.00,0.00,0.00,0.00,0.00,0.00,0.00,0.00,0.00,0.00,0.00,0.00,0
3.79104,18,21,296,0,DRIVE [ 18 ] [ 1 ] [ 1665 1872 1896 ] [    0    0    0 ] [      0      0      0 ] [ 0 ],drive [ 17 ] [ 0 ] [ 1667 1873 1896 ] [   27    5   17 ] [  14735   7470   7064 ] [ 0 ],1.00,1.00,1.00,1.00,18.38,20.69,0.00,0.00,0.00,0.00,0.00,0.00,0.00,0.00,0.00,0.00,0.00,0.00,0.00,0.00,0.00,0
3.80257,18,21,295,0,DRIVE [ 18 ] [ 1 ] [ 1662 1871 1896 ] [    0    0    0 ] [      0      0      0 ] [ 0 ],drive [ 18 ] [ 0 ] [ 1665 1872 1896 ] [   27    5   17 ] [  14735   7470   7064 ] [ 0 ],1.00,1.00,1.00,1.00,18.47,20.93,0.00,0.00,0.00,0.00,0.00,0.00,0.00,0.00,0.00,0.00,0.00,0.00,0.00,0.00,0.00,0
3.81462,19,21,293,0,DRIVE [ 19 ] [ 1 ] [ 1660 1870 1896 ] [    0    0    0 ] [      0      0      0 ] [ 0 ],drive [ 18 ] [ 0 ] [ 1662 1871 1896 ] [   27    5   17 ] [  14735   7470   7064 ] [ 0 ],1.00,1.00,1.00,1.00,18.51,21.18,0.00,0.00,0.00,0.00,0.00,0.00,0.00,0.00,0.00,0.00,0.00,0.00,0.00,0.00,0.00,0
3.82641,19,21,293,0,DRIVE [ 19 ] [ 1 ] [ 1658 1869 1896 ] [    0    0    0 ] [      0      0      0 ] [ 0 ],drive [ 19 ] [ 0 ] [ 1660 1870 1896 ] [   27    5   17 ] [  14735   7470   7064 ] [ 0 ],1.00,1.00,1.00,1.00,18.59,21.45,0.00,0.00,0.00,0.00,0.00,0.00,0.00,0.00,0.00,0.00,0.00,0.00,0.00,0.00,0.00,0
3.83843,19,22,292,0,DRIVE [ 20 ] [ 1 ] [ 1656 1868 1896 ] [    0    0    0 ] [      0      0      0 ] [ 0 ],drive [ 19 ] [ 0 ] [ 1658 1869 1896 ] [   27    5   17 ] [  14737   7470   7065 ] [ 0 ],1.00,1.00,1.00,1.00,18.63,21.67,0.00,0.00,0.00,0.00,0.00,0.00,0.00,0.00,0.00,0.00,0.00,0.00,0.00,0.00,0.00,0
3.84978,19,22,292,0,DRIVE [ 20 ] [ 1 ] [ 1655 1867 1896 ] [    0    0    0 ] [      0      0      0 ] [ 0 ],drive [ 20 ] [ 0 ] [ 1656 1868 1896 ] [   28    5   17 ] [  14737   7470   7065 ] [ 0 ],1.00,1.00,1.00,1.00,18.68,21.89,0.00,0.00,0.00,0.00,0.00,0.00,0.00,0.00,0.00,0.00,0.00,0.00,0.00,0.00,0.00,0
3.86222,19,22,291,0,DRIVE [ 21 ] [ 1 ] [ 1653 1866 1896 ] [    0    0    0 ] [      0      0      0 ] [ 0 ],drive [ 20 ] [ 0 ] [ 1655 1867 1896 ] [   28    5   17 ] [  14737   7470   7065 ] [ 0 ],1.00,1.00,1.00,1.00,18.72,22.13,0.00,0.00,0.00,0.00,0.00,0.00,0.00,0.00,0.00,0.00,0.00,0.00,0.00,0.00,0.00,0
3.87381,19,22,291,0,DRIVE [ 21 ] [ 1 ] [ 1652 1865 1896 ] [    0    0    0 ] [      0      0      0 ] [ 0 ],drive [ 21 ] [ 0 ] [ 1653 1866 1896 ] [   28    5   17 ] [  14737   7470   7065 ] [ 0 ],1.00,1.00,1.00,1.00,18.72,22.45,0.00,0.00,0.00,0.00,0.00,0.00,0.00,0.00,0.00,0.00,0.00,0.00,0.00,0.00,0.00,0
3.88536,19,23,291,0,DRIVE [ 22 ] [ 1 ] [ 1651 1863 1896 ] [    0    0    0 ] [      0      0      0 ] [ 0 ],drive [ 21 ] [ 0 ] [ 1652 1865 1896 ] [   28    5   17 ] [  14737   7470   7086 ] [ 0 ],1.00,1.00,1.00,1.00,18.66,22.81,0.00,0.00,0.00,0.00,0.00,0.00,0.00,0.00,0.00,0.00,0.00,0.00,0.00,0.00,0.00,0
3.89709,19,23,290,0,DRIVE [ 22 ] [ 1 ] [ 1651 1860 1896 ] [    0    0    0 ] [      0      0      0 ] [ 0 ],drive [ 22 ] [ 0 ] [ 1651 1863 1896 ] [   29    6   25 ] [  14737   7470   7086 ] [ 0 ],1.00,1.00,1.00,1.00,18.50,23.21,0.00,0.00,0.00,0.00,0.00,0.00,0.00,0.00,0.00,0.00,0.00,0.00,0.00,0.00,0.00,0
3.90874,18,24,289,0,DRIVE [ 23 ] [ 1 ] [ 1650 1858 1896 ] [    0    0    0 ] [      0      0      0 ] [ 0 ],drive [ 22 ] [ 0 ] [ 1651 1860 1896 ] [   29    6   25 ] [  14737   7470   7086 ] [ 0 ],1.00,1.00,1.00,1.00,18.43,23.63,0.00,0.00,0.00,0.00,0.00,0.00,0.00,0.00,0.00,0.00,0.00,0.00,0.00,0.00,0.00,0
3.92091,18,24,289,0,DRIVE [ 23 ] [ 1 ] [ 1649 1856 1896 ] [    0    0    0 ] [      0      0      0 ] [ 0 ],drive [ 23 ] [ 0 ] [ 1650 1858 1896 ] [   29    6   25 ] [  14737   7470   7086 ] [ 0 ],1.00,1.00,1.00,1.00,18.33,23.93,0.00,0.00,0.00,0.00,0.00,0.00,0.00,0.00,0.00,0.00,0.00,0.00,0.00,0.00,0.00,0
3.93205,18,24,288,0,DRIVE [ 24 ] [ 1 ] [ 1648 1854 1896 ] [    0    0    0 ] [      0      0      0 ] [ 0 ],drive [ 23 ] [ 0 ] [ 1649 1856 1896 ] [   29    6   25 ] [  14738   7470   7085 ] [ 0 ],1.00,1.00,1.00,1.00,18.22,24.27,0.00,0.00,0.00,0.00,0.00,0.00,0.00,0.00,0.00,0.00,0.00,0.00,0.00,0.00,0.00,0
3.94375,18,25,288,0,DRIVE [ 24 ] [ 1 ] [ 1647 1853 1896 ] [    0    0    0 ] [      0      0      0 ] [ 0 ],drive [ 24 ] [ 0 ] [ 1648 1854 1896 ] [   29    6   25 ] [  14738   7470   7085 ] [ 0 ],1.00,1.00,1.00,1.00,18.18,24.58,0.00,0.00,0.00,0.00,0.00,0.00,0.00,0.00,0.00,0.00,0.00,0.00,0.00,0.00,0.00,0
3.95491,18,25,288,0,DRIVE [ 25 ] [ 1 ] [ 1646 1852 1896 ] [    0    0    0 ] [      0      0      0 ] [ 0 ],drive [ 24 ] [ 0 ] [ 1647 1853 1896 ] [   27    7   26 ] [  14738   7470   7085 ] [ 0 ],1.00,1.00,1.00,1.00,18.24,24.88,0.00,0.00,0.00,0.00,0.00,0.00,0.00,0.00,0.00,0.00,0.00,0.00,0.00,0.00,0.00,0
3.96673,18,25,289,0,DRIVE [ 25 ] [ 1 ] [ 1645 1852 1896 ] [    0    0    0 ] [      0      0      0 ] [ 0 ],drive [ 25 ] [ 0 ] [ 1646 1852 1896 ] [   27    7   26 ] [  14738   7470   7085 ] [ 0 ],1.00,1.00,1.00,1.00,18.36,25.05,0.00,0.00,0.00,0.00,0.00,0.00,0.00,0.00,0.00,0.00,0.00,0.00,0.00,0.00,0.00,0
3.97909,18,25,288,0,DRIVE [ 26 ] [ 1 ] [ 1643 1851 1896 ] [    0    0    0 ] [      0      0      0 ] [ 0 ],drive [ 25 ] [ 0 ] [ 1645 1852 1896 ] [   27    7   26 ] [  14738   7470   7085 ] [ 0 ],1.00,1.00,1.00,1.00,18.37,25.06,0.00,0.00,0.00,0.00,0.00,0.00,0.00,0.00,0.00,0.00,0.00,0.00,0.00,0.00,0.00,0
3.99135,18,25,288,0,DRIVE [ 26 ] [ 1 ] [ 1642 1852 1896 ] [    0    0    0 ] [      0      0      0 ] [ 0 ],drive [ 26 ] [ 0 ] [ 1643 1851 1896 ] [   27    7   26 ] [  14740   7474   7085 ] [ 0 ],1.00,1.00,1.00,1.00,18.47,25.09,0.00,0.00,0.00,0.00,0.00,0.00,0.00,0.00,0.00,0.00,0.00,0.00,0.00,0.00,0.00,0
4.00257,19,25,288,0,DRIVE [ 27 ] [ 1 ] [ 1642 1852 1896 ] [    0    0    0 ] [      0      0      0 ] [ 0 ],drive [ 26 ] [ 0 ] [ 1642 1852 1896 ] [   27    5   26 ] [  14740   7474   7085 ] [ 0 ],1.00,1.00,1.00,1.00,18.64,25.12,0.00,0.00,0.00,0.00,0.00,0.00,0.00,0.00,0.00,0.00,0.00,0.00,0.00,0.00,0.00,0
4.01446,19,25,289,0,DRIVE [ 27 ] [ 1 ] [ 1641 1853 1896 ] [    0    0    0 ] [      0      0      0 ] [ 0 ],drive [ 27 ] [ 0 ] [ 1642 1852 1896 ] [   27    5   26 ] [  14740   7474   7085 ] [ 0 ],1.00,1.00,1.00,1.00,18.76,25.03,0.00,0.00,0.00,0.00,0.00,0.00,0.00,0.00,0.00,0.00,0.00,0.00,0.00,0.00,0.00,0
4.02637,19,25,289,0,DRIVE [ 28 ] [ 1 ] [ 1640 1854 1896 ] [    0    0    0 ] [      0      0      0 ] [ 0 ],drive [ 27 ] [ 0 ] [ 1641 1853 1896 ] [   27    5   26 ] [  14740   7474   7085 ] [ 0 ],1.00,1.00,1.00,1.00,18.90,24.96,0.00,0.00,0.00,0.00,0.00,0.00,0.00,0.00,0.00,0.00,0.00,0.00,0.00,0.00,0.00,0
4.03863,19,25,290,0,DRIVE [ 28 ] [ 1 ] [ 1641 1855 1896 ] [    0    0    0 ] [      0      0      0 ] [ 0 ],drive [ 28 ] [ 0 ] [ 1640 1854 1896 ] [   27    5   26 ] [  14742   7475   7085 ] [ 0 ],1.00,1.00,1.00,1.00,19.00,24.77,0.00,0.00,0.00,0.00,0.00,0.00,0.00,0.00,0.00,0.00,0.00,0.00,0.00,0.00,0.00,0
4.05443,19,25,290,0,DRIVE [ 29 ] [ 1 ] [ 1640 1857 1896 ] [    0    0    0 ] [      0      0      0 ] [ 0 ],drive [ 28 ] [ 0 ] [ 1641 1855 1896 ] [   28    5   24 ] [  14742   7475   7085 ] [ 0 ],1.00,1.00,1.00,1.00,19.19,24.56,0.00,0.00,0.00,0.00,0.00,0.00,0.00,0.00,0.00,0.00,0.00,0.00,0.00,0.00,0.00,0
4.06731,19,24,291,0,DRIVE [ 29 ] [ 1 ] [ 1640 1859 1896 ] [    0    0    0 ] [      0      0      0 ] [ 0 ],drive [ 29 ] [ 0 ] [ 1640 1857 1896 ] [   28    5   24 ] [  14742   7475   7085 ] [ 0 ],1.00,1.00,1.00,1.00,19.33,24.24,0.00,0.00,0.00,0.00,0.00,0.00,0.00,0.00,0.00,0.00,0.00,0.00,0.00,0.00,0.00,0
4.07902,19,24,291,0,DRIVE [ 30 ] [ 1 ] [ 1640 1861 1896 ] [    0    0    0 ] [      0      0      0 ] [ 0 ],drive [ 29 ] [ 0 ] [ 1640 1859 1896 ] [   28    5   24 ] [  14742   7475   7085 ] [ 0 ],1.00,1.00,1.00,1.00,19.48,23.84,0.00,0.00,0.00,0.00,0.00,0.00,0.00,0.00,0.00,0.00,0.00,0.00,0.00,0.00,0.00,0
4.09158,20,23,292,0,DRIVE [ 30 ] [ 1 ] [ 1642 1864 1896 ] [    0    0    0 ] [      0      0      0 ] [ 0 ],drive [ 30 ] [ 0 ] [ 1640 1861 1896 ] [   28    5   24 ] [  14742   7475   7085 ] [ 0 ],1.00,1.00,1.00,1.00,19.68,23.23,0.00,0.00,0.00,0.00,0.00,0.00,0.00,0.00,0.00,0.00,0.00,0.00,0.00,0.00,0.00,0
4.10288,20,23,293,0,DRIVE [ 31 ] [ 1 ] [ 1642 1868 1896 ] [    0    0    0 ] [      0      0      0 ] [ 0 ],drive [ 30 ] [ 0 ] [ 1642 1864 1896 ] [   27    4   25 ] [  14742   7475   7085 ] [ 0 ],1.00,1.00,1.00,1.00,19.86,22.61,0.00,0.00,0.00,0.00,0.00,0.00,0.00,0.00,0.00,0.00,0.00,0.00,0.00,0.00,0.00,0
4.11496,20,22,293,0,DRIVE [ 31 ] [ 1 ] [ 1644 1871 1896 ] [    0    0    0 ] [      0      0      0 ] [ 0 ],drive [ 31 ] [ 0 ] [ 1642 1868 1896 ] [   27    4   25 ] [  14742   7475   7085 ] [ 0 ],1.00,1.00,1.00,1.00,19.98,21.87,0.00,0.00,0.00,0.00,0.00,0.00,0.00,0.00,0.00,0.00,0.00,0.00,0.00,0.00,0.00,0
4.12683,20,21,294,0,DRIVE [ 32 ] [ 1 ] [ 1646 1875 1896 ] [    0    0    0 ] [      0      0      0 ] [ 0 ],drive [ 31 ] [ 0 ] [ 1644 1871 1896 ] [   27    4   25 ] [  14742   7475   7085 ] [ 0 ],1.00,1.00,1.00,1.00,20.06,21.19,0.00,0.00,0.00,0.00,0.00,0.00,0.00,0.00,0.00,0.00,0.00,0.00,-0.00,-0.00,0.00,0
4.13851,20,20,295,0,DRIVE [ 32 ] [ 1 ] [ 1648 1878 1896 ] [    0    0    0 ] [      0      0      0 ] [ 0 ],drive [ 32 ] [ 0 ] [ 1646 1875 1896 ] [   27    4   25 ] [  14741   7475   7101 ] [ 0 ],1.00,1.00,1.00,1.00,20.14,20.41,0.00,0.00,0.00,0.00,0.00,0.00,0.00,0.00,0.00,0.00,0.00,0.00,-0.00,-0.00,0.00,0
4.14978,20,20,296,0,DRIVE [ 33 ] [ 1 ] [ 1650 1882 1896 ] [    0    0    0 ] [      0      0      0 ] [ 0 ],drive [ 32 ] [ 0 ] [ 1648 1878 1896 ] [   27    4   15 ] [  14741   7475   7101 ] [ 0 ],1.00,1.00,1.00,1.00,20.24,19.61,0.00,0.00,0.00,0.00,0.00,0.00,0.00,0.00,0.00,0.00,0.00,0.00,-0.00,-0.00,0.00,0
4.16173,20,19,296,0,DRIVE [ 33 ] [ 1 ] [ 1651 1886 1896 ] [    0    0    0 ] [      0      0      0 ] [ 0 ],drive [ 33 ] [ 0 ] [ 1650 1882 1896 ] [   27    4   15 ] [  14741   7475   7101 ] [ 0 ],1.00,1.00,1.00,1.00,20.32,18.74,0.00,0.00,0.00,0.00,0.00,0.00,0.00,0.00,0.00,0.00,0.00,0.00,-0.00,-0.00,0.00,0
4.17377,20,18,297,0,DRIVE [ 34 ] [ 1 ] [ 1654 1890 1896 ] [    0    0    0 ] [      0      0      0 ] [ 0 ],drive [ 33 ] [ 0 ] [ 1651 1886 1896 ] [   27    4   15 ] [  14741   7475   7101 ] [ 0 ],1.00,1.00,1.00,1.00,20.25,17.87,0.00,0.00,0.00,0.00,0.00,0.00,0.00,0.00,0.00,0.00,0.00,0.00,-0.00,-0.00,0.00,0
4.18536,20,17,298,0,DRIVE [ 34 ] [ 1 ] [ 1658 1893 1896 ] [    0    0    0 ] [      0      0      0 ] [ 0 ],drive [ 34 ] [ 0 ] [ 1654 1890 1896 ] [   27    4   15 ] [  14744   7475   7130 ] [ 0 ],1.00,1.00,1.00,1.00,20.20,16.97,0.00,0.00,0.00,0.00,0.00,0.00,0.00,0.00,0.00,0.00,0.00,0.00,-0.00,-0.00,0.00,0
4.19756,20,16,298,0,DRIVE [ 35 ] [ 1 ] [ 1661 1897 1896 ] [    0    0    0 ] [      0      0      0 ] [ 0 ],drive [ 34 ] [ 0 ] [ 1658 1893 1896 ] [   25    2    7 ] [  14744   7475   7130 ] [ 0 ],1.00,1.00,1.00,1.00,20.09,15.98,0.00,0.00,0.00,0.00,0.00,0.00,0.00,0.00,0.00,0.00,0.00,0.00,-0.00,-0.00,0.00,0
4.21083,20,15,298,0,DRIVE [ 35 ] [ 1 ] [ 1663 1903 1896 ] [    0    0    0 ] [      0      0      0 ] [ 0 ],drive [ 35 ] [ 0 ] [ 1661 1897 1896 ] [   25    2    7 ] [  14744   7475   7130 ] [ 0 ],1.00,1.00,1.00,1.00,20.20,14.56,0.00,0.00,0.00,0.00,0.00,0.00,0.00,0.00,0.00,0.00,0.00,0.00,-0.00,-0.00,0.00,0
4.22246,20,13,300,0,DRIVE [ 36 ] [ 1 ] [ 1673 1903 1901 ] [    0    0    0 ] [      0      0      0 ] [ 0 ],drive [ 35 ] [ 0 ] [ 1663 1903 1896 ] [   25    2    7 ] [  14744   7475   7130 ] [ 0 ],1.00,1.00,1.00,1.00,20.38,13.18,0.00,0.00,0.00,0.00,0.00,0.00,0.00,0.00,0.00,0.00,0.00,0.00,-0.00,-0.00,0.00,0
4.23446,21,12,302,0,DRIVE [ 36 ] [ 1 ] [ 1684 1903 1896 ] [    0    0    0 ] [      0      0      0 ] [ 0 ],drive [ 36 ] [ 0 ] [ 1673 1903 1901 ] [   25    2    7 ] [  14747   7475   7130 ] [ 0 ],1.00,1.00,1.00,1.00,20.61,11.89,0.00,0.00,0.00,0.00,0.00,0.00,0.00,0.00,0.00,0.00,0.00,0.00,-0.00,-0.00,0.00,0
4.24658,21,11,304,0,DRIVE [ 37 ] [ 1 ] [ 1694 1903 1890 ] [    0    0    0 ] [      0      0      0 ] [ 0 ],drive [ 36 ] [ 0 ] [ 1684 1903 1896 ] [   24    0    6 ] [  14747   7475   7130 ] [ 0 ],1.00,1.00,1.00,1.00,21.01,10.56,0.00,0.00,0.00,0.00,0.00,0.00,0.00,0.00,0.00,0.00,0.00,0.00,-0.00,-0.00,0.00,0
4.25857,21,9,305,0,DRIVE [ 37 ] [ 1 ] [ 1703 1903 1884 ] [    0    0    0 ] [      0      0      0 ] [ 0 ],drive [ 37 ] [ 0 ] [ 1694 1903 1890 ] [   24    0    6 ] [  14747   7475   7130 ] [ 0 ],1.00,1.00,1.00,1.00,21.43,9.20,0.00,0.00,0.00,0.00,0.00,0.00,0.00,0.00,0.00,0.00,0.00,0.00,-0.00,-0.00,0.00,0
4.27109,22,8,306,0,DRIVE [ 38 ] [ 1 ] [ 1709 1903 1878 ] [    0    0    0 ] [      0      0      0 ] [ 0 ],drive [ 37 ] [ 0 ] [ 1703 1903 1884 ] [   24    0    6 ] [  14747   7475   7130 ] [ 0 ],1.00,1.00,1.00,1.00,21.99,7.85,0.00,0.00,0.00,0.00,0.00,0.00,0.00,0.00,0.00,0.00,0.00,0.00,-0.00,-0.00,0.00,0
4.28337,23,6,308,0,DRIVE [ 38 ] [ 1 ] [ 1715 1903 1871 ] [    0    0    0 ] [      0      0      0 ] [ 0 ],drive [ 38 ] [ 0 ] [ 1709 1903 1878 ] [   24    0    6 ] [  14746   7475   7131 ] [ 0 ],1.00,1.00,1.00,1.00,22.76,6.49,0.00,0.00,0.00,0.00,0.00,0.00,0.00,0.00,0.00,0.00,0.00,0.00,-0.00,-0.00,0.00,0
4.29539,24,5,309,0,DRIVE [ 39 ] [ 1 ] [ 1719 1903 1863 ] [    0    0    0 ] [      0      0      0 ] [ 0 ],drive [ 38 ] [ 0 ] [ 1715 1903 1871 ] [   21    0    7 ] [  14746   7475   7131 ] [ 0 ],1.00,1.00,1.00,1.00,23.62,5.03,0.00,0.00,0.00,0.00,0.00,0.00,0.00,0.00,0.00,0.00,0.00,0.00,0.00,0.00,0.00,0
4.30739,25,4,310,0,DRIVE [ 39 ] [ 1 ] [ 1720 1903 1855 ] [    0    0    0 ] [      0      0      0 ] [ 0 ],drive [ 39 ] [ 0 ] [ 1719 1903 1863 ] [   21    0    7 ] [  14746   7475   7131 ] [ 0 ],1.00,1.00,1.00,1.00,24.68,3.56,0.00,0.00,0.00,0.00,0.00,0.00,0.00,0.00,0.00,0.00,0.00,0.00,0.00,0.00,0.00,0
4.31893,26,2,312,0,DRIVE [ 40 ] [ 1 ] [ 1720 1903 1845 ] [    0    0    0 ] [      0      0      0 ] [ 0 ],drive [ 39 ] [ 0 ] [ 1720 1903 1855 ] [   21    0    7 ] [  14746   7475   7131 ] [ 0 ],1.00,1.00,1.00,1.00,26.01,2.02,0.00,0.00,0.00,0.00,0.00,0.00,0.00,0.00,0.00,0.00,0.00,0.00,0.00,0.00,0.00,0
4.33099,27,0,312,0,DRIVE [ 40 ] [ 1 ] [ 1718 1903 1835 ] [    0    0    0 ] [      0      0      0 ] [ 0 ],drive [ 40 ] [ 0 ] [ 1720 1903 1845 ] [   21    0    7 ] [  14745   7475   7139 ] [ 0 ],1.00,1.00,1.00,1.00,27.42,0.43,0.00,0.00,0.00,0.00,0.00,0.00,0.00,0.00,0.00,0.00,0.00,0.00,0.00,0.00,0.00,0
4.34292,29,-1,313,0,DRIVE [ 41 ] [ 1 ] [ 1716 1903 1824 ] [    0    0    0 ] [      0      0      0 ] [ 0 ],drive [ 40 ] [ 0 ] [ 1718 1903 1835 ] [   21    0    7 ] [  14745   7475   7139 ] [ 0 ],1.00,1.00,1.00,1.00,28.94,-1.27,0.00,0.00,0.00,0.00,0.00,0.00,0.00,0.00,0.00,0.00,0.00,0.00,0.00,0.00,0.00,0
4.35448,31,-3,314,0,DRIVE [ 41 ] [ 1 ] [ 1710 1903 1812 ] [    0    0    0 ] [      0      0      0 ] [ 0 ],drive [ 41 ] [ 0 ] [ 1716 1903 1824 ] [   21    0    4 ] [  14745   7475   7139 ] [ 0 ],1.00,1.00,1.00,1.00,30.81,-2.86,0.00,0.00,0.00,0.00,0.00,0.00,0.00,0.00,0.00,0.00,0.00,0.00,0.00,0.00,0.00,0
4.36652,33,-4,315,0,DRIVE [ 42 ] [ 1 ] [ 1703 1903 1801 ] [    0    0    0 ] [      0      0      0 ] [ 0 ],drive [ 41 ] [ 0 ] [ 1710 1903 1812 ] [   21    0    4 ] [  14745   7475   7139 ] [ 0 ],1.00,1.00,1.00,1.00,32.76,-4.40,0.00,0.00,0.00,0.00,0.00,0.00,0.00,0.00,0.00,0.00,0.00,0.00,0.00,0.00,0.00,0
4.37884,35,-6,316,0,DRIVE [ 42 ] [ 1 ] [ 1695 1903 1788 ] [    0    0    0 ] [      0      0      0 ] [ 0 ],drive [ 42 ] [ 0 ] [ 1703 1903 1801 ] [   21    0    4 ] [  14745   7475   7139 ] [ 0 ],1.00,1.00,1.00,1.00,34.95,-5.92,0.00,0.00,0.00,0.00,0.00,0.00,0.00,0.00,0.00,0.00,0.00,0.00,0.00,0.00,0.00,0
4.3908,37,-7,316,0,DRIVE [ 43 ] [ 1 ] [ 1685 1903 1777 ] [    0    0    0 ] [      0      0      0 ] [ 0 ],drive [ 42 ] [ 0 ] [ 1695 1903 1788 ] [   21    0    4 ] [  14745   7475   7174 ] [ 0 ],1.00,1.00,1.00,1.00,37.02,-7.23,0.00,0.00,0.00,0.00,0.00,0.00,0.00,0.00,0.00,0.00,0.00,0.00,0.00,0.00,0.00,0
4.40237,40,-9,317,0,DRIVE [ 43 ] [ 1 ] [ 1671 1903 1762 ] [    0    0    0 ] [      0      0      0 ] [ 0 ],drive [ 43 ] [ 0 ] [ 1685 1903 1777 ] [   22    0   33 ] [  14745   7475   7174 ] [ 0 ],1.00,1.00,1.00,1.00,40.00,-8.80,0.00,0.00,0.00,0.00,0.00,0.00,0.00,0.00,0.00,0.00,0.00,0.00,0.00,0.00,0.00,0
4.41478,43,-10,318,0,DRIVE [ 44 ] [ 1 ] [ 1658 1903 1749 ] [    0    0    0 ] [      0      0      0 ] [ 0 ],drive [ 43 ] [ 0 ] [ 1671 1903 1762 ] [   22    0   33 ] [  14745   7475   7174 ] [ 0 ],1.00,1.00,1.00,1.00,42.77,-10.19,0.00,0.00,0.00,0.00,0.00,0.00,0.00,0.00,0.00,0.00,0.00,0.00,0.00,0.00,0.00,0
4.42835,45,-11,319,0,DRIVE [ 44 ] [ 1 ] [ 1645 1903 1738 ] [    0    0    0 ] [      0      0      0 ] [ 0 ],drive [ 44 ] [ 0 ] [ 1658 1903 1749 ] [   22    0   33 ] [  14745   7475   7174 ] [ 0 ],1.00,1.00,1.00,1.00,45.49,-11.34,0.00,0.00,0.00,0.00,0.00,0.00,0.00,0.00,0.00,0.00,0.00,0.00,0.00,0.00,0.00,0
4.44043,48,-12,321,0,DRIVE [ 45 ] [ 1 ] [ 1632 1903 1727 ] [    0    0    0 ] [      0      0      0 ] [ 0 ],drive [ 44 ] [ 0 ] [ 1645 1903 1738 ] [   22    0   33 ] [  14745   7475   7267 ] [ 0 ],1.00,1.00,1.00,1.00,48.16,-12.28,0.00,0.00,0.00,0.00,0.00,0.00,0.00,0.00,0.00,0.00,0.00,0.00,0.00,0.00,0.00,0
4.45192,51,-13,322,0,DRIVE [ 45 ] [ 1 ] [ 1620 1903 1719 ] [    0    0    0 ] [      0      0      0 ] [ 0 ],drive [ 45 ] [ 0 ] [ 1632 1903 1727 ] [   26    1   14 ] [  14745   7475   7267 ] [ 0 ],1.00,1.00,1.00,1.00,50.56,-12.96,0.00,0.00,0.00,0.00,0.00,0.00,0.00,0.00,0.00,0.00,0.00,0.00,0.00,0.00,0.00,0
4.46464,53,-14,324,0,DRIVE [ 46 ] [ 1 ] [ 1608 1903 1711 ] [    0    0    0 ] [      0      0      0 ] [ 0 ],drive [ 45 ] [ 0 ] [ 1620 1903 1719 ] [   26    1   14 ] [  14745   7475   7267 ] [ 0 ],1.00,1.00,1.00,1.00,53.17,-13.61,0.00,0.00,0.00,0.00,0.00,0.00,0.00,0.00,0.00,0.00,0.00,0.00,0.00,0.00,0.00,0
4.47659,56,-14,326,0,DRIVE [ 46 ] [ 1 ] [ 1596 1903 1704 ] [    0    0    0 ] [      0      0      0 ] [ 0 ],drive [ 46 ] [ 0 ] [ 1608 1903 1711 ] [   26    1   14 ] [  14745   7475   7267 ] [ 0 ],1.00,1.00,1.00,1.00,55.57,-14.21,0.00,0.00,0.00,0.00,0.00,0.00,0.00,0.00,0.00,0.00,0.00,0.00,0.00,0.00,0.00,0
4.48826,58,-15,329,0,DRIVE [ 47 ] [ 1 ] [ 1585 1903 1697 ] [    0    0    0 ] [      0      0      0 ] [ 0 ],drive [ 46 ] [ 0 ] [ 1596 1903 1704 ] [   26    1   14 ] [  14757   7474   7270 ] [ 0 ],1.00,1.00,1.00,1.00,57.97,-14.78,0.00,0.00,0.00,0.00,0.00,0.00,0.00,0.00,0.00,0.00,0.00,0.00,0.00,0.00,0.00,0
4.5005,60,-15,331,0,DRIVE [ 47 ] [ 1 ] [ 1575 1903 1691 ] [    0    0    0 ] [      0      0      0 ] [ 0 ],drive [ 47 ] [ 0 ] [ 1585 1903 1697 ] [   30    0   21 ] [  14757   7474   7270 ] [ 0 ],1.00,1.00,1.00,1.00,60.23,-15.32,0.00,0.00,0.00,0.00,0.00,0.00,0.00,0.00,0.00,0.00,0.00,0.00,0.00,0.00,0.00,0
4.51263,62,-16,334,0,DRIVE [ 48 ] [ 1 ] [ 1567 1903 1685 ] [    0    0    0 ] [      0      0      0 ] [ 0 ],drive [ 47 ] [ 0 ] [ 1575 1903 1691 ] [   30    0   21 ] [  14757   7474   7270 ] [ 0 ],1.00,1.00,1.00,1.00,62.39,-15.87,0.00,0.00,0.00,0.00,0.00,0.00,0.00,0.00,0.00,0.00,0.00,0.00,0.00,0.00,0.00,0
4.52492,64,-16,335,0,DRIVE [ 48 ] [ 1 ] [ 1557 1903 1678 ] [    0    0    0 ] [      0      0      0 ] [ 0 ],drive [ 48 ] [ 0 ] [ 1567 1903 1685 ] [   30    0   21 ] [  14757   7474   7270 ] [ 0 ],1.00,1.00,1.00,1.00,64.45,-16.49,0.00,0.00,0.00,0.00,0.00,0.00,0.00,0.00,0.00,0.00,0.00,0.00,0.00,0.00,0.00,0
4.53787,66,-17,337,0,DRIVE [ 49 ] [ 1 ] [ 1549 1903 1673 ] [    0    0    0 ] [      0      0      0 ] [ 0 ],drive [ 48 ] [ 0 ] [ 1557 1903 1678 ] [   30    0   21 ] [  14760   7473   7334 ] [ 0 ],1.00,1.00,1.00,1.00,66.34,-17.00,0.00,0.00,0.00,0.00,0.00,0.00,0.00,0.00,0.00,0.00,0.00,0.00,0.00,0.00,0.00,0
4.54963,68,-17,339,0,DRIVE [ 49 ] [ 1 ] [ 1542 1903 1669 ] [    0    0    0 ] [      0      0      0 ] [ 0 ],drive [ 49 ] [ 0 ] [ 1549 1903 1673 ] [   35    1   24 ] [  14760   7473   7334 ] [ 0 ],1.00,1.00,1.00,1.00,68.12,-17.42,0.00,0.00,0.00,0.00,0.00,0.00,0.00,0.00,0.00,0.00,0.00,0.00,0.00,0.00,0.00,0
4.56181,70,-18,342,0,DRIVE [ 50 ] [ 1 ] [ 1537 1903 1665 ] [    0    0    0 ] [      0      0      0 ] [ 0 ],drive [ 49 ] [ 0 ] [ 1542 1903 1669 ] [   35    1   24 ] [  14760   7473   7334 ] [ 0 ],1.00,1.00,1.00,1.00,69.64,-17.81,0.00,0.00,0.00,0.00,0.00,0.00,0.00,0.00,0.00,0.00,0.00,0.00,0.00,0.00,0.00,0
4.57392,70,-18,342,0,DRIVE [ 50 ] [ 1 ] [ 1533 1903 1662 ] [    0    0    0 ] [      0      0      0 ] [ 0 ],drive [ 50 ] [ 0 ] [ 1537 1903 1665 ] [   35    1   24 ] [  14760   7473   7334 ] [ 0 ],1.00,1.00,1.00,1.00,70.48,-18.03,0.00,0.00,0.00,0.00,0.00,0.00,0.00,0.00,0.00,0.00,0.00,0.00,0.00,0.00,0.00,0
4.58574,72,-18,345,0,DRIVE [ 51 ] [ 1 ] [ 1530 1903 1660 ] [    0    0    0 ] [      0      0      0 ] [ 0 ],drive [ 50 ] [ 0 ] [ 1533 1903 1662 ] [   35    1   24 ] [  14764   7472   7377 ] [ 0 ],1.00,1.00,1.00,1.00,71.69,-18.41,0.00,0.00,0.00,0.00,0.00,0.00,0.00,0.00,0.00,0.00,0.00,0.00,0.00,0.00,0.00,0
4.59806,72,-19,346,0,DRIVE [ 51 ] [ 1 ] [ 1528 1903 1658 ] [    0    0    0 ] [      0      0      0 ] [ 0 ],drive [ 51 ] [ 0 ] [ 1530 1903 1660 ] [   38    2   19 ] [  14764   7472   7377 ] [ 0 ],1.00,1.00,1.00,1.00,72.49,-18.85,0.00,0.00,0.00,0.00,0.00,0.00,0.00,0.00,0.00,0.00,0.00,0.00,0.00,0.00,0.00,0
4.61034,73,-19,347,0,DRIVE [ 52 ] [ 1 ] [ 1527 1903 1655 ] [    0    0    0 ] [      0      0      0 ] [ 0 ],drive [ 51 ] [ 0 ] [ 1528 1903 1658 ] [   38    2   19 ] [  14764   7472   7377 ] [ 0 ],1.00,1.00,1.00,1.00,73.06,-19.35,0.00,0.00,0.00,0.00,0.00,0.00,0.00,0.00,0.00,0.00,0.00,0.00,0.00,0.00,0.00,0
4.62199,74,-20,349,0,DRIVE [ 52 ] [ 1 ] [ 1527 1903 1651 ] [    0    0    0 ] [      0      0      0 ] [ 0 ],drive [ 52 ] [ 0 ] [ 1527 1903 1655 ] [   38    2   19 ] [  14764   7472   7377 ] [ 0 ],1.00,1.00,1.00,1.00,73.74,-20.10,0.00,0.00,0.00,0.00,0.00,0.00,0.00,0.00,0.00,0.00,0.00,0.00,0.00,0.00,0.00,0
4.63455,74,-21,351,0,DRIVE [ 53 ] [ 1 ] [ 1528 1903 1647 ] [    0    0    0 ] [      0      0      0 ] [ 0 ],drive [ 52 ] [ 0 ] [ 1527 1903 1651 ] [   38    2   19 ] [  14783   7471   7377 ] [ 0 ],1.00,1.00,1.00,1.00,74.46,-20.99,0.00,0.00,0.00,0.00,0.00,0.00,0.00,0.00,0.00,0.00,0.00,0.00,0.00,0.00,0.00,0
4.64694,75,-22,352,0,DRIVE [ 53 ] [ 1 ] [ 1528 1903 1643 ] [    0    0    0 ] [      0      0      0 ] [ 0 ],drive [ 53 ] [ 0 ] [ 1528 1903 1647 ] [   57    2   21 ] [  14783   7471   7377 ] [ 0 ],1.00,1.00,1.00,1.00,74.96,-21.95,0.00,0.00,0.00,0.00,0.00,0.00,0.00,0.00,0.00,0.00,0.00,0.00,0.00,0.00,0.00,0
4.65907,75,-23,353,0,DRIVE [ 54 ] [ 1 ] [ 1529 1903 1638 ] [    0    0    0 ] [      0      0      0 ] [ 0 ],drive [ 53 ] [ 0 ] [ 1528 1903 1643 ] [   57    2   21 ] [  14783   7471   7377 ] [ 0 ],1.00,1.00,1.00,1.00,75.29,-22.96,0.00,0.00,0.00,0.00,0.00,0.00,0.00,0.00,0.00,0.00,0.00,0.00,0.00,0.00,0.00,0
4.67176,76,-24,354,0,DRIVE [ 54 ] [ 1 ] [ 1530 1903 1632 ] [    0    0    0 ] [      0      0      0 ] [ 0 ],drive [ 54 ] [ 0 ] [ 1529 1903 1638 ] [   57    2   21 ] [  14783   7471   7377 ] [ 0 ],1.00,1.00,1.00,1.00,75.75,-24.03,0.00,0.00,0.00,0.00,0.00,0.00,0.00,0.00,0.00,0.00,0.00,0.00,0.00,0.00,0.00,0
4.6836,76,-25,356,0,DRIVE [ 55 ] [ 1 ] [ 1530 1903 1627 ] [    0    0    0 ] [      0      0      0 ] [ 0 ],drive [ 54 ] [ 0 ] [ 1530 1903 1632 ] [   57    2   21 ] [  14792   7471   7382 ] [ 0 ],1.00,1.00,1.00,1.00,76.48,-25.29,0.00,0.00,0.00,0.00,0.00,0.00,0.00,0.00,0.00,0.00,0.00,0.00,0.00,0.00,0.00,0
4.69591,77,-26,356,0,DRIVE [ 55 ] [ 1 ] [ 1531 1903 1621 ] [    0    0    0 ] [      0      0      0 ] [ 0 ],drive [ 55 ] [ 0 ] [ 1530 1903 1627 ] [   56    1   35 ] [  14792   7471   7382 ] [ 0 ],1.00,1.00,1.00,1.00,76.89,-26.42,0.00,0.00,0.00,0.00,0.00,0.00,0.00,0.00,0.00,0.00,0.00,0.00,0.00,0.00,0.00,0
4.70827,78,-28,357,0,DRIVE [ 56 ] [ 1 ] [ 1531 1903 1614 ] [    0    0    0 ] [      0      0      0 ] [ 0 ],drive [ 55 ] [ 0 ] [ 1531 1903 1621 ] [   56    1   35 ] [  14792   7471   7382 ] [ 0 ],1.00,1.00,1.00,1.00,77.65,-27.81,0.00,0.00,0.00,0.00,0.00,0.00,0.00,0.00,0.00,0.00,0.00,0.00,0.00,0.00,0.00,0
4.72137,79,-30,359,0,DRIVE [ 56 ] [ 1 ] [ 1530 1903 1604 ] [    0    0    0 ] [      0      0      0 ] [ 0 ],drive [ 56 ] [ 0 ] [ 1531 1903 1614 ] [   56    1   35 ] [  14792   7471   7382 ] [ 0 ],1.00,1.00,1.00,1.00,78.80,-29.70,0.00,0.00,0.00,0.00,0.00,0.00,0.00,0.00,0.00,0.00,0.00,0.00,0.00,0.00,0.00,0
4.73337,80,-32,360,0,DRIVE [ 57 ] [ 1 ] [ 1530 1903 1595 ] [    0    0    0 ] [      0      0      0 ] [ 0 ],drive [ 56 ] [ 0 ] [ 1530 1903 1604 ] [   56    1   35 ] [  14792   7471   7478 ] [ 0 ],1.00,1.00,1.00,1.00,79.65,-31.53,0.00,0.00,0.00,0.00,0.00,0.00,0.00,0.00,0.00,0.00,0.00,0.00,0.00,0.00,0.00,0
4.74579,81,-33,362,0,DRIVE [ 57 ] [ 1 ] [ 1529 1903 1585 ] [    0    0    0 ] [      0      0      0 ] [ 0 ],drive [ 57 ] [ 0 ] [ 1530 1903 1595 ] [   56    2   27 ] [  14792   7471   7478 ] [ 0 ],1.00,1.00,1.00,1.00,80.87,-33.47,0.00,0.00,0.00,0.00,0.00,0.00,0.00,0.00,0.00,0.00,0.00,0.00,0.00,0.00,0.00,0
4.7578,82,-35,362,0,DRIVE [ 58 ] [ 1 ] [ 1529 1903 1576 ] [    0    0    0 ] [      0      0      0 ] [ 0 ],drive [ 57 ] [ 0 ] [ 1529 1903 1585 ] [   56    2   27 ] [  14792   7471   7478 ] [ 0 ],1.00,1.00,1.00,1.00,81.59,-35.20,0.00,0.00,0.00,0.00,0.00,0.00,0.00,0.00,0.00,0.00,0.00,0.00,0.00,0.00,0.00,0
4.76964,82,-37,363,0,DRIVE [ 58 ] [ 1 ] [ 1529 1903 1567 ] [    0    0    0 ] [      0      0      0 ] [ 0 ],drive [ 58 ] [ 0 ] [ 1529 1903 1576 ] [   56    2   27 ] [  14792   7471   7478 ] [ 0 ],1.00,1.00,1.00,1.00,82.35,-36.89,0.00,0.00,0.00,0.00,0.00,0.00,0.00,0.00,0.00,0.00,0.00,0.00,0.00,0.00,0.00,0
4.78237,83,-39,364,0,DRIVE [ 59 ] [ 1 ] [ 1530 1903 1558 ] [    0    0    0 ] [      0      0      0 ] [ 0 ],drive [ 58 ] [ 0 ] [ 1529 1903 1567 ] [   56    2   27 ] [  14876   7471   7495 ] [ 0 ],1.00,1.00,1.00,1.00,82.93,-38.88,0.00,0.00,0.00,0.00,0.00,0.00,0.00,0.00,0.00,0.00,0.00,0.00,0.00,0.00,0.00,0
4.79468,83,-41,365,0,DRIVE [ 59 ] [ 1 ] [ 1531 1903 1548 ] [    0    0    0 ] [      0      0      0 ] [ 0 ],drive [ 59 ] [ 0 ] [ 1530 1903 1558 ] [   56    2   27 ] [  14876   7471   7495 ] [ 0 ],1.00,1.00,1.00,1.00,83.48,-40.84,0.00,0.00,0.00,0.00,0.00,0.00,0.00,0.00,0.00,0.00,0.00,0.00,0.00,0.00,0.00,0
4.80714,84,-43,366,0,DRIVE [ 60 ] [ 1 ] [ 1533 1903 1538 ] [    0    0    0 ] [      0      0      0 ] [ 0 ],drive [ 59 ] [ 0 ] [ 1531 1903 1548 ] [   40    2   32 ] [  14876   7471   7495 ] [ 0 ],1.00,1.00,1.00,1.00,84.09,-43.00,0.00,0.00,0.00,0.00,0.00,0.00,0.00,0.00,0.00,0.00,0.00,0.00,0.00,0.00,0.00,0
4.81899,84,-45,368,0,DRIVE [ 60 ] [ 1 ] [ 1536 1903 1527 ] [    0    0    0 ] [      0      0      0 ] [ 0 ],drive [ 60 ] [ 0 ] [ 1533 1903 1538 ] [   40    2   32 ] [  14876   7471   7495 ] [ 0 ],1.00,1.00,1.00,1.00,84.45,-45.23,0.00,0.00,0.00,0.00,0.00,0.00,0.00,0.00,0.00,0.00,0.00,0.00,0.00,0.00,0.00,0
4.83158,85,-48,370,0,DRIVE [ 61 ] [ 1 ] [ 1538 1903 1517 ] [    0    0    0 ] [      0      0      0 ] [ 0 ],drive [ 60 ] [ 0 ] [ 1536 1903 1527 ] [   40    2   32 ] [  14887   7471   7524 ] [ 0 ],1.00,1.00,1.00,1.00,85.01,-47.63,0.00,0.00,0.00,0.00,0.00,0.00,0.00,0.00,0.00,0.00,0.00,0.00,0.00,0.00,0.00,0
4.84395,85,-49,369,0,DRIVE [ 61 ] [ 1 ] [ 1540 1903 1507 ] [    0    0    0 ] [      0      0      0 ] [ 0 ],drive [ 61 ] [ 0 ] [ 1538 1903 1517 ] [   40    2   32 ] [  14887   7471   7524 ] [ 0 ],1.00,1.00,1.00,1.00,84.97,-49.50,0.00,0.00,0.00,0.00,0.00,0.00,0.00,0.00,0.00,0.00,0.00,0.00,0.00,0.00,0.00,0
4.85645,86,-52,371,0,DRIVE [ 62 ] [ 1 ] [ 1542 1903 1496 ] [    0    0    0 ] [      0      0      0 ] [ 0 ],drive [ 61 ] [ 0 ] [ 1540 1903 1507 ] [   40    2   53 ] [  14887   7471   7524 ] [ 0 ],1.00,1.00,1.00,1.00,85.50,-51.92,0.00,0.00,0.00,0.00,0.00,0.00,0.00,0.00,0.00,0.00,0.00,0.00,0.00,0.00,0.00,0
4.86863,86,-54,371,0,DRIVE [ 62 ] [ 1 ] [ 1544 1903 1486 ] [    0    0    0 ] [      0      0      0 ] [ 0 ],drive [ 62 ] [ 0 ] [ 1542 1903 1496 ] [   40    2   53 ] [  14887   7471   7524 ] [ 0 ],1.00,1.00,1.00,1.00,85.57,-53.80,0.00,0.00,0.00,0.00,0.00,0.00,0.00,0.00,0.00,0.00,0.00,0.00,0.00,0.00,0.00,0
4.88123,86,-55,372,0,DRIVE [ 63 ] [ 1 ] [ 1546 1903 1478 ] [    0    0    0 ] [      0      0      0 ] [ 0 ],drive [ 62 ] [ 0 ] [ 1544 1903 1486 ] [   40    2   53 ] [  14887   7472   7610 ] [ 0 ],1.00,1.00,1.00,1.00,85.80,-55.47,0.00,0.00,0.00,0.00,0.00,0.00,0.00,0.00,0.00,0.00,0.00,0.00,0.00,0.00,0.00,0
4.89386,86,-57,372,0,DRIVE [ 63 ] [ 1 ] [ 1548 1903 1472 ] [    0    0    0 ] [      0      0      0 ] [ 0 ],drive [ 63 ] [ 0 ] [ 1546 1903 1478 ] [   40    2   53 ] [  14887   7472   7610 ] [ 0 ],1.00,1.00,1.00,1.00,85.83,-56.80,0.00,0.00,0.00,0.00,0.00,0.00,0.00,0.00,0.00,0.00,0.00,0.00,0.00,0.00,0.00,0
4.90646,86,-58,373,0,DRIVE [ 64 ] [ 1 ] [ 1549 1903 1466 ] [    0    0    0 ] [      0      0      0 ] [ 0 ],drive [ 63 ] [ 0 ] [ 1548 1903 1472 ] [   39    2   39 ] [  14887   7472   7610 ] [ 0 ],1.00,1.00,1.00,1.00,86.05,-57.97,0.00,0.00,0.00,0.00,0.00,0.00,0.00,0.00,0.00,0.00,0.00,0.00,0.00,0.00,0.00,0
4.9185,86,-59,374,0,DRIVE [ 64 ] [ 1 ] [ 1549 1903 1461 ] [    0    0    0 ] [      0      0      0 ] [ 0 ],drive [ 64 ] [ 0 ] [ 1549 1903 1466 ] [   39    2   39 ] [  14887   7472   7610 ] [ 0 ],1.00,1.00,1.00,1.00,86.22,-58.98,0.00,0.00,0.00,0.00,0.00,0.00,0.00,0.00,0.00,0.00,0.00,0.00,0.00,0.00,0.00,0
4.93118,86,-60,373,0,DRIVE [ 65 ] [ 1 ] [ 1551 1903 1457 ] [    0    0    0 ] [      0      0      0 ] [ 0 ],drive [ 64 ] [ 0 ] [ 1549 1903 1461 ] [   39    2   39 ] [  14888   7473   7615 ] [ 0 ],1.00,1.00,1.00,1.00,86.02,-59.86,0.00,0.00,0.00,0.00,0.00,0.00,0.00,0.00,0.00,0.00,0.00,0.00,0.00,0.00,0.00,0
4.94371,86,-61,372,0,DRIVE [ 65 ] [ 1 ] [ 1552 1903 1453 ] [    0    0    0 ] [      0      0      0 ] [ 0 ],drive [ 65 ] [ 0 ] [ 1551 1903 1457 ] [   39    2   39 ] [  14888   7473   7615 ] [ 0 ],1.00,1.00,1.00,1.00,85.81,-60.54,0.00,0.00,0.00,0.00,0.00,0.00,0.00,0.00,0.00,0.00,0.00,0.00,0.00,0.00,0.00,0
4.95581,86,-61,373,0,DRIVE [ 66 ] [ 1 ] [ 1553 1903 1449 ] [    0    0    0 ] [      0      0      0 ] [ 0 ],drive [ 65 ] [ 0 ] [ 1552 1903 1453 ] [   39    1   64 ] [  14888   7473   7615 ] [ 0 ],1.00,1.00,1.00,1.00,85.89,-61.43,0.00,0.00,0.00,0.00,0.00,0.00,0.00,0.00,0.00,0.00,0.00,0.00,0.00,0.00,0.00,0
4.96851,86,-62,374,0,DRIVE [ 66 ] [ 1 ] [ 1555 1903 1445 ] [    0    0    0 ] [      0      0      0 ] [ 0 ],drive [ 66 ] [ 0 ] [ 1553 1903 1449 ] [   39    1   64 ] [  14888   7473   7615 ] [ 0 ],1.00,1.00,1.00,1.00,85.81,-62.23,0.00,0.00,0.00,0.00,0.00,0.00,0.00,0.00,0.00,0.00,0.00,0.00,0.00,0.00,0.00,0
4.98116,85,-63,375,0,DRIVE [ 67 ] [ 1 ] [ 1558 1903 1443 ] [    0    0    0 ] [      0      0      0 ] [ 0 ],drive [ 66 ] [ 0 ] [ 1555 1903 1445 ] [   39    1   64 ] [  14886   7473   7797 ] [ 0 ],1.00,1.00,1.00,1.00,85.46,-62.85,0.00,0.00,0.00,0.00,0.00,0.00,0.00,0.00,0.00,0.00,0.00,0.00,0.00,0.00,0.00,0
4.99371,86,-63,378,0,DRIVE [ 67 ] [ 1 ] [ 1561 1903 1445 ] [    0    0    0 ] [      0      0      0 ] [ 0 ],drive [ 67 ] [ 0 ] [ 1558 1903 1443 ] [   39    1   64 ] [  14886   7473   7797 ] [ 0 ],1.00,1.00,1.00,1.00,85.50,-63.26,0.00,0.00,0.00,0.00,0.00,0.00,0.00,0.00,0.00,0.00,0.00,0.00,0.00,0.00,0.00,0
5.00626,85,-63,377,0,DRIVE [ 68 ] [ 1 ] [ 1563 1903 1448 ] [    0    0    0 ] [      0      0      0 ] [ 0 ],drive [ 67 ] [ 0 ] [ 1561 1903 1445 ] [   38    1   49 ] [  14886   7473   7797 ] [ 0 ],1.00,1.00,1.00,1.00,84.88,-62.69,0.00,0.00,0.00,0.00,0.00,0.00,0.00,0.00,0.00,0.00,0.00,0.00,0.00,0.00,0.00,0
5.01804,84,-62,379,0,DRIVE [ 68 ] [ 1 ] [ 1566 1903 1453 ] [    0    0    0 ] [      0      0      0 ] [ 0 ],drive [ 68 ] [ 0 ] [ 1563 1903 1448 ] [   38    1   49 ] [  14886   7473   7797 ] [ 0 ],1.00,1.00,1.00,1.00,84.47,-62.19,0.00,0.00,0.00,0.00,0.00,0.00,0.00,0.00,0.00,0.00,0.00,0.00,0.00,0.00,0.00,0
5.03066,84,-62,380,0,DRIVE [ 69 ] [ 1 ] [ 1568 1903 1459 ] [    0    0    0 ] [      0      0      0 ] [ 0 ],drive [ 68 ] [ 0 ] [ 1566 1903 1453 ] [   38    1   49 ] [  14886   7473   7844 ] [ 0 ],1.00,1.00,1.00,1.00,83.93,-61.52,0.00,0.00,0.00,0.00,0.00,0.00,0.00,0.00,0.00,0.00,0.00,0.00,0.00,0.00,0.00,0
5.04327,83,-61,381,0,DRIVE [ 69 ] [ 1 ] [ 1572 1903 1464 ] [    0    0    0 ] [      0      0      0 ] [ 0 ],drive [ 69 ] [ 0 ] [ 1568 1903 1459 ] [   38    1   49 ] [  14886   7473   7844 ] [ 0 ],1.00,1.00,1.00,1.00,83.14,-60.81,0.00,0.00,0.00,0.00,0.00,0.00,0.00,0.00,0.00,0.00,0.00,0.00,0.00,0.00,0.00,0
5.05587,82,-60,381,0,DRIVE [ 70 ] [ 1 ] [ 1575 1903 1468 ] [    0    0    0 ] [      0      0      0 ] [ 0 ],drive [ 69 ] [ 0 ] [ 1572 1903 1464 ] [   37    0   48 ] [  14886   7473   7844 ] [ 0 ],1.00,1.00,1.00,1.00,82.17,-60.15,0.00,0.00,0.00,0.00,0.00,0.00,0.00,0.00,0.00,0.00,0.00,0.00,0.00,0.00,0.00,0
5.06789,81,-60,381,0,DRIVE [ 70 ] [ 1 ] [ 1579 1903 1473 ] [    0    0    0 ] [      0      0      0 ] [ 0 ],drive [ 70 ] [ 0 ] [ 1575 1903 1468 ] [   37    0   48 ] [  14886   7473   7844 ] [ 0 ],1.00,1.00,1.00,1.00,81.25,-59.57,0.00,0.00,0.00,0.00,0.00,0.00,0.00,0.00,0.00,0.00,0.00,0.00,0.00,0.00,0.00,0
5.0805,80,-59,381,0,DRIVE [ 71 ] [ 1 ] [ 1584 1903 1477 ] [    0    0    0 ] [      0      0      0 ] [ 0 ],drive [ 70 ] [ 0 ] [ 1579 1903 1473 ] [   37    0   48 ] [  14886   7476   7844 ] [ 0 ],1.00,1.00,1.00,1.00,80.17,-59.06,0.00,0.00,0.00,0.00,0.00,0.00,0.00,0.00,0.00,0.00,0.00,0.00,0.00,0.00,0.00,0
5.09304,79,-59,383,0,DRIVE [ 71 ] [ 1 ] [ 1589 1903 1482 ] [    0    0    0 ] [      0      0      0 ] [ 0 ],drive [ 71 ] [ 0 ] [ 1584 1903 1477 ] [   37    0   48 ] [  14886   7476   7844 ] [ 0 ],1.00,1.00,1.00,1.00,79.09,-58.68,0.00,0.00,0.00,0.00,0.00,0.00,0.00,0.00,0.00,0.00,0.00,0.00,0.00,0.00,0.00,0
5.10605,77,-58,382,0,DRIVE [ 72 ] [ 1 ] [ 1596 1903 1488 ] [    0    0    0 ] [      0      0      0 ] [ 0 ],drive [ 71 ] [ 0 ] [ 1589 1903 1482 ] [   35    0   47 ] [  14886   7476   7844 ] [ 0 ],1.00,1.00,1.00,1.00,77.35,-57.74,0.00,0.00,0.00,0.00,0.00,0.00,0.00,0.00,0.00,0.00,0.00,0.00,0.00,0.00,0.00,0
5.11911,76,-57,382,0,DRIVE [ 72 ] [ 1 ] [ 1601 1903 1495 ] [    0    0    0 ] [      0      0      0 ] [ 0 ],drive [ 72 ] [ 0 ] [ 1596 1903 1488 ] [   35    0   47 ] [  14886   7476   7844 ] [ 0 ],1.00,1.00,1.00,1.00,75.87,-56.79,0.00,0.00,0.00,0.00,0.00,0.00,0.00,0.00,0.00,0.00,0.00,0.00,0.00,0.00,0.00,0
5.132,75,-56,383,0,DRIVE [ 73 ] [ 1 ] [ 1607 1903 1502 ] [    0    0    0 ] [      0      0      0 ] [ 0 ],drive [ 72 ] [ 0 ] [ 1601 1903 1495 ] [   35    0   47 ] [  14882   7476   7857 ] [ 0 ],1.00,1.00,1.00,1.00,74.69,-56.00,0.00,0.00,0.00,0.00,0.00,0.00,0.00,0.00,0.00,0.00,0.00,0.00,-0.00,0.00,0.00,0
5.14449,73,-55,383,0,DRIVE [ 73 ] [ 1 ] [ 1612 1903 1509 ] [    0    0    0 ] [      0      0      0 ] [ 0 ],drive [ 73 ] [ 0 ] [ 1607 1903 1502 ] [   35    0   47 ] [  14882   7476   7857 ] [ 0 ],1.00,1.00,1.00,1.00,73.46,-54.88,0.00,0.00,0.00,0.00,0.00,0.00,0.00,0.00,0.00,0.00,0.00,0.00,-0.00,0.00,0.00,0
5.15652,72,-54,383,0,DRIVE [ 74 ] [ 1 ] [ 1616 1903 1517 ] [    0    0    0 ] [      0      0      0 ] [ 0 ],drive [ 73 ] [ 0 ] [ 1612 1903 1509 ] [   31    0   53 ] [  14882   7476   7857 ] [ 0 ],1.00,1.00,1.00,1.00,72.15,-53.73,0.00,0.00,0.00,0.00,0.00,0.00,0.00,0.00,0.00,0.00,0.00,0.00,-0.00,0.00,0.00,0
5.16908,71,-53,385,0,DRIVE [ 74 ] [ 1 ] [ 1621 1903 1524 ] [    0    0    0 ] [      0      0      0 ] [ 0 ],drive [ 74 ] [ 0 ] [ 1616 1903 1517 ] [   31    0   53 ] [  14882   7476   7857 ] [ 0 ],1.00,1.00,1.00,1.00,71.35,-52.92,0.00,0.00,0.00,0.00,0.00,0.00,0.00,0.00,0.00,0.00,0.00,0.00,-0.00,0.00,0.00,0
5.1816,70,-52,386,0,DRIVE [ 75 ] [ 1 ] [ 1625 1903 1531 ] [    0    0    0 ] [      0      0      0 ] [ 0 ],drive [ 74 ] [ 0 ] [ 1621 1903 1524 ] [   31    0   53 ] [  14879   7476   7857 ] [ 0 ],1.00,1.00,1.00,1.00,70.40,-52.12,0.00,0.00,0.00,0.00,0.00,0.00,0.00,0.00,0.00,0.00,0.00,0.00,-0.00,0.00,0.00,0
5.19433,69,-51,384,0,DRIVE [ 75 ] [ 1 ] [ 1630 1903 1538 ] [    0    0    0 ] [      0      0      0 ] [ 0 ],drive [ 75 ] [ 0 ] [ 1625 1903 1531 ] [   31    0   53 ] [  14879   7476   7857 ] [ 0 ],1.00,1.00,1.00,1.00,68.74,-50.78,0.00,0.00,0.00,0.00,0.00,0.00,0.00,0.00,0.00,0.00,0.00,0.00,-0.00,0.00,0.00,0
5.2069,67,-50,383,0,DRIVE [ 76 ] [ 1 ] [ 1636 1903 1545 ] [    0    0    0 ] [      0      0      0 ] [ 0 ],drive [ 75 ] [ 0 ] [ 1630 1903 1538 ] [   27   -1   51 ] [  14879   7476   7857 ] [ 0 ],1.00,1.00,1.00,1.00,67.10,-49.57,0.00,0.00,0.00,0.00,0.00,0.00,0.00,0.00,0.00,0.00,0.00,0.00,-0.00,0.00,0.00,0
5.21905,66,-48,382,0,DRIVE [ 76 ] [ 1 ] [ 1640 1903 1552 ] [    0    0    0 ] [      0      0      0 ] [ 0 ],drive [ 76 ] [ 0 ] [ 1636 1903 1545 ] [   27   -1   51 ] [  14879   7476   7857 ] [ 0 ],1.00,1.00,1.00,1.00,65.68,-48.44,0.00,0.00,0.00,0.00,0.00,0.00,0.00,0.00,0.00,0.00,0.00,0.00,-0.00,0.00,0.00,0
5.23183,65,-47,382,0,DRIVE [ 77 ] [ 1 ] [ 1644 1903 1559 ] [    0    0    0 ] [      0      0      0 ] [ 0 ],drive [ 76 ] [ 0 ] [ 1640 1903 1552 ] [   27   -1   51 ] [  14877   7476   7857 ] [ 0 ],1.00,1.00,1.00,1.00,64.64,-47.49,0.00,0.00,0.00,0.00,0.00,0.00,0.00,0.00,0.00,0.00,0.00,0.00,-0.00,0.00,0.00,0
5.24586,64,-47,381,0,DRIVE [ 77 ] [ 1 ] [ 1648 1903 1565 ] [    0    0    0 ] [      0      0      0 ] [ 0 ],drive [ 77 ] [ 0 ] [ 1644 1903 1559 ] [   27   -1   51 ] [  14877   7476   7857 ] [ 0 ],1.00,1.00,1.00,1.00,63.71,-46.58,0.00,0.00,0.00,0.00,0.00,0.00,0.00,0.00,0.00,0.00,0.00,0.00,-0.00,0.00,0.00,0
5.25971,63,-46,381,0,DRIVE [ 78 ] [ 1 ] [ 1651 1903 1570 ] [    0    0    0 ] [      0      0      0 ] [ 0 ],drive [ 77 ] [ 0 ] [ 1648 1903 1565 ] [   25    0   47 ] [  14877   7476   7857 ] [ 0 ],1.00,1.00,1.00,1.00,62.67,-45.79,0.00,0.00,0.00,0.00,0.00,0.00,0.00,0.00,0.00,0.00,0.00,0.00,-0.00,0.00,0.00,0
5.27209,62,-45,382,0,DRIVE [ 78 ] [ 1 ] [ 1655 1903 1575 ] [    0    0    0 ] [      0      0      0 ] [ 0 ],drive [ 78 ] [ 0 ] [ 1651 1903 1570 ] [   25    0   47 ] [  14877   7476   7857 ] [ 0 ],1.00,1.00,1.00,1.00,61.96,-45.14,0.00,0.00,0.00,0.00,0.00,0.00,0.00,0.00,0.00,0.00,0.00,0.00,-0.00,0.00,0.00,0
5.28391,61,-45,384,0,DRIVE [ 79 ] [ 1 ] [ 1658 1903 1580 ] [    0    0    0 ] [      0      0      0 ] [ 0 ],drive [ 78 ] [ 0 ] [ 1655 1903 1575 ] [   25    0   47 ] [  14877   7476   7856 ] [ 0 ],1.00,1.00,1.00,1.00,61.46,-44.65,0.00,0.00,0.00,0.00,0.00,0.00,0.00,0.00,0.00,0.00,0.00,0.00,-0.00,0.00,0.00,0
5.29661,60,-44,383,0,DRIVE [ 79 ] [ 1 ] [ 1661 1903 1585 ] [    0    0    0 ] [      0      0      0 ] [ 0 ],drive [ 79 ] [ 0 ] [ 1658 1903 1580 ] [   23    0   44 ] [  14877   7476   7856 ] [ 0 ],1.00,1.00,1.00,1.00,60.43,-43.82,0.00,0.00,0.00,0.00,0.00,0.00,0.00,0.00,0.00,0.00,0.00,0.00,-0.00,0.00,0.00,0
5.30909,60,-43,384,0,DRIVE [ 80 ] [ 1 ] [ 1665 1903 1590 ] [    0    0    0 ] [      0      0      0 ] [ 0 ],drive [ 79 ] [ 0 ] [ 1661 1903 1585 ] [   23    0   44 ] [  14877   7476   7856 ] [ 0 ],1.00,1.00,1.00,1.00,59.58,-43.25,0.00,0.00,0.00,0.00,0.00,0.00,0.00,0.00,0.00,0.00,0.00,0.00,-0.00,0.00,0.00,0
5.3219,59,-42,384,0,DRIVE [ 80 ] [ 1 ] [ 1668 1903 1595 ] [    0    0    0 ] [      0      0      0 ] [ 0 ],drive [ 80 ] [ 0 ] [ 1665 1903 1590 ] [   23    0   44 ] [  14877   7476   7856 ] [ 0 ],1.00,1.00,1.00,1.00,58.80,-42.40,0.00,0.00,0.00,0.00,0.00,0.00,0.00,0.00,0.00,0.00,0.00,0.00,-0.00,0.00,0.00,0
5.33399,58,-41,384,0,DRIVE [ 81 ] [ 1 ] [ 1671 1903 1601 ] [    0    0    0 ] [      0      0      0 ] [ 0 ],drive [ 80 ] [ 0 ] [ 1668 1903 1595 ] [   23    0   44 ] [  14875   7476   7855 ] [ 0 ],1.00,1.00,1.00,1.00,58.06,-41.46,0.00,0.00,0.00,0.00,0.00,0.00,0.00,0.00,0.00,0.00,0.00,0.00,-0.00,0.00,0.00,0
5.34662,57,-41,384,0,DRIVE [ 81 ] [ 1 ] [ 1673 1903 1607 ] [    0    0    0 ] [      0      0      0 ] [ 0 ],drive [ 81 ] [ 0 ] [ 1671 1903 1601 ] [   22    0   41 ] [  14875   7476   7855 ] [ 0 ],1.00,1.00,1.00,1.00,57.32,-40.51,0.00,0.00,0.00,0.00,0.00,0.00,0.00,0.00,0.00,0.00,0.00,0.00,-0.00,0.00,0.00,0
5.35938,57,-40,383,0,DRIVE [ 82 ] [ 1 ] [ 1675 1903 1612 ] [    0    0    0 ] [      0      0      0 ] [ 0 ],drive [ 81 ] [ 0 ] [ 1673 1903 1607 ] [   22    0   41 ] [  14875   7476   7855 ] [ 0 ],1.00,1.00,1.00,1.00,56.65,-39.56,0.00,0.00,0.00,0.00,0.00,0.00,0.00,0.00,0.00,0.00,0.00,0.00,-0.00,0.00,0.00,0
5.37275,56,-39,384,0,DRIVE [ 82 ] [ 1 ] [ 1676 1903 1618 ] [    0    0    0 ] [      0      0      0 ] [ 0 ],drive [ 82 ] [ 0 ] [ 1675 1903 1612 ] [   22    0   41 ] [  14875   7476   7855 ] [ 0 ],1.00,1.00,1.00,1.00,56.21,-38.76,0.00,0.00,0.00,0.00,0.00,0.00,0.00,0.00,0.00,0.00,0.00,0.00,-0.00,0.00,0.00,0
5.38491,56,-38,385,0,DRIVE [ 83 ] [ 1 ] [ 1678 1903 1623 ] [    0    0    0 ] [      0      0      0 ] [ 0 ],drive [ 82 ] [ 0 ] [ 1676 1903 1618 ] [   22    0   41 ] [  14874   7476   7854 ] [ 0 ],1.00,1.00,1.00,1.00,55.80,-38.12,0.00,0.00,0.00,0.00,0.00,0.00,0.00,0.00,0.00,0.00,0.00,0.00,-0.00,0.00,0.00,0
5.39747,56,-37,386,0,DRIVE [ 83 ] [ 1 ] [ 1679 1903 1628 ] [    0    0    0 ] [      0      0      0 ] [ 0 ],drive [ 83 ] [ 0 ] [ 1678 1903 1623 ] [   22   -1   40 ] [  14874   7476   7854 ] [ 0 ],1.00,1.00,1.00,1.00,55.55,-37.31,0.00,0.00,0.00,0.00,0.00,0.00,0.00,0.00,0.00,0.00,0.00,0.00,-0.00,0.00,0.00,0
5.40973,55,-36,387,0,DRIVE [ 84 ] [ 1 ] [ 1680 1903 1633 ] [    0    0    0 ] [      0      0      0 ] [ 0 ],drive [ 83 ] [ 0 ] [ 1679 1903 1628 ] [   22   -1   40 ] [  14874   7476   7854 ] [ 0 ],1.00,1.00,1.00,1.00,55.30,-36.47,0.00,0.00,0.00,0.00,0.00,0.00,0.00,0.00,0.00,0.00,0.00,0.00,-0.00,0.00,0.00,0
5.42185,55,-35,386,0,DRIVE [ 84 ] [ 1 ] [ 1680 1903 1639 ] [    0    0    0 ] [      0      0      0 ] [ 0 ],drive [ 84 ] [ 0 ] [ 1680 1903 1633 ] [   22   -1   40 ] [  14874   7476   7854 ] [ 0 ],1.00,1.00,1.00,1.00,54.91,-35.18,0.00,0.00,0.00,0.00,0.00,0.00,0.00,0.00,0.00,0.00,0.00,0.00,-0.00,0.00,0.00,0
5.43475,56,-35,399,0,DRIVE [ 85 ] [ 1 ] [ 1680 1903 1645 ] [    0    0    0 ] [      0      0      0 ] [ 0 ],drive [ 84 ] [ 0 ] [ 1680 1903 1639 ] [   22   -1   40 ] [  14875   7476   7851 ] [ 0 ],1.00,1.00,1.00,1.00,56.50,-35.34,0.00,0.00,0.00,0.00,0.00,0.00,0.00,0.00,0.00,0.00,0.00,0.00,-0.00,0.00,0.00,0
5.44705,56,-34,394,0,DRIVE [ 85 ] [ 1 ] [ 1680 1903 1650 ] [    0    0    0 ] [      0      0      0 ] [ 0 ],drive [ 85 ] [ 0 ] [ 1680 1903 1645 ] [   22    0   34 ] [  14875   7476   7851 ] [ 0 ],1.00,1.00,1.00,1.00,55.59,-33.92,0.00,0.00,0.00,0.00,0.00,0.00,0.00,0.00,0.00,0.00,0.00,0.00,-0.00,0.00,0.00,0
5.4595,55,-33,391,0,DRIVE [ 86 ] [ 1 ] [ 1680 1903 1655 ] [    0    0    0 ] [      0      0      0 ] [ 0 ],drive [ 85 ] [ 0 ] [ 1680 1903 1650 ] [   22    0   34 ] [  14875   7476   7851 ] [ 0 ],1.00,1.00,1.00,1.00,54.95,-32.67,0.00,0.00,0.00,0.00,0.00,0.00,0.00,0.00,0.00,0.00,0.00,0.00,-0.00,0.00,0.00,0
5.47182,54,-32,389,0,DRIVE [ 86 ] [ 1 ] [ 1680 1903 1660 ] [    0    0    0 ] [      0      0      0 ] [ 0 ],drive [ 86 ] [ 0 ] [ 1680 1903 1655 ] [   22    0   34 ] [  14875   7476   7851 ] [ 0 ],1.00,1.00,1.00,1.00,54.31,-31.60,0.00,0.00,0.00,0.00,0.00,0.00,0.00,0.00,0.00,0.00,0.00,0.00,-0.00,0.00,0.00,0
5.48377,54,-31,389,0,DRIVE [ 87 ] [ 1 ] [ 1681 1903 1664 ] [    0    0    0 ] [      0      0      0 ] [ 0 ],drive [ 86 ] [ 0 ] [ 1680 1903 1660 ] [   22    0   34 ] [  14874   7481   7849 ] [ 0 ],1.00,1.00,1.00,1.00,54.02,-30.92,0.00,0.00,0.00,0.00,0.00,0.00,0.00,0.00,0.00,0.00,0.00,0.00,-0.00,0.00,0.00,0
5.49616,53,-30,387,0,DRIVE [ 87 ] [ 1 ] [ 1682 1903 1668 ] [    0    0    0 ] [      0      0      0 ] [ 0 ],drive [ 87 ] [ 0 ] [ 1681 1903 1664 ] [   22    0   32 ] [  14874   7481   7849 ] [ 0 ],1.00,1.00,1.00,1.00,53.44,-29.99,0.00,0.00,0.00,0.00,0.00,0.00,0.00,0.00,0.00,0.00,0.00,0.00,-0.00,0.00,0.00,0
5.50838,53,-29,387,0,DRIVE [ 88 ] [ 1 ] [ 1683 1903 1673 ] [    0    0    0 ] [      0      0      0 ] [ 0 ],drive [ 87 ] [ 0 ] [ 1682 1903 1668 ] [   22    0   32 ] [  14874   7481   7849 ] [ 0 ],1.00,1.00,1.00,1.00,53.03,-29.17,0.00,0.00,0.00,0.00,0.00,0.00,0.00,0.00,0.00,0.00,0.00,0.00,-0.00,0.00,0.00,0
5.52184,52,-29,386,0,DRIVE [ 88 ] [ 1 ] [ 1685 1903 1677 ] [    0    0    0 ] [      0      0      0 ] [ 0 ],drive [ 88 ] [ 0 ] [ 1683 1903 1673 ] [   22    0   32 ] [  14874   7481   7849 ] [ 0 ],1.00,1.00,1.00,1.00,52.28,-28.51,0.00,0.00,0.00,0.00,0.00,0.00,0.00,0.00,0.00,0.00,0.00,0.00,-0.00,0.00,0.00,0
5.53401,52,-28,385,0,DRIVE [ 89 ] [ 1 ] [ 1687 1903 1681 ] [    0    0    0 ] [      0      0      0 ] [ 0 ],drive [ 88 ] [ 0 ] [ 1685 1903 1677 ] [   22    0   32 ] [  14874   7482   7848 ] [ 0 ],1.00,1.00,1.00,1.00,51.52,-27.89,0.00,0.00,0.00,0.00,0.00,0.00,0.00,0.00,0.00,0.00,0.00,0.00,-0.00,0.00,0.00,0
5.54653,51,-27,385,0,DRIVE [ 89 ] [ 1 ] [ 1691 1903 1685 ] [    0    0    0 ] [      0      0      0 ] [ 0 ],drive [ 89 ] [ 0 ] [ 1687 1903 1681 ] [   20   -1   29 ] [  14874   7482   7848 ] [ 0 ],1.00,1.00,1.00,1.00,50.59,-27.25,0.00,0.00,0.00,0.00,0.00,0.00,0.00,0.00,0.00,0.00,0.00,0.00,-0.00,0.00,0.00,0
5.55941,50,-27,385,0,DRIVE [ 90 ] [ 1 ] [ 1693 1903 1689 ] [    0    0    0 ] [      0      0      0 ] [ 0 ],drive [ 89 ] [ 0 ] [ 1691 1903 1685 ] [   20   -1   29 ] [  14874   7482   7848 ] [ 0 ],1.00,1.00,1.00,1.00,49.94,-26.68,0.00,0.00,0.00,0.00,0.00,0.00,0.00,0.00,0.00,0.00,0.00,0.00,-0.00,0.00,0.00,0
5.57267,49,-26,385,0,DRIVE [ 90 ] [ 1 ] [ 1696 1903 1693 ] [    0    0    0 ] [      0      0      0 ] [ 0 ],drive [ 90 ] [ 0 ] [ 1693 1903 1689 ] [   20   -1   29 ] [  14874   7482   7848 ] [ 0 ],1.00,1.00,1.00,1.00,49.16,-26.09,0.00,0.00,0.00,0.00,0.00,0.00,0.00,0.00,0.00,0.00,0.00,0.00,-0.00,0.00,0.00,0
5.5844,48,-26,385,0,DRIVE [ 91 ] [ 1 ] [ 1699 1903 1697 ] [    0    0    0 ] [      0      0      0 ] [ 0 ],drive [ 90 ] [ 0 ] [ 1696 1903 1693 ] [   20   -1   29 ] [  14873   7482   7846 ] [ 0 ],1.00,1.00,1.00,1.00,48.33,-25.62,0.00,0.00,0.00,0.00,0.00,0.00,0.00,0.00,0.00,0.00,0.00,0.00,-0.00,0.00,0.00,0
5.5969,48,-25,386,0,DRIVE [ 91 ] [ 1 ] [ 1702 1903 1700 ] [    0    0    0 ] [      0      0      0 ] [ 0 ],drive [ 91 ] [ 0 ] [ 1699 1903 1697 ] [   19   -1   26 ] [  14873   7482   7846 ] [ 0 ],1.00,1.00,1.00,1.00,47.85,-25.28,0.00,0.00,0.00,0.00,0.00,0.00,0.00,0.00,0.00,0.00,0.00,0.00,-0.00,0.00,0.00,0
5.60911,47,-25,384,0,DRIVE [ 92 ] [ 1 ] [ 1704 1903 1702 ] [    0    0    0 ] [      0      0      0 ] [ 0 ],drive [ 91 ] [ 0 ] [ 1702 1903 1700 ] [   19   -1   26 ] [  14873   7482   7846 ] [ 0 ],1.00,1.00,1.00,1.00,47.14,-24.81,0.00,0.00,0.00,0.00,0.00,0.00,0.00,0.00,0.00,0.00,0.00,0.00,-0.00,0.00,0.00,0
5.62107,46,-24,383,0,DRIVE [ 92 ] [ 1 ] [ 1708 1903 1705 ] [    0    0    0 ] [      0      0      0 ] [ 0 ],drive [ 92 ] [ 0 ] [ 1704 1903 1702 ] [   19   -1   26 ] [  14873   7482   7846 ] [ 0 ],1.00,1.00,1.00,1.00,46.25,-24.47,0.00,0.00,0.00,0.00,0.00,0.00,0.00,0.00,0.00,0.00,0.00,0.00,-0.00,0.00,0.00,0
5.63345,45,-24,383,0,DRIVE [ 93 ] [ 1 ] [ 1711 1903 1707 ] [    0    0    0 ] [      0      0      0 ] [ 0 ],drive [ 92 ] [ 0 ] [ 1708 1903 1705 ] [   19   -1   26 ] [  14868   7482   7842 ] [ 0 ],1.00,1.00,1.00,1.00,45.48,-24.34,0.00,0.00,0.00,0.00,0.00,0.00,0.00,0.00,0.00,0.00,0.00,0.00,-0.00,0.00,0.00,0
5.64582,45,-24,383,0,DRIVE [ 93 ] [ 1 ] [ 1713 1903 1709 ] [    0    0    0 ] [      0      0      0 ] [ 0 ],drive [ 93 ] [ 0 ] [ 1711 1903 1707 ] [   18   -1   24 ] [  14868   7482   7842 ] [ 0 ],1.00,1.00,1.00,1.00,44.88,-23.99,0.00,0.00,0.00,0.00,0.00,0.00,0.00,0.00,0.00,0.00,0.00,0.00,-0.00,0.00,0.00,0
5.65792,44,-24,382,0,DRIVE [ 94 ] [ 1 ] [ 1715 1903 1712 ] [    0    0    0 ] [      0      0      0 ] [ 0 ],drive [ 93 ] [ 0 ] [ 1713 1903 1709 ] [   18   -1   24 ] [  14868   7482   7842 ] [ 0 ],1.00,1.00,1.00,1.00,44.32,-23.69,0.00,0.00,0.00,0.00,0.00,0.00,0.00,0.00,0.00,0.00,0.00,0.00,-0.00,0.00,0.00,0
5.66992,44,-23,381,0,DRIVE [ 94 ] [ 1 ] [ 1717 1903 1713 ] [    0    0    0 ] [      0      0      0 ] [ 0 ],drive [ 94 ] [ 0 ] [ 1715 1903 1712 ] [   18   -1   24 ] [  14868   7482   7842 ] [ 0 ],1.00,1.00,1.00,1.00,43.84,-23.37,0.00,0.00,0.00,0.00,0.00,0.00,0.00,0.00,0.00,0.00,0.00,0.00,-0.00,0.00,0.00,0
5.68238,44,-23,383,0,DRIVE [ 95 ] [ 1 ] [ 1718 1903 1714 ] [    0    0    0 ] [      0      0      0 ] [ 0 ],drive [ 94 ] [ 0 ] [ 1717 1903 1713 ] [   18   -1   24 ] [  14867   7482   7841 ] [ 0 ],1.00,1.00,1.00,1.00,43.89,-23.41,0.00,0.00,0.00,0.00,0.00,0.00,0.00,0.00,0.00,0.00,0.00,0.00,-0.00,0.00,0.00,0
5.69486,43,-23,383,0,DRIVE [ 95 ] [ 1 ] [ 1720 1903 1714 ] [    0    0    0 ] [      0      0      0 ] [ 0 ],drive [ 95 ] [ 0 ] [ 1718 1903 1714 ] [   18   -1   24 ] [  14867   7482   7841 ] [ 0 ],1.00,1.00,1.00,1.00,43.47,-23.48,0.00,0.00,0.00,0.00,0.00,0.00,-0.00,0.00,0.00,0.00,0.00,0.00,-0.00,0.00,0.00,0
5.70721,43,-24,383,0,DRIVE [ 96 ] [ 1 ] [ 1721 1903 1714 ] [    0    0    0 ] [      0      0      0 ] [ 0 ],drive [ 95 ] [ 0 ] [ 1720 1903 1714 ] [   18   -1   21 ] [  14867   7482   7841 ] [ 0 ],1.00,1.00,1.00,1.00,43.38,-23.61,0.00,0.00,0.00,0.00,0.00,0.00,-0.00,0.00,0.00,0.00,0.00,0.00,-0.00,0.00,0.00,0
5.71915,43,-24,381,0,DRIVE [ 96 ] [ 1 ] [ 1722 1903 1714 ] [    0    0    0 ] [      0      0      0 ] [ 0 ],drive [ 96 ] [ 0 ] [ 1721 1903 1714 ] [   18   -1   21 ] [  14867   7482   7841 ] [ 0 ],1.00,1.00,1.00,1.00,42.87,-23.57,0.00,0.00,0.00,0.00,0.00,0.00,-0.00,0.00,0.00,0.00,0.00,0.00,-0.00,0.00,0.00,0
5.7319,43,-24,379,0,DRIVE [ 97 ] [ 1 ] [ 1722 1903 1714 ] [    0    0    0 ] [      0      0      0 ] [ 0 ],drive [ 96 ] [ 0 ] [ 1722 1903 1714 ] [   18   -1   21 ] [  14865   7482   7836 ] [ 0 ],1.00,1.00,1.00,1.00,42.66,-23.56,0.00,0.00,0.00,0.00,0.00,0.00,-0.00,0.00,0.00,0.00,0.00,0.00,-0.00,0.00,0.00,0
5.74426,43,-24,380,0,DRIVE [ 97 ] [ 1 ] [ 1722 1903 1713 ] [    0    0    0 ] [      0      0      0 ] [ 0 ],drive [ 97 ] [ 0 ] [ 1722 1903 1714 ] [   18   -1   21 ] [  14865   7482   7836 ] [ 0 ],1.00,1.00,1.00,1.00,42.77,-23.64,0.00,0.00,0.00,0.00,0.00,0.00,-0.00,0.00,0.00,0.00,0.00,0.00,-0.00,0.00,0.00,0
5.75603,43,-24,381,0,DRIVE [ 98 ] [ 1 ] [ 1722 1903 1713 ] [    0    0    0 ] [      0      0      0 ] [ 0 ],drive [ 97 ] [ 0 ] [ 1722 1903 1713 ] [   18    0   21 ] [  14865   7482   7836 ] [ 0 ],1.00,1.00,1.00,1.00,42.84,-23.78,0.00,0.00,0.00,0.00,0.00,0.00,-0.00,0.00,0.00,0.00,0.00,0.00,-0.00,0.00,0.00,0
5.76847,43,-24,382,0,DRIVE [ 98 ] [ 1 ] [ 1722 1903 1714 ] [    0    0    0 ] [      0      0      0 ] [ 0 ],drive [ 98 ] [ 0 ] [ 1722 1903 1713 ] [   18    0   21 ] [  14865   7482   7836 ] [ 0 ],1.00,1.00,1.00,1.00,43.03,-23.73,0.00,0.00,0.00,0.00,0.00,0.00,-0.00,0.00,0.00,0.00,0.00,0.00,-0.00,0.00,0.00,0
5.78088,43,-24,381,0,DRIVE [ 99 ] [ 1 ] [ 1721 1903 1714 ] [    0    0    0 ] [      0      0      0 ] [ 0 ],drive [ 98 ] [ 0 ] [ 1722 1903 1714 ] [   18    0   21 ] [  14862   7482   7836 ] [ 0 ],1.00,1.00,1.00,1.00,43.01,-23.51,0.00,0.00,0.00,0.00,0.00,0.00,-0.00,0.00,0.00,0.00,0.00,0.00,-0.00,0.00,0.00,0
5.79324,43,-23,383,0,DRIVE [ 99 ] [ 1 ] [ 1721 1903 1717 ] [    0    0    0 ] [      0      0      0 ] [ 0 ],drive [ 99 ] [ 0 ] [ 1721 1903 1714 ] [   18    0   21 ] [  14862   7482   7836 ] [ 0 ],1.00,1.00,1.00,1.00,43.13,-23.18,0.00,0.00,0.00,0.00,0.00,0.00,-0.00,0.00,0.00,0.00,0.00,0.00,-0.00,0.00,0.00,0
5.80565,43,-23,384,0,DRIVE [ 00 ] [ 1 ] [ 1721 1903 1719 ] [    0    0    0 ] [      0      0      0 ] [ 0 ],drive [ 99 ] [ 0 ] [ 1721 1903 1717 ] [   19   -1   21 ] [  14862   7482   7836 ] [ 0 ],1.00,1.00,1.00,1.00,43.13,-22.82,0.00,0.00,0.00,0.00,0.00,0.00,-0.00,0.00,0.00,0.00,0.00,0.00,-0.00,0.00,0.00,0
5.81722,43,-22,384,0,DRIVE [ 00 ] [ 1 ] [ 1721 1903 1721 ] [    0    0    0 ] [      0      0      0 ] [ 0 ],drive [ 00 ] [ 0 ] [ 1721 1903 1719 ] [   19   -1   21 ] [  14862   7482   7836 ] [ 0 ],1.00,1.00,1.00,1.00,43.08,-22.41,0.00,0.00,0.00,0.00,0.00,0.00,-0.00,0.00,0.00,0.00,0.00,0.00,-0.00,0.00,0.00,0
5.8295,43,-22,386,0,DRIVE [ 01 ] [ 1 ] [ 1722 1903 1723 ] [    0    0    0 ] [      0      0      0 ] [ 0 ],drive [ 00 ] [ 0 ] [ 1721 1903 1721 ] [   19   -1   21 ] [  14862   7482   7836 ] [ 0 ],1.00,1.00,1.00,1.00,43.00,-22.12,0.00,0.00,0.00,0.00,0.00,0.00,-0.00,0.00,0.00,0.00,0.00,0.00,-0.00,0.00,0.00,0
5.84188,43,-21,385,0,DRIVE [ 01 ] [ 1 ] [ 1722 1903 1727 ] [    0    0    0 ] [      0      0      0 ] [ 0 ],drive [ 01 ] [ 0 ] [ 1722 1903 1723 ] [   19   -1   21 ] [  14861   7482   7836 ] [ 0 ],1.00,1.00,1.00,1.00,42.54,-21.44,0.00,0.00,0.00,0.00,0.00,0.00,-0.00,0.00,0.00,0.00,0.00,0.00,-0.00,0.00,0.00,0
5.85699,42,-21,383,0,DRIVE [ 02 ] [ 1 ] [ 1723 1903 1730 ] [    0    0    0 ] [      0      0      0 ] [ 0 ],drive [ 01 ] [ 0 ] [ 1722 1903 1727 ] [   20   -1   21 ] [  14861   7482   7836 ] [ 0 ],1.00,1.00,1.00,1.00,42.09,-20.77,0.00,0.00,0.00,0.00,0.00,0.00,-0.00,0.00,0.00,0.00,0.00,0.00,-0.00,0.00,0.00,0
5.86925,42,-20,386,0,DRIVE [ 02 ] [ 1 ] [ 1724 1903 1733 ] [    0    0    0 ] [      0      0      0 ] [ 0 ],drive [ 02 ] [ 0 ] [ 1723 1903 1730 ] [   20   -1   21 ] [  14861   7482   7836 ] [ 0 ],1.00,1.00,1.00,1.00,41.93,-20.33,0.00,0.00,0.00,0.00,0.00,0.00,-0.00,0.00,0.00,0.00,0.00,0.00,-0.00,0.00,0.00,0
5.88209,42,-20,386,0,DRIVE [ 03 ] [ 1 ] [ 1724 1903 1737 ] [    0    0    0 ] [      0      0      0 ] [ 0 ],drive [ 02 ] [ 0 ] [ 1724 1903 1733 ] [   20   -1   21 ] [  14861   7482   7835 ] [ 0 ],1.00,1.00,1.00,1.00,41.71,-19.71,0.00,0.00,0.00,0.00,0.00,0.00,-0.00,0.00,0.00,0.00,0.00,0.00,-0.00,0.00,0.00,0
5.89451,41,-19,384,0,DRIVE [ 03 ] [ 1 ] [ 1725 1903 1741 ] [    0    0    0 ] [      0      0      0 ] [ 0 ],drive [ 03 ] [ 0 ] [ 1724 1903 1737 ] [   20   -1   21 ] [  14861   7482   7835 ] [ 0 ],1.00,1.00,1.00,1.00,41.25,-18.93,0.00,0.00,0.00,0.00,0.00,0.00,-0.00,0.00,0.00,0.00,0.00,0.00,-0.00,0.00,0.00,0
5.90667,41,-18,384,0,DRIVE [ 04 ] [ 1 ] [ 1724 1903 1745 ] [    0    0    0 ] [      0      0      0 ] [ 0 ],drive [ 03 ] [ 0 ] [ 1725 1903 1741 ] [   19   -1   18 ] [  14861   7482   7835 ] [ 0 ],1.00,1.00,1.00,1.00,41.13,-18.08,0.00,0.00,0.00,0.00,0.00,0.00,-0.00,0.00,0.00,0.00,0.00,0.00,-0.00,0.00,0.00,0
5.91873,41,-18,384,0,DRIVE [ 04 ] [ 1 ] [ 1723 1903 1747 ] [    0    0    0 ] [      0      0      0 ] [ 0 ],drive [ 04 ] [ 0 ] [ 1724 1903 1745 ] [   19   -1   18 ] [  14861   7482   7835 ] [ 0 ],1.00,1.00,1.00,1.00,41.08,-17.50,0.00,0.00,0.00,0.00,0.00,0.00,-0.00,0.00,0.00,0.00,0.00,0.00,-0.00,0.00,0.00,0
5.93123,41,-17,385,0,DRIVE [ 05 ] [ 1 ] [ 1722 1903 1750 ] [    0    0    0 ] [      0      0      0 ] [ 0 ],drive [ 04 ] [ 0 ] [ 1723 1903 1747 ] [   19   -1   18 ] [  14861   7482   7835 ] [ 0 ],1.00,1.00,1.00,1.00,41.20,-16.89,0.00,0.00,0.00,0.00,0.00,0.00,-0.00,0.00,0.00,0.00,0.00,0.00,-0.00,0.00,0.00,0
5.94356,41,-16,385,0,DRIVE [ 05 ] [ 1 ] [ 1720 1903 1753 ] [    0    0    0 ] [      0      0      0 ] [ 0 ],drive [ 05 ] [ 0 ] [ 1722 1903 1750 ] [   19   -1   18 ] [  14861   7482   7835 ] [ 0 ],1.00,1.00,1.00,1.00,41.47,-16.30,0.00,0.00,0.00,0.00,0.00,0.00,-0.00,0.00,0.00,0.00,0.00,0.00,-0.00,0.00,0.00,0
5.95525,42,-16,385,0,DRIVE [ 06 ] [ 1 ] [ 1718 1903 1754 ] [    0    0    0 ] [      0      0      0 ] [ 0 ],drive [ 05 ] [ 0 ] [ 1720 1903 1753 ] [   19   -1   17 ] [  14861   7482   7835 ] [ 0 ],1.00,1.00,1.00,1.00,41.80,-15.90,0.00,0.00,0.00,0.00,0.00,0.00,-0.00,0.00,0.00,0.00,0.00,0.00,-0.00,0.00,0.00,0
5.96766,42,-15,385,0,DRIVE [ 06 ] [ 1 ] [ 1715 1903 1755 ] [    0    0    0 ] [      0      0      0 ] [ 0 ],drive [ 06 ] [ 0 ] [ 1718 1903 1754 ] [   19   -1   17 ] [  14861   7482   7835 ] [ 0 ],1.00,1.00,1.00,1.00,42.17,-15.37,0.00,0.00,0.00,0.00,0.00,0.00,-0.00,0.00,0.00,0.00,0.00,0.00,-0.00,0.00,0.00,0
5.97992,43,-15,386,0,DRIVE [ 07 ] [ 1 ] [ 1711 1903 1756 ] [    0    0    0 ] [      0      0      0 ] [ 0 ],drive [ 06 ] [ 0 ] [ 1715 1903 1755 ] [   19   -1   17 ] [  14861   7483   7830 ] [ 0 ],1.00,1.00,1.00,1.00,42.84,-15.01,0.00,0.00,0.00,0.00,0.00,0.00,-0.00,0.00,0.00,0.00,0.00,0.00,-0.00,0.00,0.00,0
5.99204,43,-15,384,0,DRIVE [ 07 ] [ 1 ] [ 1706 1903 1756 ] [    0    0    0 ] [      0      0      0 ] [ 0 ],drive [ 07 ] [ 0 ] [ 1711 1903 1756 ] [   19   -1   17 ] [  14861   7483   7830 ] [ 0 ],1.00,1.00,1.00,1.00,43.40,-14.53,0.00,0.00,0.00,0.00,0.00,0.00,-0.00,0.00,0.00,0.00,0.00,0.00,-0.00,0.00,0.00,0
6.00502,44,-14,385,0,DRIVE [ 08 ] [ 1 ] [ 1702 1903 1755 ] [    0    0    0 ] [      0      0      0 ] [ 0 ],drive [ 07 ] [ 0 ] [ 1706 1903 1756 ] [   20   -1   14 ] [  14861   7483   7830 ] [ 0 ],1.00,1.00,1.00,1.00,44.32,-14.46,0.00,0.00,0.00,0.00,0.00,0.00,-0.00,0.00,0.00,0.00,0.00,0.00,-0.00,0.00,0.00,0
6.01712,45,-14,384,0,DRIVE [ 08 ] [ 1 ] [ 1697 1903 1755 ] [    0    0    0 ] [      0      0      0 ] [ 0 ],drive [ 08 ] [ 0 ] [ 1702 1903 1755 ] [   20   -1   14 ] [  14861   7483   7830 ] [ 0 ],1.00,1.00,1.00,1.00,45.02,-14.11,0.00,0.00,0.00,0.00,0.00,0.00,-0.00,0.00,0.00,0.00,0.00,0.00,-0.00,0.00,0.00,0
6.02985,46,-14,385,0,DRIVE [ 09 ] [ 1 ] [ 1691 1903 1754 ] [    0    0    0 ] [      0      0      0 ] [ 0 ],drive [ 08 ] [ 0 ] [ 1697 1903 1755 ] [   20   -1   14 ] [  14861   7483   7830 ] [ 0 ],1.00,1.00,1.00,1.00,46.22,-13.94,0.00,0.00,0.00,0.00,0.00,0.00,-0.00,0.00,0.00,0.00,0.00,0.00,-0.00,0.00,0.00,0
6.04243,47,-14,384,0,DRIVE [ 09 ] [ 1 ] [ 1683 1903 1751 ] [    0    0    0 ] [      0      0      0 ] [ 0 ],drive [ 09 ] [ 0 ] [ 1691 1903 1754 ] [   20   -1   14 ] [  14861   7483   7829 ] [ 0 ],1.00,1.00,1.00,1.00,47.48,-13.85,0.00,0.00,0.00,0.00,0.00,0.00,-0.00,0.00,0.00,0.00,0.00,0.00,0.00,0.00,0.00,0
6.05528,49,-14,385,0,DRIVE [ 10 ] [ 1 ] [ 1676 1903 1748 ] [    0    0    0 ] [      0      0      0 ] [ 0 ],drive [ 09 ] [ 0 ] [ 1683 1903 1751 ] [   21   -1   14 ] [  14861   7483   7829 ] [ 0 ],1.00,1.00,1.00,1.00,49.14,-13.94,0.00,0.00,0.00,0.00,0.00,0.00,-0.00,0.00,0.00,0.00,0.00,0.00,0.00,0.00,0.00,0
6.06739,51,-14,386,0,DRIVE [ 10 ] [ 1 ] [ 1669 1903 1745 ] [    0    0    0 ] [      0      0      0 ] [ 0 ],drive [ 10 ] [ 0 ] [ 1676 1903 1748 ] [   21   -1   14 ] [  14861   7483   7829 ] [ 0 ],1.00,1.00,1.00,1.00,50.58,-14.06,0.00,0.00,0.00,0.00,0.00,0.00,-0.00,0.00,0.00,0.00,0.00,0.00,0.00,0.00,0.00,0
6.0796,52,-14,387,0,DRIVE [ 11 ] [ 1 ] [ 1663 1903 1741 ] [    0    0    0 ] [      0      0      0 ] [ 0 ],drive [ 10 ] [ 0 ] [ 1669 1903 1745 ] [   21   -1   14 ] [  14862   7483   7829 ] [ 0 ],1.00,1.00,1.00,1.00,52.03,-14.35,0.00,0.00,0.00,0.00,0.00,0.00,-0.00,0.00,0.00,0.00,0.00,0.00,0.00,0.00,0.00,0
6.09242,53,-14,387,0,DRIVE [ 11 ] [ 1 ] [ 1656 1903 1738 ] [    0    0    0 ] [      0      0      0 ] [ 0 ],drive [ 11 ] [ 0 ] [ 1663 1903 1741 ] [   21   -1   14 ] [  14862   7483   7829 ] [ 0 ],1.00,1.00,1.00,1.00,53.36,-14.42,0.00,0.00,0.00,0.00,0.00,0.00,-0.00,0.00,0.00,0.00,0.00,0.00,0.00,0.00,0.00,0
6.10385,55,-14,387,0,DRIVE [ 12 ] [ 1 ] [ 1648 1903 1735 ] [    0    0    0 ] [      0      0      0 ] [ 0 ],drive [ 11 ] [ 0 ] [ 1656 1903 1738 ] [   22   -1   15 ] [  14862   7483   7829 ] [ 0 ],1.00,1.00,1.00,1.00,54.82,-14.48,0.00,0.00,0.00,0.00,0.00,0.00,-0.00,0.00,0.00,0.00,0.00,0.00,0.00,0.00,0.00,0
6.11626,56,-15,387,0,DRIVE [ 12 ] [ 1 ] [ 1641 1903 1732 ] [    0    0    0 ] [      0      0      0 ] [ 0 ],drive [ 12 ] [ 0 ] [ 1648 1903 1735 ] [   22   -1   15 ] [  14862   7483   7829 ] [ 0 ],1.00,1.00,1.00,1.00,56.42,-14.59,0.00,0.00,0.00,0.00,0.00,0.00,-0.00,0.00,0.00,0.00,0.00,0.00,0.00,0.00,0.00,0
6.1285,58,-15,386,0,DRIVE [ 13 ] [ 1 ] [ 1632 1903 1728 ] [    0    0    0 ] [      0      0      0 ] [ 0 ],drive [ 12 ] [ 0 ] [ 1641 1903 1732 ] [   22   -1   15 ] [  14862   7483   7829 ] [ 0 ],1.00,1.00,1.00,1.00,57.87,-14.53,0.00,0.00,0.00,0.00,0.00,0.00,-0.00,0.00,0.00,0.00,0.00,0.00,0.00,0.00,0.00,0
6.14053,60,-14,386,0,DRIVE [ 13 ] [ 1 ] [ 1621 1903 1725 ] [    0    0    0 ] [      0      0      0 ] [ 0 ],drive [ 13 ] [ 0 ] [ 1632 1903 1728 ] [   22   -1   15 ] [  14863   7483   7831 ] [ 0 ],1.00,1.00,1.00,1.00,59.96,-14.46,0.00,0.00,0.00,0.00,0.00,0.00,-0.00,0.00,0.00,0.00,0.00,0.00,0.00,0.00,0.00,0
6.15217,62,-14,385,0,DRIVE [ 14 ] [ 1 ] [ 1610 1903 1722 ] [    0    0    0 ] [      0      0      0 ] [ 0 ],drive [ 13 ] [ 0 ] [ 1621 1903 1725 ] [   24    0   17 ] [  14863   7483   7831 ] [ 0 ],1.00,1.00,1.00,1.00,61.74,-14.08,0.00,0.00,0.00,0.00,0.00,0.00,-0.00,0.00,0.00,0.00,0.00,0.00,0.00,0.00,0.00,0
6.16453,64,-14,385,0,DRIVE [ 14 ] [ 1 ] [ 1599 1903 1720 ] [    0    0    0 ] [      0      0      0 ] [ 0 ],drive [ 14 ] [ 0 ] [ 1610 1903 1722 ] [   24    0   17 ] [  14863   7483   7831 ] [ 0 ],1.00,1.00,1.00,1.00,63.72,-13.77,0.00,0.00,0.00,0.00,0.00,0.00,-0.00,0.00,0.00,0.00,0.00,0.00,0.00,0.00,0.00,0
6.17681,66,-13,386,0,DRIVE [ 15 ] [ 1 ] [ 1588 1903 1717 ] [    0    0    0 ] [      0      0      0 ] [ 0 ],drive [ 14 ] [ 0 ] [ 1599 1903 1720 ] [   24    0   17 ] [  14863   7483   7831 ] [ 0 ],1.00,1.00,1.00,1.00,65.77,-13.39,0.00,0.00,0.00,0.00,0.00,0.00,-0.00,0.00,0.00,0.00,0.00,0.00,0.00,0.00,0.00,0
6.18899,68,-13,386,0,DRIVE [ 15 ] [ 1 ] [ 1577 1903 1715 ] [    0    0    0 ] [      0      0      0 ] [ 0 ],drive [ 15 ] [ 0 ] [ 1588 1903 1717 ] [   24    0   17 ] [  14865   7483   7832 ] [ 0 ],1.00,1.00,1.00,1.00,67.61,-12.99,0.00,0.00,0.00,0.00,0.00,0.00,-0.00,0.00,0.00,0.00,0.00,0.00,0.00,0.00,0.00,0
6.20095,70,-12,386,0,DRIVE [ 16 ] [ 1 ] [ 1566 1903 1713 ] [    0    0    0 ] [      0      0      0 ] [ 0 ],drive [ 15 ] [ 0 ] [ 1577 1903 1715 ] [   29   -1   18 ] [  14865   7483   7832 ] [ 0 ],1.00,1.00,1.00,1.00,69.55,-12.47,0.00,0.00,0.00,0.00,0.00,0.00,-0.00,0.00,0.00,0.00,0.00,0.00,0.00,0.00,0.00,0
6.21321,72,-12,388,0,DRIVE [ 16 ] [ 1 ] [ 1554 1903 1711 ] [    0    0    0 ] [      0      0      0 ] [ 0 ],drive [ 16 ] [ 0 ] [ 1566 1903 1713 ] [   29   -1   18 ] [  14865   7483   7832 ] [ 0 ],1.00,1.00,1.00,1.00,71.93,-12.06,0.00,0.00,0.00,0.00,0.00,0.00,-0.00,0.00,0.00,0.00,0.00,0.00,0.00,0.00,0.00,0
6.22602,74,-12,388,0,DRIVE [ 17 ] [ 1 ] [ 1542 1903 1709 ] [    0    0    0 ] [      0      0      0 ] [ 0 ],drive [ 16 ] [ 0 ] [ 1554 1903 1711 ] [   29   -1   18 ] [  14865   7483   7832 ] [ 0 ],1.00,1.00,1.00,1.00,74.04,-11.54,0.00,0.00,0.00,0.00,0.00,0.00,-0.00,0.00,0.00,0.00,0.00,0.00,0.00,0.00,0.00,0
6.23772,76,-11,390,0,DRIVE [ 17 ] [ 1 ] [ 1531 1903 1707 ] [    0    0    0 ] [      0      0      0 ] [ 0 ],drive [ 17 ] [ 0 ] [ 1542 1903 1709 ] [   29   -1   18 ] [  14868   7483   7841 ] [ 0 ],1.00,1.00,1.00,1.00,76.37,-11.00,0.00,0.00,0.00,0.00,0.00,0.00,-0.00,0.00,0.00,0.00,0.00,0.00,0.00,0.00,0.00,0
6.24984,78,-10,390,0,DRIVE [ 18 ] [ 1 ] [ 1519 1903 1706 ] [    0    0    0 ] [      0      0      0 ] [ 0 ],drive [ 17 ] [ 0 ] [ 1531 1903 1707 ] [   33   -1   24 ] [  14868   7483   7841 ] [ 0 ],1.00,1.00,1.00,1.00,78.16,-10.39,0.00,0.00,0.00,0.00,0.00,0.00,-0.00,0.00,0.00,0.00,0.00,0.00,0.00,0.00,0.00,0
6.26213,80,-10,392,0,DRIVE [ 18 ] [ 1 ] [ 1509 1903 1705 ] [    0    0    0 ] [      0      0      0 ] [ 0 ],drive [ 18 ] [ 0 ] [ 1519 1903 1706 ] [   33   -1   24 ] [  14868   7483   7841 ] [ 0 ],1.00,1.00,1.00,1.00,80.19,-9.80,0.00,0.00,0.00,0.00,0.00,0.00,-0.00,0.00,0.00,0.00,0.00,0.00,0.00,0.00,0.00,0
6.27443,82,-9,391,0,DRIVE [ 19 ] [ 1 ] [ 1499 1903 1704 ] [    0    0    0 ] [      0      0      0 ] [ 0 ],drive [ 18 ] [ 0 ] [ 1509 1903 1705 ] [   33   -1   24 ] [  14868   7483   7841 ] [ 0 ],1.00,1.00,1.00,1.00,81.69,-9.15,0.00,0.00,0.00,0.00,0.00,0.00,-0.00,0.00,0.00,0.00,0.00,0.00,0.00,0.00,0.00,0
6.28655,84,-9,393,0,DRIVE [ 19 ] [ 1 ] [ 1489 1903 1703 ] [    0    0    0 ] [      0      0      0 ] [ 0 ],drive [ 19 ] [ 0 ] [ 1499 1903 1704 ] [   33   -1   24 ] [  14876   7483   7843 ] [ 0 ],1.00,1.00,1.00,1.00,83.57,-8.50,0.00,0.00,0.00,0.00,0.00,0.00,-0.00,0.00,0.00,0.00,0.00,0.00,0.00,0.00,0.00,0
6.29895,85,-8,393,0,DRIVE [ 20 ] [ 1 ] [ 1479 1903 1703 ] [    0    0    0 ] [      0      0      0 ] [ 0 ],drive [ 19 ] [ 0 ] [ 1489 1903 1703 ] [   40   -1   24 ] [  14876   7483   7843 ] [ 0 ],1.00,1.00,1.00,1.00,85.16,-7.84,0.00,0.00,0.00,0.00,0.00,0.00,-0.00,0.00,0.00,0.00,0.00,0.00,0.00,0.00,0.00,0
6.31144,88,-7,397,0,DRIVE [ 20 ] [ 1 ] [ 1467 1903 1701 ] [    0    0    0 ] [      0      0      0 ] [ 0 ],drive [ 20 ] [ 0 ] [ 1479 1903 1703 ] [   40   -1   24 ] [  14876   7483   7843 ] [ 0 ],1.00,1.00,1.00,1.00,88.01,-7.39,0.00,0.00,0.00,0.00,0.00,0.00,-0.00,0.00,0.00,0.00,0.00,0.00,0.00,0.00,0.00,0
6.3236,90,-7,398,0,DRIVE [ 21 ] [ 1 ] [ 1457 1903 1699 ] [    0    0    0 ] [      0      0      0 ] [ 0 ],drive [ 20 ] [ 0 ] [ 1467 1903 1701 ] [   40   -1   24 ] [  14876   7483   7843 ] [ 0 ],1.00,1.00,1.00,1.00,89.98,-6.92,0.00,0.00,0.00,0.00,0.00,0.00,-0.00,0.00,0.00,0.00,0.00,0.00,0.00,0.00,0.00,0
6.33543,93,-7,403,0,DRIVE [ 21 ] [ 1 ] [ 1448 1903 1698 ] [    0    0    0 ] [      0      0      0 ] [ 0 ],drive [ 21 ] [ 0 ] [ 1457 1903 1699 ] [   40   -1   24 ] [  14902   7483   7843 ] [ 0 ],1.00,1.00,1.00,1.00,92.65,-6.56,0.00,0.00,0.00,0.00,0.00,0.00,-0.00,0.00,0.00,0.00,0.00,0.00,0.00,0.00,0.00,0
6.34767,94,-6,403,0,DRIVE [ 22 ] [ 1 ] [ 1441 1903 1697 ] [    0    0    0 ] [      0      0      0 ] [ 0 ],drive [ 21 ] [ 0 ] [ 1448 1903 1698 ] [   55   -1   25 ] [  14902   7483   7843 ] [ 0 ],1.00,1.00,1.00,1.00,94.00,-6.15,0.00,0.00,0.00,0.00,0.00,0.00,-0.00,0.00,0.00,0.00,0.00,0.00,0.00,0.00,0.00,0
6.35974,96,-6,408,0,DRIVE [ 22 ] [ 1 ] [ 1433 1903 1696 ] [    0    0    0 ] [      0      0      0 ] [ 0 ],drive [ 22 ] [ 0 ] [ 1441 1903 1697 ] [   55   -1   25 ] [  14902   7483   7843 ] [ 0 ],1.00,1.00,1.00,1.00,96.27,-5.64,0.00,0.00,0.00,0.00,0.00,0.00,-0.00,0.00,0.00,0.00,0.00,0.00,0.00,0.00,0.00,0
6.37291,98,-5,410,0,DRIVE [ 23 ] [ 1 ] [ 1427 1903 1696 ] [    0    0    0 ] [      0      0      0 ] [ 0 ],drive [ 22 ] [ 0 ] [ 1433 1903 1696 ] [   55   -1   25 ] [  14902   7483   7843 ] [ 0 ],1.00,1.00,1.00,1.00,97.70,-5.09,0.00,0.00,0.00,0.00,0.00,0.00,-0.00,0.00,0.00,0.00,0.00,0.00,0.00,0.00,0.00,0
6.3851,99,-4,410,0,DRIVE [ 23 ] [ 1 ] [ 1421 1903 1698 ] [    0    0    0 ] [      0      0      0 ] [ 0 ],drive [ 23 ] [ 0 ] [ 1427 1903 1696 ] [   55   -1   25 ] [  15023   7483   7843 ] [ 0 ],1.00,1.00,1.00,1.00,98.56,-4.27,0.00,0.00,0.00,0.00,0.00,0.00,-0.00,0.00,0.00,0.00,0.00,0.00,0.00,0.00,0.00,0
6.39887,100,-4,415,0,DRIVE [ 24 ] [ 1 ] [ 1416 1903 1699 ] [    0    0    0 ] [      0      0      0 ] [ 0 ],drive [ 23 ] [ 0 ] [ 1421 1903 1698 ] [   69   -1   25 ] [  15023   7483   7843 ] [ 0 ],1.00,1.00,1.00,1.00,100.36,-3.66,0.00,0.00,0.00,0.00,0.00,0.00,-0.00,0.00,0.00,0.00,0.00,0.00,0.00,0.00,0.00,0
6.41152,101,-3,416,0,DRIVE [ 24 ] [ 1 ] [ 1411 1903 1701 ] [    0    0    0 ] [      0      0      0 ] [ 0 ],drive [ 24 ] [ 0 ] [ 1416 1903 1699 ] [   69   -1   25 ] [  15023   7483   7843 ] [ 0 ],1.00,1.00,1.00,1.00,100.97,-2.62,0.00,0.00,0.00,0.00,0.00,0.00,-0.00,0.00,0.00,0.00,0.00,0.00,0.00,0.00,0.00,0
6.42343,102,-1,419,0,DRIVE [ 25 ] [ 1 ] [ 1406 1903 1705 ] [    0    0    0 ] [      0      0      0 ] [ 0 ],drive [ 24 ] [ 0 ] [ 1411 1903 1701 ] [   69   -1   25 ] [  15023   7483   7843 ] [ 0 ],1.00,1.00,1.00,1.00,101.92,-1.37,0.00,0.00,0.00,0.00,0.00,0.00,-0.00,0.00,0.00,0.00,0.00,0.00,0.00,0.00,0.00,0
6.43599,102,0,419,0,DRIVE [ 25 ] [ 1 ] [ 1400 1903 1709 ] [    0    0    0 ] [      0      0      0 ] [ 0 ],drive [ 25 ] [ 0 ] [ 1406 1903 1705 ] [   69   -1   25 ] [  15108   7481   7843 ] [ 0 ],1.00,1.00,1.00,1.00,102.24,0.01,0.00,0.00,0.00,0.00,0.00,0.00,-0.00,0.00,0.00,0.00,0.00,0.00,0.00,0.00,0.00,0
6.44865,104,2,423,0,DRIVE [ 26 ] [ 1 ] [ 1393 1903 1713 ] [    0    0    0 ] [      0      0      0 ] [ 0 ],drive [ 25 ] [ 0 ] [ 1400 1903 1709 ] [   49    0   24 ] [  15108   7481   7843 ] [ 0 ],1.00,1.00,1.00,1.00,103.65,1.62,0.00,0.00,0.00,0.00,0.00,0.00,-0.00,0.00,0.00,0.00,0.00,0.00,0.00,0.00,0.00,0
6.46082,105,3,425,0,DRIVE [ 26 ] [ 1 ] [ 1385 1903 1718 ] [    0    0    0 ] [      0      0      0 ] [ 0 ],drive [ 26 ] [ 0 ] [ 1393 1903 1713 ] [   49    0   24 ] [  15108   7481   7843 ] [ 0 ],1.00,1.00,1.00,1.00,104.58,3.49,0.00,0.00,0.00,0.00,0.00,0.00,-0.00,0.00,0.00,0.00,0.00,0.00,0.00,0.00,0.00,0
6.47282,105,5,425,0,DRIVE [ 27 ] [ 1 ] [ 1376 1903 1722 ] [    0    0    0 ] [      0      0      0 ] [ 0 ],drive [ 26 ] [ 0 ] [ 1385 1903 1718 ] [   49    0   24 ] [  15108   7481   7843 ] [ 0 ],1.00,1.00,1.00,1.00,105.07,5.30,0.00,0.00,0.00,0.00,0.00,0.00,-0.00,0.00,0.00,0.00,0.00,0.00,0.00,0.00,0.00,0
6.4847,107,7,428,0,DRIVE [ 27 ] [ 1 ] [ 1367 1903 1727 ] [    0    0    0 ] [      0      0      0 ] [ 0 ],drive [ 27 ] [ 0 ] [ 1376 1903 1722 ] [   49    0   24 ] [  15126   7481   7843 ] [ 0 ],1.00,1.00,1.00,1.00,106.52,7.15,0.00,0.00,0.00,0.00,0.00,0.00,-0.00,0.00,0.00,0.00,0.00,0.00,0.00,0.00,0.00,0
6.49724,108,9,431,0,DRIVE [ 28 ] [ 1 ] [ 1358 1903 1731 ] [    0    0    0 ] [      0      0      0 ] [ 0 ],drive [ 27 ] [ 0 ] [ 1367 1903 1727 ] [   72    0   23 ] [  15126   7481   7843 ] [ 0 ],1.00,1.00,1.00,1.00,107.66,9.08,0.00,0.00,0.00,0.00,0.00,0.00,-0.00,0.00,0.00,0.00,0.00,0.00,0.00,0.00,0.00,0
6.50952,109,11,433,0,DRIVE [ 28 ] [ 1 ] [ 1350 1903 1735 ] [    0    0    0 ] [      0      0      0 ] [ 0 ],drive [ 28 ] [ 0 ] [ 1358 1903 1731 ] [   72    0   23 ] [  15126   7481   7843 ] [ 0 ],1.00,1.00,1.00,1.00,108.79,10.84,0.00,0.00,0.00,0.00,0.00,0.00,-0.00,0.00,0.00,0.00,0.00,0.00,0.00,0.00,0.00,0
6.5217,109,13,433,0,DRIVE [ 29 ] [ 1 ] [ 1342 1903 1739 ] [    0    0    0 ] [      0      0      0 ] [ 0 ],drive [ 28 ] [ 0 ] [ 1350 1903 1735 ] [   72    0   23 ] [  15126   7481   7843 ] [ 0 ],1.00,1.00,1.00,1.00,109.19,12.54,0.00,0.00,0.00,0.00,0.00,0.00,-0.00,0.00,0.00,0.00,0.00,0.00,0.00,0.00,0.00,0
6.53392,109,14,430,0,DRIVE [ 29 ] [ 1 ] [ 1334 1903 1743 ] [    0    0    0 ] [      0      0      0 ] [ 0 ],drive [ 29 ] [ 0 ] [ 1342 1903 1739 ] [   72    0   23 ] [  15246   7474   7843 ] [ 0 ],1.00,1.00,1.00,1.00,108.93,14.07,0.00,0.00,0.00,0.00,0.00,0.00,-0.00,0.00,0.00,0.00,0.00,0.00,0.00,0.00,0.00,0
6.54632,109,16,429,0,DRIVE [ 30 ] [ 1 ] [ 1326 1903 1747 ] [    0    0    0 ] [      0      0      0 ] [ 0 ],drive [ 29 ] [ 0 ] [ 1334 1903 1743 ] [   77    1   21 ] [  15246   7474   7843 ] [ 0 ],1.00,1.00,1.00,1.00,109.16,15.65,0.00,0.00,0.00,0.00,0.00,0.00,-0.00,0.00,0.00,0.00,0.00,0.00,0.00,0.00,0.00,0
6.55951,110,17,431,0,DRIVE [ 30 ] [ 1 ] [ 1319 1903 1750 ] [    0    0    0 ] [      0      0      0 ] [ 0 ],drive [ 30 ] [ 0 ] [ 1326 1903 1747 ] [   77    1   21 ] [  15246   7474   7843 ] [ 0 ],1.00,1.00,1.00,1.00,109.91,17.02,0.00,0.00,0.00,0.00,0.00,0.00,-0.00,0.00,0.00,0.00,0.00,0.00,0.00,0.00,0.00,0
6.57303,110,19,431,0,DRIVE [ 31 ] [ 1 ] [ 1311 1903 1754 ] [    0    0    0 ] [      0      0      0 ] [ 0 ],drive [ 30 ] [ 0 ] [ 1319 1903 1750 ] [   77    1   21 ] [  15246   7474   7843 ] [ 0 ],1.00,1.00,1.00,1.00,110.32,18.61,0.00,0.00,0.00,0.00,0.00,0.00,-0.00,0.00,0.00,0.00,0.00,0.00,0.00,0.00,0.00,0
6.58521,111,20,433,0,DRIVE [ 31 ] [ 1 ] [ 1304 1903 1756 ] [    0    0    0 ] [      0      0      0 ] [ 0 ],drive [ 31 ] [ 0 ] [ 1311 1903 1754 ] [   77    1   21 ] [  15352   7474   7839 ] [ 0 ],1.00,1.00,1.00,1.00,111.44,20.07,0.00,0.00,0.00,0.00,0.00,0.00,-0.00,0.00,0.00,0.00,0.00,0.00,0.00,0.00,0.00,0
6.59759,113,21,436,0,DRIVE [ 32 ] [ 1 ] [ 1297 1903 1759 ] [    0    0    0 ] [      0      0      0 ] [ 0 ],drive [ 31 ] [ 0 ] [ 1304 1903 1756 ] [   62    1   19 ] [  15352   7474   7839 ] [ 0 ],1.00,1.00,1.00,1.00,112.80,21.32,0.00,0.00,0.00,0.00,0.00,0.00,-0.00,0.00,0.00,0.00,0.00,0.00,0.00,0.00,0.00,0
6.61005,113,22,436,0,DRIVE [ 32 ] [ 1 ] [ 1292 1903 1760 ] [    0    0    0 ] [      0      0      0 ] [ 0 ],drive [ 32 ] [ 0 ] [ 1297 1903 1759 ] [   62    1   19 ] [  15352   7474   7839 ] [ 0 ],1.00,1.00,1.00,1.00,113.27,22.06,0.00,0.00,0.00,0.00,0.00,0.00,-0.00,0.00,0.00,0.00,0.00,0.00,0.00,0.00,0.00,0
6.62212,115,23,440,0,DRIVE [ 33 ] [ 1 ] [ 1285 1903 1761 ] [    0    0    0 ] [      0      0      0 ] [ 0 ],drive [ 32 ] [ 0 ] [ 1292 1903 1760 ] [   62    1   19 ] [  15352   7474   7839 ] [ 0 ],1.00,1.00,1.00,1.00,114.96,23.15,0.00,0.00,0.00,0.00,0.00,0.00,-0.00,0.00,0.00,0.00,0.00,0.00,0.00,0.00,0.00,0
6.63498,117,24,444,0,DRIVE [ 33 ] [ 1 ] [ 1279 1903 1762 ] [    0    0    0 ] [      0      0      0 ] [ 0 ],drive [ 33 ] [ 0 ] [ 1285 1903 1761 ] [   62    1   19 ] [  15354   7474   7839 ] [ 0 ],1.00,1.00,1.00,1.00,116.73,24.20,0.00,0.00,0.00,0.00,0.00,0.00,-0.00,0.00,0.00,0.00,0.00,0.00,0.00,0.00,0.00,0
6.64769,117,25,443,0,DRIVE [ 34 ] [ 1 ] [ 1273 1903 1763 ] [    0    0    0 ] [      0      0      0 ] [ 0 ],drive [ 33 ] [ 0 ] [ 1279 1903 1762 ] [   64    1   17 ] [  15354   7474   7839 ] [ 0 ],1.00,1.00,1.00,1.00,117.19,25.00,0.00,0.00,0.00,0.00,0.00,0.00,-0.00,0.00,0.00,0.00,0.00,0.00,0.00,0.00,0.00,0
6.66041,118,26,445,0,DRIVE [ 34 ] [ 1 ] [ 1267 1903 1764 ] [    0    0    0 ] [      0      0      0 ] [ 0 ],drive [ 34 ] [ 0 ] [ 1273 1903 1763 ] [   64    1   17 ] [  15354   7474   7839 ] [ 0 ],1.00,1.00,1.00,1.00,118.16,25.98,0.00,0.00,0.00,0.00,0.00,0.00,-0.00,0.00,0.00,0.00,0.00,0.00,0.00,0.00,0.00,0
6.67321,119,27,445,0,DRIVE [ 35 ] [ 1 ] [ 1262 1903 1766 ] [    0    0    0 ] [      0      0      0 ] [ 0 ],drive [ 34 ] [ 0 ] [ 1267 1903 1764 ] [   64    1   17 ] [  15354   7474   7839 ] [ 0 ],1.00,1.00,1.00,1.00,118.79,26.86,0.00,0.00,0.00,0.00,0.00,0.00,-0.00,0.00,0.00,0.00,0.00,0.00,0.00,0.00,0.00,0
6.68528,120,28,448,0,DRIVE [ 35 ] [ 1 ] [ 1257 1903 1767 ] [    0    0    0 ] [      0      0      0 ] [ 0 ],drive [ 35 ] [ 0 ] [ 1262 1903 1766 ] [   64    1   17 ] [  15357   7474   7838 ] [ 0 ],1.00,1.00,1.00,1.00,119.78,27.72,0.00,0.00,0.00,0.00,0.00,0.00,-0.00,0.00,0.00,0.00,0.00,0.00,0.00,0.00,0.00,0
6.69812,121,29,450,0,DRIVE [ 36 ] [ 1 ] [ 1252 1903 1768 ] [    0    0    0 ] [      0      0      0 ] [ 0 ],drive [ 35 ] [ 0 ] [ 1257 1903 1767 ] [   81    1   17 ] [  15357   7474   7838 ] [ 0 ],1.00,1.00,1.00,1.00,121.05,28.56,0.00,0.00,0.00,0.00,0.00,0.00,-0.00,0.00,0.00,0.00,0.00,0.00,0.00,0.00,0.00,0
6.71092,122,29,453,0,DRIVE [ 36 ] [ 1 ] [ 1248 1903 1768 ] [    0    0    0 ] [      0      0      0 ] [ 0 ],drive [ 36 ] [ 0 ] [ 1252 1903 1768 ] [   81    1   17 ] [  15357   7474   7838 ] [ 0 ],1.00,1.00,1.00,1.00,122.26,29.16,0.00,0.00,0.00,0.00,0.00,0.00,-0.00,0.00,0.00,0.00,0.00,0.00,0.00,0.00,0.00,0
6.72469,124,30,456,0,DRIVE [ 37 ] [ 1 ] [ 1245 1903 1768 ] [    0    0    0 ] [      0      0      0 ] [ 0 ],drive [ 36 ] [ 0 ] [ 1248 1903 1768 ] [   81    1   17 ] [  15357   7474   7838 ] [ 0 ],1.00,1.00,1.00,1.00,123.56,29.70,0.00,0.00,0.00,0.00,0.00,0.00,-0.00,0.00,0.00,0.00,0.00,0.00,0.00,0.00,0.00,0
6.73696,125,30,458,0,DRIVE [ 37 ] [ 1 ] [ 1243 1903 1768 ] [    0    0    0 ] [      0      0      0 ] [ 0 ],drive [ 37 ] [ 0 ] [ 1245 1903 1768 ] [   81    1   17 ] [  15479   7474   7828 ] [ 0 ],1.00,1.00,1.00,1.00,124.52,29.91,0.00,0.00,0.00,0.00,0.00,0.00,-0.00,0.00,0.00,0.00,0.00,0.00,0.00,0.00,0.00,0
6.74999,126,30,461,0,DRIVE [ 38 ] [ 1 ] [ 1242 1903 1767 ] [    0    0    0 ] [      0      0      0 ] [ 0 ],drive [ 37 ] [ 0 ] [ 1243 1903 1768 ] [   79    0   13 ] [  15479   7474   7828 ] [ 0 ],1.00,1.00,1.00,1.00,125.72,29.97,0.00,0.00,0.00,0.00,0.00,0.00,-0.00,0.00,0.00,0.00,0.00,0.00,0.00,0.00,0.00,0
6.76285,126,29,462,0,DRIVE [ 38 ] [ 1 ] [ 1243 1903 1765 ] [    0    0    0 ] [      0      0      0 ] [ 0 ],drive [ 38 ] [ 0 ] [ 1242 1903 1767 ] [   79    0   13 ] [  15479   7474   7828 ] [ 0 ],1.00,1.00,1.00,1.00,126.02,29.49,0.00,0.00,0.00,0.00,0.00,0.00,-0.00,0.00,0.00,0.00,0.00,0.00,0.00,0.00,0.00,0
6.77567,127,29,466,0,DRIVE [ 39 ] [ 1 ] [ 1244 1903 1764 ] [    0    0    0 ] [      0      0      0 ] [ 0 ],drive [ 38 ] [ 0 ] [ 1243 1903 1765 ] [   79    0   13 ] [  15479   7474   7828 ] [ 0 ],1.00,1.00,1.00,1.00,127.34,29.25,0.00,0.00,0.00,0.00,0.00,0.00,-0.00,0.00,0.00,0.00,0.00,0.00,0.00,0.00,0.00,0
6.78855,128,28,466,0,DRIVE [ 39 ] [ 1 ] [ 1246 1903 1761 ] [    0    0    0 ] [      0      0      0 ] [ 0 ],drive [ 39 ] [ 0 ] [ 1244 1903 1764 ] [   79    0   13 ] [  15479   7474   7828 ] [ 0 ],1.00,1.00,1.00,1.00,128.02,28.47,0.00,0.00,0.00,0.00,0.00,0.00,-0.00,0.00,0.00,0.00,0.00,0.00,0.00,0.00,0.00,0
6.801,128,28,466,0,DRIVE [ 40 ] [ 1 ] [ 1248 1903 1758 ] [    0    0    0 ] [      0      0      0 ] [ 0 ],drive [ 39 ] [ 0 ] [ 1246 1903 1761 ] [   79    0   14 ] [  15479   7474   7828 ] [ 0 ],1.00,1.00,1.00,1.00,128.18,27.58,0.00,0.00,0.00,0.00,0.00,0.00,-0.00,0.00,0.00,0.00,0.00,0.00,0.00,0.00,0.00,0
6.81395,129,27,469,0,DRIVE [ 40 ] [ 1 ] [ 1249 1903 1755 ] [    0    0    0 ] [      0      0      0 ] [ 0 ],drive [ 40 ] [ 0 ] [ 1248 1903 1758 ] [   79    0   14 ] [  15479   7474   7828 ] [ 0 ],1.00,1.00,1.00,1.00,129.40,26.82,0.00,0.00,0.00,0.00,0.00,0.00,-0.00,0.00,0.00,0.00,0.00,0.00,0.00,0.00,0.00,0
6.82699,131,26,472,0,DRIVE [ 41 ] [ 1 ] [ 1252 1903 1752 ] [    0    0    0 ] [      0      0      0 ] [ 0 ],drive [ 40 ] [ 0 ] [ 1249 1903 1755 ] [   79    0   14 ] [  15479   7474   7828 ] [ 0 ],1.00,1.00,1.00,1.00,130.55,26.12,0.00,0.00,0.00,0.00,0.00,0.00,-0.00,0.00,0.00,0.00,0.00,0.00,0.00,0.00,0.00,0
6.8405,132,25,475,0,DRIVE [ 41 ] [ 1 ] [ 1254 1903 1750 ] [    0    0    0 ] [      0      0      0 ] [ 0 ],drive [ 41 ] [ 0 ] [ 1252 1903 1752 ] [   79    0   14 ] [  15480   7474   7828 ] [ 0 ],1.00,1.00,1.00,1.00,131.69,25.49,0.00,0.00,0.00,0.00,0.00,0.00,-0.00,0.00,0.00,0.00,0.00,0.00,0.00,0.00,0.00,0
6.85318,133,25,478,0,DRIVE [ 42 ] [ 1 ] [ 1257 1903 1747 ] [    0    0    0 ] [      0      0      0 ] [ 0 ],drive [ 41 ] [ 0 ] [ 1254 1903 1750 ] [   79    0   15 ] [  15480   7474   7828 ] [ 0 ],1.00,1.00,1.00,1.00,132.59,24.59,0.00,0.00,0.00,0.00,0.00,0.00,-0.00,0.00,0.00,0.00,0.00,0.00,0.00,0.00,0.00,0
6.86639,134,24,480,0,DRIVE [ 42 ] [ 1 ] [ 1258 1903 1744 ] [    0    0    0 ] [      0      0      0 ] [ 0 ],drive [ 42 ] [ 0 ] [ 1257 1903 1747 ] [   79    0   15 ] [  15480   7474   7828 ] [ 0 ],1.00,1.00,1.00,1.00,133.56,23.83,0.00,0.00,0.00,0.00,0.00,0.00,-0.00,0.00,0.00,0.00,0.00,0.00,0.00,0.00,0.00,0
6.87927,134,23,481,0,DRIVE [ 43 ] [ 1 ] [ 1260 1903 1742 ] [    0    0    0 ] [      0      0      0 ] [ 0 ],drive [ 42 ] [ 0 ] [ 1258 1903 1744 ] [   79    0   15 ] [  15480   7474   7828 ] [ 0 ],1.00,1.00,1.00,1.00,133.99,22.99,0.00,0.00,0.00,0.00,0.00,0.00,-0.00,0.00,0.00,0.00,0.00,0.00,0.00,0.00,0.00,0
6.89186,136,22,485,0,DRIVE [ 43 ] [ 1 ] [ 1261 1903 1737 ] [    0    0    0 ] [      0      0      0 ] [ 0 ],drive [ 43 ] [ 0 ] [ 1260 1903 1742 ] [   79    0   15 ] [  15480   7476   7828 ] [ 0 ],1.00,1.00,1.00,1.00,136.22,21.92,0.00,0.00,0.00,0.00,0.00,0.00,-0.00,0.00,0.00,0.00,0.00,0.00,0.00,0.00,0.00,0
6.90485,138,21,487,0,DRIVE [ 44 ] [ 1 ] [ 1262 1903 1733 ] [    0    0    0 ] [      0      0      0 ] [ 0 ],drive [ 43 ] [ 0 ] [ 1261 1903 1737 ] [   79   -1   16 ] [  15480   7476   7828 ] [ 0 ],1.00,1.00,1.00,1.00,137.50,20.82,0.00,0.00,0.00,0.00,0.00,0.00,-0.00,0.00,0.00,0.00,0.00,0.00,0.00,0.00,0.00,0
6.91842,139,20,488,0,DRIVE [ 44 ] [ 1 ] [ 1262 1903 1729 ] [    0    0    0 ] [      0      0      0 ] [ 0 ],drive [ 44 ] [ 0 ] [ 1262 1903 1733 ] [   79   -1   16 ] [  15480   7476   7828 ] [ 0 ],1.00,1.00,1.00,1.00,138.62,19.93,0.00,0.00,0.00,0.00,0.00,0.00,-0.00,0.00,0.00,0.00,0.00,0.00,0.00,0.00,0.00,0
6.93322,140,19,489,0,DRIVE [ 45 ] [ 1 ] [ 1262 1903 1726 ] [    0    0    0 ] [      0      0      0 ] [ 0 ],drive [ 44 ] [ 0 ] [ 1262 1903 1729 ] [   79   -1   16 ] [  15479   7476   7829 ] [ 0 ],1.00,1.00,1.00,1.00,139.61,19.03,0.00,0.00,0.00,0.00,0.00,0.00,-0.00,0.00,0.00,0.00,0.00,0.00,0.00,0.00,0.00,0
6.94745,140,18,488,0,DRIVE [ 45 ] [ 1 ] [ 1262 1903 1722 ] [    0    0    0 ] [      0      0      0 ] [ 0 ],drive [ 45 ] [ 0 ] [ 1262 1903 1726 ] [   79    0   17 ] [  15479   7476   7829 ] [ 0 ],1.00,1.00,1.00,1.00,140.11,18.03,0.00,0.00,0.00,0.00,0.00,0.00,-0.00,0.00,0.00,0.00,0.00,0.00,0.00,0.00,0.00,0
6.96153,141,17,490,0,DRIVE [ 46 ] [ 1 ] [ 1264 1903 1719 ] [    0    0    0 ] [      0      0      0 ] [ 0 ],drive [ 45 ] [ 0 ] [ 1262 1903 1722 ] [   79    0   17 ] [  15479   7476   7829 ] [ 0 ],1.00,1.00,1.00,1.00,141.16,16.93,0.00,0.00,0.00,0.00,0.00,0.00,-0.00,0.00,0.00,0.00,0.00,0.00,0.00,0.00,0.00,0
6.97443,142,16,491,0,DRIVE [ 46 ] [ 1 ] [ 1265 1903 1715 ] [    0    0    0 ] [      0      0      0 ] [ 0 ],drive [ 46 ] [ 0 ] [ 1264 1903 1719 ] [   79    0   17 ] [  15479   7476   7829 ] [ 0 ],1.00,1.00,1.00,1.00,141.81,15.95,0.00,0.00,0.00,0.00,0.00,0.00,-0.00,0.00,0.00,0.00,0.00,0.00,0.00,0.00,0.00,0
6.98679,144,15,497,0,DRIVE [ 47 ] [ 1 ] [ 1266 1903 1712 ] [    0    0    0 ] [      0      0      0 ] [ 0 ],drive [ 46 ] [ 0 ] [ 1265 1903 1715 ] [   79    0   17 ] [  15479   7476   7829 ] [ 0 ],1.00,1.00,1.00,1.00,144.02,15.22,0.00,0.00,0.00,0.00,0.00,0.00,-0.00,0.00,0.00,0.00,0.00,0.00,0.00,0.00,0.00,0
6.99979,145,14,500,0,DRIVE [ 47 ] [ 1 ] [ 1267 1903 1709 ] [    0    0    0 ] [      0      0      0 ] [ 0 ],drive [ 47 ] [ 0 ] [ 1266 1903 1712 ] [   78   -1   18 ] [  15479   7476   7829 ] [ 0 ],1.00,1.00,1.00,1.00,145.33,14.34,0.00,0.00,0.00,0.00,0.00,0.00,-0.00,0.00,0.00,0.00,0.00,0.00,0.00,0.00,0.00,0
7.01288,147,13,503,0,DRIVE [ 48 ] [ 1 ] [ 1269 1903 1706 ] [    0    0    0 ] [      0      0      0 ] [ 0 ],drive [ 47 ] [ 0 ] [ 1267 1903 1709 ] [   78   -1   18 ] [  15479   7476   7829 ] [ 0 ],1.00,1.00,1.00,1.00,146.58,13.22,0.00,0.00,0.00,0.00,0.00,0.00,-0.00,0.00,0.00,0.00,0.00,0.00,0.00,0.00,0.00,0
7.02545,147,12,504,0,DRIVE [ 48 ] [ 1 ] [ 1273 1903 1702 ] [    0    0    0 ] [      0      0      0 ] [ 0 ],drive [ 48 ] [ 0 ] [ 1269 1903 1706 ] [   78   -1   18 ] [  15479   7476   7829 ] [ 0 ],1.00,1.00,1.00,1.00,147.23,11.85,0.00,0.00,0.00,0.00,0.00,0.00,-0.00,0.00,0.00,0.00,0.00,0.00,0.00,0.00,0.00,0
7.03868,148,10,507,0,DRIVE [ 49 ] [ 1 ] [ 1278 1903 1699 ] [    0    0    0 ] [      0      0      0 ] [ 0 ],drive [ 48 ] [ 0 ] [ 1273 1903 1702 ] [   78   -1   18 ] [  15479   7476   7832 ] [ 0 ],1.00,1.00,1.00,1.00,147.78,10.49,0.00,0.00,0.00,0.00,0.00,0.00,-0.00,0.00,0.00,0.00,0.00,0.00,0.00,0.00,0.00,0
7.05173,148,9,508,0,DRIVE [ 49 ] [ 1 ] [ 1282 1903 1695 ] [    0    0    0 ] [      0      0      0 ] [ 0 ],drive [ 49 ] [ 0 ] [ 1278 1903 1699 ] [   78   -1   19 ] [  15479   7476   7832 ] [ 0 ],1.00,1.00,1.00,1.00,148.07,9.15,0.00,0.00,0.00,0.00,0.00,0.00,-0.00,0.00,0.00,0.00,0.00,0.00,0.00,0.00,0.00,0
7.06478,148,8,508,0,DRIVE [ 50 ] [ 1 ] [ 1288 1903 1693 ] [    0    0    0 ] [      0      0      0 ] [ 0 ],drive [ 49 ] [ 0 ] [ 1282 1903 1695 ] [   78   -1   19 ] [  15479   7476   7832 ] [ 0 ],1.00,1.00,1.00,1.00,147.59,7.76,0.00,0.00,0.00,0.00,0.00,0.00,-0.00,0.00,0.00,0.00,0.00,0.00,0.00,0.00,0.00,0
7.07781,147,6,508,0,DRIVE [ 50 ] [ 1 ] [ 1292 1903 1690 ] [    0    0    0 ] [      0      0      0 ] [ 0 ],drive [ 50 ] [ 0 ] [ 1288 1903 1693 ] [   78   -1   19 ] [  15479   7476   7832 ] [ 0 ],1.00,1.00,1.00,1.00,147.13,6.38,0.00,0.00,0.00,0.00,0.00,0.00,-0.00,0.00,0.00,0.00,0.00,0.00,0.00,0.00,0.00,0
7.09032,147,5,508,0,DRIVE [ 51 ] [ 1 ] [ 1298 1903 1688 ] [    0    0    0 ] [      0      0      0 ] [ 0 ],drive [ 50 ] [ 0 ] [ 1292 1903 1690 ] [   78   -1   19 ] [  15480   7476   7833 ] [ 0 ],1.00,1.00,1.00,1.00,146.79,5.19,0.00,0.00,0.00,0.00,0.00,0.00,-0.00,0.00,0.00,0.00,0.00,0.00,0.00,0.00,0.00,0
7.10341,148,4,512,0,DRIVE [ 51 ] [ 1 ] [ 1303 1903 1685 ] [    0    0    0 ] [      0      0      0 ] [ 0 ],drive [ 51 ] [ 0 ] [ 1298 1903 1688 ] [   75    0   21 ] [  15480   7476   7833 ] [ 0 ],1.00,1.00,1.00,1.00,147.62,3.99,0.00,0.00,0.00,0.00,0.00,0.00,-0.00,0.00,0.00,0.00,0.00,0.00,0.00,0.00,0.00,0
7.11655,147,3,512,0,DRIVE [ 52 ] [ 1 ] [ 1309 1903 1682 ] [    0    0    0 ] [      0      0      0 ] [ 0 ],drive [ 51 ] [ 0 ] [ 1303 1903 1685 ] [   75    0   21 ] [  15480   7476   7833 ] [ 0 ],1.00,1.00,1.00,1.00,146.91,2.52,0.00,0.00,0.00,0.00,0.00,0.00,-0.00,0.00,0.00,0.00,0.00,0.00,0.00,0.00,0.00,0
7.12958,147,1,515,0,DRIVE [ 52 ] [ 1 ] [ 1314 1903 1680 ] [    0    0    0 ] [      0      0      0 ] [ 0 ],drive [ 52 ] [ 0 ] [ 1309 1903 1682 ] [   75    0   21 ] [  15480   7476   7833 ] [ 0 ],1.00,1.00,1.00,1.00,147.18,1.24,0.00,0.00,0.00,0.00,0.00,0.00,-0.00,0.00,0.00,0.00,0.00,0.00,0.00,0.00,0.00,0
7.14258,147,0,515,0,DRIVE [ 53 ] [ 1 ] [ 1318 1903 1677 ] [    0    0    0 ] [      0      0      0 ] [ 0 ],drive [ 52 ] [ 0 ] [ 1314 1903 1680 ] [   75    0   21 ] [  15479   7480   7836 ] [ 0 ],1.00,1.00,1.00,1.00,146.91,0.15,0.00,0.00,0.00,0.00,0.00,0.00,-0.00,0.00,0.00,0.00,0.00,0.00,0.00,0.00,0.00,0
7.15526,147,-1,515,0,DRIVE [ 53 ] [ 1 ] [ 1321 1903 1676 ] [    0    0    0 ] [      0      0      0 ] [ 0 ],drive [ 53 ] [ 0 ] [ 1318 1903 1677 ] [   74   -1   25 ] [  15479   7480   7836 ] [ 0 ],1.00,1.00,1.00,1.00,146.71,-0.74,0.00,0.00,0.00,0.00,0.00,0.00,-0.00,0.00,0.00,0.00,0.00,0.00,0.00,0.00,0.00,0
7.16841,147,-1,518,0,DRIVE [ 54 ] [ 1 ] [ 1325 1903 1675 ] [    0    0    0 ] [      0      0      0 ] [ 0 ],drive [ 53 ] [ 0 ] [ 1321 1903 1676 ] [   74   -1   25 ] [  15479   7480   7836 ] [ 0 ],1.00,1.00,1.00,1.00,146.88,-1.45,0.00,0.00,0.00,0.00,0.00,0.00,-0.00,0.00,0.00,0.00,0.00,0.00,0.00,0.00,0.00,0
7.18138,146,-2,516,0,DRIVE [ 54 ] [ 1 ] [ 1328 1903 1674 ] [    0    0    0 ] [      0      0      0 ] [ 0 ],drive [ 54 ] [ 0 ] [ 1325 1903 1675 ] [   74   -1   25 ] [  15477   7481   7842 ] [ 0 ],1.00,1.00,1.00,1.00,145.90,-1.81,0.00,0.00,0.00,0.00,0.00,0.00,-0.00,0.00,0.00,0.00,0.00,0.00,0.00,0.00,0.00,0
7.19449,146,-2,517,0,DRIVE [ 55 ] [ 1 ] [ 1332 1903 1674 ] [    0    0    0 ] [      0      0      0 ] [ 0 ],drive [ 54 ] [ 0 ] [ 1328 1903 1674 ] [   74   -1   25 ] [  15477   7481   7842 ] [ 0 ],1.00,1.00,1.00,1.00,145.62,-2.37,0.00,0.00,0.00,0.00,0.00,0.00,-0.00,0.00,0.00,0.00,0.00,0.00,0.00,0.00,0.00,0
7.20748,145,-3,517,0,DRIVE [ 55 ] [ 1 ] [ 1336 1903 1674 ] [    0    0    0 ] [      0      0      0 ] [ 0 ],drive [ 55 ] [ 0 ] [ 1332 1903 1674 ] [   72    0   27 ] [  15477   7481   7842 ] [ 0 ],1.00,1.00,1.00,1.00,144.76,-2.81,0.00,0.00,0.00,0.00,0.00,0.00,-0.00,0.00,0.00,0.00,0.00,0.00,0.00,0.00,0.00,0
7.22006,143,-3,514,0,DRIVE [ 56 ] [ 1 ] [ 1340 1903 1674 ] [    0    0    0 ] [      0      0      0 ] [ 0 ],drive [ 55 ] [ 0 ] [ 1336 1903 1674 ] [   72    0   27 ] [  15477   7481   7842 ] [ 0 ],1.00,1.00,1.00,1.00,142.97,-3.16,0.00,0.00,0.00,0.00,0.00,0.00,-0.00,0.00,0.00,0.00,0.00,0.00,0.00,0.00,0.00,0
7.23321,143,-4,516,0,DRIVE [ 56 ] [ 1 ] [ 1344 1903 1674 ] [    0    0    0 ] [      0      0      0 ] [ 0 ],drive [ 56 ] [ 0 ] [ 1340 1903 1674 ] [   72    0   27 ] [  15477   7481   7844 ] [ 0 ],1.00,1.00,1.00,1.00,142.87,-3.65,0.00,0.00,0.00,0.00,0.00,0.00,-0.00,0.00,0.00,0.00,0.00,0.00,0.00,0.00,0.00,0
7.24621,142,-4,517,0,DRIVE [ 57 ] [ 1 ] [ 1348 1903 1675 ] [    0    0    0 ] [      0      0      0 ] [ 0 ],drive [ 56 ] [ 0 ] [ 1344 1903 1674 ] [   71   -1   28 ] [  15477   7481   7844 ] [ 0 ],1.00,1.00,1.00,1.00,142.18,-3.84,0.00,0.00,0.00,0.00,0.00,0.00,-0.00,0.00,0.00,0.00,0.00,0.00,0.00,0.00,0.00,0
7.25937,141,-4,516,0,DRIVE [ 57 ] [ 1 ] [ 1353 1903 1676 ] [    0    0    0 ] [      0      0      0 ] [ 0 ],drive [ 57 ] [ 0 ] [ 1348 1903 1675 ] [   71   -1   28 ] [  15477   7481   7844 ] [ 0 ],1.00,1.00,1.00,1.00,140.73,-3.97,0.00,0.00,0.00,0.00,0.00,0.00,-0.00,0.00,0.00,0.00,0.00,0.00,0.00,0.00,0.00,0
7.27219,140,-4,518,0,DRIVE [ 58 ] [ 1 ] [ 1358 1903 1677 ] [    0    0    0 ] [      0      0      0 ] [ 0 ],drive [ 57 ] [ 0 ] [ 1353 1903 1676 ] [   71   -1   28 ] [  15477   7481   7844 ] [ 0 ],1.00,1.00,1.00,1.00,140.12,-4.29,0.00,0.00,0.00,0.00,0.00,0.00,-0.00,0.00,0.00,0.00,0.00,0.00,0.00,0.00,0.00,0
7.28456,138,-4,518,0,DRIVE [ 58 ] [ 1 ] [ 1365 1903 1679 ] [    0    0    0 ] [      0      0      0 ] [ 0 ],drive [ 58 ] [ 0 ] [ 1358 1903 1677 ] [   71   -1   28 ] [  15477   7481   7845 ] [ 0 ],1.00,1.00,1.00,1.00,138.31,-4.48,0.00,0.00,0.00,0.00,0.00,0.00,-0.00,0.00,0.00,0.00,0.00,0.00,-0.00,0.00,0.00,0
7.2997,137,-5,518,0,DRIVE [ 59 ] [ 1 ] [ 1371 1903 1681 ] [    0    0    0 ] [      0      0      0 ] [ 0 ],drive [ 58 ] [ 0 ] [ 1365 1903 1679 ] [   69   -1   28 ] [  15477   7481   7845 ] [ 0 ],1.00,1.00,1.00,1.00,137.04,-4.64,0.00,0.00,0.00,0.00,0.00,0.00,-0.00,0.00,0.00,0.00,0.00,0.00,-0.00,0.00,0.00,0
7.31295,135,-5,517,0,DRIVE [ 59 ] [ 1 ] [ 1377 1903 1683 ] [    0    0    0 ] [      0      0      0 ] [ 0 ],drive [ 59 ] [ 0 ] [ 1371 1903 1681 ] [   69   -1   28 ] [  15477   7481   7845 ] [ 0 ],1.00,1.00,1.00,1.00,135.22,-4.79,0.00,0.00,0.00,0.00,0.00,0.00,-0.00,0.00,0.00,0.00,0.00,0.00,-0.00,0.00,0.00,0
7.32616,134,-5,516,0,DRIVE [ 60 ] [ 1 ] [ 1382 1903 1685 ] [    0    0    0 ] [      0      0      0 ] [ 0 ],drive [ 59 ] [ 0 ] [ 1377 1903 1683 ] [   69   -1   28 ] [  15477   7481   7845 ] [ 0 ],1.00,1.00,1.00,1.00,133.77,-4.74,0.00,0.00,0.00,0.00,0.00,0.00,-0.00,0.00,0.00,0.00,0.00,0.00,-0.00,0.00,0.00,0
7.33924,133,-5,517,0,DRIVE [ 60 ] [ 1 ] [ 1387 1903 1687 ] [    0    0    0 ] [      0      0      0 ] [ 0 ],drive [ 60 ] [ 0 ] [ 1382 1903 1685 ] [   69   -1   28 ] [  15475   7484   7844 ] [ 0 ],1.00,1.00,1.00,1.00,132.61,-4.77,0.00,0.00,0.00,0.00,0.00,0.00,-0.00,0.00,0.00,0.00,0.00,0.00,-0.00,0.00,0.00,0
7.3517,132,-5,517,0,DRIVE [ 61 ] [ 1 ] [ 1391 1903 1688 ] [    0    0    0 ] [      0      0      0 ] [ 0 ],drive [ 60 ] [ 0 ] [ 1387 1903 1687 ] [   67   -1   27 ] [  15475   7484   7844 ] [ 0 ],1.00,1.00,1.00,1.00,131.59,-4.77,0.00,0.00,0.00,0.00,0.00,0.00,-0.00,0.00,0.00,0.00,0.00,0.00,-0.00,0.00,0.00,0
7.3647,131,-4,519,0,DRIVE [ 61 ] [ 1 ] [ 1396 1903 1692 ] [    0    0    0 ] [      0      0      0 ] [ 0 ],drive [ 61 ] [ 0 ] [ 1391 1903 1688 ] [   67   -1   27 ] [  15475   7484   7844 ] [ 0 ],1.00,1.00,1.00,1.00,130.54,-4.45,0.00,0.00,0.00,0.00,0.00,0.00,-0.00,0.00,0.00,0.00,0.00,0.00,-0.00,0.00,0.00,0
7.37771,129,-4,519,0,DRIVE [ 62 ] [ 1 ] [ 1401 1903 1695 ] [    0    0    0 ] [      0      0      0 ] [ 0 ],drive [ 61 ] [ 0 ] [ 1396 1903 1692 ] [   67   -1   27 ] [  15475   7484   7844 ] [ 0 ],1.00,1.00,1.00,1.00,128.83,-3.98,0.00,0.00,0.00,0.00,0.00,0.00,-0.00,0.00,0.00,0.00,0.00,0.00,-0.00,0.00,0.00,0
7.39075,128,-4,521,0,DRIVE [ 62 ] [ 1 ] [ 1405 1903 1699 ] [    0    0    0 ] [      0      0      0 ] [ 0 ],drive [ 62 ] [ 0 ] [ 1401 1903 1695 ] [   67   -1   27 ] [  15474   7484   7844 ] [ 0 ],1.00,1.00,1.00,1.00,127.87,-3.51,0.00,0.00,0.00,0.00,0.00,0.00,-0.00,0.00,0.00,0.00,0.00,0.00,-0.00,0.00,0.00,0
7.40332,126,-3,520,0,DRIVE [ 63 ] [ 1 ] [ 1410 1903 1701 ] [    0    0    0 ] [      0      0      0 ] [ 0 ],drive [ 62 ] [ 0 ] [ 1405 1903 1699 ] [   65    0   26 ] [  15474   7484   7844 ] [ 0 ],1.00,1.00,1.00,1.00,126.30,-3.19,0.00,0.00,0.00,0.00,0.00,0.00,-0.00,0.00,0.00,0.00,0.00,0.00,-0.00,0.00,0.00,0
7.41649,125,-3,520,0,DRIVE [ 63 ] [ 1 ] [ 1414 1903 1704 ] [    0    0    0 ] [      0      0      0 ] [ 0 ],drive [ 63 ] [ 0 ] [ 1410 1903 1701 ] [   65    0   26 ] [  15474   7484   7844 ] [ 0 ],1.00,1.00,1.00,1.00,124.97,-2.70,0.00,0.00,0.00,0.00,0.00,0.00,-0.00,0.00,0.00,0.00,0.00,0.00,-0.00,0.00,0.00,0
7.42964,124,-2,520,0,DRIVE [ 64 ] [ 1 ] [ 1417 1903 1707 ] [    0    0    0 ] [      0      0      0 ] [ 0 ],drive [ 63 ] [ 0 ] [ 1414 1903 1704 ] [   65    0   26 ] [  15474   7484   7844 ] [ 0 ],1.00,1.00,1.00,1.00,123.85,-2.27,0.00,0.00,0.00,0.00,0.00,0.00,-0.00,0.00,0.00,0.00,0.00,0.00,-0.00,0.00,0.00,0
7.44258,123,-2,520,0,DRIVE [ 64 ] [ 1 ] [ 1420 1903 1710 ] [    0    0    0 ] [      0      0      0 ] [ 0 ],drive [ 64 ] [ 0 ] [ 1417 1903 1707 ] [   65    0   26 ] [  15473   7484   7844 ] [ 0 ],1.00,1.00,1.00,1.00,122.75,-1.74,0.00,0.00,0.00,0.00,0.00,0.00,-0.00,0.00,0.00,0.00,0.00,0.00,-0.00,0.00,0.00,0
7.4555,123,-1,523,0,DRIVE [ 65 ] [ 1 ] [ 1422 1903 1713 ] [    0    0    0 ] [      0      0      0 ] [ 0 ],drive [ 64 ] [ 0 ] [ 1420 1903 1710 ] [   63    0   24 ] [  15473   7484   7844 ] [ 0 ],1.00,1.00,1.00,1.00,122.79,-1.32,0.00,0.00,0.00,0.00,0.00,0.00,-0.00,0.00,0.00,0.00,0.00,0.00,-0.00,0.00,0.00,0
7.4683,122,-1,523,0,DRIVE [ 65 ] [ 1 ] [ 1423 1903 1715 ] [    0    0    0 ] [      0      0      0 ] [ 0 ],drive [ 65 ] [ 0 ] [ 1422 1903 1713 ] [   63    0   24 ] [  15473   7484   7844 ] [ 0 ],1.00,1.00,1.00,1.00,121.84,-0.69,0.00,0.00,0.00,0.00,0.00,0.00,-0.00,0.00,0.00,0.00,0.00,0.00,-0.00,0.00,0.00,0
7.48148,121,0,522,0,DRIVE [ 66 ] [ 1 ] [ 1424 1903 1718 ] [    0    0    0 ] [      0      0      0 ] [ 0 ],drive [ 65 ] [ 0 ] [ 1423 1903 1715 ] [   63    0   24 ] [  15472   7484   7844 ] [ 0 ],1.00,1.00,1.00,1.00,120.90,-0.04,0.00,0.00,0.00,0.00,0.00,0.00,-0.00,0.00,0.00,0.00,0.00,0.00,-0.00,0.00,0.00,0
7.49455,120,1,522,0,DRIVE [ 66 ] [ 1 ] [ 1425 1903 1720 ] [    0    0    0 ] [      0      0      0 ] [ 0 ],drive [ 66 ] [ 0 ] [ 1424 1903 1718 ] [   63    0   24 ] [  15472   7484   7844 ] [ 0 ],1.00,1.00,1.00,1.00,120.50,0.56,0.00,0.00,0.00,0.00,0.00,0.00,-0.00,0.00,0.00,0.00,0.00,0.00,-0.00,-0.00,0.00,0
7.50757,120,1,521,0,DRIVE [ 67 ] [ 1 ] [ 1425 1903 1722 ] [    0    0    0 ] [      0      0      0 ] [ 0 ],drive [ 66 ] [ 0 ] [ 1425 1903 1720 ] [   61   -1   24 ] [  15472   7484   7844 ] [ 0 ],1.00,1.00,1.00,1.00,119.90,1.12,0.00,0.00,0.00,0.00,0.00,0.00,-0.00,0.00,0.00,0.00,0.00,0.00,-0.00,-0.00,0.00,0
7.52028,120,2,523,0,DRIVE [ 67 ] [ 1 ] [ 1424 1903 1724 ] [    0    0    0 ] [      0      0      0 ] [ 0 ],drive [ 67 ] [ 0 ] [ 1425 1903 1722 ] [   61   -1   24 ] [  15472   7484   7844 ] [ 0 ],1.00,1.00,1.00,1.00,120.10,1.64,0.00,0.00,0.00,0.00,0.00,0.00,-0.00,0.00,0.00,0.00,0.00,0.00,-0.00,-0.00,0.00,0
7.53356,121,2,526,0,DRIVE [ 68 ] [ 1 ] [ 1423 1903 1725 ] [    0    0    0 ] [      0      0      0 ] [ 0 ],drive [ 67 ] [ 0 ] [ 1424 1903 1724 ] [   61   -1   24 ] [  15471   7484   7844 ] [ 0 ],1.00,1.00,1.00,1.00,120.69,2.23,0.00,0.00,0.00,0.00,0.00,0.00,-0.00,0.00,0.00,0.00,0.00,0.00,-0.00,-0.00,0.00,0
7.54644,120,3,523,0,DRIVE [ 68 ] [ 1 ] [ 1421 1903 1726 ] [    0    0    0 ] [      0      0      0 ] [ 0 ],drive [ 68 ] [ 0 ] [ 1423 1903 1725 ] [   62   -1   23 ] [  15471   7484   7844 ] [ 0 ],1.00,1.00,1.00,1.00,120.34,2.67,0.00,0.00,0.00,0.00,0.00,0.00,-0.00,0.00,0.00,0.00,0.00,0.00,-0.00,-0.00,0.00,0
7.56037,120,3,521,0,DRIVE [ 69 ] [ 1 ] [ 1418 1903 1726 ] [    0    0    0 ] [      0      0      0 ] [ 0 ],drive [ 68 ] [ 0 ] [ 1421 1903 1726 ] [   62   -1   23 ] [  15471   7484   7844 ] [ 0 ],1.00,1.00,1.00,1.00,120.37,2.92,0.00,0.00,0.00,0.00,0.00,0.00,-0.00,0.00,0.00,0.00,0.00,0.00,-0.00,-0.00,0.00,0
7.57377,121,3,522,0,DRIVE [ 69 ] [ 1 ] [ 1415 1903 1726 ] [    0    0    0 ] [      0      0      0 ] [ 0 ],drive [ 69 ] [ 0 ] [ 1418 1903 1726 ] [   62   -1   23 ] [  15471   7484   7844 ] [ 0 ],1.00,1.00,1.00,1.00,121.20,3.19,0.00,0.00,0.00,0.00,0.00,0.00,-0.00,0.00,0.00,0.00,0.00,0.00,-0.00,-0.00,0.00,0
7.58651,121,3,520,0,DRIVE [ 70 ] [ 1 ] [ 1413 1903 1725 ] [    0    0    0 ] [      0      0      0 ] [ 0 ],drive [ 69 ] [ 0 ] [ 1415 1903 1726 ] [   62   -1   23 ] [  15471   7484   7844 ] [ 0 ],1.00,1.00,1.00,1.00,121.42,3.25,0.00,0.00,0.00,0.00,0.00,0.00,-0.00,0.00,0.00,0.00,0.00,0.00,-0.00,-0.00,0.00,0
7.59946,122,3,519,0,DRIVE [ 70 ] [ 1 ] [ 1409 1903 1724 ] [    0    0    0 ] [      0      0      0 ] [ 0 ],drive [ 70 ] [ 0 ] [ 1413 1903 1725 ] [   64   -1   23 ] [  15471   7484   7844 ] [ 0 ],1.00,1.00,1.00,1.00,121.94,3.35,0.00,0.00,0.00,0.00,0.00,0.00,-0.00,0.00,0.00,0.00,0.00,0.00,-0.00,-0.00,0.00,0
7.61256,123,3,519,0,DRIVE [ 71 ] [ 1 ] [ 1405 1903 1723 ] [    0    0    0 ] [      0      0      0 ] [ 0 ],drive [ 70 ] [ 0 ] [ 1409 1903 1724 ] [   64   -1   23 ] [  15471   7484   7844 ] [ 0 ],1.00,1.00,1.00,1.00,123.10,3.39,0.00,0.00,0.00,0.00,0.00,0.00,-0.00,0.00,0.00,0.00,0.00,0.00,-0.00,-0.00,0.00,0
7.62509,124,4,517,0,DRIVE [ 71 ] [ 1 ] [ 1398 1903 1721 ] [    0    0    0 ] [      0      0      0 ] [ 0 ],drive [ 71 ] [ 0 ] [ 1405 1903 1723 ] [   64   -1   23 ] [  15471   7484   7844 ] [ 0 ],1.00,1.00,1.00,1.00,124.18,3.57,0.00,0.00,0.00,0.00,0.00,0.00,-0.00,0.00,0.00,0.00,0.00,0.00,-0.00,-0.00,0.00,0
7.63828,126,4,519,0,DRIVE [ 72 ] [ 1 ] [ 1392 1903 1719 ] [    0    0    0 ] [      0      0      0 ] [ 0 ],drive [ 71 ] [ 0 ] [ 1398 1903 1721 ] [   64   -1   23 ] [  15472   7484   7844 ] [ 0 ],1.00,1.00,1.00,1.00,126.06,3.67,0.00,0.00,0.00,0.00,0.00,0.00,-0.00,0.00,0.00,0.00,0.00,0.00,-0.00,-0.00,0.00,0
7.65127,127,4,518,0,DRIVE [ 72 ] [ 1 ] [ 1386 1903 1717 ] [    0    0    0 ] [      0      0      0 ] [ 0 ],drive [ 72 ] [ 0 ] [ 1392 1903 1719 ] [   66   -1   23 ] [  15472   7484   7844 ] [ 0 ],1.00,1.00,1.00,1.00,127.28,3.73,0.00,0.00,0.00,0.00,0.00,0.00,-0.00,0.00,0.00,0.00,0.00,0.00,0.00,0.00,0.00,0
7.66433,129,4,519,0,DRIVE [ 73 ] [ 1 ] [ 1381 1903 1714 ] [    0    0    0 ] [      0      0      0 ] [ 0 ],drive [ 72 ] [ 0 ] [ 1386 1903 1717 ] [   66   -1   23 ] [  15472   7484   7844 ] [ 0 ],1.00,1.00,1.00,1.00,129.02,3.69,0.00,0.00,0.00,0.00,0.00,0.00,-0.00,0.00,0.00,0.00,0.00,0.00,0.00,0.00,0.00,0
7.67723,130,4,517,0,DRIVE [ 73 ] [ 1 ] [ 1375 1903 1712 ] [    0    0    0 ] [      0      0      0 ] [ 0 ],drive [ 73 ] [ 0 ] [ 1381 1903 1714 ] [   66   -1   23 ] [  15472   7484   7844 ] [ 0 ],1.00,1.00,1.00,1.00,130.19,3.80,0.00,0.00,0.00,0.00,0.00,0.00,-0.00,0.00,0.00,0.00,0.00,0.00,0.00,0.00,0.00,0
7.68968,131,4,516,0,DRIVE [ 74 ] [ 1 ] [ 1369 1903 1710 ] [    0    0    0 ] [      0      0      0 ] [ 0 ],drive [ 73 ] [ 0 ] [ 1375 1903 1712 ] [   66   -1   23 ] [  15472   7484   7844 ] [ 0 ],1.00,1.00,1.00,1.00,131.40,3.88,0.00,0.00,0.00,0.00,0.00,0.00,-0.00,0.00,0.00,0.00,0.00,0.00,0.00,0.00,0.00,0
7.70253,132,4,514,0,DRIVE [ 74 ] [ 1 ] [ 1363 1903 1709 ] [    0    0    0 ] [      0      0      0 ] [ 0 ],drive [ 74 ] [ 0 ] [ 1369 1903 1710 ] [   66   -1   25 ] [  15472   7484   7844 ] [ 0 ],1.00,1.00,1.00,1.00,132.27,4.06,0.00,0.00,0.00,0.00,0.00,0.00,-0.00,0.00,0.00,0.00,0.00,0.00,0.00,0.00,0.00,0
7.71576,134,4,516,0,DRIVE [ 75 ] [ 1 ] [ 1357 1903 1707 ] [    0    0    0 ] [      0      0      0 ] [ 0 ],drive [ 74 ] [ 0 ] [ 1363 1903 1709 ] [   66   -1   25 ] [  15472   7484   7844 ] [ 0 ],1.00,1.00,1.00,1.00,134.13,4.19,0.00,0.00,0.00,0.00,0.00,0.00,-0.00,0.00,0.00,0.00,0.00,0.00,0.00,0.00,0.00,0
7.72879,136,5,518,0,DRIVE [ 75 ] [ 1 ] [ 1350 1903 1705 ] [    0    0    0 ] [      0      0      0 ] [ 0 ],drive [ 75 ] [ 0 ] [ 1357 1903 1707 ] [   66   -1   25 ] [  15472   7484   7844 ] [ 0 ],1.00,1.00,1.00,1.00,136.38,4.62,0.00,0.00,0.00,0.00,0.00,0.00,-0.00,0.00,0.00,0.00,0.00,0.00,0.00,0.00,0.00,0
7.74167,137,5,515,0,DRIVE [ 76 ] [ 1 ] [ 1343 1903 1704 ] [    0    0    0 ] [      0      0      0 ] [ 0 ],drive [ 75 ] [ 0 ] [ 1350 1903 1705 ] [   66   -1   25 ] [  15473   7484   7848 ] [ 0 ],1.00,1.00,1.00,1.00,137.16,4.87,0.00,0.00,0.00,0.00,0.00,0.00,-0.00,0.00,0.00,0.00,0.00,0.00,0.00,0.00,0.00,0
7.75406,139,5,515,0,DRIVE [ 76 ] [ 1 ] [ 1337 1903 1703 ] [    0    0    0 ] [      0      0      0 ] [ 0 ],drive [ 76 ] [ 0 ] [ 1343 1903 1704 ] [   68   -1   29 ] [  15473   7484   7848 ] [ 0 ],1.00,1.00,1.00,1.00,138.52,5.15,0.00,0.00,0.00,0.00,0.00,0.00,-0.00,0.00,0.00,0.00,0.00,0.00,0.00,0.00,0.00,0
7.76755,139,5,513,0,DRIVE [ 77 ] [ 1 ] [ 1333 1903 1701 ] [    0    0    0 ] [      0      0      0 ] [ 0 ],drive [ 76 ] [ 0 ] [ 1337 1903 1703 ] [   68   -1   29 ] [  15473   7484   7848 ] [ 0 ],1.00,1.00,1.00,1.00,138.93,5.28,0.00,0.00,0.00,0.00,0.00,0.00,-0.00,0.00,0.00,0.00,0.00,0.00,0.00,0.00,0.00,0
7.7805,140,6,514,0,DRIVE [ 77 ] [ 1 ] [ 1328 1903 1701 ] [    0    0    0 ] [      0      0      0 ] [ 0 ],drive [ 77 ] [ 0 ] [ 1333 1903 1701 ] [   68   -1   29 ] [  15474   7484   7853 ] [ 0 ],1.00,1.00,1.00,1.00,140.19,5.71,0.00,0.00,0.00,0.00,0.00,0.00,-0.00,0.00,0.00,0.00,0.00,0.00,0.00,0.00,0.00,0
7.79342,141,6,512,0,DRIVE [ 78 ] [ 1 ] [ 1323 1903 1700 ] [    0    0    0 ] [      0      0      0 ] [ 0 ],drive [ 77 ] [ 0 ] [ 1328 1903 1701 ] [   68   -1   29 ] [  15474   7484   7853 ] [ 0 ],1.00,1.00,1.00,1.00,140.69,5.96,0.00,0.00,0.00,0.00,0.00,0.00,-0.00,0.00,0.00,0.00,0.00,0.00,0.00,0.00,0.00,0
7.80647,141,6,510,0,DRIVE [ 78 ] [ 1 ] [ 1321 1903 1700 ] [    0    0    0 ] [      0      0      0 ] [ 0 ],drive [ 78 ] [ 0 ] [ 1323 1903 1700 ] [   72   -1   30 ] [  15474   7484   7853 ] [ 0 ],1.00,1.00,1.00,1.00,140.67,6.06,0.00,0.00,0.00,0.00,0.00,0.00,-0.00,0.00,0.00,0.00,0.00,0.00,0.00,0.00,0.00,0
7.81896,142,6,512,0,DRIVE [ 79 ] [ 1 ] [ 1319 1903 1699 ] [    0    0    0 ] [      0      0      0 ] [ 0 ],drive [ 78 ] [ 0 ] [ 1321 1903 1700 ] [   72   -1   30 ] [  15474   7484   7853 ] [ 0 ],1.00,1.00,1.00,1.00,141.82,6.06,0.00,0.00,0.00,0.00,0.00,0.00,-0.00,0.00,0.00,0.00,0.00,0.00,0.00,0.00,0.00,0
7.83358,142,6,513,0,DRIVE [ 79 ] [ 1 ] [ 1318 1903 1698 ] [    0    0    0 ] [      0      0      0 ] [ 0 ],drive [ 79 ] [ 0 ] [ 1319 1903 1699 ] [   72   -1   30 ] [  15475   7484   7853 ] [ 0 ],1.00,1.00,1.00,1.00,142.47,6.05,0.00,0.00,0.00,0.00,0.00,0.00,-0.00,0.00,0.00,0.00,0.00,0.00,0.00,0.00,0.00,0
7.84795,143,6,514,0,DRIVE [ 80 ] [ 1 ] [ 1316 1903 1698 ] [    0    0    0 ] [      0      0      0 ] [ 0 ],drive [ 79 ] [ 0 ] [ 1318 1903 1698 ] [   73    0   31 ] [  15475   7484   7853 ] [ 0 ],1.00,1.00,1.00,1.00,143.04,6.17,0.00,0.00,0.00,0.00,0.00,0.00,-0.00,0.00,0.00,0.00,0.00,0.00,0.00,0.00,0.00,0
7.86119,142,6,510,0,DRIVE [ 80 ] [ 1 ] [ 1315 1903 1698 ] [    0    0    0 ] [      0      0      0 ] [ 0 ],drive [ 80 ] [ 0 ] [ 1316 1903 1698 ] [   73    0   31 ] [  15475   7484   7853 ] [ 0 ],1.00,1.00,1.00,1.00,142.21,6.18,0.00,0.00,0.00,0.00,0.00,0.00,-0.00,0.00,0.00,0.00,0.00,0.00,0.00,0.00,0.00,0
7.87402,143,6,513,0,DRIVE [ 81 ] [ 1 ] [ 1314 1903 1697 ] [    0    0    0 ] [      0      0      0 ] [ 0 ],drive [ 80 ] [ 0 ] [ 1315 1903 1698 ] [   73    0   31 ] [  15475   7484   7853 ] [ 0 ],1.00,1.00,1.00,1.00,143.25,6.28,0.00,0.00,0.00,0.00,0.00,0.00,-0.00,0.00,0.00,0.00,0.00,0.00,0.00,0.00,0.00,0
7.8867,143,6,511,0,DRIVE [ 81 ] [ 1 ] [ 1312 1903 1697 ] [    0    0    0 ] [      0      0      0 ] [ 0 ],drive [ 81 ] [ 0 ] [ 1314 1903 1697 ] [   73    0   31 ] [  15475   7484   7853 ] [ 0 ],1.00,1.00,1.00,1.00,143.08,6.28,0.00,0.00,0.00,0.00,0.00,0.00,-0.00,0.00,0.00,0.00,0.00,0.00,0.00,0.00,0.00,0
7.89992,143,6,510,0,DRIVE [ 82 ] [ 1 ] [ 1311 1903 1696 ] [    0    0    0 ] [      0      0      0 ] [ 0 ],drive [ 81 ] [ 0 ] [ 1312 1903 1697 ] [   74   -1   30 ] [  15475   7484   7853 ] [ 0 ],1.00,1.00,1.00,1.00,143.10,6.26,0.00,0.00,0.00,0.00,0.00,0.00,-0.00,0.00,0.00,0.00,0.00,0.00,0.00,0.00,0.00,0
7.91301,144,6,513,0,DRIVE [ 82 ] [ 1 ] [ 1310 1903 1696 ] [    0    0    0 ] [      0      0      0 ] [ 0 ],drive [ 82 ] [ 0 ] [ 1311 1903 1696 ] [   74   -1   30 ] [  15475   7484   7853 ] [ 0 ],1.00,1.00,1.00,1.00,144.34,6.34,0.00,0.00,0.00,0.00,0.00,0.00,-0.00,0.00,0.00,0.00,0.00,0.00,0.00,0.00,0.00,0
7.92616,145,6,513,0,DRIVE [ 83 ] [ 1 ] [ 1307 1903 1696 ] [    0    0    0 ] [      0      0      0 ] [ 0 ],drive [ 82 ] [ 0 ] [ 1310 1903 1696 ] [   74   -1   30 ] [  15475   7484   7853 ] [ 0 ],1.00,1.00,1.00,1.00,144.95,6.48,0.00,0.00,0.00,0.00,0.00,0.00,-0.00,0.00,0.00,0.00,0.00,0.00,0.00,0.00,0.00,0
7.93934,145,7,512,0,DRIVE [ 83 ] [ 1 ] [ 1305 1903 1696 ] [    0    0    0 ] [      0      0      0 ] [ 0 ],drive [ 83 ] [ 0 ] [ 1307 1903 1696 ] [   74   -1   30 ] [  15475   7484   7853 ] [ 0 ],1.00,1.00,1.00,1.00,144.77,6.65,0.00,0.00,0.00,0.00,0.00,0.00,-0.00,0.00,0.00,0.00,0.00,0.00,0.00,0.00,0.00,0
7.95203,152,7,534,0,DRIVE [ 84 ] [ 1 ] [ 1304 1903 1695 ] [    0    0    0 ] [      0      0      0 ] [ 0 ],drive [ 83 ] [ 0 ] [ 1305 1903 1696 ] [   74   -1   31 ] [  15475   7484   7853 ] [ 0 ],1.00,1.00,1.00,1.00,151.58,6.99,0.00,0.00,0.00,0.00,0.00,0.00,-0.00,0.00,0.00,0.00,0.00,0.00,0.00,0.00,0.00,0
7.96505,150,7,527,0,DRIVE [ 84 ] [ 1 ] [ 1300 1903 1695 ] [    0    0    0 ] [      0      0      0 ] [ 0 ],drive [ 84 ] [ 0 ] [ 1304 1903 1695 ] [   74   -1   31 ] [  15475   7484   7853 ] [ 0 ],1.00,1.00,1.00,1.00,150.21,7.24,0.00,0.00,0.00,0.00,0.00,0.00,-0.00,0.00,0.00,0.00,0.00,0.00,0.00,0.00,0.00,0
7.97824,149,8,521,0,DRIVE [ 85 ] [ 1 ] [ 1296 1903 1695 ] [    0    0    0 ] [      0      0      0 ] [ 0 ],drive [ 84 ] [ 0 ] [ 1300 1903 1695 ] [   74   -1   31 ] [  15475   7484   7853 ] [ 0 ],1.00,1.00,1.00,1.00,149.20,7.62,0.00,0.00,0.00,0.00,0.00,0.00,-0.00,0.00,0.00,0.00,0.00,0.00,0.00,0.00,0.00,0
7.99123,148,8,515,0,DRIVE [ 85 ] [ 1 ] [ 1292 1903 1695 ] [    0    0    0 ] [      0      0      0 ] [ 0 ],drive [ 85 ] [ 0 ] [ 1296 1903 1695 ] [   74   -1   31 ] [  15473   7484   7853 ] [ 0 ],1.00,1.00,1.00,1.00,148.28,8.00,0.00,0.00,0.00,0.00,0.00,0.00,-0.00,0.00,0.00,0.00,0.00,0.00,0.00,0.00,0.00,0
8.00343,148,8,511,0,DRIVE [ 86 ] [ 1 ] [ 1286 1903 1694 ] [    0    0    0 ] [      0      0      0 ] [ 0 ],drive [ 85 ] [ 0 ] [ 1292 1903 1695 ] [   74   -1   31 ] [  15473   7484   7853 ] [ 0 ],1.00,1.00,1.00,1.00,148.36,8.42,0.00,0.00,0.00,0.00,0.00,0.00,-0.00,0.00,0.00,0.00,0.00,0.00,0.00,0.00,0.00,0
8.01646,149,9,508,0,DRIVE [ 86 ] [ 1 ] [ 1281 1903 1695 ] [    0    0    0 ] [      0      0      0 ] [ 0 ],drive [ 86 ] [ 0 ] [ 1286 1903 1694 ] [   74   -1   31 ] [  15473   7484   7853 ] [ 0 ],1.00,1.00,1.00,1.00,148.55,9.00,0.00,0.00,0.00,0.00,0.00,0.00,-0.00,0.00,0.00,0.00,0.00,0.00,0.00,0.00,0.00,0
8.02952,149,10,508,0,DRIVE [ 87 ] [ 1 ] [ 1276 1903 1695 ] [    0    0    0 ] [      0      0      0 ] [ 0 ],drive [ 86 ] [ 0 ] [ 1281 1903 1695 ] [   74   -1   31 ] [  15473   7484   7853 ] [ 0 ],1.00,1.00,1.00,1.00,149.13,9.59,0.00,0.00,0.00,0.00,0.00,0.00,-0.00,0.00,0.00,0.00,0.00,0.00,0.00,0.00,0.00,0
8.04245,149,11,504,0,DRIVE [ 87 ] [ 1 ] [ 1268 1903 1696 ] [    0    0    0 ] [      0      0      0 ] [ 0 ],drive [ 87 ] [ 0 ] [ 1276 1903 1695 ] [   74   -1   31 ] [  15474   7484   7853 ] [ 0 ],1.00,1.00,1.00,1.00,149.30,10.84,0.00,0.00,0.00,0.00,0.00,0.00,-0.00,0.00,0.00,0.00,0.00,0.00,0.00,0.00,0.00,0
8.05548,149,12,500,0,DRIVE [ 88 ] [ 1 ] [ 1260 1903 1698 ] [    0    0    0 ] [      0      0      0 ] [ 0 ],drive [ 87 ] [ 0 ] [ 1268 1903 1696 ] [   77    0   31 ] [  15474   7484   7853 ] [ 0 ],1.00,1.00,1.00,1.00,149.03,11.98,0.00,0.00,0.00,0.00,0.00,0.00,-0.00,0.00,0.00,0.00,0.00,0.00,0.00,0.00,0.00,0
8.06789,148,13,493,0,DRIVE [ 88 ] [ 1 ] [ 1253 1903 1699 ] [    0    0    0 ] [      0      0      0 ] [ 0 ],drive [ 88 ] [ 0 ] [ 1260 1903 1698 ] [   77    0   31 ] [  15474   7484   7853 ] [ 0 ],1.00,1.00,1.00,1.00,147.79,12.92,0.00,0.00,0.00,0.00,0.00,0.00,-0.00,0.00,0.00,0.00,0.00,0.00,0.00,0.00,0.00,0
8.08096,146,14,485,0,DRIVE [ 89 ] [ 1 ] [ 1247 1903 1701 ] [    0    0    0 ] [      0      0      0 ] [ 0 ],drive [ 88 ] [ 0 ] [ 1253 1903 1699 ] [   77    0   31 ] [  15475   7484   7853 ] [ 0 ],1.00,1.00,1.00,1.00,146.29,13.77,0.00,0.00,0.00,0.00,0.00,0.00,-0.00,0.00,0.00,0.00,0.00,0.00,0.00,0.00,0.00,0
8.09381,147,15,483,0,DRIVE [ 89 ] [ 1 ] [ 1239 1903 1702 ] [    0    0    0 ] [      0      0      0 ] [ 0 ],drive [ 89 ] [ 0 ] [ 1247 1903 1701 ] [   77    0   31 ] [  15475   7484   7853 ] [ 0 ],1.00,1.00,1.00,1.00,146.89,14.71,0.00,0.00,0.00,0.00,0.00,0.00,-0.00,0.00,0.00,0.00,0.00,0.00,0.00,0.00,0.00,0
8.10743,147,16,480,0,DRIVE [ 90 ] [ 1 ] [ 1232 1903 1703 ] [    0    0    0 ] [      0      0      0 ] [ 0 ],drive [ 89 ] [ 0 ] [ 1239 1903 1702 ] [   80   -1   30 ] [  15475   7484   7853 ] [ 0 ],1.00,1.00,1.00,1.00,146.79,15.86,0.00,0.00,0.00,0.00,0.00,0.00,-0.00,0.00,0.00,0.00,0.00,0.00,0.00,0.00,0.00,0
8.11992,146,17,475,0,DRIVE [ 90 ] [ 1 ] [ 1222 1903 1705 ] [    0    0    0 ] [      0      0      0 ] [ 0 ],drive [ 90 ] [ 0 ] [ 1232 1903 1703 ] [   80   -1   30 ] [  15475   7484   7853 ] [ 0 ],1.00,1.00,1.00,1.00,146.48,17.18,0.00,0.00,0.00,0.00,0.00,0.00,-0.00,0.00,0.00,0.00,0.00,0.00,0.00,0.00,0.00,0
8.13277,146,19,468,0,DRIVE [ 91 ] [ 1 ] [ 1207 1903 1708 ] [    0    0    0 ] [      0      0      0 ] [ 0 ],drive [ 90 ] [ 0 ] [ 1222 1903 1705 ] [   80   -1   30 ] [  15476   7484   7853 ] [ 0 ],1.00,1.00,1.00,1.00,146.23,19.03,0.00,0.00,0.00,0.00,0.00,0.00,-0.00,0.00,0.00,0.00,0.00,0.00,0.00,0.00,0.00,0
8.14548,146,21,462,0,DRIVE [ 91 ] [ 1 ] [ 1192 1903 1710 ] [    0    0    0 ] [      0      0      0 ] [ 0 ],drive [ 91 ] [ 0 ] [ 1207 1903 1708 ] [   82   -1   30 ] [  15476   7484   7853 ] [ 0 ],1.00,1.00,1.00,1.00,146.41,20.77,0.00,0.00,0.00,0.00,0.00,0.00,-0.00,0.00,0.00,0.00,0.00,0.00,0.00,0.00,0.00,0
8.15773,147,23,458,0,DRIVE [ 92 ] [ 1 ] [ 1177 1903 1711 ] [    0    0    0 ] [      0      0      0 ] [ 0 ],drive [ 91 ] [ 0 ] [ 1192 1903 1710 ] [   82   -1   30 ] [  15476   7484   7853 ] [ 0 ],1.00,1.00,1.00,1.00,147.42,22.54,0.00,0.00,0.00,0.00,0.00,0.00,-0.00,0.00,0.00,0.00,0.00,0.00,0.00,0.00,0.00,0
8.1704,148,24,453,0,DRIVE [ 92 ] [ 1 ] [ 1162 1903 1712 ] [    0    0    0 ] [      0      0      0 ] [ 0 ],drive [ 92 ] [ 0 ] [ 1177 1903 1711 ] [   82   -1   30 ] [  15476   7484   7853 ] [ 0 ],1.00,1.00,1.00,1.00,148.03,24.05,0.00,0.00,0.00,0.00,0.00,0.00,-0.00,0.00,0.00,0.00,0.00,0.00,0.00,0.00,0.00,0
8.18326,149,25,449,0,DRIVE [ 93 ] [ 1 ] [ 1146 1903 1713 ] [    0    0    0 ] [      0      0      0 ] [ 0 ],drive [ 92 ] [ 0 ] [ 1162 1903 1712 ] [   82   -1   30 ] [  15479   7482   7853 ] [ 0 ],1.00,1.00,1.00,1.00,148.88,25.45,0.00,0.00,0.00,0.00,0.00,0.00,-0.00,0.00,0.00,0.00,0.00,0.00,0.00,0.00,0.00,0
8.19601,150,27,444,0,DRIVE [ 93 ] [ 1 ] [ 1130 1903 1713 ] [    0    0    0 ] [      0      0      0 ] [ 0 ],drive [ 93 ] [ 0 ] [ 1146 1903 1713 ] [   88    0   30 ] [  15479   7482   7853 ] [ 0 ],1.00,1.00,1.00,1.00,149.56,26.91,0.00,0.00,0.00,0.00,0.00,0.00,-0.00,0.00,0.00,0.00,0.00,0.00,0.00,0.00,0.00,0
8.2087,151,28,440,0,DRIVE [ 94 ] [ 1 ] [ 1113 1903 1713 ] [    0    0    0 ] [      0      0      0 ] [ 0 ],drive [ 93 ] [ 0 ] [ 1130 1903 1713 ] [   88    0   30 ] [  15479   7482   7853 ] [ 0 ],1.00,1.00,1.00,1.00,150.83,28.19,0.00,0.00,0.00,0.00,0.00,0.00,-0.00,0.00,0.00,0.00,0.00,0.00,0.00,0.00,0.00,0
8.22102,152,29,435,0,DRIVE [ 94 ] [ 1 ] [ 1095 1903 1712 ] [    0    0    0 ] [      0      0      0 ] [ 0 ],drive [ 94 ] [ 0 ] [ 1113 1903 1713 ] [   88    0   30 ] [  15479   7482   7853 ] [ 0 ],1.00,1.00,1.00,1.00,152.20,29.45,0.00,0.00,0.00,0.00,0.00,0.00,-0.00,0.00,0.00,0.00,0.00,0.00,0.00,0.00,0.00,0
8.23415,155,31,433,0,DRIVE [ 95 ] [ 1 ] [ 1071 1903 1711 ] [    0    0    0 ] [      0      0      0 ] [ 0 ],drive [ 94 ] [ 0 ] [ 1095 1903 1712 ] [   88    0   30 ] [  15482   7481   7853 ] [ 0 ],1.00,1.00,1.00,1.00,155.32,31.18,0.00,0.00,0.00,0.00,0.00,0.00,-0.00,0.00,0.00,0.00,0.00,0.00,0.00,0.00,0.00,0
8.24669,157,32,425,0,DRIVE [ 95 ] [ 1 ] [ 1047 1903 1708 ] [    0    0    0 ] [      0      0      0 ] [ 0 ],drive [ 95 ] [ 0 ] [ 1071 1903 1711 ] [  101    0   29 ] [  15482   7481   7853 ] [ 0 ],1.00,1.00,1.00,1.00,156.51,32.35,0.00,0.00,0.00,0.00,0.00,0.00,-0.00,0.00,0.00,0.00,0.00,0.00,0.00,0.00,0.00,0
8.25917,158,34,418,0,DRIVE [ 96 ] [ 1 ] [ 1023 1903 1706 ] [    0    0    0 ] [      0      0      0 ] [ 0 ],drive [ 95 ] [ 0 ] [ 1047 1903 1708 ] [  101    0   29 ] [  15482   7481   7853 ] [ 0 ],1.00,1.00,1.00,1.00,158.13,33.60,0.00,0.00,0.00,0.00,0.00,0.00,-0.00,0.00,0.00,0.00,0.00,0.00,0.00,0.00,0.00,0
8.27206,160,35,413,0,DRIVE [ 96 ] [ 1 ] [ 0999 1903 1704 ] [    0    0    0 ] [      0      0      0 ] [ 0 ],drive [ 96 ] [ 0 ] [ 1023 1903 1706 ] [  101    0   29 ] [  15482   7481   7853 ] [ 0 ],1.00,1.00,1.00,1.00,160.20,34.82,0.00,0.00,0.00,0.00,0.00,0.00,-0.00,0.00,0.00,0.00,0.00,0.00,0.00,0.00,0.00,0
8.28393,162,36,407,0,DRIVE [ 97 ] [ 1 ] [ 0975 1903 1701 ] [    0    0    0 ] [      0      0      0 ] [ 0 ],drive [ 96 ] [ 0 ] [ 0999 1903 1704 ] [  101    0   29 ] [  15696   7467   7849 ] [ 0 ],1.00,1.00,1.00,1.00,161.77,35.70,0.00,0.00,0.00,0.00,0.00,0.00,-0.00,0.00,0.00,0.00,0.00,0.00,0.00,0.00,0.00,0
8.29647,163,36,401,0,DRIVE [ 97 ] [ 1 ] [ 0956 1903 1697 ] [    0    0    0 ] [      0      0      0 ] [ 0 ],drive [ 97 ] [ 0 ] [ 0975 1903 1701 ] [  102    7   28 ] [  15696   7467   7849 ] [ 0 ],1.00,1.00,1.00,1.00,163.16,36.10,0.00,0.00,0.00,0.00,0.00,0.00,-0.00,0.00,0.00,0.00,0.00,0.00,0.00,0.00,0.00,0
8.30902,165,36,397,0,DRIVE [ 98 ] [ 1 ] [ 0939 1903 1692 ] [    0    0    0 ] [      0      0      0 ] [ 0 ],drive [ 97 ] [ 0 ] [ 0956 1903 1697 ] [  102    7   28 ] [  15696   7467   7849 ] [ 0 ],1.00,1.00,1.00,1.00,164.97,36.26,0.00,0.00,0.00,0.00,0.00,0.00,-0.00,0.00,0.00,0.00,0.00,0.00,0.00,0.00,0.00,0
8.32159,167,36,393,0,DRIVE [ 98 ] [ 1 ] [ 0922 1903 1688 ] [    0    0    0 ] [      0      0      0 ] [ 0 ],drive [ 98 ] [ 0 ] [ 0939 1903 1692 ] [  102    7   28 ] [  15696   7467   7849 ] [ 0 ],1.00,1.00,1.00,1.00,166.68,36.46,0.00,0.00,0.00,0.00,0.00,0.00,-0.00,0.00,0.00,0.00,0.00,0.00,0.00,0.00,0.00,0
8.33339,167,36,386,0,DRIVE [ 99 ] [ 1 ] [ 0902 1903 1683 ] [    0    0    0 ] [      0      0      0 ] [ 0 ],drive [ 98 ] [ 0 ] [ 0922 1903 1688 ] [  102    7   28 ] [  15813   7413   7846 ] [ 0 ],1.00,1.00,1.00,1.00,167.32,36.45,0.00,0.00,0.00,0.00,0.00,0.00,-0.00,0.00,0.00,0.00,0.00,0.00,0.00,0.00,0.00,0
8.34543,168,36,380,0,DRIVE [ 99 ] [ 1 ] [ 0885 1903 1678 ] [    0    0    0 ] [      0      0      0 ] [ 0 ],drive [ 99 ] [ 0 ] [ 0902 1903 1683 ] [  115    1   27 ] [  15813   7413   7846 ] [ 0 ],1.00,1.00,1.00,1.00,168.20,36.42,0.00,0.00,0.00,0.00,0.00,0.00,-0.00,0.00,0.00,0.00,0.00,0.00,0.00,0.00,0.00,0
8.35706,168,36,374,0,DRIVE [ 00 ] [ 1 ] [ 0872 1903 1673 ] [    0    0    0 ] [      0      0      0 ] [ 0 ],drive [ 99 ] [ 0 ] [ 0885 1903 1678 ] [  115    1   27 ] [  15813   7413   7846 ] [ 0 ],1.00,1.00,1.00,1.00,168.44,36.02,0.00,0.00,0.00,0.00,0.00,0.00,-0.00,0.00,0.00,0.00,0.00,0.00,0.00,0.00,0.00,0
8.36908,169,36,370,0,DRIVE [ 00 ] [ 1 ] [ 0860 1903 1669 ] [    0    0    0 ] [      0      0      0 ] [ 0 ],drive [ 00 ] [ 0 ] [ 0872 1903 1673 ] [  115    1   27 ] [  15813   7413   7846 ] [ 0 ],1.00,1.00,1.00,1.00,168.91,35.85,0.00,0.00,0.00,0.00,0.00,0.00,-0.00,0.00,0.00,0.00,0.00,0.00,0.00,0.00,0.00,0
8.38108,169,36,366,0,DRIVE [ 01 ] [ 1 ] [ 0851 1903 1667 ] [    0    0    0 ] [      0      0      0 ] [ 0 ],drive [ 00 ] [ 0 ] [ 0860 1903 1669 ] [  115    1   27 ] [  16084   7314   7835 ] [ 0 ],1.00,1.00,1.00,1.00,168.95,35.80,0.00,0.00,0.00,0.00,0.00,0.00,-0.00,0.00,0.00,0.00,0.00,0.00,0.00,0.00,0.00,0
8.39302,168,35,363,0,DRIVE [ 01 ] [ 1 ] [ 0846 1903 1665 ] [    0    0    0 ] [      0      0      0 ] [ 0 ],drive [ 01 ] [ 0 ] [ 0851 1903 1667 ] [  115    1   27 ] [  16084   7314   7835 ] [ 0 ],1.00,1.00,1.00,1.00,168.44,35.49,0.00,0.00,0.00,0.00,0.00,0.00,-0.00,0.00,0.00,0.00,0.00,0.00,0.00,0.00,0.00,0
8.40485,167,35,358,0,DRIVE [ 02 ] [ 1 ] [ 0844 1903 1663 ] [    0    0    0 ] [      0      0      0 ] [ 0 ],drive [ 01 ] [ 0 ] [ 0846 1903 1665 ] [  118   20   24 ] [  16084   7314   7835 ] [ 0 ],1.00,1.00,1.00,1.00,167.12,34.79,0.00,0.00,0.00,0.00,0.00,0.00,-0.00,0.00,0.00,0.00,0.00,0.00,0.00,0.00,0.00,0
8.41632,166,34,355,0,DRIVE [ 02 ] [ 1 ] [ 0847 1903 1661 ] [    0    0    0 ] [      0      0      0 ] [ 0 ],drive [ 02 ] [ 0 ] [ 0844 1903 1663 ] [  118   20   24 ] [  16084   7314   7835 ] [ 0 ],1.00,1.00,1.00,1.00,165.65,33.84,0.00,0.00,0.00,0.00,0.00,0.00,-0.00,0.00,0.00,0.00,0.00,0.00,0.00,0.00,0.00,0
8.42841,164,33,352,0,DRIVE [ 03 ] [ 1 ] [ 0852 1903 1659 ] [    0    0    0 ] [      0      0      0 ] [ 0 ],drive [ 02 ] [ 0 ] [ 0847 1903 1661 ] [  118   20   24 ] [  16084   7314   7835 ] [ 0 ],1.00,1.00,1.00,1.00,163.95,32.71,0.00,0.00,0.00,0.00,0.00,0.00,-0.00,0.00,0.00,0.00,0.00,0.00,0.00,0.00,0.00,0
8.44048,161,32,349,0,DRIVE [ 03 ] [ 1 ] [ 0860 1903 1658 ] [    0    0    0 ] [      0      0      0 ] [ 0 ],drive [ 03 ] [ 0 ] [ 0852 1903 1659 ] [  118   20   24 ] [  16367   7288   7817 ] [ 0 ],1.00,1.00,1.00,1.00,161.43,31.58,0.00,0.00,0.00,0.00,0.00,0.00,-0.00,0.00,0.00,0.00,0.00,0.00,0.00,0.00,0.00,0
8.45195,159,31,345,0,DRIVE [ 04 ] [ 1 ] [ 0868 1903 1657 ] [    0    0    0 ] [      0      0      0 ] [ 0 ],drive [ 03 ] [ 0 ] [ 0860 1903 1658 ] [  110    7   36 ] [  16367   7288   7817 ] [ 0 ],1.00,1.00,1.00,1.00,158.63,30.50,0.00,0.00,0.00,0.00,0.00,0.00,-0.00,0.00,0.00,0.00,0.00,0.00,0.00,0.00,0.00,0
8.46599,156,30,342,0,DRIVE [ 04 ] [ 1 ] [ 0876 1903 1657 ] [    0    0    0 ] [      0      0      0 ] [ 0 ],drive [ 04 ] [ 0 ] [ 0868 1903 1657 ] [  110    7   36 ] [  16367   7288   7817 ] [ 0 ],1.00,1.00,1.00,1.00,156.25,29.64,0.00,0.00,0.00,0.00,0.00,0.00,-0.00,0.00,0.00,0.00,0.00,0.00,-0.00,-0.00,0.00,0
8.47793,153,29,339,0,DRIVE [ 05 ] [ 1 ] [ 0888 1903 1660 ] [    0    0    0 ] [      0      0      0 ] [ 0 ],drive [ 04 ] [ 0 ] [ 0876 1903 1657 ] [  110    7   36 ] [  16367   7288   7817 ] [ 0 ],1.00,1.00,1.00,1.00,152.76,28.94,0.00,0.00,0.00,0.00,0.00,0.00,-0.00,0.00,0.00,0.00,0.00,0.00,-0.00,-0.00,0.00,0
8.48953,149,28,336,0,DRIVE [ 05 ] [ 1 ] [ 0901 1903 1664 ] [    0    0    0 ] [      0      0      0 ] [ 0 ],drive [ 05 ] [ 0 ] [ 0888 1903 1660 ] [  110    7   36 ] [  16385   7196   7778 ] [ 0 ],1.00,1.00,1.00,1.00,149.14,28.39,0.00,0.00,0.00,0.00,0.00,0.00,-0.00,0.00,0.00,0.00,0.00,0.00,-0.00,-0.00,0.00,0
8.50163,145,28,332,0,DRIVE [ 06 ] [ 1 ] [ 0912 1903 1668 ] [    0    0    0 ] [      0      0      0 ] [ 0 ],drive [ 05 ] [ 0 ] [ 0901 1903 1664 ] [  107   27   48 ] [  16385   7196   7778 ] [ 0 ],1.00,1.00,1.00,1.00,145.37,27.92,0.00,0.00,0.00,0.00,0.00,0.00,-0.00,0.00,0.00,0.00,0.00,0.00,-0.00,-0.00,0.00,0
8.51342,141,27,327,0,DRIVE [ 06 ] [ 1 ] [ 0924 1903 1672 ] [    0    0    0 ] [      0      0      0 ] [ 0 ],drive [ 06 ] [ 0 ] [ 0912 1903 1668 ] [  107   27   48 ] [  16385   7196   7778 ] [ 0 ],1.00,1.00,1.00,1.00,141.13,27.43,0.00,0.00,0.00,0.00,0.00,0.00,-0.00,0.00,0.00,0.00,0.00,0.00,-0.00,-0.00,0.00,0
8.52529,137,27,323,0,DRIVE [ 07 ] [ 1 ] [ 0936 1903 1677 ] [    0    0    0 ] [      0      0      0 ] [ 0 ],drive [ 06 ] [ 0 ] [ 0924 1903 1672 ] [  107   27   48 ] [  16385   7196   7778 ] [ 0 ],1.00,1.00,1.00,1.00,137.03,27.00,0.00,0.00,0.00,0.00,0.00,0.00,-0.00,0.00,0.00,0.00,0.00,0.00,-0.00,-0.00,0.00,0
8.53778,133,27,320,0,DRIVE [ 07 ] [ 1 ] [ 0949 1903 1682 ] [    0    0    0 ] [      0      0      0 ] [ 0 ],drive [ 07 ] [ 0 ] [ 0936 1903 1677 ] [  107   27   48 ] [  16388   7196   7765 ] [ 0 ],1.00,1.00,1.00,1.00,133.38,26.71,0.00,0.00,0.00,0.00,0.00,0.00,-0.00,0.00,0.00,0.00,0.00,0.00,-0.00,-0.00,0.00,0
8.54928,130,26,317,0,DRIVE [ 08 ] [ 1 ] [ 0963 1903 1687 ] [    0    0    0 ] [      0      0      0 ] [ 0 ],drive [ 07 ] [ 0 ] [ 0949 1903 1682 ] [  104   26   47 ] [  16388   7196   7765 ] [ 0 ],1.00,1.00,1.00,1.00,129.77,26.43,0.00,0.00,0.00,0.00,0.00,0.00,-0.00,0.00,0.00,0.00,0.00,0.00,-0.00,-0.00,0.00,0
8.56118,126,26,315,0,DRIVE [ 08 ] [ 1 ] [ 0978 1903 1693 ] [    0    0    0 ] [      0      0      0 ] [ 0 ],drive [ 08 ] [ 0 ] [ 0963 1903 1687 ] [  104   26   47 ] [  16388   7196   7765 ] [ 0 ],1.00,1.00,1.00,1.00,126.22,26.19,0.00,0.00,0.00,0.00,0.00,0.00,-0.00,0.00,0.00,0.00,0.00,0.00,-0.00,-0.00,0.00,0
8.573,123,26,313,0,DRIVE [ 09 ] [ 1 ] [ 0993 1903 1699 ] [    0    0    0 ] [      0      0      0 ] [ 0 ],drive [ 08 ] [ 0 ] [ 0978 1903 1693 ] [  104   26   47 ] [  16388   7196   7765 ] [ 0 ],1.00,1.00,1.00,1.00,122.67,25.99,0.00,0.00,0.00,0.00,0.00,0.00,-0.00,0.00,0.00,0.00,0.00,0.00,-0.00,-0.00,0.00,0
8.58437,119,26,311,0,DRIVE [ 09 ] [ 1 ] [ 1008 1903 1706 ] [    0    0    0 ] [      0      0      0 ] [ 0 ],drive [ 09 ] [ 0 ] [ 0993 1903 1699 ] [  104   26   47 ] [  16387   7196   7733 ] [ 0 ],1.00,1.00,1.00,1.00,119.08,25.99,0.00,0.00,0.00,0.00,0.00,0.00,-0.00,0.00,0.00,0.00,0.00,0.00,-0.00,-0.00,0.00,0
8.59632,115,26,309,0,DRIVE [ 10 ] [ 1 ] [ 1024 1903 1714 ] [    0    0    0 ] [      0      0      0 ] [ 0 ],drive [ 09 ] [ 0 ] [ 1008 1903 1706 ] [   99   26   37 ] [  16387   7196   7733 ] [ 0 ],1.00,1.00,1.00,1.00,115.44,25.97,0.00,0.00,0.00,0.00,0.00,0.00,-0.00,0.00,0.00,0.00,0.00,0.00,-0.00,-0.00,0.00,0
8.60839,112,26,307,0,DRIVE [ 10 ] [ 1 ] [ 1041 1903 1721 ] [    0    0    0 ] [      0      0      0 ] [ 0 ],drive [ 10 ] [ 0 ] [ 1024 1903 1714 ] [   99   26   37 ] [  16387   7196   7733 ] [ 0 ],1.00,1.00,1.00,1.00,111.64,25.89,0.00,0.00,0.00,0.00,0.00,0.00,-0.00,0.00,0.00,0.00,0.00,0.00,-0.00,-0.00,0.00,0
8.61981,108,26,305,0,DRIVE [ 11 ] [ 1 ] [ 1058 1903 1728 ] [    0    0    0 ] [      0      0      0 ] [ 0 ],drive [ 10 ] [ 0 ] [ 1041 1903 1721 ] [   99   26   37 ] [  16387   7196   7733 ] [ 0 ],1.00,1.00,1.00,1.00,108.10,25.69,0.00,0.00,0.00,0.00,0.00,0.00,-0.00,0.00,0.00,0.00,0.00,0.00,-0.00,-0.00,0.00,0
8.63157,105,25,304,0,DRIVE [ 11 ] [ 1 ] [ 1078 1903 1735 ] [    0    0    0 ] [      0      0      0 ] [ 0 ],drive [ 11 ] [ 0 ] [ 1058 1903 1728 ] [   99   26   37 ] [  16387   7196   7568 ] [ 0 ],1.00,1.00,1.00,1.00,104.54,25.34,0.00,0.00,0.00,0.00,0.00,0.00,-0.00,0.00,0.00,0.00,0.00,0.00,-0.00,-0.00,0.00,0
8.64332,101,25,303,0,DRIVE [ 12 ] [ 1 ] [ 1100 1903 1740 ] [    0    0    0 ] [      0      0      0 ] [ 0 ],drive [ 11 ] [ 0 ] [ 1078 1903 1735 ] [   99   26   37 ] [  16387   7196   7568 ] [ 0 ],1.00,1.00,1.00,1.00,100.92,24.74,0.00,0.00,0.00,0.00,0.00,0.00,-0.00,0.00,0.00,0.00,0.00,0.00,-0.00,-0.00,0.00,0
8.65507,97,24,301,0,DRIVE [ 12 ] [ 1 ] [ 1122 1903 1746 ] [    0    0    0 ] [      0      0      0 ] [ 0 ],drive [ 12 ] [ 0 ] [ 1100 1903 1740 ] [   90   26   35 ] [  16387   7196   7568 ] [ 0 ],1.00,1.00,1.00,1.00,97.14,23.97,0.00,0.00,0.00,0.00,0.00,0.00,-0.00,0.00,0.00,0.00,0.00,0.00,-0.00,-0.00,0.00,0
8.66644,92,23,298,0,DRIVE [ 13 ] [ 1 ] [ 1151 1903 1753 ] [    0    0    0 ] [      0      0      0 ] [ 0 ],drive [ 12 ] [ 0 ] [ 1122 1903 1746 ] [   90   26   35 ] [  16387   7196   7568 ] [ 0 ],1.00,1.00,1.00,1.00,92.35,23.05,0.00,0.00,0.00,0.00,0.00,0.00,-0.00,0.00,0.00,0.00,0.00,0.00,-0.00,-0.00,0.00,0
8.67834,88,22,296,0,DRIVE [ 13 ] [ 1 ] [ 1180 1903 1761 ] [    0    0    0 ] [      0      0      0 ] [ 0 ],drive [ 13 ] [ 0 ] [ 1151 1903 1753 ] [   90   26   35 ] [  16387   7196   7568 ] [ 0 ],1.00,1.00,1.00,1.00,87.66,22.24,0.00,0.00,0.00,0.00,0.00,0.00,-0.00,0.00,0.00,0.00,0.00,0.00,-0.00,-0.00,0.00,0
8.68963,83,22,294,0,DRIVE [ 14 ] [ 1 ] [ 1208 1903 1768 ] [    0    0    0 ] [      0      0      0 ] [ 0 ],drive [ 13 ] [ 0 ] [ 1180 1903 1761 ] [   90   26   35 ] [  16383   7196   7509 ] [ 0 ],1.00,1.00,1.00,1.00,83.29,21.54,0.00,0.00,0.00,0.00,0.00,0.00,-0.00,0.00,0.00,0.00,0.00,0.00,-0.00,-0.00,0.00,0
8.70144,79,21,293,0,DRIVE [ 14 ] [ 1 ] [ 1236 1903 1776 ] [    0    0    0 ] [      0      0      0 ] [ 0 ],drive [ 14 ] [ 0 ] [ 1208 1903 1768 ] [   82   26   16 ] [  16383   7196   7509 ] [ 0 ],1.00,1.00,1.00,1.00,79.05,20.76,0.00,0.00,0.00,0.00,0.00,0.00,-0.00,0.00,0.00,0.00,0.00,0.00,-0.00,-0.00,0.00,0
8.71332,75,20,291,0,DRIVE [ 15 ] [ 1 ] [ 1265 1903 1783 ] [    0    0    0 ] [      0      0      0 ] [ 0 ],drive [ 14 ] [ 0 ] [ 1236 1903 1776 ] [   82   26   16 ] [  16383   7196   7509 ] [ 0 ],1.00,1.00,1.00,1.00,74.82,20.05,0.00,0.00,0.00,0.00,0.00,0.00,-0.00,0.00,0.00,0.00,0.00,0.00,-0.00,-0.00,0.00,0
8.72522,71,19,290,0,DRIVE [ 15 ] [ 1 ] [ 1293 1903 1791 ] [    0    0    0 ] [      0      0      0 ] [ 0 ],drive [ 15 ] [ 0 ] [ 1265 1903 1783 ] [   82   26   16 ] [  16383   7196   7509 ] [ 0 ],1.00,1.00,1.00,1.00,70.65,19.43,0.00,0.00,0.00,0.00,0.00,0.00,-0.00,0.00,0.00,0.00,0.00,0.00,-0.00,-0.00,0.00,0
8.73809,66,19,289,0,DRIVE [ 16 ] [ 1 ] [ 1322 1903 1800 ] [    0    0    0 ] [      0      0      0 ] [ 0 ],drive [ 15 ] [ 0 ] [ 1293 1903 1791 ] [   82   26   16 ] [  16375   7196   7489 ] [ 0 ],1.00,1.00,1.00,1.00,66.42,18.86,0.00,0.00,0.00,0.00,0.00,0.00,-0.00,0.00,0.00,0.00,0.00,0.00,-0.00,-0.00,0.00,0
8.74936,62,18,288,0,DRIVE [ 16 ] [ 1 ] [ 1351 1903 1809 ] [    0    0    0 ] [      0      0      0 ] [ 0 ],drive [ 16 ] [ 0 ] [ 1322 1903 1800 ] [   64   27   31 ] [  16375   7196   7489 ] [ 0 ],1.00,1.00,1.00,1.00,62.23,18.43,0.00,0.00,0.00,0.00,0.00,0.00,-0.00,0.00,0.00,0.00,0.00,0.00,-0.00,-0.00,0.00,0
8.76133,58,18,286,0,DRIVE [ 17 ] [ 1 ] [ 1380 1903 1819 ] [    0    0    0 ] [      0      0      0 ] [ 0 ],drive [ 16 ] [ 0 ] [ 1351 1903 1809 ] [   64   27   31 ] [  16375   7196   7489 ] [ 0 ],1.00,1.00,1.00,1.00,57.89,18.04,0.00,0.00,0.00,0.00,0.00,0.00,-0.00,0.00,0.00,0.00,0.00,0.00,-0.00,-0.00,0.00,0
8.77314,53,18,285,0,DRIVE [ 17 ] [ 1 ] [ 1411 1903 1828 ] [    0    0    0 ] [      0      0      0 ] [ 0 ],drive [ 17 ] [ 0 ] [ 1380 1903 1819 ] [   64   27   31 ] [  16375   7196   7489 ] [ 0 ],1.00,1.00,1.00,1.00,53.49,17.54,0.00,0.00,0.00,0.00,0.00,0.00,-0.00,0.00,0.00,0.00,0.00,0.00,-0.00,-0.00,0.00,0
8.7843,49,17,283,0,DRIVE [ 18 ] [ 1 ] [ 1443 1903 1838 ] [    0    0    0 ] [      0      0      0 ] [ 0 ],drive [ 17 ] [ 0 ] [ 1411 1903 1828 ] [   64   27   31 ] [  16368   7196   7323 ] [ 0 ],1.00,1.00,1.00,1.00,48.88,16.98,0.00,0.00,0.00,0.00,0.00,0.00,-0.00,0.00,0.00,0.00,0.00,0.00,-0.00,-0.00,0.00,0
8.79625,44,16,282,0,DRIVE [ 18 ] [ 1 ] [ 1475 1903 1848 ] [    0    0    0 ] [      0      0      0 ] [ 0 ],drive [ 18 ] [ 0 ] [ 1443 1903 1838 ] [   47   26   17 ] [  16368   7196   7323 ] [ 0 ],1.00,1.00,1.00,1.00,44.18,16.44,0.00,0.00,0.00,0.00,0.00,0.00,0.00,0.00,0.00,0.00,0.00,0.00,-0.00,-0.00,0.00,0
8.8079,40,16,281,0,DRIVE [ 19 ] [ 1 ] [ 1508 1903 1859 ] [    0    0    0 ] [      0      0      0 ] [ 0 ],drive [ 18 ] [ 0 ] [ 1475 1903 1848 ] [   47   26   17 ] [  16368   7196   7323 ] [ 0 ],1.00,1.00,1.00,1.00,39.62,16.03,0.00,0.00,0.00,0.00,0.00,0.00,0.00,0.00,0.00,0.00,0.00,0.00,-0.00,-0.00,0.00,0
8.81933,35,16,280,0,DRIVE [ 19 ] [ 1 ] [ 1542 1903 1871 ] [    0    0    0 ] [      0      0      0 ] [ 0 ],drive [ 19 ] [ 0 ] [ 1508 1903 1859 ] [   47   26   17 ] [  16368   7196   7323 ] [ 0 ],1.00,1.00,1.00,1.00,34.88,15.65,0.00,0.00,0.00,0.00,0.00,0.00,0.00,0.00,0.00,0.00,0.00,0.00,-0.00,-0.00,0.00,0
8.83127,30,15,279,0,DRIVE [ 20 ] [ 1 ] [ 1574 1903 1883 ] [    0    0    0 ] [      0      0      0 ] [ 0 ],drive [ 19 ] [ 0 ] [ 1542 1903 1871 ] [   47   26   17 ] [  16313   7196   7282 ] [ 0 ],1.00,1.00,1.00,1.00,30.08,15.42,0.00,0.00,0.00,0.00,0.00,0.00,0.00,0.00,0.00,0.00,0.00,0.00,-0.00,-0.00,0.00,0
8.84314,25,15,277,0,DRIVE [ 20 ] [ 1 ] [ 1603 1903 1897 ] [    0    0    0 ] [      0      0      0 ] [ 0 ],drive [ 20 ] [ 0 ] [ 1574 1903 1883 ] [   47   26   17 ] [  16313   7196   7282 ] [ 0 ],1.00,1.00,1.00,1.00,25.14,15.49,0.00,0.00,0.00,0.00,0.00,0.00,0.00,0.00,0.00,0.00,0.00,0.00,-0.00,-0.00,0.00,0
8.85492,20,16,277,0,DRIVE [ 21 ] [ 1 ] [ 1641 1898 1897 ] [    0    0    0 ] [      0      0      0 ] [ 0 ],drive [ 20 ] [ 0 ] [ 1603 1903 1897 ] [   33   26   10 ] [  16313   7196   7282 ] [ 0 ],1.00,1.00,1.00,1.00,20.30,15.72,0.00,0.00,0.00,0.00,0.00,0.00,0.00,0.00,0.00,0.00,0.00,0.00,-0.00,-0.00,0.00,0
8.8664,16,16,275,0,DRIVE [ 21 ] [ 1 ] [ 1691 1881 1897 ] [    0    0    0 ] [      0      0      0 ] [ 0 ],drive [ 21 ] [ 0 ] [ 1641 1898 1897 ] [   33   26   10 ] [  16313   7196   7282 ] [ 0 ],1.00,1.00,1.00,1.00,15.55,16.10,0.00,0.00,0.00,0.00,0.00,0.00,0.00,0.00,0.00,0.00,0.00,0.00,-0.00,-0.00,0.00,0
8.87819,11,17,274,0,DRIVE [ 22 ] [ 1 ] [ 1734 1864 1897 ] [    0    0    0 ] [      0      0      0 ] [ 0 ],drive [ 21 ] [ 0 ] [ 1691 1881 1897 ] [   33   26   10 ] [  16313   7196   7282 ] [ 0 ],1.00,1.00,1.00,1.00,10.96,16.52,0.00,0.00,0.00,0.00,0.00,0.00,0.00,0.00,0.00,0.00,0.00,0.00,-0.00,-0.00,0.00,0
8.88947,7,17,272,0,DRIVE [ 22 ] [ 1 ] [ 1769 1844 1897 ] [    0    0    0 ] [      0      0      0 ] [ 0 ],drive [ 22 ] [ 0 ] [ 1734 1864 1897 ] [   33   26   10 ] [  15993   7196   7278 ] [ 0 ],1.00,1.00,1.00,1.00,6.61,17.11,0.00,0.00,0.00,0.00,0.00,0.00,0.00,0.00,0.00,0.00,0.00,0.00,-0.00,-0.00,0.00,0
8.90143,2,18,270,0,DRIVE [ 23 ] [ 1 ] [ 1794 1821 1897 ] [    0    0    0 ] [      0      0      0 ] [ 0 ],drive [ 22 ] [ 0 ] [ 1769 1844 1897 ] [   20   27    6 ] [  15993   7196   7278 ] [ 0 ],1.00,1.00,1.00,1.00,2.40,17.86,0.00,0.00,0.00,0.00,0.00,0.00,0.00,0.00,0.00,0.00,0.00,0.00,-0.00,-0.00,0.00,0
8.91339,-2,19,269,0,DRIVE [ 23 ] [ 1 ] [ 1812 1795 1897 ] [    0    0    0 ] [      0      0      0 ] [ 0 ],drive [ 23 ] [ 0 ] [ 1794 1821 1897 ] [   20   27    6 ] [  15993   7196   7278 ] [ 0 ],1.00,1.00,1.00,1.00,-1.52,18.62,0.00,0.00,0.00,0.00,0.00,0.00,0.00,0.00,0.00,0.00,0.00,0.00,0.00,0.00,0.00,0
8.92532,-5,19,267,0,DRIVE [ 24 ] [ 1 ] [ 1825 1765 1897 ] [    0    0    0 ] [      0      0      0 ] [ 0 ],drive [ 23 ] [ 0 ] [ 1812 1795 1897 ] [   20   27    6 ] [  15993   7196   7278 ] [ 0 ],1.00,1.00,1.00,1.00,-5.17,19.40,0.00,0.00,0.00,0.00,0.00,0.00,0.00,0.00,0.00,0.00,0.00,0.00,0.00,0.00,0.00,0
8.93747,-9,20,265,0,DRIVE [ 24 ] [ 1 ] [ 1834 1734 1897 ] [    0    0    0 ] [      0      0      0 ] [ 0 ],drive [ 24 ] [ 0 ] [ 1825 1765 1897 ] [   20   27    6 ] [  15421   7268   7275 ] [ 0 ],1.00,1.00,1.00,1.00,-8.50,20.23,0.00,0.00,0.00,0.00,0.00,0.00,0.00,0.00,0.00,0.00,0.00,0.00,0.00,0.00,0.00,0
8.94846,-12,21,264,0,DRIVE [ 25 ] [ 1 ] [ 1843 1703 1897 ] [    0    0    0 ] [      0      0      0 ] [ 0 ],drive [ 24 ] [ 0 ] [ 1834 1734 1897 ] [   17   14    2 ] [  15421   7268   7275 ] [ 0 ],1.00,1.00,1.00,1.00,-11.58,20.88,0.00,0.00,0.00,0.00,0.00,0.00,0.00,0.00,0.00,0.00,0.00,0.00,0.00,0.00,0.00,0
8.96175,-14,21,262,0,DRIVE [ 25 ] [ 1 ] [ 1850 1673 1897 ] [    0    0    0 ] [      0      0      0 ] [ 0 ],drive [ 25 ] [ 0 ] [ 1843 1703 1897 ] [   17   14    2 ] [  15421   7268   7275 ] [ 0 ],1.00,1.00,1.00,1.00,-14.29,21.46,0.00,0.00,0.00,0.00,0.00,0.00,0.00,0.00,0.00,0.00,0.00,0.00,0.00,0.00,0.00,0
8.97471,-17,22,262,0,DRIVE [ 26 ] [ 1 ] [ 1854 1646 1897 ] [    0    0    0 ] [      0      0      0 ] [ 0 ],drive [ 25 ] [ 0 ] [ 1850 1673 1897 ] [   17   14    2 ] [  15421   7268   7275 ] [ 0 ],1.00,1.00,1.00,1.00,-16.69,22.20,0.00,0.00,0.00,0.00,0.00,0.00,0.00,0.00,0.00,0.00,0.00,0.00,0.00,0.00,0.00,0
8.99099,-19,23,261,0,DRIVE [ 26 ] [ 1 ] [ 1861 1616 1897 ] [    0    0    0 ] [      0      0      0 ] [ 0 ],drive [ 26 ] [ 0 ] [ 1854 1646 1897 ] [   17   14    2 ] [  14858   7656   7244 ] [ 0 ],1.00,1.00,1.00,1.00,-19.26,22.75,0.00,0.00,0.00,0.00,0.00,0.00,0.00,0.00,0.00,0.00,0.00,0.00,0.00,0.00,0.00,0
9.0032,-21,23,259,0,DRIVE [ 27 ] [ 1 ] [ 1866 1590 1897 ] [    0    0    0 ] [      0      0      0 ] [ 0 ],drive [ 26 ] [ 0 ] [ 1861 1616 1897 ] [   19   43   11 ] [  14858   7656   7244 ] [ 0 ],1.00,1.00,1.00,1.00,-21.40,23.16,0.00,0.00,0.00,0.00,0.00,0.00,0.00,0.00,0.00,0.00,0.00,0.00,0.00,0.00,0.00,0
9.01485,-23,23,259,0,DRIVE [ 27 ] [ 1 ] [ 1870 1568 1897 ] [    0    0    0 ] [      0      0      0 ] [ 0 ],drive [ 27 ] [ 0 ] [ 1866 1590 1897 ] [   19   43   11 ] [  14858   7656   7244 ] [ 0 ],1.00,1.00,1.00,1.00,-23.23,23.49,0.00,0.00,0.00,0.00,0.00,0.00,0.00,0.00,0.00,0.00,0.00,0.00,0.00,0.00,0.00,0
9.02636,-25,24,257,0,DRIVE [ 28 ] [ 1 ] [ 1875 1548 1897 ] [    0    0    0 ] [      0      0      0 ] [ 0 ],drive [ 27 ] [ 0 ] [ 1870 1568 1897 ] [   19   43   11 ] [  14858   7656   7244 ] [ 0 ],1.00,1.00,1.00,1.00,-24.73,23.63,0.00,0.00,0.00,0.00,0.00,0.00,0.00,0.00,0.00,0.00,0.00,0.00,0.00,0.00,0.00,0
9.03749,-26,24,256,0,DRIVE [ 28 ] [ 1 ] [ 1879 1531 1897 ] [    0    0    0 ] [      0      0      0 ] [ 0 ],drive [ 28 ] [ 0 ] [ 1875 1548 1897 ] [   19   43   11 ] [  14536   7963   7244 ] [ 0 ],1.00,1.00,1.00,1.00,-26.05,23.73,0.00,0.00,0.00,0.00,0.00,0.00,0.00,0.00,0.00,0.00,0.00,0.00,0.00,0.00,0.00,0
9.05142,-27,24,255,0,DRIVE [ 29 ] [ 1 ] [ 1883 1515 1897 ] [    0    0    0 ] [      0      0      0 ] [ 0 ],drive [ 28 ] [ 0 ] [ 1879 1531 1897 ] [   27   34   11 ] [  14536   7963   7244 ] [ 0 ],1.00,1.00,1.00,1.00,-27.30,23.67,0.00,0.00,0.00,0.00,0.00,0.00,0.00,0.00,0.00,0.00,0.00,0.00,0.00,0.00,0.00,0
9.06324,-29,23,254,0,DRIVE [ 29 ] [ 1 ] [ 1888 1499 1897 ] [    0    0    0 ] [      0      0      0 ] [ 0 ],drive [ 29 ] [ 0 ] [ 1883 1515 1897 ] [   27   34   11 ] [  14536   7963   7244 ] [ 0 ],1.00,1.00,1.00,1.00,-28.51,23.47,0.00,0.00,0.00,0.00,0.00,0.00,0.00,0.00,0.00,0.00,0.00,0.00,0.00,0.00,0.00,0
9.07504,-30,23,253,0,DRIVE [ 30 ] [ 1 ] [ 1894 1483 1897 ] [    0    0    0 ] [      0      0      0 ] [ 0 ],drive [ 29 ] [ 0 ] [ 1888 1499 1897 ] [   27   34   11 ] [  14536   7963   7244 ] [ 0 ],1.00,1.00,1.00,1.00,-29.75,23.17,0.00,0.00,0.00,0.00,0.00,-0.00,0.00,0.00,0.00,0.00,0.00,0.00,0.00,0.00,0.00,0
9.08636,-31,23,253,0,DRIVE [ 30 ] [ 1 ] [ 1900 1468 1897 ] [    0    0    0 ] [      0      0      0 ] [ 0 ],drive [ 30 ] [ 0 ] [ 1894 1483 1897 ] [   27   34   11 ] [  14359   8164   7244 ] [ 0 ],1.00,1.00,1.00,1.00,-30.93,22.73,0.00,0.00,0.00,0.00,0.00,-0.00,0.00,0.00,0.00,0.00,0.00,0.00,0.00,0.00,0.00,0
9.09814,-32,22,251,0,DRIVE [ 31 ] [ 1 ] [ 1900 1456 1904 ] [    0    0    0 ] [      0      0      0 ] [ 0 ],drive [ 30 ] [ 0 ] [ 1900 1468 1897 ] [   12   52   10 ] [  14359   8164   7244 ] [ 0 ],1.00,1.00,1.00,1.00,-31.99,22.07,0.00,0.00,0.00,0.00,0.00,-0.00,0.00,0.00,0.00,0.00,0.00,0.00,0.00,0.00,0.00,0
9.10978,-33,21,250,0,DRIVE [ 31 ] [ 1 ] [ 1900 1455 1897 ] [    0    0    0 ] [      0      0      0 ] [ 0 ],drive [ 31 ] [ 0 ] [ 1900 1456 1904 ] [   12   52   10 ] [  14359   8164   7244 ] [ 0 ],1.00,1.00,1.00,1.00,-33.02,21.35,0.00,0.00,0.00,0.00,0.00,-0.00,0.00,0.00,0.00,0.00,0.00,0.00,0.00,0.00,0.00,0
9.12131,-34,20,248,0,DRIVE [ 32 ] [ 1 ] [ 1900 1458 1889 ] [    0    0    0 ] [      0      0      0 ] [ 0 ],drive [ 31 ] [ 0 ] [ 1900 1455 1897 ] [   12   52   10 ] [  14359   8164   7244 ] [ 0 ],1.00,1.00,1.00,1.00,-34.06,20.19,0.00,0.00,0.00,0.00,0.00,-0.00,0.00,0.00,0.00,0.00,0.00,0.00,0.00,0.00,0.00,0
9.13263,-35,19,247,0,DRIVE [ 32 ] [ 1 ] [ 1900 1464 1882 ] [    0    0    0 ] [      0      0      0 ] [ 0 ],drive [ 32 ] [ 0 ] [ 1900 1458 1889 ] [   12   52   10 ] [  14075   8317   7245 ] [ 0 ],1.00,1.00,1.00,1.00,-34.68,19.00,0.00,0.00,0.00,0.00,0.00,-0.00,0.00,0.00,0.00,0.00,0.00,0.00,0.00,0.00,0.00,0
9.14454,-35,18,246,0,DRIVE [ 33 ] [ 1 ] [ 1900 1470 1875 ] [    0    0    0 ] [      0      0      0 ] [ 0 ],drive [ 32 ] [ 0 ] [ 1900 1464 1882 ] [   18   68   11 ] [  14075   8317   7245 ] [ 0 ],1.00,1.00,1.00,1.00,-34.99,17.82,0.00,0.00,0.00,0.00,0.00,-0.00,0.00,0.00,0.00,0.00,0.00,0.00,0.00,0.00,0.00,0
9.15598,-35,17,244,0,DRIVE [ 33 ] [ 1 ] [ 1900 1477 1870 ] [    0    0    0 ] [      0      0      0 ] [ 0 ],drive [ 33 ] [ 0 ] [ 1900 1470 1875 ] [   18   68   11 ] [  14075   8317   7245 ] [ 0 ],1.00,1.00,1.00,1.00,-35.02,16.76,0.00,0.00,0.00,0.00,0.00,-0.00,0.00,0.00,0.00,0.00,0.00,0.00,0.00,0.00,0.00,0
9.16784,-35,16,243,0,DRIVE [ 34 ] [ 1 ] [ 1900 1486 1865 ] [    0    0    0 ] [      0      0      0 ] [ 0 ],drive [ 33 ] [ 0 ] [ 1900 1477 1870 ] [   18   68   11 ] [  14075   8317   7245 ] [ 0 ],1.00,1.00,1.00,1.00,-35.00,15.68,0.00,0.00,0.00,0.00,0.00,-0.00,0.00,0.00,0.00,0.00,0.00,0.00,0.00,0.00,0.00,0
9.17975,-35,15,241,0,DRIVE [ 34 ] [ 1 ] [ 1900 1496 1860 ] [    0    0    0 ] [      0      0      0 ] [ 0 ],drive [ 34 ] [ 0 ] [ 1900 1486 1865 ] [   18   68   11 ] [  13885   8397   7246 ] [ 0 ],1.00,1.00,1.00,1.00,-34.70,14.51,0.00,0.00,0.00,0.00,0.00,-0.00,0.00,0.00,0.00,0.00,0.00,0.00,0.00,0.00,0.00,0
9.19138,-34,13,240,0,DRIVE [ 35 ] [ 1 ] [ 1900 1510 1856 ] [    0    0    0 ] [      0      0      0 ] [ 0 ],drive [ 34 ] [ 0 ] [ 1900 1496 1860 ] [   18   68   11 ] [  13885   8397   7246 ] [ 0 ],1.00,1.00,1.00,1.00,-34.22,13.29,0.00,0.00,0.00,0.00,0.00,-0.00,0.00,0.00,0.00,0.00,0.00,0.00,0.00,0.00,0.00,0
9.20258,-34,12,239,0,DRIVE [ 35 ] [ 1 ] [ 1900 1525 1852 ] [    0    0    0 ] [      0      0      0 ] [ 0 ],drive [ 35 ] [ 0 ] [ 1900 1510 1856 ] [    5   41   11 ] [  13885   8397   7246 ] [ 0 ],1.00,1.00,1.00,1.00,-33.53,12.01,0.00,0.00,0.00,0.00,0.00,-0.00,0.00,0.00,0.00,0.00,0.00,0.00,0.00,0.00,0.00,0
9.21429,-33,11,238,0,DRIVE [ 36 ] [ 1 ] [ 1900 1540 1849 ] [    0    0    0 ] [      0      0      0 ] [ 0 ],drive [ 35 ] [ 0 ] [ 1900 1525 1852 ] [    5   41   11 ] [  13885   8397   7246 ] [ 0 ],1.00,1.00,1.00,1.00,-32.73,10.84,0.00,0.00,0.00,0.00,0.00,-0.00,0.00,0.00,0.00,0.00,0.00,0.00,0.00,0.00,0.00,0
9.22609,-32,10,237,0,DRIVE [ 36 ] [ 1 ] [ 1900 1556 1846 ] [    0    0    0 ] [      0      0      0 ] [ 0 ],drive [ 36 ] [ 0 ] [ 1900 1540 1849 ] [    5   41   11 ] [  13885   8397   7246 ] [ 0 ],1.00,1.00,1.00,1.00,-31.77,9.65,0.00,0.00,0.00,0.00,0.00,-0.00,0.00,0.00,0.00,0.00,0.00,0.00,0.00,0.00,0.00,0
9.23733,-31,9,235,0,DRIVE [ 37 ] [ 1 ] [ 1900 1571 1844 ] [    0    0    0 ] [      0      0      0 ] [ 0 ],drive [ 36 ] [ 0 ] [ 1900 1556 1846 ] [    5   41   11 ] [  13752   8398   7250 ] [ 0 ],1.00,1.00,1.00,1.00,-30.77,8.58,0.00,0.00,0.00,0.00,0.00,-0.00,0.00,0.00,0.00,0.00,0.00,0.00,0.00,0.00,0.00,0
9.2495,-30,8,233,0,DRIVE [ 37 ] [ 1 ] [ 1900 1587 1842 ] [    0    0    0 ] [      0      0      0 ] [ 0 ],drive [ 37 ] [ 0 ] [ 1900 1571 1844 ] [    2   36   10 ] [  13752   8398   7250 ] [ 0 ],1.00,1.00,1.00,1.00,-29.57,7.59,0.00,0.00,0.00,0.00,0.00,-0.00,0.00,0.00,0.00,0.00,0.00,0.00,0.00,0.00,0.00,0
9.26146,-28,7,231,0,DRIVE [ 38 ] [ 1 ] [ 1900 1603 1841 ] [    0    0    0 ] [      0      0      0 ] [ 0 ],drive [ 37 ] [ 0 ] [ 1900 1587 1842 ] [    2   36   10 ] [  13752   8398   7250 ] [ 0 ],1.00,1.00,1.00,1.00,-28.25,6.64,0.00,0.00,0.00,0.00,0.00,-0.00,0.00,0.00,0.00,0.00,0.00,0.00,0.00,0.00,0.00,0
9.27328,-27,6,230,0,DRIVE [ 38 ] [ 1 ] [ 1900 1620 1841 ] [    0    0    0 ] [      0      0      0 ] [ 0 ],drive [ 38 ] [ 0 ] [ 1900 1603 1841 ] [    2   36   10 ] [  13752   8398   7250 ] [ 0 ],1.00,1.00,1.00,1.00,-26.88,5.78,0.00,0.00,0.00,0.00,0.00,-0.00,0.00,0.00,0.00,0.00,0.00,0.00,0.00,0.00,0.00,0
9.28437,-25,5,228,0,DRIVE [ 39 ] [ 1 ] [ 1900 1638 1841 ] [    0    0    0 ] [      0      0      0 ] [ 0 ],drive [ 38 ] [ 0 ] [ 1900 1620 1841 ] [    2   36   10 ] [  13711   8398   7253 ] [ 0 ],1.00,1.00,1.00,1.00,-25.37,4.87,0.00,0.00,0.00,0.00,0.00,-0.00,0.00,0.00,0.00,0.00,0.00,0.00,0.00,0.00,0.00,0
9.29637,-24,4,226,0,DRIVE [ 39 ] [ 1 ] [ 1900 1657 1841 ] [    0    0    0 ] [      0      0      0 ] [ 0 ],drive [ 39 ] [ 0 ] [ 1900 1638 1841 ] [   10   28   10 ] [  13711   8398   7253 ] [ 0 ],1.00,1.00,1.00,1.00,-23.83,3.99,0.00,0.00,0.00,0.00,0.00,-0.00,0.00,0.00,0.00,0.00,0.00,0.00,0.00,0.00,0.00,0
9.30821,-22,3,224,0,DRIVE [ 40 ] [ 1 ] [ 1900 1676 1842 ] [    0    0    0 ] [      0      0      0 ] [ 0 ],drive [ 39 ] [ 0 ] [ 1900 1657 1841 ] [   10   28   10 ] [  13711   8398   7253 ] [ 0 ],1.00,1.00,1.00,1.00,-22.17,3.13,0.00,0.00,0.00,0.00,0.00,-0.00,0.00,0.00,0.00,0.00,0.00,0.00,0.00,0.00,0.00,0
9.32677,-21,2,222,0,DRIVE [ 40 ] [ 1 ] [ 1900 1695 1842 ] [    0    0    0 ] [      0      0      0 ] [ 0 ],drive [ 40 ] [ 0 ] [ 1900 1676 1842 ] [   10   28   10 ] [  13711   8398   7253 ] [ 0 ],1.00,1.00,1.00,1.00,-20.55,2.25,0.00,0.00,0.00,0.00,0.00,-0.00,0.00,0.00,0.00,0.00,0.00,0.00,0.00,0.00,0.00,0
9.33869,-19,1,221,0,DRIVE [ 41 ] [ 1 ] [ 1900 1716 1843 ] [    0    0    0 ] [      0      0      0 ] [ 0 ],drive [ 40 ] [ 0 ] [ 1900 1695 1842 ] [   10   28   10 ] [  13703   8393   7253 ] [ 0 ],1.00,1.00,1.00,1.00,-18.91,1.43,0.00,0.00,0.00,0.00,0.00,-0.00,0.00,0.00,0.00,0.00,0.00,0.00,0.00,0.00,0.00,0
9.35094,-17,1,219,0,DRIVE [ 41 ] [ 1 ] [ 1900 1735 1846 ] [    0    0    0 ] [      0      0      0 ] [ 0 ],drive [ 41 ] [ 0 ] [ 1900 1716 1843 ] [   29   22    9 ] [  13703   8393   7253 ] [ 0 ],1.00,1.00,1.00,1.00,-17.19,0.76,0.00,0.00,0.00,0.00,0.00,-0.00,0.00,0.00,0.00,0.00,0.00,0.00,0.00,0.00,0.00,0
9.36529,-15,0,218,0,DRIVE [ 42 ] [ 1 ] [ 1900 1755 1848 ] [    0    0    0 ] [      0      0      0 ] [ 0 ],drive [ 41 ] [ 0 ] [ 1900 1735 1846 ] [   29   22    9 ] [  13703   8393   7253 ] [ 0 ],1.00,1.00,1.00,1.00,-15.43,0.20,0.00,0.00,0.00,0.00,0.00,-0.00,0.00,0.00,0.00,0.00,0.00,0.00,0.00,-0.00,0.00,0
9.37786,-13,0,216,0,DRIVE [ 42 ] [ 1 ] [ 1900 1779 1854 ] [    0    0    0 ] [      0      0      0 ] [ 0 ],drive [ 42 ] [ 0 ] [ 1900 1755 1848 ] [   29   22    9 ] [  13703   8393   7253 ] [ 0 ],1.00,1.00,1.00,1.00,-13.06,-0.27,0.00,0.00,0.00,0.00,0.00,-0.00,0.00,0.00,0.00,0.00,0.00,0.00,0.00,0.00,0.00,0
9.38958,-11,-1,213,0,DRIVE [ 43 ] [ 1 ] [ 1900 1802 1860 ] [    0    0    0 ] [      0      0      0 ] [ 0 ],drive [ 42 ] [ 0 ] [ 1900 1779 1854 ] [   29   22    9 ] [  13577   8365   7269 ] [ 0 ],1.00,1.00,1.00,1.00,-10.72,-0.57,0.00,0.00,0.00,0.00,0.00,-0.00,0.00,0.00,0.00,0.00,0.00,0.00,0.00,0.00,0.00,0
9.40099,-8,-1,211,0,DRIVE [ 43 ] [ 1 ] [ 1900 1824 1868 ] [    0    0    0 ] [      0      0      0 ] [ 0 ],drive [ 43 ] [ 0 ] [ 1900 1802 1860 ] [   21   31    7 ] [  13577   8365   7269 ] [ 0 ],1.00,1.00,1.00,1.00,-8.49,-0.67,0.00,0.00,0.00,0.00,0.00,-0.00,0.00,0.00,0.00,0.00,0.00,0.00,0.00,0.00,0.00,0
9.41275,-6,-1,209,0,DRIVE [ 44 ] [ 1 ] [ 1900 1846 1876 ] [    0    0    0 ] [      0      0      0 ] [ 0 ],drive [ 43 ] [ 0 ] [ 1900 1824 1868 ] [   21   31    7 ] [  13577   8365   7269 ] [ 0 ],1.00,1.00,1.00,1.00,-6.28,-0.66,0.00,0.00,0.00,0.00,0.00,-0.00,0.00,0.00,0.00,0.00,0.00,0.00,0.00,0.00,0.00,0
9.42406,-4,-1,207,0,DRIVE [ 44 ] [ 1 ] [ 1900 1867 1885 ] [    0    0    0 ] [      0      0      0 ] [ 0 ],drive [ 44 ] [ 0 ] [ 1900 1846 1876 ] [   21   31    7 ] [  13577   8365   7269 ] [ 0 ],1.00,1.00,1.00,1.00,-4.11,-0.57,0.00,0.00,0.00,0.00,0.00,-0.00,0.00,0.00,0.00,0.00,0.00,0.00,0.00,0.00,0.00,0
9.43586,-1,0,204,0,DRIVE [ 45 ] [ 1 ] [ 1900 1893 1897 ] [    0    0    0 ] [      0      0      0 ] [ 0 ],drive [ 44 ] [ 0 ] [ 1900 1867 1885 ] [   21   31    7 ] [  13511   8319   7268 ] [ 0 ],1.00,1.00,1.00,1.00,-1.36,-0.33,0.00,0.00,0.00,0.00,0.00,-0.00,0.00,0.00,0.00,0.00,0.00,0.00,0.00,0.00,0.00,0
9.44738,1,0,202,0,DRIVE [ 45 ] [ 1 ] [ 1892 1893 1900 ] [    0    0    0 ] [      0      0      0 ] [ 0 ],drive [ 45 ] [ 0 ] [ 1900 1893 1897 ] [    0   16    3 ] [  13511   8319   7268 ] [ 0 ],1.00,1.00,1.00,1.00,1.21,0.01,0.00,0.00,0.00,0.00,0.00,-0.00,0.00,0.00,0.00,0.00,0.00,0.00,0.00,0.00,0.00,0
9.45903,4,0,199,0,DRIVE [ 46 ] [ 1 ] [ 1863 1893 1893 ] [    0    0    0 ] [      0      0      0 ] [ 0 ],drive [ 45 ] [ 0 ] [ 1892 1893 1900 ] [    0   16    3 ] [  13511   8319   7268 ] [ 0 ],1.00,1.00,1.00,1.00,3.65,0.48,0.00,0.00,0.00,0.00,0.00,-0.00,0.00,0.00,0.00,0.00,0.00,0.00,0.00,0.00,0.00,0
9.47193,6,1,197,0,DRIVE [ 46 ] [ 1 ] [ 1834 1893 1887 ] [    0    0    0 ] [      0      0      0 ] [ 0 ],drive [ 46 ] [ 0 ] [ 1863 1893 1893 ] [    0   16    3 ] [  13511   8319   7268 ] [ 0 ],1.00,1.00,1.00,1.00,5.91,1.03,0.00,0.00,0.00,0.00,0.00,-0.00,0.00,0.00,0.00,0.00,0.00,0.00,0.00,0.00,0.00,0
9.48368,8,2,195,0,DRIVE [ 47 ] [ 1 ] [ 1804 1893 1882 ] [    0    0    0 ] [      0      0      0 ] [ 0 ],drive [ 46 ] [ 0 ] [ 1834 1893 1887 ] [    0   16    3 ] [  13493   8092   7268 ] [ 0 ],1.00,1.00,1.00,1.00,8.06,1.71,0.00,0.00,0.00,0.00,0.00,-0.00,0.00,0.00,0.00,0.00,0.00,0.00,0.00,0.00,0.00,0
9.49537,10,2,193,0,DRIVE [ 47 ] [ 1 ] [ 1775 1893 1879 ] [    0    0    0 ] [      0      0      0 ] [ 0 ],drive [ 47 ] [ 0 ] [ 1804 1893 1882 ] [    7   13    2 ] [  13493   8092   7268 ] [ 0 ],1.00,1.00,1.00,1.00,10.07,2.48,0.00,0.00,0.00,0.00,0.00,-0.00,0.00,0.00,0.00,0.00,0.00,0.00,0.00,0.00,0.00,0
9.50717,12,3,191,0,DRIVE [ 48 ] [ 1 ] [ 1746 1893 1876 ] [    0    0    0 ] [      0      0      0 ] [ 0 ],drive [ 47 ] [ 0 ] [ 1775 1893 1879 ] [    7   13    2 ] [  13493   8092   7268 ] [ 0 ],1.00,1.00,1.00,1.00,11.92,3.29,0.00,0.00,0.00,0.00,0.00,-0.00,0.00,0.00,0.00,0.00,0.00,0.00,0.00,0.00,0.00,0
9.51845,14,4,189,0,DRIVE [ 48 ] [ 1 ] [ 1717 1893 1873 ] [    0    0    0 ] [      0      0      0 ] [ 0 ],drive [ 48 ] [ 0 ] [ 1746 1893 1876 ] [    7   13    2 ] [  13493   8092   7268 ] [ 0 ],1.00,1.00,1.00,1.00,13.69,4.12,0.00,0.00,0.00,0.00,0.00,-0.00,0.00,0.00,0.00,0.00,0.00,0.00,0.00,0.00,0.00,0
9.53038,15,5,187,0,DRIVE [ 49 ] [ 1 ] [ 1688 1893 1870 ] [    0    0    0 ] [      0      0      0 ] [ 0 ],drive [ 48 ] [ 0 ] [ 1717 1893 1873 ] [    7   13    2 ] [  13505   8074   7268 ] [ 0 ],1.00,1.00,1.00,1.00,15.41,4.86,0.00,0.00,0.00,0.00,0.00,-0.00,0.00,0.00,0.00,0.00,0.00,0.00,0.00,0.00,0.00,0
9.54221,17,6,185,0,DRIVE [ 49 ] [ 1 ] [ 1659 1893 1867 ] [    0    0    0 ] [      0      0      0 ] [ 0 ],drive [ 49 ] [ 0 ] [ 1688 1893 1870 ] [    7   13    2 ] [  13505   8074   7268 ] [ 0 ],1.00,1.00,1.00,1.00,17.14,5.57,0.00,0.00,0.00,0.00,0.00,-0.00,0.00,0.00,0.00,0.00,0.00,0.00,0.00,0.00,0.00,0
9.5536,19,6,183,0,DRIVE [ 50 ] [ 1 ] [ 1630 1893 1863 ] [    0    0    0 ] [      0      0      0 ] [ 0 ],drive [ 49 ] [ 0 ] [ 1659 1893 1867 ] [   18   14    3 ] [  13505   8074   7268 ] [ 0 ],1.00,1.00,1.00,1.00,18.88,6.29,0.00,0.00,0.00,0.00,0.00,-0.00,0.00,0.00,0.00,0.00,0.00,0.00,0.00,0.00,0.00,0
9.56555,21,7,182,0,DRIVE [ 50 ] [ 1 ] [ 1601 1893 1860 ] [    0    0    0 ] [      0      0      0 ] [ 0 ],drive [ 50 ] [ 0 ] [ 1630 1893 1863 ] [   18   14    3 ] [  13505   8074   7268 ] [ 0 ],1.00,1.00,1.00,1.00,20.60,6.99,0.00,0.00,0.00,0.00,0.00,-0.00,0.00,0.00,0.00,0.00,0.00,0.00,0.00,0.00,0.00,0
9.57722,22,8,180,0,DRIVE [ 51 ] [ 1 ] [ 1572 1893 1856 ] [    0    0    0 ] [      0      0      0 ] [ 0 ],drive [ 50 ] [ 0 ] [ 1601 1893 1860 ] [   18   14    3 ] [  13505   8074   7268 ] [ 0 ],1.00,1.00,1.00,1.00,22.27,7.69,0.00,0.00,0.00,0.00,0.00,-0.00,0.00,0.00,0.00,0.00,0.00,0.00,0.00,0.00,0.00,0
9.58882,24,8,178,0,DRIVE [ 51 ] [ 1 ] [ 1544 1893 1853 ] [    0    0    0 ] [      0      0      0 ] [ 0 ],drive [ 51 ] [ 0 ] [ 1572 1893 1856 ] [   18   14    3 ] [  13534   8002   7269 ] [ 0 ],1.00,1.00,1.00,1.00,23.80,8.35,0.00,0.00,0.00,0.00,0.00,-0.00,0.00,0.00,0.00,0.00,0.00,0.00,0.00,0.00,0.00,0
9.6,25,9,176,0,DRIVE [ 52 ] [ 1 ] [ 1517 1893 1850 ] [    0    0    0 ] [      0      0      0 ] [ 0 ],drive [ 51 ] [ 0 ] [ 1544 1893 1853 ] [   39   11   13 ] [  13534   8002   7269 ] [ 0 ],1.00,1.00,1.00,1.00,25.16,8.92,0.00,0.00,0.00,0.00,0.00,-0.00,0.00,0.00,0.00,0.00,0.00,0.00,0.00,0.00,0.00,0
9.61233,26,10,174,0,DRIVE [ 52 ] [ 1 ] [ 1492 1893 1848 ] [    0    0    0 ] [      0      0      0 ] [ 0 ],drive [ 52 ] [ 0 ] [ 1517 1893 1850 ] [   39   11   13 ] [  13534   8002   7269 ] [ 0 ],1.00,1.00,1.00,1.00,26.36,9.53,0.00,0.00,0.00,0.00,0.00,-0.00,0.00,0.00,0.00,0.00,0.00,0.00,0.00,0.00,0.00,0
9.62366,27,10,171,0,DRIVE [ 53 ] [ 1 ] [ 1468 1893 1848 ] [    0    0    0 ] [      0      0      0 ] [ 0 ],drive [ 52 ] [ 0 ] [ 1492 1893 1848 ] [   39   11   13 ] [  13534   8002   7269 ] [ 0 ],1.00,1.00,1.00,1.00,27.34,10.19,0.00,0.00,0.00,0.00,0.00,-0.00,0.00,0.00,0.00,0.00,0.00,0.00,0.00,0.00,0.00,0
9.63526,28,11,169,0,DRIVE [ 53 ] [ 1 ] [ 1447 1893 1847 ] [    0    0    0 ] [      0      0      0 ] [ 0 ],drive [ 53 ] [ 0 ] [ 1468 1893 1848 ] [   39   11   13 ] [  13852   7814   7293 ] [ 0 ],1.00,1.00,1.00,1.00,28.11,10.77,0.00,0.00,0.00,0.00,0.00,-0.00,0.00,0.00,0.00,0.00,0.00,0.00,0.00,0.00,0.00,0
9.64692,29,11,168,0,DRIVE [ 54 ] [ 1 ] [ 1430 1893 1847 ] [    0    0    0 ] [      0      0      0 ] [ 0 ],drive [ 53 ] [ 0 ] [ 1447 1893 1847 ] [   63   25   24 ] [  13852   7814   7293 ] [ 0 ],1.00,1.00,1.00,1.00,28.71,11.19,0.00,0.00,0.00,0.00,0.00,-0.00,0.00,0.00,0.00,0.00,0.00,0.00,0.00,0.00,0.00,0
9.65839,29,12,166,0,DRIVE [ 54 ] [ 1 ] [ 1416 1893 1847 ] [    0    0    0 ] [      0      0      0 ] [ 0 ],drive [ 54 ] [ 0 ] [ 1430 1893 1847 ] [   63   25   24 ] [  13852   7814   7293 ] [ 0 ],1.00,1.00,1.00,1.00,29.02,11.61,0.00,0.00,0.00,0.00,0.00,-0.00,0.00,0.00,0.00,0.00,0.00,0.00,0.00,0.00,0.00,0
9.67099,29,12,164,0,DRIVE [ 55 ] [ 1 ] [ 1405 1893 1848 ] [    0    0    0 ] [      0      0      0 ] [ 0 ],drive [ 54 ] [ 0 ] [ 1416 1893 1847 ] [   63   25   24 ] [  13852   7814   7293 ] [ 0 ],1.00,1.00,1.00,1.00,29.20,11.89,0.00,0.00,0.00,0.00,0.00,-0.00,0.00,0.00,0.00,0.00,0.00,0.00,0.00,0.00,0.00,0
9.68205,29,12,162,0,DRIVE [ 55 ] [ 1 ] [ 1394 1893 1848 ] [    0    0    0 ] [      0      0      0 ] [ 0 ],drive [ 55 ] [ 0 ] [ 1405 1893 1848 ] [   63   25   24 ] [  14091   7736   7292 ] [ 0 ],1.00,1.00,1.00,1.00,29.35,12.08,0.00,0.00,0.00,0.00,0.00,-0.00,0.00,0.00,0.00,0.00,0.00,0.00,0.00,0.00,0.00,0
9.69342,29,12,160,0,DRIVE [ 56 ] [ 1 ] [ 1386 1893 1847 ] [    0    0    0 ] [      0      0      0 ] [ 0 ],drive [ 55 ] [ 0 ] [ 1394 1893 1848 ] [   63   25   24 ] [  14091   7736   7292 ] [ 0 ],1.00,1.00,1.00,1.00,29.45,12.10,0.00,0.00,0.00,0.00,0.00,-0.00,0.00,0.00,0.00,0.00,0.00,0.00,0.00,0.00,0.00,0
9.70602,29,12,158,0,DRIVE [ 56 ] [ 1 ] [ 1382 1893 1845 ] [    0    0    0 ] [      0      0      0 ] [ 0 ],drive [ 56 ] [ 0 ] [ 1386 1893 1847 ] [   54   10   21 ] [  14091   7736   7292 ] [ 0 ],1.00,1.00,1.00,1.00,29.45,11.97,0.00,0.00,0.00,0.00,0.00,-0.00,0.00,0.00,0.00,0.00,0.00,0.00,0.00,0.00,0.00,0
9.71713,29,12,156,0,DRIVE [ 57 ] [ 1 ] [ 1381 1893 1844 ] [    0    0    0 ] [      0      0      0 ] [ 0 ],drive [ 56 ] [ 0 ] [ 1382 1893 1845 ] [   54   10   21 ] [  14091   7736   7292 ] [ 0 ],1.00,1.00,1.00,1.00,29.30,11.79,0.00,0.00,0.00,0.00,0.00,-0.00,0.00,0.00,0.00,0.00,0.00,0.00,0.00,0.00,0.00,0
9.72874,29,12,155,0,DRIVE [ 57 ] [ 1 ] [ 1384 1893 1844 ] [    0    0    0 ] [      0      0      0 ] [ 0 ],drive [ 57 ] [ 0 ] [ 1381 1893 1844 ] [   54   10   21 ] [  14091   7736   7292 ] [ 0 ],1.00,1.00,1.00,1.00,28.94,11.57,0.00,0.00,0.00,0.00,0.00,-0.00,0.00,0.00,0.00,0.00,0.00,0.00,0.00,0.00,0.00,0
9.74031,28,11,153,0,DRIVE [ 58 ] [ 1 ] [ 1389 1893 1844 ] [    0    0    0 ] [      0      0      0 ] [ 0 ],drive [ 57 ] [ 0 ] [ 1384 1893 1844 ] [   54   10   21 ] [  14307   7511   7291 ] [ 0 ],1.00,1.00,1.00,1.00,28.33,11.33,0.00,0.00,0.00,0.00,0.00,-0.00,0.00,0.00,0.00,0.00,0.00,0.00,0.00,0.00,0.00,0
9.75122,28,11,152,0,DRIVE [ 58 ] [ 1 ] [ 1397 1893 1845 ] [    0    0    0 ] [      0      0      0 ] [ 0 ],drive [ 58 ] [ 0 ] [ 1389 1893 1844 ] [   56    0   22 ] [  14307   7511   7291 ] [ 0 ],1.00,1.00,1.00,1.00,27.63,11.04,0.00,0.00,0.00,0.00,0.00,-0.00,0.00,0.00,0.00,0.00,0.00,0.00,0.00,0.00,0.00,0
9.76267,27,11,150,0,DRIVE [ 59 ] [ 1 ] [ 1406 1893 1846 ] [    0    0    0 ] [      0      0      0 ] [ 0 ],drive [ 58 ] [ 0 ] [ 1397 1893 1845 ] [   56    0   22 ] [  14307   7511   7291 ] [ 0 ],1.00,1.00,1.00,1.00,26.88,10.76,0.00,0.00,0.00,0.00,0.00,-0.00,0.00,0.00,0.00,0.00,0.00,0.00,0.00,0.00,0.00,0
9.77397,26,10,149,0,DRIVE [ 59 ] [ 1 ] [ 1417 1893 1847 ] [    0    0    0 ] [      0      0      0 ] [ 0 ],drive [ 59 ] [ 0 ] [ 1406 1893 1846 ] [   56    0   22 ] [  14307   7511   7291 ] [ 0 ],1.00,1.00,1.00,1.00,26.06,10.38,0.00,0.00,0.00,0.00,0.00,-0.00,0.00,0.00,0.00,0.00,0.00,0.00,0.00,0.00,0.00,0
9.78512,25,10,148,0,DRIVE [ 60 ] [ 1 ] [ 1430 1893 1848 ] [    0    0    0 ] [      0      0      0 ] [ 0 ],drive [ 59 ] [ 0 ] [ 1417 1893 1847 ] [   56    0   22 ] [  14315   7457   7290 ] [ 0 ],1.00,1.00,1.00,1.00,25.13,9.97,0.00,0.00,0.00,0.00,0.00,-0.00,0.00,0.00,0.00,0.00,0.00,0.00,0.00,0.00,0.00,0
9.79678,24,10,146,0,DRIVE [ 60 ] [ 1 ] [ 1445 1893 1850 ] [    0    0    0 ] [      0      0      0 ] [ 0 ],drive [ 60 ] [ 0 ] [ 1430 1893 1848 ] [   51   10   20 ] [  14315   7457   7290 ] [ 0 ],1.00,1.00,1.00,1.00,24.14,9.54,0.00,0.00,0.00,0.00,0.00,-0.00,0.00,0.00,0.00,0.00,0.00,0.00,0.00,0.00,0.00,0
9.80851,23,9,145,0,DRIVE [ 61 ] [ 1 ] [ 1461 1893 1851 ] [    0    0    0 ] [      0      0      0 ] [ 0 ],drive [ 60 ] [ 0 ] [ 1445 1893 1850 ] [   51   10   20 ] [  14315   7457   7290 ] [ 0 ],1.00,1.00,1.00,1.00,23.14,9.07,0.00,0.00,0.00,0.00,0.00,-0.00,0.00,0.00,0.00,0.00,0.00,0.00,0.00,0.00,0.00,0
9.81977,22,9,143,0,DRIVE [ 61 ] [ 1 ] [ 1478 1893 1852 ] [    0    0    0 ] [      0      0      0 ] [ 0 ],drive [ 61 ] [ 0 ] [ 1461 1893 1851 ] [   51   10   20 ] [  14315   7457   7290 ] [ 0 ],1.00,1.00,1.00,1.00,22.15,8.56,0.00,0.00,0.00,0.00,0.00,0.00,0.00,0.00,0.00,0.00,0.00,0.00,0.00,0.00,0.00,0
9.83146,21,8,142,0,DRIVE [ 62 ] [ 1 ] [ 1495 1893 1853 ] [    0    0    0 ] [      0      0      0 ] [ 0 ],drive [ 61 ] [ 0 ] [ 1478 1893 1852 ] [   51   10   20 ] [  14314   7454   7290 ] [ 0 ],1.00,1.00,1.00,1.00,21.14,8.02,0.00,0.00,0.00,0.00,0.00,0.00,0.00,0.00,0.00,0.00,0.00,0.00,0.00,0.00,0.00,0
9.84317,20,7,141,0,DRIVE [ 62 ] [ 1 ] [ 1514 1893 1853 ] [    0    0    0 ] [      0      0      0 ] [ 0 ],drive [ 62 ] [ 0 ] [ 1495 1893 1853 ] [   51   10   20 ] [  14314   7454   7290 ] [ 0 ],1.00,1.00,1.00,1.00,20.10,7.45,0.00,0.00,0.00,0.00,0.00,0.00,0.00,0.00,0.00,0.00,0.00,0.00,0.00,0.00,0.00,0
9.85478,19,7,140,0,DRIVE [ 63 ] [ 1 ] [ 1535 1893 1854 ] [    0    0    0 ] [      0      0      0 ] [ 0 ],drive [ 62 ] [ 0 ] [ 1514 1893 1853 ] [   47   12   17 ] [  14314   7454   7290 ] [ 0 ],1.00,1.00,1.00,1.00,19.01,6.83,0.00,0.00,0.00,0.00,0.00,0.00,0.00,0.00,0.00,0.00,0.00,0.00,-0.00,-0.00,0.00,0
9.86608,18,6,138,0,DRIVE [ 63 ] [ 1 ] [ 1558 1893 1854 ] [    0    0    0 ] [      0      0      0 ] [ 0 ],drive [ 63 ] [ 0 ] [ 1535 1893 1854 ] [   47   12   17 ] [  14314   7454   7290 ] [ 0 ],1.00,1.00,1.00,1.00,17.83,6.15,0.00,0.00,0.00,0.00,0.00,0.00,0.00,0.00,0.00,0.00,0.00,0.00,-0.00,-0.00,0.00,0
9.87771,17,5,137,0,DRIVE [ 64 ] [ 1 ] [ 1583 1893 1855 ] [    0    0    0 ] [      0      0      0 ] [ 0 ],drive [ 63 ] [ 0 ] [ 1558 1893 1854 ] [   47   12   17 ] [  14314   7454   7290 ] [ 0 ],1.00,1.00,1.00,1.00,16.58,5.46,0.00,0.00,0.00,0.00,0.00,0.00,0.00,0.00,0.00,0.00,0.00,0.00,-0.00,-0.00,0.00,0
9.88915,15,5,135,0,DRIVE [ 64 ] [ 1 ] [ 1609 1893 1856 ] [    0    0    0 ] [      0      0      0 ] [ 0 ],drive [ 64 ] [ 0 ] [ 1583 1893 1855 ] [   47   12   17 ] [  14310   7433   7287 ] [ 0 ],1.00,1.00,1.00,1.00,15.31,4.78,0.00,0.00,0.00,0.00,0.00,0.00,0.00,0.00,0.00,0.00,0.00,0.00,-0.00,-0.00,0.00,0
9.90105,14,4,134,0,DRIVE [ 65 ] [ 1 ] [ 1635 1893 1858 ] [    0    0    0 ] [      0      0      0 ] [ 0 ],drive [ 64 ] [ 0 ] [ 1609 1893 1856 ] [   37   25   17 ] [  14310   7433   7287 ] [ 0 ],1.00,1.00,1.00,1.00,14.02,4.12,0.00,0.00,0.00,0.00,0.00,0.00,0.00,0.00,0.00,0.00,0.00,0.00,-0.00,-0.00,0.00,0
9.91254,13,3,133,0,DRIVE [ 65 ] [ 1 ] [ 1662 1893 1860 ] [    0    0    0 ] [      0      0      0 ] [ 0 ],drive [ 65 ] [ 0 ] [ 1635 1893 1858 ] [   37   25   17 ] [  14310   7433   7287 ] [ 0 ],1.00,1.00,1.00,1.00,12.67,3.48,0.00,0.00,0.00,0.00,0.00,0.00,0.00,0.00,0.00,0.00,0.00,0.00,-0.00,-0.00,0.00,0
9.92408,11,3,132,0,DRIVE [ 66 ] [ 1 ] [ 1690 1893 1863 ] [    0    0    0 ] [      0      0      0 ] [ 0 ],drive [ 65 ] [ 0 ] [ 1662 1893 1860 ] [   37   25   17 ] [  14310   7433   7287 ] [ 0 ],1.00,1.00,1.00,1.00,11.24,2.86,0.00,0.00,0.00,0.00,0.00,0.00,0.00,0.00,0.00,0.00,0.00,0.00,-0.00,-0.00,0.00,0
9.93527,10,2,130,0,DRIVE [ 66 ] [ 1 ] [ 1721 1893 1866 ] [    0    0    0 ] [      0      0      0 ] [ 0 ],drive [ 66 ] [ 0 ] [ 1690 1893 1863 ] [   37   25   17 ] [  14294   7377   7287 ] [ 0 ],1.00,1.00,1.00,1.00,9.68,2.29,0.00,0.00,0.00,0.00,0.00,0.00,0.00,0.00,0.00,0.00,0.00,0.00,-0.00,-0.00,0.00,0
9.94683,8,2,129,0,DRIVE [ 67 ] [ 1 ] [ 1752 1893 1871 ] [    0    0    0 ] [      0      0      0 ] [ 0 ],drive [ 66 ] [ 0 ] [ 1721 1893 1866 ] [   24    2   16 ] [  14294   7377   7287 ] [ 0 ],1.00,1.00,1.00,1.00,8.09,1.71,0.00,0.00,0.00,0.00,0.00,0.00,0.00,0.00,0.00,0.00,0.00,0.00,-0.00,-0.00,0.00,0
9.95954,6,1,128,0,DRIVE [ 67 ] [ 1 ] [ 1784 1893 1875 ] [    0    0    0 ] [      0      0      0 ] [ 0 ],drive [ 67 ] [ 0 ] [ 1752 1893 1871 ] [   24    2   16 ] [  14294   7377   7287 ] [ 0 ],1.00,1.00,1.00,1.00,6.49,1.18,0.00,0.00,0.00,0.00,0.00,0.00,0.00,0.00,0.00,0.00,0.00,0.00,-0.00,-0.00,0.00,0
9.9707,5,1,127,0,DRIVE [ 68 ] [ 1 ] [ 1816 1893 1880 ] [    0    0    0 ] [      0      0      0 ] [ 0 ],drive [ 67 ] [ 0 ] [ 1784 1893 1875 ] [   24    2   16 ] [  14294   7377   7287 ] [ 0 ],1.00,1.00,1.00,1.00,4.89,0.64,0.00,0.00,0.00,0.00,0.00,0.00,0.00,0.00,0.00,0.00,0.00,0.00,-0.00,-0.00,0.00,0
9.98239,3,0,125,0,DRIVE [ 68 ] [ 1 ] [ 1848 1893 1885 ] [    0    0    0 ] [      0      0      0 ] [ 0 ],drive [ 68 ] [ 0 ] [ 1816 1893 1880 ] [   24    2   16 ] [  14173   7357   7286 ] [ 0 ],1.00,1.00,1.00,1.00,3.32,0.13,0.00,0.00,0.00,0.00,0.00,0.00,0.00,0.00,0.00,0.00,0.00,0.00,-0.00,-0.00,0.00,0
9.99388,2,0,124,0,DRIVE [ 69 ] [ 1 ] [ 1878 1893 1889 ] [    0    0    0 ] [      0      0      0 ] [ 0 ],drive [ 68 ] [ 0 ] [ 1848 1893 1885 ] [   24    2   16 ] [  14173   7357   7286 ] [ 0 ],1.00,1.00,1.00,1.00,1.77,-0.36,0.00,0.00,0.00,0.00,0.00,0.00,0.00,0.00,0.00,0.00,0.00,0.00,-0.00,0.00,0.00,0
10.0054,0,-1,123,0,DRIVE [ 69 ] [ 1 ] [ 1902 1893 1889 ] [    0    0    0 ] [      0      0      0 ] [ 0 ],drive [ 69 ] [ 0 ] [ 1878 1893 1889 ] [   17    4   14 ] [  14173   7357   7286 ] [ 0 ],1.00,1.00,1.00,1.00,0.28,-0.78,0.00,0.00,0.00,0.00,0.00,0.00,0.00,0.00,0.00,0.00,0.00,0.00,0.00,0.00,0.00,0
10.0163,-1,-1,122,0,DRIVE [ 70 ] [ 1 ] [ 1902 1892 1880 ] [    0    0    0 ] [      0      0      0 ] [ 0 ],drive [ 69 ] [ 0 ] [ 1902 1893 1889 ] [   17    4   14 ] [  14173   7357   7286 ] [ 0 ],1.00,1.00,1.00,1.00,-1.09,-1.15,0.00,0.00,0.00,0.00,0.00,0.00,0.00,0.00,0.00,0.00,0.00,0.00,0.00,0.00,0.00,0
10.028,-2,-1,121,0,DRIVE [ 70 ] [ 1 ] [ 1902 1874 1870 ] [    0    0    0 ] [      0      0      0 ] [ 0 ],drive [ 70 ] [ 0 ] [ 1902 1892 1880 ] [   17    4   14 ] [  14173   7357   7286 ] [ 0 ],1.00,1.00,1.00,1.00,-2.36,-1.42,0.00,0.00,0.00,0.00,0.00,0.00,0.00,0.00,0.00,0.00,0.00,0.00,0.00,0.00,0.00,0
10.0395,-3,-2,120,0,DRIVE [ 71 ] [ 1 ] [ 1902 1856 1860 ] [    0    0    0 ] [      0      0      0 ] [ 0 ],drive [ 70 ] [ 0 ] [ 1902 1874 1870 ] [   17    4   14 ] [  13717   7357   7289 ] [ 0 ],1.00,1.00,1.00,1.00,-3.50,-1.61,0.00,0.00,0.00,0.00,0.00,0.00,0.00,0.00,0.00,0.00,0.00,0.00,0.00,0.00,0.00,0
10.0518,-5,-2,119,0,DRIVE [ 71 ] [ 1 ] [ 1902 1839 1852 ] [    0    0    0 ] [      0      0      0 ] [ 0 ],drive [ 71 ] [ 0 ] [ 1902 1856 1860 ] [   20    3   19 ] [  13717   7357   7289 ] [ 0 ],1.00,1.00,1.00,1.00,-4.53,-1.70,0.00,0.00,0.00,0.00,0.00,0.00,0.00,0.00,0.00,0.00,0.00,0.00,0.00,0.00,0.00,0
10.0651,-5,-2,118,0,DRIVE [ 72 ] [ 1 ] [ 1902 1823 1845 ] [    0    0    0 ] [      0      0      0 ] [ 0 ],drive [ 71 ] [ 0 ] [ 1902 1839 1852 ] [   20    3   19 ] [  13717   7357   7289 ] [ 0 ],1.00,1.00,1.00,1.00,-5.43,-1.77,0.00,0.00,0.00,0.00,0.00,0.00,0.00,0.00,0.00,0.00,0.00,0.00,0.00,0.00,0.00,0
10.0768,-6,-2,117,0,DRIVE [ 72 ] [ 1 ] [ 1902 1809 1839 ] [    0    0    0 ] [      0      0      0 ] [ 0 ],drive [ 72 ] [ 0 ] [ 1902 1823 1845 ] [   20    3   19 ] [  13717   7357   7289 ] [ 0 ],1.00,1.00,1.00,1.00,-6.23,-1.80,0.00,0.00,0.00,0.00,0.00,0.00,0.00,0.00,0.00,0.00,0.00,0.00,0.00,0.00,0.00,0
10.0882,-7,-2,115,0,DRIVE [ 73 ] [ 1 ] [ 1902 1795 1834 ] [    0    0    0 ] [      0      0      0 ] [ 0 ],drive [ 72 ] [ 0 ] [ 1902 1809 1839 ] [   20    3   19 ] [  13373   7360   7300 ] [ 0 ],1.00,1.00,1.00,1.00,-6.93,-1.75,0.00,0.00,0.00,0.00,0.00,0.00,0.00,0.00,0.00,0.00,0.00,0.00,0.00,0.00,0.00,0
10.1001,-8,-2,115,0,DRIVE [ 73 ] [ 1 ] [ 1902 1783 1830 ] [    0    0    0 ] [      0      0      0 ] [ 0 ],drive [ 73 ] [ 0 ] [ 1902 1795 1834 ] [   15    9   32 ] [  13373   7360   7300 ] [ 0 ],1.00,1.00,1.00,1.00,-7.54,-1.68,0.00,0.00,0.00,0.00,0.00,0.00,0.00,0.00,0.00,0.00,0.00,0.00,0.00,0.00,0.00,0
10.1115,-8,-2,114,0,DRIVE [ 74 ] [ 1 ] [ 1902 1772 1827 ] [    0    0    0 ] [      0      0      0 ] [ 0 ],drive [ 73 ] [ 0 ] [ 1902 1783 1830 ] [   15    9   32 ] [  13373   7360   7300 ] [ 0 ],1.00,1.00,1.00,1.00,-8.05,-1.61,0.00,0.00,0.00,0.00,0.00,0.00,0.00,0.00,0.00,0.00,0.00,0.00,0.00,0.00,0.00,0
10.1229,-9,-2,113,0,DRIVE [ 74 ] [ 1 ] [ 1902 1761 1824 ] [    0    0    0 ] [      0      0      0 ] [ 0 ],drive [ 74 ] [ 0 ] [ 1902 1772 1827 ] [   15    9   32 ] [  13373   7360   7300 ] [ 0 ],1.00,1.00,1.00,1.00,-8.53,-1.52,0.00,0.00,0.00,0.00,0.00,0.00,0.00,0.00,0.00,0.00,0.00,0.00,0.00,0.00,0.00,0
10.1343,-9,-1,111,0,DRIVE [ 75 ] [ 1 ] [ 1902 1748 1822 ] [    0    0    0 ] [      0      0      0 ] [ 0 ],drive [ 74 ] [ 0 ] [ 1902 1761 1824 ] [   15    9   32 ] [  13311   7364   7395 ] [ 0 ],1.00,1.00,1.00,1.00,-9.08,-1.32,0.00,0.00,0.00,0.00,0.00,0.00,0.00,0.00,0.00,0.00,0.00,0.00,0.00,0.00,0.00,0
10.1459,-10,-1,110,0,DRIVE [ 75 ] [ 1 ] [ 1902 1735 1821 ] [    0    0    0 ] [      0      0      0 ] [ 0 ],drive [ 75 ] [ 0 ] [ 1902 1748 1822 ] [    3   13   26 ] [  13311   7364   7395 ] [ 0 ],1.00,1.00,1.00,1.00,-9.53,-1.06,0.00,0.00,0.00,0.00,0.00,0.00,0.00,0.00,0.00,0.00,0.00,0.00,0.00,0.00,0.00,0
10.1569,-10,-1,109,0,DRIVE [ 76 ] [ 1 ] [ 1902 1725 1822 ] [    0    0    0 ] [      0      0      0 ] [ 0 ],drive [ 75 ] [ 0 ] [ 1902 1735 1821 ] [    3   13   26 ] [  13311   7364   7395 ] [ 0 ],1.00,1.00,1.00,1.00,-9.82,-0.74,0.00,0.00,0.00,0.00,0.00,0.00,0.00,0.00,0.00,0.00,0.00,0.00,0.00,0.00,0.00,0
10.1687,-10,0,108,0,DRIVE [ 76 ] [ 1 ] [ 1902 1718 1825 ] [    0    0    0 ] [      0      0      0 ] [ 0 ],drive [ 76 ] [ 0 ] [ 1902 1725 1822 ] [    3   13   26 ] [  13311   7364   7395 ] [ 0 ],1.00,1.00,1.00,1.00,-9.94,-0.44,0.00,0.00,0.00,0.00,0.00,0.00,0.00,0.00,0.00,0.00,0.00,0.00,0.00,0.00,0.00,0
10.1802,-10,0,108,0,DRIVE [ 77 ] [ 1 ] [ 1902 1715 1828 ] [    0    0    0 ] [      0      0      0 ] [ 0 ],drive [ 76 ] [ 0 ] [ 1902 1718 1825 ] [    3   13   26 ] [  13213   7403   7415 ] [ 0 ],1.00,1.00,1.00,1.00,-9.84,-0.18,0.00,0.00,0.00,0.00,0.00,0.00,0.00,0.00,0.00,0.00,0.00,0.00,0.00,0.00,0.00,0
10.1916,-10,0,107,0,DRIVE [ 77 ] [ 1 ] [ 1902 1715 1833 ] [    0    0    0 ] [      0      0      0 ] [ 0 ],drive [ 77 ] [ 0 ] [ 1902 1715 1828 ] [    3   13   26 ] [  13213   7403   7415 ] [ 0 ],1.00,1.00,1.00,1.00,-9.58,0.09,0.00,0.00,0.00,0.00,0.00,0.00,0.00,0.00,0.00,0.00,0.00,0.00,0.00,0.00,0.00,0
10.2026,-9,0,106,0,DRIVE [ 78 ] [ 1 ] [ 1902 1718 1838 ] [    0    0    0 ] [      0      0      0 ] [ 0 ],drive [ 77 ] [ 0 ] [ 1902 1715 1833 ] [    4   35   26 ] [  13213   7403   7415 ] [ 0 ],1.00,1.00,1.00,1.00,-9.18,0.34,0.00,0.00,0.00,0.00,0.00,0.00,0.00,0.00,0.00,0.00,0.00,0.00,0.00,0.00,0.00,0
10.2141,-9,1,105,0,DRIVE [ 78 ] [ 1 ] [ 1902 1724 1845 ] [    0    0    0 ] [      0      0      0 ] [ 0 ],drive [ 78 ] [ 0 ] [ 1902 1718 1838 ] [    4   35   26 ] [  13213   7403   7415 ] [ 0 ],1.00,1.00,1.00,1.00,-8.66,0.59,0.00,0.00,0.00,0.00,0.00,0.00,0.00,0.00,0.00,0.00,0.00,0.00,0.00,0.00,0.00,0
10.2271,-8,1,104,0,DRIVE [ 79 ] [ 1 ] [ 1902 1731 1852 ] [    0    0    0 ] [      0      0      0 ] [ 0 ],drive [ 78 ] [ 0 ] [ 1902 1724 1845 ] [    4   35   26 ] [  13213   7403   7415 ] [ 0 ],1.00,1.00,1.00,1.00,-8.07,0.83,0.00,0.00,0.00,0.00,0.00,0.00,0.00,0.00,0.00,0.00,0.00,0.00,0.00,0.00,0.00,0
10.2399,-7,1,103,0,DRIVE [ 79 ] [ 1 ] [ 1902 1739 1860 ] [    0    0    0 ] [      0      0      0 ] [ 0 ],drive [ 79 ] [ 0 ] [ 1902 1731 1852 ] [    4   35   26 ] [  13114   7475   7434 ] [ 0 ],1.00,1.00,1.00,1.00,-7.40,1.05,0.00,0.00,0.00,0.00,0.00,0.00,0.00,0.00,0.00,0.00,0.00,0.00,0.00,0.00,0.00,0
10.2514,-7,1,103,0,DRIVE [ 80 ] [ 1 ] [ 1902 1747 1868 ] [    0    0    0 ] [      0      0      0 ] [ 0 ],drive [ 79 ] [ 0 ] [ 1902 1739 1860 ] [   22   17   23 ] [  13114   7475   7434 ] [ 0 ],1.00,1.00,1.00,1.00,-6.72,1.34,0.00,0.00,0.00,0.00,0.00,0.00,0.00,0.00,0.00,0.00,0.00,0.00,0.00,0.00,0.00,0
10.2631,-6,2,102,0,DRIVE [ 80 ] [ 1 ] [ 1902 1753 1877 ] [    0    0    0 ] [      0      0      0 ] [ 0 ],drive [ 80 ] [ 0 ] [ 1902 1747 1868 ] [   22   17   23 ] [  13114   7475   7434 ] [ 0 ],1.00,1.00,1.00,1.00,-6.03,1.67,0.00,0.00,0.00,0.00,0.00,0.00,0.00,0.00,0.00,0.00,0.00,0.00,0.00,0.00,0.00,0
10.2746,-5,2,101,0,DRIVE [ 81 ] [ 1 ] [ 1902 1759 1886 ] [    0    0    0 ] [      0      0      0 ] [ 0 ],drive [ 80 ] [ 0 ] [ 1902 1753 1877 ] [   22   17   23 ] [  13114   7475   7434 ] [ 0 ],1.00,1.00,1.00,1.00,-5.34,1.98,0.00,0.00,0.00,0.00,0.00,0.00,0.00,0.00,0.00,0.00,0.00,0.00,0.00,0.00,0.00,0
10.2858,-5,2,100,0,DRIVE [ 81 ] [ 1 ] [ 1902 1764 1894 ] [    0    0    0 ] [      0      0      0 ] [ 0 ],drive [ 81 ] [ 0 ] [ 1902 1759 1886 ] [   22   17   23 ] [  13062   7474   7440 ] [ 0 ],1.00,1.00,1.00,1.00,-4.69,2.25,0.00,0.00,0.00,0.00,0.00,0.00,0.00,0.00,0.00,0.00,0.00,0.00,0.00,0.00,0.00,0
10.2971,-4,3,99,0,DRIVE [ 82 ] [ 1 ] [ 1902 1768 1901 ] [    0    0    0 ] [      0      0      0 ] [ 0 ],drive [ 81 ] [ 0 ] [ 1902 1764 1894 ] [    0   15   20 ] [  13062   7474   7440 ] [ 0 ],1.00,1.00,1.00,1.00,-4.08,2.51,0.00,0.00,0.00,0.00,0.00,0.00,0.00,0.00,0.00,0.00,0.00,0.00,0.00,0.00,0.00,0
10.3086,-4,3,98,0,DRIVE [ 82 ] [ 1 ] [ 1902 1776 1901 ] [    0    0    0 ] [      0      0      0 ] [ 0 ],drive [ 82 ] [ 0 ] [ 1902 1768 1901 ] [    0   15   20 ] [  13062   7474   7440 ] [ 0 ],1.00,1.00,1.00,1.00,-3.52,2.73,0.00,0.00,0.00,0.00,0.00,0.00,0.00,0.00,0.00,0.00,0.00,0.00,0.00,0.00,0.00,0
10.3227,-3,3,97,0,DRIVE [ 83 ] [ 1 ] [ 1894 1790 1901 ] [    0    0    0 ] [      0      0      0 ] [ 0 ],drive [ 82 ] [ 0 ] [ 1902 1776 1901 ] [    0   15   20 ] [  13062   7474   7440 ] [ 0 ],1.00,1.00,1.00,1.00,-2.99,2.93,0.00,0.00,0.00,0.00,0.00,0.00,0.00,0.00,0.00,0.00,0.00,0.00,0.00,0.00,0.00,0
10.3341,-2,3,97,0,DRIVE [ 83 ] [ 1 ] [ 1887 1803 1901 ] [    0    0    0 ] [      0      0      0 ] [ 0 ],drive [ 83 ] [ 0 ] [ 1894 1790 1901 ] [    0   15   20 ] [  13057   7471   7438 ] [ 0 ],1.00,1.00,1.00,1.00,-2.47,3.10,0.00,0.00,0.00,0.00,0.00,0.00,0.00,0.00,0.00,0.00,0.00,0.00,0.00,0.00,0.00,0
10.3459,-2,3,96,0,DRIVE [ 84 ] [ 1 ] [ 1880 1814 1901 ] [    0    0    0 ] [      0      0      0 ] [ 0 ],drive [ 83 ] [ 0 ] [ 1887 1803 1901 ] [    2   14   19 ] [  13057   7471   7438 ] [ 0 ],1.00,1.00,1.00,1.00,-1.97,3.27,0.00,0.00,0.00,0.00,0.00,0.00,0.00,0.00,0.00,0.00,0.00,0.00,0.00,0.00,0.00,0
10.357,-1,3,95,0,DRIVE [ 84 ] [ 1 ] [ 1872 1823 1901 ] [    0    0    0 ] [      0      0      0 ] [ 0 ],drive [ 84 ] [ 0 ] [ 1880 1814 1901 ] [    2   14   19 ] [  13057   7471   7438 ] [ 0 ],1.00,1.00,1.00,1.00,-1.47,3.43,0.00,0.00,0.00,0.00,0.00,0.00,0.00,0.00,0.00,0.00,0.00,0.00,0.00,0.00,0.00,0
10.3685,-1,4,94,0,DRIVE [ 85 ] [ 1 ] [ 1864 1831 1901 ] [    0    0    0 ] [      0      0      0 ] [ 0 ],drive [ 84 ] [ 0 ] [ 1872 1823 1901 ] [    2   14   19 ] [  13057   7471   7438 ] [ 0 ],1.00,1.00,1.00,1.00,-1.01,3.58,0.00,0.00,0.00,0.00,0.00,0.00,0.00,0.00,0.00,0.00,0.00,0.00,0.00,0.00,0.00,0
10.38,-1,4,93,0,DRIVE [ 85 ] [ 1 ] [ 1856 1836 1901 ] [    0    0    0 ] [      0      0      0 ] [ 0 ],drive [ 85 ] [ 0 ] [ 1864 1831 1901 ] [    2   14   19 ] [  13050   7454   7434 ] [ 0 ],1.00,1.00,1.00,1.00,-0.59,3.72,0.00,0.00,0.00,0.00,0.00,0.00,0.00,0.00,0.00,0.00,0.00,0.00,0.00,0.00,0.00,0
10.3914,0,4,92,0,DRIVE [ 86 ] [ 1 ] [ 1849 1841 1901 ] [    0    0    0 ] [      0      0      0 ] [ 0 ],drive [ 85 ] [ 0 ] [ 1856 1836 1901 ] [    2   14   19 ] [  13050   7454   7434 ] [ 0 ],1.00,1.00,1.00,1.00,-0.23,3.81,0.00,0.00,0.00,0.00,0.00,0.00,0.00,0.00,0.00,0.00,0.00,0.00,0.00,0.00,0.00,0
10.4027,0,4,91,0,DRIVE [ 86 ] [ 1 ] [ 1841 1844 1901 ] [    0    0    0 ] [      0      0      0 ] [ 0 ],drive [ 86 ] [ 0 ] [ 1849 1841 1901 ] [    5   24   21 ] [  13050   7454   7434 ] [ 0 ],1.00,1.00,1.00,1.00,0.08,3.89,0.00,0.00,0.00,0.00,0.00,0.00,0.00,0.00,0.00,0.00,0.00,0.00,0.00,0.00,0.00,0
10.4143,0,4,91,0,DRIVE [ 87 ] [ 1 ] [ 1834 1847 1901 ] [    0    0    0 ] [      0      0      0 ] [ 0 ],drive [ 86 ] [ 0 ] [ 1841 1844 1901 ] [    5   24   21 ] [  13050   7454   7434 ] [ 0 ],1.00,1.00,1.00,1.00,0.36,3.98,0.00,0.00,0.00,0.00,0.00,0.00,0.00,0.00,0.00,0.00,0.00,0.00,0.00,0.00,0.00,0
10.4263,1,4,90,0,DRIVE [ 87 ] [ 1 ] [ 1828 1848 1901 ] [    0    0    0 ] [      0      0      0 ] [ 0 ],drive [ 87 ] [ 0 ] [ 1834 1847 1901 ] [    5   24   21 ] [  13050   7454   7434 ] [ 0 ],1.00,1.00,1.00,1.00,0.60,4.07,0.00,0.00,0.00,0.00,0.00,0.00,0.00,0.00,0.00,0.00,0.00,0.00,0.00,0.00,0.00,0
10.4373,1,4,89,0,DRIVE [ 88 ] [ 1 ] [ 1821 1849 1901 ] [    0    0    0 ] [      0      0      0 ] [ 0 ],drive [ 87 ] [ 0 ] [ 1828 1848 1901 ] [    5   24   21 ] [  13051   7410   7434 ] [ 0 ],1.00,1.00,1.00,1.00,0.83,4.17,0.00,0.00,0.00,0.00,0.00,0.00,0.00,0.00,0.00,0.00,0.00,0.00,0.00,0.00,0.00,0
10.449,1,4,88,0,DRIVE [ 88 ] [ 1 ] [ 1814 1851 1901 ] [    0    0    0 ] [      0      0      0 ] [ 0 ],drive [ 88 ] [ 0 ] [ 1821 1849 1901 ] [    8   19   20 ] [  13051   7410   7434 ] [ 0 ],1.00,1.00,1.00,1.00,1.04,4.25,0.00,0.00,0.00,0.00,0.00,0.00,0.00,0.00,0.00,0.00,0.00,0.00,0.00,0.00,0.00,0
10.4606,1,4,87,0,DRIVE [ 89 ] [ 1 ] [ 1809 1851 1901 ] [    0    0    0 ] [      0      0      0 ] [ 0 ],drive [ 88 ] [ 0 ] [ 1814 1851 1901 ] [    8   19   20 ] [  13051   7410   7434 ] [ 0 ],1.00,1.00,1.00,1.00,1.18,4.31,0.00,0.00,0.00,0.00,0.00,0.00,0.00,0.00,0.00,0.00,0.00,0.00,0.00,0.00,0.00,0
10.4732,1,4,86,0,DRIVE [ 89 ] [ 1 ] [ 1806 1850 1901 ] [    0    0    0 ] [      0      0      0 ] [ 0 ],drive [ 89 ] [ 0 ] [ 1809 1851 1901 ] [    8   19   20 ] [  13051   7410   7434 ] [ 0 ],1.00,1.00,1.00,1.00,1.24,4.38,0.00,0.00,0.00,0.00,0.00,0.00,0.00,0.00,0.00,0.00,0.00,0.00,0.00,0.00,0.00,0
10.4846,1,4,85,0,DRIVE [ 90 ] [ 1 ] [ 1803 1849 1901 ] [    0    0    0 ] [      0      0      0 ] [ 0 ],drive [ 89 ] [ 0 ] [ 1806 1850 1901 ] [    8   19   20 ] [  13054   7348   7432 ] [ 0 ],1.00,1.00,1.00,1.00,1.26,4.43,0.00,0.00,0.00,0.00,0.00,0.00,0.00,0.00,0.00,0.00,0.00,0.00,0.00,0.00,0.00,0
10.4972,1,4,85,0,DRIVE [ 90 ] [ 1 ] [ 1802 1847 1901 ] [    0    0    0 ] [      0      0      0 ] [ 0 ],drive [ 90 ] [ 0 ] [ 1803 1849 1901 ] [    8   20   21 ] [  13054   7348   7432 ] [ 0 ],1.00,1.00,1.00,1.00,1.22,4.49,0.00,0.00,0.00,0.00,0.00,0.00,0.00,0.00,0.00,0.00,0.00,0.00,0.00,0.00,0.00,0
10.5083,1,5,84,0,DRIVE [ 91 ] [ 1 ] [ 1802 1844 1901 ] [    0    0    0 ] [      0      0      0 ] [ 0 ],drive [ 90 ] [ 0 ] [ 1802 1847 1901 ] [    8   20   21 ] [  13054   7348   7432 ] [ 0 ],1.00,1.00,1.00,1.00,1.14,4.57,0.00,0.00,0.00,0.00,0.00,0.00,0.00,0.00,0.00,0.00,0.00,0.00,0.00,0.00,0.00,0
10.5204,1,5,82,0,DRIVE [ 91 ] [ 1 ] [ 1802 1837 1901 ] [    0    0    0 ] [      0      0      0 ] [ 0 ],drive [ 91 ] [ 0 ] [ 1802 1844 1901 ] [    8   20   21 ] [  13054   7348   7432 ] [ 0 ],1.00,1.00,1.00,1.00,0.95,4.74,0.00,0.00,0.00,0.00,0.00,0.00,0.00,0.00,0.00,0.00,0.00,0.00,0.00,0.00,0.00,0
10.5311,1,5,81,0,DRIVE [ 92 ] [ 1 ] [ 1801 1831 1901 ] [    0    0    0 ] [      0      0      0 ] [ 0 ],drive [ 91 ] [ 0 ] [ 1802 1837 1901 ] [    8   20   21 ] [  13055   7330   7432 ] [ 0 ],1.00,1.00,1.00,1.00,0.80,4.91,0.00,0.00,0.00,0.00,0.00,0.00,0.00,0.00,0.00,0.00,0.00,0.00,0.00,0.00,0.00,0
10.5433,1,5,80,0,DRIVE [ 92 ] [ 1 ] [ 1799 1826 1901 ] [    0    0    0 ] [      0      0      0 ] [ 0 ],drive [ 92 ] [ 0 ] [ 1801 1831 1901 ] [    8   20   21 ] [  13055   7330   7432 ] [ 0 ],1.00,1.00,1.00,1.00,0.69,5.04,0.00,0.00,0.00,0.00,0.00,0.00,0.00,0.00,0.00,0.00,0.00,0.00,0.00,0.00,0.00,0
10.5541,1,5,79,0,DRIVE [ 93 ] [ 1 ] [ 1797 1821 1901 ] [    0    0    0 ] [      0      0      0 ] [ 0 ],drive [ 92 ] [ 0 ] [ 1799 1826 1901 ] [   10   20   21 ] [  13055   7330   7432 ] [ 0 ],1.00,1.00,1.00,1.00,0.63,5.18,0.00,0.00,0.00,0.00,0.00,0.00,0.00,0.00,0.00,0.00,0.00,0.00,0.00,0.00,0.00,0
10.5653,1,5,78,0,DRIVE [ 93 ] [ 1 ] [ 1794 1818 1901 ] [    0    0    0 ] [      0      0      0 ] [ 0 ],drive [ 93 ] [ 0 ] [ 1797 1821 1901 ] [   10   20   21 ] [  13055   7330   7432 ] [ 0 ],1.00,1.00,1.00,1.00,0.62,5.31,0.00,0.00,0.00,0.00,0.00,0.00,0.00,0.00,0.00,0.00,0.00,0.00,0.00,0.00,0.00,0
10.5764,1,5,78,0,DRIVE [ 94 ] [ 1 ] [ 1789 1815 1901 ] [    0    0    0 ] [      0      0      0 ] [ 0 ],drive [ 93 ] [ 0 ] [ 1794 1818 1901 ] [   10   20   21 ] [  13055   7330   7432 ] [ 0 ],1.00,1.00,1.00,1.00,0.67,5.43,0.00,0.00,0.00,0.00,0.00,0.00,0.00,0.00,0.00,0.00,0.00,0.00,0.00,0.00,0.00,0
10.5875,1,6,77,0,DRIVE [ 94 ] [ 1 ] [ 1782 1814 1901 ] [    0    0    0 ] [      0      0      0 ] [ 0 ],drive [ 94 ] [ 0 ] [ 1789 1815 1901 ] [   10   20   21 ] [  13055   7330   7431 ] [ 0 ],1.00,1.00,1.00,1.00,0.81,5.57,0.00,0.00,0.00,0.00,0.00,0.00,0.00,0.00,0.00,0.00,0.00,0.00,0.00,0.00,0.00,0
10.5983,1,6,76,0,DRIVE [ 95 ] [ 1 ] [ 1773 1814 1901 ] [    0    0    0 ] [      0      0      0 ] [ 0 ],drive [ 94 ] [ 0 ] [ 1782 1814 1901 ] [   11   23   22 ] [  13055   7330   7431 ] [ 0 ],1.00,1.00,1.00,1.00,1.01,5.71,0.00,0.00,0.00,0.00,0.00,0.00,0.00,0.00,0.00,0.00,0.00,0.00,0.00,0.00,0.00,0
10.6096,1,6,75,0,DRIVE [ 95 ] [ 1 ] [ 1763 1815 1901 ] [    0    0    0 ] [      0      0      0 ] [ 0 ],drive [ 95 ] [ 0 ] [ 1773 1814 1901 ] [   11   23   22 ] [  13055   7330   7431 ] [ 0 ],1.00,1.00,1.00,1.00,1.28,5.83,0.00,0.00,0.00,0.00,0.00,0.00,0.00,0.00,0.00,0.00,0.00,0.00,0.00,0.00,0.00,0
10.6204,2,6,74,0,DRIVE [ 96 ] [ 1 ] [ 1751 1817 1901 ] [    0    0    0 ] [      0      0      0 ] [ 0 ],drive [ 95 ] [ 0 ] [ 1763 1815 1901 ] [   11   23   22 ] [  13055   7330   7431 ] [ 0 ],1.00,1.00,1.00,1.00,1.59,5.95,0.00,0.00,0.00,0.00,0.00,0.00,0.00,0.00,0.00,0.00,0.00,0.00,0.00,0.00,0.00,0
10.6318,2,6,74,0,DRIVE [ 96 ] [ 1 ] [ 1738 1819 1901 ] [    0    0    0 ] [      0      0      0 ] [ 0 ],drive [ 96 ] [ 0 ] [ 1751 1817 1901 ] [   11   23   22 ] [  13056   7330   7430 ] [ 0 ],1.00,1.00,1.00,1.00,1.93,6.07,0.00,0.00,0.00,0.00,0.00,0.00,0.00,0.00,0.00,0.00,0.00,0.00,0.00,0.00,0.00,0
10.643,2,6,73,0,DRIVE [ 97 ] [ 1 ] [ 1724 1822 1901 ] [    0    0    0 ] [      0      0      0 ] [ 0 ],drive [ 96 ] [ 0 ] [ 1738 1819 1901 ] [   11   23   22 ] [  13056   7330   7430 ] [ 0 ],1.00,1.00,1.00,1.00,2.29,6.17,0.00,0.00,0.00,0.00,0.00,0.00,0.00,0.00,0.00,0.00,0.00,0.00,0.00,0.00,0.00,0
10.6542,3,6,72,0,DRIVE [ 97 ] [ 1 ] [ 1708 1825 1901 ] [    0    0    0 ] [      0      0      0 ] [ 0 ],drive [ 97 ] [ 0 ] [ 1724 1822 1901 ] [   14   23   22 ] [  13056   7330   7430 ] [ 0 ],1.00,1.00,1.00,1.00,2.68,6.27,0.00,0.00,0.00,0.00,0.00,0.00,0.00,0.00,0.00,0.00,0.00,0.00,0.00,0.00,0.00,0
10.6649,3,6,71,0,DRIVE [ 98 ] [ 1 ] [ 1691 1828 1901 ] [    0    0    0 ] [      0      0      0 ] [ 0 ],drive [ 97 ] [ 0 ] [ 1708 1825 1901 ] [   14   23   22 ] [  13056   7330   7430 ] [ 0 ],1.00,1.00,1.00,1.00,3.10,6.40,0.00,0.00,0.00,0.00,0.00,0.00,0.00,0.00,0.00,0.00,0.00,0.00,0.00,0.00,0.00,0
10.6761,4,6,70,0,DRIVE [ 98 ] [ 1 ] [ 1671 1832 1901 ] [    0    0    0 ] [      0      0      0 ] [ 0 ],drive [ 98 ] [ 0 ] [ 1691 1828 1901 ] [   14   23   22 ] [  13056   7330   7430 ] [ 0 ],1.00,1.00,1.00,1.00,3.56,6.50,0.00,0.00,0.00,0.00,0.00,0.00,0.00,0.00,0.00,0.00,0.00,0.00,0.00,0.00,0.00,0
10.6869,4,7,69,0,DRIVE [ 99 ] [ 1 ] [ 1651 1835 1901 ] [    0    0    0 ] [      0      0      0 ] [ 0 ],drive [ 98 ] [ 0 ] [ 1671 1832 1901 ] [   14   23   22 ] [  13061   7330   7430 ] [ 0 ],1.00,1.00,1.00,1.00,4.01,6.60,0.00,0.00,0.00,0.00,0.00,0.00,0.00,0.00,0.00,0.00,0.00,0.00,0.00,0.00,0.00,0
10.6981,4,7,69,0,DRIVE [ 99 ] [ 1 ] [ 1630 1839 1901 ] [    0    0    0 ] [      0      0      0 ] [ 0 ],drive [ 99 ] [ 0 ] [ 1651 1835 1901 ] [   24   20   22 ] [  13061   7330   7430 ] [ 0 ],1.00,1.00,1.00,1.00,4.46,6.69,0.00,0.00,0.00,0.00,0.00,0.00,0.00,0.00,0.00,0.00,0.00,0.00,0.00,0.00,0.00,0
10.7093,5,7,68,0,DRIVE [ 00 ] [ 1 ] [ 1609 1843 1901 ] [    0    0    0 ] [      0      0      0 ] [ 0 ],drive [ 99 ] [ 0 ] [ 1630 1839 1901 ] [   24   20   22 ] [  13061   7330   7430 ] [ 0 ],1.00,1.00,1.00,1.00,4.88,6.76,0.00,0.00,0.00,0.00,0.00,0.00,0.00,0.00,0.00,0.00,0.00,0.00,0.00,0.00,0.00,0
10.7203,5,7,67,0,DRIVE [ 00 ] [ 1 ] [ 1589 1846 1901 ] [    0    0    0 ] [      0      0      0 ] [ 0 ],drive [ 00 ] [ 0 ] [ 1609 1843 1901 ] [   24   20   22 ] [  13061   7330   7430 ] [ 0 ],1.00,1.00,1.00,1.00,5.27,6.82,0.00,0.00,0.00,0.00,0.00,0.00,0.00,0.00,0.00,0.00,0.00,0.00,0.00,0.00,0.00,0
10.7308,6,7,66,0,DRIVE [ 01 ] [ 1 ] [ 1570 1850 1901 ] [    0    0    0 ] [      0      0      0 ] [ 0 ],drive [ 00 ] [ 0 ] [ 1589 1846 1901 ] [   24   20   22 ] [  13082   7330   7429 ] [ 0 ],1.00,1.00,1.00,1.00,5.64,6.85,0.00,0.00,0.00,0.00,0.00,0.00,0.00,0.00,0.00,0.00,0.00,0.00,0.00,0.00,0.00,0
10.7419,6,7,65,0,DRIVE [ 01 ] [ 1 ] [ 1550 1853 1901 ] [    0    0    0 ] [      0      0      0 ] [ 0 ],drive [ 01 ] [ 0 ] [ 1570 1850 1901 ] [   24   20   22 ] [  13082   7330   7429 ] [ 0 ],1.00,1.00,1.00,1.00,5.99,6.88,0.00,0.00,0.00,0.00,0.00,0.00,0.00,0.00,0.00,0.00,0.00,0.00,0.00,0.00,0.00,0
10.7526,6,7,64,0,DRIVE [ 02 ] [ 1 ] [ 1530 1857 1901 ] [    0    0    0 ] [      0      0      0 ] [ 0 ],drive [ 01 ] [ 0 ] [ 1550 1853 1901 ] [   47   19   22 ] [  13082   7330   7429 ] [ 0 ],1.00,1.00,1.00,1.00,6.33,6.91,0.00,0.00,0.00,0.00,0.00,0.00,0.00,0.00,0.00,0.00,0.00,0.00,0.00,0.00,0.00,0
10.7637,7,7,64,0,DRIVE [ 02 ] [ 1 ] [ 1511 1860 1901 ] [    0    0    0 ] [      0      0      0 ] [ 0 ],drive [ 02 ] [ 0 ] [ 1530 1857 1901 ] [   47   19   22 ] [  13082   7330   7429 ] [ 0 ],1.00,1.00,1.00,1.00,6.63,6.93,0.00,0.00,0.00,0.00,0.00,0.00,0.00,0.00,0.00,0.00,0.00,0.00,0.00,0.00,0.00,0
10.7746,7,7,64,0,DRIVE [ 03 ] [ 1 ] [ 1490 1863 1901 ] [    0    0    0 ] [      0      0      0 ] [ 0 ],drive [ 02 ] [ 0 ] [ 1511 1860 1901 ] [   47   19   22 ] [  13082   7330   7429 ] [ 0 ],1.00,1.00,1.00,1.00,7.08,7.10,0.00,0.00,0.00,0.00,0.00,0.00,0.00,0.00,0.00,0.00,0.00,0.00,0.00,0.00,0.00,0
10.7853,7,7,64,0,DRIVE [ 03 ] [ 1 ] [ 1471 1867 1901 ] [    0    0    0 ] [      0      0      0 ] [ 0 ],drive [ 03 ] [ 0 ] [ 1490 1863 1901 ] [   47   19   22 ] [  13177   7328   7424 ] [ 0 ],1.00,1.00,1.00,1.00,7.46,7.19,0.00,0.00,0.00,0.00,0.00,0.00,0.00,0.00,0.00,0.00,0.00,0.00,0.00,0.00,0.00,0
10.7961,7,7,64,0,DRIVE [ 04 ] [ 1 ] [ 1514 1871 1901 ] [    0    0    0 ] [      0      0      0 ] [ 1 ],drive [ 03 ] [ 0 ] [ 1471 1867 1901 ] [   67   20   22 ] [  13177   7328   7424 ] [ 0 ],1.00,1.00,1.00,1.00,6.72,6.47,0.00,0.00,0.00,0.00,0.00,0.00,0.00,0.00,0.00,0.00,0.00,0.00,0.00,0.00,0.00,0
10.8069,8,7,63,0,DRIVE [ 04 ] [ 1 ] [ 1454 1870 1901 ] [    0    0    0 ] [      0      0      0 ] [ 0 ],drive [ 04 ] [ 0 ] [ 1064 1421 1451 ] [   67   20   22 ] [  13177   7328   7424 ] [ 1 ],1.00,1.00,1.00,1.00,7.74,7.22,0.00,0.00,0.00,0.00,0.00,0.00,0.00,0.00,0.00,0.00,0.00,0.00,0.00,0.00,0.00,0
10.8175,8,7,63,0,DRIVE [ 05 ] [ 1 ] [ 1498 1873 1901 ] [    0    0    0 ] [      0      0      0 ] [ 1 ],drive [ 04 ] [ 0 ] [ 1454 1870 1901 ] [   67   20   22 ] [  13177   7328   7424 ] [ 0 ],1.00,1.00,1.00,1.00,6.96,6.49,0.00,0.00,0.00,0.00,0.00,0.00,0.00,0.00,0.00,0.00,0.00,0.00,0.00,0.00,0.00,0
10.8285,8,7,64,1,DRIVE [ 05 ] [ 1 ] [ 1449 1873 1901 ] [    0    0    0 ] [      0      0      0 ] [ 0 ],drive [ 05 ] [ 0 ] [ 1048 1423 1451 ] [   67   20   22 ] [  13715   7492   7575 ] [ 1 ],1.00,1.00,1.00,1.00,7.91,7.20,0.00,0.00,0.00,0.00,0.00,0.00,0.00,0.00,0.00,0.00,0.00,0.00,0.00,0.00,0.00,0
