timestamp,Xmm,Ymm,Zmm,TouchDetected,OutgoingPacket,IncomingPacket,GainPropAb, GainPropAd, GainPropFl, GainPropEx,PropA, PropB, PropC,GainIntegAb, GainIntegAd, GainIntegFl, GainIntegEx,IntegA, IntegB, IntegC,GainDerivAb, GainDerivAd, GainDerivFl, GainDerivEx,DerivA, DerivB, DerivC,Heading5
0.00535014,-135,19,399,0,DRIVE [ 51 ] [ 1 ] [ 1901 1120 1719 ] [    0    0    0 ] [      0      0      0 ] [ 0 ],drive [ 51 ] [ 0 ] [ 1901 1118 1718 ] [   22   79   36 ] [  11726  10910   9481 ] [ 0 ],1.00,1.00,1.00,1.40,-134.64,26.40,0.00,0.00,0.00,0.00,0.00,0.00,0.00,0.00,0.00,0.00,0.00,0.00,0.00,0.00,0.00,0
0.0193411,-135,19,400,0,DRIVE [ 52 ] [ 1 ] [ 1901 1118 1720 ] [    0    0    0 ] [      0      0      0 ] [ 0 ],drive [ 51 ] [ 0 ] [ 1901 1120 1719 ] [   22   79   36 ] [  11726  10910   9481 ] [ 0 ],1.00,1.00,1.00,1.40,-135.20,26.81,0.00,0.00,0.00,0.00,0.00,0.00,0.00,0.00,0.00,0.00,0.00,0.00,0.00,0.00,0.00,0
0.032127,-136,19,402,0,DRIVE [ 52 ] [ 1 ] [ 1901 1117 1720 ] [    0    0    0 ] [      0      0      0 ] [ 0 ],drive [ 52 ] [ 0 ] [ 1901 1118 1720 ] [   22   79   36 ] [  11726  10910   9481 ] [ 0 ],1.00,1.00,1.00,1.40,-135.63,27.04,0.00,0.00,0.00,0.00,0.00,0.00,0.00,0.00,0.00,0.00,0.00,0.00,0.00,0.00,0.00,0
0.0450996,-134,19,399,0,DRIVE [ 53 ] [ 1 ] [ 1901 1118 1721 ] [    0    0    0 ] [      0      0      0 ] [ 0 ],drive [ 52 ] [ 0 ] [ 1901 1117 1720 ] [   21   79   37 ] [  11726  10910   9481 ] [ 0 ],1.00,1.00,1.00,1.40,-134.48,26.96,0.00,0.00,0.00,0.00,0.00,0.00,0.00,0.00,0.00,0.00,0.00,0.00,0.00,-0.00,0.00,0
0.0575628,-135,19,400,0,DRIVE [ 53 ] [ 1 ] [ 1901 1117 1722 ] [    0    0    0 ] [      0      0      0 ] [ 0 ],drive [ 53 ] [ 0 ] [ 1901 1118 1721 ] [   21   79   37 ] [  11726  10910   9481 ] [ 0 ],1.00,1.00,1.00,1.40,-134.70,27.20,0.00,0.00,0.00,0.00,0.00,0.00,0.00,0.00,0.00,0.00,0.00,0.00,0.00,-0.00,0.00,0
0.0703197,-134,19,397,0,DRIVE [ 54 ] [ 1 ] [ 1901 1116 1722 ] [    0    0    0 ] [      0      0      0 ] [ 0 ],drive [ 53 ] [ 0 ] [ 1901 1117 1722 ] [   21   79   37 ] [  11726  10910   9481 ] [ 0 ],1.00,1.00,1.00,1.40,-134.00,27.28,0.00,0.00,0.00,0.00,0.00,0.00,0.00,0.00,0.00,0.00,0.00,0.00,0.00,-0.00,0.00,0
0.0830992,-134,20,397,0,DRIVE [ 54 ] [ 1 ] [ 1901 1115 1723 ] [    0    0    0 ] [      0      0      0 ] [ 0 ],drive [ 54 ] [ 0 ] [ 1901 1116 1722 ] [   21   79   37 ] [  11726  10910   9481 ] [ 0 ],1.00,1.00,1.00,1.40,-133.87,27.52,0.00,0.00,0.00,0.00,0.00,0.00,0.00,0.00,0.00,0.00,0.00,0.00,0.00,-0.00,0.00,0
0.0958782,-134,20,399,0,DRIVE [ 55 ] [ 1 ] [ 1901 1115 1724 ] [    0    0    0 ] [      0      0      0 ] [ 0 ],drive [ 54 ] [ 0 ] [ 1901 1115 1723 ] [   22   79   36 ] [  11726  10910   9481 ] [ 0 ],1.00,1.00,1.00,1.40,-134.08,27.85,0.00,0.00,0.00,0.00,0.00,0.00,0.00,0.00,0.00,0.00,0.00,0.00,0.00,-0.00,0.00,0
0.107854,-134,20,400,0,DRIVE [ 55 ] [ 1 ] [ 1901 1115 1725 ] [    0    0    0 ] [      0      0      0 ] [ 0 ],drive [ 55 ] [ 0 ] [ 1901 1115 1724 ] [   22   79   36 ] [  11726  10910   9481 ] [ 0 ],1.00,1.00,1.00,1.40,-134.30,28.11,0.00,0.00,0.00,0.00,0.00,0.00,0.00,0.00,0.00,0.00,0.00,0.00,0.00,-0.00,0.00,0
0.122106,-134,20,399,0,DRIVE [ 56 ] [ 1 ] [ 1901 1115 1727 ] [    0    0    0 ] [      0      0      0 ] [ 0 ],drive [ 55 ] [ 0 ] [ 1901 1115 1725 ] [   22   79   36 ] [  11726  10910   9481 ] [ 0 ],1.00,1.00,1.00,1.40,-133.88,28.44,0.00,0.00,0.00,0.00,0.00,0.00,0.00,0.00,0.00,0.00,0.00,0.00,0.00,-0.00,0.00,0
0.136206,-134,21,400,0,DRIVE [ 56 ] [ 1 ] [ 1901 1113 1728 ] [    0    0    0 ] [      0      0      0 ] [ 0 ],drive [ 56 ] [ 0 ] [ 1901 1115 1727 ] [   22   79   36 ] [  11726  10910   9480 ] [ 0 ],1.00,1.00,1.00,1.40,-134.09,28.87,0.00,0.00,0.00,0.00,0.00,0.00,0.00,0.00,0.00,0.00,0.00,0.00,0.00,-0.00,0.00,0
0.150798,94,-113,300,0,DRIVE [ 57 ] [ 1 ] [ 1480 1113 1005 ] [    0    0    0 ] [      0      0      0 ] [ 0 ],drive [ 56 ] [ 0 ] [ 1901 1113 1728 ] [   22   79   37 ] [  11726  10910   9480 ] [ 0 ],1.00,1.00,1.00,1.40,93.87,-112.66,0.00,0.00,0.00,0.00,0.00,0.00,0.00,0.00,0.00,0.00,0.00,0.00,0.00,0.00,0.00,0
0.163692,94,-113,299,0,DRIVE [ 57 ] [ 1 ] [ 1479 1113 1005 ] [    0    0    0 ] [      0      0      0 ] [ 0 ],drive [ 57 ] [ 0 ] [ 1480 1113 1005 ] [   22   79   37 ] [  11726  10910   9480 ] [ 0 ],1.00,1.00,1.00,1.40,93.94,-112.55,0.00,0.00,0.00,0.00,0.00,0.00,0.00,0.00,0.00,0.00,0.00,0.00,0.00,0.00,0.00,0
0.176508,94,-112,299,0,DRIVE [ 58 ] [ 1 ] [ 1478 1113 1005 ] [    0    0    0 ] [      0      0      0 ] [ 0 ],drive [ 57 ] [ 0 ] [ 1479 1113 1005 ] [   22   79   37 ] [  11726  10910   9480 ] [ 0 ],1.00,1.00,1.00,1.40,94.06,-112.07,0.00,0.00,0.00,0.00,0.00,0.00,0.00,0.00,0.00,0.00,0.00,0.00,-0.00,0.00,0.00,0
0.188551,94,-112,298,0,DRIVE [ 58 ] [ 1 ] [ 1477 1113 1005 ] [    0    0    0 ] [      0      0      0 ] [ 0 ],drive [ 58 ] [ 0 ] [ 1478 1113 1005 ] [   22   79   37 ] [  11815  10910   9621 ] [ 0 ],1.00,1.00,1.00,1.40,93.92,-111.64,0.00,0.00,0.00,0.00,0.00,0.00,0.00,0.00,0.00,0.00,0.00,0.00,-0.00,0.00,0.00,0
0.201564,94,-111,296,0,DRIVE [ 59 ] [ 1 ] [ 1475 1113 1005 ] [    0    0    0 ] [      0      0      0 ] [ 0 ],drive [ 58 ] [ 0 ] [ 1477 1113 1005 ] [   64   75   84 ] [  11815  10910   9621 ] [ 0 ],1.00,1.00,1.00,1.40,93.79,-111.04,0.00,0.00,0.00,0.00,0.00,0.00,0.00,0.00,0.00,0.00,0.00,0.00,-0.00,0.00,0.00,0
0.213977,94,-110,297,0,DRIVE [ 59 ] [ 1 ] [ 1474 1113 1005 ] [    0    0    0 ] [      0      0      0 ] [ 0 ],drive [ 59 ] [ 0 ] [ 1475 1113 1005 ] [   64   75   84 ] [  11815  10910   9621 ] [ 0 ],1.00,1.00,1.00,1.40,94.10,-110.20,0.00,0.00,0.00,0.00,0.00,0.00,0.00,0.00,0.00,0.00,0.00,0.00,-0.00,0.00,0.00,0
0.225898,94,-108,298,0,DRIVE [ 60 ] [ 1 ] [ 1474 1113 1024 ] [    0    0    0 ] [      0      0      0 ] [ 0 ],drive [ 59 ] [ 0 ] [ 1474 1113 1005 ] [   64   75   84 ] [  11815  10910   9621 ] [ 0 ],1.00,1.00,1.00,1.40,94.09,-107.87,0.00,0.00,0.00,0.00,0.00,0.00,0.00,0.00,0.00,0.00,0.00,0.00,-0.00,0.00,0.00,0
0.238179,94,-104,299,0,DRIVE [ 60 ] [ 1 ] [ 1472 1113 1050 ] [    0    0    0 ] [      0      0      0 ] [ 0 ],drive [ 60 ] [ 0 ] [ 1474 1113 1024 ] [   64   75   84 ] [  12114  10895  10566 ] [ 0 ],1.00,1.00,1.00,1.40,94.03,-104.41,0.00,0.00,0.00,0.00,0.00,0.00,0.00,0.00,0.00,0.00,0.00,0.00,-0.00,0.00,0.00,0
0.250731,94,-101,300,0,DRIVE [ 61 ] [ 1 ] [ 1469 1113 1073 ] [    0    0    0 ] [      0      0      0 ] [ 0 ],drive [ 60 ] [ 0 ] [ 1472 1113 1050 ] [   54   75   83 ] [  12114  10895  10566 ] [ 0 ],1.00,1.00,1.00,1.40,94.34,-101.16,0.00,0.00,0.00,0.00,0.00,0.00,0.00,0.00,0.00,0.00,0.00,0.00,-0.00,0.00,0.00,0
0.263495,94,-99,300,0,DRIVE [ 61 ] [ 1 ] [ 1467 1113 1091 ] [    0    0    0 ] [      0      0      0 ] [ 0 ],drive [ 61 ] [ 0 ] [ 1469 1113 1073 ] [   54   75   83 ] [  12114  10895  10566 ] [ 0 ],1.00,1.00,1.00,1.40,94.41,-98.61,0.00,0.00,0.00,0.00,0.00,0.00,0.00,0.00,0.00,0.00,0.00,0.00,-0.00,0.00,0.00,0
0.277155,95,-97,300,0,DRIVE [ 62 ] [ 1 ] [ 1463 1113 1105 ] [    0    0    0 ] [      0      0      0 ] [ 0 ],drive [ 61 ] [ 0 ] [ 1467 1113 1091 ] [   54   75   83 ] [  12114  10895  10566 ] [ 0 ],1.00,1.00,1.00,1.40,94.90,-96.64,0.00,0.00,0.00,0.00,0.00,0.00,0.00,0.00,0.00,0.00,0.00,0.00,-0.00,0.00,0.00,0
0.289845,95,-94,299,0,DRIVE [ 62 ] [ 1 ] [ 1459 1113 1116 ] [    0    0    0 ] [      0      0      0 ] [ 0 ],drive [ 62 ] [ 0 ] [ 1463 1113 1105 ] [   54   75   83 ] [  12114  10895  10566 ] [ 0 ],1.00,1.00,1.00,1.40,94.81,-94.39,0.00,0.00,0.00,0.00,0.00,0.00,0.00,0.00,0.00,0.00,0.00,0.00,-0.00,0.00,0.00,0
0.302979,95,-93,299,0,DRIVE [ 63 ] [ 1 ] [ 1456 1113 1125 ] [    0    0    0 ] [      0      0      0 ] [ 0 ],drive [ 62 ] [ 0 ] [ 1459 1113 1116 ] [   54   75   77 ] [  12114  10895  10566 ] [ 0 ],1.00,1.00,1.00,1.40,95.30,-93.10,0.00,0.00,0.00,0.00,0.00,0.00,0.00,0.00,0.00,0.00,0.00,0.00,-0.00,0.00,0.00,0
0.3156,96,-92,299,0,DRIVE [ 63 ] [ 1 ] [ 1451 1113 1131 ] [    0    0    0 ] [      0      0      0 ] [ 0 ],drive [ 63 ] [ 0 ] [ 1456 1113 1125 ] [   54   75   77 ] [  12114  10895  10566 ] [ 0 ],1.00,1.00,1.00,1.40,95.89,-91.90,0.00,0.00,0.00,0.00,0.00,0.00,0.00,0.00,0.00,0.00,0.00,0.00,-0.00,0.00,0.00,0
0.328121,96,-91,297,0,DRIVE [ 64 ] [ 1 ] [ 1447 1113 1137 ] [    0    0    0 ] [      0      0      0 ] [ 0 ],drive [ 63 ] [ 0 ] [ 1451 1113 1131 ] [   54   75   77 ] [  12114  10895  10566 ] [ 0 ],1.00,1.00,1.00,1.40,96.10,-90.52,0.00,0.00,0.00,0.00,0.00,0.00,0.00,0.00,0.00,0.00,0.00,0.00,-0.00,0.00,0.00,0
0.340837,96,-89,296,0,DRIVE [ 64 ] [ 1 ] [ 1442 1113 1141 ] [    0    0    0 ] [      0      0      0 ] [ 0 ],drive [ 64 ] [ 0 ] [ 1447 1113 1137 ] [   54   75   77 ] [  12116  10896  10565 ] [ 0 ],1.00,1.00,1.00,1.40,96.34,-89.33,0.00,0.00,0.00,0.00,0.00,0.00,0.00,0.00,0.00,0.00,0.00,0.00,-0.00,0.00,0.00,0
0.353644,97,-88,295,0,DRIVE [ 65 ] [ 1 ] [ 1437 1113 1145 ] [    0    0    0 ] [      0      0      0 ] [ 0 ],drive [ 64 ] [ 0 ] [ 1442 1113 1141 ] [   55   75   73 ] [  12116  10896  10565 ] [ 0 ],1.00,1.00,1.00,1.40,96.99,-88.48,0.00,0.00,0.00,0.00,0.00,0.00,0.00,0.00,0.00,0.00,0.00,0.00,-0.00,0.00,0.00,0
0.366264,97,-88,294,0,DRIVE [ 65 ] [ 1 ] [ 1432 1113 1148 ] [    0    0    0 ] [      0      0      0 ] [ 0 ],drive [ 65 ] [ 0 ] [ 1437 1113 1145 ] [   55   75   73 ] [  12116  10896  10565 ] [ 0 ],1.00,1.00,1.00,1.40,97.50,-87.52,0.00,0.00,0.00,0.00,0.00,0.00,0.00,0.00,0.00,0.00,0.00,0.00,-0.00,0.00,0.00,0
0.378712,98,-87,294,0,DRIVE [ 66 ] [ 1 ] [ 1427 1113 1152 ] [    0    0    0 ] [      0      0      0 ] [ 0 ],drive [ 65 ] [ 0 ] [ 1432 1113 1148 ] [   55   75   73 ] [  12116  10896  10565 ] [ 0 ],1.00,1.00,1.00,1.40,98.41,-86.90,0.00,0.00,0.00,0.00,0.00,0.00,0.00,0.00,0.00,0.00,0.00,0.00,-0.00,0.00,0.00,0
0.390734,99,-86,293,0,DRIVE [ 66 ] [ 1 ] [ 1421 1113 1155 ] [    0    0    0 ] [      0      0      0 ] [ 0 ],drive [ 66 ] [ 0 ] [ 1427 1113 1152 ] [   55   75   73 ] [  12119  10897  10565 ] [ 0 ],1.00,1.00,1.00,1.40,98.90,-85.92,0.00,0.00,0.00,0.00,0.00,0.00,0.00,0.00,0.00,0.00,0.00,0.00,-0.00,0.00,0.00,0
0.403432,100,-85,293,0,DRIVE [ 67 ] [ 1 ] [ 1416 1113 1159 ] [    0    0    0 ] [      0      0      0 ] [ 0 ],drive [ 66 ] [ 0 ] [ 1421 1113 1155 ] [   54   75   71 ] [  12119  10897  10565 ] [ 0 ],1.00,1.00,1.00,1.40,99.69,-85.18,0.00,0.00,0.00,0.00,0.00,0.00,0.00,0.00,0.00,0.00,0.00,0.00,-0.00,0.00,0.00,0
0.415978,101,-85,293,0,DRIVE [ 67 ] [ 1 ] [ 1411 1113 1163 ] [    0    0    0 ] [      0      0      0 ] [ 0 ],drive [ 67 ] [ 0 ] [ 1416 1113 1159 ] [   54   75   71 ] [  12119  10897  10565 ] [ 0 ],1.00,1.00,1.00,1.40,100.59,-84.59,0.00,0.00,0.00,0.00,0.00,0.00,0.00,0.00,0.00,0.00,0.00,0.00,-0.00,0.00,0.00,0
0.428335,101,-83,290,0,DRIVE [ 68 ] [ 1 ] [ 1404 1113 1169 ] [    0    0    0 ] [      0      0      0 ] [ 0 ],drive [ 67 ] [ 0 ] [ 1411 1113 1163 ] [   54   75   71 ] [  12119  10897  10565 ] [ 0 ],1.00,1.00,1.00,1.40,100.75,-82.76,0.00,0.00,0.00,0.00,0.00,0.00,0.00,0.00,0.00,0.00,0.00,0.00,-0.00,0.00,0.00,0
0.440409,101,-81,290,0,DRIVE [ 68 ] [ 1 ] [ 1399 1113 1175 ] [    0    0    0 ] [      0      0      0 ] [ 0 ],drive [ 68 ] [ 0 ] [ 1404 1113 1169 ] [   54   75   71 ] [  12125  10897  10565 ] [ 0 ],1.00,1.00,1.00,1.40,101.30,-81.41,0.00,0.00,0.00,0.00,0.00,0.00,0.00,0.00,0.00,0.00,0.00,0.00,-0.00,0.00,0.00,0
0.453165,102,-80,288,0,DRIVE [ 69 ] [ 1 ] [ 1392 1113 1182 ] [    0    0    0 ] [      0      0      0 ] [ 0 ],drive [ 68 ] [ 0 ] [ 1399 1113 1175 ] [   53   76   70 ] [  12125  10897  10565 ] [ 0 ],1.00,1.00,1.00,1.40,101.74,-79.86,0.00,0.00,0.00,0.00,0.00,0.00,0.00,0.00,0.00,0.00,0.00,0.00,-0.00,0.00,0.00,0
0.46589,102,-78,287,0,DRIVE [ 69 ] [ 1 ] [ 1386 1113 1190 ] [    0    0    0 ] [      0      0      0 ] [ 0 ],drive [ 69 ] [ 0 ] [ 1392 1113 1182 ] [   53   76   70 ] [  12125  10897  10565 ] [ 0 ],1.00,1.00,1.00,1.40,101.98,-78.07,0.00,0.00,0.00,0.00,0.00,0.00,0.00,0.00,0.00,0.00,0.00,0.00,-0.00,0.00,0.00,0
0.478389,103,-77,287,0,DRIVE [ 70 ] [ 1 ] [ 1380 1113 1198 ] [    0    0    0 ] [      0      0      0 ] [ 0 ],drive [ 69 ] [ 0 ] [ 1386 1113 1190 ] [   53   76   70 ] [  12125  10897  10565 ] [ 0 ],1.00,1.00,1.00,1.40,102.79,-76.67,0.00,0.00,0.00,0.00,0.00,0.00,0.00,0.00,0.00,0.00,0.00,0.00,-0.00,0.00,0.00,0
0.490938,103,-75,286,0,DRIVE [ 70 ] [ 1 ] [ 1374 1113 1207 ] [    0    0    0 ] [      0      0      0 ] [ 0 ],drive [ 70 ] [ 0 ] [ 1380 1113 1198 ] [   53   76   70 ] [  12127  10896  10564 ] [ 0 ],1.00,1.00,1.00,1.40,103.28,-74.89,0.00,0.00,0.00,0.00,0.00,0.00,0.00,0.00,0.00,0.00,0.00,0.00,-0.00,0.00,0.00,0
0.503123,103,-73,285,0,DRIVE [ 71 ] [ 1 ] [ 1368 1113 1218 ] [    0    0    0 ] [      0      0      0 ] [ 0 ],drive [ 70 ] [ 0 ] [ 1374 1113 1207 ] [   53   75   68 ] [  12127  10896  10564 ] [ 0 ],1.00,1.00,1.00,1.40,103.30,-72.74,0.00,0.00,0.00,0.00,0.00,0.00,0.00,0.00,0.00,0.00,0.00,0.00,-0.00,0.00,0.00,0
0.515661,104,-71,284,0,DRIVE [ 71 ] [ 1 ] [ 1361 1113 1229 ] [    0    0    0 ] [      0      0      0 ] [ 0 ],drive [ 71 ] [ 0 ] [ 1368 1113 1218 ] [   53   75   68 ] [  12127  10896  10564 ] [ 0 ],1.00,1.00,1.00,1.40,103.76,-70.66,0.00,0.00,0.00,0.00,0.00,0.00,0.00,0.00,0.00,0.00,0.00,0.00,-0.00,0.00,0.00,0
0.527977,104,-68,282,0,DRIVE [ 72 ] [ 1 ] [ 1354 1113 1241 ] [    0    0    0 ] [      0      0      0 ] [ 0 ],drive [ 71 ] [ 0 ] [ 1361 1113 1229 ] [   53   75   68 ] [  12127  10896  10564 ] [ 0 ],1.00,1.00,1.00,1.40,103.74,-68.19,0.00,0.00,0.00,0.00,0.00,0.00,0.00,0.00,0.00,0.00,0.00,0.00,-0.00,0.00,0.00,0
0.541143,104,-66,281,0,DRIVE [ 72 ] [ 1 ] [ 1348 1113 1254 ] [    0    0    0 ] [      0      0      0 ] [ 0 ],drive [ 72 ] [ 0 ] [ 1354 1113 1241 ] [   53   75   68 ] [  12140  10896  10564 ] [ 0 ],1.00,1.00,1.00,1.40,103.71,-65.70,0.00,0.00,0.00,0.00,0.00,0.00,0.00,0.00,0.00,0.00,0.00,0.00,-0.00,0.00,0.00,0
0.554868,104,-62,279,0,DRIVE [ 73 ] [ 1 ] [ 1338 1113 1270 ] [    0    0    0 ] [      0      0      0 ] [ 0 ],drive [ 72 ] [ 0 ] [ 1348 1113 1254 ] [   50   74   65 ] [  12140  10896  10564 ] [ 0 ],1.00,1.00,1.00,1.40,103.84,-62.49,0.00,0.00,0.00,0.00,0.00,0.00,0.00,0.00,0.00,0.00,0.00,0.00,-0.00,0.00,0.00,0
0.567208,104,-59,277,0,DRIVE [ 73 ] [ 1 ] [ 1329 1113 1286 ] [    0    0    0 ] [      0      0      0 ] [ 0 ],drive [ 73 ] [ 0 ] [ 1338 1113 1270 ] [   50   74   65 ] [  12140  10896  10564 ] [ 0 ],1.00,1.00,1.00,1.40,103.78,-59.31,0.00,0.00,0.00,0.00,0.00,0.00,0.00,0.00,0.00,0.00,0.00,0.00,-0.00,0.00,0.00,0
0.579557,104,-56,275,0,DRIVE [ 74 ] [ 1 ] [ 1320 1113 1302 ] [    0    0    0 ] [      0      0      0 ] [ 0 ],drive [ 73 ] [ 0 ] [ 1329 1113 1286 ] [   50   74   65 ] [  12151  10895  10563 ] [ 0 ],1.00,1.00,1.00,1.40,103.79,-56.31,0.00,0.00,0.00,0.00,0.00,0.00,0.00,0.00,0.00,0.00,0.00,0.00,-0.00,0.00,0.00,0
0.592614,104,-53,273,0,DRIVE [ 74 ] [ 1 ] [ 1312 1113 1317 ] [    0    0    0 ] [      0      0      0 ] [ 0 ],drive [ 74 ] [ 0 ] [ 1320 1113 1302 ] [   50   74   65 ] [  12151  10895  10563 ] [ 0 ],1.00,1.00,1.00,1.40,103.51,-53.27,0.00,0.00,0.00,0.00,0.00,0.00,0.00,0.00,0.00,0.00,0.00,0.00,-0.00,0.00,0.00,0
0.604396,103,-50,271,0,DRIVE [ 75 ] [ 1 ] [ 1303 1113 1331 ] [    0    0    0 ] [      0      0      0 ] [ 0 ],drive [ 74 ] [ 0 ] [ 1312 1113 1317 ] [   53   75   59 ] [  12151  10895  10563 ] [ 0 ],1.00,1.00,1.00,1.40,103.12,-50.28,0.00,0.00,0.00,0.00,0.00,0.00,0.00,0.00,0.00,0.00,0.00,0.00,-0.00,0.00,0.00,0
0.616736,103,-47,269,0,DRIVE [ 75 ] [ 1 ] [ 1293 1113 1348 ] [    0    0    0 ] [      0      0      0 ] [ 0 ],drive [ 75 ] [ 0 ] [ 1303 1113 1331 ] [   53   75   59 ] [  12151  10895  10563 ] [ 0 ],1.00,1.00,1.00,1.40,103.24,-47.08,0.00,0.00,0.00,0.00,0.00,0.00,0.00,0.00,0.00,0.00,0.00,0.00,-0.00,0.00,0.00,0
0.628924,103,-44,268,0,DRIVE [ 76 ] [ 1 ] [ 1282 1113 1363 ] [    0    0    0 ] [      0      0      0 ] [ 0 ],drive [ 75 ] [ 0 ] [ 1293 1113 1348 ] [   53   75   59 ] [  12151  10895  10563 ] [ 0 ],1.00,1.00,1.00,1.40,103.28,-44.20,0.00,0.00,0.00,0.00,0.00,0.00,0.00,0.00,0.00,0.00,0.00,0.00,-0.00,0.00,0.00,0
0.640764,103,-41,266,0,DRIVE [ 76 ] [ 1 ] [ 1273 1113 1377 ] [    0    0    0 ] [      0      0      0 ] [ 0 ],drive [ 76 ] [ 0 ] [ 1282 1113 1363 ] [   53   75   59 ] [  12191  10893  10559 ] [ 0 ],1.00,1.00,1.00,1.40,103.05,-41.49,0.00,0.00,0.00,0.00,0.00,0.00,0.00,0.00,0.00,0.00,0.00,0.00,-0.00,0.00,0.00,0
0.653117,102,-39,263,0,DRIVE [ 77 ] [ 1 ] [ 1265 1113 1389 ] [    0    0    0 ] [      0      0      0 ] [ 0 ],drive [ 76 ] [ 0 ] [ 1273 1113 1377 ] [   57   75   62 ] [  12191  10893  10559 ] [ 0 ],1.00,1.00,1.00,1.40,102.10,-38.85,0.00,0.00,0.00,0.00,0.00,0.00,0.00,0.00,0.00,0.00,0.00,0.00,-0.00,0.00,0.00,0
0.665305,101,-37,260,0,DRIVE [ 77 ] [ 1 ] [ 1259 1113 1400 ] [    0    0    0 ] [      0      0      0 ] [ 0 ],drive [ 77 ] [ 0 ] [ 1265 1113 1389 ] [   57   75   62 ] [  12191  10893  10559 ] [ 0 ],1.00,1.00,1.00,1.40,101.26,-36.57,0.00,0.00,0.00,0.00,0.00,0.00,0.00,0.00,0.00,0.00,0.00,0.00,-0.00,0.00,0.00,0
0.676813,101,-35,258,0,DRIVE [ 78 ] [ 1 ] [ 1253 1113 1409 ] [    0    0    0 ] [      0      0      0 ] [ 0 ],drive [ 77 ] [ 0 ] [ 1259 1113 1400 ] [   57   75   62 ] [  12191  10893  10559 ] [ 0 ],1.00,1.00,1.00,1.40,100.72,-34.74,0.00,0.00,0.00,0.00,0.00,0.00,0.00,0.00,0.00,0.00,0.00,0.00,-0.00,0.00,0.00,0
0.68912,100,-33,256,0,DRIVE [ 78 ] [ 1 ] [ 1249 1113 1417 ] [    0    0    0 ] [      0      0      0 ] [ 0 ],drive [ 78 ] [ 0 ] [ 1253 1113 1409 ] [   57   75   62 ] [  12289  10889  10530 ] [ 0 ],1.00,1.00,1.00,1.40,100.12,-33.17,0.00,0.00,0.00,0.00,0.00,0.00,0.00,0.00,0.00,0.00,0.00,0.00,-0.00,0.00,0.00,0
0.701311,99,-32,254,0,DRIVE [ 79 ] [ 1 ] [ 1245 1113 1424 ] [    0    0    0 ] [      0      0      0 ] [ 0 ],drive [ 78 ] [ 0 ] [ 1249 1113 1417 ] [   73   76   68 ] [  12289  10889  10530 ] [ 0 ],1.00,1.00,1.00,1.40,99.22,-31.62,0.00,0.00,0.00,0.00,0.00,0.00,0.00,0.00,0.00,0.00,0.00,0.00,-0.00,0.00,0.00,0
0.713628,99,-31,253,0,DRIVE [ 79 ] [ 1 ] [ 1242 1113 1430 ] [    0    0    0 ] [      0      0      0 ] [ 0 ],drive [ 79 ] [ 0 ] [ 1245 1113 1424 ] [   73   76   68 ] [  12289  10889  10530 ] [ 0 ],1.00,1.00,1.00,1.40,98.84,-30.51,0.00,0.00,0.00,0.00,0.00,0.00,0.00,0.00,0.00,0.00,0.00,0.00,-0.00,0.00,0.00,0
0.725788,98,-29,251,0,DRIVE [ 80 ] [ 1 ] [ 1239 1113 1435 ] [    0    0    0 ] [      0      0      0 ] [ 0 ],drive [ 79 ] [ 0 ] [ 1242 1113 1430 ] [   73   76   68 ] [  12289  10889  10530 ] [ 0 ],1.00,1.00,1.00,1.40,98.20,-29.47,0.00,0.00,0.00,0.00,0.00,0.00,0.00,0.00,0.00,0.00,0.00,0.00,-0.00,0.00,0.00,0
0.737712,98,-29,250,0,DRIVE [ 80 ] [ 1 ] [ 1237 1113 1439 ] [    0    0    0 ] [      0      0      0 ] [ 0 ],drive [ 80 ] [ 0 ] [ 1239 1113 1435 ] [   73   76   68 ] [  12343  10889  10502 ] [ 0 ],1.00,1.00,1.00,1.40,97.73,-28.68,0.00,0.00,0.00,0.00,0.00,0.00,0.00,0.00,0.00,0.00,0.00,0.00,-0.00,0.00,0.00,0
0.750027,97,-28,247,0,DRIVE [ 81 ] [ 1 ] [ 1235 1113 1442 ] [    0    0    0 ] [      0      0      0 ] [ 0 ],drive [ 80 ] [ 0 ] [ 1237 1113 1439 ] [   65   78   59 ] [  12343  10889  10502 ] [ 0 ],1.00,1.00,1.00,1.40,96.81,-27.93,0.00,0.00,0.00,0.00,0.00,0.00,0.00,0.00,0.00,0.00,0.00,0.00,-0.00,0.00,0.00,0
0.762287,96,-27,245,0,DRIVE [ 81 ] [ 1 ] [ 1234 1113 1443 ] [    0    0    0 ] [      0      0      0 ] [ 0 ],drive [ 81 ] [ 0 ] [ 1235 1113 1442 ] [   65   78   59 ] [  12343  10889  10502 ] [ 0 ],1.00,1.00,1.00,1.40,96.04,-27.40,0.00,0.00,0.00,0.00,0.00,0.00,0.00,0.00,0.00,0.00,0.00,0.00,-0.00,0.00,0.00,0
0.773942,95,-27,244,0,DRIVE [ 82 ] [ 1 ] [ 1233 1113 1445 ] [    0    0    0 ] [      0      0      0 ] [ 0 ],drive [ 81 ] [ 0 ] [ 1234 1113 1443 ] [   65   78   59 ] [  12343  10889  10502 ] [ 0 ],1.00,1.00,1.00,1.40,95.44,-27.03,0.00,0.00,0.00,0.00,0.00,0.00,0.00,0.00,0.00,0.00,0.00,0.00,-0.00,0.00,0.00,0
0.786137,95,-27,242,0,DRIVE [ 82 ] [ 1 ] [ 1234 1113 1445 ] [    0    0    0 ] [      0      0      0 ] [ 0 ],drive [ 82 ] [ 0 ] [ 1233 1113 1445 ] [   65   78   59 ] [  12621  10881  10361 ] [ 0 ],1.00,1.00,1.00,1.40,94.51,-26.77,0.00,0.00,0.00,0.00,0.00,0.00,0.00,0.00,0.00,0.00,0.00,0.00,-0.00,0.00,0.00,0
0.79812,94,-27,240,0,DRIVE [ 83 ] [ 1 ] [ 1236 1113 1444 ] [    0    0    0 ] [      0      0      0 ] [ 0 ],drive [ 82 ] [ 0 ] [ 1234 1113 1445 ] [   68   79   47 ] [  12621  10881  10361 ] [ 0 ],1.00,1.00,1.00,1.40,93.73,-26.90,0.00,0.00,0.00,0.00,0.00,0.00,0.00,0.00,0.00,0.00,0.00,0.00,-0.00,0.00,0.00,0
0.80985,92,-27,237,0,DRIVE [ 83 ] [ 1 ] [ 1239 1113 1440 ] [    0    0    0 ] [      0      0      0 ] [ 0 ],drive [ 83 ] [ 0 ] [ 1236 1113 1444 ] [   68   79   47 ] [  12621  10881  10361 ] [ 0 ],1.00,1.00,1.00,1.40,92.33,-27.10,0.00,0.00,0.00,0.00,0.00,0.00,0.00,0.00,0.00,0.00,0.00,0.00,-0.00,0.00,0.00,0
0.822039,91,-27,234,0,DRIVE [ 84 ] [ 1 ] [ 1240 1113 1436 ] [    0    0    0 ] [      0      0      0 ] [ 0 ],drive [ 83 ] [ 0 ] [ 1239 1113 1440 ] [   68   79   47 ] [  12621  10881  10361 ] [ 0 ],1.00,1.00,1.00,1.40,91.39,-27.41,0.00,0.00,0.00,0.00,0.00,0.00,0.00,0.00,0.00,0.00,0.00,0.00,-0.00,0.00,0.00,0
0.834132,91,-28,232,0,DRIVE [ 84 ] [ 1 ] [ 1240 1113 1431 ] [    0    0    0 ] [      0      0      0 ] [ 0 ],drive [ 84 ] [ 0 ] [ 1240 1113 1436 ] [   68   79   47 ] [  12622  10881  10310 ] [ 0 ],1.00,1.00,1.00,1.40,90.61,-27.75,0.00,0.00,0.00,0.00,0.00,0.00,0.00,0.00,0.00,0.00,0.00,0.00,-0.00,0.00,0.00,0
0.846253,90,-28,229,0,DRIVE [ 85 ] [ 1 ] [ 1238 1113 1425 ] [    0    0    0 ] [      0      0      0 ] [ 0 ],drive [ 84 ] [ 0 ] [ 1240 1113 1431 ] [   68   78   53 ] [  12622  10881  10310 ] [ 0 ],1.00,1.00,1.00,1.40,90.21,-28.09,0.00,0.00,0.00,0.00,0.00,0.00,0.00,0.00,0.00,0.00,0.00,0.00,-0.00,0.00,0.00,0
0.859063,90,-28,227,0,DRIVE [ 85 ] [ 1 ] [ 1234 1113 1420 ] [    0    0    0 ] [      0      0      0 ] [ 0 ],drive [ 85 ] [ 0 ] [ 1238 1113 1425 ] [   68   78   53 ] [  12622  10881  10310 ] [ 0 ],1.00,1.00,1.00,1.40,89.99,-28.32,0.00,0.00,0.00,0.00,0.00,0.00,0.00,0.00,0.00,0.00,0.00,0.00,-0.00,0.00,0.00,0
0.870772,90,-29,225,0,DRIVE [ 86 ] [ 1 ] [ 1229 1113 1413 ] [    0    0    0 ] [      0      0      0 ] [ 0 ],drive [ 85 ] [ 0 ] [ 1234 1113 1420 ] [   68   78   53 ] [  12622  10881  10310 ] [ 0 ],1.00,1.00,1.00,1.40,90.12,-28.60,0.00,0.00,0.00,0.00,0.00,0.00,0.00,0.00,0.00,0.00,0.00,0.00,-0.00,0.00,0.00,0
0.88433,90,-29,222,0,DRIVE [ 86 ] [ 1 ] [ 1221 1113 1407 ] [    0    0    0 ] [      0      0      0 ] [ 0 ],drive [ 86 ] [ 0 ] [ 1229 1113 1413 ] [   68   78   53 ] [  12636  10881  10309 ] [ 0 ],1.00,1.00,1.00,1.40,90.14,-28.71,0.00,0.00,0.00,0.00,0.00,0.00,0.00,0.00,0.00,0.00,0.00,0.00,-0.00,0.00,0.00,0
0.896309,90,-29,220,0,DRIVE [ 87 ] [ 1 ] [ 1214 1113 1401 ] [    0    0    0 ] [      0      0      0 ] [ 0 ],drive [ 86 ] [ 0 ] [ 1221 1113 1407 ] [   67   79   56 ] [  12636  10881  10309 ] [ 0 ],1.00,1.00,1.00,1.40,90.39,-28.87,0.00,0.00,0.00,0.00,0.00,0.00,0.00,0.00,0.00,0.00,0.00,0.00,-0.00,0.00,0.00,0
0.908605,91,-29,217,0,DRIVE [ 87 ] [ 1 ] [ 1203 1113 1394 ] [    0    0    0 ] [      0      0      0 ] [ 0 ],drive [ 87 ] [ 0 ] [ 1214 1113 1401 ] [   67   79   56 ] [  12636  10881  10309 ] [ 0 ],1.00,1.00,1.00,1.40,90.82,-28.92,0.00,0.00,0.00,0.00,0.00,0.00,0.00,0.00,0.00,0.00,0.00,0.00,-0.00,0.00,0.00,0
0.919999,91,-29,214,0,DRIVE [ 88 ] [ 1 ] [ 1192 1113 1387 ] [    0    0    0 ] [      0      0      0 ] [ 0 ],drive [ 87 ] [ 0 ] [ 1203 1113 1394 ] [   67   79   56 ] [  12636  10881  10309 ] [ 0 ],1.00,1.00,1.00,1.40,91.16,-28.89,0.00,0.00,0.00,0.00,0.00,0.00,0.00,0.00,0.00,0.00,0.00,0.00,-0.00,0.00,0.00,0
0.931642,92,-29,212,0,DRIVE [ 88 ] [ 1 ] [ 1179 1113 1379 ] [    0    0    0 ] [      0      0      0 ] [ 0 ],drive [ 88 ] [ 0 ] [ 1192 1113 1387 ] [   67   79   56 ] [  12740  10879  10309 ] [ 0 ],1.00,1.00,1.00,1.40,91.86,-29.00,0.00,0.00,0.00,0.00,0.00,0.00,0.00,0.00,0.00,0.00,0.00,0.00,-0.00,0.00,0.00,0
0.942983,93,-29,208,0,DRIVE [ 89 ] [ 1 ] [ 1161 1113 1369 ] [    0    0    0 ] [      0      0      0 ] [ 0 ],drive [ 88 ] [ 0 ] [ 1179 1113 1379 ] [   67   79   56 ] [  12740  10879  10309 ] [ 0 ],1.00,1.00,1.00,1.40,92.70,-28.88,0.00,0.00,0.00,0.00,0.00,0.00,0.00,0.00,0.00,0.00,0.00,0.00,-0.00,0.00,0.00,0
0.954792,94,-29,205,0,DRIVE [ 89 ] [ 1 ] [ 1142 1113 1360 ] [    0    0    0 ] [      0      0      0 ] [ 0 ],drive [ 89 ] [ 0 ] [ 1161 1113 1369 ] [   84   80   57 ] [  12740  10879  10309 ] [ 0 ],1.00,1.00,1.00,1.40,93.56,-28.74,0.00,0.00,0.00,0.00,0.00,0.00,0.00,0.00,0.00,0.00,0.00,0.00,-0.00,0.00,0.00,0
0.968813,94,-29,201,0,DRIVE [ 90 ] [ 1 ] [ 1122 1113 1351 ] [    0    0    0 ] [      0      0      0 ] [ 0 ],drive [ 89 ] [ 0 ] [ 1142 1113 1360 ] [   84   80   57 ] [  12740  10879  10309 ] [ 0 ],1.00,1.00,1.00,1.40,94.44,-28.57,0.00,0.00,0.00,0.00,0.00,0.00,0.00,0.00,0.00,0.00,0.00,0.00,-0.00,0.00,0.00,0
0.980844,96,-29,198,0,DRIVE [ 90 ] [ 1 ] [ 1102 1113 1341 ] [    0    0    0 ] [      0      0      0 ] [ 0 ],drive [ 90 ] [ 0 ] [ 1122 1113 1351 ] [   84   80   57 ] [  12844  10878  10310 ] [ 0 ],1.00,1.00,1.00,1.40,95.59,-28.50,0.00,0.00,0.00,0.00,0.00,0.00,0.00,0.00,0.00,0.00,0.00,0.00,-0.00,0.00,0.00,0
0.992993,97,-28,195,0,DRIVE [ 91 ] [ 1 ] [ 1082 1113 1331 ] [    0    0    0 ] [      0      0      0 ] [ 0 ],drive [ 90 ] [ 0 ] [ 1102 1113 1341 ] [   84   80   57 ] [  12844  10878  10310 ] [ 0 ],1.00,1.00,1.00,1.40,96.51,-28.37,0.00,0.00,0.00,0.00,0.00,0.00,0.00,0.00,0.00,0.00,0.00,0.00,-0.00,0.00,0.00,0
1.00434,98,-28,192,0,DRIVE [ 91 ] [ 1 ] [ 1061 1113 1320 ] [    0    0    0 ] [      0      0      0 ] [ 0 ],drive [ 91 ] [ 0 ] [ 1082 1113 1331 ] [   81   82   59 ] [  12844  10878  10310 ] [ 0 ],1.00,1.00,1.00,1.40,97.53,-28.30,0.00,0.00,0.00,0.00,0.00,0.00,0.00,0.00,0.00,0.00,0.00,0.00,0.00,0.00,0.00,0
1.01607,99,-28,189,0,DRIVE [ 92 ] [ 1 ] [ 1041 1113 1309 ] [    0    0    0 ] [      0      0      0 ] [ 0 ],drive [ 91 ] [ 0 ] [ 1061 1113 1320 ] [   81   82   59 ] [  12844  10878  10310 ] [ 0 ],1.00,1.00,1.00,1.40,98.58,-28.29,0.00,0.00,0.00,0.00,0.00,0.00,0.00,0.00,0.00,0.00,0.00,0.00,0.00,0.00,0.00,0
1.0278,100,-28,186,0,DRIVE [ 92 ] [ 1 ] [ 1020 1113 1299 ] [    0    0    0 ] [      0      0      0 ] [ 0 ],drive [ 92 ] [ 0 ] [ 1041 1113 1309 ] [   81   82   59 ] [  12844  10878  10310 ] [ 0 ],1.00,1.00,1.00,1.40,99.76,-28.22,0.00,0.00,0.00,0.00,0.00,0.00,0.00,0.00,0.00,0.00,0.00,0.00,0.00,0.00,0.00,0
1.0392,101,-28,183,0,DRIVE [ 93 ] [ 1 ] [ 1005 1113 1289 ] [    0    0    0 ] [      0      0      0 ] [ 0 ],drive [ 92 ] [ 0 ] [ 1020 1113 1299 ] [   81   82   59 ] [  12952  10873  10310 ] [ 0 ],1.00,1.00,1.00,1.40,100.83,-28.09,0.00,0.00,0.00,0.00,0.00,0.00,0.00,0.00,0.00,0.00,0.00,0.00,0.00,0.00,0.00,0
1.05109,102,-28,180,0,DRIVE [ 93 ] [ 1 ] [ 1005 1113 1278 ] [    0    0    0 ] [      0      0      0 ] [ 0 ],drive [ 93 ] [ 0 ] [ 1005 1113 1289 ] [   97   84   65 ] [  12952  10873  10310 ] [ 0 ],1.00,1.00,1.00,1.40,101.81,-28.00,0.00,0.00,0.00,0.00,0.00,0.00,0.00,0.00,0.00,0.00,0.00,0.00,0.00,0.00,0.00,0
1.06256,103,-28,177,0,DRIVE [ 94 ] [ 1 ] [ 1005 1113 1266 ] [    0    0    0 ] [      0      0      0 ] [ 0 ],drive [ 93 ] [ 0 ] [ 1005 1113 1278 ] [   97   84   65 ] [  12952  10873  10310 ] [ 0 ],1.00,1.00,1.00,1.40,102.58,-28.01,0.00,0.00,0.00,0.00,0.00,0.00,0.00,0.00,0.00,0.00,0.00,0.00,0.00,0.00,0.00,0
1.07394,104,-28,174,0,DRIVE [ 94 ] [ 1 ] [ 1005 1113 1254 ] [    0    0    0 ] [      0      0      0 ] [ 0 ],drive [ 94 ] [ 0 ] [ 1005 1113 1266 ] [   97   84   65 ] [  12952  10873  10310 ] [ 0 ],1.00,1.00,1.00,1.40,103.77,-28.21,0.00,0.00,0.00,0.00,0.00,0.00,0.00,0.00,0.00,0.00,0.00,0.00,0.00,0.00,0.00,0
1.08585,105,-28,172,0,DRIVE [ 95 ] [ 1 ] [ 1005 1113 1242 ] [    0    0    0 ] [      0      0      0 ] [ 0 ],drive [ 94 ] [ 0 ] [ 1005 1113 1254 ] [   97   84   65 ] [  13104  10870  10310 ] [ 0 ],1.00,1.00,1.00,1.40,104.74,-28.43,0.00,0.00,0.00,0.00,0.00,0.00,0.00,0.00,0.00,0.00,0.00,0.00,0.00,0.00,0.00,0
1.09764,106,-29,169,0,DRIVE [ 95 ] [ 1 ] [ 1005 1113 1229 ] [    0    0    0 ] [      0      0      0 ] [ 0 ],drive [ 95 ] [ 0 ] [ 1005 1113 1242 ] [   88   86   68 ] [  13104  10870  10310 ] [ 0 ],1.00,1.00,1.00,1.40,105.63,-28.68,0.00,0.00,0.00,0.00,0.00,0.00,0.00,0.00,0.00,0.00,0.00,0.00,0.00,0.00,0.00,0
1.10933,106,-29,167,0,DRIVE [ 96 ] [ 1 ] [ 1005 1113 1217 ] [    0    0    0 ] [      0      0      0 ] [ 0 ],drive [ 95 ] [ 0 ] [ 1005 1113 1229 ] [   88   86   68 ] [  13104  10870  10310 ] [ 0 ],1.00,1.00,1.00,1.40,106.47,-28.80,0.00,0.00,0.00,0.00,0.00,0.00,0.00,0.00,0.00,0.00,0.00,0.00,0.00,0.00,0.00,0
1.12083,107,-29,164,0,DRIVE [ 96 ] [ 1 ] [ 1005 1113 1205 ] [    0    0    0 ] [      0      0      0 ] [ 0 ],drive [ 96 ] [ 0 ] [ 1005 1113 1217 ] [   88   86   68 ] [  13104  10870  10310 ] [ 0 ],1.00,1.00,1.00,1.40,107.40,-28.98,0.00,0.00,0.00,0.00,0.00,0.00,0.00,0.00,0.00,0.00,0.00,0.00,0.00,0.00,0.00,0
1.13252,108,-29,161,0,DRIVE [ 97 ] [ 1 ] [ 1005 1113 1192 ] [    0    0    0 ] [      0      0      0 ] [ 0 ],drive [ 96 ] [ 0 ] [ 1005 1113 1205 ] [   88   86   68 ] [  13176  10865  10311 ] [ 0 ],1.00,1.00,1.00,1.40,108.15,-29.18,0.00,0.00,0.00,0.00,0.00,0.00,0.00,0.00,0.00,0.00,0.00,0.00,0.00,0.00,0.00,0
1.14377,109,-29,159,0,DRIVE [ 97 ] [ 1 ] [ 1005 1113 1180 ] [    0    0    0 ] [      0      0      0 ] [ 0 ],drive [ 97 ] [ 0 ] [ 1005 1113 1192 ] [   87   87   72 ] [  13176  10865  10311 ] [ 0 ],1.00,1.00,1.00,1.40,109.06,-29.24,0.00,0.00,0.00,0.00,0.00,0.00,0.00,0.00,0.00,0.00,0.00,0.00,0.00,0.00,0.00,0
1.15549,110,-29,156,0,DRIVE [ 98 ] [ 1 ] [ 1005 1113 1167 ] [    0    0    0 ] [      0      0      0 ] [ 0 ],drive [ 97 ] [ 0 ] [ 1005 1113 1180 ] [   87   87   72 ] [  13176  10865  10311 ] [ 0 ],1.00,1.00,1.00,1.40,109.88,-29.34,0.00,0.00,0.00,0.00,0.00,0.00,0.00,0.00,0.00,0.00,0.00,0.00,0.00,0.00,0.00,0
1.16747,111,-29,154,0,DRIVE [ 98 ] [ 1 ] [ 1005 1113 1154 ] [    0    0    0 ] [      0      0      0 ] [ 0 ],drive [ 98 ] [ 0 ] [ 1005 1113 1167 ] [   87   87   72 ] [  13176  10865  10311 ] [ 0 ],1.00,1.00,1.00,1.40,110.89,-29.48,0.00,0.00,0.00,0.00,0.00,0.00,0.00,0.00,0.00,0.00,0.00,0.00,0.00,0.00,0.00,0
1.17957,112,-30,151,0,DRIVE [ 99 ] [ 1 ] [ 1005 1113 1141 ] [    0    0    0 ] [      0      0      0 ] [ 0 ],drive [ 98 ] [ 0 ] [ 1005 1113 1154 ] [   87   87   72 ] [  13177  10864  10313 ] [ 0 ],1.00,1.00,1.00,1.40,111.80,-29.58,0.00,0.00,0.00,0.00,0.00,0.00,0.00,0.00,0.00,0.00,0.00,0.00,0.00,0.00,0.00,0
1.19212,113,-30,148,0,DRIVE [ 99 ] [ 1 ] [ 1005 1113 1124 ] [    0    0    0 ] [      0      0      0 ] [ 0 ],drive [ 99 ] [ 0 ] [ 1005 1113 1141 ] [   87   87   72 ] [  13177  10864  10313 ] [ 0 ],1.00,1.00,1.00,1.40,113.34,-29.75,0.00,0.00,0.00,0.00,0.00,0.00,0.00,0.00,0.00,0.00,0.00,0.00,0.00,0.00,0.00,0
1.20347,115,-30,145,0,DRIVE [ 00 ] [ 1 ] [ 1005 1113 1107 ] [    0    0    0 ] [      0      0      0 ] [ 0 ],drive [ 99 ] [ 0 ] [ 1005 1113 1124 ] [   88   88   77 ] [  13177  10864  10313 ] [ 0 ],1.00,1.00,1.00,1.40,114.81,-29.92,0.00,0.00,0.00,0.00,0.00,0.00,0.00,0.00,0.00,0.00,0.00,0.00,0.00,0.00,0.00,0
1.21532,116,-30,142,0,DRIVE [ 00 ] [ 1 ] [ 1005 1113 1094 ] [    0    0    0 ] [      0      0      0 ] [ 0 ],drive [ 00 ] [ 0 ] [ 1005 1113 1107 ] [   88   88   77 ] [  13177  10864  10313 ] [ 0 ],1.00,1.00,1.00,1.40,115.96,-30.04,0.00,0.00,0.00,0.00,0.00,0.00,0.00,0.00,0.00,0.00,0.00,0.00,0.00,0.00,0.00,0
1.22704,117,-30,139,0,DRIVE [ 01 ] [ 1 ] [ 1005 1113 1095 ] [    0    0    0 ] [      0      0      0 ] [ 0 ],drive [ 00 ] [ 0 ] [ 1005 1113 1094 ] [   88   88   77 ] [  13177  10864  10313 ] [ 0 ],1.00,1.00,1.00,1.40,116.94,-30.15,0.00,0.00,0.00,0.00,0.00,0.00,0.00,0.00,0.00,0.00,0.00,0.00,0.00,0.00,0.00,0
1.23865,118,-30,137,0,DRIVE [ 01 ] [ 1 ] [ 1005 1113 1096 ] [    0    0    0 ] [      0      0      0 ] [ 0 ],drive [ 01 ] [ 0 ] [ 1005 1113 1095 ] [   88   88   77 ] [  13179  10864  10319 ] [ 0 ],1.00,1.00,1.00,1.40,117.97,-30.27,0.00,0.00,0.00,0.00,0.00,0.00,0.00,0.00,0.00,0.00,0.00,0.00,0.00,0.00,0.00,0
1.25081,119,-30,134,0,DRIVE [ 02 ] [ 1 ] [ 1005 1113 1098 ] [    0    0    0 ] [      0      0      0 ] [ 0 ],drive [ 01 ] [ 0 ] [ 1005 1113 1096 ] [   88   89   77 ] [  13179  10864  10319 ] [ 0 ],1.00,1.00,1.00,1.40,118.85,-30.33,0.00,0.00,0.00,0.00,0.00,0.00,0.00,0.00,0.00,0.00,0.00,0.00,0.00,0.00,0.00,0
1.26262,120,-30,132,0,DRIVE [ 02 ] [ 1 ] [ 1005 1113 1099 ] [    0    0    0 ] [      0      0      0 ] [ 0 ],drive [ 02 ] [ 0 ] [ 1005 1113 1098 ] [   88   89   77 ] [  13179  10864  10319 ] [ 0 ],1.00,1.00,1.00,1.40,119.66,-30.38,0.00,0.00,0.00,0.00,0.00,0.00,0.00,0.00,0.00,0.00,0.00,0.00,0.00,0.00,0.00,0
1.27407,121,-30,130,0,DRIVE [ 03 ] [ 1 ] [ 1005 1113 1100 ] [    0    0    0 ] [      0      0      0 ] [ 0 ],drive [ 02 ] [ 0 ] [ 1005 1113 1099 ] [   88   89   77 ] [  13179  10864  10319 ] [ 0 ],1.00,1.00,1.00,1.40,120.56,-30.44,0.00,0.00,0.00,0.00,0.00,0.00,0.00,0.00,0.00,0.00,0.00,0.00,0.00,0.00,0.00,0
1.28574,122,-31,128,0,DRIVE [ 03 ] [ 1 ] [ 1005 1113 1101 ] [    0    0    0 ] [      0      0      0 ] [ 0 ],drive [ 03 ] [ 0 ] [ 1005 1113 1100 ] [   88   89   77 ] [  13186  10864  10321 ] [ 0 ],1.00,1.00,1.00,1.40,121.58,-30.58,0.00,0.00,0.00,0.00,0.00,0.00,0.00,0.00,0.00,0.00,0.00,0.00,0.00,0.00,0.00,0
1.29723,122,-31,126,0,DRIVE [ 04 ] [ 1 ] [ 1005 1113 1101 ] [    0    0    0 ] [      0      0      0 ] [ 0 ],drive [ 03 ] [ 0 ] [ 1005 1113 1101 ] [  106   90   78 ] [  13186  10864  10321 ] [ 0 ],1.00,1.00,1.00,1.40,122.26,-30.68,0.00,0.00,0.00,0.00,0.00,0.00,0.00,0.00,0.00,0.00,0.00,0.00,0.00,0.00,0.00,0
1.30889,123,-31,125,0,DRIVE [ 04 ] [ 1 ] [ 1005 1113 1102 ] [    0    0    0 ] [      0      0      0 ] [ 0 ],drive [ 04 ] [ 0 ] [ 1005 1113 1101 ] [  106   90   78 ] [  13186  10864  10321 ] [ 0 ],1.00,1.00,1.00,1.40,122.83,-30.73,0.00,0.00,0.00,0.00,0.00,0.00,0.00,0.00,0.00,0.00,0.00,0.00,0.00,0.00,0.00,0
1.32034,123,-31,123,0,DRIVE [ 05 ] [ 1 ] [ 1005 1113 1102 ] [    0    0    0 ] [      0      0      0 ] [ 0 ],drive [ 04 ] [ 0 ] [ 1005 1113 1102 ] [  106   90   78 ] [  13186  10864  10321 ] [ 0 ],1.00,1.00,1.00,1.40,123.21,-30.77,0.00,0.00,0.00,0.00,0.00,0.00,0.00,0.00,0.00,0.00,0.00,0.00,0.00,0.00,0.00,0
1.33213,123,-31,122,0,DRIVE [ 05 ] [ 1 ] [ 1005 1113 1103 ] [    0    0    0 ] [      0      0      0 ] [ 0 ],drive [ 05 ] [ 0 ] [ 1005 1113 1102 ] [  106   90   78 ] [  13293  10829  10321 ] [ 0 ],1.00,1.00,1.00,1.40,123.50,-30.77,0.00,0.00,0.00,0.00,0.00,0.00,0.00,0.00,0.00,0.00,0.00,0.00,0.00,0.00,0.00,0
1.34348,124,-31,121,0,DRIVE [ 06 ] [ 1 ] [ 1005 1113 1103 ] [    0    0    0 ] [      0      0      0 ] [ 0 ],drive [ 05 ] [ 0 ] [ 1005 1113 1103 ] [   85   92   77 ] [  13293  10829  10321 ] [ 0 ],1.00,1.00,1.00,1.40,123.64,-30.80,0.00,0.00,0.00,0.00,0.00,0.00,0.00,0.00,0.00,0.00,0.00,0.00,0.00,0.00,0.00,0
1.3553,124,-31,120,0,DRIVE [ 06 ] [ 1 ] [ 1005 1113 1103 ] [    0    0    0 ] [      0      0      0 ] [ 0 ],drive [ 06 ] [ 0 ] [ 1005 1113 1103 ] [   85   92   77 ] [  13293  10829  10321 ] [ 0 ],1.00,1.00,1.00,1.40,123.67,-30.81,0.00,0.00,0.00,0.00,0.00,0.00,0.00,0.00,0.00,0.00,0.00,0.00,0.00,0.00,0.00,0
1.36711,124,-31,119,0,DRIVE [ 07 ] [ 1 ] [ 1005 1113 1104 ] [    0    0    0 ] [      0      0      0 ] [ 0 ],drive [ 06 ] [ 0 ] [ 1005 1113 1103 ] [   85   92   77 ] [  13293  10829  10321 ] [ 0 ],1.00,1.00,1.00,1.40,123.51,-30.69,0.00,0.00,0.00,0.00,0.00,0.00,0.00,0.00,0.00,0.00,0.00,0.00,0.00,0.00,0.00,0
1.38053,123,-31,118,0,DRIVE [ 07 ] [ 1 ] [ 1005 1113 1104 ] [    0    0    0 ] [      0      0      0 ] [ 0 ],drive [ 07 ] [ 0 ] [ 1005 1113 1104 ] [   85   92   77 ] [  13296  10760  10322 ] [ 0 ],1.00,1.00,1.00,1.40,123.19,-30.59,0.00,0.00,0.00,0.00,0.00,0.00,0.00,0.00,0.00,0.00,0.00,0.00,0.00,0.00,0.00,0
1.39347,123,-30,117,0,DRIVE [ 08 ] [ 1 ] [ 1005 1113 1104 ] [    0    0    0 ] [      0      0      0 ] [ 0 ],drive [ 07 ] [ 0 ] [ 1005 1113 1104 ] [   85   92   77 ] [  13296  10760  10322 ] [ 0 ],1.00,1.00,1.00,1.40,122.56,-30.43,0.00,0.00,0.00,0.00,0.00,0.00,0.00,0.00,0.00,0.00,0.00,0.00,0.00,0.00,0.00,0
1.40466,122,-30,116,0,DRIVE [ 08 ] [ 1 ] [ 1005 1113 1103 ] [    0    0    0 ] [      0      0      0 ] [ 0 ],drive [ 08 ] [ 0 ] [ 1005 1113 1104 ] [   87   79   75 ] [  13296  10760  10322 ] [ 0 ],1.00,1.00,1.00,1.40,122.00,-30.35,0.00,0.00,0.00,0.00,0.00,0.00,0.00,0.00,0.00,0.00,0.00,0.00,0.00,0.00,0.00,0
1.41658,121,-30,116,0,DRIVE [ 09 ] [ 1 ] [ 1005 1113 1103 ] [    0    0    0 ] [      0      0      0 ] [ 0 ],drive [ 08 ] [ 0 ] [ 1005 1113 1103 ] [   87   79   75 ] [  13296  10760  10322 ] [ 0 ],1.00,1.00,1.00,1.40,121.49,-30.23,0.00,0.00,0.00,0.00,0.00,0.00,0.00,0.00,0.00,0.00,0.00,0.00,0.00,0.00,0.00,0
1.4281,121,-30,116,0,DRIVE [ 09 ] [ 1 ] [ 1005 1113 1103 ] [    0    0    0 ] [      0      0      0 ] [ 0 ],drive [ 09 ] [ 0 ] [ 1005 1113 1103 ] [   87   79   75 ] [  13296  10760  10322 ] [ 0 ],1.00,1.00,1.00,1.40,120.89,-30.09,0.00,0.00,0.00,0.00,0.00,0.00,0.00,0.00,0.00,0.00,0.00,0.00,0.00,0.00,0.00,0
1.44114,120,-30,116,0,DRIVE [ 10 ] [ 1 ] [ 1005 1113 1103 ] [    0    0    0 ] [      0      0      0 ] [ 0 ],drive [ 09 ] [ 0 ] [ 1005 1113 1103 ] [   87   79   75 ] [  13308  10760  10322 ] [ 0 ],1.00,1.00,1.00,1.40,120.22,-29.88,0.00,0.00,0.00,0.00,0.00,0.00,0.00,0.00,0.00,0.00,0.00,0.00,0.00,0.00,0.00,0
1.45306,120,-30,117,0,DRIVE [ 10 ] [ 1 ] [ 1005 1113 1104 ] [    0    0    0 ] [      0      0      0 ] [ 0 ],drive [ 10 ] [ 0 ] [ 1005 1113 1103 ] [  103   80   74 ] [  13308  10760  10322 ] [ 0 ],1.00,1.00,1.00,1.40,119.57,-29.66,0.00,0.00,0.00,0.00,0.00,0.00,0.00,0.00,0.00,0.00,0.00,0.00,0.00,0.00,0.00,0
1.46443,119,-29,117,0,DRIVE [ 11 ] [ 1 ] [ 1005 1113 1105 ] [    0    0    0 ] [      0      0      0 ] [ 0 ],drive [ 10 ] [ 0 ] [ 1005 1113 1104 ] [  103   80   74 ] [  13308  10760  10322 ] [ 0 ],1.00,1.00,1.00,1.40,118.80,-29.32,0.00,0.00,0.00,0.00,0.00,0.00,0.00,0.00,0.00,0.00,0.00,0.00,0.00,0.00,0.00,0
1.47546,118,-29,118,0,DRIVE [ 11 ] [ 1 ] [ 1005 1113 1106 ] [    0    0    0 ] [      0      0      0 ] [ 0 ],drive [ 11 ] [ 0 ] [ 1005 1113 1105 ] [  103   80   74 ] [  13308  10760  10322 ] [ 0 ],1.00,1.00,1.00,1.40,118.25,-29.00,0.00,0.00,0.00,0.00,0.00,0.00,0.00,0.00,0.00,0.00,0.00,0.00,0.00,0.00,0.00,0
1.48735,117,-29,119,0,DRIVE [ 12 ] [ 1 ] [ 1005 1113 1107 ] [    0    0    0 ] [      0      0      0 ] [ 0 ],drive [ 11 ] [ 0 ] [ 1005 1113 1106 ] [  103   80   74 ] [  13385  10759  10322 ] [ 0 ],1.00,1.00,1.00,1.40,117.21,-28.61,0.00,0.00,0.00,0.00,0.00,0.00,0.00,0.00,0.00,0.00,0.00,0.00,0.00,0.00,0.00,0
1.49889,116,-28,120,0,DRIVE [ 12 ] [ 1 ] [ 1005 1113 1108 ] [    0    0    0 ] [      0      0      0 ] [ 0 ],drive [ 12 ] [ 0 ] [ 1005 1113 1107 ] [   85   80   75 ] [  13385  10759  10322 ] [ 0 ],1.00,1.00,1.00,1.40,116.25,-28.35,0.00,0.00,0.00,0.00,0.00,0.00,0.00,0.00,0.00,0.00,0.00,0.00,-0.00,0.00,0.00,0
1.51042,115,-28,122,0,DRIVE [ 13 ] [ 1 ] [ 1005 1113 1108 ] [    0    0    0 ] [      0      0      0 ] [ 0 ],drive [ 12 ] [ 0 ] [ 1005 1113 1108 ] [   85   80   75 ] [  13385  10759  10322 ] [ 0 ],1.00,1.00,1.00,1.40,115.26,-28.05,0.00,0.00,0.00,0.00,0.00,0.00,0.00,0.00,0.00,0.00,0.00,0.00,-0.00,0.00,0.00,0
1.52168,114,-28,124,0,DRIVE [ 13 ] [ 1 ] [ 1005 1113 1108 ] [    0    0    0 ] [      0      0      0 ] [ 0 ],drive [ 13 ] [ 0 ] [ 1005 1113 1108 ] [   85   80   75 ] [  13385  10759  10322 ] [ 0 ],1.00,1.00,1.00,1.40,114.36,-27.90,0.00,0.00,0.00,0.00,0.00,0.00,0.00,0.00,0.00,0.00,0.00,0.00,-0.00,0.00,0.00,0
1.53329,113,-28,125,0,DRIVE [ 14 ] [ 1 ] [ 1005 1113 1106 ] [    0    0    0 ] [      0      0      0 ] [ 0 ],drive [ 13 ] [ 0 ] [ 1005 1113 1108 ] [   85   80   75 ] [  13387  10759  10322 ] [ 0 ],1.00,1.00,1.00,1.40,113.25,-27.78,0.00,0.00,0.00,0.00,0.00,0.00,0.00,0.00,0.00,0.00,0.00,0.00,-0.00,0.00,0.00,0
1.54438,112,-28,127,0,DRIVE [ 14 ] [ 1 ] [ 1005 1113 1104 ] [    0    0    0 ] [      0      0      0 ] [ 0 ],drive [ 14 ] [ 0 ] [ 1005 1113 1106 ] [   84   80   76 ] [  13387  10759  10322 ] [ 0 ],1.00,1.00,1.00,1.40,112.32,-27.80,0.00,0.00,0.00,0.00,0.00,0.00,0.00,0.00,0.00,0.00,0.00,0.00,-0.00,0.00,0.00,0
1.55628,112,-28,130,0,DRIVE [ 15 ] [ 1 ] [ 1005 1113 1102 ] [    0    0    0 ] [      0      0      0 ] [ 0 ],drive [ 14 ] [ 0 ] [ 1005 1113 1104 ] [   84   80   76 ] [  13387  10759  10322 ] [ 0 ],1.00,1.00,1.00,1.40,111.57,-27.94,0.00,0.00,0.00,0.00,0.00,0.00,0.00,0.00,0.00,0.00,0.00,0.00,-0.00,0.00,0.00,0
1.56829,111,-28,132,0,DRIVE [ 15 ] [ 1 ] [ 1005 1113 1098 ] [    0    0    0 ] [      0      0      0 ] [ 0 ],drive [ 15 ] [ 0 ] [ 1005 1113 1102 ] [   84   80   76 ] [  13387  10759  10322 ] [ 0 ],1.00,1.00,1.00,1.40,110.67,-28.13,0.00,0.00,0.00,0.00,0.00,0.00,0.00,0.00,0.00,0.00,0.00,0.00,-0.00,0.00,0.00,0
1.57993,110,-28,135,0,DRIVE [ 16 ] [ 1 ] [ 1005 1113 1095 ] [    0    0    0 ] [      0      0      0 ] [ 0 ],drive [ 15 ] [ 0 ] [ 1005 1113 1098 ] [   84   80   76 ] [  13388  10760  10334 ] [ 0 ],1.00,1.00,1.00,1.40,109.83,-28.40,0.00,0.00,0.00,0.00,0.00,0.00,0.00,0.00,0.00,0.00,0.00,0.00,-0.00,0.00,0.00,0
1.59194,109,-29,138,0,DRIVE [ 16 ] [ 1 ] [ 1005 1113 1107 ] [    0    0    0 ] [      0      0      0 ] [ 0 ],drive [ 16 ] [ 0 ] [ 1005 1113 1095 ] [   84   80   76 ] [  13388  10760  10334 ] [ 0 ],1.00,1.00,1.00,1.40,108.57,-28.65,0.00,0.00,0.00,0.00,0.00,0.00,0.00,0.00,0.00,0.00,0.00,0.00,-0.00,0.00,0.00,0
1.60341,107,-29,141,0,DRIVE [ 17 ] [ 1 ] [ 1005 1113 1119 ] [    0    0    0 ] [      0      0      0 ] [ 0 ],drive [ 16 ] [ 0 ] [ 1005 1113 1107 ] [   84   78   74 ] [  13388  10760  10334 ] [ 0 ],1.00,1.00,1.00,1.40,107.09,-28.97,0.00,0.00,0.00,0.00,0.00,0.00,0.00,0.00,0.00,0.00,0.00,0.00,-0.00,0.00,0.00,0
1.61498,105,-29,143,0,DRIVE [ 17 ] [ 1 ] [ 1005 1113 1131 ] [    0    0    0 ] [      0      0      0 ] [ 0 ],drive [ 17 ] [ 0 ] [ 1005 1113 1119 ] [   84   78   74 ] [  13388  10760  10334 ] [ 0 ],1.00,1.00,1.00,1.40,105.40,-29.40,0.00,0.00,0.00,0.00,0.00,0.00,0.00,0.00,0.00,0.00,0.00,0.00,-0.00,0.00,0.00,0
1.62675,104,-30,146,0,DRIVE [ 18 ] [ 1 ] [ 1005 1113 1144 ] [    0    0    0 ] [      0      0      0 ] [ 0 ],drive [ 17 ] [ 0 ] [ 1005 1113 1131 ] [   84   78   74 ] [  13388  10760  10334 ] [ 0 ],1.00,1.00,1.00,1.40,103.75,-29.94,0.00,0.00,0.00,0.00,0.00,0.00,0.00,0.00,0.00,0.00,0.00,0.00,-0.00,0.00,0.00,0
1.63802,102,-31,150,0,DRIVE [ 18 ] [ 1 ] [ 1005 1113 1156 ] [    0    0    0 ] [      0      0      0 ] [ 0 ],drive [ 18 ] [ 0 ] [ 1005 1113 1144 ] [   84   78   74 ] [  13388  10761  10334 ] [ 0 ],1.00,1.00,1.00,1.40,102.25,-30.66,0.00,0.00,0.00,0.00,0.00,0.00,0.00,0.00,0.00,0.00,0.00,0.00,-0.00,0.00,0.00,0
1.64961,101,-31,154,0,DRIVE [ 19 ] [ 1 ] [ 1005 1113 1167 ] [    0    0    0 ] [      0      0      0 ] [ 0 ],drive [ 18 ] [ 0 ] [ 1005 1113 1156 ] [   86   80   69 ] [  13388  10761  10334 ] [ 0 ],1.00,1.00,1.00,1.40,100.60,-31.46,0.00,0.00,0.00,0.00,0.00,0.00,0.00,0.00,0.00,0.00,0.00,0.00,-0.00,0.00,0.00,0
1.66134,99,-32,158,0,DRIVE [ 19 ] [ 1 ] [ 1005 1113 1179 ] [    0    0    0 ] [      0      0      0 ] [ 0 ],drive [ 19 ] [ 0 ] [ 1005 1113 1167 ] [   86   80   69 ] [  13388  10761  10334 ] [ 0 ],1.00,1.00,1.00,1.40,98.78,-32.36,0.00,0.00,0.00,0.00,0.00,0.00,0.00,0.00,0.00,0.00,0.00,0.00,-0.00,0.00,0.00,0
1.67403,97,-33,162,0,DRIVE [ 20 ] [ 1 ] [ 1005 1113 1190 ] [    0    0    0 ] [      0      0      0 ] [ 0 ],drive [ 19 ] [ 0 ] [ 1005 1113 1179 ] [   86   80   69 ] [  13388  10761  10334 ] [ 0 ],1.00,1.00,1.00,1.40,97.05,-33.42,0.00,0.00,0.00,0.00,0.00,0.00,0.00,0.00,0.00,0.00,0.00,0.00,-0.00,0.00,0.00,0
1.68591,95,-35,166,0,DRIVE [ 20 ] [ 1 ] [ 1007 1113 1199 ] [    0    0    0 ] [      0      0      0 ] [ 0 ],drive [ 20 ] [ 0 ] [ 1005 1113 1190 ] [   86   80   69 ] [  13388  10761  10333 ] [ 0 ],1.00,1.00,1.00,1.40,95.02,-34.55,0.00,0.00,0.00,0.00,0.00,0.00,0.00,0.00,0.00,0.00,0.00,0.00,-0.00,0.00,0.00,0
1.69759,93,-36,170,0,DRIVE [ 21 ] [ 1 ] [ 1049 1113 1208 ] [    0    0    0 ] [      0      0      0 ] [ 0 ],drive [ 20 ] [ 0 ] [ 1007 1113 1199 ] [   85   78   64 ] [  13388  10761  10333 ] [ 0 ],1.00,1.00,1.00,1.40,92.98,-35.88,0.00,0.00,0.00,0.00,0.00,0.00,0.00,0.00,0.00,0.00,0.00,0.00,-0.00,0.00,0.00,0
1.70914,91,-37,175,0,DRIVE [ 21 ] [ 1 ] [ 1091 1113 1216 ] [    0    0    0 ] [      0      0      0 ] [ 0 ],drive [ 21 ] [ 0 ] [ 1049 1113 1208 ] [   85   78   64 ] [  13388  10761  10333 ] [ 0 ],1.00,1.00,1.00,1.40,91.13,-37.45,0.00,0.00,0.00,0.00,0.00,0.00,0.00,0.00,0.00,0.00,0.00,0.00,-0.00,0.00,0.00,0
1.72044,89,-39,180,0,DRIVE [ 22 ] [ 1 ] [ 1134 1113 1221 ] [    0    0    0 ] [      0      0      0 ] [ 0 ],drive [ 21 ] [ 0 ] [ 1091 1113 1216 ] [   85   78   64 ] [  13388  10761  10333 ] [ 0 ],1.00,1.00,1.00,1.40,89.11,-39.23,0.00,0.00,0.00,0.00,0.00,0.00,0.00,0.00,0.00,0.00,0.00,0.00,-0.00,0.00,0.00,0
1.73226,87,-41,185,0,DRIVE [ 22 ] [ 1 ] [ 1176 1113 1225 ] [    0    0    0 ] [      0      0      0 ] [ 0 ],drive [ 22 ] [ 0 ] [ 1134 1113 1221 ] [   85   78   64 ] [  13386  10762  10333 ] [ 0 ],1.00,1.00,1.00,1.40,87.06,-41.17,0.00,0.00,0.00,0.00,0.00,0.00,0.00,0.00,0.00,0.00,0.00,0.00,-0.00,0.00,0.00,0
1.7435,85,-43,189,0,DRIVE [ 23 ] [ 1 ] [ 1217 1113 1228 ] [    0    0    0 ] [      0      0      0 ] [ 0 ],drive [ 22 ] [ 0 ] [ 1176 1113 1225 ] [   74   78   63 ] [  13386  10762  10333 ] [ 0 ],1.00,1.00,1.00,1.40,84.72,-43.17,0.00,0.00,0.00,0.00,0.00,0.00,0.00,0.00,0.00,0.00,0.00,0.00,-0.00,0.00,0.00,0
1.75548,82,-45,194,0,DRIVE [ 23 ] [ 1 ] [ 1258 1113 1228 ] [    0    0    0 ] [      0      0      0 ] [ 0 ],drive [ 23 ] [ 0 ] [ 1217 1113 1228 ] [   74   78   63 ] [  13386  10762  10333 ] [ 0 ],1.00,1.00,1.00,1.40,82.42,-45.45,0.00,0.00,0.00,0.00,0.00,0.00,0.00,0.00,0.00,0.00,0.00,0.00,-0.00,0.00,0.00,0
1.76736,79,-49,201,0,DRIVE [ 24 ] [ 1 ] [ 1309 1113 1226 ] [    0    0    0 ] [      0      0      0 ] [ 0 ],drive [ 23 ] [ 0 ] [ 1258 1113 1228 ] [   74   78   63 ] [  13386  10762  10333 ] [ 0 ],1.00,1.00,1.00,1.40,79.39,-48.80,0.00,0.00,0.00,0.00,0.00,0.00,0.00,0.00,0.00,0.00,0.00,0.00,-0.00,0.00,0.00,0
1.77912,77,-52,207,0,DRIVE [ 24 ] [ 1 ] [ 1355 1113 1221 ] [    0    0    0 ] [      0      0      0 ] [ 0 ],drive [ 24 ] [ 0 ] [ 1309 1113 1226 ] [   74   78   63 ] [  13376  10764  10332 ] [ 0 ],1.00,1.00,1.00,1.40,76.52,-52.20,0.00,0.00,0.00,0.00,0.00,0.00,0.00,0.00,0.00,0.00,0.00,0.00,-0.00,0.00,0.00,0
1.79057,74,-56,213,0,DRIVE [ 25 ] [ 1 ] [ 1397 1113 1214 ] [    0    0    0 ] [      0      0      0 ] [ 0 ],drive [ 24 ] [ 0 ] [ 1355 1113 1221 ] [   74   78   63 ] [  13376  10764  10332 ] [ 0 ],1.00,1.00,1.00,1.40,73.81,-55.77,0.00,0.00,0.00,0.00,0.00,0.00,0.00,0.00,0.00,0.00,0.00,0.00,-0.00,0.00,0.00,0
1.80244,71,-59,219,0,DRIVE [ 25 ] [ 1 ] [ 1436 1113 1204 ] [    0    0    0 ] [      0      0      0 ] [ 0 ],drive [ 25 ] [ 0 ] [ 1397 1113 1214 ] [   63   78   62 ] [  13376  10764  10332 ] [ 0 ],1.00,1.00,1.00,1.40,70.90,-59.23,0.00,0.00,0.00,0.00,0.00,0.00,0.00,0.00,0.00,0.00,0.00,0.00,-0.00,0.00,0.00,0
1.81434,68,-63,225,0,DRIVE [ 26 ] [ 1 ] [ 1471 1113 1192 ] [    0    0    0 ] [      0      0      0 ] [ 0 ],drive [ 25 ] [ 0 ] [ 1436 1113 1204 ] [   63   78   62 ] [  13376  10764  10332 ] [ 0 ],1.00,1.00,1.00,1.40,68.05,-62.82,0.00,0.00,0.00,0.00,0.00,0.00,0.00,0.00,0.00,0.00,0.00,0.00,-0.00,0.00,0.00,0
1.82674,65,-67,231,0,DRIVE [ 26 ] [ 1 ] [ 1504 1113 1178 ] [    0    0    0 ] [      0      0      0 ] [ 0 ],drive [ 26 ] [ 0 ] [ 1471 1113 1192 ] [   63   78   62 ] [  13376  10764  10332 ] [ 0 ],1.00,1.00,1.00,1.40,65.44,-66.65,0.00,0.00,0.00,0.00,0.00,0.00,0.00,0.00,0.00,0.00,0.00,0.00,-0.00,0.00,0.00,0
1.83825,63,-70,236,0,DRIVE [ 27 ] [ 1 ] [ 1534 1113 1162 ] [    0    0    0 ] [      0      0      0 ] [ 0 ],drive [ 26 ] [ 0 ] [ 1504 1113 1178 ] [   63   78   62 ] [  13326  10768  10333 ] [ 0 ],1.00,1.00,1.00,1.40,62.69,-70.45,0.00,0.00,0.00,0.00,0.00,0.00,0.00,0.00,0.00,0.00,0.00,0.00,0.00,0.00,0.00,0
1.85029,60,-74,241,0,DRIVE [ 27 ] [ 1 ] [ 1562 1113 1144 ] [    0    0    0 ] [      0      0      0 ] [ 0 ],drive [ 27 ] [ 0 ] [ 1534 1113 1162 ] [   44   77   66 ] [  13326  10768  10333 ] [ 0 ],1.00,1.00,1.00,1.40,59.73,-74.11,0.00,0.00,0.00,0.00,0.00,0.00,0.00,0.00,0.00,0.00,0.00,0.00,0.00,0.00,0.00,0
1.86234,57,-78,246,0,DRIVE [ 28 ] [ 1 ] [ 1589 1113 1125 ] [    0    0    0 ] [      0      0      0 ] [ 0 ],drive [ 27 ] [ 0 ] [ 1562 1113 1144 ] [   44   77   66 ] [  13326  10768  10333 ] [ 0 ],1.00,1.00,1.00,1.40,56.86,-78.19,0.00,0.00,0.00,0.00,0.00,0.00,0.00,0.00,0.00,0.00,0.00,0.00,0.00,0.00,0.00,0
1.87397,54,-82,252,0,DRIVE [ 28 ] [ 1 ] [ 1615 1113 1104 ] [    0    0    0 ] [      0      0      0 ] [ 0 ],drive [ 28 ] [ 0 ] [ 1589 1113 1125 ] [   44   77   66 ] [  13326  10768  10333 ] [ 0 ],1.00,1.00,1.00,1.40,53.86,-82.22,0.00,0.00,0.00,0.00,0.00,0.00,0.00,0.00,0.00,0.00,0.00,0.00,0.00,0.00,0.00,0
1.88604,50,-86,256,0,DRIVE [ 29 ] [ 1 ] [ 1641 1113 1082 ] [    0    0    0 ] [      0      0      0 ] [ 0 ],drive [ 28 ] [ 0 ] [ 1615 1113 1104 ] [   44   77   66 ] [  13169  10777  10338 ] [ 0 ],1.00,1.00,1.00,1.40,50.42,-85.82,0.00,0.00,0.00,0.00,0.00,0.00,0.00,0.00,0.00,0.00,0.00,0.00,0.00,0.00,0.00,0
1.89795,47,-90,261,0,DRIVE [ 29 ] [ 1 ] [ 1666 1113 1059 ] [    0    0    0 ] [      0      0      0 ] [ 0 ],drive [ 29 ] [ 0 ] [ 1641 1113 1082 ] [   50   75   79 ] [  13169  10777  10338 ] [ 0 ],1.00,1.00,1.00,1.40,46.89,-89.68,0.00,0.00,0.00,0.00,0.00,0.00,0.00,0.00,0.00,0.00,0.00,0.00,0.00,0.00,0.00,0
1.91013,43,-94,266,0,DRIVE [ 30 ] [ 1 ] [ 1691 1113 1035 ] [    0    0    0 ] [      0      0      0 ] [ 0 ],drive [ 29 ] [ 0 ] [ 1666 1113 1059 ] [   50   75   79 ] [  13169  10777  10338 ] [ 0 ],1.00,1.00,1.00,1.40,43.12,-93.56,0.00,0.00,0.00,0.00,0.00,0.00,0.00,0.00,0.00,0.00,0.00,0.00,0.00,0.00,0.00,0
1.92179,39,-98,271,0,DRIVE [ 30 ] [ 1 ] [ 1715 1113 1009 ] [    0    0    0 ] [      0      0      0 ] [ 0 ],drive [ 30 ] [ 0 ] [ 1691 1113 1035 ] [   50   75   79 ] [  13169  10777  10338 ] [ 0 ],1.00,1.00,1.00,1.40,39.29,-97.59,0.00,0.00,0.00,0.00,0.00,0.00,0.00,0.00,0.00,0.00,0.00,0.00,0.00,0.00,0.00,0
1.93406,35,-101,276,0,DRIVE [ 31 ] [ 1 ] [ 1739 1113 1005 ] [    0    0    0 ] [      0      0      0 ] [ 0 ],drive [ 30 ] [ 0 ] [ 1715 1113 1009 ] [   50   75   79 ] [  12988  10798  10447 ] [ 0 ],1.00,1.00,1.00,1.40,35.08,-101.45,0.00,0.00,0.00,0.00,0.00,0.00,0.00,0.00,0.00,0.00,0.00,0.00,0.00,0.00,0.00,0
1.94673,31,-105,280,0,DRIVE [ 31 ] [ 1 ] [ 1763 1113 1005 ] [    0    0    0 ] [      0      0      0 ] [ 0 ],drive [ 31 ] [ 0 ] [ 1739 1113 1005 ] [   39   99  111 ] [  12988  10798  10447 ] [ 0 ],1.00,1.00,1.00,1.40,30.71,-105.35,0.00,0.00,0.00,0.00,0.00,0.00,0.00,0.00,0.00,0.00,0.00,0.00,0.00,0.00,0.00,0
1.95849,26,-109,284,0,DRIVE [ 32 ] [ 1 ] [ 1787 1113 1005 ] [    0    0    0 ] [      0      0      0 ] [ 0 ],drive [ 31 ] [ 0 ] [ 1763 1113 1005 ] [   39   99  111 ] [  12988  10798  10447 ] [ 0 ],1.00,1.00,1.00,1.40,26.06,-108.73,0.00,0.00,0.00,0.00,0.00,0.00,0.00,0.00,0.00,0.00,0.00,0.00,0.00,0.00,0.00,0
1.97071,21,-112,288,0,DRIVE [ 32 ] [ 1 ] [ 1810 1113 1005 ] [    0    0    0 ] [      0      0      0 ] [ 0 ],drive [ 32 ] [ 0 ] [ 1787 1113 1005 ] [   39   99  111 ] [  12988  10798  10447 ] [ 0 ],1.00,1.00,1.00,1.40,21.22,-111.51,0.00,0.00,0.00,0.00,0.00,0.00,0.00,0.00,0.00,0.00,0.00,0.00,0.00,0.00,0.00,0
1.9829,16,-114,292,0,DRIVE [ 33 ] [ 1 ] [ 1834 1113 1005 ] [    0    0    0 ] [      0      0      0 ] [ 0 ],drive [ 32 ] [ 0 ] [ 1810 1113 1005 ] [   39   99  111 ] [  12669  10915  10591 ] [ 0 ],1.00,1.00,1.00,1.40,16.31,-114.39,0.00,0.00,0.00,0.00,0.00,0.00,0.00,0.00,0.00,0.00,0.00,0.00,0.00,0.00,0.00,0
1.99526,11,-117,295,0,DRIVE [ 33 ] [ 1 ] [ 1856 1113 1005 ] [    0    0    0 ] [      0      0      0 ] [ 0 ],drive [ 33 ] [ 0 ] [ 1834 1113 1005 ] [    8   83  106 ] [  12669  10915  10591 ] [ 0 ],1.00,1.00,1.00,1.40,11.44,-116.93,0.00,0.00,0.00,0.00,0.00,0.00,0.00,0.00,0.00,0.00,0.00,0.00,0.00,0.00,0.00,0
2.00729,7,-119,298,0,DRIVE [ 34 ] [ 1 ] [ 1876 1113 1005 ] [    0    0    0 ] [      0      0      0 ] [ 0 ],drive [ 33 ] [ 0 ] [ 1856 1113 1005 ] [    8   83  106 ] [  12669  10915  10591 ] [ 0 ],1.00,1.00,1.00,1.40,6.77,-119.28,0.00,0.00,0.00,0.00,0.00,0.00,0.00,0.00,0.00,0.00,0.00,0.00,0.00,0.00,0.00,0
2.01955,0,-123,303,0,DRIVE [ 34 ] [ 1 ] [ 1904 1113 1005 ] [    0    0    0 ] [      0      0      0 ] [ 0 ],drive [ 34 ] [ 0 ] [ 1876 1113 1005 ] [    8   83  106 ] [  12669  10915  10591 ] [ 0 ],1.00,1.00,1.00,1.40,0.41,-122.67,0.00,0.00,0.00,0.00,0.00,0.00,0.00,0.00,0.00,0.00,0.00,0.00,0.00,0.00,0.00,0
2.03173,-6,-126,308,0,DRIVE [ 35 ] [ 1 ] [ 1904 1882 1005 ] [    0    0    0 ] [      0      0      0 ] [ 0 ],drive [ 34 ] [ 0 ] [ 1904 1113 1005 ] [    8   83  106 ] [  12465  11035  10676 ] [ 0 ],1.00,1.00,1.00,1.40,-5.66,-126.22,0.00,0.00,0.00,0.00,0.00,0.00,0.00,0.00,0.00,0.00,0.00,0.00,0.00,0.00,0.00,0
2.04406,-11,-129,311,0,DRIVE [ 35 ] [ 1 ] [ 1904 1859 1005 ] [    0    0    0 ] [      0      0      0 ] [ 0 ],drive [ 35 ] [ 0 ] [ 1904 1882 1005 ] [    8   83  106 ] [  12465  11035  10676 ] [ 0 ],1.00,1.00,1.00,1.40,-11.31,-128.99,0.00,0.00,0.00,0.00,0.00,0.00,0.00,0.00,0.00,0.00,0.00,0.00,0.00,0.00,0.00,0
2.05632,-16,-131,314,0,DRIVE [ 36 ] [ 1 ] [ 1904 1839 1005 ] [    0    0    0 ] [      0      0      0 ] [ 0 ],drive [ 35 ] [ 0 ] [ 1904 1859 1005 ] [    4   92   84 ] [  12465  11035  10676 ] [ 0 ],1.00,1.00,1.00,1.40,-16.30,-131.20,0.00,0.00,0.00,0.00,0.00,0.00,0.00,0.00,0.00,0.00,0.00,0.00,0.00,0.00,0.00,0
2.06908,-21,-134,317,0,DRIVE [ 36 ] [ 1 ] [ 1904 1822 1005 ] [    0    0    0 ] [      0      0      0 ] [ 0 ],drive [ 36 ] [ 0 ] [ 1904 1839 1005 ] [    4   92   84 ] [  12465  11035  10676 ] [ 0 ],1.00,1.00,1.00,1.40,-20.56,-133.63,0.00,0.00,0.00,0.00,0.00,0.00,0.00,0.00,0.00,0.00,0.00,0.00,0.00,0.00,0.00,0
2.08162,-24,-136,319,0,DRIVE [ 37 ] [ 1 ] [ 1904 1808 1005 ] [    0    0    0 ] [      0      0      0 ] [ 0 ],drive [ 36 ] [ 0 ] [ 1904 1822 1005 ] [    4   92   84 ] [  11978  10370  10722 ] [ 0 ],1.00,1.00,1.00,1.40,-24.27,-135.51,0.00,0.00,0.00,0.00,0.00,0.00,0.00,0.00,0.00,0.00,0.00,0.00,0.00,0.00,0.00,0
2.09408,-28,-138,322,0,DRIVE [ 37 ] [ 1 ] [ 1904 1795 1005 ] [    0    0    0 ] [      0      0      0 ] [ 0 ],drive [ 37 ] [ 0 ] [ 1904 1808 1005 ] [    4   92   84 ] [  11978  10370  10722 ] [ 0 ],1.00,1.00,1.00,1.40,-27.78,-138.34,0.00,0.00,0.00,0.00,0.00,0.00,0.00,0.00,0.00,0.00,0.00,0.00,0.00,0.00,0.00,0
2.10599,-33,-140,325,0,DRIVE [ 38 ] [ 1 ] [ 1904 1776 1005 ] [    0    0    0 ] [      0      0      0 ] [ 0 ],drive [ 37 ] [ 0 ] [ 1904 1795 1005 ] [   19   23  106 ] [  11978  10370  10722 ] [ 0 ],1.00,1.00,1.00,1.40,-32.68,-139.73,0.00,0.00,0.00,0.00,0.00,0.00,0.00,0.00,0.00,0.00,0.00,0.00,0.00,0.00,0.00,0
2.11807,-39,-140,327,0,DRIVE [ 38 ] [ 1 ] [ 1904 1753 1005 ] [    0    0    0 ] [      0      0      0 ] [ 0 ],drive [ 38 ] [ 0 ] [ 1904 1776 1005 ] [   19   23  106 ] [  11978  10370  10722 ] [ 0 ],1.00,1.00,1.00,1.40,-38.90,-140.28,0.00,0.00,0.00,0.00,0.00,0.00,0.00,0.00,0.00,0.00,0.00,0.00,0.00,0.00,0.00,0
2.13016,-45,-141,329,0,DRIVE [ 39 ] [ 1 ] [ 1904 1729 1005 ] [    0    0    0 ] [      0      0      0 ] [ 0 ],drive [ 38 ] [ 0 ] [ 1904 1753 1005 ] [   19   23  106 ] [  11934  10044  10905 ] [ 0 ],1.00,1.00,1.00,1.40,-45.02,-140.69,0.00,0.00,0.00,0.00,0.00,0.00,0.00,0.00,0.00,0.00,0.00,0.00,0.00,0.00,0.00,0
2.14248,-51,-141,332,0,DRIVE [ 39 ] [ 1 ] [ 1904 1706 1005 ] [    0    0    0 ] [      0      0      0 ] [ 0 ],drive [ 39 ] [ 0 ] [ 1904 1729 1005 ] [   19   23  106 ] [  11934  10044  10905 ] [ 0 ],1.00,1.00,1.00,1.40,-51.31,-140.51,0.00,0.00,0.00,0.00,0.00,0.00,0.00,0.00,0.00,0.00,0.00,0.00,0.00,0.00,0.00,0
2.15525,-56,-141,333,0,DRIVE [ 40 ] [ 1 ] [ 1904 1687 1005 ] [    0    0    0 ] [      0      0      0 ] [ 0 ],drive [ 39 ] [ 0 ] [ 1904 1706 1005 ] [    0   38   84 ] [  11934  10044  10905 ] [ 0 ],1.00,1.00,1.00,1.40,-56.21,-140.62,0.00,0.00,0.00,0.00,0.00,0.00,0.00,0.00,0.00,0.00,0.00,0.00,0.00,0.00,0.00,0
2.16822,-60,-141,335,0,DRIVE [ 40 ] [ 1 ] [ 1904 1674 1005 ] [    0    0    0 ] [      0      0      0 ] [ 0 ],drive [ 40 ] [ 0 ] [ 1904 1687 1005 ] [    0   38   84 ] [  11934  10044  10905 ] [ 0 ],1.00,1.00,1.00,1.40,-59.76,-140.69,0.00,0.00,0.00,0.00,0.00,0.00,0.00,0.00,0.00,0.00,0.00,0.00,0.00,0.00,0.00,0
2.18097,-62,-141,336,0,DRIVE [ 41 ] [ 1 ] [ 1904 1664 1005 ] [    0    0    0 ] [      0      0      0 ] [ 0 ],drive [ 40 ] [ 0 ] [ 1904 1674 1005 ] [    0   38   84 ] [  11921  10190  10910 ] [ 0 ],1.00,1.00,1.00,1.40,-62.35,-140.85,0.00,0.00,0.00,0.00,0.00,0.00,0.00,0.00,0.00,0.00,0.00,0.00,0.00,0.00,0.00,0
2.19394,-65,-141,338,0,DRIVE [ 41 ] [ 1 ] [ 1904 1656 1005 ] [    0    0    0 ] [      0      0      0 ] [ 0 ],drive [ 41 ] [ 0 ] [ 1904 1664 1005 ] [    0   38   84 ] [  11921  10190  10910 ] [ 0 ],1.00,1.00,1.00,1.40,-64.66,-141.39,0.00,0.00,0.00,0.00,0.00,0.00,0.00,0.00,0.00,0.00,0.00,0.00,0.00,0.00,0.00,0
2.2064,-66,-141,339,0,DRIVE [ 42 ] [ 1 ] [ 1904 1651 1005 ] [    0    0    0 ] [      0      0      0 ] [ 0 ],drive [ 41 ] [ 0 ] [ 1904 1656 1005 ] [   21   22   93 ] [  11921  10190  10910 ] [ 0 ],1.00,1.00,1.00,1.40,-66.25,-141.45,0.00,0.00,0.00,0.00,0.00,0.00,0.00,0.00,0.00,0.00,0.00,0.00,0.00,0.00,0.00,0
2.21943,-67,-141,339,0,DRIVE [ 42 ] [ 1 ] [ 1904 1646 1005 ] [    0    0    0 ] [      0      0      0 ] [ 0 ],drive [ 42 ] [ 0 ] [ 1904 1651 1005 ] [   21   22   93 ] [  11921  10190  10910 ] [ 0 ],1.00,1.00,1.00,1.40,-67.42,-141.15,0.00,0.00,0.00,0.00,0.00,0.00,0.00,0.00,0.00,0.00,0.00,0.00,0.00,0.00,0.00,0
2.23233,-68,-141,341,0,DRIVE [ 43 ] [ 1 ] [ 1904 1644 1005 ] [    0    0    0 ] [      0      0      0 ] [ 0 ],drive [ 42 ] [ 0 ] [ 1904 1646 1005 ] [   21   22   93 ] [  11819  10206  10996 ] [ 0 ],1.00,1.00,1.00,1.40,-68.34,-141.11,0.00,0.00,0.00,0.00,0.00,0.00,0.00,0.00,0.00,0.00,0.00,0.00,0.00,0.00,0.00,0
2.24507,-69,-141,343,0,DRIVE [ 43 ] [ 1 ] [ 1904 1643 1005 ] [    0    0    0 ] [      0      0      0 ] [ 0 ],drive [ 43 ] [ 0 ] [ 1904 1644 1005 ] [   11   24   84 ] [  11819  10206  10996 ] [ 0 ],1.00,1.00,1.00,1.40,-68.81,-140.88,0.00,0.00,0.00,0.00,0.00,0.00,0.00,0.00,0.00,0.00,0.00,0.00,0.00,0.00,0.00,0
2.25766,-69,-140,344,0,DRIVE [ 44 ] [ 1 ] [ 1904 1643 1005 ] [    0    0    0 ] [      0      0      0 ] [ 0 ],drive [ 43 ] [ 0 ] [ 1904 1643 1005 ] [   11   24   84 ] [  11819  10206  10996 ] [ 0 ],1.00,1.00,1.00,1.40,-68.97,-140.48,0.00,0.00,0.00,0.00,0.00,0.00,0.00,0.00,0.00,0.00,0.00,0.00,0.00,0.00,0.00,0
2.27058,-69,-140,345,0,DRIVE [ 44 ] [ 1 ] [ 1904 1644 1005 ] [    0    0    0 ] [      0      0      0 ] [ 0 ],drive [ 44 ] [ 0 ] [ 1904 1643 1005 ] [   11   24   84 ] [  11819  10206  10996 ] [ 0 ],1.00,1.00,1.00,1.40,-68.79,-139.59,0.00,0.00,0.00,0.00,0.00,0.00,0.00,0.00,0.00,0.00,0.00,0.00,0.00,0.00,0.00,0
2.28345,-68,-138,345,0,DRIVE [ 45 ] [ 1 ] [ 1904 1647 1005 ] [    0    0    0 ] [      0      0      0 ] [ 0 ],drive [ 44 ] [ 0 ] [ 1904 1644 1005 ] [   11   24   84 ] [  11629  10278  11028 ] [ 0 ],1.00,1.00,1.00,1.40,-68.00,-137.71,0.00,0.00,0.00,0.00,0.00,0.00,0.00,0.00,0.00,0.00,0.00,0.00,0.00,0.00,0.00,0
2.29636,-67,-137,347,0,DRIVE [ 45 ] [ 1 ] [ 1904 1651 1005 ] [    0    0    0 ] [      0      0      0 ] [ 0 ],drive [ 45 ] [ 0 ] [ 1904 1647 1005 ] [    9   32  100 ] [  11629  10278  11028 ] [ 0 ],1.00,1.00,1.00,1.40,-67.23,-136.96,0.00,0.00,0.00,0.00,0.00,0.00,0.00,0.00,0.00,0.00,0.00,0.00,0.00,0.00,0.00,0
2.30982,-66,-136,348,0,DRIVE [ 46 ] [ 1 ] [ 1904 1656 1005 ] [    0    0    0 ] [      0      0      0 ] [ 0 ],drive [ 45 ] [ 0 ] [ 1904 1651 1005 ] [    9   32  100 ] [  11629  10278  11028 ] [ 0 ],1.00,1.00,1.00,1.40,-65.89,-135.66,0.00,0.00,0.00,0.00,0.00,0.00,0.00,0.00,0.00,0.00,0.00,0.00,0.00,0.00,0.00,0
2.32241,-64,-135,349,0,DRIVE [ 46 ] [ 1 ] [ 1904 1663 1005 ] [    0    0    0 ] [      0      0      0 ] [ 0 ],drive [ 46 ] [ 0 ] [ 1904 1656 1005 ] [    9   32  100 ] [  11629  10278  11028 ] [ 0 ],1.00,1.00,1.00,1.40,-64.18,-134.64,0.00,0.00,0.00,0.00,0.00,0.00,0.00,0.00,0.00,0.00,0.00,0.00,0.00,0.00,0.00,0
2.33568,-62,-134,349,0,DRIVE [ 47 ] [ 1 ] [ 1904 1671 1005 ] [    0    0    0 ] [      0      0      0 ] [ 0 ],drive [ 46 ] [ 0 ] [ 1904 1663 1005 ] [    9   32  100 ] [  11477  10337  11153 ] [ 0 ],1.00,1.00,1.00,1.40,-62.36,-133.71,0.00,0.00,0.00,0.00,0.00,0.00,0.00,0.00,0.00,0.00,0.00,0.00,0.00,0.00,0.00,0
2.34858,-60,-133,351,0,DRIVE [ 47 ] [ 1 ] [ 1904 1679 1005 ] [    0    0    0 ] [      0      0      0 ] [ 0 ],drive [ 47 ] [ 0 ] [ 1904 1671 1005 ] [    0   27  105 ] [  11477  10337  11153 ] [ 0 ],1.00,1.00,1.00,1.40,-60.41,-132.53,0.00,0.00,0.00,0.00,0.00,0.00,0.00,0.00,0.00,0.00,0.00,0.00,0.00,0.00,0.00,0
2.36334,-58,-130,350,0,DRIVE [ 48 ] [ 1 ] [ 1904 1687 1005 ] [    0    0    0 ] [      0      0      0 ] [ 0 ],drive [ 47 ] [ 0 ] [ 1904 1679 1005 ] [    0   27  105 ] [  11477  10337  11153 ] [ 0 ],1.00,1.00,1.00,1.40,-58.04,-130.22,0.00,0.00,0.00,0.00,0.00,0.00,0.00,0.00,0.00,0.00,0.00,0.00,0.00,0.00,0.00,0
2.37663,-56,-129,351,0,DRIVE [ 48 ] [ 1 ] [ 1904 1694 1005 ] [    0    0    0 ] [      0      0      0 ] [ 0 ],drive [ 48 ] [ 0 ] [ 1904 1687 1005 ] [    0   27  105 ] [  11477  10337  11153 ] [ 0 ],1.00,1.00,1.00,1.40,-56.38,-129.16,0.00,0.00,0.00,0.00,0.00,0.00,0.00,0.00,0.00,0.00,0.00,0.00,0.00,0.00,0.00,0
2.38927,-55,-128,351,0,DRIVE [ 49 ] [ 1 ] [ 1904 1700 1005 ] [    0    0    0 ] [      0      0      0 ] [ 0 ],drive [ 48 ] [ 0 ] [ 1904 1694 1005 ] [    0   27  105 ] [  11408  10335  11250 ] [ 0 ],1.00,1.00,1.00,1.40,-54.69,-127.78,0.00,0.00,0.00,0.00,0.00,0.00,0.00,0.00,0.00,0.00,0.00,0.00,0.00,0.00,0.00,0
2.40225,-53,-127,352,0,DRIVE [ 49 ] [ 1 ] [ 1904 1706 1013 ] [    0    0    0 ] [      0      0      0 ] [ 0 ],drive [ 49 ] [ 0 ] [ 1904 1700 1005 ] [   16   24   84 ] [  11408  10335  11250 ] [ 0 ],1.00,1.00,1.00,1.40,-53.27,-126.63,0.00,0.00,0.00,0.00,0.00,0.00,0.00,0.00,0.00,0.00,0.00,0.00,0.00,0.00,0.00,0
2.41501,-52,-125,351,0,DRIVE [ 50 ] [ 1 ] [ 1904 1711 1022 ] [    0    0    0 ] [      0      0      0 ] [ 0 ],drive [ 49 ] [ 0 ] [ 1904 1706 1013 ] [   16   24   84 ] [  11408  10335  11250 ] [ 0 ],1.00,1.00,1.00,1.40,-51.71,-124.87,0.00,0.00,0.00,0.00,0.00,0.00,0.00,0.00,0.00,0.00,0.00,0.00,0.00,0.00,0.00,0
2.42875,-51,-125,356,0,DRIVE [ 50 ] [ 1 ] [ 1904 1717 1032 ] [    0    0    0 ] [      0      0      0 ] [ 0 ],drive [ 50 ] [ 0 ] [ 1904 1711 1022 ] [   16   24   84 ] [  11408  10335  11250 ] [ 0 ],1.00,1.00,1.00,1.40,-50.72,-124.72,0.00,0.00,0.00,0.00,0.00,0.00,0.00,0.00,0.00,0.00,0.00,0.00,0.00,0.00,0.00,0
2.44132,-49,-123,354,0,DRIVE [ 51 ] [ 1 ] [ 1904 1722 1040 ] [    0    0    0 ] [      0      0      0 ] [ 0 ],drive [ 50 ] [ 0 ] [ 1904 1717 1032 ] [   16   24   84 ] [  11374  10335  11255 ] [ 0 ],1.00,1.00,1.00,1.40,-49.22,-122.89,0.00,0.00,0.00,0.00,0.00,0.00,0.00,0.00,0.00,0.00,0.00,0.00,0.00,0.00,0.00,0
2.45444,-48,-121,352,0,DRIVE [ 51 ] [ 1 ] [ 1904 1726 1047 ] [    0    0    0 ] [      0      0      0 ] [ 0 ],drive [ 51 ] [ 0 ] [ 1904 1722 1040 ] [   17   23   83 ] [  11374  10335  11255 ] [ 0 ],1.00,1.00,1.00,1.40,-47.96,-121.00,0.00,0.00,0.00,0.00,0.00,0.00,0.00,0.00,0.00,0.00,0.00,0.00,0.00,0.00,0.00,0
2.46742,-47,-119,350,0,DRIVE [ 52 ] [ 1 ] [ 1904 1728 1054 ] [    0    0    0 ] [      0      0      0 ] [ 0 ],drive [ 51 ] [ 0 ] [ 1904 1726 1047 ] [   17   23   83 ] [  11374  10335  11255 ] [ 0 ],1.00,1.00,1.00,1.40,-46.91,-119.24,0.00,0.00,0.00,0.00,0.00,0.00,0.00,0.00,0.00,0.00,0.00,0.00,0.00,0.00,0.00,0
2.48041,-46,-118,349,0,DRIVE [ 52 ] [ 1 ] [ 1904 1730 1060 ] [    0    0    0 ] [      0      0      0 ] [ 0 ],drive [ 52 ] [ 0 ] [ 1904 1728 1054 ] [   17   23   83 ] [  11374  10333  11255 ] [ 0 ],1.00,1.00,1.00,1.40,-46.23,-117.96,0.00,0.00,0.00,0.00,0.00,0.00,0.00,0.00,0.00,0.00,0.00,0.00,0.00,0.00,0.00,0
2.49281,-46,-117,348,0,DRIVE [ 53 ] [ 1 ] [ 1904 1732 1065 ] [    0    0    0 ] [      0      0      0 ] [ 0 ],drive [ 52 ] [ 0 ] [ 1904 1730 1060 ] [   17   23   83 ] [  11374  10333  11255 ] [ 0 ],1.00,1.00,1.00,1.40,-45.62,-116.72,0.00,0.00,0.00,0.00,0.00,0.00,0.00,0.00,0.00,0.00,0.00,0.00,0.00,0.00,0.00,0
2.50572,-45,-116,348,0,DRIVE [ 53 ] [ 1 ] [ 1904 1733 1070 ] [    0    0    0 ] [      0      0      0 ] [ 0 ],drive [ 53 ] [ 0 ] [ 1904 1732 1065 ] [   16   21   77 ] [  11374  10333  11255 ] [ 0 ],1.00,1.00,1.00,1.40,-45.25,-115.82,0.00,0.00,0.00,0.00,0.00,0.00,0.00,0.00,0.00,0.00,0.00,0.00,0.00,0.00,0.00,0
2.51878,-45,-116,349,0,DRIVE [ 54 ] [ 1 ] [ 1904 1734 1075 ] [    0    0    0 ] [      0      0      0 ] [ 0 ],drive [ 53 ] [ 0 ] [ 1904 1733 1070 ] [   16   21   77 ] [  11374  10333  11255 ] [ 0 ],1.00,1.00,1.00,1.40,-45.21,-115.62,0.00,0.00,0.00,0.00,0.00,0.00,0.00,0.00,0.00,0.00,0.00,0.00,0.00,0.00,0.00,0
2.53169,-45,-115,349,0,DRIVE [ 54 ] [ 1 ] [ 1904 1734 1080 ] [    0    0    0 ] [      0      0      0 ] [ 0 ],drive [ 54 ] [ 0 ] [ 1904 1734 1075 ] [   16   21   77 ] [  11373  10319  11254 ] [ 0 ],1.00,1.00,1.00,1.40,-45.05,-114.66,0.00,0.00,0.00,0.00,0.00,0.00,0.00,0.00,0.00,0.00,0.00,0.00,0.00,0.00,0.00,0
2.544,-45,-114,348,0,DRIVE [ 55 ] [ 1 ] [ 1904 1734 1086 ] [    0    0    0 ] [      0      0      0 ] [ 0 ],drive [ 54 ] [ 0 ] [ 1904 1734 1080 ] [   16   21   77 ] [  11373  10319  11254 ] [ 0 ],1.00,1.00,1.00,1.40,-45.02,-113.73,0.00,0.00,0.00,0.00,0.00,0.00,0.00,0.00,0.00,0.00,0.00,0.00,0.00,0.00,0.00,0
2.55723,-45,-113,348,0,DRIVE [ 55 ] [ 1 ] [ 1904 1734 1091 ] [    0    0    0 ] [      0      0      0 ] [ 0 ],drive [ 55 ] [ 0 ] [ 1904 1734 1086 ] [   16   18   77 ] [  11373  10319  11254 ] [ 0 ],1.00,1.00,1.00,1.40,-44.97,-112.91,0.00,0.00,0.00,0.00,0.00,0.00,0.00,0.00,0.00,0.00,0.00,0.00,0.00,0.00,0.00,0
2.57157,-45,-112,348,0,DRIVE [ 56 ] [ 1 ] [ 1904 1734 1095 ] [    0    0    0 ] [      0      0      0 ] [ 0 ],drive [ 55 ] [ 0 ] [ 1904 1734 1091 ] [   16   18   77 ] [  11373  10319  11254 ] [ 0 ],1.00,1.00,1.00,1.40,-44.98,-112.33,0.00,0.00,0.00,0.00,0.00,0.00,0.00,0.00,0.00,0.00,0.00,0.00,0.00,0.00,0.00,0
2.58446,-45,-111,347,0,DRIVE [ 56 ] [ 1 ] [ 1904 1733 1100 ] [    0    0    0 ] [      0      0      0 ] [ 0 ],drive [ 56 ] [ 0 ] [ 1904 1734 1095 ] [   16   18   77 ] [  11373  10317  11254 ] [ 0 ],1.00,1.00,1.00,1.40,-44.94,-111.49,0.00,0.00,0.00,0.00,0.00,0.00,0.00,0.00,0.00,0.00,0.00,0.00,0.00,0.00,0.00,0
2.59736,-45,-110,347,0,DRIVE [ 57 ] [ 1 ] [ 1904 1734 1106 ] [    0    0    0 ] [      0      0      0 ] [ 0 ],drive [ 56 ] [ 0 ] [ 1904 1733 1100 ] [   16   19   75 ] [  11373  10317  11254 ] [ 0 ],1.00,1.00,1.00,1.40,-44.80,-110.42,0.00,0.00,0.00,0.00,0.00,0.00,0.00,0.00,0.00,0.00,0.00,0.00,0.00,0.00,0.00,0
2.60965,-45,-109,346,0,DRIVE [ 57 ] [ 1 ] [ 1904 1734 1113 ] [    0    0    0 ] [      0      0      0 ] [ 0 ],drive [ 57 ] [ 0 ] [ 1904 1734 1106 ] [   16   19   75 ] [  11373  10317  11254 ] [ 0 ],1.00,1.00,1.00,1.40,-44.55,-109.31,0.00,0.00,0.00,0.00,0.00,0.00,0.00,0.00,0.00,0.00,0.00,0.00,0.00,0.00,0.00,0
2.62257,-44,-107,343,0,DRIVE [ 58 ] [ 1 ] [ 1904 1735 1119 ] [    0    0    0 ] [      0      0      0 ] [ 0 ],drive [ 57 ] [ 0 ] [ 1904 1734 1113 ] [   16   19   75 ] [  11373  10317  11254 ] [ 0 ],1.00,1.00,1.00,1.40,-43.88,-107.49,0.00,0.00,0.00,0.00,0.00,0.00,0.00,0.00,0.00,0.00,0.00,0.00,0.00,0.00,0.00,0
2.63527,-44,-107,345,0,DRIVE [ 58 ] [ 1 ] [ 1904 1737 1124 ] [    0    0    0 ] [      0      0      0 ] [ 0 ],drive [ 58 ] [ 0 ] [ 1904 1735 1119 ] [   16   19   75 ] [  11372  10317  11254 ] [ 0 ],1.00,1.00,1.00,1.40,-43.60,-107.05,0.00,0.00,0.00,0.00,0.00,0.00,0.00,0.00,0.00,0.00,0.00,0.00,0.00,0.00,0.00,0
2.64814,-43,-106,345,0,DRIVE [ 59 ] [ 1 ] [ 1904 1738 1130 ] [    0    0    0 ] [      0      0      0 ] [ 0 ],drive [ 58 ] [ 0 ] [ 1904 1737 1124 ] [    7   19   73 ] [  11372  10317  11254 ] [ 0 ],1.00,1.00,1.00,1.40,-43.23,-106.48,0.00,0.00,0.00,0.00,0.00,0.00,0.00,0.00,0.00,0.00,0.00,0.00,0.00,0.00,0.00,0
2.66101,-43,-105,345,0,DRIVE [ 59 ] [ 1 ] [ 1904 1740 1136 ] [    0    0    0 ] [      0      0      0 ] [ 0 ],drive [ 59 ] [ 0 ] [ 1904 1738 1130 ] [    7   19   73 ] [  11372  10317  11254 ] [ 0 ],1.00,1.00,1.00,1.40,-42.65,-105.41,0.00,0.00,0.00,0.00,0.00,0.00,0.00,0.00,0.00,0.00,0.00,0.00,0.00,0.00,0.00,0
2.67366,-42,-104,344,0,DRIVE [ 60 ] [ 1 ] [ 1904 1742 1142 ] [    0    0    0 ] [      0      0      0 ] [ 0 ],drive [ 59 ] [ 0 ] [ 1904 1740 1136 ] [    7   19   73 ] [  11372  10317  11254 ] [ 0 ],1.00,1.00,1.00,1.40,-42.00,-104.19,0.00,0.00,0.00,0.00,0.00,0.00,0.00,0.00,0.00,0.00,0.00,0.00,0.00,0.00,0.00,0
2.68661,-41,-104,345,0,DRIVE [ 60 ] [ 1 ] [ 1904 1745 1148 ] [    0    0    0 ] [      0      0      0 ] [ 0 ],drive [ 60 ] [ 0 ] [ 1904 1742 1142 ] [    7   19   73 ] [  11264  10317  11253 ] [ 0 ],1.00,1.00,1.00,1.40,-41.41,-103.54,0.00,0.00,0.00,0.00,0.00,0.00,0.00,0.00,0.00,0.00,0.00,0.00,0.00,0.00,0.00,0
2.69938,-41,-102,344,0,DRIVE [ 61 ] [ 1 ] [ 1904 1748 1155 ] [    0    0    0 ] [      0      0      0 ] [ 0 ],drive [ 60 ] [ 0 ] [ 1904 1745 1148 ] [   -1   17   70 ] [  11264  10317  11253 ] [ 0 ],1.00,1.00,1.00,1.40,-40.66,-102.34,0.00,0.00,0.00,0.00,0.00,0.00,0.00,0.00,0.00,0.00,0.00,0.00,0.00,0.00,0.00,0
2.71222,-40,-101,344,0,DRIVE [ 61 ] [ 1 ] [ 1904 1750 1162 ] [    0    0    0 ] [      0      0      0 ] [ 0 ],drive [ 61 ] [ 0 ] [ 1904 1748 1155 ] [   -1   17   70 ] [  11264  10317  11253 ] [ 0 ],1.00,1.00,1.00,1.40,-39.91,-101.13,0.00,0.00,0.00,0.00,0.00,0.00,0.00,0.00,0.00,0.00,0.00,0.00,0.00,0.00,0.00,0
2.7244,-39,-100,343,0,DRIVE [ 62 ] [ 1 ] [ 1904 1753 1169 ] [    0    0    0 ] [      0      0      0 ] [ 0 ],drive [ 61 ] [ 0 ] [ 1904 1750 1162 ] [   -1   17   70 ] [  11264  10317  11253 ] [ 0 ],1.00,1.00,1.00,1.40,-39.09,-99.91,0.00,0.00,0.00,0.00,0.00,0.00,0.00,0.00,0.00,0.00,0.00,0.00,0.00,0.00,0.00,0
2.7375,-38,-99,343,0,DRIVE [ 62 ] [ 1 ] [ 1904 1756 1175 ] [    0    0    0 ] [      0      0      0 ] [ 0 ],drive [ 62 ] [ 0 ] [ 1904 1753 1169 ] [   -1   17   70 ] [  11226  10318  11253 ] [ 0 ],1.00,1.00,1.00,1.40,-38.29,-98.84,0.00,0.00,0.00,0.00,0.00,0.00,0.00,0.00,0.00,0.00,0.00,0.00,0.00,0.00,0.00,0
2.75041,-38,-98,343,0,DRIVE [ 63 ] [ 1 ] [ 1904 1759 1182 ] [    0    0    0 ] [      0      0      0 ] [ 0 ],drive [ 62 ] [ 0 ] [ 1904 1756 1175 ] [    2   16   67 ] [  11226  10318  11253 ] [ 0 ],1.00,1.00,1.00,1.40,-37.55,-97.80,0.00,0.00,0.00,0.00,0.00,0.00,0.00,0.00,0.00,0.00,0.00,0.00,0.00,0.00,0.00,0
2.76334,-37,-97,344,0,DRIVE [ 63 ] [ 1 ] [ 1904 1762 1189 ] [    0    0    0 ] [      0      0      0 ] [ 0 ],drive [ 63 ] [ 0 ] [ 1904 1759 1182 ] [    2   16   67 ] [  11226  10318  11253 ] [ 0 ],1.00,1.00,1.00,1.40,-36.94,-96.97,0.00,0.00,0.00,0.00,0.00,0.00,0.00,0.00,0.00,0.00,0.00,0.00,0.00,0.00,0.00,0
2.77883,-36,-96,343,0,DRIVE [ 64 ] [ 1 ] [ 1904 1764 1195 ] [    0    0    0 ] [      0      0      0 ] [ 0 ],drive [ 63 ] [ 0 ] [ 1904 1762 1189 ] [    2   16   67 ] [  11226  10318  11253 ] [ 0 ],1.00,1.00,1.00,1.40,-36.30,-95.74,0.00,0.00,0.00,0.00,0.00,0.00,0.00,0.00,0.00,0.00,0.00,0.00,0.00,0.00,0.00,0
2.7918,-36,-95,343,0,DRIVE [ 64 ] [ 1 ] [ 1904 1766 1204 ] [    0    0    0 ] [      0      0      0 ] [ 0 ],drive [ 64 ] [ 0 ] [ 1904 1764 1195 ] [    2   16   67 ] [  11184  10315  11253 ] [ 0 ],1.00,1.00,1.00,1.40,-35.66,-94.69,0.00,0.00,0.00,0.00,0.00,0.00,0.00,0.00,0.00,0.00,0.00,0.00,0.00,0.00,0.00,0
2.80492,-35,-94,344,0,DRIVE [ 65 ] [ 1 ] [ 1904 1768 1212 ] [    0    0    0 ] [      0      0      0 ] [ 0 ],drive [ 64 ] [ 0 ] [ 1904 1766 1204 ] [   20   17   66 ] [  11184  10315  11253 ] [ 0 ],1.00,1.00,1.00,1.40,-35.21,-93.77,0.00,0.00,0.00,0.00,0.00,0.00,0.00,0.00,0.00,0.00,0.00,0.00,0.00,0.00,0.00,0
2.81789,-35,-92,343,0,DRIVE [ 65 ] [ 1 ] [ 1904 1770 1219 ] [    0    0    0 ] [      0      0      0 ] [ 0 ],drive [ 65 ] [ 0 ] [ 1904 1768 1212 ] [   20   17   66 ] [  11184  10315  11253 ] [ 0 ],1.00,1.00,1.00,1.40,-34.63,-92.47,0.00,0.00,0.00,0.00,0.00,0.00,0.00,0.00,0.00,0.00,0.00,0.00,0.00,0.00,0.00,0
2.8308,-34,-92,344,0,DRIVE [ 66 ] [ 1 ] [ 1904 1772 1226 ] [    0    0    0 ] [      0      0      0 ] [ 0 ],drive [ 65 ] [ 0 ] [ 1904 1770 1219 ] [   20   17   66 ] [  11089  10315  11252 ] [ 0 ],1.00,1.00,1.00,1.40,-34.16,-91.55,0.00,0.00,0.00,0.00,0.00,0.00,0.00,0.00,0.00,0.00,0.00,0.00,0.00,0.00,0.00,0
2.84358,-34,-90,343,0,DRIVE [ 66 ] [ 1 ] [ 1904 1774 1232 ] [    0    0    0 ] [      0      0      0 ] [ 0 ],drive [ 66 ] [ 0 ] [ 1904 1772 1226 ] [   20   17   66 ] [  11089  10315  11252 ] [ 0 ],1.00,1.00,1.00,1.40,-33.55,-90.37,0.00,0.00,0.00,0.00,0.00,0.00,0.00,0.00,0.00,0.00,0.00,0.00,0.00,0.00,0.00,0
2.85571,-33,-89,343,0,DRIVE [ 67 ] [ 1 ] [ 1904 1776 1239 ] [    0    0    0 ] [      0      0      0 ] [ 0 ],drive [ 66 ] [ 0 ] [ 1904 1774 1232 ] [   19   16   62 ] [  11089  10315  11252 ] [ 0 ],1.00,1.00,1.00,1.40,-33.14,-89.43,0.00,0.00,0.00,0.00,0.00,0.00,0.00,0.00,0.00,0.00,0.00,0.00,0.00,0.00,0.00,0
2.86851,-33,-88,342,0,DRIVE [ 67 ] [ 1 ] [ 1904 1777 1246 ] [    0    0    0 ] [      0      0      0 ] [ 0 ],drive [ 67 ] [ 0 ] [ 1904 1776 1239 ] [   19   16   62 ] [  11089  10315  11252 ] [ 0 ],1.00,1.00,1.00,1.40,-32.79,-88.32,0.00,0.00,0.00,0.00,0.00,0.00,0.00,0.00,0.00,0.00,0.00,0.00,0.00,0.00,0.00,0
2.88137,-33,-88,343,0,DRIVE [ 68 ] [ 1 ] [ 1904 1778 1251 ] [    0    0    0 ] [      0      0      0 ] [ 0 ],drive [ 67 ] [ 0 ] [ 1904 1777 1246 ] [   19   16   62 ] [  11073  10314  11252 ] [ 0 ],1.00,1.00,1.00,1.40,-32.62,-87.71,0.00,0.00,0.00,0.00,0.00,0.00,0.00,0.00,0.00,0.00,0.00,0.00,0.00,0.00,0.00,0
2.89528,-32,-87,342,0,DRIVE [ 68 ] [ 1 ] [ 1904 1778 1256 ] [    0    0    0 ] [      0      0      0 ] [ 0 ],drive [ 68 ] [ 0 ] [ 1904 1778 1251 ] [   19   16   62 ] [  11073  10314  11252 ] [ 0 ],1.00,1.00,1.00,1.40,-32.31,-86.76,0.00,0.00,0.00,0.00,0.00,0.00,0.00,0.00,0.00,0.00,0.00,0.00,0.00,0.00,0.00,0
2.90752,-32,-86,342,0,DRIVE [ 69 ] [ 1 ] [ 1904 1778 1261 ] [    0    0    0 ] [      0      0      0 ] [ 0 ],drive [ 68 ] [ 0 ] [ 1904 1778 1256 ] [   20   17   60 ] [  11073  10314  11252 ] [ 0 ],1.00,1.00,1.00,1.40,-32.28,-86.25,0.00,0.00,0.00,0.00,0.00,0.00,0.00,0.00,0.00,0.00,0.00,0.00,0.00,0.00,0.00,0
2.92053,-32,-86,342,0,DRIVE [ 69 ] [ 1 ] [ 1904 1778 1265 ] [    0    0    0 ] [      0      0      0 ] [ 0 ],drive [ 69 ] [ 0 ] [ 1904 1778 1261 ] [   20   17   60 ] [  11073  10314  11252 ] [ 0 ],1.00,1.00,1.00,1.40,-32.37,-85.66,0.00,0.00,0.00,0.00,0.00,0.00,0.00,0.00,0.00,0.00,0.00,0.00,0.00,0.00,0.00,0
2.93329,-32,-85,342,0,DRIVE [ 70 ] [ 1 ] [ 1904 1778 1270 ] [    0    0    0 ] [      0      0      0 ] [ 0 ],drive [ 69 ] [ 0 ] [ 1904 1778 1265 ] [   20   17   60 ] [  11072  10288  11251 ] [ 0 ],1.00,1.00,1.00,1.40,-32.46,-85.07,0.00,0.00,0.00,0.00,0.00,0.00,0.00,0.00,0.00,0.00,0.00,0.00,0.00,0.00,0.00,0
2.94598,-33,-84,340,0,DRIVE [ 70 ] [ 1 ] [ 1904 1777 1273 ] [    0    0    0 ] [      0      0      0 ] [ 0 ],drive [ 70 ] [ 0 ] [ 1904 1778 1270 ] [   21   27   59 ] [  11072  10288  11251 ] [ 0 ],1.00,1.00,1.00,1.40,-32.50,-84.23,0.00,0.00,0.00,0.00,0.00,0.00,0.00,0.00,0.00,0.00,0.00,0.00,0.00,0.00,0.00,0
2.95857,-33,-84,342,0,DRIVE [ 71 ] [ 1 ] [ 1904 1775 1280 ] [    0    0    0 ] [      0      0      0 ] [ 0 ],drive [ 70 ] [ 0 ] [ 1904 1777 1273 ] [   21   27   59 ] [  11072  10288  11251 ] [ 0 ],1.00,1.00,1.00,1.40,-32.95,-83.84,0.00,0.00,0.00,0.00,0.00,0.00,0.00,0.00,0.00,0.00,0.00,0.00,0.00,0.00,0.00,0
2.97165,-33,-83,342,0,DRIVE [ 71 ] [ 1 ] [ 1904 1774 1285 ] [    0    0    0 ] [      0      0      0 ] [ 0 ],drive [ 71 ] [ 0 ] [ 1904 1775 1280 ] [   21   27   59 ] [  11072  10288  11251 ] [ 0 ],1.00,1.00,1.00,1.40,-33.16,-83.11,0.00,0.00,0.00,0.00,0.00,0.00,0.00,0.00,0.00,0.00,0.00,0.00,0.00,0.00,0.00,0
2.98465,-33,-82,342,0,DRIVE [ 72 ] [ 1 ] [ 1904 1773 1290 ] [    0    0    0 ] [      0      0      0 ] [ 0 ],drive [ 71 ] [ 0 ] [ 1904 1774 1285 ] [   21   27   59 ] [  11060  10288  11251 ] [ 0 ],1.00,1.00,1.00,1.40,-33.40,-82.50,0.00,0.00,0.00,0.00,0.00,0.00,0.00,0.00,0.00,0.00,0.00,0.00,0.00,0.00,0.00,0
2.99759,-34,-82,343,0,DRIVE [ 72 ] [ 1 ] [ 1904 1773 1295 ] [    0    0    0 ] [      0      0      0 ] [ 0 ],drive [ 72 ] [ 0 ] [ 1904 1773 1290 ] [    9   26   56 ] [  11060  10288  11251 ] [ 0 ],1.00,1.00,1.00,1.40,-33.69,-82.13,0.00,0.00,0.00,0.00,0.00,0.00,0.00,0.00,0.00,0.00,0.00,0.00,0.00,0.00,0.00,0
3.00986,-34,-82,343,0,DRIVE [ 73 ] [ 1 ] [ 1904 1772 1299 ] [    0    0    0 ] [      0      0      0 ] [ 0 ],drive [ 72 ] [ 0 ] [ 1904 1773 1295 ] [    9   26   56 ] [  11060  10288  11251 ] [ 0 ],1.00,1.00,1.00,1.40,-33.75,-81.69,0.00,0.00,0.00,0.00,0.00,0.00,0.00,0.00,0.00,0.00,0.00,0.00,0.00,0.00,0.00,0
3.02274,-34,-81,342,0,DRIVE [ 73 ] [ 1 ] [ 1904 1772 1302 ] [    0    0    0 ] [      0      0      0 ] [ 0 ],drive [ 73 ] [ 0 ] [ 1904 1772 1299 ] [    9   26   56 ] [  11060  10288  11251 ] [ 0 ],1.00,1.00,1.00,1.40,-33.64,-81.03,0.00,0.00,0.00,0.00,0.00,0.00,0.00,0.00,0.00,0.00,0.00,0.00,0.00,0.00,0.00,0
3.03714,-33,-80,342,0,DRIVE [ 74 ] [ 1 ] [ 1904 1773 1306 ] [    0    0    0 ] [      0      0      0 ] [ 0 ],drive [ 73 ] [ 0 ] [ 1904 1772 1302 ] [    9   26   56 ] [  10981  10289  11250 ] [ 0 ],1.00,1.00,1.00,1.40,-33.44,-80.43,0.00,0.00,0.00,0.00,0.00,0.00,0.00,0.00,0.00,0.00,0.00,0.00,0.00,0.00,0.00,0
3.04984,-33,-80,342,0,DRIVE [ 74 ] [ 1 ] [ 1904 1774 1310 ] [    0    0    0 ] [      0      0      0 ] [ 0 ],drive [ 74 ] [ 0 ] [ 1904 1773 1306 ] [   29   27   54 ] [  10981  10289  11250 ] [ 0 ],1.00,1.00,1.00,1.40,-33.15,-79.88,0.00,0.00,0.00,0.00,0.00,0.00,0.00,0.00,0.00,0.00,0.00,0.00,0.00,0.00,0.00,0
3.06233,-33,-79,341,0,DRIVE [ 75 ] [ 1 ] [ 1904 1775 1312 ] [    0    0    0 ] [      0      0      0 ] [ 0 ],drive [ 74 ] [ 0 ] [ 1904 1774 1310 ] [   29   27   54 ] [  10981  10289  11250 ] [ 0 ],1.00,1.00,1.00,1.40,-32.78,-79.26,0.00,0.00,0.00,0.00,0.00,0.00,0.00,0.00,0.00,0.00,0.00,0.00,0.00,0.00,0.00,0
3.07467,-33,-79,341,0,DRIVE [ 75 ] [ 1 ] [ 1904 1776 1314 ] [    0    0    0 ] [      0      0      0 ] [ 0 ],drive [ 75 ] [ 0 ] [ 1904 1775 1312 ] [   29   27   54 ] [  10981  10289  11250 ] [ 0 ],1.00,1.00,1.00,1.40,-32.58,-79.02,0.00,0.00,0.00,0.00,0.00,0.00,0.00,0.00,0.00,0.00,0.00,0.00,0.00,0.00,0.00,0
3.08993,-32,-79,341,0,DRIVE [ 76 ] [ 1 ] [ 1904 1777 1315 ] [    0    0    0 ] [      0      0      0 ] [ 0 ],drive [ 75 ] [ 0 ] [ 1904 1776 1314 ] [   29   27   54 ] [  10926  10290  11250 ] [ 0 ],1.00,1.00,1.00,1.40,-32.35,-78.95,0.00,0.00,0.00,0.00,0.00,0.00,0.00,0.00,0.00,0.00,0.00,0.00,0.00,0.00,0.00,0
3.10465,-32,-79,342,0,DRIVE [ 76 ] [ 1 ] [ 1904 1778 1316 ] [    0    0    0 ] [      0      0      0 ] [ 0 ],drive [ 76 ] [ 0 ] [ 1904 1777 1315 ] [   26   27   53 ] [  10926  10290  11250 ] [ 0 ],1.00,1.00,1.00,1.40,-32.12,-79.04,0.00,0.00,0.00,0.00,0.00,0.00,0.00,0.00,0.00,0.00,0.00,0.00,0.00,0.00,0.00,0
3.11752,-32,-79,343,0,DRIVE [ 77 ] [ 1 ] [ 1904 1779 1316 ] [    0    0    0 ] [      0      0      0 ] [ 0 ],drive [ 76 ] [ 0 ] [ 1904 1778 1316 ] [   26   27   53 ] [  10926  10290  11250 ] [ 0 ],1.00,1.00,1.00,1.40,-31.94,-79.12,0.00,0.00,0.00,0.00,0.00,0.00,0.00,0.00,0.00,0.00,0.00,0.00,0.00,0.00,0.00,0
3.13041,-32,-79,343,0,DRIVE [ 77 ] [ 1 ] [ 1904 1780 1316 ] [    0    0    0 ] [      0      0      0 ] [ 0 ],drive [ 77 ] [ 0 ] [ 1904 1779 1316 ] [   26   27   53 ] [  10926  10290  11250 ] [ 0 ],1.00,1.00,1.00,1.40,-31.75,-79.18,0.00,0.00,0.00,0.00,0.00,0.00,0.00,0.00,0.00,0.00,0.00,0.00,0.00,0.00,0.00,0
3.14275,-31,-79,343,0,DRIVE [ 78 ] [ 1 ] [ 1904 1781 1315 ] [    0    0    0 ] [      0      0      0 ] [ 0 ],drive [ 77 ] [ 0 ] [ 1904 1780 1316 ] [   26   27   53 ] [  10926  10290  11250 ] [ 0 ],1.00,1.00,1.00,1.40,-31.48,-79.25,0.00,0.00,0.00,0.00,0.00,0.00,0.00,0.00,0.00,0.00,0.00,0.00,0.00,0.00,0.00,0
3.15558,-31,-79,343,0,DRIVE [ 78 ] [ 1 ] [ 1904 1782 1313 ] [    0    0    0 ] [      0      0      0 ] [ 0 ],drive [ 78 ] [ 0 ] [ 1904 1781 1315 ] [   26   26   53 ] [  10926  10290  11250 ] [ 0 ],1.00,1.00,1.00,1.40,-31.22,-79.35,0.00,0.00,0.00,0.00,0.00,0.00,0.00,0.00,0.00,0.00,0.00,0.00,0.00,0.00,0.00,0
3.16827,-31,-79,342,0,DRIVE [ 79 ] [ 1 ] [ 1904 1783 1312 ] [    0    0    0 ] [      0      0      0 ] [ 0 ],drive [ 78 ] [ 0 ] [ 1904 1782 1313 ] [   26   26   53 ] [  10926  10290  11250 ] [ 0 ],1.00,1.00,1.00,1.40,-30.92,-79.34,0.00,0.00,0.00,0.00,0.00,0.00,0.00,0.00,0.00,0.00,0.00,0.00,0.00,0.00,0.00,0
3.18101,-31,-80,343,0,DRIVE [ 79 ] [ 1 ] [ 1904 1784 1311 ] [    0    0    0 ] [      0      0      0 ] [ 0 ],drive [ 79 ] [ 0 ] [ 1904 1783 1312 ] [   26   26   53 ] [  10921  10289  11250 ] [ 0 ],1.00,1.00,1.00,1.40,-30.71,-79.62,0.00,0.00,0.00,0.00,0.00,0.00,0.00,0.00,0.00,0.00,0.00,0.00,0.00,0.00,0.00,0
3.1936,-30,-80,342,0,DRIVE [ 80 ] [ 1 ] [ 1904 1785 1309 ] [    0    0    0 ] [      0      0      0 ] [ 0 ],drive [ 79 ] [ 0 ] [ 1904 1784 1311 ] [   26   26   53 ] [  10921  10289  11250 ] [ 0 ],1.00,1.00,1.00,1.40,-30.48,-79.70,0.00,0.00,0.00,0.00,0.00,0.00,0.00,0.00,0.00,0.00,0.00,0.00,0.00,0.00,0.00,0
3.20598,-30,-80,342,0,DRIVE [ 80 ] [ 1 ] [ 1904 1786 1307 ] [    0    0    0 ] [      0      0      0 ] [ 0 ],drive [ 80 ] [ 0 ] [ 1904 1785 1309 ] [   21   25   54 ] [  10921  10289  11250 ] [ 0 ],1.00,1.00,1.00,1.40,-30.35,-79.97,0.00,0.00,0.00,0.00,0.00,0.00,0.00,0.00,0.00,0.00,0.00,0.00,0.00,0.00,0.00,0
3.21863,-30,-80,342,0,DRIVE [ 81 ] [ 1 ] [ 1904 1786 1305 ] [    0    0    0 ] [      0      0      0 ] [ 0 ],drive [ 80 ] [ 0 ] [ 1904 1786 1307 ] [   21   25   54 ] [  10921  10289  11250 ] [ 0 ],1.00,1.00,1.00,1.40,-30.16,-80.08,0.00,0.00,0.00,0.00,0.00,0.00,0.00,0.00,0.00,0.00,0.00,0.00,0.00,0.00,0.00,0
3.23139,-30,-80,342,0,DRIVE [ 81 ] [ 1 ] [ 1904 1787 1304 ] [    0    0    0 ] [      0      0      0 ] [ 0 ],drive [ 81 ] [ 0 ] [ 1904 1786 1305 ] [   21   25   54 ] [  10905  10289  11250 ] [ 0 ],1.00,1.00,1.00,1.40,-30.07,-80.20,0.00,0.00,0.00,0.00,0.00,0.00,0.00,0.00,0.00,0.00,0.00,0.00,0.00,0.00,0.00,0
3.24393,-30,-80,342,0,DRIVE [ 82 ] [ 1 ] [ 1904 1787 1303 ] [    0    0    0 ] [      0      0      0 ] [ 0 ],drive [ 81 ] [ 0 ] [ 1904 1787 1304 ] [   21   25   54 ] [  10905  10289  11250 ] [ 0 ],1.00,1.00,1.00,1.40,-29.96,-80.28,0.00,0.00,0.00,0.00,0.00,0.00,0.00,0.00,0.00,0.00,0.00,0.00,0.00,0.00,0.00,0
3.25654,-30,-80,341,0,DRIVE [ 82 ] [ 1 ] [ 1904 1788 1302 ] [    0    0    0 ] [      0      0      0 ] [ 0 ],drive [ 82 ] [ 0 ] [ 1904 1787 1303 ] [   10   25   54 ] [  10905  10289  11250 ] [ 0 ],1.00,1.00,1.00,1.40,-29.77,-80.31,0.00,0.00,0.00,0.00,0.00,0.00,0.00,0.00,0.00,0.00,0.00,0.00,0.00,0.00,0.00,0
3.26944,-30,-80,341,0,DRIVE [ 83 ] [ 1 ] [ 1904 1788 1301 ] [    0    0    0 ] [      0      0      0 ] [ 0 ],drive [ 82 ] [ 0 ] [ 1904 1788 1302 ] [   10   25   54 ] [  10905  10289  11250 ] [ 0 ],1.00,1.00,1.00,1.40,-29.60,-80.30,0.00,0.00,0.00,0.00,0.00,0.00,0.00,0.00,0.00,0.00,0.00,0.00,0.00,0.00,0.00,0
3.28222,-29,-80,341,0,DRIVE [ 83 ] [ 1 ] [ 1904 1789 1301 ] [    0    0    0 ] [      0      0      0 ] [ 0 ],drive [ 83 ] [ 0 ] [ 1904 1788 1301 ] [   10   25   54 ] [  10905  10289  11250 ] [ 0 ],1.00,1.00,1.00,1.40,-29.45,-80.29,0.00,0.00,0.00,0.00,0.00,0.00,0.00,0.00,0.00,0.00,0.00,0.00,0.00,0.00,0.00,0
3.29523,-29,-80,341,0,DRIVE [ 84 ] [ 1 ] [ 1904 1790 1300 ] [    0    0    0 ] [      0      0      0 ] [ 0 ],drive [ 83 ] [ 0 ] [ 1904 1789 1301 ] [    9   26   55 ] [  10905  10289  11250 ] [ 0 ],1.00,1.00,1.00,1.40,-29.09,-80.24,0.00,0.00,0.00,0.00,0.00,0.00,0.00,0.00,0.00,0.00,0.00,0.00,0.00,0.00,0.00,0
3.30761,-29,-80,340,0,DRIVE [ 84 ] [ 1 ] [ 1904 1791 1299 ] [    0    0    0 ] [      0      0      0 ] [ 0 ],drive [ 84 ] [ 0 ] [ 1904 1790 1300 ] [    9   26   55 ] [  10905  10289  11250 ] [ 0 ],1.00,1.00,1.00,1.40,-28.80,-80.19,0.00,0.00,0.00,0.00,0.00,0.00,0.00,0.00,0.00,0.00,0.00,0.00,0.00,0.00,0.00,0
3.32062,-28,-80,339,0,DRIVE [ 85 ] [ 1 ] [ 1904 1792 1299 ] [    0    0    0 ] [      0      0      0 ] [ 0 ],drive [ 84 ] [ 0 ] [ 1904 1791 1299 ] [    9   26   55 ] [  10905  10289  11250 ] [ 0 ],1.00,1.00,1.00,1.40,-28.47,-80.03,0.00,0.00,0.00,0.00,0.00,0.00,0.00,0.00,0.00,0.00,0.00,0.00,0.00,0.00,0.00,0
3.33566,-28,-80,340,0,DRIVE [ 85 ] [ 1 ] [ 1904 1793 1298 ] [    0    0    0 ] [      0      0      0 ] [ 0 ],drive [ 85 ] [ 0 ] [ 1904 1792 1299 ] [    9   26   55 ] [  10905  10288  11250 ] [ 0 ],1.00,1.00,1.00,1.40,-28.32,-80.24,0.00,0.00,0.00,0.00,0.00,0.00,0.00,0.00,0.00,0.00,0.00,0.00,0.00,0.00,0.00,0
3.34876,-28,-81,341,0,DRIVE [ 86 ] [ 1 ] [ 1904 1794 1297 ] [    0    0    0 ] [      0      0      0 ] [ 0 ],drive [ 85 ] [ 0 ] [ 1904 1793 1298 ] [   10   26   55 ] [  10905  10288  11250 ] [ 0 ],1.00,1.00,1.00,1.40,-28.23,-80.64,0.00,0.00,0.00,0.00,0.00,0.00,0.00,0.00,0.00,0.00,0.00,0.00,0.00,0.00,0.00,0
3.36166,-28,-81,342,0,DRIVE [ 86 ] [ 1 ] [ 1904 1795 1297 ] [    0    0    0 ] [      0      0      0 ] [ 0 ],drive [ 86 ] [ 0 ] [ 1904 1794 1297 ] [   10   26   55 ] [  10905  10288  11250 ] [ 0 ],1.00,1.00,1.00,1.40,-28.14,-80.85,0.00,0.00,0.00,0.00,0.00,0.00,0.00,0.00,0.00,0.00,0.00,0.00,0.00,0.00,0.00,0
3.37394,-28,-81,342,0,DRIVE [ 87 ] [ 1 ] [ 1904 1795 1296 ] [    0    0    0 ] [      0      0      0 ] [ 0 ],drive [ 86 ] [ 0 ] [ 1904 1795 1297 ] [   10   26   55 ] [  10905  10288  11250 ] [ 0 ],1.00,1.00,1.00,1.40,-28.03,-80.92,0.00,0.00,0.00,0.00,0.00,0.00,0.00,0.00,0.00,0.00,0.00,0.00,0.00,0.00,0.00,0
3.38688,-28,-81,340,0,DRIVE [ 87 ] [ 1 ] [ 1904 1796 1294 ] [    0    0    0 ] [      0      0      0 ] [ 0 ],drive [ 87 ] [ 0 ] [ 1904 1795 1296 ] [   10   26   55 ] [  10905  10288  11250 ] [ 0 ],1.00,1.00,1.00,1.40,-27.77,-80.76,0.00,0.00,0.00,0.00,0.00,0.00,0.00,0.00,0.00,0.00,0.00,0.00,0.00,0.00,0.00,0
3.40129,-28,-81,340,0,DRIVE [ 88 ] [ 1 ] [ 1904 1796 1292 ] [    0    0    0 ] [      0      0      0 ] [ 0 ],drive [ 87 ] [ 0 ] [ 1904 1796 1294 ] [   10   26   56 ] [  10905  10288  11250 ] [ 0 ],1.00,1.00,1.00,1.40,-27.60,-80.87,0.00,0.00,0.00,0.00,0.00,0.00,0.00,0.00,0.00,0.00,0.00,0.00,0.00,0.00,0.00,0
3.41597,-27,-81,339,0,DRIVE [ 88 ] [ 1 ] [ 1904 1797 1291 ] [    0    0    0 ] [      0      0      0 ] [ 0 ],drive [ 88 ] [ 0 ] [ 1904 1796 1292 ] [   10   26   56 ] [  10905  10288  11250 ] [ 0 ],1.00,1.00,1.00,1.40,-27.36,-80.91,0.00,0.00,0.00,0.00,0.00,0.00,0.00,0.00,0.00,0.00,0.00,0.00,0.00,0.00,0.00,0
3.43158,-27,-81,340,0,DRIVE [ 89 ] [ 1 ] [ 1904 1798 1289 ] [    0    0    0 ] [      0      0      0 ] [ 0 ],drive [ 88 ] [ 0 ] [ 1904 1797 1291 ] [   10   26   56 ] [  10905  10288  11250 ] [ 0 ],1.00,1.00,1.00,1.40,-27.19,-81.16,0.00,0.00,0.00,0.00,0.00,0.00,0.00,0.00,0.00,0.00,0.00,0.00,0.00,0.00,0.00,0
3.44734,-27,-81,339,0,DRIVE [ 89 ] [ 1 ] [ 1904 1798 1287 ] [    0    0    0 ] [      0      0      0 ] [ 0 ],drive [ 89 ] [ 0 ] [ 1904 1798 1289 ] [   10   26   56 ] [  10905  10287  11250 ] [ 0 ],1.00,1.00,1.00,1.40,-27.06,-81.23,0.00,0.00,0.00,0.00,0.00,0.00,0.00,0.00,0.00,0.00,0.00,0.00,0.00,0.00,0.00,0
3.46035,-27,-81,340,0,DRIVE [ 90 ] [ 1 ] [ 1904 1799 1286 ] [    0    0    0 ] [      0      0      0 ] [ 0 ],drive [ 89 ] [ 0 ] [ 1904 1798 1287 ] [    9   26   56 ] [  10905  10287  11250 ] [ 0 ],1.00,1.00,1.00,1.40,-26.95,-81.41,0.00,0.00,0.00,0.00,0.00,0.00,0.00,0.00,0.00,0.00,0.00,0.00,0.00,0.00,0.00,0
3.47306,-27,-81,339,0,DRIVE [ 90 ] [ 1 ] [ 1904 1799 1286 ] [    0    0    0 ] [      0      0      0 ] [ 0 ],drive [ 90 ] [ 0 ] [ 1904 1799 1286 ] [    9   26   56 ] [  10905  10287  11250 ] [ 0 ],1.00,1.00,1.00,1.40,-26.91,-81.40,0.00,0.00,0.00,0.00,0.00,0.00,0.00,0.00,0.00,0.00,0.00,0.00,0.00,0.00,0.00,0
3.4863,-27,-81,339,0,DRIVE [ 91 ] [ 1 ] [ 1904 1799 1285 ] [    0    0    0 ] [      0      0      0 ] [ 0 ],drive [ 90 ] [ 0 ] [ 1904 1799 1286 ] [    9   26   56 ] [  10904  10287  11250 ] [ 0 ],1.00,1.00,1.00,1.40,-26.85,-81.28,0.00,0.00,0.00,0.00,0.00,0.00,0.00,0.00,0.00,0.00,0.00,0.00,0.00,0.00,0.00,0
3.50111,-27,-82,340,0,DRIVE [ 91 ] [ 1 ] [ 1904 1799 1286 ] [    0    0    0 ] [      0      0      0 ] [ 0 ],drive [ 91 ] [ 0 ] [ 1904 1799 1285 ] [    9   26   56 ] [  10904  10287  11250 ] [ 0 ],1.00,1.00,1.00,1.40,-27.06,-81.65,0.00,0.00,0.00,0.00,0.00,0.00,0.00,0.00,0.00,0.00,0.00,0.00,0.00,0.00,0.00,0
3.51589,-27,-82,340,0,DRIVE [ 92 ] [ 1 ] [ 1904 1798 1285 ] [    0    0    0 ] [      0      0      0 ] [ 0 ],drive [ 91 ] [ 0 ] [ 1904 1799 1286 ] [    9   26   56 ] [  10904  10287  11250 ] [ 0 ],1.00,1.00,1.00,1.40,-27.11,-81.70,0.00,0.00,0.00,0.00,0.00,0.00,0.00,0.00,0.00,0.00,0.00,0.00,0.00,0.00,0.00,0
3.52872,-27,-82,341,0,DRIVE [ 92 ] [ 1 ] [ 1904 1798 1285 ] [    0    0    0 ] [      0      0      0 ] [ 0 ],drive [ 92 ] [ 0 ] [ 1904 1798 1285 ] [    9   26   56 ] [  10904  10287  11250 ] [ 0 ],1.00,1.00,1.00,1.40,-27.28,-81.91,0.00,0.00,0.00,0.00,0.00,0.00,0.00,0.00,0.00,0.00,0.00,0.00,0.00,0.00,0.00,0
3.54142,-27,-82,341,0,DRIVE [ 93 ] [ 1 ] [ 1904 1798 1284 ] [    0    0    0 ] [      0      0      0 ] [ 0 ],drive [ 92 ] [ 0 ] [ 1904 1798 1285 ] [    9   26   56 ] [  10904  10286  11250 ] [ 0 ],1.00,1.00,1.00,1.40,-27.38,-82.15,0.00,0.00,0.00,0.00,0.00,0.00,0.00,0.00,0.00,0.00,0.00,0.00,0.00,0.00,0.00,0
3.55449,-27,-82,341,0,DRIVE [ 93 ] [ 1 ] [ 1904 1797 1283 ] [    0    0    0 ] [      0      0      0 ] [ 0 ],drive [ 93 ] [ 0 ] [ 1904 1798 1284 ] [   10   28   57 ] [  10904  10286  11250 ] [ 0 ],1.00,1.00,1.00,1.40,-27.46,-82.30,0.00,0.00,0.00,0.00,0.00,0.00,0.00,0.00,0.00,0.00,0.00,0.00,0.00,0.00,0.00,0
3.56739,-28,-83,341,0,DRIVE [ 94 ] [ 1 ] [ 1904 1797 1282 ] [    0    0    0 ] [      0      0      0 ] [ 0 ],drive [ 93 ] [ 0 ] [ 1904 1797 1283 ] [   10   28   57 ] [  10904  10286  11250 ] [ 0 ],1.00,1.00,1.00,1.40,-27.63,-82.51,0.00,0.00,0.00,0.00,0.00,0.00,0.00,0.00,0.00,0.00,0.00,0.00,0.00,0.00,0.00,0
3.58025,-28,-83,342,0,DRIVE [ 94 ] [ 1 ] [ 1904 1796 1280 ] [    0    0    0 ] [      0      0      0 ] [ 0 ],drive [ 94 ] [ 0 ] [ 1904 1797 1282 ] [   10   28   57 ] [  10896  10284  11250 ] [ 0 ],1.00,1.00,1.00,1.40,-27.85,-82.89,0.00,0.00,0.00,0.00,0.00,0.00,0.00,0.00,0.00,0.00,0.00,0.00,0.00,0.00,0.00,0
3.59318,-28,-83,342,0,DRIVE [ 95 ] [ 1 ] [ 1904 1796 1279 ] [    0    0    0 ] [      0      0      0 ] [ 0 ],drive [ 94 ] [ 0 ] [ 1904 1796 1280 ] [   10   28   57 ] [  10896  10284  11250 ] [ 0 ],1.00,1.00,1.00,1.40,-27.93,-83.04,0.00,0.00,0.00,0.00,0.00,0.00,0.00,0.00,0.00,0.00,0.00,0.00,0.00,0.00,0.00,0
3.60562,-28,-83,343,0,DRIVE [ 95 ] [ 1 ] [ 1904 1795 1278 ] [    0    0    0 ] [      0      0      0 ] [ 0 ],drive [ 95 ] [ 0 ] [ 1904 1796 1279 ] [    2   27   57 ] [  10896  10284  11250 ] [ 0 ],1.00,1.00,1.00,1.40,-28.06,-83.43,0.00,0.00,0.00,0.00,0.00,0.00,0.00,0.00,0.00,0.00,0.00,0.00,0.00,0.00,0.00,0
3.61887,-28,-84,343,0,DRIVE [ 96 ] [ 1 ] [ 1904 1795 1277 ] [    0    0    0 ] [      0      0      0 ] [ 0 ],drive [ 95 ] [ 0 ] [ 1904 1795 1278 ] [    2   27   57 ] [  10896  10284  11250 ] [ 0 ],1.00,1.00,1.00,1.40,-28.17,-83.71,0.00,0.00,0.00,0.00,0.00,0.00,0.00,0.00,0.00,0.00,0.00,0.00,0.00,0.00,0.00,0
3.63159,-28,-84,343,0,DRIVE [ 96 ] [ 1 ] [ 1904 1795 1276 ] [    0    0    0 ] [      0      0      0 ] [ 0 ],drive [ 96 ] [ 0 ] [ 1904 1795 1277 ] [    2   27   57 ] [  10879  10285  11250 ] [ 0 ],1.00,1.00,1.00,1.40,-28.19,-83.77,0.00,0.00,0.00,0.00,0.00,0.00,0.00,0.00,0.00,0.00,0.00,0.00,0.00,0.00,0.00,0
3.64428,-28,-84,343,0,DRIVE [ 97 ] [ 1 ] [ 1904 1795 1275 ] [    0    0    0 ] [      0      0      0 ] [ 0 ],drive [ 96 ] [ 0 ] [ 1904 1795 1276 ] [    2   27   57 ] [  10879  10285  11250 ] [ 0 ],1.00,1.00,1.00,1.40,-28.06,-83.78,0.00,0.00,0.00,0.00,0.00,0.00,0.00,0.00,0.00,0.00,0.00,0.00,0.00,0.00,0.00,0
3.65665,-28,-84,343,0,DRIVE [ 97 ] [ 1 ] [ 1904 1796 1273 ] [    0    0    0 ] [      0      0      0 ] [ 0 ],drive [ 97 ] [ 0 ] [ 1904 1795 1275 ] [    6   28   57 ] [  10879  10285  11250 ] [ 0 ],1.00,1.00,1.00,1.40,-27.94,-84.03,0.00,0.00,0.00,0.00,0.00,0.00,0.00,0.00,0.00,0.00,0.00,0.00,0.00,0.00,0.00,0
3.66948,-28,-84,343,0,DRIVE [ 98 ] [ 1 ] [ 1904 1796 1272 ] [    0    0    0 ] [      0      0      0 ] [ 0 ],drive [ 97 ] [ 0 ] [ 1904 1796 1273 ] [    6   28   57 ] [  10879  10285  11250 ] [ 0 ],1.00,1.00,1.00,1.40,-27.81,-84.09,0.00,0.00,0.00,0.00,0.00,0.00,0.00,0.00,0.00,0.00,0.00,0.00,0.00,0.00,0.00,0
3.68242,-28,-84,342,0,DRIVE [ 98 ] [ 1 ] [ 1904 1797 1270 ] [    0    0    0 ] [      0      0      0 ] [ 0 ],drive [ 98 ] [ 0 ] [ 1904 1796 1272 ] [    6   28   57 ] [  10873  10285  11250 ] [ 0 ],1.00,1.00,1.00,1.40,-27.53,-84.22,0.00,0.00,0.00,0.00,0.00,0.00,0.00,0.00,0.00,0.00,0.00,0.00,0.00,0.00,0.00,0
3.69525,-27,-84,342,0,DRIVE [ 99 ] [ 1 ] [ 1904 1798 1268 ] [    0    0    0 ] [      0      0      0 ] [ 0 ],drive [ 98 ] [ 0 ] [ 1904 1797 1270 ] [    6   27   57 ] [  10873  10285  11250 ] [ 0 ],1.00,1.00,1.00,1.40,-27.31,-84.27,0.00,0.00,0.00,0.00,0.00,0.00,0.00,0.00,0.00,0.00,0.00,0.00,0.00,0.00,0.00,0
3.70773,-27,-84,342,0,DRIVE [ 99 ] [ 1 ] [ 1904 1799 1267 ] [    0    0    0 ] [      0      0      0 ] [ 0 ],drive [ 99 ] [ 0 ] [ 1904 1798 1268 ] [    6   27   57 ] [  10873  10285  11250 ] [ 0 ],1.00,1.00,1.00,1.40,-27.19,-84.47,0.00,0.00,0.00,0.00,0.00,0.00,0.00,0.00,0.00,0.00,0.00,0.00,0.00,0.00,0.00,0
3.7207,-27,-85,343,0,DRIVE [ 00 ] [ 1 ] [ 1904 1799 1266 ] [    0    0    0 ] [      0      0      0 ] [ 0 ],drive [ 99 ] [ 0 ] [ 1904 1799 1267 ] [    6   27   57 ] [  10873  10285  11250 ] [ 0 ],1.00,1.00,1.00,1.40,-27.09,-84.75,0.00,0.00,0.00,0.00,0.00,0.00,0.00,0.00,0.00,0.00,0.00,0.00,0.00,0.00,0.00,0
3.73361,-27,-85,343,0,DRIVE [ 00 ] [ 1 ] [ 1904 1800 1266 ] [    0    0    0 ] [      0      0      0 ] [ 0 ],drive [ 00 ] [ 0 ] [ 1904 1799 1266 ] [    6   27   57 ] [  10867  10284  11251 ] [ 0 ],1.00,1.00,1.00,1.40,-26.93,-84.61,0.00,0.00,0.00,0.00,0.00,0.00,0.00,0.00,0.00,0.00,0.00,0.00,0.00,0.00,0.00,0
3.74639,-27,-85,343,0,DRIVE [ 01 ] [ 1 ] [ 1904 1801 1267 ] [    0    0    0 ] [      0      0      0 ] [ 0 ],drive [ 00 ] [ 0 ] [ 1904 1800 1266 ] [   11   28   58 ] [  10867  10284  11251 ] [ 0 ],1.00,1.00,1.00,1.40,-26.81,-84.67,0.00,0.00,0.00,0.00,0.00,0.00,0.00,0.00,0.00,0.00,0.00,0.00,0.00,0.00,0.00,0
3.75882,-27,-84,343,0,DRIVE [ 01 ] [ 1 ] [ 1904 1801 1267 ] [    0    0    0 ] [      0      0      0 ] [ 0 ],drive [ 01 ] [ 0 ] [ 1904 1801 1267 ] [   11   28   58 ] [  10867  10284  11251 ] [ 0 ],1.00,1.00,1.00,1.40,-26.61,-84.46,0.00,0.00,0.00,0.00,0.00,0.00,0.00,0.00,0.00,0.00,0.00,0.00,0.00,0.00,0.00,0
3.77174,-26,-84,343,0,DRIVE [ 02 ] [ 1 ] [ 1904 1802 1268 ] [    0    0    0 ] [      0      0      0 ] [ 0 ],drive [ 01 ] [ 0 ] [ 1904 1801 1267 ] [   11   28   58 ] [  10867  10284  11251 ] [ 0 ],1.00,1.00,1.00,1.40,-26.46,-84.44,0.00,0.00,0.00,0.00,0.00,0.00,0.00,0.00,0.00,0.00,0.00,0.00,0.00,0.00,0.00,0
3.78452,-26,-84,342,0,DRIVE [ 02 ] [ 1 ] [ 1904 1802 1269 ] [    0    0    0 ] [      0      0      0 ] [ 0 ],drive [ 02 ] [ 0 ] [ 1904 1802 1268 ] [   11   28   58 ] [  10860  10283  11251 ] [ 0 ],1.00,1.00,1.00,1.40,-26.29,-84.13,0.00,0.00,0.00,0.00,0.00,0.00,0.00,0.00,0.00,0.00,0.00,0.00,0.00,0.00,0.00,0
3.79751,-26,-84,342,0,DRIVE [ 03 ] [ 1 ] [ 1904 1803 1269 ] [    0    0    0 ] [      0      0      0 ] [ 0 ],drive [ 02 ] [ 0 ] [ 1904 1802 1269 ] [   12   28   58 ] [  10860  10283  11251 ] [ 0 ],1.00,1.00,1.00,1.40,-26.15,-84.00,0.00,0.00,0.00,0.00,0.00,0.00,0.00,0.00,0.00,0.00,0.00,0.00,0.00,0.00,0.00,0
3.81056,-26,-84,342,0,DRIVE [ 03 ] [ 1 ] [ 1904 1804 1270 ] [    0    0    0 ] [      0      0      0 ] [ 0 ],drive [ 03 ] [ 0 ] [ 1904 1803 1269 ] [   12   28   58 ] [  10860  10283  11251 ] [ 0 ],1.00,1.00,1.00,1.40,-26.00,-83.91,0.00,0.00,0.00,0.00,0.00,0.00,0.00,0.00,0.00,0.00,0.00,0.00,0.00,0.00,0.00,0
3.82292,-26,-84,342,0,DRIVE [ 04 ] [ 1 ] [ 1904 1804 1270 ] [    0    0    0 ] [      0      0      0 ] [ 0 ],drive [ 03 ] [ 0 ] [ 1904 1804 1270 ] [   12   28   58 ] [  10860  10283  11251 ] [ 0 ],1.00,1.00,1.00,1.40,-25.80,-83.76,0.00,0.00,0.00,0.00,0.00,0.00,0.00,0.00,0.00,0.00,0.00,0.00,0.00,0.00,0.00,0
3.83604,-26,-84,342,0,DRIVE [ 04 ] [ 1 ] [ 1904 1805 1270 ] [    0    0    0 ] [      0      0      0 ] [ 0 ],drive [ 04 ] [ 0 ] [ 1904 1804 1270 ] [   12   28   58 ] [  10851  10279  11251 ] [ 0 ],1.00,1.00,1.00,1.40,-25.56,-83.61,0.00,0.00,0.00,0.00,0.00,0.00,0.00,0.00,0.00,0.00,0.00,0.00,0.00,0.00,0.00,0
3.84896,-25,-83,341,0,DRIVE [ 05 ] [ 1 ] [ 1904 1806 1270 ] [    0    0    0 ] [      0      0      0 ] [ 0 ],drive [ 04 ] [ 0 ] [ 1904 1805 1270 ] [   15   30   58 ] [  10851  10279  11251 ] [ 0 ],1.00,1.00,1.00,1.40,-25.40,-83.48,0.00,0.00,0.00,0.00,0.00,0.00,0.00,0.00,0.00,0.00,0.00,0.00,0.00,0.00,0.00,0
3.86182,-25,-83,341,0,DRIVE [ 05 ] [ 1 ] [ 1904 1806 1270 ] [    0    0    0 ] [      0      0      0 ] [ 0 ],drive [ 05 ] [ 0 ] [ 1904 1806 1270 ] [   15   30   58 ] [  10851  10279  11251 ] [ 0 ],1.00,1.00,1.00,1.40,-25.27,-83.40,0.00,0.00,0.00,0.00,0.00,0.00,0.00,0.00,0.00,0.00,0.00,0.00,0.00,0.00,0.00,0
3.87438,-25,-83,339,0,DRIVE [ 06 ] [ 1 ] [ 1904 1807 1269 ] [    0    0    0 ] [      0      0      0 ] [ 0 ],drive [ 05 ] [ 0 ] [ 1904 1806 1270 ] [   15   30   58 ] [  10851  10279  11251 ] [ 0 ],1.00,1.00,1.00,1.40,-24.97,-83.16,0.00,0.00,0.00,0.00,0.00,0.00,0.00,0.00,0.00,0.00,0.00,0.00,0.00,0.00,0.00,0
3.88741,-25,-83,339,0,DRIVE [ 06 ] [ 1 ] [ 1904 1807 1267 ] [    0    0    0 ] [      0      0      0 ] [ 0 ],drive [ 06 ] [ 0 ] [ 1904 1807 1269 ] [   15   30   58 ] [  10851  10279  11251 ] [ 0 ],1.00,1.00,1.00,1.40,-24.83,-83.36,0.00,0.00,0.00,0.00,0.00,0.00,0.00,0.00,0.00,0.00,0.00,0.00,0.00,0.00,0.00,0
3.90197,-25,-84,339,0,DRIVE [ 07 ] [ 1 ] [ 1904 1808 1265 ] [    0    0    0 ] [      0      0      0 ] [ 0 ],drive [ 06 ] [ 0 ] [ 1904 1807 1267 ] [   15   30   58 ] [  10851  10279  11251 ] [ 0 ],1.00,1.00,1.00,1.40,-24.59,-83.58,0.00,0.00,0.00,0.00,0.00,0.00,0.00,0.00,0.00,0.00,0.00,0.00,0.00,0.00,0.00,0
3.91509,-24,-84,339,0,DRIVE [ 07 ] [ 1 ] [ 1904 1809 1263 ] [    0    0    0 ] [      0      0      0 ] [ 0 ],drive [ 07 ] [ 0 ] [ 1904 1808 1265 ] [   15   30   58 ] [  10851  10279  11251 ] [ 0 ],1.00,1.00,1.00,1.40,-24.39,-83.70,0.00,0.00,0.00,0.00,0.00,0.00,0.00,0.00,0.00,0.00,0.00,0.00,0.00,0.00,0.00,0
3.92784,-24,-84,339,0,DRIVE [ 08 ] [ 1 ] [ 1904 1810 1262 ] [    0    0    0 ] [      0      0      0 ] [ 0 ],drive [ 07 ] [ 0 ] [ 1904 1809 1263 ] [   15   30   58 ] [  10851  10279  11251 ] [ 0 ],1.00,1.00,1.00,1.40,-24.17,-83.78,0.00,0.00,0.00,0.00,0.00,0.00,0.00,0.00,0.00,0.00,0.00,0.00,0.00,0.00,0.00,0
3.94048,-24,-84,338,0,DRIVE [ 08 ] [ 1 ] [ 1904 1811 1262 ] [    0    0    0 ] [      0      0      0 ] [ 0 ],drive [ 08 ] [ 0 ] [ 1904 1810 1262 ] [   15   30   58 ] [  10851  10269  11251 ] [ 0 ],1.00,1.00,1.00,1.40,-23.93,-83.65,0.00,0.00,0.00,0.00,0.00,0.00,0.00,0.00,0.00,0.00,0.00,0.00,0.00,0.00,0.00,0
3.95551,-24,-83,337,0,DRIVE [ 09 ] [ 1 ] [ 1904 1812 1263 ] [    0    0    0 ] [      0      0      0 ] [ 0 ],drive [ 08 ] [ 0 ] [ 1904 1811 1262 ] [   15   33   58 ] [  10851  10269  11251 ] [ 0 ],1.00,1.00,1.00,1.40,-23.57,-83.23,0.00,0.00,0.00,0.00,0.00,0.00,0.00,0.00,0.00,0.00,0.00,0.00,0.00,0.00,0.00,0
3.96847,-23,-83,338,0,DRIVE [ 09 ] [ 1 ] [ 1904 1813 1264 ] [    0    0    0 ] [      0      0      0 ] [ 0 ],drive [ 09 ] [ 0 ] [ 1904 1812 1263 ] [   15   33   58 ] [  10851  10269  11251 ] [ 0 ],1.00,1.00,1.00,1.40,-23.26,-83.18,0.00,0.00,0.00,0.00,0.00,0.00,0.00,0.00,0.00,0.00,0.00,0.00,0.00,0.00,0.00,0
3.98127,-23,-83,339,0,DRIVE [ 10 ] [ 1 ] [ 1904 1815 1265 ] [    0    0    0 ] [      0      0      0 ] [ 0 ],drive [ 09 ] [ 0 ] [ 1904 1813 1264 ] [   15   33   58 ] [  10852  10272  11251 ] [ 0 ],1.00,1.00,1.00,1.40,-22.87,-83.13,0.00,0.00,0.00,0.00,0.00,0.00,0.00,0.00,0.00,0.00,0.00,0.00,0.00,0.00,0.00,0
3.99386,-22,-83,339,0,DRIVE [ 10 ] [ 1 ] [ 1904 1817 1267 ] [    0    0    0 ] [      0      0      0 ] [ 0 ],drive [ 10 ] [ 0 ] [ 1904 1815 1265 ] [   15   33   58 ] [  10852  10272  11251 ] [ 0 ],1.00,1.00,1.00,1.40,-22.35,-82.70,0.00,0.00,0.00,0.00,0.00,0.00,0.00,0.00,0.00,0.00,0.00,0.00,0.00,0.00,0.00,0
4.00627,-22,-82,338,0,DRIVE [ 11 ] [ 1 ] [ 1904 1819 1268 ] [    0    0    0 ] [      0      0      0 ] [ 0 ],drive [ 10 ] [ 0 ] [ 1904 1817 1267 ] [   14   30   58 ] [  10852  10272  11251 ] [ 0 ],1.00,1.00,1.00,1.40,-21.72,-82.16,0.00,0.00,0.00,0.00,0.00,0.00,0.00,0.00,0.00,0.00,0.00,0.00,0.00,0.00,0.00,0
4.01894,-21,-81,337,0,DRIVE [ 11 ] [ 1 ] [ 1904 1824 1271 ] [    0    0    0 ] [      0      0      0 ] [ 0 ],drive [ 11 ] [ 0 ] [ 1904 1819 1268 ] [   14   30   58 ] [  10852  10272  11251 ] [ 0 ],1.00,1.00,1.00,1.40,-20.58,-81.38,0.00,0.00,0.00,0.00,0.00,0.00,0.00,0.00,0.00,0.00,0.00,0.00,0.00,0.00,0.00,0
4.03152,-19,-81,337,0,DRIVE [ 12 ] [ 1 ] [ 1904 1828 1274 ] [    0    0    0 ] [      0      0      0 ] [ 0 ],drive [ 11 ] [ 0 ] [ 1904 1824 1271 ] [   14   30   58 ] [  10851  10277  11251 ] [ 0 ],1.00,1.00,1.00,1.40,-19.44,-80.62,0.00,0.00,0.00,0.00,0.00,0.00,0.00,0.00,0.00,0.00,0.00,0.00,0.00,0.00,0.00,0
4.04404,-18,-80,337,0,DRIVE [ 12 ] [ 1 ] [ 1904 1833 1279 ] [    0    0    0 ] [      0      0      0 ] [ 0 ],drive [ 12 ] [ 0 ] [ 1904 1828 1274 ] [   14   30   58 ] [  10851  10277  11251 ] [ 0 ],1.00,1.00,1.00,1.40,-18.26,-79.68,0.00,0.00,0.00,0.00,0.00,0.00,0.00,0.00,0.00,0.00,0.00,0.00,0.00,0.00,0.00,0
4.05637,-17,-78,335,0,DRIVE [ 13 ] [ 1 ] [ 1904 1838 1283 ] [    0    0    0 ] [      0      0      0 ] [ 0 ],drive [ 12 ] [ 0 ] [ 1904 1833 1279 ] [   15   28   58 ] [  10851  10277  11251 ] [ 0 ],1.00,1.00,1.00,1.40,-16.82,-78.46,0.00,0.00,0.00,0.00,0.00,0.00,0.00,0.00,0.00,0.00,0.00,0.00,0.00,0.00,0.00,0
4.06914,-15,-77,334,0,DRIVE [ 13 ] [ 1 ] [ 1904 1845 1289 ] [    0    0    0 ] [      0      0      0 ] [ 0 ],drive [ 13 ] [ 0 ] [ 1904 1838 1283 ] [   15   28   58 ] [  10851  10277  11251 ] [ 0 ],1.00,1.00,1.00,1.40,-15.07,-77.08,0.00,0.00,0.00,0.00,0.00,0.00,0.00,0.00,0.00,0.00,0.00,0.00,0.00,0.00,0.00,0
4.08177,-13,-76,334,0,DRIVE [ 14 ] [ 1 ] [ 1904 1853 1293 ] [    0    0    0 ] [      0      0      0 ] [ 0 ],drive [ 13 ] [ 0 ] [ 1904 1845 1289 ] [   15   28   58 ] [  10850  10275  11251 ] [ 0 ],1.00,1.00,1.00,1.40,-13.15,-75.75,0.00,0.00,0.00,0.00,0.00,0.00,0.00,0.00,0.00,0.00,0.00,0.00,0.00,0.00,0.00,0
4.09523,-11,-74,332,0,DRIVE [ 14 ] [ 1 ] [ 1904 1862 1298 ] [    0    0    0 ] [      0      0      0 ] [ 0 ],drive [ 14 ] [ 0 ] [ 1904 1853 1293 ] [   15   28   58 ] [  10850  10275  11251 ] [ 0 ],1.00,1.00,1.00,1.40,-10.86,-74.14,0.00,0.00,0.00,0.00,0.00,0.00,0.00,0.00,0.00,0.00,0.00,0.00,0.00,0.00,0.00,0
4.10747,-8,-72,330,0,DRIVE [ 15 ] [ 1 ] [ 1904 1871 1303 ] [    0    0    0 ] [      0      0      0 ] [ 0 ],drive [ 14 ] [ 0 ] [ 1904 1862 1298 ] [   17   29   56 ] [  10850  10275  11251 ] [ 0 ],1.00,1.00,1.00,1.40,-8.38,-72.23,0.00,0.00,0.00,0.00,0.00,0.00,0.00,0.00,0.00,0.00,0.00,0.00,0.00,0.00,0.00,0
4.1205,-5,-70,328,0,DRIVE [ 15 ] [ 1 ] [ 1904 1886 1309 ] [    0    0    0 ] [      0      0      0 ] [ 0 ],drive [ 15 ] [ 0 ] [ 1904 1871 1303 ] [   17   29   56 ] [  10850  10275  11251 ] [ 0 ],1.00,1.00,1.00,1.40,-4.85,-69.69,0.00,0.00,0.00,0.00,0.00,0.00,0.00,0.00,0.00,0.00,0.00,0.00,0.00,0.00,0.00,0
4.13302,-1,-67,326,0,DRIVE [ 16 ] [ 1 ] [ 1904 1899 1313 ] [    0    0    0 ] [      0      0      0 ] [ 0 ],drive [ 15 ] [ 0 ] [ 1904 1886 1309 ] [   17   29   56 ] [  10775  10221  11250 ] [ 0 ],1.00,1.00,1.00,1.40,-1.41,-67.39,0.00,0.00,0.00,0.00,0.00,0.00,0.00,0.00,0.00,0.00,0.00,0.00,0.00,0.00,0.00,0
4.14553,2,-65,325,0,DRIVE [ 16 ] [ 1 ] [ 1897 1899 1332 ] [    0    0    0 ] [      0      0      0 ] [ 0 ],drive [ 16 ] [ 0 ] [ 1904 1899 1313 ] [   12   22   53 ] [  10775  10221  11250 ] [ 0 ],1.00,1.00,1.00,1.40,1.95,-65.18,0.00,0.00,0.00,0.00,0.00,0.00,0.00,0.00,0.00,0.00,0.00,0.00,-0.00,0.00,0.00,0
4.15749,5,-63,322,0,DRIVE [ 17 ] [ 1 ] [ 1883 1899 1360 ] [    0    0    0 ] [      0      0      0 ] [ 0 ],drive [ 16 ] [ 0 ] [ 1897 1899 1332 ] [   12   22   53 ] [  10775  10221  11250 ] [ 0 ],1.00,1.00,1.00,1.40,5.32,-62.87,0.00,0.00,0.00,0.00,0.00,0.00,0.00,0.00,0.00,0.00,0.00,0.00,-0.00,0.00,0.00,0
4.17021,8,-61,320,0,DRIVE [ 17 ] [ 1 ] [ 1870 1899 1385 ] [    0    0    0 ] [      0      0      0 ] [ 0 ],drive [ 17 ] [ 0 ] [ 1883 1899 1360 ] [   12   22   53 ] [  10775  10221  11250 ] [ 0 ],1.00,1.00,1.00,1.40,8.44,-60.76,0.00,0.00,0.00,0.00,0.00,0.00,0.00,0.00,0.00,0.00,0.00,0.00,-0.00,0.00,0.00,0
4.18268,11,-59,318,0,DRIVE [ 18 ] [ 1 ] [ 1857 1899 1407 ] [    0    0    0 ] [      0      0      0 ] [ 0 ],drive [ 17 ] [ 0 ] [ 1870 1899 1385 ] [   12   22   53 ] [  10729  10070  11250 ] [ 0 ],1.00,1.00,1.00,1.40,11.37,-58.75,0.00,0.00,0.00,0.00,0.00,0.00,0.00,0.00,0.00,0.00,0.00,0.00,-0.00,0.00,0.00,0
4.19534,14,-57,315,0,DRIVE [ 18 ] [ 1 ] [ 1845 1899 1426 ] [    0    0    0 ] [      0      0      0 ] [ 0 ],drive [ 18 ] [ 0 ] [ 1857 1899 1407 ] [   21   21   47 ] [  10729  10070  11250 ] [ 0 ],1.00,1.00,1.00,1.40,14.23,-56.82,0.00,0.00,0.00,0.00,0.00,0.00,0.00,0.00,0.00,0.00,0.00,0.00,-0.00,0.00,0.00,0
4.20731,17,-55,313,0,DRIVE [ 19 ] [ 1 ] [ 1832 1899 1443 ] [    0    0    0 ] [      0      0      0 ] [ 0 ],drive [ 18 ] [ 0 ] [ 1845 1899 1426 ] [   21   21   47 ] [  10729  10070  11250 ] [ 0 ],1.00,1.00,1.00,1.40,17.09,-55.31,0.00,0.00,0.00,0.00,0.00,0.00,0.00,0.00,0.00,0.00,0.00,0.00,-0.00,0.00,0.00,0
4.21997,20,-54,311,0,DRIVE [ 19 ] [ 1 ] [ 1819 1899 1455 ] [    0    0    0 ] [      0      0      0 ] [ 0 ],drive [ 19 ] [ 0 ] [ 1832 1899 1443 ] [   21   21   47 ] [  10729  10070  11250 ] [ 0 ],1.00,1.00,1.00,1.40,19.70,-54.02,0.00,0.00,0.00,0.00,0.00,0.00,0.00,0.00,0.00,0.00,0.00,0.00,-0.00,0.00,0.00,0
4.23244,22,-53,309,0,DRIVE [ 20 ] [ 1 ] [ 1808 1899 1465 ] [    0    0    0 ] [      0      0      0 ] [ 0 ],drive [ 19 ] [ 0 ] [ 1819 1899 1455 ] [   21   21   47 ] [  10736  10009  11243 ] [ 0 ],1.00,1.00,1.00,1.40,22.10,-52.74,0.00,0.00,0.00,0.00,0.00,0.00,0.00,0.00,0.00,0.00,0.00,0.00,-0.00,0.00,0.00,0
4.24488,24,-52,306,0,DRIVE [ 20 ] [ 1 ] [ 1795 1899 1474 ] [    0    0    0 ] [      0      0      0 ] [ 0 ],drive [ 20 ] [ 0 ] [ 1808 1899 1465 ] [   22    6   42 ] [  10736  10009  11243 ] [ 0 ],1.00,1.00,1.00,1.40,24.47,-51.56,0.00,0.00,0.00,0.00,0.00,0.00,0.00,0.00,0.00,0.00,0.00,0.00,-0.00,0.00,0.00,0
4.25695,28,-51,303,0,DRIVE [ 21 ] [ 1 ] [ 1778 1899 1479 ] [    0    0    0 ] [      0      0      0 ] [ 0 ],drive [ 20 ] [ 0 ] [ 1795 1899 1474 ] [   22    6   42 ] [  10736  10009  11243 ] [ 0 ],1.00,1.00,1.00,1.40,27.76,-50.64,0.00,0.00,0.00,0.00,0.00,0.00,0.00,0.00,0.00,0.00,0.00,0.00,-0.00,0.00,0.00,0
4.26947,31,-50,299,0,DRIVE [ 21 ] [ 1 ] [ 1761 1899 1482 ] [    0    0    0 ] [      0      0      0 ] [ 0 ],drive [ 21 ] [ 0 ] [ 1778 1899 1479 ] [   22    6   42 ] [  10736  10009  11243 ] [ 0 ],1.00,1.00,1.00,1.40,30.78,-49.84,0.00,0.00,0.00,0.00,0.00,0.00,0.00,0.00,0.00,0.00,0.00,0.00,0.00,0.00,0.00,0
4.28223,34,-49,295,0,DRIVE [ 22 ] [ 1 ] [ 1745 1899 1482 ] [    0    0    0 ] [      0      0      0 ] [ 0 ],drive [ 21 ] [ 0 ] [ 1761 1899 1482 ] [   22    6   42 ] [  10771   9881  11226 ] [ 0 ],1.00,1.00,1.00,1.40,33.59,-49.15,0.00,0.00,0.00,0.00,0.00,0.00,0.00,0.00,0.00,0.00,0.00,0.00,0.00,0.00,0.00,0
4.2954,36,-49,292,0,DRIVE [ 22 ] [ 1 ] [ 1729 1899 1481 ] [    0    0    0 ] [      0      0      0 ] [ 0 ],drive [ 22 ] [ 0 ] [ 1745 1899 1482 ] [   20    6   47 ] [  10771   9881  11226 ] [ 0 ],1.00,1.00,1.00,1.40,36.24,-48.71,0.00,0.00,0.00,0.00,0.00,0.00,0.00,0.00,0.00,0.00,0.00,0.00,0.00,0.00,0.00,0
4.30741,39,-48,289,0,DRIVE [ 23 ] [ 1 ] [ 1714 1899 1478 ] [    0    0    0 ] [      0      0      0 ] [ 0 ],drive [ 22 ] [ 0 ] [ 1729 1899 1481 ] [   20    6   47 ] [  10771   9881  11226 ] [ 0 ],1.00,1.00,1.00,1.40,38.66,-48.27,0.00,0.00,0.00,0.00,0.00,0.00,0.00,0.00,0.00,0.00,0.00,0.00,0.00,0.00,0.00,0
4.31995,41,-48,286,0,DRIVE [ 23 ] [ 1 ] [ 1698 1899 1473 ] [    0    0    0 ] [      0      0      0 ] [ 0 ],drive [ 23 ] [ 0 ] [ 1714 1899 1478 ] [   20    6   47 ] [  10771   9881  11226 ] [ 0 ],1.00,1.00,1.00,1.40,41.14,-48.20,0.00,0.00,0.00,0.00,0.00,0.00,0.00,0.00,0.00,0.00,0.00,0.00,0.00,0.00,0.00,0
4.33171,43,-48,283,0,DRIVE [ 24 ] [ 1 ] [ 1683 1899 1467 ] [    0    0    0 ] [      0      0      0 ] [ 0 ],drive [ 23 ] [ 0 ] [ 1698 1899 1473 ] [   20    6   47 ] [  10855   9846  11213 ] [ 0 ],1.00,1.00,1.00,1.40,43.44,-48.03,0.00,0.00,0.00,0.00,0.00,0.00,0.00,0.00,0.00,0.00,0.00,0.00,0.00,0.00,0.00,0
4.34404,46,-48,280,0,DRIVE [ 24 ] [ 1 ] [ 1666 1899 1460 ] [    0    0    0 ] [      0      0      0 ] [ 0 ],drive [ 24 ] [ 0 ] [ 1683 1899 1467 ] [   20    6   47 ] [  10855   9846  11213 ] [ 0 ],1.00,1.00,1.00,1.40,45.92,-48.06,0.00,0.00,0.00,0.00,0.00,0.00,0.00,0.00,0.00,0.00,0.00,0.00,0.00,0.00,0.00,0
4.35628,49,-48,275,0,DRIVE [ 25 ] [ 1 ] [ 1645 1899 1450 ] [    0    0    0 ] [      0      0      0 ] [ 0 ],drive [ 24 ] [ 0 ] [ 1666 1899 1460 ] [   49   25   63 ] [  10855   9846  11213 ] [ 0 ],1.00,1.00,1.00,1.40,48.79,-47.99,0.00,0.00,0.00,0.00,0.00,0.00,0.00,0.00,0.00,0.00,0.00,0.00,0.00,0.00,0.00,0
4.36856,51,-48,271,0,DRIVE [ 25 ] [ 1 ] [ 1626 1899 1440 ] [    0    0    0 ] [      0      0      0 ] [ 0 ],drive [ 25 ] [ 0 ] [ 1645 1899 1450 ] [   49   25   63 ] [  10855   9846  11213 ] [ 0 ],1.00,1.00,1.00,1.40,51.32,-48.09,0.00,0.00,0.00,0.00,0.00,0.00,0.00,0.00,0.00,0.00,0.00,0.00,0.00,0.00,0.00,0
4.3808,54,-48,268,0,DRIVE [ 26 ] [ 1 ] [ 1610 1899 1431 ] [    0    0    0 ] [      0      0      0 ] [ 0 ],drive [ 25 ] [ 0 ] [ 1626 1899 1440 ] [   49   25   63 ] [  11080   9780  11151 ] [ 0 ],1.00,1.00,1.00,1.40,53.58,-48.21,0.00,0.00,0.00,0.00,0.00,0.00,0.00,0.00,0.00,0.00,0.00,0.00,0.00,0.00,0.00,0
4.39311,56,-49,265,0,DRIVE [ 26 ] [ 1 ] [ 1594 1899 1421 ] [    0    0    0 ] [      0      0      0 ] [ 0 ],drive [ 26 ] [ 0 ] [ 1610 1899 1431 ] [   49   25   63 ] [  11080   9780  11151 ] [ 0 ],1.00,1.00,1.00,1.40,55.66,-48.53,0.00,0.00,0.00,0.00,0.00,0.00,0.00,0.00,0.00,0.00,0.00,0.00,0.00,0.00,0.00,0
4.40499,57,-49,262,0,DRIVE [ 27 ] [ 1 ] [ 1578 1899 1410 ] [    0    0    0 ] [      0      0      0 ] [ 0 ],drive [ 26 ] [ 0 ] [ 1594 1899 1421 ] [   48   11   52 ] [  11080   9780  11151 ] [ 0 ],1.00,1.00,1.00,1.40,57.47,-48.69,0.00,0.00,0.00,0.00,0.00,0.00,0.00,0.00,0.00,0.00,0.00,0.00,0.00,0.00,0.00,0
4.41719,59,-49,259,0,DRIVE [ 27 ] [ 1 ] [ 1564 1899 1400 ] [    0    0    0 ] [      0      0      0 ] [ 0 ],drive [ 27 ] [ 0 ] [ 1578 1899 1410 ] [   48   11   52 ] [  11080   9780  11151 ] [ 0 ],1.00,1.00,1.00,1.40,59.27,-49.01,0.00,0.00,0.00,0.00,0.00,0.00,0.00,0.00,0.00,0.00,0.00,0.00,0.00,0.00,0.00,0
4.42949,61,-49,256,0,DRIVE [ 28 ] [ 1 ] [ 1550 1899 1390 ] [    0    0    0 ] [      0      0      0 ] [ 0 ],drive [ 27 ] [ 0 ] [ 1564 1899 1400 ] [   48   11   52 ] [  11429   9611  11150 ] [ 0 ],1.00,1.00,1.00,1.40,60.79,-49.24,0.00,0.00,0.00,0.00,0.00,0.00,0.00,0.00,0.00,0.00,0.00,0.00,0.00,0.00,0.00,0
4.44246,62,-49,253,0,DRIVE [ 28 ] [ 1 ] [ 1537 1899 1381 ] [    0    0    0 ] [      0      0      0 ] [ 0 ],drive [ 28 ] [ 0 ] [ 1550 1899 1390 ] [   48   11   52 ] [  11429   9611  11150 ] [ 0 ],1.00,1.00,1.00,1.40,62.18,-49.31,0.00,0.00,0.00,0.00,0.00,0.00,0.00,0.00,0.00,0.00,0.00,0.00,0.00,0.00,0.00,0
4.45398,63,-49,249,0,DRIVE [ 29 ] [ 1 ] [ 1525 1899 1372 ] [    0    0    0 ] [      0      0      0 ] [ 0 ],drive [ 28 ] [ 0 ] [ 1537 1899 1381 ] [   53    5   55 ] [  11429   9611  11150 ] [ 0 ],1.00,1.00,1.00,1.40,63.37,-49.37,0.00,0.00,0.00,0.00,0.00,0.00,0.00,0.00,0.00,0.00,0.00,0.00,0.00,0.00,0.00,0
4.46606,64,-49,247,0,DRIVE [ 29 ] [ 1 ] [ 1514 1899 1366 ] [    0    0    0 ] [      0      0      0 ] [ 0 ],drive [ 29 ] [ 0 ] [ 1525 1899 1372 ] [   53    5   55 ] [  11429   9611  11150 ] [ 0 ],1.00,1.00,1.00,1.40,64.25,-49.28,0.00,0.00,0.00,0.00,0.00,0.00,0.00,0.00,0.00,0.00,0.00,0.00,0.00,0.00,0.00,0
4.47819,65,-49,244,0,DRIVE [ 30 ] [ 1 ] [ 1506 1899 1360 ] [    0    0    0 ] [      0      0      0 ] [ 0 ],drive [ 29 ] [ 0 ] [ 1514 1899 1366 ] [   53    5   55 ] [  11429   9611  11150 ] [ 0 ],1.00,1.00,1.00,1.40,64.90,-49.22,0.00,0.00,0.00,0.00,0.00,0.00,0.00,0.00,0.00,0.00,0.00,0.00,0.00,0.00,0.00,0
4.4899,65,-49,242,0,DRIVE [ 30 ] [ 1 ] [ 1498 1899 1356 ] [    0    0    0 ] [      0      0      0 ] [ 0 ],drive [ 30 ] [ 0 ] [ 1506 1899 1360 ] [   53    5   55 ] [  11624   9485  11150 ] [ 0 ],1.00,1.00,1.00,1.40,65.46,-48.94,0.00,0.00,0.00,0.00,0.00,0.00,0.00,0.00,0.00,0.00,0.00,0.00,0.00,0.00,0.00,0
4.50183,66,-49,238,0,DRIVE [ 31 ] [ 1 ] [ 1487 1899 1348 ] [    0    0    0 ] [      0      0      0 ] [ 0 ],drive [ 30 ] [ 0 ] [ 1498 1899 1356 ] [   38   21   59 ] [  11624   9485  11150 ] [ 0 ],1.00,1.00,1.00,1.40,66.24,-48.91,0.00,0.00,0.00,0.00,0.00,0.00,0.00,0.00,0.00,0.00,0.00,0.00,0.00,0.00,0.00,0
4.51347,67,-49,235,0,DRIVE [ 31 ] [ 1 ] [ 1477 1899 1341 ] [    0    0    0 ] [      0      0      0 ] [ 0 ],drive [ 31 ] [ 0 ] [ 1487 1899 1348 ] [   38   21   59 ] [  11624   9485  11150 ] [ 0 ],1.00,1.00,1.00,1.40,66.84,-48.67,0.00,0.00,0.00,0.00,0.00,0.00,0.00,0.00,0.00,0.00,0.00,0.00,0.00,0.00,0.00,0
4.52592,68,-49,232,0,DRIVE [ 32 ] [ 1 ] [ 1466 1899 1332 ] [    0    0    0 ] [      0      0      0 ] [ 0 ],drive [ 31 ] [ 0 ] [ 1477 1899 1341 ] [   38   21   59 ] [  11624   9485  11150 ] [ 0 ],1.00,1.00,1.00,1.40,67.73,-48.75,0.00,0.00,0.00,0.00,0.00,0.00,0.00,0.00,0.00,0.00,0.00,0.00,0.00,0.00,0.00,0
4.53739,69,-49,230,0,DRIVE [ 32 ] [ 1 ] [ 1456 1899 1324 ] [    0    0    0 ] [      0      0      0 ] [ 0 ],drive [ 32 ] [ 0 ] [ 1466 1899 1332 ] [   38   21   59 ] [  11829   9434  11150 ] [ 0 ],1.00,1.00,1.00,1.40,68.54,-48.84,0.00,0.00,0.00,0.00,0.00,0.00,0.00,0.00,0.00,0.00,0.00,0.00,0.00,0.00,0.00,0
4.55145,69,-49,226,0,DRIVE [ 33 ] [ 1 ] [ 1446 1899 1317 ] [    0    0    0 ] [      0      0      0 ] [ 0 ],drive [ 32 ] [ 0 ] [ 1456 1899 1324 ] [   55    6   60 ] [  11829   9434  11150 ] [ 0 ],1.00,1.00,1.00,1.40,68.94,-48.56,0.00,0.00,0.00,0.00,0.00,0.00,0.00,0.00,0.00,0.00,0.00,0.00,0.00,0.00,0.00,0
4.56354,69,-48,223,0,DRIVE [ 33 ] [ 1 ] [ 1436 1899 1310 ] [    0    0    0 ] [      0      0      0 ] [ 0 ],drive [ 33 ] [ 0 ] [ 1446 1899 1317 ] [   55    6   60 ] [  11829   9434  11150 ] [ 0 ],1.00,1.00,1.00,1.40,69.48,-48.46,0.00,0.00,0.00,0.00,0.00,0.00,0.00,0.00,0.00,0.00,0.00,0.00,0.00,0.00,0.00,0
4.57558,70,-48,221,0,DRIVE [ 34 ] [ 1 ] [ 1426 1899 1303 ] [    0    0    0 ] [      0      0      0 ] [ 0 ],drive [ 33 ] [ 0 ] [ 1436 1899 1310 ] [   55    6   60 ] [  11829   9434  11150 ] [ 0 ],1.00,1.00,1.00,1.40,70.15,-48.42,0.00,0.00,0.00,0.00,0.00,0.00,0.00,0.00,0.00,0.00,0.00,0.00,0.00,0.00,0.00,0
4.58709,71,-48,218,0,DRIVE [ 34 ] [ 1 ] [ 1417 1899 1296 ] [    0    0    0 ] [      0      0      0 ] [ 0 ],drive [ 34 ] [ 0 ] [ 1426 1899 1303 ] [   55    6   60 ] [  11952   9310  11151 ] [ 0 ],1.00,1.00,1.00,1.40,70.62,-48.34,0.00,0.00,0.00,0.00,0.00,0.00,0.00,0.00,0.00,0.00,0.00,0.00,0.00,0.00,0.00,0
4.59901,71,-48,215,0,DRIVE [ 35 ] [ 1 ] [ 1409 1899 1290 ] [    0    0    0 ] [      0      0      0 ] [ 0 ],drive [ 34 ] [ 0 ] [ 1417 1899 1296 ] [   63    5   66 ] [  11952   9310  11151 ] [ 0 ],1.00,1.00,1.00,1.40,70.91,-48.15,0.00,0.00,0.00,0.00,0.00,0.00,0.00,0.00,0.00,0.00,0.00,0.00,0.00,0.00,0.00,0
4.61041,71,-48,213,0,DRIVE [ 35 ] [ 1 ] [ 1401 1899 1286 ] [    0    0    0 ] [      0      0      0 ] [ 0 ],drive [ 35 ] [ 0 ] [ 1409 1899 1290 ] [   63    5   66 ] [  11952   9310  11151 ] [ 0 ],1.00,1.00,1.00,1.40,71.12,-47.76,0.00,0.00,0.00,0.00,0.00,0.00,0.00,0.00,0.00,0.00,0.00,0.00,0.00,0.00,0.00,0
4.62134,71,-47,210,0,DRIVE [ 36 ] [ 1 ] [ 1393 1899 1283 ] [    0    0    0 ] [      0      0      0 ] [ 0 ],drive [ 35 ] [ 0 ] [ 1401 1899 1286 ] [   63    5   66 ] [  11952   9310  11151 ] [ 0 ],1.00,1.00,1.00,1.40,71.38,-47.32,0.00,0.00,0.00,0.00,0.00,0.00,0.00,0.00,0.00,0.00,0.00,0.00,0.00,0.00,0.00,0
4.63296,71,-47,207,0,DRIVE [ 36 ] [ 1 ] [ 1383 1899 1279 ] [    0    0    0 ] [      0      0      0 ] [ 0 ],drive [ 36 ] [ 0 ] [ 1393 1899 1283 ] [   63    5   66 ] [  12192   9187  11151 ] [ 0 ],1.00,1.00,1.00,1.40,71.47,-46.75,0.00,0.00,0.00,0.00,0.00,0.00,0.00,0.00,0.00,0.00,0.00,0.00,0.00,0.00,0.00,0
4.64446,72,-46,205,0,DRIVE [ 37 ] [ 1 ] [ 1377 1899 1275 ] [    0    0    0 ] [      0      0      0 ] [ 0 ],drive [ 36 ] [ 0 ] [ 1383 1899 1279 ] [   51   13   67 ] [  12192   9187  11151 ] [ 0 ],1.00,1.00,1.00,1.40,71.61,-46.47,0.00,0.00,0.00,0.00,0.00,0.00,0.00,0.00,0.00,0.00,0.00,0.00,0.00,0.00,0.00,0
4.65544,71,-46,202,0,DRIVE [ 37 ] [ 1 ] [ 1372 1899 1271 ] [    0    0    0 ] [      0      0      0 ] [ 0 ],drive [ 37 ] [ 0 ] [ 1377 1899 1275 ] [   51   13   67 ] [  12192   9187  11151 ] [ 0 ],1.00,1.00,1.00,1.40,71.31,-46.10,0.00,0.00,0.00,0.00,0.00,0.00,0.00,0.00,0.00,0.00,0.00,0.00,0.00,0.00,0.00,0
4.66695,71,-46,200,0,DRIVE [ 38 ] [ 1 ] [ 1371 1899 1269 ] [    0    0    0 ] [      0      0      0 ] [ 0 ],drive [ 37 ] [ 0 ] [ 1372 1899 1271 ] [   51   13   67 ] [  12192   9187  11151 ] [ 0 ],1.00,1.00,1.00,1.40,70.73,-45.82,0.00,0.00,0.00,0.00,0.00,0.00,0.00,0.00,0.00,0.00,0.00,0.00,0.00,0.00,0.00,0
4.67835,70,-46,198,0,DRIVE [ 38 ] [ 1 ] [ 1372 1899 1267 ] [    0    0    0 ] [      0      0      0 ] [ 0 ],drive [ 38 ] [ 0 ] [ 1371 1899 1269 ] [   51   13   67 ] [  12633   8936  11150 ] [ 0 ],1.00,1.00,1.00,1.40,69.95,-45.58,0.00,0.00,0.00,0.00,0.00,0.00,0.00,0.00,0.00,0.00,0.00,0.00,0.00,0.00,0.00,0
4.68927,69,-45,196,0,DRIVE [ 39 ] [ 1 ] [ 1374 1899 1267 ] [    0    0    0 ] [      0      0      0 ] [ 0 ],drive [ 38 ] [ 0 ] [ 1372 1899 1267 ] [   51   13   67 ] [  12633   8936  11150 ] [ 0 ],1.00,1.00,1.00,1.40,69.16,-45.33,0.00,0.00,0.00,0.00,0.00,0.00,0.00,0.00,0.00,0.00,0.00,0.00,0.00,0.00,0.00,0
4.7008,68,-45,194,0,DRIVE [ 39 ] [ 1 ] [ 1377 1899 1267 ] [    0    0    0 ] [      0      0      0 ] [ 0 ],drive [ 39 ] [ 0 ] [ 1374 1899 1267 ] [   51    1   68 ] [  12633   8936  11150 ] [ 0 ],1.00,1.00,1.00,1.40,68.05,-44.89,0.00,0.00,0.00,0.00,0.00,0.00,0.00,0.00,0.00,0.00,0.00,0.00,0.00,0.00,0.00,0
4.71207,67,-45,192,0,DRIVE [ 40 ] [ 1 ] [ 1381 1899 1268 ] [    0    0    0 ] [      0      0      0 ] [ 0 ],drive [ 39 ] [ 0 ] [ 1377 1899 1267 ] [   51    1   68 ] [  12633   8936  11150 ] [ 0 ],1.00,1.00,1.00,1.40,67.01,-44.55,0.00,0.00,0.00,0.00,0.00,0.00,0.00,0.00,0.00,0.00,0.00,0.00,0.00,0.00,0.00,0
4.72307,66,-44,190,0,DRIVE [ 40 ] [ 1 ] [ 1386 1899 1269 ] [    0    0    0 ] [      0      0      0 ] [ 0 ],drive [ 40 ] [ 0 ] [ 1381 1899 1268 ] [   51    1   68 ] [  12633   8936  11150 ] [ 0 ],1.00,1.00,1.00,1.40,65.74,-44.12,0.00,0.00,0.00,0.00,0.00,0.00,0.00,0.00,0.00,0.00,0.00,0.00,0.00,0.00,0.00,0
4.73453,64,-44,188,0,DRIVE [ 41 ] [ 1 ] [ 1392 1899 1269 ] [    0    0    0 ] [      0      0      0 ] [ 0 ],drive [ 40 ] [ 0 ] [ 1386 1899 1269 ] [   51    1   68 ] [  12726   8776  11149 ] [ 0 ],1.00,1.00,1.00,1.40,64.45,-43.73,0.00,0.00,0.00,0.00,0.00,0.00,0.00,0.00,0.00,0.00,0.00,0.00,0.00,0.00,0.00,0
4.74577,63,-43,186,0,DRIVE [ 41 ] [ 1 ] [ 1397 1899 1270 ] [    0    0    0 ] [      0      0      0 ] [ 0 ],drive [ 41 ] [ 0 ] [ 1392 1899 1269 ] [   49   24   67 ] [  12726   8776  11149 ] [ 0 ],1.00,1.00,1.00,1.40,63.15,-43.29,0.00,0.00,0.00,0.00,0.00,0.00,0.00,0.00,0.00,0.00,0.00,0.00,-0.00,0.00,0.00,0
4.75653,62,-43,185,0,DRIVE [ 42 ] [ 1 ] [ 1402 1899 1270 ] [    0    0    0 ] [      0      0      0 ] [ 0 ],drive [ 41 ] [ 0 ] [ 1397 1899 1270 ] [   49   24   67 ] [  12726   8776  11149 ] [ 0 ],1.00,1.00,1.00,1.40,62.07,-43.06,0.00,0.00,0.00,0.00,0.00,0.00,0.00,0.00,0.00,0.00,0.00,0.00,-0.00,0.00,0.00,0
4.76983,61,-43,183,0,DRIVE [ 42 ] [ 1 ] [ 1406 1899 1268 ] [    0    0    0 ] [      0      0      0 ] [ 0 ],drive [ 42 ] [ 0 ] [ 1402 1899 1270 ] [   49   24   67 ] [  12726   8776  11149 ] [ 0 ],1.00,1.00,1.00,1.40,61.04,-42.86,0.00,0.00,0.00,0.00,0.00,0.00,0.00,0.00,0.00,0.00,0.00,0.00,-0.00,0.00,0.00,0
4.78101,60,-43,181,0,DRIVE [ 43 ] [ 1 ] [ 1410 1899 1266 ] [    0    0    0 ] [      0      0      0 ] [ 0 ],drive [ 42 ] [ 0 ] [ 1406 1899 1268 ] [   49   24   67 ] [  12727   8776  11149 ] [ 0 ],1.00,1.00,1.00,1.40,60.10,-42.78,0.00,0.00,0.00,0.00,0.00,0.00,0.00,0.00,0.00,0.00,0.00,0.00,-0.00,0.00,0.00,0
4.79221,59,-43,179,0,DRIVE [ 43 ] [ 1 ] [ 1415 1899 1265 ] [    0    0    0 ] [      0      0      0 ] [ 0 ],drive [ 43 ] [ 0 ] [ 1410 1899 1266 ] [   49   24   67 ] [  12727   8776  11149 ] [ 0 ],1.00,1.00,1.00,1.40,58.94,-42.54,0.00,0.00,0.00,0.00,0.00,0.00,0.00,0.00,0.00,0.00,0.00,0.00,-0.00,0.00,0.00,0
4.80277,58,-42,177,0,DRIVE [ 44 ] [ 1 ] [ 1421 1899 1263 ] [    0    0    0 ] [      0      0      0 ] [ 0 ],drive [ 43 ] [ 0 ] [ 1415 1899 1265 ] [   48   24   67 ] [  12727   8776  11149 ] [ 0 ],1.00,1.00,1.00,1.40,57.77,-42.36,0.00,0.00,0.00,0.00,0.00,0.00,0.00,0.00,0.00,0.00,0.00,0.00,-0.00,0.00,0.00,0
4.81384,57,-42,176,0,DRIVE [ 44 ] [ 1 ] [ 1428 1899 1262 ] [    0    0    0 ] [      0      0      0 ] [ 0 ],drive [ 44 ] [ 0 ] [ 1421 1899 1263 ] [   48   24   67 ] [  12727   8776  11149 ] [ 0 ],1.00,1.00,1.00,1.40,56.52,-42.17,0.00,0.00,0.00,0.00,0.00,0.00,0.00,0.00,0.00,0.00,0.00,0.00,-0.00,0.00,0.00,0
4.82444,55,-42,174,0,DRIVE [ 45 ] [ 1 ] [ 1436 1899 1262 ] [    0    0    0 ] [      0      0      0 ] [ 0 ],drive [ 44 ] [ 0 ] [ 1428 1899 1262 ] [   48   24   67 ] [  12727   8776  11149 ] [ 0 ],1.00,1.00,1.00,1.40,55.18,-41.99,0.00,0.00,0.00,0.00,0.00,0.00,0.00,0.00,0.00,0.00,0.00,0.00,-0.00,0.00,0.00,0
4.83549,54,-42,172,0,DRIVE [ 45 ] [ 1 ] [ 1445 1899 1261 ] [    0    0    0 ] [      0      0      0 ] [ 0 ],drive [ 45 ] [ 0 ] [ 1436 1899 1262 ] [   48   24   67 ] [  12737   8771  11149 ] [ 0 ],1.00,1.00,1.00,1.40,53.83,-41.87,0.00,0.00,0.00,0.00,0.00,0.00,0.00,0.00,0.00,0.00,0.00,0.00,-0.00,0.00,0.00,0
4.84637,52,-42,171,0,DRIVE [ 46 ] [ 1 ] [ 1454 1899 1262 ] [    0    0    0 ] [      0      0      0 ] [ 0 ],drive [ 45 ] [ 0 ] [ 1445 1899 1261 ] [   69   21   68 ] [  12737   8771  11149 ] [ 0 ],1.00,1.00,1.00,1.40,52.33,-41.63,0.00,0.00,0.00,0.00,0.00,0.00,0.00,0.00,0.00,0.00,0.00,0.00,-0.00,0.00,0.00,0
4.85776,51,-41,169,0,DRIVE [ 46 ] [ 1 ] [ 1465 1899 1262 ] [    0    0    0 ] [      0      0      0 ] [ 0 ],drive [ 46 ] [ 0 ] [ 1454 1899 1262 ] [   69   21   68 ] [  12737   8771  11149 ] [ 0 ],1.00,1.00,1.00,1.40,50.77,-41.47,0.00,0.00,0.00,0.00,0.00,0.00,0.00,0.00,0.00,0.00,0.00,0.00,-0.00,0.00,0.00,0
4.86815,49,-41,168,0,DRIVE [ 47 ] [ 1 ] [ 1477 1899 1262 ] [    0    0    0 ] [      0      0      0 ] [ 0 ],drive [ 46 ] [ 0 ] [ 1465 1899 1262 ] [   69   21   68 ] [  12737   8771  11149 ] [ 0 ],1.00,1.00,1.00,1.40,49.19,-41.31,0.00,0.00,0.00,0.00,0.00,0.00,0.00,0.00,0.00,0.00,0.00,0.00,-0.00,0.00,0.00,0
4.87894,48,-41,167,0,DRIVE [ 47 ] [ 1 ] [ 1489 1899 1262 ] [    0    0    0 ] [      0      0      0 ] [ 0 ],drive [ 47 ] [ 0 ] [ 1477 1899 1262 ] [   69   21   68 ] [  12833   8706  11148 ] [ 0 ],1.00,1.00,1.00,1.40,47.56,-41.23,0.00,0.00,0.00,0.00,0.00,0.00,0.00,0.00,0.00,0.00,0.00,0.00,-0.00,0.00,0.00,0
4.88907,46,-41,165,0,DRIVE [ 48 ] [ 1 ] [ 1503 1899 1262 ] [    0    0    0 ] [      0      0      0 ] [ 0 ],drive [ 47 ] [ 0 ] [ 1489 1899 1262 ] [   69   21   68 ] [  12833   8706  11148 ] [ 0 ],1.00,1.00,1.00,1.40,45.82,-41.14,0.00,0.00,0.00,0.00,0.00,0.00,0.00,0.00,0.00,0.00,0.00,0.00,-0.00,0.00,0.00,0
4.89992,44,-41,164,0,DRIVE [ 48 ] [ 1 ] [ 1518 1899 1263 ] [    0    0    0 ] [      0      0      0 ] [ 0 ],drive [ 48 ] [ 0 ] [ 1503 1899 1262 ] [   40    8   67 ] [  12833   8706  11148 ] [ 0 ],1.00,1.00,1.00,1.40,44.02,-40.99,0.00,0.00,0.00,0.00,0.00,0.00,0.00,0.00,0.00,0.00,0.00,0.00,-0.00,0.00,0.00,0
4.91048,42,-41,163,0,DRIVE [ 49 ] [ 1 ] [ 1534 1899 1265 ] [    0    0    0 ] [      0      0      0 ] [ 0 ],drive [ 48 ] [ 0 ] [ 1518 1899 1263 ] [   40    8   67 ] [  12833   8706  11148 ] [ 0 ],1.00,1.00,1.00,1.40,42.02,-40.79,0.00,0.00,0.00,0.00,0.00,0.00,0.00,0.00,0.00,0.00,0.00,0.00,-0.00,0.00,0.00,0
4.92053,40,-40,162,0,DRIVE [ 49 ] [ 1 ] [ 1551 1899 1267 ] [    0    0    0 ] [      0      0      0 ] [ 0 ],drive [ 49 ] [ 0 ] [ 1534 1899 1265 ] [   40    8   67 ] [  12833   8706  11148 ] [ 0 ],1.00,1.00,1.00,1.40,39.90,-40.49,0.00,0.00,0.00,0.00,0.00,0.00,0.00,0.00,0.00,0.00,0.00,0.00,-0.00,0.00,0.00,0
4.93112,38,-40,160,0,DRIVE [ 50 ] [ 1 ] [ 1570 1899 1269 ] [    0    0    0 ] [      0      0      0 ] [ 0 ],drive [ 49 ] [ 0 ] [ 1551 1899 1267 ] [   40    8   67 ] [  12833   8538  11148 ] [ 0 ],1.00,1.00,1.00,1.40,37.74,-40.23,0.00,0.00,0.00,0.00,0.00,0.00,0.00,0.00,0.00,0.00,0.00,0.00,-0.00,0.00,0.00,0
4.94285,36,-40,159,0,DRIVE [ 50 ] [ 1 ] [ 1588 1899 1272 ] [    0    0    0 ] [      0      0      0 ] [ 0 ],drive [ 50 ] [ 0 ] [ 1570 1899 1269 ] [   40    8   67 ] [  12833   8538  11148 ] [ 0 ],1.00,1.00,1.00,1.40,35.55,-39.90,0.00,0.00,0.00,0.00,0.00,0.00,0.00,0.00,0.00,0.00,0.00,0.00,-0.00,0.00,0.00,0
4.95294,33,-40,158,0,DRIVE [ 51 ] [ 1 ] [ 1606 1899 1274 ] [    0    0    0 ] [      0      0      0 ] [ 0 ],drive [ 50 ] [ 0 ] [ 1588 1899 1272 ] [   34    8   65 ] [  12833   8538  11148 ] [ 0 ],1.00,1.00,1.00,1.40,33.43,-39.58,0.00,0.00,0.00,0.00,0.00,0.00,0.00,0.00,0.00,0.00,0.00,0.00,-0.00,0.00,0.00,0
4.96479,31,-39,157,0,DRIVE [ 51 ] [ 1 ] [ 1624 1899 1276 ] [    0    0    0 ] [      0      0      0 ] [ 0 ],drive [ 51 ] [ 0 ] [ 1606 1899 1274 ] [   34    8   65 ] [  12833   8538  11148 ] [ 0 ],1.00,1.00,1.00,1.40,31.36,-39.30,0.00,0.00,0.00,0.00,0.00,0.00,-0.00,0.00,0.00,0.00,0.00,0.00,-0.00,0.00,0.00,0
4.97534,29,-39,156,0,DRIVE [ 52 ] [ 1 ] [ 1642 1899 1276 ] [    0    0    0 ] [      0      0      0 ] [ 0 ],drive [ 51 ] [ 0 ] [ 1624 1899 1276 ] [   34    8   65 ] [  12833   8538  11148 ] [ 0 ],1.00,1.00,1.00,1.40,29.35,-39.07,0.00,0.00,0.00,0.00,0.00,0.00,-0.00,0.00,0.00,0.00,0.00,0.00,-0.00,0.00,0.00,0
4.98524,27,-39,154,0,DRIVE [ 52 ] [ 1 ] [ 1658 1899 1277 ] [    0    0    0 ] [      0      0      0 ] [ 0 ],drive [ 52 ] [ 0 ] [ 1642 1899 1276 ] [   34    8   65 ] [  12829   8515  11148 ] [ 0 ],1.00,1.00,1.00,1.40,27.41,-38.77,0.00,0.00,0.00,0.00,0.00,0.00,-0.00,0.00,0.00,0.00,0.00,0.00,-0.00,0.00,0.00,0
4.99558,26,-39,153,0,DRIVE [ 53 ] [ 1 ] [ 1674 1899 1276 ] [    0    0    0 ] [      0      0      0 ] [ 0 ],drive [ 52 ] [ 0 ] [ 1658 1899 1277 ] [   25    6   65 ] [  12829   8515  11148 ] [ 0 ],1.00,1.00,1.00,1.40,25.57,-38.52,0.00,0.00,0.00,0.00,0.00,0.00,-0.00,0.00,0.00,0.00,0.00,0.00,-0.00,0.00,0.00,0
5.00538,24,-38,152,0,DRIVE [ 53 ] [ 1 ] [ 1690 1899 1275 ] [    0    0    0 ] [      0      0      0 ] [ 0 ],drive [ 53 ] [ 0 ] [ 1674 1899 1276 ] [   25    6   65 ] [  12829   8515  11148 ] [ 0 ],1.00,1.00,1.00,1.40,23.79,-38.25,0.00,0.00,0.00,0.00,0.00,0.00,-0.00,0.00,0.00,0.00,0.00,0.00,-0.00,0.00,0.00,0
5.0158,22,-38,151,0,DRIVE [ 54 ] [ 1 ] [ 1705 1899 1274 ] [    0    0    0 ] [      0      0      0 ] [ 0 ],drive [ 53 ] [ 0 ] [ 1690 1899 1275 ] [   25    6   65 ] [  12829   8515  11148 ] [ 0 ],1.00,1.00,1.00,1.40,22.05,-38.03,0.00,0.00,0.00,0.00,0.00,0.00,-0.00,0.00,0.00,0.00,0.00,0.00,-0.00,0.00,0.00,0
5.02594,20,-38,150,0,DRIVE [ 54 ] [ 1 ] [ 1720 1899 1273 ] [    0    0    0 ] [      0      0      0 ] [ 0 ],drive [ 54 ] [ 0 ] [ 1705 1899 1274 ] [   25    6   65 ] [  12829   8515  11148 ] [ 0 ],1.00,1.00,1.00,1.40,20.32,-37.75,0.00,0.00,0.00,0.00,0.00,0.00,-0.00,0.00,0.00,0.00,0.00,0.00,-0.00,0.00,0.00,0
5.03608,19,-37,149,0,DRIVE [ 55 ] [ 1 ] [ 1735 1899 1271 ] [    0    0    0 ] [      0      0      0 ] [ 0 ],drive [ 54 ] [ 0 ] [ 1720 1899 1273 ] [   25    6   65 ] [  12817   8515  11147 ] [ 0 ],1.00,1.00,1.00,1.40,18.62,-37.44,0.00,0.00,0.00,0.00,0.00,0.00,-0.00,0.00,0.00,0.00,0.00,0.00,-0.00,0.00,0.00,0
5.04634,17,-37,148,0,DRIVE [ 55 ] [ 1 ] [ 1750 1899 1269 ] [    0    0    0 ] [      0      0      0 ] [ 0 ],drive [ 55 ] [ 0 ] [ 1735 1899 1271 ] [   24    7   65 ] [  12817   8515  11147 ] [ 0 ],1.00,1.00,1.00,1.40,16.93,-37.13,0.00,0.00,0.00,0.00,0.00,0.00,-0.00,0.00,0.00,0.00,0.00,0.00,-0.00,0.00,0.00,0
5.05702,15,-37,146,0,DRIVE [ 56 ] [ 1 ] [ 1765 1899 1267 ] [    0    0    0 ] [      0      0      0 ] [ 0 ],drive [ 55 ] [ 0 ] [ 1750 1899 1269 ] [   24    7   65 ] [  12817   8515  11147 ] [ 0 ],1.00,1.00,1.00,1.40,15.24,-36.81,0.00,0.00,0.00,0.00,0.00,0.00,-0.00,0.00,0.00,0.00,0.00,0.00,-0.00,0.00,0.00,0
5.06671,14,-36,145,0,DRIVE [ 56 ] [ 1 ] [ 1780 1899 1263 ] [    0    0    0 ] [      0      0      0 ] [ 0 ],drive [ 56 ] [ 0 ] [ 1765 1899 1267 ] [   24    7   65 ] [  12817   8515  11147 ] [ 0 ],1.00,1.00,1.00,1.40,13.58,-36.48,0.00,0.00,0.00,0.00,0.00,0.00,-0.00,0.00,0.00,0.00,0.00,0.00,-0.00,0.00,0.00,0
5.07687,12,-36,144,0,DRIVE [ 57 ] [ 1 ] [ 1795 1899 1260 ] [    0    0    0 ] [      0      0      0 ] [ 0 ],drive [ 56 ] [ 0 ] [ 1780 1899 1263 ] [   24    7   65 ] [  12794   8515  11147 ] [ 0 ],1.00,1.00,1.00,1.40,11.94,-36.09,0.00,0.00,0.00,0.00,0.00,0.00,-0.00,0.00,0.00,0.00,0.00,0.00,-0.00,0.00,0.00,0
5.08645,10,-36,143,0,DRIVE [ 57 ] [ 1 ] [ 1809 1899 1256 ] [    0    0    0 ] [      0      0      0 ] [ 0 ],drive [ 57 ] [ 0 ] [ 1795 1899 1260 ] [   24    7   65 ] [  12794   8515  11147 ] [ 0 ],1.00,1.00,1.00,1.40,10.32,-35.70,0.00,0.00,0.00,0.00,0.00,0.00,-0.00,0.00,0.00,0.00,0.00,0.00,-0.00,0.00,0.00,0
5.09657,9,-35,142,0,DRIVE [ 58 ] [ 1 ] [ 1823 1899 1253 ] [    0    0    0 ] [      0      0      0 ] [ 0 ],drive [ 57 ] [ 0 ] [ 1809 1899 1256 ] [   39    6   66 ] [  12794   8515  11147 ] [ 0 ],1.00,1.00,1.00,1.40,8.79,-35.33,0.00,0.00,0.00,0.00,0.00,0.00,-0.00,0.00,0.00,0.00,0.00,0.00,-0.00,0.00,0.00,0
5.11389,7,-35,141,0,DRIVE [ 58 ] [ 1 ] [ 1837 1899 1248 ] [    0    0    0 ] [      0      0      0 ] [ 0 ],drive [ 58 ] [ 0 ] [ 1823 1899 1253 ] [   39    6   66 ] [  12794   8515  11147 ] [ 0 ],1.00,1.00,1.00,1.40,7.24,-34.87,0.00,0.00,0.00,0.00,0.00,0.00,-0.00,0.00,0.00,0.00,0.00,0.00,-0.00,0.00,0.00,0
5.12407,6,-34,140,0,DRIVE [ 59 ] [ 1 ] [ 1851 1899 1243 ] [    0    0    0 ] [      0      0      0 ] [ 0 ],drive [ 58 ] [ 0 ] [ 1837 1899 1248 ] [   39    6   66 ] [  12794   8515  11147 ] [ 0 ],1.00,1.00,1.00,1.40,5.76,-34.38,0.00,0.00,0.00,0.00,0.00,0.00,-0.00,0.00,0.00,0.00,0.00,0.00,-0.00,0.00,0.00,0
5.13388,4,-34,139,0,DRIVE [ 59 ] [ 1 ] [ 1863 1899 1240 ] [    0    0    0 ] [      0      0      0 ] [ 0 ],drive [ 59 ] [ 0 ] [ 1851 1899 1243 ] [   39    6   66 ] [  12624   8515  11148 ] [ 0 ],1.00,1.00,1.00,1.40,4.42,-33.77,0.00,0.00,0.00,0.00,0.00,0.00,-0.00,0.00,0.00,0.00,0.00,0.00,-0.00,0.00,0.00,0
5.14432,3,-33,137,0,DRIVE [ 60 ] [ 1 ] [ 1875 1899 1239 ] [    0    0    0 ] [      0      0      0 ] [ 0 ],drive [ 59 ] [ 0 ] [ 1863 1899 1240 ] [   29    6   68 ] [  12624   8515  11148 ] [ 0 ],1.00,1.00,1.00,1.40,3.15,-33.13,0.00,0.00,0.00,0.00,0.00,0.00,-0.00,0.00,0.00,0.00,0.00,0.00,-0.00,0.00,0.00,0
5.15658,2,-32,136,0,DRIVE [ 60 ] [ 1 ] [ 1886 1899 1237 ] [    0    0    0 ] [      0      0      0 ] [ 0 ],drive [ 60 ] [ 0 ] [ 1875 1899 1239 ] [   29    6   68 ] [  12624   8515  11148 ] [ 0 ],1.00,1.00,1.00,1.40,1.96,-32.45,0.00,0.00,0.00,0.00,0.00,0.00,-0.00,0.00,0.00,0.00,0.00,0.00,-0.00,0.00,0.00,0
5.16685,1,-32,135,0,DRIVE [ 61 ] [ 1 ] [ 1897 1899 1235 ] [    0    0    0 ] [      0      0      0 ] [ 0 ],drive [ 60 ] [ 0 ] [ 1886 1899 1237 ] [   29    6   68 ] [  12624   8515  11148 ] [ 0 ],1.00,1.00,1.00,1.40,0.80,-31.75,0.00,0.00,0.00,0.00,0.00,0.00,-0.00,0.00,0.00,0.00,0.00,0.00,-0.00,0.00,0.00,0
5.17731,0,-31,134,0,DRIVE [ 61 ] [ 1 ] [ 1897 1902 1241 ] [    0    0    0 ] [      0      0      0 ] [ 0 ],drive [ 61 ] [ 0 ] [ 1897 1899 1235 ] [   29    6   68 ] [  12624   8515  11148 ] [ 0 ],1.00,1.00,1.00,1.40,-0.34,-31.03,0.00,0.00,0.00,0.00,0.00,0.00,-0.00,0.00,0.00,0.00,0.00,0.00,0.00,0.00,0.00,0
5.18803,-1,-30,133,0,DRIVE [ 62 ] [ 1 ] [ 1897 1890 1261 ] [    0    0    0 ] [      0      0      0 ] [ 0 ],drive [ 61 ] [ 0 ] [ 1897 1902 1241 ] [   29    6   68 ] [  12422   8515  11148 ] [ 0 ],1.00,1.00,1.00,1.40,-1.49,-30.28,0.00,0.00,0.00,0.00,0.00,0.00,-0.00,0.00,0.00,0.00,0.00,0.00,0.00,0.00,0.00,0
5.20012,-3,-30,132,0,DRIVE [ 62 ] [ 1 ] [ 1897 1879 1281 ] [    0    0    0 ] [      0      0      0 ] [ 0 ],drive [ 62 ] [ 0 ] [ 1897 1890 1261 ] [   11    7   70 ] [  12422   8515  11148 ] [ 0 ],1.00,1.00,1.00,1.40,-2.60,-29.56,0.00,0.00,0.00,0.00,0.00,0.00,-0.00,0.00,0.00,0.00,0.00,0.00,0.00,0.00,0.00,0
5.21244,-4,-29,130,0,DRIVE [ 63 ] [ 1 ] [ 1897 1867 1300 ] [    0    0    0 ] [      0      0      0 ] [ 0 ],drive [ 62 ] [ 0 ] [ 1897 1879 1281 ] [   11    7   70 ] [  12422   8515  11148 ] [ 0 ],1.00,1.00,1.00,1.40,-3.72,-28.83,0.00,0.00,0.00,0.00,0.00,0.00,-0.00,0.00,0.00,0.00,0.00,0.00,0.00,0.00,0.00,0
5.22193,-5,-28,129,0,DRIVE [ 63 ] [ 1 ] [ 1897 1855 1317 ] [    0    0    0 ] [      0      0      0 ] [ 0 ],drive [ 63 ] [ 0 ] [ 1897 1867 1300 ] [   11    7   70 ] [  12422   8515  11148 ] [ 0 ],1.00,1.00,1.00,1.40,-4.84,-28.13,0.00,0.00,0.00,0.00,0.00,0.00,-0.00,0.00,0.00,0.00,0.00,0.00,0.00,0.00,0.00,0
5.23335,-6,-27,128,0,DRIVE [ 64 ] [ 1 ] [ 1897 1843 1333 ] [    0    0    0 ] [      0      0      0 ] [ 0 ],drive [ 63 ] [ 0 ] [ 1897 1855 1317 ] [   11    7   70 ] [  12342   8515  11148 ] [ 0 ],1.00,1.00,1.00,1.40,-5.96,-27.45,0.00,0.00,0.00,0.00,0.00,0.00,-0.00,0.00,0.00,0.00,0.00,0.00,0.00,0.00,0.00,0
5.2441,-7,-27,127,0,DRIVE [ 64 ] [ 1 ] [ 1897 1829 1349 ] [    0    0    0 ] [      0      0      0 ] [ 0 ],drive [ 64 ] [ 0 ] [ 1897 1843 1333 ] [   20   10   62 ] [  12342   8515  11148 ] [ 0 ],1.00,1.00,1.00,1.40,-7.21,-26.77,0.00,0.00,0.00,0.00,0.00,0.00,-0.00,0.00,0.00,0.00,0.00,0.00,0.00,0.00,0.00,0
5.2557,-9,-26,125,0,DRIVE [ 65 ] [ 1 ] [ 1897 1814 1364 ] [    0    0    0 ] [      0      0      0 ] [ 0 ],drive [ 64 ] [ 0 ] [ 1897 1829 1349 ] [   20   10   62 ] [  12342   8515  11148 ] [ 0 ],1.00,1.00,1.00,1.40,-8.53,-26.13,0.00,0.00,0.00,0.00,0.00,0.00,-0.00,0.00,0.00,0.00,0.00,0.00,0.00,0.00,0.00,0
5.26825,-10,-25,124,0,DRIVE [ 65 ] [ 1 ] [ 1897 1797 1377 ] [    0    0    0 ] [      0      0      0 ] [ 0 ],drive [ 65 ] [ 0 ] [ 1897 1814 1364 ] [   20   10   62 ] [  12342   8515  11148 ] [ 0 ],1.00,1.00,1.00,1.40,-9.86,-25.49,0.00,0.00,0.00,0.00,0.00,0.00,-0.00,0.00,0.00,0.00,0.00,0.00,0.00,0.00,0.00,0
5.27829,-11,-25,123,0,DRIVE [ 66 ] [ 1 ] [ 1897 1780 1388 ] [    0    0    0 ] [      0      0      0 ] [ 0 ],drive [ 65 ] [ 0 ] [ 1897 1797 1377 ] [   20   10   62 ] [  12342   8516  11146 ] [ 0 ],1.00,1.00,1.00,1.40,-11.23,-24.91,0.00,0.00,0.00,0.00,0.00,0.00,-0.00,0.00,0.00,0.00,0.00,0.00,0.00,0.00,0.00,0
5.28797,-13,-24,121,0,DRIVE [ 66 ] [ 1 ] [ 1897 1763 1397 ] [    0    0    0 ] [      0      0      0 ] [ 0 ],drive [ 66 ] [ 0 ] [ 1897 1780 1388 ] [   20   10   62 ] [  12342   8516  11146 ] [ 0 ],1.00,1.00,1.00,1.40,-12.59,-24.31,0.00,0.00,0.00,0.00,0.00,0.00,-0.00,0.00,0.00,0.00,0.00,0.00,0.00,0.00,0.00,0
5.30039,-14,-24,120,0,DRIVE [ 67 ] [ 1 ] [ 1897 1744 1405 ] [    0    0    0 ] [      0      0      0 ] [ 0 ],drive [ 66 ] [ 0 ] [ 1897 1763 1397 ] [   22   18   55 ] [  12342   8516  11146 ] [ 0 ],1.00,1.00,1.00,1.40,-13.95,-23.73,0.00,0.00,0.00,0.00,0.00,0.00,-0.00,0.00,0.00,0.00,0.00,0.00,0.00,0.00,0.00,0
5.31236,-15,-23,119,0,DRIVE [ 67 ] [ 1 ] [ 1897 1724 1412 ] [    0    0    0 ] [      0      0      0 ] [ 0 ],drive [ 67 ] [ 0 ] [ 1897 1744 1405 ] [   22   18   55 ] [  12342   8516  11146 ] [ 0 ],1.00,1.00,1.00,1.40,-15.38,-23.16,0.00,0.00,0.00,0.00,0.00,0.00,-0.00,0.00,0.00,0.00,0.00,0.00,0.00,0.00,0.00,0
5.32415,-17,-23,118,0,DRIVE [ 68 ] [ 1 ] [ 1897 1703 1417 ] [    0    0    0 ] [      0      0      0 ] [ 0 ],drive [ 67 ] [ 0 ] [ 1897 1724 1412 ] [   22   18   55 ] [  12342   8516  11146 ] [ 0 ],1.00,1.00,1.00,1.40,-16.85,-22.65,0.00,0.00,0.00,0.00,0.00,0.00,-0.00,0.00,0.00,0.00,0.00,0.00,0.00,0.00,0.00,0
5.33621,-18,-22,116,0,DRIVE [ 68 ] [ 1 ] [ 1897 1680 1419 ] [    0    0    0 ] [      0      0      0 ] [ 0 ],drive [ 68 ] [ 0 ] [ 1897 1703 1417 ] [   22   18   55 ] [  12339   8528  11129 ] [ 0 ],1.00,1.00,1.00,1.40,-18.36,-22.18,0.00,0.00,0.00,0.00,0.00,0.00,-0.00,0.00,0.00,0.00,0.00,0.00,0.00,0.00,0.00,0
5.34723,-20,-22,115,0,DRIVE [ 69 ] [ 1 ] [ 1897 1655 1418 ] [    0    0    0 ] [      0      0      0 ] [ 0 ],drive [ 68 ] [ 0 ] [ 1897 1680 1419 ] [   23   34   63 ] [  12339   8528  11129 ] [ 0 ],1.00,1.00,1.00,1.40,-19.90,-21.79,0.00,0.00,0.00,0.00,0.00,0.00,-0.00,0.00,0.00,0.00,0.00,0.00,0.00,0.00,0.00,0
5.35792,-21,-21,114,0,DRIVE [ 69 ] [ 1 ] [ 1897 1630 1417 ] [    0    0    0 ] [      0      0      0 ] [ 0 ],drive [ 69 ] [ 0 ] [ 1897 1655 1418 ] [   23   34   63 ] [  12339   8528  11129 ] [ 0 ],1.00,1.00,1.00,1.40,-21.43,-21.35,0.00,0.00,0.00,0.00,0.00,0.00,-0.00,0.00,0.00,0.00,0.00,0.00,0.00,0.00,0.00,0
5.36955,-23,-21,112,0,DRIVE [ 70 ] [ 1 ] [ 1897 1603 1416 ] [    0    0    0 ] [      0      0      0 ] [ 0 ],drive [ 69 ] [ 0 ] [ 1897 1630 1417 ] [   23   34   63 ] [  12339   8528  11129 ] [ 0 ],1.00,1.00,1.00,1.40,-22.94,-20.91,0.00,0.00,0.00,0.00,0.00,0.00,-0.00,0.00,0.00,0.00,0.00,0.00,0.00,0.00,0.00,0
5.39245,-25,-20,111,0,DRIVE [ 70 ] [ 1 ] [ 1897 1571 1413 ] [    0    0    0 ] [      0      0      0 ] [ 0 ],drive [ 70 ] [ 0 ] [ 1897 1603 1416 ] [   23   34   63 ] [  12331   8634  11098 ] [ 0 ],1.00,1.00,1.00,1.40,-24.69,-20.36,0.00,0.00,0.00,0.00,0.00,0.00,-0.00,0.00,0.00,0.00,0.00,0.00,0.00,0.00,0.00,0
5.40406,-26,-20,109,0,DRIVE [ 71 ] [ 1 ] [ 1897 1543 1409 ] [    0    0    0 ] [      0      0      0 ] [ 0 ],drive [ 70 ] [ 0 ] [ 1897 1571 1413 ] [   13   36   62 ] [  12331   8634  11098 ] [ 0 ],1.00,1.00,1.00,1.40,-26.12,-19.84,0.00,0.00,0.00,0.00,0.00,0.00,-0.00,0.00,0.00,0.00,0.00,0.00,0.00,0.00,0.00,0
5.41403,-27,-19,107,0,DRIVE [ 71 ] [ 1 ] [ 1897 1517 1407 ] [    0    0    0 ] [      0      0      0 ] [ 0 ],drive [ 71 ] [ 0 ] [ 1897 1543 1409 ] [   13   36   62 ] [  12331   8634  11098 ] [ 0 ],1.00,1.00,1.00,1.40,-27.29,-19.33,0.00,0.00,0.00,0.00,0.00,0.00,-0.00,0.00,0.00,0.00,0.00,0.00,0.00,0.00,0.00,0
5.42358,-28,-19,106,0,DRIVE [ 72 ] [ 1 ] [ 1897 1494 1406 ] [    0    0    0 ] [      0      0      0 ] [ 0 ],drive [ 71 ] [ 0 ] [ 1897 1517 1407 ] [   13   36   62 ] [  12331   8634  11098 ] [ 0 ],1.00,1.00,1.00,1.40,-28.28,-18.80,0.00,0.00,0.00,0.00,0.00,-0.00,-0.00,0.00,0.00,0.00,0.00,0.00,0.00,0.00,0.00,0
5.4366,-29,-18,104,0,DRIVE [ 72 ] [ 1 ] [ 1897 1475 1405 ] [    0    0    0 ] [      0      0      0 ] [ 0 ],drive [ 72 ] [ 0 ] [ 1897 1494 1406 ] [   13   36   62 ] [  12108   8879  11098 ] [ 0 ],1.00,1.00,1.00,1.40,-28.99,-18.31,0.00,0.00,0.00,0.00,0.00,-0.00,-0.00,0.00,0.00,0.00,0.00,0.00,0.00,0.00,0.00,0
5.44808,-30,-18,103,0,DRIVE [ 73 ] [ 1 ] [ 1897 1457 1404 ] [    0    0    0 ] [      0      0      0 ] [ 0 ],drive [ 72 ] [ 0 ] [ 1897 1475 1405 ] [    2   55   63 ] [  12108   8879  11098 ] [ 0 ],1.00,1.00,1.00,1.40,-29.65,-17.83,0.00,0.00,0.00,0.00,0.00,-0.00,-0.00,0.00,0.00,0.00,0.00,0.00,0.00,0.00,0.00,0
5.45972,-30,-17,102,0,DRIVE [ 73 ] [ 1 ] [ 1897 1440 1404 ] [    0    0    0 ] [      0      0      0 ] [ 0 ],drive [ 73 ] [ 0 ] [ 1897 1457 1404 ] [    2   55   63 ] [  12108   8879  11098 ] [ 0 ],1.00,1.00,1.00,1.40,-30.20,-17.34,0.00,0.00,0.00,0.00,0.00,-0.00,-0.00,0.00,0.00,0.00,0.00,0.00,0.00,0.00,0.00,0
5.46921,-31,-17,101,0,DRIVE [ 74 ] [ 1 ] [ 1897 1424 1405 ] [    0    0    0 ] [      0      0      0 ] [ 0 ],drive [ 73 ] [ 0 ] [ 1897 1440 1404 ] [    2   55   63 ] [  12108   8879  11098 ] [ 0 ],1.00,1.00,1.00,1.40,-30.69,-16.83,0.00,0.00,0.00,0.00,0.00,-0.00,-0.00,0.00,0.00,0.00,0.00,0.00,0.00,0.00,0.00,0
5.47983,-31,-16,100,0,DRIVE [ 74 ] [ 1 ] [ 1897 1408 1406 ] [    0    0    0 ] [      0      0      0 ] [ 0 ],drive [ 74 ] [ 0 ] [ 1897 1424 1405 ] [    2   55   63 ] [  11975   9140  11098 ] [ 0 ],1.00,1.00,1.00,1.40,-31.15,-16.33,0.00,0.00,0.00,0.00,0.00,-0.00,-0.00,0.00,0.00,0.00,0.00,0.00,0.00,0.00,0.00,0
5.49194,-32,-16,98,0,DRIVE [ 75 ] [ 1 ] [ 1897 1392 1407 ] [    0    0    0 ] [      0      0      0 ] [ 0 ],drive [ 74 ] [ 0 ] [ 1897 1408 1406 ] [    2   55   63 ] [  11975   9140  11098 ] [ 0 ],1.00,1.00,1.00,1.40,-31.56,-15.79,0.00,0.00,0.00,0.00,0.00,-0.00,-0.00,0.00,0.00,0.00,0.00,0.00,0.00,0.00,0.00,0
5.50385,-32,-15,97,0,DRIVE [ 75 ] [ 1 ] [ 1897 1376 1410 ] [    0    0    0 ] [      0      0      0 ] [ 0 ],drive [ 75 ] [ 0 ] [ 1897 1392 1407 ] [    2   52   64 ] [  11975   9140  11098 ] [ 0 ],1.00,1.00,1.00,1.40,-31.90,-15.19,0.00,0.00,0.00,0.00,0.00,-0.00,-0.00,0.00,0.00,0.00,0.00,0.00,0.00,0.00,0.00,0
5.51603,-32,-15,96,0,DRIVE [ 76 ] [ 1 ] [ 1897 1360 1413 ] [    0    0    0 ] [      0      0      0 ] [ 0 ],drive [ 75 ] [ 0 ] [ 1897 1376 1410 ] [    2   52   64 ] [  11975   9140  11098 ] [ 0 ],1.00,1.00,1.00,1.40,-32.22,-14.56,0.00,0.00,0.00,0.00,0.00,-0.00,-0.00,0.00,0.00,0.00,0.00,0.00,0.00,0.00,0.00,0
5.52851,-32,-14,94,0,DRIVE [ 76 ] [ 1 ] [ 1897 1345 1417 ] [    0    0    0 ] [      0      0      0 ] [ 0 ],drive [ 76 ] [ 0 ] [ 1897 1360 1413 ] [    2   52   64 ] [  11975   9140  11098 ] [ 0 ],1.00,1.00,1.00,1.40,-32.43,-13.92,0.00,0.00,0.00,0.00,0.00,-0.00,-0.00,0.00,0.00,0.00,0.00,0.00,0.00,0.00,0.00,0
5.53798,-33,-13,93,0,DRIVE [ 77 ] [ 1 ] [ 1897 1333 1421 ] [    0    0    0 ] [      0      0      0 ] [ 0 ],drive [ 76 ] [ 0 ] [ 1897 1345 1417 ] [    2   52   64 ] [  11872   9311  11098 ] [ 0 ],1.00,1.00,1.00,1.40,-32.51,-13.32,0.00,0.00,0.00,0.00,0.00,-0.00,-0.00,0.00,0.00,0.00,0.00,0.00,0.00,0.00,0.00,0
5.5483,-32,-13,92,0,DRIVE [ 77 ] [ 1 ] [ 1897 1324 1427 ] [    0    0    0 ] [      0      0      0 ] [ 0 ],drive [ 77 ] [ 0 ] [ 1897 1333 1421 ] [   29   58   63 ] [  11872   9311  11098 ] [ 0 ],1.00,1.00,1.00,1.40,-32.41,-12.72,0.00,0.00,0.00,0.00,0.00,-0.00,-0.00,0.00,0.00,0.00,0.00,0.00,0.00,0.00,0.00,0
5.56033,-32,-12,91,0,DRIVE [ 78 ] [ 1 ] [ 1897 1317 1433 ] [    0    0    0 ] [      0      0      0 ] [ 0 ],drive [ 77 ] [ 0 ] [ 1897 1324 1427 ] [   29   58   63 ] [  11872   9311  11098 ] [ 0 ],1.00,1.00,1.00,1.40,-32.24,-12.18,0.00,0.00,0.00,0.00,0.00,-0.00,-0.00,0.00,0.00,0.00,0.00,0.00,0.00,0.00,0.00,0
5.57194,-32,-12,90,0,DRIVE [ 78 ] [ 1 ] [ 1897 1312 1439 ] [    0    0    0 ] [      0      0      0 ] [ 0 ],drive [ 78 ] [ 0 ] [ 1897 1317 1433 ] [   29   58   63 ] [  11872   9311  11098 ] [ 0 ],1.00,1.00,1.00,1.40,-31.91,-11.64,0.00,0.00,0.00,0.00,0.00,-0.00,-0.00,0.00,0.00,0.00,0.00,0.00,0.00,0.00,0.00,0
5.58419,-31,-11,89,0,DRIVE [ 79 ] [ 1 ] [ 1897 1312 1445 ] [    0    0    0 ] [      0      0      0 ] [ 0 ],drive [ 78 ] [ 0 ] [ 1897 1312 1439 ] [   29   58   63 ] [  11850   9578  11085 ] [ 0 ],1.00,1.00,1.00,1.40,-31.42,-11.20,0.00,0.00,0.00,0.00,0.00,-0.00,-0.00,0.00,0.00,0.00,0.00,0.00,0.00,0.00,0.00,0
5.596,-31,-11,88,0,DRIVE [ 79 ] [ 1 ] [ 1897 1316 1451 ] [    0    0    0 ] [      0      0      0 ] [ 0 ],drive [ 79 ] [ 0 ] [ 1897 1312 1445 ] [   28   72   44 ] [  11850   9578  11085 ] [ 0 ],1.00,1.00,1.00,1.40,-30.78,-10.88,0.00,0.00,0.00,0.00,0.00,-0.00,-0.00,0.00,0.00,0.00,0.00,0.00,0.00,0.00,0.00,0
5.60546,-30,-11,87,0,DRIVE [ 80 ] [ 1 ] [ 1897 1323 1454 ] [    0    0    0 ] [      0      0      0 ] [ 0 ],drive [ 79 ] [ 0 ] [ 1897 1316 1451 ] [   28   72   44 ] [  11850   9578  11085 ] [ 0 ],1.00,1.00,1.00,1.40,-30.06,-10.73,0.00,0.00,0.00,0.00,0.00,-0.00,-0.00,0.00,0.00,0.00,0.00,0.00,0.00,0.00,0.00,0
5.61605,-29,-11,86,0,DRIVE [ 80 ] [ 1 ] [ 1897 1334 1454 ] [    0    0    0 ] [      0      0      0 ] [ 0 ],drive [ 80 ] [ 0 ] [ 1897 1323 1454 ] [   28   72   44 ] [  11850   9578  11085 ] [ 0 ],1.00,1.00,1.00,1.40,-29.30,-10.76,0.00,0.00,0.00,0.00,0.00,-0.00,-0.00,0.00,0.00,0.00,0.00,0.00,0.00,0.00,0.00,0
5.62796,-29,-11,85,0,DRIVE [ 81 ] [ 1 ] [ 1897 1345 1453 ] [    0    0    0 ] [      0      0      0 ] [ 0 ],drive [ 80 ] [ 0 ] [ 1897 1334 1454 ] [   28   72   44 ] [  11850   9578  11085 ] [ 0 ],1.00,1.00,1.00,1.40,-28.52,-10.87,0.00,0.00,0.00,0.00,0.00,-0.00,-0.00,0.00,0.00,0.00,0.00,0.00,0.00,0.00,0.00,0
5.63954,-28,-11,84,0,DRIVE [ 81 ] [ 1 ] [ 1897 1357 1451 ] [    0    0    0 ] [      0      0      0 ] [ 0 ],drive [ 81 ] [ 0 ] [ 1897 1345 1453 ] [   28   72   44 ] [  11844   9793  10895 ] [ 0 ],1.00,1.00,1.00,1.40,-27.72,-11.01,0.00,0.00,0.00,0.00,0.00,-0.00,-0.00,0.00,0.00,0.00,0.00,0.00,0.00,0.00,0.00,0
5.652,-27,-11,83,0,DRIVE [ 82 ] [ 1 ] [ 1897 1372 1449 ] [    0    0    0 ] [      0      0      0 ] [ 0 ],drive [ 81 ] [ 0 ] [ 1897 1357 1451 ] [   23   58   53 ] [  11844   9793  10895 ] [ 0 ],1.00,1.00,1.00,1.40,-26.80,-11.19,0.00,0.00,0.00,0.00,0.00,-0.00,-0.00,0.00,0.00,0.00,0.00,0.00,0.00,0.00,0.00,0
5.66272,-26,-11,82,0,DRIVE [ 82 ] [ 1 ] [ 1897 1389 1449 ] [    0    0    0 ] [      0      0      0 ] [ 0 ],drive [ 82 ] [ 0 ] [ 1897 1372 1449 ] [   23   58   53 ] [  11844   9793  10895 ] [ 0 ],1.00,1.00,1.00,1.40,-25.81,-11.33,0.00,0.00,0.00,0.00,0.00,-0.00,-0.00,0.00,0.00,0.00,0.00,0.00,0.00,0.00,0.00,0
5.67383,-25,-11,81,0,DRIVE [ 83 ] [ 1 ] [ 1897 1406 1449 ] [    0    0    0 ] [      0      0      0 ] [ 0 ],drive [ 82 ] [ 0 ] [ 1897 1389 1449 ] [   23   58   53 ] [  11844   9793  10895 ] [ 0 ],1.00,1.00,1.00,1.40,-24.77,-11.41,0.00,0.00,0.00,0.00,0.00,-0.00,-0.00,0.00,0.00,0.00,0.00,0.00,0.00,0.00,0.00,0
5.68346,-24,-11,80,0,DRIVE [ 83 ] [ 1 ] [ 1897 1426 1450 ] [    0    0    0 ] [      0      0      0 ] [ 0 ],drive [ 83 ] [ 0 ] [ 1897 1406 1449 ] [   23   58   53 ] [  11811   9884  10880 ] [ 0 ],1.00,1.00,1.00,1.40,-23.68,-11.48,0.00,0.00,0.00,0.00,0.00,-0.00,-0.00,0.00,0.00,0.00,0.00,0.00,0.00,0.00,0.00,0
5.69588,-23,-12,79,0,DRIVE [ 84 ] [ 1 ] [ 1897 1446 1452 ] [    0    0    0 ] [      0      0      0 ] [ 0 ],drive [ 83 ] [ 0 ] [ 1897 1426 1450 ] [   25   58   54 ] [  11811   9884  10880 ] [ 0 ],1.00,1.00,1.00,1.40,-22.53,-11.57,0.00,0.00,0.00,0.00,0.00,-0.00,-0.00,0.00,0.00,0.00,0.00,0.00,0.00,0.00,0.00,0
5.7079,-21,-12,78,0,DRIVE [ 84 ] [ 1 ] [ 1897 1470 1453 ] [    0    0    0 ] [      0      0      0 ] [ 0 ],drive [ 84 ] [ 0 ] [ 1897 1446 1452 ] [   25   58   54 ] [  11811   9884  10880 ] [ 0 ],1.00,1.00,1.00,1.40,-21.29,-11.64,0.00,0.00,0.00,0.00,0.00,-0.00,-0.00,0.00,0.00,0.00,0.00,0.00,0.00,0.00,0.00,0
5.71988,-20,-12,77,0,DRIVE [ 85 ] [ 1 ] [ 1897 1495 1455 ] [    0    0    0 ] [      0      0      0 ] [ 0 ],drive [ 84 ] [ 0 ] [ 1897 1470 1453 ] [   25   58   54 ] [  11811   9884  10880 ] [ 0 ],1.00,1.00,1.00,1.40,-19.97,-11.74,0.00,0.00,0.00,0.00,0.00,-0.00,-0.00,0.00,0.00,0.00,0.00,0.00,0.00,0.00,0.00,0
5.72978,-19,-12,76,0,DRIVE [ 85 ] [ 1 ] [ 1897 1524 1456 ] [    0    0    0 ] [      0      0      0 ] [ 0 ],drive [ 85 ] [ 0 ] [ 1897 1495 1455 ] [   25   58   54 ] [  11708   9882  10880 ] [ 0 ],1.00,1.00,1.00,1.40,-18.55,-11.87,0.00,0.00,0.00,0.00,0.00,-0.00,-0.00,0.00,0.00,0.00,0.00,0.00,0.00,0.00,0.00,0
5.74017,-17,-12,75,0,DRIVE [ 86 ] [ 1 ] [ 1897 1554 1455 ] [    0    0    0 ] [      0      0      0 ] [ 0 ],drive [ 85 ] [ 0 ] [ 1897 1524 1456 ] [   25   58   54 ] [  11708   9882  10880 ] [ 0 ],1.00,1.00,1.00,1.40,-17.04,-12.05,0.00,0.00,0.00,0.00,0.00,-0.00,-0.00,0.00,0.00,0.00,0.00,0.00,0.00,0.00,0.00,0
5.75226,-15,-12,74,0,DRIVE [ 86 ] [ 1 ] [ 1897 1587 1454 ] [    0    0    0 ] [      0      0      0 ] [ 0 ],drive [ 86 ] [ 0 ] [ 1897 1554 1455 ] [    6   45   53 ] [  11708   9882  10880 ] [ 0 ],1.00,1.00,1.00,1.40,-15.49,-12.27,0.00,0.00,0.00,0.00,0.00,-0.00,-0.00,0.00,0.00,0.00,0.00,0.00,0.00,0.00,0.00,0
5.76412,-14,-13,72,0,DRIVE [ 87 ] [ 1 ] [ 1897 1621 1449 ] [    0    0    0 ] [      0      0      0 ] [ 0 ],drive [ 86 ] [ 0 ] [ 1897 1587 1454 ] [    6   45   53 ] [  11708   9882  10880 ] [ 0 ],1.00,1.00,1.00,1.40,-13.88,-12.53,0.00,0.00,0.00,0.00,0.00,-0.00,-0.00,0.00,0.00,0.00,0.00,0.00,0.00,0.00,0.00,0
5.77607,-12,-13,71,0,DRIVE [ 87 ] [ 1 ] [ 1897 1656 1440 ] [    0    0    0 ] [      0      0      0 ] [ 0 ],drive [ 87 ] [ 0 ] [ 1897 1621 1449 ] [    6   45   53 ] [  11708   9882  10880 ] [ 0 ],1.00,1.00,1.00,1.40,-12.23,-12.83,0.00,0.00,0.00,0.00,0.00,-0.00,-0.00,0.00,0.00,0.00,0.00,0.00,0.00,0.00,0.00,0
5.7879,-11,-13,70,0,DRIVE [ 88 ] [ 1 ] [ 1897 1690 1428 ] [    0    0    0 ] [      0      0      0 ] [ 0 ],drive [ 87 ] [ 0 ] [ 1897 1656 1440 ] [    6   45   53 ] [  11708   9871  10880 ] [ 0 ],1.00,1.00,1.00,1.40,-10.58,-13.16,0.00,0.00,0.00,0.00,0.00,-0.00,-0.00,0.00,0.00,0.00,0.00,0.00,0.00,0.00,0.00,0
5.79785,-9,-14,69,0,DRIVE [ 88 ] [ 1 ] [ 1897 1725 1410 ] [    0    0    0 ] [      0      0      0 ] [ 0 ],drive [ 88 ] [ 0 ] [ 1897 1690 1428 ] [    6   38   54 ] [  11708   9871  10880 ] [ 0 ],1.00,1.00,1.00,1.40,-8.91,-13.52,0.00,0.00,0.00,0.00,0.00,-0.00,-0.00,0.00,0.00,0.00,0.00,0.00,0.00,0.00,0.00,0
5.80806,-7,-14,68,0,DRIVE [ 89 ] [ 1 ] [ 1897 1758 1386 ] [    0    0    0 ] [      0      0      0 ] [ 0 ],drive [ 88 ] [ 0 ] [ 1897 1725 1410 ] [    6   38   54 ] [  11708   9871  10880 ] [ 0 ],1.00,1.00,1.00,1.40,-7.26,-13.90,0.00,0.00,0.00,0.00,0.00,-0.00,-0.00,0.00,0.00,0.00,0.00,0.00,0.00,0.00,0.00,0
5.81973,-6,-14,67,0,DRIVE [ 89 ] [ 1 ] [ 1897 1791 1354 ] [    0    0    0 ] [      0      0      0 ] [ 0 ],drive [ 89 ] [ 0 ] [ 1897 1758 1386 ] [    6   38   54 ] [  11708   9871  10880 ] [ 0 ],1.00,1.00,1.00,1.40,-5.62,-14.31,0.00,0.00,0.00,0.00,0.00,-0.00,-0.00,0.00,0.00,0.00,0.00,0.00,0.00,0.00,0.00,0
5.83202,-4,-15,65,0,DRIVE [ 90 ] [ 1 ] [ 1897 1823 1314 ] [    0    0    0 ] [      0      0      0 ] [ 0 ],drive [ 89 ] [ 0 ] [ 1897 1791 1354 ] [    6   38   54 ] [  11706   9719  10880 ] [ 0 ],1.00,1.00,1.00,1.40,-4.01,-14.73,0.00,0.00,0.00,0.00,0.00,-0.00,-0.00,0.00,0.00,0.00,0.00,0.00,0.00,0.00,0.00,0
5.84393,-2,-15,64,0,DRIVE [ 90 ] [ 1 ] [ 1897 1855 1266 ] [    0    0    0 ] [      0      0      0 ] [ 0 ],drive [ 90 ] [ 0 ] [ 1897 1823 1314 ] [    4   13   61 ] [  11706   9719  10880 ] [ 0 ],1.00,1.00,1.00,1.40,-2.44,-15.16,0.00,0.00,0.00,0.00,0.00,-0.00,-0.00,0.00,0.00,0.00,0.00,0.00,0.00,0.00,0.00,0
5.85314,-1,-16,63,0,DRIVE [ 91 ] [ 1 ] [ 1897 1886 1209 ] [    0    0    0 ] [      0      0      0 ] [ 0 ],drive [ 90 ] [ 0 ] [ 1897 1855 1266 ] [    4   13   61 ] [  11706   9719  10880 ] [ 0 ],1.00,1.00,1.00,1.40,-0.89,-15.61,0.00,0.00,0.00,0.00,0.00,-0.00,-0.00,0.00,0.00,0.00,0.00,0.00,0.00,0.00,0.00,0
5.86401,1,-16,62,0,DRIVE [ 91 ] [ 1 ] [ 1893 1886 1169 ] [    0    0    0 ] [      0      0      0 ] [ 0 ],drive [ 91 ] [ 0 ] [ 1897 1886 1209 ] [    4   13   61 ] [  11706   9719  10880 ] [ 0 ],1.00,1.00,1.00,1.40,0.56,-16.04,0.00,0.00,0.00,0.00,0.00,-0.00,-0.00,0.00,0.00,0.00,0.00,0.00,0.00,0.00,0.00,0
5.87598,2,-16,60,0,DRIVE [ 92 ] [ 1 ] [ 1861 1886 1160 ] [    0    0    0 ] [      0      0      0 ] [ 0 ],drive [ 91 ] [ 0 ] [ 1893 1886 1169 ] [    4   13   61 ] [  11706   9719  10880 ] [ 0 ],1.00,1.00,1.00,1.40,2.03,-16.49,0.00,0.00,0.00,0.00,0.00,-0.00,-0.00,0.00,0.00,0.00,0.00,0.00,0.00,0.00,0.00,0
5.88776,3,-17,59,0,DRIVE [ 92 ] [ 1 ] [ 1827 1886 1146 ] [    0    0    0 ] [      0      0      0 ] [ 0 ],drive [ 92 ] [ 0 ] [ 1861 1886 1160 ] [    4   13   61 ] [  11707   9435  10897 ] [ 0 ],1.00,1.00,1.00,1.40,3.48,-16.91,0.00,0.00,0.00,0.00,0.00,-0.00,-0.00,0.00,0.00,0.00,0.00,0.00,0.00,0.00,0.00,0
5.9002,5,-17,57,0,DRIVE [ 93 ] [ 1 ] [ 1793 1886 1129 ] [    0    0    0 ] [      0      0      0 ] [ 0 ],drive [ 92 ] [ 0 ] [ 1827 1886 1146 ] [    9   23   74 ] [  11707   9435  10897 ] [ 0 ],1.00,1.00,1.00,1.40,4.91,-17.30,0.00,0.00,0.00,0.00,0.00,-0.00,-0.00,0.00,0.00,0.00,0.00,0.00,0.00,0.00,0.00,0
5.91205,6,-18,56,0,DRIVE [ 93 ] [ 1 ] [ 1756 1886 1107 ] [    0    0    0 ] [      0      0      0 ] [ 0 ],drive [ 93 ] [ 0 ] [ 1793 1886 1129 ] [    9   23   74 ] [  11707   9435  10897 ] [ 0 ],1.00,1.00,1.00,1.40,6.33,-17.68,0.00,0.00,0.00,0.00,0.00,-0.00,-0.00,0.00,0.00,0.00,0.00,0.00,0.00,0.00,0.00,0
5.92176,8,-18,55,0,DRIVE [ 94 ] [ 1 ] [ 1717 1886 1080 ] [    0    0    0 ] [      0      0      0 ] [ 0 ],drive [ 93 ] [ 0 ] [ 1756 1886 1107 ] [    9   23   74 ] [  11707   9435  10897 ] [ 0 ],1.00,1.00,1.00,1.40,7.79,-18.12,0.00,0.00,0.00,0.00,0.00,-0.00,-0.00,0.00,0.00,0.00,0.00,0.00,0.00,0.00,0.00,0
5.93213,9,-19,53,0,DRIVE [ 94 ] [ 1 ] [ 1676 1886 1049 ] [    0    0    0 ] [      0      0      0 ] [ 0 ],drive [ 94 ] [ 0 ] [ 1717 1886 1080 ] [    9   23   74 ] [  11723   9305  10935 ] [ 0 ],1.00,1.00,1.00,1.40,9.22,-18.57,0.00,0.00,0.00,0.00,0.00,-0.00,-0.00,0.00,0.00,0.00,0.00,0.00,0.00,0.00,0.00,0
5.94395,11,-19,52,0,DRIVE [ 95 ] [ 1 ] [ 1632 1886 1015 ] [    0    0    0 ] [      0      0      0 ] [ 0 ],drive [ 94 ] [ 0 ] [ 1676 1886 1049 ] [   34    4  100 ] [  11723   9305  10935 ] [ 0 ],1.00,1.00,1.00,1.40,10.70,-19.03,0.00,0.00,0.00,0.00,0.00,-0.00,-0.00,0.00,0.00,0.00,0.00,0.00,0.00,0.00,0.00,0
5.95577,12,-19,51,0,DRIVE [ 95 ] [ 1 ] [ 1589 1886 1005 ] [    0    0    0 ] [      0      0      0 ] [ 0 ],drive [ 95 ] [ 0 ] [ 1632 1886 1015 ] [   34    4  100 ] [  11723   9305  10935 ] [ 0 ],1.00,1.00,1.00,1.40,12.09,-19.45,0.00,0.00,0.00,0.00,0.00,-0.00,-0.00,0.00,0.00,0.00,0.00,0.00,0.00,0.00,0.00,0
5.96807,13,-20,50,0,DRIVE [ 96 ] [ 1 ] [ 1548 1886 1005 ] [    0    0    0 ] [      0      0      0 ] [ 0 ],drive [ 95 ] [ 0 ] [ 1589 1886 1005 ] [   34    4  100 ] [  11723   9305  10935 ] [ 0 ],1.00,1.00,1.00,1.40,13.38,-19.81,0.00,0.00,0.00,0.00,0.00,-0.00,-0.00,0.00,0.00,0.00,0.00,0.00,0.00,0.00,0.00,0
5.97795,15,-20,49,0,DRIVE [ 96 ] [ 1 ] [ 1507 1886 1005 ] [    0    0    0 ] [      0      0      0 ] [ 0 ],drive [ 96 ] [ 0 ] [ 1548 1886 1005 ] [   34    4  100 ] [  11942   9296  11073 ] [ 0 ],1.00,1.00,1.00,1.40,14.59,-20.07,0.00,0.00,0.00,0.00,0.00,-0.00,-0.00,0.00,0.00,0.00,0.00,0.00,0.00,0.00,0.00,0
5.98772,16,-20,48,0,DRIVE [ 97 ] [ 1 ] [ 1467 1886 1005 ] [    0    0    0 ] [      0      0      0 ] [ 0 ],drive [ 96 ] [ 0 ] [ 1507 1886 1005 ] [   34    4  100 ] [  11942   9296  11073 ] [ 0 ],1.00,1.00,1.00,1.40,15.73,-20.39,0.00,0.00,0.00,0.00,0.00,-0.00,-0.00,0.00,0.00,0.00,0.00,0.00,0.00,0.00,0.00,0
6.00111,16,-20,48,0,DRIVE [ 97 ] [ 1 ] [ 1505 1886 1005 ] [    0    0    0 ] [      0      0      0 ] [ 0 ],drive [ 97 ] [ 0 ] [ 1467 1886 1005 ] [   36   21   92 ] [  11942   9296  11073 ] [ 0 ],1.00,1.00,1.00,1.40,14.16,-18.35,0.00,0.00,0.00,0.00,0.00,-0.00,-0.00,0.00,0.00,0.00,0.00,0.00,0.00,0.00,0.00,0
6.01167,16,-20,48,0,DRIVE [ 98 ] [ 1 ] [ 1541 1886 1059 ] [    0    0    0 ] [      0      0      0 ] [ 0 ],drive [ 97 ] [ 0 ] [ 1505 1886 1005 ] [   36   21   92 ] [  11942   9296  11073 ] [ 0 ],1.00,1.00,1.00,1.40,12.74,-16.52,0.00,0.00,0.00,0.00,0.00,-0.00,-0.00,0.00,0.00,0.00,0.00,0.00,0.00,0.00,0.00,0
6.02359,16,-20,48,0,DRIVE [ 98 ] [ 1 ] [ 1574 1886 1135 ] [    0    0    0 ] [      0      0      0 ] [ 0 ],drive [ 98 ] [ 0 ] [ 1541 1886 1059 ] [   36   21   92 ] [  11942   9296  11073 ] [ 0 ],1.00,1.00,1.00,1.40,11.47,-14.87,0.00,0.00,0.00,0.00,0.00,-0.00,-0.00,0.00,0.00,0.00,0.00,0.00,0.00,0.00,0.00,0
6.03573,16,-20,48,0,DRIVE [ 99 ] [ 1 ] [ 1604 1886 1206 ] [    0    0    0 ] [      0      0      0 ] [ 0 ],drive [ 98 ] [ 0 ] [ 1574 1886 1135 ] [   36   21   92 ] [  12378   9124  11117 ] [ 0 ],1.00,1.00,1.00,1.40,10.32,-13.38,0.00,0.00,0.00,0.00,0.00,-0.00,-0.00,0.00,0.00,0.00,0.00,0.00,0.00,0.00,0.00,0
6.04577,16,-20,48,1,DRIVE [ 99 ] [ 1 ] [ 1632 1886 1271 ] [    0    0    0 ] [      0      0      0 ] [ 0 ],drive [ 99 ] [ 0 ] [ 1604 1886 1206 ] [   35    7   79 ] [  12378   9124  11117 ] [ 0 ],1.00,1.00,1.00,1.40,9.29,-12.04,0.00,0.00,0.00,0.00,0.00,-0.00,-0.00,0.00,0.00,0.00,0.00,0.00,0.00,0.00,0.00,0
