timestamp,Xmm,Ymm,Zmm,TouchDetected,OutgoingPacket,IncomingPacket,GainPropAb, GainPropAd, GainPropFl, GainPropEx,PropA, PropB, PropC,GainIntegAb, GainIntegAd, GainIntegFl, GainIntegEx,IntegA, IntegB, IntegC,GainDerivAb, GainDerivAd, GainDerivFl, GainDerivEx,DerivA, DerivB, DerivC,Heading5
0.102391,184,53,334,0,DRIVE [ 90 ] [ 1 ] [ 1886 1572 1903 ] [    0    0    0 ] [      0      0      0 ] [ 0 ],drive [ 89 ] [ 0 ] [ 1455 1122 1455 ] [   43   93   65 ] [  11230   9280  10480 ] [ 1 ],1.00,1.00,1.00,1.40,183.77,73.74,0.00,0.00,0.00,0.00,0.00,0.00,0.00,0.00,0.00,0.00,0.00,0.00,0.00,0.00,0.00,0
0.116495,183,53,330,0,DRIVE [ 90 ] [ 1 ] [ 1866 1572 1901 ] [    0    0    0 ] [      0      0      0 ] [ 0 ],drive [ 90 ] [ 0 ] [ 1886 1572 1903 ] [   41   73   60 ] [  11230   9280  10480 ] [ 0 ],1.00,1.00,1.00,1.40,182.56,73.96,0.00,0.00,0.00,0.00,0.00,0.00,0.00,0.00,0.00,0.00,0.00,0.00,0.00,0.00,0.00,0
0.129247,183,54,331,0,DRIVE [ 91 ] [ 1 ] [ 1844 1572 1898 ] [    0    0    0 ] [      0      0      0 ] [ 0 ],drive [ 90 ] [ 0 ] [ 1866 1572 1901 ] [   41   73   60 ] [  11230   9280  10480 ] [ 0 ],1.00,1.00,1.00,1.40,183.04,75.29,0.00,0.00,0.00,0.00,0.00,0.00,0.00,0.00,0.00,0.00,0.00,0.00,0.00,0.00,0.00,0
0.141824,181,54,328,0,DRIVE [ 91 ] [ 1 ] [ 1824 1572 1896 ] [    0    0    0 ] [      0      0      0 ] [ 0 ],drive [ 91 ] [ 0 ] [ 1844 1572 1898 ] [   41   73   60 ] [  11002   9147  10337 ] [ 0 ],1.00,1.00,1.00,1.40,180.94,75.60,0.00,0.00,0.00,0.00,0.00,0.00,0.00,0.00,0.00,0.00,0.00,0.00,-0.00,-0.00,0.00,0
0.154284,180,55,328,0,DRIVE [ 92 ] [ 1 ] [ 1803 1572 1894 ] [    0    0    0 ] [      0      0      0 ] [ 0 ],drive [ 91 ] [ 0 ] [ 1824 1572 1896 ] [   33   34   25 ] [  11002   9147  10337 ] [ 0 ],1.00,1.00,1.00,1.40,180.33,76.69,0.00,0.00,0.00,0.00,0.00,0.00,0.00,0.00,0.00,0.00,0.00,0.00,-0.00,-0.00,0.00,0
0.166371,180,55,327,0,DRIVE [ 92 ] [ 1 ] [ 1784 1572 1893 ] [    0    0    0 ] [      0      0      0 ] [ 0 ],drive [ 92 ] [ 0 ] [ 1803 1572 1894 ] [   33   34   25 ] [  11002   9147  10337 ] [ 0 ],1.00,1.00,1.00,1.40,179.83,77.17,0.00,0.00,0.00,0.00,0.00,0.00,0.00,0.00,0.00,0.00,0.00,0.00,-0.00,-0.00,0.00,0
0.178597,179,56,328,0,DRIVE [ 93 ] [ 1 ] [ 1765 1572 1891 ] [    0    0    0 ] [      0      0      0 ] [ 0 ],drive [ 92 ] [ 0 ] [ 1784 1572 1893 ] [   33   34   25 ] [  11002   9147  10337 ] [ 0 ],1.00,1.00,1.00,1.40,179.33,77.75,0.00,0.00,0.00,0.00,0.00,0.00,0.00,0.00,0.00,0.00,0.00,0.00,-0.00,-0.00,0.00,0
0.190769,178,56,327,0,DRIVE [ 93 ] [ 1 ] [ 1746 1572 1889 ] [    0    0    0 ] [      0      0      0 ] [ 0 ],drive [ 93 ] [ 0 ] [ 1765 1572 1891 ] [   33   34   25 ] [  10186   8889  10006 ] [ 0 ],1.00,1.00,1.00,1.40,177.55,77.89,0.00,0.00,0.00,0.00,0.00,0.00,0.00,0.00,0.00,0.00,0.00,0.00,-0.00,-0.00,0.00,0
0.203405,177,56,327,0,DRIVE [ 94 ] [ 1 ] [ 1726 1572 1888 ] [    0    0    0 ] [      0      0      0 ] [ 0 ],drive [ 93 ] [ 0 ] [ 1746 1572 1889 ] [   16   57   16 ] [  10186   8889  10006 ] [ 0 ],1.00,1.00,1.00,1.40,176.72,78.75,0.00,0.00,0.00,0.00,0.00,0.00,0.00,0.00,0.00,0.00,0.00,0.00,-0.00,-0.00,0.00,0
0.215564,177,57,327,0,DRIVE [ 94 ] [ 1 ] [ 1705 1572 1887 ] [    0    0    0 ] [      0      0      0 ] [ 0 ],drive [ 94 ] [ 0 ] [ 1726 1572 1888 ] [   16   57   16 ] [  10186   8889  10006 ] [ 0 ],1.00,1.00,1.00,1.40,176.92,80.09,0.00,0.00,0.00,0.00,0.00,0.00,0.00,0.00,0.00,0.00,0.00,0.00,-0.00,-0.00,0.00,0
0.228148,176,58,325,0,DRIVE [ 95 ] [ 1 ] [ 1685 1572 1885 ] [    0    0    0 ] [      0      0      0 ] [ 0 ],drive [ 94 ] [ 0 ] [ 1705 1572 1887 ] [   16   57   16 ] [  10186   8889  10006 ] [ 0 ],1.00,1.00,1.00,1.40,176.03,80.64,0.00,0.00,0.00,0.00,0.00,0.00,0.00,0.00,0.00,0.00,0.00,0.00,-0.00,-0.00,0.00,0
0.240745,176,58,323,0,DRIVE [ 95 ] [ 1 ] [ 1663 1572 1884 ] [    0    0    0 ] [      0      0      0 ] [ 0 ],drive [ 95 ] [ 0 ] [ 1685 1572 1885 ] [   16   57   16 ] [  10218   8889  10018 ] [ 0 ],1.00,1.00,1.00,1.40,175.86,81.67,0.00,0.00,0.00,0.00,0.00,0.00,0.00,0.00,0.00,0.00,0.00,0.00,-0.00,-0.00,0.00,0
0.253277,176,59,322,0,DRIVE [ 96 ] [ 1 ] [ 1640 1572 1883 ] [    0    0    0 ] [      0      0      0 ] [ 0 ],drive [ 95 ] [ 0 ] [ 1663 1572 1884 ] [   25   57   17 ] [  10218   8889  10018 ] [ 0 ],1.00,1.00,1.00,1.40,175.54,83.13,0.00,0.00,0.00,0.00,0.00,0.00,0.00,0.00,0.00,0.00,0.00,0.00,-0.00,-0.00,0.00,0
0.265368,175,61,321,0,DRIVE [ 96 ] [ 1 ] [ 1617 1572 1882 ] [    0    0    0 ] [      0      0      0 ] [ 0 ],drive [ 96 ] [ 0 ] [ 1640 1572 1883 ] [   25   57   17 ] [  10218   8889  10018 ] [ 0 ],1.00,1.00,1.00,1.40,175.41,84.82,0.00,0.00,0.00,0.00,0.00,0.00,0.00,0.00,0.00,0.00,0.00,0.00,-0.00,-0.00,0.00,0
0.2781,175,62,319,0,DRIVE [ 97 ] [ 1 ] [ 1594 1572 1882 ] [    0    0    0 ] [      0      0      0 ] [ 0 ],drive [ 96 ] [ 0 ] [ 1617 1572 1882 ] [   25   57   17 ] [  10218   8889  10018 ] [ 0 ],1.00,1.00,1.00,1.40,175.02,86.36,0.00,0.00,0.00,0.00,0.00,0.00,0.00,0.00,0.00,0.00,0.00,0.00,-0.00,-0.00,0.00,0
0.290532,175,63,318,0,DRIVE [ 97 ] [ 1 ] [ 1569 1572 1881 ] [    0    0    0 ] [      0      0      0 ] [ 0 ],drive [ 97 ] [ 0 ] [ 1594 1572 1882 ] [   25   57   17 ] [  10220   8889  10017 ] [ 0 ],1.00,1.00,1.00,1.40,174.82,88.08,0.00,0.00,0.00,0.00,0.00,0.00,0.00,0.00,0.00,0.00,0.00,0.00,-0.00,-0.00,0.00,0
0.302959,174,65,316,0,DRIVE [ 98 ] [ 1 ] [ 1543 1572 1882 ] [    0    0    0 ] [      0      0      0 ] [ 0 ],drive [ 97 ] [ 0 ] [ 1569 1572 1881 ] [   36   56   18 ] [  10220   8889  10017 ] [ 0 ],1.00,1.00,1.00,1.40,174.33,90.33,0.00,0.00,0.00,0.00,0.00,0.00,0.00,0.00,0.00,0.00,0.00,0.00,-0.00,-0.00,0.00,0
0.31557,174,66,315,0,DRIVE [ 98 ] [ 1 ] [ 1517 1572 1882 ] [    0    0    0 ] [      0      0      0 ] [ 0 ],drive [ 98 ] [ 0 ] [ 1543 1572 1882 ] [   36   56   18 ] [  10220   8889  10017 ] [ 0 ],1.00,1.00,1.00,1.40,174.20,92.65,0.00,0.00,0.00,0.00,0.00,0.00,0.00,0.00,0.00,0.00,0.00,0.00,0.00,0.00,0.00,0
0.328352,174,68,314,0,DRIVE [ 99 ] [ 1 ] [ 1490 1572 1883 ] [    0    0    0 ] [      0      0      0 ] [ 0 ],drive [ 98 ] [ 0 ] [ 1517 1572 1882 ] [   36   56   18 ] [  10220   8889  10017 ] [ 0 ],1.00,1.00,1.00,1.40,174.23,94.94,0.00,0.00,0.00,0.00,0.00,0.00,0.00,0.00,0.00,0.00,0.00,0.00,0.00,0.00,0.00,0
0.340898,174,69,312,0,DRIVE [ 99 ] [ 1 ] [ 1462 1572 1884 ] [    0    0    0 ] [      0      0      0 ] [ 0 ],drive [ 99 ] [ 0 ] [ 1490 1572 1883 ] [   36   56   18 ] [  10430   8878  10011 ] [ 0 ],1.00,1.00,1.00,1.40,173.83,97.09,0.00,0.00,0.00,0.00,0.00,0.00,0.00,0.00,0.00,0.00,0.00,0.00,0.00,0.00,0.00,0
0.353371,174,71,311,0,DRIVE [ 00 ] [ 1 ] [ 1433 1572 1885 ] [    0    0    0 ] [      0      0      0 ] [ 0 ],drive [ 99 ] [ 0 ] [ 1462 1572 1884 ] [   44   34   14 ] [  10430   8878  10011 ] [ 0 ],1.00,1.00,1.00,1.40,174.09,99.46,0.00,0.00,0.00,0.00,0.00,0.00,0.00,0.00,0.00,0.00,0.00,0.00,0.00,0.00,0.00,0
0.365611,174,72,309,0,DRIVE [ 00 ] [ 1 ] [ 1405 1572 1885 ] [    0    0    0 ] [      0      0      0 ] [ 0 ],drive [ 00 ] [ 0 ] [ 1433 1572 1885 ] [   44   34   14 ] [  10430   8878  10011 ] [ 0 ],1.00,1.00,1.00,1.40,173.61,101.10,0.00,0.00,0.00,0.00,0.00,0.00,0.00,0.00,0.00,0.00,0.00,0.00,0.00,0.00,0.00,0
0.376629,173,73,307,0,DRIVE [ 01 ] [ 1 ] [ 1378 1572 1886 ] [    0    0    0 ] [      0      0      0 ] [ 0 ],drive [ 00 ] [ 0 ] [ 1405 1572 1885 ] [   44   34   14 ] [  10430   8878  10011 ] [ 0 ],1.00,1.00,1.00,1.40,173.26,102.51,0.00,0.00,0.00,0.00,0.00,0.00,0.00,0.00,0.00,0.00,0.00,0.00,0.00,0.00,0.00,0
0.392124,173,74,305,0,DRIVE [ 01 ] [ 1 ] [ 1351 1572 1887 ] [    0    0    0 ] [      0      0      0 ] [ 0 ],drive [ 01 ] [ 0 ] [ 1378 1572 1886 ] [   44   34   14 ] [  10685   8799   9987 ] [ 0 ],1.00,1.00,1.00,1.40,172.91,104.07,0.00,0.00,0.00,0.00,0.00,0.00,0.00,0.00,0.00,0.00,0.00,0.00,0.00,0.00,0.00,0
0.40587,172,75,303,0,DRIVE [ 02 ] [ 1 ] [ 1316 1572 1888 ] [    0    0    0 ] [      0      0      0 ] [ 0 ],drive [ 01 ] [ 0 ] [ 1351 1572 1887 ] [   60   49   16 ] [  10685   8799   9987 ] [ 0 ],1.00,1.00,1.00,1.40,172.40,105.67,0.00,0.00,0.00,0.00,0.00,0.00,0.00,0.00,0.00,0.00,0.00,0.00,0.00,0.00,0.00,0
0.418218,172,77,302,0,DRIVE [ 02 ] [ 1 ] [ 1284 1572 1889 ] [    0    0    0 ] [      0      0      0 ] [ 0 ],drive [ 02 ] [ 0 ] [ 1316 1572 1888 ] [   60   49   16 ] [  10685   8799   9987 ] [ 0 ],1.00,1.00,1.00,1.40,172.29,107.27,0.00,0.00,0.00,0.00,0.00,0.00,0.00,0.00,0.00,0.00,0.00,0.00,0.00,0.00,0.00,0
0.431998,172,78,299,0,DRIVE [ 03 ] [ 1 ] [ 1253 1572 1891 ] [    0    0    0 ] [      0      0      0 ] [ 0 ],drive [ 02 ] [ 0 ] [ 1284 1572 1889 ] [   60   49   16 ] [  10685   8799   9987 ] [ 0 ],1.00,1.00,1.00,1.40,172.02,108.56,0.00,0.00,0.00,0.00,0.00,0.00,0.00,0.00,0.00,0.00,0.00,0.00,0.00,0.00,0.00,0
0.446008,172,79,297,0,DRIVE [ 03 ] [ 1 ] [ 1218 1572 1892 ] [    0    0    0 ] [      0      0      0 ] [ 0 ],drive [ 03 ] [ 0 ] [ 1253 1572 1891 ] [   60   49   16 ] [  10801   8799   9937 ] [ 0 ],1.00,1.00,1.00,1.40,171.92,109.91,0.00,0.00,0.00,0.00,0.00,0.00,0.00,0.00,0.00,0.00,0.00,0.00,0.00,0.00,0.00,0
0.460102,172,79,295,0,DRIVE [ 04 ] [ 1 ] [ 1182 1572 1893 ] [    0    0    0 ] [      0      0      0 ] [ 0 ],drive [ 03 ] [ 0 ] [ 1218 1572 1892 ] [   64   48   26 ] [  10801   8799   9937 ] [ 0 ],1.00,1.00,1.00,1.40,172.11,111.27,0.00,0.00,0.00,0.00,0.00,0.00,0.00,0.00,0.00,0.00,0.00,0.00,0.00,0.00,0.00,0
0.474703,173,81,292,0,DRIVE [ 04 ] [ 1 ] [ 1145 1572 1894 ] [    0    0    0 ] [      0      0      0 ] [ 0 ],drive [ 04 ] [ 0 ] [ 1182 1572 1893 ] [   64   48   26 ] [  10801   8799   9937 ] [ 0 ],1.00,1.00,1.00,1.40,172.54,112.76,0.00,0.00,0.00,0.00,0.00,0.00,0.00,0.00,0.00,0.00,0.00,0.00,0.00,0.00,0.00,0
0.487633,173,82,289,0,DRIVE [ 05 ] [ 1 ] [ 1102 1572 1895 ] [    0    0    0 ] [      0      0      0 ] [ 0 ],drive [ 04 ] [ 0 ] [ 1145 1572 1894 ] [   64   48   26 ] [  10801   8799   9937 ] [ 0 ],1.00,1.00,1.00,1.40,173.02,114.24,0.00,0.00,0.00,0.00,0.00,0.00,0.00,0.00,0.00,0.00,0.00,0.00,0.00,0.00,0.00,0
0.499651,174,82,286,0,DRIVE [ 05 ] [ 1 ] [ 1063 1572 1896 ] [    0    0    0 ] [      0      0      0 ] [ 0 ],drive [ 05 ] [ 0 ] [ 1102 1572 1895 ] [   64   48   26 ] [  11157   8788   9879 ] [ 0 ],1.00,1.00,1.00,1.40,173.60,115.30,0.00,0.00,0.00,0.00,0.00,0.00,0.00,0.00,0.00,0.00,0.00,0.00,0.00,0.00,0.00,0
0.51213,174,83,283,0,DRIVE [ 06 ] [ 1 ] [ 1027 1572 1896 ] [    0    0    0 ] [      0      0      0 ] [ 0 ],drive [ 05 ] [ 0 ] [ 1063 1572 1896 ] [   91   36    4 ] [  11157   8788   9879 ] [ 0 ],1.00,1.00,1.00,1.40,174.31,116.29,0.00,0.00,0.00,0.00,0.00,0.00,0.00,0.00,0.00,0.00,0.00,0.00,0.00,0.00,0.00,0
0.524204,175,84,280,0,DRIVE [ 06 ] [ 1 ] [ 1005 1572 1897 ] [    0    0    0 ] [      0      0      0 ] [ 0 ],drive [ 06 ] [ 0 ] [ 1027 1572 1896 ] [   91   36    4 ] [  11157   8788   9879 ] [ 0 ],1.00,1.00,1.00,1.40,174.64,117.06,0.00,0.00,0.00,0.00,0.00,0.00,0.00,0.00,0.00,0.00,0.00,0.00,0.00,0.00,0.00,0
0.536458,175,84,277,0,DRIVE [ 07 ] [ 1 ] [ 1005 1572 1897 ] [    0    0    0 ] [      0      0      0 ] [ 0 ],drive [ 06 ] [ 0 ] [ 1005 1572 1897 ] [   91   36    4 ] [  11157   8788   9879 ] [ 0 ],1.00,1.00,1.00,1.40,174.85,117.88,0.00,0.00,0.00,0.00,0.00,0.00,0.00,0.00,0.00,0.00,0.00,0.00,0.00,0.00,0.00,0
0.548472,175,85,273,0,DRIVE [ 07 ] [ 1 ] [ 1005 1572 1899 ] [    0    0    0 ] [      0      0      0 ] [ 0 ],drive [ 07 ] [ 0 ] [ 1005 1572 1897 ] [   91   36    4 ] [  11432   8644   9820 ] [ 0 ],1.00,1.00,1.00,1.40,174.70,118.85,0.00,0.00,0.00,0.00,0.00,0.00,0.00,0.00,0.00,0.00,0.00,0.00,0.00,0.00,0.00,0
0.560919,175,86,270,0,DRIVE [ 08 ] [ 1 ] [ 1005 1572 1901 ] [    0    0    0 ] [      0      0      0 ] [ 0 ],drive [ 07 ] [ 0 ] [ 1005 1572 1899 ] [   97   45   27 ] [  11432   8644   9820 ] [ 0 ],1.00,1.00,1.00,1.40,174.54,119.81,0.00,0.00,0.00,0.00,0.00,0.00,0.00,0.00,0.00,0.00,0.00,0.00,0.00,0.00,0.00,0
0.575546,174,86,266,0,DRIVE [ 08 ] [ 1 ] [ 1005 1572 1903 ] [    0    0    0 ] [      0      0      0 ] [ 0 ],drive [ 08 ] [ 0 ] [ 1005 1572 1901 ] [   97   45   27 ] [  11432   8644   9820 ] [ 0 ],1.00,1.00,1.00,1.40,174.24,120.64,0.00,0.00,0.00,0.00,0.00,0.00,0.00,0.00,0.00,0.00,0.00,0.00,0.00,0.00,0.00,0
0.587664,174,87,264,0,DRIVE [ 09 ] [ 1 ] [ 1005 1572 1904 ] [    0    0    0 ] [      0      0      0 ] [ 0 ],drive [ 08 ] [ 0 ] [ 1005 1572 1903 ] [   97   45   27 ] [  11432   8644   9820 ] [ 0 ],1.00,1.00,1.00,1.40,174.44,121.49,0.00,0.00,0.00,0.00,0.00,0.00,0.00,0.00,0.00,0.00,0.00,0.00,0.00,0.00,0.00,0
0.600521,175,88,262,0,DRIVE [ 09 ] [ 1 ] [ 1005 1572 1905 ] [    0    0    0 ] [      0      0      0 ] [ 0 ],drive [ 09 ] [ 0 ] [ 1005 1572 1904 ] [   97   45   27 ] [  11810   8442   9773 ] [ 0 ],1.00,1.00,1.00,1.40,175.18,122.63,0.00,0.00,0.00,0.00,0.00,0.00,0.00,0.00,0.00,0.00,0.00,0.00,0.00,0.00,0.00,0
0.6128,175,88,261,0,DRIVE [ 10 ] [ 1 ] [ 1005 1903 1905 ] [    0    0    0 ] [      0      0      0 ] [ 0 ],drive [ 09 ] [ 0 ] [ 1005 1572 1905 ] [   89   56   11 ] [  11810   8442   9773 ] [ 0 ],1.00,1.00,1.00,1.40,175.37,123.66,0.00,0.00,0.00,0.00,0.00,0.00,0.00,0.00,0.00,0.00,0.00,0.00,0.00,0.00,0.00,0
0.625833,175,89,259,0,DRIVE [ 10 ] [ 1 ] [ 1005 1901 1905 ] [    0    0    0 ] [      0      0      0 ] [ 0 ],drive [ 10 ] [ 0 ] [ 1005 1903 1905 ] [   89   56   11 ] [  11810   8442   9773 ] [ 0 ],1.00,1.00,1.00,1.40,175.49,124.75,0.00,0.00,0.00,0.00,0.00,0.00,0.00,0.00,0.00,0.00,0.00,0.00,0.00,0.00,0.00,0
0.639984,176,90,258,0,DRIVE [ 11 ] [ 1 ] [ 1005 1898 1905 ] [    0    0    0 ] [      0      0      0 ] [ 0 ],drive [ 10 ] [ 0 ] [ 1005 1901 1905 ] [   89   56   11 ] [  11883   8425   9701 ] [ 0 ],1.00,1.00,1.00,1.40,175.84,125.81,0.00,0.00,0.00,0.00,0.00,0.00,0.00,0.00,0.00,0.00,0.00,0.00,0.00,0.00,0.00,0
0.652895,177,90,256,0,DRIVE [ 11 ] [ 1 ] [ 1005 1898 1905 ] [    0    0    0 ] [      0      0      0 ] [ 0 ],drive [ 11 ] [ 0 ] [ 1005 1898 1905 ] [   89   56   11 ] [  11883   8425   9701 ] [ 0 ],1.00,1.00,1.00,1.40,176.69,126.66,0.00,0.00,0.00,0.00,0.00,0.00,0.00,0.00,0.00,0.00,0.00,0.00,0.00,0.00,0.00,0
0.664743,178,91,255,0,DRIVE [ 12 ] [ 1 ] [ 1005 1898 1905 ] [    0    0    0 ] [      0      0      0 ] [ 0 ],drive [ 11 ] [ 0 ] [ 1005 1898 1905 ] [  104   11   20 ] [  11883   8425   9701 ] [ 0 ],1.00,1.00,1.00,1.40,177.56,127.21,0.00,0.00,0.00,0.00,0.00,0.00,0.00,0.00,0.00,0.00,0.00,0.00,0.00,0.00,0.00,0
0.676825,178,91,252,0,DRIVE [ 12 ] [ 1 ] [ 1005 1899 1905 ] [    0    0    0 ] [      0      0      0 ] [ 0 ],drive [ 12 ] [ 0 ] [ 1005 1898 1905 ] [  104   11   20 ] [  11883   8425   9701 ] [ 0 ],1.00,1.00,1.00,1.40,178.06,127.09,0.00,0.00,0.00,0.00,0.00,0.00,0.00,0.00,0.00,0.00,0.00,0.00,0.00,0.00,0.00,0
0.688689,178,91,251,0,DRIVE [ 13 ] [ 1 ] [ 1005 1898 1905 ] [    0    0    0 ] [      0      0      0 ] [ 0 ],drive [ 12 ] [ 0 ] [ 1005 1899 1905 ] [  104   11   20 ] [  12658   6988   9621 ] [ 0 ],1.00,1.00,1.00,1.40,177.79,127.14,0.00,0.00,0.00,0.00,0.00,0.00,0.00,0.00,0.00,0.00,0.00,0.00,0.00,0.00,0.00,0
0.700063,177,92,252,0,DRIVE [ 13 ] [ 1 ] [ 1005 1891 1905 ] [    0    0    0 ] [      0      0      0 ] [ 0 ],drive [ 13 ] [ 0 ] [ 1005 1898 1905 ] [  104   11   20 ] [  12658   6988   9621 ] [ 0 ],1.00,1.00,1.00,1.40,176.90,128.97,0.00,0.00,0.00,0.00,0.00,0.00,0.00,0.00,0.00,0.00,0.00,0.00,0.00,0.00,0.00,0
0.712063,173,93,251,0,DRIVE [ 14 ] [ 1 ] [ 1005 1878 1905 ] [    0    0    0 ] [      0      0      0 ] [ 0 ],drive [ 13 ] [ 0 ] [ 1005 1891 1905 ] [   99   10    8 ] [  12658   6988   9621 ] [ 0 ],1.00,1.00,1.00,1.40,172.85,130.38,0.00,0.00,0.00,0.00,0.00,0.00,0.00,0.00,0.00,0.00,0.00,0.00,0.00,0.00,0.00,0
0.723788,167,94,250,0,DRIVE [ 14 ] [ 1 ] [ 1005 1863 1905 ] [    0    0    0 ] [      0      0      0 ] [ 0 ],drive [ 14 ] [ 0 ] [ 1005 1878 1905 ] [   99   10    8 ] [  12658   6988   9621 ] [ 0 ],1.00,1.00,1.00,1.40,166.84,131.24,0.00,0.00,0.00,0.00,0.00,0.00,0.00,0.00,0.00,0.00,0.00,0.00,-0.00,-0.00,0.00,0
0.73545,161,94,249,0,DRIVE [ 15 ] [ 1 ] [ 1005 1846 1905 ] [    0    0    0 ] [      0      0      0 ] [ 0 ],drive [ 14 ] [ 0 ] [ 1005 1863 1905 ] [   99   10    8 ] [  12658   6988   9621 ] [ 0 ],1.00,1.00,1.00,1.40,160.80,132.28,0.00,0.00,0.00,0.00,0.00,0.00,0.00,0.00,0.00,0.00,0.00,0.00,-0.00,-0.00,0.00,0
0.746792,155,95,248,0,DRIVE [ 15 ] [ 1 ] [ 1005 1829 1905 ] [    0    0    0 ] [      0      0      0 ] [ 0 ],drive [ 15 ] [ 0 ] [ 1005 1846 1905 ] [   99   10    8 ] [  12844   6630   9374 ] [ 0 ],1.00,1.00,1.00,1.40,155.18,133.54,0.00,0.00,0.00,0.00,0.00,0.00,0.00,0.00,0.00,0.00,0.00,0.00,-0.00,-0.00,0.00,0
0.758589,150,96,247,0,DRIVE [ 16 ] [ 1 ] [ 1005 1815 1905 ] [    0    0    0 ] [      0      0      0 ] [ 0 ],drive [ 15 ] [ 0 ] [ 1005 1829 1905 ] [   89   28   15 ] [  12844   6630   9374 ] [ 0 ],1.00,1.00,1.00,1.40,150.23,134.27,0.00,0.00,0.00,0.00,0.00,0.00,0.00,0.00,0.00,0.00,0.00,0.00,-0.00,-0.00,0.00,0
0.770574,147,96,247,0,DRIVE [ 16 ] [ 1 ] [ 1005 1803 1905 ] [    0    0    0 ] [      0      0      0 ] [ 0 ],drive [ 16 ] [ 0 ] [ 1005 1815 1905 ] [   89   28   15 ] [  12844   6630   9374 ] [ 0 ],1.00,1.00,1.00,1.40,146.73,135.05,0.00,0.00,0.00,0.00,0.00,0.00,0.00,0.00,0.00,0.00,0.00,0.00,-0.00,-0.00,0.00,0
0.78431,144,97,246,0,DRIVE [ 17 ] [ 1 ] [ 1005 1794 1905 ] [    0    0    0 ] [      0      0      0 ] [ 0 ],drive [ 16 ] [ 0 ] [ 1005 1803 1905 ] [   89   28   15 ] [  12844   6630   9374 ] [ 0 ],1.00,1.00,1.00,1.40,144.26,135.51,0.00,0.00,0.00,0.00,0.00,0.00,0.00,0.00,0.00,0.00,0.00,0.00,-0.00,-0.00,0.00,0
0.797554,142,97,243,0,DRIVE [ 17 ] [ 1 ] [ 1005 1786 1905 ] [    0    0    0 ] [      0      0      0 ] [ 0 ],drive [ 17 ] [ 0 ] [ 1005 1794 1905 ] [   89   28   15 ] [  12850   6636   9374 ] [ 0 ],1.00,1.00,1.00,1.40,141.77,135.11,0.00,0.00,0.00,0.00,0.00,0.00,0.00,0.00,0.00,0.00,0.00,0.00,-0.00,-0.00,0.00,0
0.810007,141,97,241,0,DRIVE [ 18 ] [ 1 ] [ 1005 1780 1905 ] [    0    0    0 ] [      0      0      0 ] [ 0 ],drive [ 17 ] [ 0 ] [ 1005 1786 1905 ] [   99   30   16 ] [  12850   6636   9374 ] [ 0 ],1.00,1.00,1.00,1.40,141.02,135.75,0.00,0.00,0.00,0.00,0.00,0.00,0.00,0.00,0.00,0.00,0.00,0.00,-0.00,-0.00,0.00,0
0.821907,141,98,240,0,DRIVE [ 18 ] [ 1 ] [ 1005 1773 1905 ] [    0    0    0 ] [      0      0      0 ] [ 0 ],drive [ 18 ] [ 0 ] [ 1005 1780 1905 ] [   99   30   16 ] [  12850   6636   9374 ] [ 0 ],1.00,1.00,1.00,1.40,140.60,136.59,0.00,0.00,0.00,0.00,0.00,0.00,0.00,0.00,0.00,0.00,0.00,0.00,-0.00,-0.00,0.00,0
0.834835,140,98,238,0,DRIVE [ 19 ] [ 1 ] [ 1005 1767 1905 ] [    0    0    0 ] [      0      0      0 ] [ 0 ],drive [ 18 ] [ 0 ] [ 1005 1773 1905 ] [   99   30   16 ] [  12850   6636   9374 ] [ 0 ],1.00,1.00,1.00,1.40,140.38,137.61,0.00,0.00,0.00,0.00,0.00,0.00,0.00,0.00,0.00,0.00,0.00,0.00,-0.00,-0.00,0.00,0
0.846755,140,99,236,0,DRIVE [ 19 ] [ 1 ] [ 1005 1760 1905 ] [    0    0    0 ] [      0      0      0 ] [ 0 ],drive [ 19 ] [ 0 ] [ 1005 1767 1905 ] [   99   30   16 ] [  12964   6639   9350 ] [ 0 ],1.00,1.00,1.00,1.40,139.67,138.21,0.00,0.00,0.00,0.00,0.00,0.00,0.00,0.00,0.00,0.00,0.00,0.00,-0.00,-0.00,0.00,0
0.858496,138,99,234,0,DRIVE [ 20 ] [ 1 ] [ 1005 1753 1905 ] [    0    0    0 ] [      0      0      0 ] [ 0 ],drive [ 19 ] [ 0 ] [ 1005 1760 1905 ] [   96   34   15 ] [  12964   6639   9350 ] [ 0 ],1.00,1.00,1.00,1.40,138.35,138.18,0.00,0.00,0.00,0.00,0.00,0.00,0.00,0.00,0.00,0.00,0.00,0.00,-0.00,-0.00,0.00,0
0.87015,137,99,232,0,DRIVE [ 20 ] [ 1 ] [ 1005 1747 1905 ] [    0    0    0 ] [      0      0      0 ] [ 0 ],drive [ 20 ] [ 0 ] [ 1005 1753 1905 ] [   96   34   15 ] [  12964   6639   9350 ] [ 0 ],1.00,1.00,1.00,1.40,137.45,138.46,0.00,0.00,0.00,0.00,0.00,0.00,0.00,0.00,0.00,0.00,0.00,0.00,-0.00,-0.00,0.00,0
0.88129,137,99,231,0,DRIVE [ 21 ] [ 1 ] [ 1005 1740 1905 ] [    0    0    0 ] [      0      0      0 ] [ 0 ],drive [ 20 ] [ 0 ] [ 1005 1747 1905 ] [   96   34   15 ] [  12964   6639   9350 ] [ 0 ],1.00,1.00,1.00,1.40,136.59,139.05,0.00,0.00,0.00,0.00,0.00,0.00,0.00,0.00,0.00,0.00,0.00,0.00,-0.00,-0.00,0.00,0
0.893053,135,100,229,0,DRIVE [ 21 ] [ 1 ] [ 1005 1732 1905 ] [    0    0    0 ] [      0      0      0 ] [ 0 ],drive [ 21 ] [ 0 ] [ 1005 1740 1905 ] [   96   34   15 ] [  12965   6638   9331 ] [ 0 ],1.00,1.00,1.00,1.40,135.45,139.53,0.00,0.00,0.00,0.00,0.00,0.00,0.00,0.00,0.00,0.00,0.00,0.00,-0.00,-0.00,0.00,0
0.904692,134,100,227,0,DRIVE [ 22 ] [ 1 ] [ 1005 1723 1905 ] [    0    0    0 ] [      0      0      0 ] [ 0 ],drive [ 21 ] [ 0 ] [ 1005 1732 1905 ] [  100   37   16 ] [  12965   6638   9331 ] [ 0 ],1.00,1.00,1.00,1.40,134.17,139.97,0.00,0.00,0.00,0.00,0.00,0.00,0.00,0.00,0.00,0.00,0.00,0.00,-0.00,-0.00,0.00,0
0.917446,133,100,225,0,DRIVE [ 22 ] [ 1 ] [ 1005 1715 1905 ] [    0    0    0 ] [      0      0      0 ] [ 0 ],drive [ 22 ] [ 0 ] [ 1005 1723 1905 ] [  100   37   16 ] [  12965   6638   9331 ] [ 0 ],1.00,1.00,1.00,1.40,132.79,140.35,0.00,0.00,0.00,0.00,0.00,0.00,0.00,0.00,0.00,0.00,0.00,0.00,-0.00,-0.00,0.00,0
0.928652,131,101,223,0,DRIVE [ 23 ] [ 1 ] [ 1005 1702 1905 ] [    0    0    0 ] [      0      0      0 ] [ 0 ],drive [ 22 ] [ 0 ] [ 1005 1715 1905 ] [  100   37   16 ] [  12965   6638   9331 ] [ 0 ],1.00,1.00,1.00,1.40,130.84,141.08,0.00,0.00,0.00,0.00,0.00,0.00,0.00,0.00,0.00,0.00,0.00,0.00,-0.00,-0.00,0.00,0
0.940483,129,101,222,0,DRIVE [ 23 ] [ 1 ] [ 1005 1690 1905 ] [    0    0    0 ] [      0      0      0 ] [ 0 ],drive [ 23 ] [ 0 ] [ 1005 1702 1905 ] [  100   37   16 ] [  13050   6640   9331 ] [ 0 ],1.00,1.00,1.00,1.40,128.99,141.95,0.00,0.00,0.00,0.00,0.00,0.00,0.00,0.00,0.00,0.00,0.00,0.00,-0.00,-0.00,0.00,0
0.951807,127,102,220,0,DRIVE [ 24 ] [ 1 ] [ 1005 1677 1905 ] [    0    0    0 ] [      0      0      0 ] [ 0 ],drive [ 23 ] [ 0 ] [ 1005 1690 1905 ] [  100   37   16 ] [  13050   6640   9331 ] [ 0 ],1.00,1.00,1.00,1.40,126.70,142.43,0.00,0.00,0.00,0.00,0.00,0.00,0.00,0.00,0.00,0.00,0.00,0.00,-0.00,-0.00,0.00,0
0.962763,124,102,218,0,DRIVE [ 24 ] [ 1 ] [ 1005 1664 1905 ] [    0    0    0 ] [      0      0      0 ] [ 0 ],drive [ 24 ] [ 0 ] [ 1005 1677 1905 ] [   99   38    9 ] [  13050   6640   9331 ] [ 0 ],1.00,1.00,1.00,1.40,124.42,142.92,0.00,0.00,0.00,0.00,0.00,0.00,0.00,0.00,0.00,0.00,0.00,0.00,-0.00,-0.00,0.00,0
0.97415,122,102,217,0,DRIVE [ 25 ] [ 1 ] [ 1005 1651 1905 ] [    0    0    0 ] [      0      0      0 ] [ 0 ],drive [ 24 ] [ 0 ] [ 1005 1664 1905 ] [   99   38    9 ] [  13050   6640   9331 ] [ 0 ],1.00,1.00,1.00,1.40,122.25,143.46,0.00,0.00,0.00,0.00,0.00,0.00,0.00,0.00,0.00,0.00,0.00,0.00,-0.00,-0.00,0.00,0
0.985474,120,103,216,0,DRIVE [ 25 ] [ 1 ] [ 1005 1637 1905 ] [    0    0    0 ] [      0      0      0 ] [ 0 ],drive [ 25 ] [ 0 ] [ 1005 1651 1905 ] [   99   38    9 ] [  13050   6640   9331 ] [ 0 ],1.00,1.00,1.00,1.40,119.71,143.76,0.00,0.00,0.00,0.00,0.00,0.00,0.00,0.00,0.00,0.00,0.00,0.00,-0.00,-0.00,0.00,0
0.996441,117,103,215,0,DRIVE [ 26 ] [ 1 ] [ 1005 1623 1905 ] [    0    0    0 ] [      0      0      0 ] [ 0 ],drive [ 25 ] [ 0 ] [ 1005 1637 1905 ] [   99   38    9 ] [  13107   6649   9312 ] [ 0 ],1.00,1.00,1.00,1.40,117.34,144.39,0.00,0.00,0.00,0.00,0.00,0.00,0.00,0.00,0.00,0.00,0.00,0.00,-0.00,-0.00,0.00,0
1.00794,115,103,213,0,DRIVE [ 26 ] [ 1 ] [ 1005 1609 1905 ] [    0    0    0 ] [      0      0      0 ] [ 0 ],drive [ 26 ] [ 0 ] [ 1005 1623 1905 ] [   86   38    1 ] [  13107   6649   9312 ] [ 0 ],1.00,1.00,1.00,1.40,114.74,144.40,0.00,0.00,0.00,0.00,0.00,0.00,0.00,0.00,0.00,0.00,0.00,0.00,-0.00,-0.00,0.00,0
1.01921,112,103,212,0,DRIVE [ 27 ] [ 1 ] [ 1005 1595 1905 ] [    0    0    0 ] [      0      0      0 ] [ 0 ],drive [ 26 ] [ 0 ] [ 1005 1609 1905 ] [   86   38    1 ] [  13107   6649   9312 ] [ 0 ],1.00,1.00,1.00,1.40,112.01,144.30,0.00,0.00,0.00,0.00,0.00,0.00,0.00,0.00,0.00,0.00,0.00,0.00,-0.00,-0.00,0.00,0
1.02988,110,103,211,0,DRIVE [ 27 ] [ 1 ] [ 1005 1582 1905 ] [    0    0    0 ] [      0      0      0 ] [ 0 ],drive [ 27 ] [ 0 ] [ 1005 1595 1905 ] [   86   38    1 ] [  13107   6649   9312 ] [ 0 ],1.00,1.00,1.00,1.40,109.61,144.50,0.00,0.00,0.00,0.00,0.00,0.00,0.00,0.00,0.00,0.00,0.00,0.00,-0.00,-0.00,0.00,0
1.04079,107,103,209,0,DRIVE [ 28 ] [ 1 ] [ 1005 1568 1905 ] [    0    0    0 ] [      0      0      0 ] [ 0 ],drive [ 27 ] [ 0 ] [ 1005 1582 1905 ] [   86   38    1 ] [  13176   6669   9276 ] [ 0 ],1.00,1.00,1.00,1.40,106.63,144.11,0.00,0.00,0.00,0.00,0.00,0.00,0.00,0.00,0.00,0.00,0.00,0.00,-0.00,-0.00,0.00,0
1.05179,104,103,209,0,DRIVE [ 28 ] [ 1 ] [ 1005 1553 1905 ] [    0    0    0 ] [      0      0      0 ] [ 0 ],drive [ 28 ] [ 0 ] [ 1005 1568 1905 ] [   88   31   23 ] [  13176   6669   9276 ] [ 0 ],1.00,1.00,1.00,1.40,104.03,144.40,0.00,0.00,0.00,0.00,0.00,0.00,0.00,0.00,0.00,0.00,0.00,0.00,-0.00,-0.00,0.00,0
1.06239,101,103,208,0,DRIVE [ 29 ] [ 1 ] [ 1005 1537 1905 ] [    0    0    0 ] [      0      0      0 ] [ 0 ],drive [ 28 ] [ 0 ] [ 1005 1553 1905 ] [   88   31   23 ] [  13176   6669   9276 ] [ 0 ],1.00,1.00,1.00,1.40,101.39,144.72,0.00,0.00,0.00,0.00,0.00,0.00,0.00,0.00,0.00,0.00,0.00,0.00,-0.00,-0.00,0.00,0
1.07344,98,103,207,0,DRIVE [ 29 ] [ 1 ] [ 1005 1522 1905 ] [    0    0    0 ] [      0      0      0 ] [ 0 ],drive [ 29 ] [ 0 ] [ 1005 1537 1905 ] [   88   31   23 ] [  13176   6669   9276 ] [ 0 ],1.00,1.00,1.00,1.40,98.32,144.36,0.00,0.00,0.00,0.00,0.00,0.00,0.00,0.00,0.00,0.00,0.00,0.00,-0.00,-0.00,0.00,0
1.08424,96,103,206,0,DRIVE [ 30 ] [ 1 ] [ 1005 1506 1905 ] [    0    0    0 ] [      0      0      0 ] [ 0 ],drive [ 29 ] [ 0 ] [ 1005 1522 1905 ] [   88   31   23 ] [  13176   6669   9276 ] [ 0 ],1.00,1.00,1.00,1.40,95.51,144.28,0.00,0.00,0.00,0.00,0.00,0.00,0.00,0.00,0.00,0.00,0.00,0.00,-0.00,-0.00,0.00,0
1.09447,93,103,206,0,DRIVE [ 30 ] [ 1 ] [ 1005 1493 1905 ] [    0    0    0 ] [      0      0      0 ] [ 0 ],drive [ 30 ] [ 0 ] [ 1005 1506 1905 ] [   88   31   23 ] [  13179   6713   9227 ] [ 0 ],1.00,1.00,1.00,1.40,92.70,144.21,0.00,0.00,0.00,0.00,0.00,0.00,0.00,0.00,0.00,0.00,0.00,0.00,-0.00,-0.00,0.00,0
1.10534,90,103,205,0,DRIVE [ 31 ] [ 1 ] [ 1005 1479 1905 ] [    0    0    0 ] [      0      0      0 ] [ 0 ],drive [ 30 ] [ 0 ] [ 1005 1493 1905 ] [   88   37   22 ] [  13179   6713   9227 ] [ 0 ],1.00,1.00,1.00,1.40,90.11,144.65,0.00,0.00,0.00,0.00,0.00,0.00,0.00,0.00,0.00,0.00,0.00,0.00,-0.00,-0.00,0.00,0
1.11631,87,103,204,0,DRIVE [ 31 ] [ 1 ] [ 1005 1465 1905 ] [    0    0    0 ] [      0      0      0 ] [ 0 ],drive [ 31 ] [ 0 ] [ 1005 1479 1905 ] [   88   37   22 ] [  13179   6713   9227 ] [ 0 ],1.00,1.00,1.00,1.40,87.22,144.70,0.00,0.00,0.00,0.00,0.00,0.00,0.00,0.00,0.00,0.00,0.00,0.00,-0.00,-0.00,0.00,0
1.1268,84,103,203,0,DRIVE [ 32 ] [ 1 ] [ 1005 1449 1905 ] [    0    0    0 ] [      0      0      0 ] [ 0 ],drive [ 31 ] [ 0 ] [ 1005 1465 1905 ] [   88   37   22 ] [  13179   6713   9227 ] [ 0 ],1.00,1.00,1.00,1.40,84.32,144.84,0.00,0.00,0.00,0.00,0.00,0.00,0.00,0.00,0.00,0.00,0.00,0.00,-0.00,-0.00,0.00,0
1.13744,81,104,202,0,DRIVE [ 32 ] [ 1 ] [ 1005 1434 1905 ] [    0    0    0 ] [      0      0      0 ] [ 0 ],drive [ 32 ] [ 0 ] [ 1005 1449 1905 ] [   88   37   22 ] [  13177   6919   9227 ] [ 0 ],1.00,1.00,1.00,1.40,81.45,144.90,0.00,0.00,0.00,0.00,0.00,0.00,0.00,0.00,0.00,0.00,0.00,0.00,-0.00,-0.00,0.00,0
1.14764,79,104,201,0,DRIVE [ 33 ] [ 1 ] [ 1005 1419 1905 ] [    0    0    0 ] [      0      0      0 ] [ 0 ],drive [ 32 ] [ 0 ] [ 1005 1434 1905 ] [   88   37   22 ] [  13177   6919   9227 ] [ 0 ],1.00,1.00,1.00,1.40,78.62,145.05,0.00,0.00,0.00,0.00,0.00,0.00,0.00,0.00,0.00,0.00,0.00,0.00,-0.00,-0.00,0.00,0
1.15851,76,104,200,0,DRIVE [ 33 ] [ 1 ] [ 1005 1403 1905 ] [    0    0    0 ] [      0      0      0 ] [ 0 ],drive [ 33 ] [ 0 ] [ 1005 1419 1905 ] [   87   47   22 ] [  13177   6919   9227 ] [ 0 ],1.00,1.00,1.00,1.40,76.07,145.61,0.00,0.00,0.00,0.00,0.00,0.00,0.00,0.00,0.00,0.00,0.00,0.00,-0.00,-0.00,0.00,0
1.17066,73,104,199,0,DRIVE [ 34 ] [ 1 ] [ 1005 1386 1905 ] [    0    0    0 ] [      0      0      0 ] [ 0 ],drive [ 33 ] [ 0 ] [ 1005 1403 1905 ] [   87   47   22 ] [  13177   6919   9227 ] [ 0 ],1.00,1.00,1.00,1.40,73.10,145.71,0.00,0.00,0.00,0.00,0.00,0.00,0.00,0.00,0.00,0.00,0.00,0.00,-0.00,-0.00,0.00,0
1.1808,70,105,198,0,DRIVE [ 34 ] [ 1 ] [ 1005 1366 1905 ] [    0    0    0 ] [      0      0      0 ] [ 0 ],drive [ 34 ] [ 0 ] [ 1005 1386 1905 ] [   87   47   22 ] [  13177   6919   9227 ] [ 0 ],1.00,1.00,1.00,1.40,69.94,146.32,0.00,0.00,0.00,0.00,0.00,0.00,0.00,0.00,0.00,0.00,0.00,0.00,-0.00,-0.00,0.00,0
1.19129,67,105,198,0,DRIVE [ 35 ] [ 1 ] [ 1005 1346 1905 ] [    0    0    0 ] [      0      0      0 ] [ 0 ],drive [ 34 ] [ 0 ] [ 1005 1366 1905 ] [   87   47   22 ] [  13178   6944   9226 ] [ 0 ],1.00,1.00,1.00,1.40,66.91,147.34,0.00,0.00,0.00,0.00,0.00,0.00,0.00,0.00,0.00,0.00,0.00,0.00,-0.00,-0.00,0.00,0
1.20164,64,106,198,0,DRIVE [ 35 ] [ 1 ] [ 1005 1325 1905 ] [    0    0    0 ] [      0      0      0 ] [ 0 ],drive [ 35 ] [ 0 ] [ 1005 1346 1905 ] [   88   60   21 ] [  13178   6944   9226 ] [ 0 ],1.00,1.00,1.00,1.40,63.74,148.30,0.00,0.00,0.00,0.00,0.00,0.00,0.00,0.00,0.00,0.00,0.00,0.00,-0.00,-0.00,0.00,0
1.212,61,107,197,0,DRIVE [ 36 ] [ 1 ] [ 1005 1304 1905 ] [    0    0    0 ] [      0      0      0 ] [ 0 ],drive [ 35 ] [ 0 ] [ 1005 1325 1905 ] [   88   60   21 ] [  13178   6944   9226 ] [ 0 ],1.00,1.00,1.00,1.40,60.68,149.20,0.00,0.00,0.00,0.00,0.00,0.00,0.00,0.00,0.00,0.00,0.00,0.00,-0.00,-0.00,0.00,0
1.22279,58,106,195,0,DRIVE [ 36 ] [ 1 ] [ 1005 1285 1905 ] [    0    0    0 ] [      0      0      0 ] [ 0 ],drive [ 36 ] [ 0 ] [ 1005 1304 1905 ] [   88   60   21 ] [  13178   6944   9226 ] [ 0 ],1.00,1.00,1.00,1.40,57.55,149.10,0.00,0.00,0.00,0.00,0.00,0.00,0.00,0.00,0.00,0.00,0.00,0.00,-0.00,-0.00,0.00,0
1.23331,55,107,194,0,DRIVE [ 37 ] [ 1 ] [ 1005 1268 1905 ] [    0    0    0 ] [      0      0      0 ] [ 0 ],drive [ 36 ] [ 0 ] [ 1005 1285 1905 ] [   88   60   21 ] [  13178   6944   9226 ] [ 0 ],1.00,1.00,1.00,1.40,54.91,149.15,0.00,0.00,0.00,0.00,0.00,0.00,0.00,0.00,0.00,0.00,0.00,0.00,-0.00,-0.00,0.00,0
1.24391,53,107,193,0,DRIVE [ 37 ] [ 1 ] [ 1005 1252 1905 ] [    0    0    0 ] [      0      0      0 ] [ 0 ],drive [ 37 ] [ 0 ] [ 1005 1268 1905 ] [   88   60   21 ] [  13176   7370   9225 ] [ 0 ],1.00,1.00,1.00,1.40,52.88,149.70,0.00,0.00,0.00,0.00,0.00,0.00,0.00,0.00,0.00,0.00,0.00,0.00,-0.00,-0.00,0.00,0
1.25367,51,107,192,0,DRIVE [ 38 ] [ 1 ] [ 1005 1238 1905 ] [    0    0    0 ] [      0      0      0 ] [ 0 ],drive [ 37 ] [ 0 ] [ 1005 1252 1905 ] [   87   85   21 ] [  13176   7370   9225 ] [ 0 ],1.00,1.00,1.00,1.40,51.10,150.16,0.00,0.00,0.00,0.00,0.00,0.00,0.00,0.00,0.00,0.00,0.00,0.00,-0.00,-0.00,0.00,0
1.26366,50,108,192,0,DRIVE [ 38 ] [ 1 ] [ 1005 1227 1905 ] [    0    0    0 ] [      0      0      0 ] [ 0 ],drive [ 38 ] [ 0 ] [ 1005 1238 1905 ] [   87   85   21 ] [  13176   7370   9225 ] [ 0 ],1.00,1.00,1.00,1.40,49.80,150.95,0.00,0.00,0.00,0.00,0.00,0.00,0.00,0.00,0.00,0.00,0.00,0.00,-0.00,-0.00,0.00,0
1.27449,48,108,190,0,DRIVE [ 39 ] [ 1 ] [ 1005 1215 1905 ] [    0    0    0 ] [      0      0      0 ] [ 0 ],drive [ 38 ] [ 0 ] [ 1005 1227 1905 ] [   87   85   21 ] [  13176   7370   9225 ] [ 0 ],1.00,1.00,1.00,1.40,48.26,150.87,0.00,0.00,0.00,0.00,0.00,0.00,0.00,0.00,0.00,0.00,0.00,0.00,-0.00,-0.00,0.00,0
1.28478,47,108,189,0,DRIVE [ 39 ] [ 1 ] [ 1005 1203 1905 ] [    0    0    0 ] [      0      0      0 ] [ 0 ],drive [ 39 ] [ 0 ] [ 1005 1215 1905 ] [   87   85   21 ] [  13176   7370   9225 ] [ 0 ],1.00,1.00,1.00,1.40,47.01,151.50,0.00,0.00,0.00,0.00,0.00,0.00,0.00,0.00,0.00,0.00,0.00,0.00,-0.00,-0.00,0.00,0
1.29501,46,109,189,0,DRIVE [ 40 ] [ 1 ] [ 1005 1193 1905 ] [    0    0    0 ] [      0      0      0 ] [ 0 ],drive [ 39 ] [ 0 ] [ 1005 1203 1905 ] [   87   85   21 ] [  13174   7781   9225 ] [ 0 ],1.00,1.00,1.00,1.40,45.82,152.43,0.00,0.00,0.00,0.00,0.00,0.00,0.00,0.00,0.00,0.00,0.00,0.00,-0.00,-0.00,0.00,0
1.30538,45,110,188,0,DRIVE [ 40 ] [ 1 ] [ 1005 1183 1905 ] [    0    0    0 ] [      0      0      0 ] [ 0 ],drive [ 40 ] [ 0 ] [ 1005 1193 1905 ] [   87   73   20 ] [  13174   7781   9225 ] [ 0 ],1.00,1.00,1.00,1.40,44.54,153.42,0.00,0.00,0.00,0.00,0.00,0.00,0.00,0.00,0.00,0.00,0.00,0.00,-0.00,-0.00,0.00,0
1.31552,43,110,187,0,DRIVE [ 41 ] [ 1 ] [ 1005 1172 1905 ] [    0    0    0 ] [      0      0      0 ] [ 0 ],drive [ 40 ] [ 0 ] [ 1005 1183 1905 ] [   87   73   20 ] [  13174   7781   9225 ] [ 0 ],1.00,1.00,1.00,1.40,42.91,153.61,0.00,0.00,0.00,0.00,0.00,0.00,0.00,0.00,0.00,0.00,0.00,0.00,-0.00,-0.00,0.00,0
1.32564,41,111,186,0,DRIVE [ 41 ] [ 1 ] [ 1005 1160 1905 ] [    0    0    0 ] [      0      0      0 ] [ 0 ],drive [ 41 ] [ 0 ] [ 1005 1172 1905 ] [   87   73   20 ] [  13174   7781   9225 ] [ 0 ],1.00,1.00,1.00,1.40,41.43,154.99,0.00,0.00,0.00,0.00,0.00,0.00,0.00,0.00,0.00,0.00,0.00,0.00,-0.00,-0.00,0.00,0
1.33615,40,112,186,0,DRIVE [ 42 ] [ 1 ] [ 1005 1148 1905 ] [    0    0    0 ] [      0      0      0 ] [ 0 ],drive [ 41 ] [ 0 ] [ 1005 1160 1905 ] [   87   73   20 ] [  13174   7891   9221 ] [ 0 ],1.00,1.00,1.00,1.40,39.91,156.23,0.00,0.00,0.00,0.00,0.00,0.00,0.00,0.00,0.00,0.00,0.00,0.00,-0.00,-0.00,0.00,0
1.3464,39,112,185,0,DRIVE [ 42 ] [ 1 ] [ 1005 1138 1905 ] [    0    0    0 ] [      0      0      0 ] [ 0 ],drive [ 42 ] [ 0 ] [ 1005 1148 1905 ] [   87   73   20 ] [  13174   7891   9221 ] [ 0 ],1.00,1.00,1.00,1.40,38.51,157.23,0.00,0.00,0.00,0.00,0.00,0.00,0.00,0.00,0.00,0.00,0.00,0.00,-0.00,-0.00,0.00,0
1.35863,37,113,183,0,DRIVE [ 43 ] [ 1 ] [ 1005 1128 1905 ] [    0    0    0 ] [      0      0      0 ] [ 0 ],drive [ 42 ] [ 0 ] [ 1005 1138 1905 ] [   87   90   17 ] [  13174   7891   9221 ] [ 0 ],1.00,1.00,1.00,1.40,37.28,157.99,0.00,0.00,0.00,0.00,0.00,0.00,0.00,0.00,0.00,0.00,0.00,0.00,-0.00,-0.00,0.00,0
1.37073,36,114,182,0,DRIVE [ 43 ] [ 1 ] [ 1005 1121 1905 ] [    0    0    0 ] [      0      0      0 ] [ 0 ],drive [ 43 ] [ 0 ] [ 1005 1128 1905 ] [   87   90   17 ] [  13174   7891   9221 ] [ 0 ],1.00,1.00,1.00,1.40,36.35,158.98,0.00,0.00,0.00,0.00,0.00,0.00,0.00,0.00,0.00,0.00,0.00,0.00,-0.00,-0.00,0.00,0
1.3823,36,114,181,0,DRIVE [ 44 ] [ 1 ] [ 1005 1115 1905 ] [    0    0    0 ] [      0      0      0 ] [ 0 ],drive [ 43 ] [ 0 ] [ 1005 1121 1905 ] [   87   90   17 ] [  13174   7891   9221 ] [ 0 ],1.00,1.00,1.00,1.40,35.67,160.09,0.00,0.00,0.00,0.00,0.00,0.00,0.00,0.00,0.00,0.00,0.00,0.00,-0.00,-0.00,0.00,0
1.39277,35,115,180,0,DRIVE [ 44 ] [ 1 ] [ 1005 1112 1905 ] [    0    0    0 ] [      0      0      0 ] [ 0 ],drive [ 44 ] [ 0 ] [ 1005 1115 1905 ] [   87   90   17 ] [  13172   8165   9203 ] [ 0 ],1.00,1.00,1.00,1.40,35.37,160.90,0.00,0.00,0.00,0.00,0.00,0.00,0.00,0.00,0.00,0.00,0.00,0.00,-0.00,-0.00,0.00,0
1.40292,35,116,180,0,DRIVE [ 45 ] [ 1 ] [ 1005 1110 1905 ] [    0    0    0 ] [      0      0      0 ] [ 0 ],drive [ 44 ] [ 0 ] [ 1005 1112 1905 ] [   87   89    4 ] [  13172   8165   9203 ] [ 0 ],1.00,1.00,1.00,1.40,35.35,162.16,0.00,0.00,0.00,0.00,0.00,0.00,0.00,0.00,0.00,0.00,0.00,0.00,-0.00,-0.00,0.00,0
1.41438,35,116,179,0,DRIVE [ 45 ] [ 1 ] [ 1005 1109 1905 ] [    0    0    0 ] [      0      0      0 ] [ 0 ],drive [ 45 ] [ 0 ] [ 1005 1110 1905 ] [   87   89    4 ] [  13172   8165   9203 ] [ 0 ],1.00,1.00,1.00,1.40,35.39,162.98,0.00,0.00,0.00,0.00,0.00,0.00,0.00,0.00,0.00,0.00,0.00,0.00,0.00,0.00,0.00,0
1.42664,36,117,179,0,DRIVE [ 46 ] [ 1 ] [ 1005 1109 1905 ] [    0    0    0 ] [      0      0      0 ] [ 0 ],drive [ 45 ] [ 0 ] [ 1005 1109 1905 ] [   87   89    4 ] [  13172   8165   9203 ] [ 0 ],1.00,1.00,1.00,1.40,35.55,163.70,0.00,0.00,0.00,0.00,0.00,0.00,0.00,0.00,0.00,0.00,0.00,0.00,0.00,0.00,0.00,0
1.43873,36,117,178,0,DRIVE [ 46 ] [ 1 ] [ 1005 1110 1905 ] [    0    0    0 ] [      0      0      0 ] [ 0 ],drive [ 46 ] [ 0 ] [ 1005 1109 1905 ] [   87   89    4 ] [  13172   8375   9103 ] [ 0 ],1.00,1.00,1.00,1.40,35.82,164.17,0.00,0.00,0.00,0.00,0.00,0.00,0.00,0.00,0.00,0.00,0.00,0.00,0.00,0.00,0.00,0
1.45109,36,118,178,0,DRIVE [ 47 ] [ 1 ] [ 1005 1112 1905 ] [    0    0    0 ] [      0      0      0 ] [ 0 ],drive [ 46 ] [ 0 ] [ 1005 1110 1905 ] [   87   89    4 ] [  13172   8375   9103 ] [ 0 ],1.00,1.00,1.00,1.40,36.33,165.13,0.00,0.00,0.00,0.00,0.00,0.00,0.00,0.00,0.00,0.00,0.00,0.00,0.00,0.00,0.00,0
1.46093,37,118,177,0,DRIVE [ 47 ] [ 1 ] [ 1005 1115 1905 ] [    0    0    0 ] [      0      0      0 ] [ 0 ],drive [ 47 ] [ 0 ] [ 1005 1112 1905 ] [   86   91   15 ] [  13172   8375   9103 ] [ 0 ],1.00,1.00,1.00,1.40,36.87,165.81,0.00,0.00,0.00,0.00,0.00,0.00,0.00,0.00,0.00,0.00,0.00,0.00,0.00,0.00,0.00,0
1.47119,37,119,176,0,DRIVE [ 48 ] [ 1 ] [ 1005 1117 1905 ] [    0    0    0 ] [      0      0      0 ] [ 0 ],drive [ 47 ] [ 0 ] [ 1005 1115 1905 ] [   86   91   15 ] [  13172   8375   9103 ] [ 0 ],1.00,1.00,1.00,1.40,37.27,166.26,0.00,0.00,0.00,0.00,0.00,0.00,0.00,0.00,0.00,0.00,0.00,0.00,0.00,0.00,0.00,0
1.48267,38,119,175,0,DRIVE [ 48 ] [ 1 ] [ 1005 1117 1905 ] [    0    0    0 ] [      0      0      0 ] [ 0 ],drive [ 48 ] [ 0 ] [ 1005 1117 1905 ] [   86   91   15 ] [  13172   8375   9103 ] [ 0 ],1.00,1.00,1.00,1.40,37.53,166.93,0.00,0.00,0.00,0.00,0.00,0.00,0.00,0.00,0.00,0.00,0.00,0.00,0.00,0.00,0.00,0
1.49437,38,120,174,0,DRIVE [ 49 ] [ 1 ] [ 1005 1118 1905 ] [    0    0    0 ] [      0      0      0 ] [ 0 ],drive [ 48 ] [ 0 ] [ 1005 1117 1905 ] [   86   91   15 ] [  13172   8430   9096 ] [ 0 ],1.00,1.00,1.00,1.40,37.90,168.01,0.00,0.00,0.00,0.00,0.00,0.00,0.00,0.00,0.00,0.00,0.00,0.00,0.00,0.00,0.00,0
1.50665,38,120,173,0,DRIVE [ 49 ] [ 1 ] [ 1005 1119 1905 ] [    0    0    0 ] [      0      0      0 ] [ 0 ],drive [ 49 ] [ 0 ] [ 1005 1118 1905 ] [   86  101   14 ] [  13172   8430   9096 ] [ 0 ],1.00,1.00,1.00,1.40,38.08,168.33,0.00,0.00,0.00,0.00,0.00,0.00,0.00,0.00,0.00,0.00,0.00,0.00,0.00,0.00,0.00,0
1.51687,38,121,172,0,DRIVE [ 50 ] [ 1 ] [ 1005 1119 1905 ] [    0    0    0 ] [      0      0      0 ] [ 0 ],drive [ 49 ] [ 0 ] [ 1005 1119 1905 ] [   86  101   14 ] [  13172   8430   9096 ] [ 0 ],1.00,1.00,1.00,1.40,38.33,168.89,0.00,0.00,0.00,0.00,0.00,0.00,0.00,0.00,0.00,0.00,0.00,0.00,0.00,0.00,0.00,0
1.5267,39,121,171,0,DRIVE [ 50 ] [ 1 ] [ 1005 1122 1905 ] [    0    0    0 ] [      0      0      0 ] [ 0 ],drive [ 50 ] [ 0 ] [ 1005 1119 1905 ] [   86  101   14 ] [  13172   8430   9096 ] [ 0 ],1.00,1.00,1.00,1.40,38.91,169.75,0.00,0.00,0.00,0.00,0.00,0.00,0.00,0.00,0.00,0.00,0.00,0.00,0.00,0.00,0.00,0
1.53878,40,121,170,0,DRIVE [ 51 ] [ 1 ] [ 1005 1126 1905 ] [    0    0    0 ] [      0      0      0 ] [ 0 ],drive [ 50 ] [ 0 ] [ 1005 1122 1905 ] [   86  101   14 ] [  13173   8543   9077 ] [ 0 ],1.00,1.00,1.00,1.40,39.64,169.89,0.00,0.00,0.00,0.00,0.00,0.00,0.00,0.00,0.00,0.00,0.00,0.00,0.00,0.00,0.00,0
1.55061,40,121,169,0,DRIVE [ 51 ] [ 1 ] [ 1005 1130 1905 ] [    0    0    0 ] [      0      0      0 ] [ 0 ],drive [ 51 ] [ 0 ] [ 1005 1126 1905 ] [   86  101   14 ] [  13173   8543   9077 ] [ 0 ],1.00,1.00,1.00,1.40,40.35,169.67,0.00,0.00,0.00,0.00,0.00,0.00,0.00,0.00,0.00,0.00,0.00,0.00,0.00,0.00,0.00,0
1.56249,41,122,169,0,DRIVE [ 52 ] [ 1 ] [ 1005 1135 1905 ] [    0    0    0 ] [      0      0      0 ] [ 0 ],drive [ 51 ] [ 0 ] [ 1005 1130 1905 ] [   87   92   18 ] [  13173   8543   9077 ] [ 0 ],1.00,1.00,1.00,1.40,41.28,170.35,0.00,0.00,0.00,0.00,0.00,0.00,0.00,0.00,0.00,0.00,0.00,0.00,0.00,0.00,0.00,0
1.57441,42,121,168,0,DRIVE [ 52 ] [ 1 ] [ 1005 1141 1905 ] [    0    0    0 ] [      0      0      0 ] [ 0 ],drive [ 52 ] [ 0 ] [ 1005 1135 1905 ] [   87   92   18 ] [  13173   8543   9077 ] [ 0 ],1.00,1.00,1.00,1.40,42.28,169.98,0.00,0.00,0.00,0.00,0.00,0.00,0.00,0.00,0.00,0.00,0.00,0.00,0.00,0.00,0.00,0
1.58455,43,121,167,0,DRIVE [ 53 ] [ 1 ] [ 1005 1149 1905 ] [    0    0    0 ] [      0      0      0 ] [ 0 ],drive [ 52 ] [ 0 ] [ 1005 1141 1905 ] [   87   92   18 ] [  13173   8543   9077 ] [ 0 ],1.00,1.00,1.00,1.40,43.29,169.15,0.00,0.00,0.00,0.00,0.00,0.00,0.00,0.00,0.00,0.00,0.00,0.00,0.00,0.00,0.00,0
1.59428,44,121,166,0,DRIVE [ 53 ] [ 1 ] [ 1005 1156 1905 ] [    0    0    0 ] [      0      0      0 ] [ 0 ],drive [ 53 ] [ 0 ] [ 1005 1149 1905 ] [   87   92   18 ] [  13177   8625   8989 ] [ 0 ],1.00,1.00,1.00,1.40,44.41,168.91,0.00,0.00,0.00,0.00,0.00,0.00,0.00,0.00,0.00,0.00,0.00,0.00,0.00,0.00,0.00,0
1.60648,45,120,165,0,DRIVE [ 54 ] [ 1 ] [ 1005 1162 1905 ] [    0    0    0 ] [      0      0      0 ] [ 0 ],drive [ 53 ] [ 0 ] [ 1005 1156 1905 ] [   88   75   18 ] [  13177   8625   8989 ] [ 0 ],1.00,1.00,1.00,1.40,45.46,168.57,0.00,0.00,0.00,0.00,0.00,0.00,0.00,0.00,0.00,0.00,0.00,0.00,0.00,0.00,0.00,0
1.61844,47,120,164,0,DRIVE [ 54 ] [ 1 ] [ 1005 1171 1905 ] [    0    0    0 ] [      0      0      0 ] [ 0 ],drive [ 54 ] [ 0 ] [ 1005 1162 1905 ] [   88   75   18 ] [  13177   8625   8989 ] [ 0 ],1.00,1.00,1.00,1.40,46.79,168.24,0.00,0.00,0.00,0.00,0.00,0.00,0.00,0.00,0.00,0.00,0.00,0.00,0.00,0.00,0.00,0
1.63046,48,120,164,0,DRIVE [ 55 ] [ 1 ] [ 1005 1179 1905 ] [    0    0    0 ] [      0      0      0 ] [ 0 ],drive [ 54 ] [ 0 ] [ 1005 1171 1905 ] [   88   75   18 ] [  13177   8625   8989 ] [ 0 ],1.00,1.00,1.00,1.40,48.22,168.01,0.00,0.00,0.00,0.00,0.00,0.00,0.00,0.00,0.00,0.00,0.00,0.00,0.00,0.00,0.00,0
1.64242,49,119,162,0,DRIVE [ 55 ] [ 1 ] [ 1005 1189 1905 ] [    0    0    0 ] [      0      0      0 ] [ 0 ],drive [ 55 ] [ 0 ] [ 1005 1179 1905 ] [   88   75   18 ] [  13180   8638   8976 ] [ 0 ],1.00,1.00,1.00,1.40,49.48,166.91,0.00,0.00,0.00,0.00,0.00,0.00,0.00,0.00,0.00,0.00,0.00,0.00,0.00,0.00,0.00,0
1.65257,51,118,161,0,DRIVE [ 56 ] [ 1 ] [ 1005 1199 1905 ] [    0    0    0 ] [      0      0      0 ] [ 0 ],drive [ 55 ] [ 0 ] [ 1005 1189 1905 ] [   94   88    8 ] [  13180   8638   8976 ] [ 0 ],1.00,1.00,1.00,1.40,50.72,165.34,0.00,0.00,0.00,0.00,0.00,0.00,0.00,0.00,0.00,0.00,0.00,0.00,0.00,0.00,0.00,0
1.66262,53,118,160,0,DRIVE [ 56 ] [ 1 ] [ 1005 1211 1905 ] [    0    0    0 ] [      0      0      0 ] [ 0 ],drive [ 56 ] [ 0 ] [ 1005 1199 1905 ] [   94   88    8 ] [  13180   8638   8976 ] [ 0 ],1.00,1.00,1.00,1.40,52.50,164.68,0.00,0.00,0.00,0.00,0.00,0.00,0.00,0.00,0.00,0.00,0.00,0.00,0.00,0.00,0.00,0
1.67441,54,117,159,0,DRIVE [ 57 ] [ 1 ] [ 1005 1222 1905 ] [    0    0    0 ] [      0      0      0 ] [ 0 ],drive [ 56 ] [ 0 ] [ 1005 1211 1905 ] [   94   88    8 ] [  13180   8638   8976 ] [ 0 ],1.00,1.00,1.00,1.40,54.15,163.55,0.00,0.00,0.00,0.00,0.00,0.00,0.00,0.00,0.00,0.00,0.00,0.00,0.00,0.00,0.00,0
1.6864,56,116,157,0,DRIVE [ 57 ] [ 1 ] [ 1005 1235 1905 ] [    0    0    0 ] [      0      0      0 ] [ 0 ],drive [ 57 ] [ 0 ] [ 1005 1222 1905 ] [   94   88    8 ] [  13180   8638   8976 ] [ 0 ],1.00,1.00,1.00,1.40,55.83,162.30,0.00,0.00,0.00,0.00,0.00,0.00,0.00,0.00,0.00,0.00,0.00,0.00,0.00,0.00,0.00,0
1.69814,57,115,156,0,DRIVE [ 58 ] [ 1 ] [ 1005 1247 1905 ] [    0    0    0 ] [      0      0      0 ] [ 0 ],drive [ 57 ] [ 0 ] [ 1005 1235 1905 ] [   94   88    8 ] [  13188   8699   8964 ] [ 0 ],1.00,1.00,1.00,1.40,57.34,160.78,0.00,0.00,0.00,0.00,0.00,0.00,0.00,0.00,0.00,0.00,0.00,0.00,0.00,0.00,0.00,0
1.70837,59,114,154,0,DRIVE [ 58 ] [ 1 ] [ 1005 1259 1905 ] [    0    0    0 ] [      0      0      0 ] [ 0 ],drive [ 58 ] [ 0 ] [ 1005 1247 1905 ] [   95   73    2 ] [  13188   8699   8964 ] [ 0 ],1.00,1.00,1.00,1.40,58.74,159.05,0.00,0.00,0.00,0.00,0.00,0.00,0.00,0.00,0.00,0.00,0.00,0.00,0.00,0.00,0.00,0
1.71855,60,112,153,0,DRIVE [ 59 ] [ 1 ] [ 1005 1271 1905 ] [    0    0    0 ] [      0      0      0 ] [ 0 ],drive [ 58 ] [ 0 ] [ 1005 1259 1905 ] [   95   73    2 ] [  13188   8699   8964 ] [ 0 ],1.00,1.00,1.00,1.40,59.99,156.94,0.00,0.00,0.00,0.00,0.00,0.00,0.00,0.00,0.00,0.00,0.00,0.00,0.00,0.00,0.00,0
1.73063,61,111,151,0,DRIVE [ 59 ] [ 1 ] [ 1005 1283 1905 ] [    0    0    0 ] [      0      0      0 ] [ 0 ],drive [ 59 ] [ 0 ] [ 1005 1271 1905 ] [   95   73    2 ] [  13188   8699   8964 ] [ 0 ],1.00,1.00,1.00,1.40,61.32,154.93,0.00,0.00,0.00,0.00,0.00,0.00,0.00,0.00,0.00,0.00,0.00,0.00,0.00,0.00,0.00,0
1.7424,63,109,150,0,DRIVE [ 60 ] [ 1 ] [ 1005 1296 1905 ] [    0    0    0 ] [      0      0      0 ] [ 0 ],drive [ 59 ] [ 0 ] [ 1005 1283 1905 ] [   95   73    2 ] [  13202   8699   8886 ] [ 0 ],1.00,1.00,1.00,1.40,62.75,153.14,0.00,0.00,0.00,0.00,0.00,0.00,0.00,0.00,0.00,0.00,0.00,0.00,0.00,0.00,0.00,0
1.75417,64,108,148,0,DRIVE [ 60 ] [ 1 ] [ 1005 1309 1905 ] [    0    0    0 ] [      0      0      0 ] [ 0 ],drive [ 60 ] [ 0 ] [ 1005 1296 1905 ] [  111   69   21 ] [  13202   8699   8886 ] [ 0 ],1.00,1.00,1.00,1.40,64.11,151.18,0.00,0.00,0.00,0.00,0.00,0.00,0.00,0.00,0.00,0.00,0.00,0.00,-0.00,-0.00,0.00,0
1.76655,66,107,147,0,DRIVE [ 61 ] [ 1 ] [ 1005 1323 1905 ] [    0    0    0 ] [      0      0      0 ] [ 0 ],drive [ 60 ] [ 0 ] [ 1005 1309 1905 ] [  111   69   21 ] [  13202   8699   8886 ] [ 0 ],1.00,1.00,1.00,1.40,65.70,149.66,0.00,0.00,0.00,0.00,0.00,0.00,0.00,0.00,0.00,0.00,0.00,0.00,-0.00,-0.00,0.00,0
1.77715,67,106,146,0,DRIVE [ 61 ] [ 1 ] [ 1005 1337 1905 ] [    0    0    0 ] [      0      0      0 ] [ 0 ],drive [ 61 ] [ 0 ] [ 1005 1323 1905 ] [  111   69   21 ] [  13202   8699   8886 ] [ 0 ],1.00,1.00,1.00,1.40,67.25,147.87,0.00,0.00,0.00,0.00,0.00,0.00,0.00,0.00,0.00,0.00,0.00,0.00,-0.00,-0.00,0.00,0
1.78751,69,105,145,0,DRIVE [ 62 ] [ 1 ] [ 1005 1351 1905 ] [    0    0    0 ] [      0      0      0 ] [ 0 ],drive [ 61 ] [ 0 ] [ 1005 1337 1905 ] [  111   69   21 ] [  13263   8699   8882 ] [ 0 ],1.00,1.00,1.00,1.40,69.15,146.82,0.00,0.00,0.00,0.00,0.00,0.00,0.00,0.00,0.00,0.00,0.00,0.00,0.00,0.00,0.00,0
1.79826,71,104,144,0,DRIVE [ 62 ] [ 1 ] [ 1005 1364 1905 ] [    0    0    0 ] [      0      0      0 ] [ 0 ],drive [ 62 ] [ 0 ] [ 1005 1351 1905 ] [  111   69   21 ] [  13263   8699   8882 ] [ 0 ],1.00,1.00,1.00,1.40,70.60,145.13,0.00,0.00,0.00,0.00,0.00,0.00,0.00,0.00,0.00,0.00,0.00,0.00,0.00,0.00,0.00,0
1.81058,72,102,143,0,DRIVE [ 63 ] [ 1 ] [ 1005 1378 1905 ] [    0    0    0 ] [      0      0      0 ] [ 0 ],drive [ 62 ] [ 0 ] [ 1005 1364 1905 ] [   87   63   17 ] [  13263   8699   8882 ] [ 0 ],1.00,1.00,1.00,1.40,72.00,143.35,0.00,0.00,0.00,0.00,0.00,0.00,0.00,0.00,0.00,0.00,0.00,0.00,0.00,0.00,0.00,0
1.82257,73,101,142,0,DRIVE [ 63 ] [ 1 ] [ 1005 1391 1905 ] [    0    0    0 ] [      0      0      0 ] [ 0 ],drive [ 63 ] [ 0 ] [ 1005 1378 1905 ] [   87   63   17 ] [  13263   8699   8882 ] [ 0 ],1.00,1.00,1.00,1.40,73.28,141.52,0.00,0.00,0.00,0.00,0.00,0.00,0.00,0.00,0.00,0.00,0.00,0.00,0.00,0.00,0.00,0
1.83303,74,100,140,0,DRIVE [ 64 ] [ 1 ] [ 1005 1404 1905 ] [    0    0    0 ] [      0      0      0 ] [ 0 ],drive [ 63 ] [ 0 ] [ 1005 1391 1905 ] [   87   63   17 ] [  13263   8699   8882 ] [ 0 ],1.00,1.00,1.00,1.40,74.33,139.49,0.00,0.00,0.00,0.00,0.00,0.00,0.00,0.00,0.00,0.00,0.00,0.00,0.00,0.00,0.00,0
1.84354,76,99,139,0,DRIVE [ 64 ] [ 1 ] [ 1005 1416 1905 ] [    0    0    0 ] [      0      0      0 ] [ 0 ],drive [ 64 ] [ 0 ] [ 1005 1404 1905 ] [   87   63   17 ] [  13264   8695   8877 ] [ 0 ],1.00,1.00,1.00,1.40,75.63,138.05,0.00,0.00,0.00,0.00,0.00,0.00,0.00,0.00,0.00,0.00,0.00,0.00,0.00,0.00,0.00,0
1.85448,77,97,138,0,DRIVE [ 65 ] [ 1 ] [ 1005 1428 1905 ] [    0    0    0 ] [      0      0      0 ] [ 0 ],drive [ 64 ] [ 0 ] [ 1005 1416 1905 ] [   87   61   17 ] [  13264   8695   8877 ] [ 0 ],1.00,1.00,1.00,1.40,76.62,136.15,0.00,0.00,0.00,0.00,0.00,0.00,0.00,0.00,0.00,0.00,0.00,0.00,0.00,0.00,0.00,0
1.86684,78,96,136,0,DRIVE [ 65 ] [ 1 ] [ 1005 1440 1905 ] [    0    0    0 ] [      0      0      0 ] [ 0 ],drive [ 65 ] [ 0 ] [ 1005 1428 1905 ] [   87   61   17 ] [  13264   8695   8877 ] [ 0 ],1.00,1.00,1.00,1.40,77.59,134.26,0.00,0.00,0.00,0.00,0.00,0.00,0.00,0.00,0.00,0.00,0.00,0.00,0.00,0.00,0.00,0
1.8781,78,96,136,0,DRIVE [ 66 ] [ 1 ] [ 1005 1440 1905 ] [    0    0    0 ] [      0      0      0 ] [ 1 ],drive [ 65 ] [ 0 ] [ 1005 1440 1905 ] [   87   61   17 ] [  13264   8695   8877 ] [ 0 ],1.00,1.00,1.00,1.40,69.83,120.83,0.00,0.00,0.00,0.00,0.00,0.00,0.00,0.00,0.00,0.00,0.00,0.00,0.00,0.00,0.00,0
1.89055,79,94,135,0,DRIVE [ 66 ] [ 1 ] [ 1005 1455 1905 ] [    0    0    0 ] [      0      0      0 ] [ 0 ],drive [ 66 ] [ 0 ] [ 0555 0990 1455 ] [   87   61   17 ] [  13267   8692   8877 ] [ 1 ],1.00,1.00,1.00,1.40,78.60,131.70,0.00,0.00,0.00,0.00,0.00,0.00,0.00,0.00,0.00,0.00,0.00,0.00,-0.00,-0.00,0.00,0
1.90168,79,94,135,0,DRIVE [ 67 ] [ 1 ] [ 1005 1455 1905 ] [    0    0    0 ] [      0      0      0 ] [ 1 ],drive [ 66 ] [ 0 ] [ 1005 1455 1905 ] [  144   87   62 ] [  13267   8692   8877 ] [ 0 ],1.00,1.00,1.00,1.40,70.74,118.53,0.00,0.00,0.00,0.00,0.00,0.00,0.00,0.00,0.00,0.00,0.00,0.00,-0.00,-0.00,0.00,0
1.9118,80,92,133,0,DRIVE [ 67 ] [ 1 ] [ 1005 1472 1905 ] [    0    0    0 ] [      0      0      0 ] [ 0 ],drive [ 67 ] [ 0 ] [ 0555 1005 1455 ] [  144   87   62 ] [  13267   8692   8877 ] [ 1 ],1.00,1.00,1.00,1.40,79.67,128.71,0.00,0.00,0.00,0.00,0.00,0.00,0.00,0.00,0.00,0.00,0.00,0.00,-0.00,-0.00,0.00,0
1.92401,81,90,131,0,DRIVE [ 68 ] [ 1 ] [ 1005 1489 1905 ] [    0    0    0 ] [      0      0      0 ] [ 0 ],drive [ 67 ] [ 0 ] [ 1005 1472 1905 ] [  144   87   62 ] [  13267   8692   8877 ] [ 0 ],1.00,1.00,1.00,1.40,80.77,126.13,0.00,0.00,0.00,0.00,0.00,0.00,0.00,0.00,0.00,0.00,0.00,0.00,-0.00,-0.00,0.00,0
1.93468,81,90,131,0,DRIVE [ 68 ] [ 1 ] [ 1005 1489 1905 ] [    0    0    0 ] [      0      0      0 ] [ 1 ],drive [ 68 ] [ 0 ] [ 1005 1489 1905 ] [  144   87   62 ] [  13267   8692   8877 ] [ 0 ],1.00,1.00,1.00,1.40,72.70,113.52,0.00,0.00,0.00,0.00,0.00,0.00,0.00,0.00,0.00,0.00,0.00,0.00,-0.00,-0.00,0.00,0
1.94607,81,90,131,0,DRIVE [ 69 ] [ 1 ] [ 1005 1489 1905 ] [    0    0    0 ] [      0      0      0 ] [ 1 ],drive [ 68 ] [ 0 ] [ 0555 1039 1455 ] [  144   87   62 ] [  13635   8839   9108 ] [ 1 ],1.00,1.00,1.00,1.40,65.43,102.17,0.00,0.00,0.00,0.00,0.00,0.00,0.00,0.00,0.00,0.00,0.00,0.00,-0.00,-0.00,0.00,0
1.95823,81,90,131,0,DRIVE [ 69 ] [ 1 ] [ 1005 1491 1905 ] [    0    0    0 ] [      0      0      0 ] [ 1 ],drive [ 69 ] [ 0 ] [ 0555 1039 1455 ] [  126   49   11 ] [  13635   8839   9108 ] [ 1 ],1.00,1.00,1.00,1.40,58.88,91.95,0.00,0.00,0.00,0.00,0.00,0.00,0.00,0.00,0.00,0.00,0.00,0.00,-0.00,-0.00,0.00,0
1.96858,81,90,131,0,DRIVE [ 70 ] [ 1 ] [ 1005 1521 1905 ] [    0    0    0 ] [      0      0      0 ] [ 1 ],drive [ 69 ] [ 0 ] [ 0555 1041 1455 ] [  126   49   11 ] [  13635   8839   9108 ] [ 1 ],1.00,1.00,1.00,1.40,52.99,82.76,0.00,0.00,0.00,0.00,0.00,0.00,0.00,0.00,0.00,0.00,0.00,0.00,-0.00,-0.00,0.00,0
1.97857,81,90,131,0,DRIVE [ 70 ] [ 1 ] [ 1005 1551 1905 ] [    0    0    0 ] [      0      0      0 ] [ 1 ],drive [ 70 ] [ 0 ] [ 0555 1071 1455 ] [  126   49   11 ] [  13635   8839   9108 ] [ 1 ],1.00,1.00,1.00,1.40,47.70,74.48,0.00,0.00,0.00,0.00,0.00,0.00,0.00,0.00,0.00,0.00,0.00,0.00,-0.00,-0.00,0.00,0
1.99056,81,90,131,0,DRIVE [ 71 ] [ 1 ] [ 1005 1580 1905 ] [    0    0    0 ] [      0      0      0 ] [ 1 ],drive [ 70 ] [ 0 ] [ 0555 1101 1455 ] [  126   49   11 ] [  13969   8836   9185 ] [ 1 ],1.00,1.00,1.00,1.40,42.93,67.03,0.00,0.00,0.00,0.00,0.00,0.00,0.00,0.00,0.00,0.00,0.00,0.00,-0.00,-0.00,0.00,0
2.00247,81,90,131,0,DRIVE [ 71 ] [ 1 ] [ 1005 1607 1905 ] [    0    0    0 ] [      0      0      0 ] [ 1 ],drive [ 71 ] [ 0 ] [ 0555 1130 1455 ] [  126   49   11 ] [  13969   8836   9185 ] [ 1 ],1.00,1.00,1.00,1.40,38.63,60.33,0.00,0.00,0.00,0.00,0.00,0.00,0.00,0.00,0.00,0.00,0.00,0.00,-0.00,-0.00,0.00,0
2.01419,81,90,131,0,DRIVE [ 72 ] [ 1 ] [ 1005 1632 1905 ] [    0    0    0 ] [      0      0      0 ] [ 1 ],drive [ 71 ] [ 0 ] [ 0555 1157 1455 ] [  140   74   55 ] [  13969   8836   9185 ] [ 1 ],1.00,1.00,1.00,1.40,34.77,54.30,0.00,0.00,0.00,0.00,0.00,0.00,0.00,0.00,0.00,0.00,0.00,0.00,-0.00,-0.00,0.00,0
2.02458,81,90,131,0,DRIVE [ 72 ] [ 1 ] [ 1005 1657 1905 ] [    0    0    0 ] [      0      0      0 ] [ 1 ],drive [ 72 ] [ 0 ] [ 0555 1182 1455 ] [  140   74   55 ] [  13969   8836   9185 ] [ 1 ],1.00,1.00,1.00,1.40,31.29,48.87,0.00,0.00,0.00,0.00,0.00,0.00,0.00,0.00,0.00,0.00,0.00,0.00,-0.00,-0.00,0.00,0
2.03521,81,90,131,0,DRIVE [ 73 ] [ 1 ] [ 1019 1679 1905 ] [    0    0    0 ] [      0      0      0 ] [ 1 ],drive [ 72 ] [ 0 ] [ 0555 1207 1455 ] [  140   74   55 ] [  13969   8836   9185 ] [ 1 ],1.00,1.00,1.00,1.40,28.16,43.98,0.00,0.00,0.00,0.00,0.00,0.00,0.00,0.00,0.00,0.00,0.00,0.00,-0.00,-0.00,0.00,0
2.04644,81,90,131,0,DRIVE [ 73 ] [ 1 ] [ 1101 1700 1905 ] [    0    0    0 ] [      0      0      0 ] [ 1 ],drive [ 73 ] [ 0 ] [ 0569 1229 1455 ] [  140   74   55 ] [  14087   8834   9215 ] [ 1 ],1.00,1.00,1.00,1.40,25.35,39.58,0.00,0.00,0.00,0.00,0.00,0.00,0.00,0.00,0.00,0.00,0.00,0.00,-0.00,-0.00,0.00,0
2.05873,81,90,131,0,DRIVE [ 74 ] [ 1 ] [ 1176 1719 1905 ] [    0    0    0 ] [      0      0      0 ] [ 1 ],drive [ 73 ] [ 0 ] [ 0651 1250 1455 ] [  137   65   56 ] [  14087   8834   9215 ] [ 1 ],1.00,1.00,1.00,1.40,22.81,35.62,0.00,0.00,0.00,0.00,0.00,0.00,0.00,0.00,0.00,0.00,0.00,0.00,-0.00,-0.00,0.00,0
2.07062,81,90,131,0,DRIVE [ 74 ] [ 1 ] [ 1245 1737 1905 ] [    0    0    0 ] [      0      0      0 ] [ 1 ],drive [ 74 ] [ 0 ] [ 0726 1269 1455 ] [  137   65   56 ] [  14087   8834   9215 ] [ 1 ],1.00,1.00,1.00,1.40,20.53,32.06,0.00,0.00,0.00,0.00,0.00,0.00,0.00,0.00,0.00,0.00,0.00,0.00,-0.00,-0.00,0.00,0
2.08233,81,90,131,0,DRIVE [ 75 ] [ 1 ] [ 1308 1753 1905 ] [    0    0    0 ] [      0      0      0 ] [ 1 ],drive [ 74 ] [ 0 ] [ 0795 1287 1455 ] [  137   65   56 ] [  14087   8834   9215 ] [ 1 ],1.00,1.00,1.00,1.40,18.48,28.86,0.00,0.00,0.00,0.00,0.00,0.00,0.00,0.00,0.00,0.00,0.00,0.00,-0.00,-0.00,0.00,0
2.09288,81,90,131,0,DRIVE [ 75 ] [ 1 ] [ 1365 1767 1905 ] [    0    0    0 ] [      0      0      0 ] [ 1 ],drive [ 75 ] [ 0 ] [ 0858 1303 1455 ] [  137   65   56 ] [  14094   8831   9215 ] [ 1 ],1.00,1.00,1.00,1.40,16.63,25.97,0.00,0.00,0.00,0.00,0.00,0.00,0.00,0.00,0.00,0.00,0.00,0.00,-0.00,-0.00,0.00,0
2.10328,81,90,131,0,DRIVE [ 76 ] [ 1 ] [ 1418 1781 1905 ] [    0    0    0 ] [      0      0      0 ] [ 1 ],drive [ 75 ] [ 0 ] [ 0915 1317 1455 ] [  103   60   55 ] [  14094   8831   9215 ] [ 1 ],1.00,1.00,1.00,1.40,14.97,23.37,0.00,0.00,0.00,0.00,0.00,0.00,0.00,0.00,0.00,0.00,0.00,0.00,-0.00,-0.00,0.00,0
2.11434,81,90,131,0,DRIVE [ 76 ] [ 1 ] [ 1465 1793 1905 ] [    0    0    0 ] [      0      0      0 ] [ 1 ],drive [ 76 ] [ 0 ] [ 0968 1331 1455 ] [  103   60   55 ] [  14094   8831   9215 ] [ 1 ],1.00,1.00,1.00,1.40,13.47,21.04,0.00,0.00,0.00,0.00,0.00,0.00,0.00,0.00,0.00,0.00,0.00,0.00,-0.00,-0.00,0.00,0
2.12675,81,90,131,0,DRIVE [ 77 ] [ 1 ] [ 1508 1804 1905 ] [    0    0    0 ] [      0      0      0 ] [ 1 ],drive [ 76 ] [ 0 ] [ 1015 1343 1455 ] [  103   60   55 ] [  14094   8831   9215 ] [ 1 ],1.00,1.00,1.00,1.40,12.12,18.93,0.00,0.00,0.00,0.00,0.00,0.00,0.00,0.00,0.00,0.00,0.00,0.00,-0.00,-0.00,0.00,0
2.13878,81,81,127,0,DRIVE [ 77 ] [ 1 ] [ 1005 1538 1905 ] [    0    0    0 ] [      0      0      0 ] [ 0 ],drive [ 77 ] [ 0 ] [ 1058 1354 1455 ] [  103   60   55 ] [  14068   8825   9215 ] [ 1 ],1.00,1.00,1.00,1.40,80.58,113.81,0.00,0.00,0.00,0.00,0.00,0.00,0.00,0.00,0.00,0.00,0.00,0.00,-0.00,-0.00,0.00,0
2.15057,81,81,127,0,DRIVE [ 78 ] [ 1 ] [ 1005 1538 1905 ] [    0    0    0 ] [      0      0      0 ] [ 1 ],drive [ 77 ] [ 0 ] [ 1005 1538 1905 ] [  103   60   55 ] [  14068   8825   9215 ] [ 0 ],1.00,1.00,1.00,1.40,72.52,102.43,0.00,0.00,0.00,0.00,0.00,0.00,0.00,0.00,0.00,0.00,0.00,0.00,-0.00,-0.00,0.00,0
2.16061,81,81,127,0,DRIVE [ 78 ] [ 1 ] [ 1005 1538 1905 ] [    0    0    0 ] [      0      0      0 ] [ 1 ],drive [ 78 ] [ 0 ] [ 0555 1088 1455 ] [   82   56   55 ] [  14068   8825   9215 ] [ 1 ],1.00,1.00,1.00,1.40,65.27,92.19,0.00,0.00,0.00,0.00,0.00,0.00,0.00,0.00,0.00,0.00,0.00,0.00,-0.00,-0.00,0.00,0
2.17128,81,81,127,0,DRIVE [ 79 ] [ 1 ] [ 1005 1550 1905 ] [    0    0    0 ] [      0      0      0 ] [ 1 ],drive [ 78 ] [ 0 ] [ 0555 1088 1455 ] [   82   56   55 ] [  14068   8825   9215 ] [ 1 ],1.00,1.00,1.00,1.40,58.74,82.97,0.00,0.00,0.00,0.00,0.00,0.00,0.00,0.00,0.00,0.00,0.00,0.00,-0.00,-0.00,0.00,0
2.18272,81,81,127,0,DRIVE [ 79 ] [ 1 ] [ 1005 1576 1905 ] [    0    0    0 ] [      0      0      0 ] [ 1 ],drive [ 79 ] [ 0 ] [ 0555 1100 1455 ] [   82   56   55 ] [  14068   8825   9215 ] [ 1 ],1.00,1.00,1.00,1.40,52.87,74.67,0.00,0.00,0.00,0.00,0.00,0.00,0.00,0.00,0.00,0.00,0.00,0.00,-0.00,-0.00,0.00,0
2.19457,81,81,127,0,DRIVE [ 80 ] [ 1 ] [ 1005 1602 1905 ] [    0    0    0 ] [      0      0      0 ] [ 1 ],drive [ 79 ] [ 0 ] [ 0555 1126 1455 ] [   82   56   55 ] [  14222   8743   9025 ] [ 1 ],1.00,1.00,1.00,1.40,47.58,67.21,0.00,0.00,0.00,0.00,0.00,0.00,0.00,0.00,0.00,0.00,0.00,0.00,-0.00,-0.00,0.00,0
2.20674,79,72,123,0,DRIVE [ 80 ] [ 1 ] [ 1005 1589 1905 ] [    0    0    0 ] [      0      0      0 ] [ 0 ],drive [ 80 ] [ 0 ] [ 0555 1152 1455 ] [  134   76   68 ] [  14222   8743   9025 ] [ 1 ],1.00,1.00,1.00,1.40,78.95,100.92,0.00,0.00,0.00,0.00,0.00,0.00,0.00,0.00,0.00,0.00,0.00,0.00,-0.00,-0.00,0.00,0
2.22296,79,72,123,0,DRIVE [ 81 ] [ 1 ] [ 1005 1589 1905 ] [    0    0    0 ] [      0      0      0 ] [ 1 ],drive [ 80 ] [ 0 ] [ 1005 1589 1905 ] [  134   76   68 ] [  14222   8743   9025 ] [ 0 ],1.00,1.00,1.00,1.40,71.06,90.83,0.00,0.00,0.00,0.00,0.00,0.00,0.00,0.00,0.00,0.00,0.00,0.00,-0.00,-0.00,0.00,0
2.23314,79,72,123,0,DRIVE [ 81 ] [ 1 ] [ 1005 1589 1905 ] [    0    0    0 ] [      0      0      0 ] [ 1 ],drive [ 81 ] [ 0 ] [ 0555 1139 1455 ] [  134   76   68 ] [  14222   8743   9025 ] [ 1 ],1.00,1.00,1.00,1.40,63.95,81.75,0.00,0.00,0.00,0.00,0.00,0.00,0.00,0.00,0.00,0.00,0.00,0.00,-0.00,-0.00,0.00,0
2.24405,79,72,123,0,DRIVE [ 82 ] [ 1 ] [ 1005 1612 1905 ] [    0    0    0 ] [      0      0      0 ] [ 1 ],drive [ 81 ] [ 0 ] [ 0555 1139 1455 ] [  134   76   68 ] [  14388   8674   9083 ] [ 1 ],1.00,1.00,1.00,1.40,57.56,73.57,0.00,0.00,0.00,0.00,0.00,0.00,0.00,0.00,0.00,0.00,0.00,0.00,-0.00,-0.00,0.00,0
2.25508,77,64,121,0,DRIVE [ 82 ] [ 1 ] [ 1005 1636 1905 ] [    0    0    0 ] [      0      0      0 ] [ 0 ],drive [ 82 ] [ 0 ] [ 0555 1162 1455 ] [  149   93   48 ] [  14388   8674   9083 ] [ 1 ],1.00,1.00,1.00,1.40,76.55,89.42,0.00,0.00,0.00,0.00,0.00,0.00,0.00,0.00,0.00,0.00,0.00,0.00,-0.00,-0.00,0.00,0
2.27299,74,58,119,0,DRIVE [ 83 ] [ 1 ] [ 1005 1674 1905 ] [    0    0    0 ] [      0      0      0 ] [ 0 ],drive [ 82 ] [ 0 ] [ 1005 1636 1905 ] [  149   93   48 ] [  14388   8674   9083 ] [ 0 ],1.00,1.00,1.00,1.40,74.16,80.66,0.00,0.00,0.00,0.00,0.00,0.00,0.00,0.00,0.00,0.00,0.00,0.00,-0.00,-0.00,0.00,0
2.28361,74,58,119,0,DRIVE [ 83 ] [ 1 ] [ 1005 1677 1905 ] [    0    0    0 ] [      0      0      0 ] [ 1 ],drive [ 83 ] [ 0 ] [ 1005 1674 1905 ] [  149   93   48 ] [  14388   8674   9083 ] [ 0 ],1.00,1.00,1.00,1.40,66.75,72.59,0.00,0.00,0.00,0.00,0.00,0.00,0.00,0.00,0.00,0.00,0.00,0.00,-0.00,-0.00,0.00,0
2.29407,72,53,118,0,DRIVE [ 84 ] [ 1 ] [ 1005 1704 1905 ] [    0    0    0 ] [      0      0      0 ] [ 0 ],drive [ 83 ] [ 0 ] [ 0555 1227 1455 ] [  149   93   48 ] [  14460   8469   9022 ] [ 1 ],1.00,1.00,1.00,1.40,71.95,73.99,0.00,0.00,0.00,0.00,0.00,0.00,0.00,0.00,0.00,0.00,0.00,0.00,-0.00,-0.00,0.00,0
2.30694,69,49,117,0,DRIVE [ 84 ] [ 1 ] [ 1005 1729 1905 ] [    0    0    0 ] [      0      0      0 ] [ 0 ],drive [ 84 ] [ 0 ] [ 1005 1704 1905 ] [  147   62   11 ] [  14460   8469   9022 ] [ 0 ],1.00,1.00,1.00,1.40,69.03,67.97,0.00,0.00,0.00,0.00,0.00,0.00,0.00,0.00,0.00,0.00,0.00,0.00,-0.00,-0.00,0.00,0
2.31919,66,45,116,0,DRIVE [ 85 ] [ 1 ] [ 1005 1751 1905 ] [    0    0    0 ] [      0      0      0 ] [ 0 ],drive [ 84 ] [ 0 ] [ 1005 1729 1905 ] [  147   62   11 ] [  14460   8469   9022 ] [ 0 ],1.00,1.00,1.00,1.40,66.06,63.06,0.00,0.00,0.00,0.00,0.00,0.00,0.00,0.00,0.00,0.00,0.00,0.00,-0.00,-0.00,0.00,0
2.33068,64,43,116,0,DRIVE [ 85 ] [ 1 ] [ 1005 1766 1905 ] [    0    0    0 ] [      0      0      0 ] [ 0 ],drive [ 85 ] [ 0 ] [ 1005 1751 1905 ] [  147   62   11 ] [  14460   8469   9022 ] [ 0 ],1.00,1.00,1.00,1.40,63.74,59.57,0.00,0.00,0.00,0.00,0.00,0.00,0.00,0.00,0.00,0.00,0.00,0.00,-0.00,-0.00,0.00,0
2.34293,61,41,116,0,DRIVE [ 86 ] [ 1 ] [ 1005 1776 1905 ] [    0    0    0 ] [      0      0      0 ] [ 0 ],drive [ 85 ] [ 0 ] [ 1005 1766 1905 ] [  147   62   11 ] [  14560   8041   8726 ] [ 0 ],1.00,1.00,1.00,1.40,61.48,56.75,0.00,0.00,0.00,0.00,0.00,0.00,0.00,0.00,0.00,0.00,0.00,0.00,-0.00,-0.00,0.00,0
2.35343,59,39,116,0,DRIVE [ 86 ] [ 1 ] [ 1005 1780 1905 ] [    0    0    0 ] [      0      0      0 ] [ 0 ],drive [ 86 ] [ 0 ] [ 1005 1776 1905 ] [  107   31   24 ] [  14560   8041   8726 ] [ 0 ],1.00,1.00,1.00,1.40,59.20,54.64,0.00,0.00,0.00,0.00,0.00,0.00,0.00,0.00,0.00,0.00,0.00,0.00,-0.00,-0.00,0.00,0
2.36364,57,38,115,0,DRIVE [ 87 ] [ 1 ] [ 1005 1781 1905 ] [    0    0    0 ] [      0      0      0 ] [ 0 ],drive [ 86 ] [ 0 ] [ 1005 1780 1905 ] [  107   31   24 ] [  14560   8041   8726 ] [ 0 ],1.00,1.00,1.00,1.40,56.93,52.80,0.00,0.00,0.00,0.00,0.00,0.00,0.00,0.00,0.00,0.00,0.00,0.00,-0.00,-0.00,0.00,0
2.37494,55,37,115,0,DRIVE [ 87 ] [ 1 ] [ 1005 1781 1905 ] [    0    0    0 ] [      0      0      0 ] [ 0 ],drive [ 87 ] [ 0 ] [ 1005 1781 1905 ] [  107   31   24 ] [  14560   8041   8726 ] [ 0 ],1.00,1.00,1.00,1.40,54.83,51.19,0.00,0.00,0.00,0.00,0.00,0.00,0.00,0.00,0.00,0.00,0.00,0.00,-0.00,-0.00,0.00,0
2.38697,53,36,115,0,DRIVE [ 88 ] [ 1 ] [ 1005 1779 1905 ] [    0    0    0 ] [      0      0      0 ] [ 0 ],drive [ 87 ] [ 0 ] [ 1005 1781 1905 ] [  107   31   24 ] [  14560   8041   8726 ] [ 0 ],1.00,1.00,1.00,1.40,52.98,50.06,0.00,0.00,0.00,0.00,0.00,0.00,0.00,0.00,0.00,0.00,0.00,0.00,-0.00,-0.00,0.00,0
2.3988,51,35,115,0,DRIVE [ 88 ] [ 1 ] [ 1005 1774 1905 ] [    0    0    0 ] [      0      0      0 ] [ 0 ],drive [ 88 ] [ 0 ] [ 1005 1779 1905 ] [  107   31   24 ] [  14560   7638   8644 ] [ 0 ],1.00,1.00,1.00,1.40,51.14,49.16,0.00,0.00,0.00,0.00,0.00,0.00,0.00,0.00,0.00,0.00,0.00,0.00,-0.00,-0.00,0.00,0
2.40972,49,34,115,0,DRIVE [ 89 ] [ 1 ] [ 1005 1770 1905 ] [    0    0    0 ] [      0      0      0 ] [ 0 ],drive [ 88 ] [ 0 ] [ 1005 1774 1905 ] [  107   25   14 ] [  14560   7638   8644 ] [ 0 ],1.00,1.00,1.00,1.40,49.34,48.27,0.00,0.00,0.00,0.00,0.00,0.00,0.00,0.00,0.00,0.00,0.00,0.00,-0.00,-0.00,0.00,0
2.42032,48,34,114,0,DRIVE [ 89 ] [ 1 ] [ 1005 1766 1905 ] [    0    0    0 ] [      0      0      0 ] [ 0 ],drive [ 89 ] [ 0 ] [ 1005 1770 1905 ] [  107   25   14 ] [  14560   7638   8644 ] [ 0 ],1.00,1.00,1.00,1.40,47.71,47.44,0.00,0.00,0.00,0.00,0.00,0.00,0.00,0.00,0.00,0.00,0.00,0.00,-0.00,-0.00,0.00,0
2.43094,46,33,114,0,DRIVE [ 90 ] [ 1 ] [ 1005 1761 1905 ] [    0    0    0 ] [      0      0      0 ] [ 0 ],drive [ 89 ] [ 0 ] [ 1005 1766 1905 ] [  107   25   14 ] [  14560   7638   8644 ] [ 0 ],1.00,1.00,1.00,1.40,46.21,46.78,0.00,0.00,0.00,0.00,0.00,0.00,0.00,0.00,0.00,0.00,0.00,0.00,-0.00,-0.00,0.00,0
2.4431,45,33,114,0,DRIVE [ 90 ] [ 1 ] [ 1005 1756 1905 ] [    0    0    0 ] [      0      0      0 ] [ 0 ],drive [ 90 ] [ 0 ] [ 1005 1761 1905 ] [  107   25   14 ] [  14561   7619   8644 ] [ 0 ],1.00,1.00,1.00,1.40,44.71,46.13,0.00,0.00,0.00,0.00,0.00,0.00,0.00,0.00,0.00,0.00,0.00,0.00,-0.00,-0.00,0.00,0
2.45496,43,33,114,0,DRIVE [ 91 ] [ 1 ] [ 1005 1750 1905 ] [    0    0    0 ] [      0      0      0 ] [ 0 ],drive [ 90 ] [ 0 ] [ 1005 1756 1905 ] [  106   27   15 ] [  14561   7619   8644 ] [ 0 ],1.00,1.00,1.00,1.40,43.32,45.66,0.00,0.00,0.00,0.00,0.00,0.00,0.00,0.00,0.00,0.00,0.00,0.00,-0.00,-0.00,0.00,0
2.46702,42,32,114,0,DRIVE [ 91 ] [ 1 ] [ 1005 1743 1905 ] [    0    0    0 ] [      0      0      0 ] [ 0 ],drive [ 91 ] [ 0 ] [ 1005 1750 1905 ] [  106   27   15 ] [  14561   7619   8644 ] [ 0 ],1.00,1.00,1.00,1.40,41.97,45.35,0.00,0.00,0.00,0.00,0.00,0.00,0.00,0.00,0.00,0.00,0.00,0.00,-0.00,-0.00,0.00,0
2.47721,41,32,114,0,DRIVE [ 92 ] [ 1 ] [ 1005 1734 1905 ] [    0    0    0 ] [      0      0      0 ] [ 0 ],drive [ 91 ] [ 0 ] [ 1005 1743 1905 ] [  106   27   15 ] [  14561   7619   8644 ] [ 0 ],1.00,1.00,1.00,1.40,40.55,45.16,0.00,0.00,0.00,0.00,0.00,0.00,0.00,0.00,0.00,0.00,0.00,0.00,-0.00,-0.00,0.00,0
2.48805,39,32,114,0,DRIVE [ 92 ] [ 1 ] [ 1005 1724 1905 ] [    0    0    0 ] [      0      0      0 ] [ 0 ],drive [ 92 ] [ 0 ] [ 1005 1734 1905 ] [  106   27   15 ] [  14562   7619   8644 ] [ 0 ],1.00,1.00,1.00,1.40,39.13,45.10,0.00,0.00,0.00,0.00,0.00,0.00,0.00,0.00,0.00,0.00,0.00,0.00,-0.00,-0.00,0.00,0
2.49875,38,32,113,0,DRIVE [ 93 ] [ 1 ] [ 1005 1713 1905 ] [    0    0    0 ] [      0      0      0 ] [ 0 ],drive [ 92 ] [ 0 ] [ 1005 1724 1905 ] [  106   27   15 ] [  14562   7619   8644 ] [ 0 ],1.00,1.00,1.00,1.40,37.70,45.09,0.00,0.00,0.00,0.00,0.00,0.00,0.00,0.00,0.00,0.00,0.00,0.00,-0.00,-0.00,0.00,0
2.51115,36,32,113,0,DRIVE [ 93 ] [ 1 ] [ 1005 1700 1905 ] [    0    0    0 ] [      0      0      0 ] [ 0 ],drive [ 93 ] [ 0 ] [ 1005 1713 1905 ] [  105   29   15 ] [  14562   7619   8644 ] [ 0 ],1.00,1.00,1.00,1.40,36.30,45.18,0.00,0.00,0.00,0.00,0.00,0.00,0.00,0.00,0.00,0.00,0.00,0.00,-0.00,-0.00,0.00,0
2.52292,35,32,113,0,DRIVE [ 94 ] [ 1 ] [ 1005 1687 1905 ] [    0    0    0 ] [      0      0      0 ] [ 0 ],drive [ 93 ] [ 0 ] [ 1005 1700 1905 ] [  105   29   15 ] [  14562   7619   8644 ] [ 0 ],1.00,1.00,1.00,1.40,34.93,45.37,0.00,0.00,0.00,0.00,0.00,0.00,0.00,0.00,0.00,0.00,0.00,0.00,-0.00,-0.00,0.00,0
2.53387,34,33,113,0,DRIVE [ 94 ] [ 1 ] [ 1005 1672 1905 ] [    0    0    0 ] [      0      0      0 ] [ 0 ],drive [ 94 ] [ 0 ] [ 1005 1687 1905 ] [  105   29   15 ] [  14562   7619   8644 ] [ 0 ],1.00,1.00,1.00,1.40,33.55,45.74,0.00,0.00,0.00,0.00,0.00,0.00,0.00,0.00,0.00,0.00,0.00,0.00,-0.00,-0.00,0.00,0
2.54425,32,33,113,0,DRIVE [ 95 ] [ 1 ] [ 1005 1656 1905 ] [    0    0    0 ] [      0      0      0 ] [ 0 ],drive [ 94 ] [ 0 ] [ 1005 1672 1905 ] [  105   29   15 ] [  14561   7619   8644 ] [ 0 ],1.00,1.00,1.00,1.40,32.20,46.27,0.00,0.00,0.00,0.00,0.00,0.00,0.00,0.00,0.00,0.00,0.00,0.00,-0.00,-0.00,0.00,0
2.55498,31,34,113,0,DRIVE [ 95 ] [ 1 ] [ 1005 1637 1905 ] [    0    0    0 ] [      0      0      0 ] [ 0 ],drive [ 95 ] [ 0 ] [ 1005 1656 1905 ] [  106   34   13 ] [  14561   7619   8644 ] [ 0 ],1.00,1.00,1.00,1.40,30.88,47.02,0.00,0.00,0.00,0.00,0.00,0.00,0.00,0.00,0.00,0.00,0.00,0.00,-0.00,-0.00,0.00,0
2.56681,30,34,113,0,DRIVE [ 96 ] [ 1 ] [ 1005 1617 1905 ] [    0    0    0 ] [      0      0      0 ] [ 0 ],drive [ 95 ] [ 0 ] [ 1005 1637 1905 ] [  106   34   13 ] [  14561   7619   8644 ] [ 0 ],1.00,1.00,1.00,1.40,29.56,47.99,0.00,0.00,0.00,0.00,0.00,0.00,0.00,0.00,0.00,0.00,0.00,0.00,-0.00,-0.00,0.00,0
2.57868,28,35,113,0,DRIVE [ 96 ] [ 1 ] [ 1005 1596 1905 ] [    0    0    0 ] [      0      0      0 ] [ 0 ],drive [ 96 ] [ 0 ] [ 1005 1617 1905 ] [  106   34   13 ] [  14561   7619   8644 ] [ 0 ],1.00,1.00,1.00,1.40,28.06,48.81,0.00,0.00,0.00,0.00,0.00,0.00,0.00,0.00,0.00,0.00,0.00,0.00,-0.00,-0.00,0.00,0
2.59091,27,36,113,0,DRIVE [ 97 ] [ 1 ] [ 1005 1573 1905 ] [    0    0    0 ] [      0      0      0 ] [ 0 ],drive [ 96 ] [ 0 ] [ 1005 1596 1905 ] [  106   34   13 ] [  14560   7622   8644 ] [ 0 ],1.00,1.00,1.00,1.40,26.53,49.73,0.00,0.00,0.00,0.00,0.00,0.00,0.00,0.00,0.00,0.00,0.00,0.00,-0.00,-0.00,0.00,0
2.60145,25,36,113,0,DRIVE [ 97 ] [ 1 ] [ 1005 1549 1905 ] [    0    0    0 ] [      0      0      0 ] [ 0 ],drive [ 97 ] [ 0 ] [ 1005 1573 1905 ] [  106   45   14 ] [  14560   7622   8644 ] [ 0 ],1.00,1.00,1.00,1.40,24.98,50.85,0.00,0.00,0.00,0.00,0.00,0.00,0.00,0.00,0.00,0.00,0.00,0.00,-0.00,-0.00,0.00,0
2.61169,23,37,114,0,DRIVE [ 98 ] [ 1 ] [ 1005 1523 1905 ] [    0    0    0 ] [      0      0      0 ] [ 0 ],drive [ 97 ] [ 0 ] [ 1005 1549 1905 ] [  106   45   14 ] [  14560   7622   8644 ] [ 0 ],1.00,1.00,1.00,1.40,23.34,52.01,0.00,0.00,0.00,0.00,0.00,0.00,0.00,0.00,0.00,0.00,0.00,0.00,-0.00,-0.00,0.00,0
2.62323,22,38,114,0,DRIVE [ 98 ] [ 1 ] [ 1005 1495 1905 ] [    0    0    0 ] [      0      0      0 ] [ 0 ],drive [ 98 ] [ 0 ] [ 1005 1523 1905 ] [  106   45   14 ] [  14560   7622   8644 ] [ 0 ],1.00,1.00,1.00,1.40,21.54,53.11,0.00,0.00,0.00,0.00,0.00,0.00,0.00,0.00,0.00,0.00,0.00,0.00,-0.00,-0.00,0.00,0
2.63502,20,39,114,0,DRIVE [ 99 ] [ 1 ] [ 1005 1467 1905 ] [    0    0    0 ] [      0      0      0 ] [ 0 ],drive [ 98 ] [ 0 ] [ 1005 1495 1905 ] [  106   45   14 ] [  14560   7622   8644 ] [ 0 ],1.00,1.00,1.00,1.40,19.72,54.24,0.00,0.00,0.00,0.00,0.00,0.00,0.00,0.00,0.00,0.00,0.00,0.00,-0.00,-0.00,0.00,0
2.64699,18,40,114,0,DRIVE [ 99 ] [ 1 ] [ 1005 1438 1905 ] [    0    0    0 ] [      0      0      0 ] [ 0 ],drive [ 99 ] [ 0 ] [ 1005 1467 1905 ] [  106   45   14 ] [  14560   7648   8644 ] [ 0 ],1.00,1.00,1.00,1.40,17.95,55.43,0.00,0.00,0.00,0.00,0.00,0.00,0.00,0.00,0.00,0.00,0.00,0.00,-0.00,-0.00,0.00,0
2.65928,16,40,114,0,DRIVE [ 00 ] [ 1 ] [ 1006 1411 1905 ] [    0    0    0 ] [      0      0      0 ] [ 0 ],drive [ 99 ] [ 0 ] [ 1005 1438 1905 ] [  107   41   14 ] [  14560   7648   8644 ] [ 0 ],1.00,1.00,1.00,1.40,16.20,56.55,0.00,0.00,0.00,0.00,0.00,0.00,0.00,0.00,0.00,0.00,0.00,0.00,-0.00,-0.00,0.00,0
2.6698,16,40,114,0,DRIVE [ 00 ] [ 1 ] [ 1085 1454 1905 ] [    0    0    0 ] [      0      0      0 ] [ 1 ],drive [ 00 ] [ 0 ] [ 1006 1411 1905 ] [  107   41   14 ] [  14560   7648   8644 ] [ 0 ],1.00,1.00,1.00,1.40,14.58,50.90,0.00,0.00,0.00,0.00,0.00,0.00,0.00,0.00,0.00,0.00,0.00,0.00,-0.00,-0.00,0.00,0
2.67994,14,41,115,0,DRIVE [ 01 ] [ 1 ] [ 1030 1376 1905 ] [    0    0    0 ] [      0      0      0 ] [ 0 ],drive [ 00 ] [ 0 ] [ 0635 1004 1455 ] [  107   41   14 ] [  14560   7648   8644 ] [ 1 ],1.00,1.00,1.00,1.40,14.02,57.99,0.00,0.00,0.00,0.00,0.00,0.00,0.00,0.00,0.00,0.00,0.00,0.00,-0.00,-0.00,0.00,0
2.69071,12,42,115,0,DRIVE [ 01 ] [ 1 ] [ 1050 1343 1905 ] [    0    0    0 ] [      0      0      0 ] [ 0 ],drive [ 01 ] [ 0 ] [ 1030 1376 1905 ] [  107   41   14 ] [  14558   7778   8644 ] [ 0 ],1.00,1.00,1.00,1.40,11.91,59.10,0.00,0.00,0.00,0.00,0.00,0.00,0.00,0.00,0.00,0.00,0.00,0.00,-0.00,-0.00,0.00,0
2.70283,10,43,115,0,DRIVE [ 02 ] [ 1 ] [ 1066 1313 1905 ] [    0    0    0 ] [      0      0      0 ] [ 0 ],drive [ 01 ] [ 0 ] [ 1050 1343 1905 ] [   98   58   10 ] [  14558   7778   8644 ] [ 0 ],1.00,1.00,1.00,1.40,10.06,60.22,0.00,0.00,0.00,0.00,0.00,0.00,0.00,0.00,0.00,0.00,0.00,0.00,-0.00,-0.00,0.00,0
2.71453,9,44,115,0,DRIVE [ 02 ] [ 1 ] [ 1072 1288 1905 ] [    0    0    0 ] [      0      0      0 ] [ 0 ],drive [ 02 ] [ 0 ] [ 1066 1313 1905 ] [   98   58   10 ] [  14558   7778   8644 ] [ 0 ],1.00,1.00,1.00,1.40,8.86,61.60,0.00,0.00,0.00,0.00,0.00,0.00,0.00,0.00,0.00,0.00,0.00,0.00,-0.00,-0.00,0.00,0
2.72515,8,45,116,0,DRIVE [ 03 ] [ 1 ] [ 1079 1269 1905 ] [    0    0    0 ] [      0      0      0 ] [ 0 ],drive [ 02 ] [ 0 ] [ 1072 1288 1905 ] [   98   58   10 ] [  14558   7778   8644 ] [ 0 ],1.00,1.00,1.00,1.40,7.89,62.62,0.00,0.00,0.00,0.00,0.00,0.00,0.00,0.00,0.00,0.00,0.00,0.00,-0.00,-0.00,0.00,0
2.73564,7,45,117,0,DRIVE [ 03 ] [ 1 ] [ 1092 1252 1905 ] [    0    0    0 ] [      0      0      0 ] [ 0 ],drive [ 03 ] [ 0 ] [ 1079 1269 1905 ] [   98   58   10 ] [  14558   7778   8644 ] [ 0 ],1.00,1.00,1.00,1.40,6.68,63.33,0.00,0.00,0.00,0.00,0.00,0.00,0.00,0.00,0.00,0.00,0.00,0.00,-0.00,-0.00,0.00,0
2.74651,5,45,117,0,DRIVE [ 04 ] [ 1 ] [ 1109 1236 1905 ] [    0    0    0 ] [      0      0      0 ] [ 0 ],drive [ 03 ] [ 0 ] [ 1092 1252 1905 ] [   98   58   10 ] [  14574   8150   8639 ] [ 0 ],1.00,1.00,1.00,1.40,5.33,63.57,0.00,0.00,0.00,0.00,0.00,0.00,0.00,0.00,0.00,0.00,0.00,0.00,-0.00,-0.00,0.00,0
2.75883,4,46,117,0,DRIVE [ 04 ] [ 1 ] [ 1124 1220 1905 ] [    0    0    0 ] [      0      0      0 ] [ 0 ],drive [ 04 ] [ 0 ] [ 1109 1236 1905 ] [  104   64    8 ] [  14574   8150   8639 ] [ 0 ],1.00,1.00,1.00,1.40,4.03,63.81,0.00,0.00,0.00,0.00,0.00,0.00,0.00,0.00,0.00,0.00,0.00,0.00,-0.00,-0.00,0.00,0
2.77075,3,46,117,0,DRIVE [ 05 ] [ 1 ] [ 1138 1203 1905 ] [    0    0    0 ] [      0      0      0 ] [ 0 ],drive [ 04 ] [ 0 ] [ 1124 1220 1905 ] [  104   64    8 ] [  14574   8150   8639 ] [ 0 ],1.00,1.00,1.00,1.40,2.76,64.05,0.00,0.00,0.00,0.00,0.00,0.00,0.00,0.00,0.00,0.00,0.00,0.00,-0.00,-0.00,0.00,0
2.78266,1,46,117,0,DRIVE [ 05 ] [ 1 ] [ 1153 1187 1905 ] [    0    0    0 ] [      0      0      0 ] [ 0 ],drive [ 05 ] [ 0 ] [ 1138 1203 1905 ] [  104   64    8 ] [  14574   8150   8639 ] [ 0 ],1.00,1.00,1.00,1.40,1.48,64.29,0.00,0.00,0.00,0.00,0.00,0.00,0.00,0.00,0.00,0.00,0.00,0.00,0.00,0.00,0.00,0
2.79353,0,46,118,0,DRIVE [ 06 ] [ 1 ] [ 1166 1173 1905 ] [    0    0    0 ] [      0      0      0 ] [ 0 ],drive [ 05 ] [ 0 ] [ 1153 1187 1905 ] [  104   64    8 ] [  14570   8172   8595 ] [ 0 ],1.00,1.00,1.00,1.40,0.33,64.45,0.00,0.00,0.00,0.00,0.00,0.00,0.00,0.00,0.00,0.00,0.00,0.00,0.00,0.00,0.00,0
2.80414,-1,46,118,0,DRIVE [ 06 ] [ 1 ] [ 1177 1161 1905 ] [    0    0    0 ] [      0      0      0 ] [ 0 ],drive [ 06 ] [ 0 ] [ 1166 1173 1905 ] [   93   84   12 ] [  14570   8172   8595 ] [ 0 ],1.00,1.00,1.00,1.40,-0.63,64.62,0.00,0.00,0.00,0.00,0.00,0.00,0.00,0.00,0.00,0.00,0.00,0.00,0.00,0.00,0.00,0
2.81453,-1,46,118,0,DRIVE [ 07 ] [ 1 ] [ 1186 1151 1905 ] [    0    0    0 ] [      0      0      0 ] [ 0 ],drive [ 06 ] [ 0 ] [ 1177 1161 1905 ] [   93   84   12 ] [  14570   8172   8595 ] [ 0 ],1.00,1.00,1.00,1.40,-1.45,64.91,0.00,0.00,0.00,0.00,0.00,0.00,0.00,0.00,0.00,0.00,0.00,0.00,0.00,0.00,0.00,0
2.82695,-2,46,118,0,DRIVE [ 07 ] [ 1 ] [ 1192 1144 1905 ] [    0    0    0 ] [      0      0      0 ] [ 0 ],drive [ 07 ] [ 0 ] [ 1186 1151 1905 ] [   93   84   12 ] [  14570   8172   8595 ] [ 0 ],1.00,1.00,1.00,1.40,-2.03,64.99,0.00,0.00,0.00,0.00,0.00,0.00,0.00,0.00,0.00,0.00,0.00,0.00,0.00,0.00,0.00,0
2.83909,-2,47,119,0,DRIVE [ 08 ] [ 1 ] [ 1195 1139 1905 ] [    0    0    0 ] [      0      0      0 ] [ 0 ],drive [ 07 ] [ 0 ] [ 1192 1144 1905 ] [   93   84   12 ] [  14490   8389   8587 ] [ 0 ],1.00,1.00,1.00,1.40,-2.33,65.26,0.00,0.00,0.00,0.00,0.00,0.00,0.00,0.00,0.00,0.00,0.00,0.00,0.00,0.00,0.00,0
2.8509,-2,47,119,0,DRIVE [ 08 ] [ 1 ] [ 1195 1139 1905 ] [    0    0    0 ] [      0      0      0 ] [ 0 ],drive [ 08 ] [ 0 ] [ 1195 1139 1905 ] [   93   84   12 ] [  14490   8389   8587 ] [ 0 ],1.00,1.00,1.00,1.40,-2.37,65.39,0.00,0.00,0.00,0.00,0.00,0.00,0.00,0.00,0.00,0.00,0.00,0.00,0.00,0.00,0.00,0
2.8608,-2,47,119,0,DRIVE [ 09 ] [ 1 ] [ 1194 1140 1905 ] [    0    0    0 ] [      0      0      0 ] [ 0 ],drive [ 08 ] [ 0 ] [ 1195 1139 1905 ] [   89   97   13 ] [  14490   8389   8587 ] [ 0 ],1.00,1.00,1.00,1.40,-2.26,65.40,0.00,0.00,0.00,0.00,0.00,0.00,0.00,0.00,0.00,0.00,0.00,0.00,0.00,0.00,0.00,0
2.87146,-2,47,119,0,DRIVE [ 09 ] [ 1 ] [ 1193 1144 1905 ] [    0    0    0 ] [      0      0      0 ] [ 0 ],drive [ 09 ] [ 0 ] [ 1194 1140 1905 ] [   89   97   13 ] [  14490   8389   8587 ] [ 0 ],1.00,1.00,1.00,1.40,-2.08,65.35,0.00,0.00,0.00,0.00,0.00,0.00,0.00,0.00,0.00,0.00,0.00,0.00,0.00,0.00,0.00,0
2.88292,-2,47,119,0,DRIVE [ 10 ] [ 1 ] [ 1192 1149 1905 ] [    0    0    0 ] [      0      0      0 ] [ 0 ],drive [ 09 ] [ 0 ] [ 1193 1144 1905 ] [   89   97   13 ] [  14490   8389   8587 ] [ 0 ],1.00,1.00,1.00,1.40,-1.80,65.12,0.00,0.00,0.00,0.00,0.00,0.00,0.00,0.00,0.00,0.00,0.00,0.00,0.00,0.00,0.00,0
2.89485,-2,46,119,0,DRIVE [ 10 ] [ 1 ] [ 1189 1153 1905 ] [    0    0    0 ] [      0      0      0 ] [ 0 ],drive [ 10 ] [ 0 ] [ 1192 1149 1905 ] [   89   97   13 ] [  14389   8514   8587 ] [ 0 ],1.00,1.00,1.00,1.40,-1.53,65.05,0.00,0.00,0.00,0.00,0.00,0.00,0.00,0.00,0.00,0.00,0.00,0.00,0.00,0.00,0.00,0
2.90697,-1,46,119,0,DRIVE [ 11 ] [ 1 ] [ 1188 1158 1905 ] [    0    0    0 ] [      0      0      0 ] [ 0 ],drive [ 10 ] [ 0 ] [ 1189 1153 1905 ] [   73   76   13 ] [  14389   8514   8587 ] [ 0 ],1.00,1.00,1.00,1.40,-1.26,64.80,0.00,0.00,0.00,0.00,0.00,0.00,0.00,0.00,0.00,0.00,0.00,0.00,0.00,0.00,0.00,0
2.91766,-1,46,119,0,DRIVE [ 11 ] [ 1 ] [ 1188 1164 1905 ] [    0    0    0 ] [      0      0      0 ] [ 0 ],drive [ 11 ] [ 0 ] [ 1188 1158 1905 ] [   73   76   13 ] [  14389   8514   8587 ] [ 0 ],1.00,1.00,1.00,1.40,-1.00,64.39,0.00,0.00,0.00,0.00,0.00,0.00,0.00,0.00,0.00,0.00,0.00,0.00,0.00,0.00,0.00,0
2.92797,-1,46,119,0,DRIVE [ 12 ] [ 1 ] [ 1189 1171 1905 ] [    0    0    0 ] [      0      0      0 ] [ 0 ],drive [ 11 ] [ 0 ] [ 1188 1164 1905 ] [   73   76   13 ] [  14389   8514   8587 ] [ 0 ],1.00,1.00,1.00,1.40,-0.75,63.93,0.00,0.00,0.00,0.00,0.00,0.00,0.00,0.00,0.00,0.00,0.00,0.00,0.00,0.00,0.00,0
2.93914,0,45,119,0,DRIVE [ 12 ] [ 1 ] [ 1191 1178 1905 ] [    0    0    0 ] [      0      0      0 ] [ 0 ],drive [ 12 ] [ 0 ] [ 1189 1171 1905 ] [   73   76   13 ] [  14393   8517   8574 ] [ 0 ],1.00,1.00,1.00,1.40,-0.50,63.54,0.00,0.00,0.00,0.00,0.00,0.00,0.00,0.00,0.00,0.00,0.00,0.00,0.00,-0.00,0.00,0
2.951,0,45,119,0,DRIVE [ 13 ] [ 1 ] [ 1192 1187 1905 ] [    0    0    0 ] [      0      0      0 ] [ 0 ],drive [ 12 ] [ 0 ] [ 1191 1178 1905 ] [   73   76   13 ] [  14393   8517   8574 ] [ 0 ],1.00,1.00,1.00,1.40,-0.22,63.12,0.00,0.00,0.00,0.00,0.00,0.00,0.00,0.00,0.00,0.00,0.00,0.00,0.00,-0.00,0.00,0
2.96264,0,45,119,0,DRIVE [ 13 ] [ 1 ] [ 1193 1197 1905 ] [    0    0    0 ] [      0      0      0 ] [ 0 ],drive [ 13 ] [ 0 ] [ 1192 1187 1905 ] [   73   79   21 ] [  14393   8517   8574 ] [ 0 ],1.00,1.00,1.00,1.40,0.19,62.47,0.00,0.00,0.00,0.00,0.00,0.00,0.00,0.00,0.00,0.00,0.00,0.00,-0.00,-0.00,0.00,0
2.97496,1,44,119,0,DRIVE [ 14 ] [ 1 ] [ 1192 1208 1905 ] [    0    0    0 ] [      0      0      0 ] [ 0 ],drive [ 13 ] [ 0 ] [ 1193 1197 1905 ] [   73   79   21 ] [  14393   8517   8574 ] [ 0 ],1.00,1.00,1.00,1.40,0.69,61.81,0.00,0.00,0.00,0.00,0.00,0.00,0.00,0.00,0.00,0.00,0.00,0.00,-0.00,-0.00,0.00,0
2.98552,1,44,118,0,DRIVE [ 14 ] [ 1 ] [ 1190 1222 1905 ] [    0    0    0 ] [      0      0      0 ] [ 0 ],drive [ 14 ] [ 0 ] [ 1192 1208 1905 ] [   73   79   21 ] [  14393   8517   8574 ] [ 0 ],1.00,1.00,1.00,1.40,1.34,61.10,0.00,0.00,0.00,0.00,0.00,0.00,0.00,0.00,0.00,0.00,0.00,0.00,-0.00,-0.00,0.00,0
2.99576,2,43,119,0,DRIVE [ 15 ] [ 1 ] [ 1187 1239 1905 ] [    0    0    0 ] [      0      0      0 ] [ 0 ],drive [ 14 ] [ 0 ] [ 1190 1222 1905 ] [   73   79   21 ] [  14392   8616   8569 ] [ 0 ],1.00,1.00,1.00,1.40,2.19,60.53,0.00,0.00,0.00,0.00,0.00,0.00,0.00,0.00,0.00,0.00,0.00,0.00,-0.00,-0.00,0.00,0
3.00695,3,43,119,0,DRIVE [ 15 ] [ 1 ] [ 1182 1256 1905 ] [    0    0    0 ] [      0      0      0 ] [ 0 ],drive [ 15 ] [ 0 ] [ 1187 1239 1905 ] [   73   69   21 ] [  14392   8616   8569 ] [ 0 ],1.00,1.00,1.00,1.40,3.13,59.96,0.00,0.00,0.00,0.00,0.00,0.00,0.00,0.00,0.00,0.00,0.00,0.00,-0.00,-0.00,0.00,0
3.01899,4,42,119,0,DRIVE [ 16 ] [ 1 ] [ 1177 1274 1905 ] [    0    0    0 ] [      0      0      0 ] [ 0 ],drive [ 15 ] [ 0 ] [ 1182 1256 1905 ] [   73   69   21 ] [  14392   8616   8569 ] [ 0 ],1.00,1.00,1.00,1.40,4.09,59.33,0.00,0.00,0.00,0.00,0.00,0.00,0.00,0.00,0.00,0.00,0.00,0.00,-0.00,-0.00,0.00,0
3.03089,5,42,119,0,DRIVE [ 16 ] [ 1 ] [ 1170 1292 1905 ] [    0    0    0 ] [      0      0      0 ] [ 0 ],drive [ 16 ] [ 0 ] [ 1177 1274 1905 ] [   73   69   21 ] [  14392   8616   8569 ] [ 0 ],1.00,1.00,1.00,1.40,5.16,58.73,0.00,0.00,0.00,0.00,0.00,0.00,0.00,0.00,0.00,0.00,0.00,0.00,-0.00,-0.00,0.00,0
3.04321,6,42,119,0,DRIVE [ 17 ] [ 1 ] [ 1160 1311 1905 ] [    0    0    0 ] [      0      0      0 ] [ 0 ],drive [ 16 ] [ 0 ] [ 1170 1292 1905 ] [   73   69   21 ] [  14396   8624   8569 ] [ 0 ],1.00,1.00,1.00,1.40,6.34,58.22,0.00,0.00,0.00,0.00,0.00,0.00,0.00,0.00,0.00,0.00,0.00,0.00,-0.00,-0.00,0.00,0
3.05381,8,41,120,0,DRIVE [ 17 ] [ 1 ] [ 1148 1331 1905 ] [    0    0    0 ] [      0      0      0 ] [ 0 ],drive [ 17 ] [ 0 ] [ 1160 1311 1905 ] [   72   61   21 ] [  14396   8624   8569 ] [ 0 ],1.00,1.00,1.00,1.40,7.72,57.87,0.00,0.00,0.00,0.00,0.00,0.00,0.00,0.00,0.00,0.00,0.00,0.00,-0.00,-0.00,0.00,0
3.06383,8,41,120,0,DRIVE [ 18 ] [ 1 ] [ 1215 1382 1905 ] [    0    0    0 ] [      0      0      0 ] [ 1 ],drive [ 17 ] [ 0 ] [ 1148 1331 1905 ] [   72   61   21 ] [  14396   8624   8569 ] [ 0 ],1.00,1.00,1.00,1.40,6.95,52.08,0.00,0.00,0.00,0.00,0.00,0.00,0.00,0.00,0.00,0.00,0.00,0.00,-0.00,-0.00,0.00,0
3.07496,10,41,120,0,DRIVE [ 18 ] [ 1 ] [ 1126 1357 1905 ] [    0    0    0 ] [      0      0      0 ] [ 0 ],drive [ 18 ] [ 0 ] [ 0765 0932 1455 ] [   72   61   21 ] [  14396   8624   8569 ] [ 1 ],1.00,1.00,1.00,1.40,9.72,57.56,0.00,0.00,0.00,0.00,0.00,0.00,0.00,0.00,0.00,0.00,0.00,0.00,-0.00,-0.00,0.00,0
3.08688,12,41,121,0,DRIVE [ 19 ] [ 1 ] [ 1102 1382 1905 ] [    0    0    0 ] [      0      0      0 ] [ 0 ],drive [ 18 ] [ 0 ] [ 1126 1357 1905 ] [   72   61   21 ] [  14396   8624   8569 ] [ 0 ],1.00,1.00,1.00,1.40,11.83,57.53,0.00,0.00,0.00,0.00,0.00,0.00,0.00,0.00,0.00,0.00,0.00,0.00,-0.00,-0.00,0.00,0
3.09872,14,41,122,0,DRIVE [ 19 ] [ 1 ] [ 1073 1405 1905 ] [    0    0    0 ] [      0      0      0 ] [ 0 ],drive [ 19 ] [ 0 ] [ 1102 1382 1905 ] [   72   61   21 ] [  14413   8631   8581 ] [ 0 ],1.00,1.00,1.00,1.40,14.08,57.75,0.00,0.00,0.00,0.00,0.00,0.00,0.00,0.00,0.00,0.00,0.00,0.00,-0.00,-0.00,0.00,0
3.10945,17,42,123,0,DRIVE [ 20 ] [ 1 ] [ 1032 1425 1905 ] [    0    0    0 ] [      0      0      0 ] [ 0 ],drive [ 19 ] [ 0 ] [ 1073 1405 1905 ] [   89   54   19 ] [  14413   8631   8581 ] [ 0 ],1.00,1.00,1.00,1.40,16.83,58.71,0.00,0.00,0.00,0.00,0.00,0.00,0.00,0.00,0.00,0.00,0.00,0.00,0.00,0.00,0.00,0
3.12007,20,42,123,0,DRIVE [ 20 ] [ 1 ] [ 1005 1446 1905 ] [    0    0    0 ] [      0      0      0 ] [ 0 ],drive [ 20 ] [ 0 ] [ 1032 1425 1905 ] [   89   54   19 ] [  14413   8631   8581 ] [ 0 ],1.00,1.00,1.00,1.40,19.51,59.29,0.00,0.00,0.00,0.00,0.00,0.00,0.00,0.00,0.00,0.00,0.00,0.00,0.00,0.00,0.00,0
3.13053,22,43,124,0,DRIVE [ 21 ] [ 1 ] [ 1005 1467 1905 ] [    0    0    0 ] [      0      0      0 ] [ 0 ],drive [ 20 ] [ 0 ] [ 1005 1446 1905 ] [   89   54   19 ] [  14413   8631   8581 ] [ 0 ],1.00,1.00,1.00,1.40,22.11,59.52,0.00,0.00,0.00,0.00,0.00,0.00,0.00,0.00,0.00,0.00,0.00,0.00,0.00,0.00,0.00,0
3.14298,25,43,125,0,DRIVE [ 21 ] [ 1 ] [ 1005 1491 1905 ] [    0    0    0 ] [      0      0      0 ] [ 0 ],drive [ 21 ] [ 0 ] [ 1005 1467 1905 ] [   89   54   19 ] [  14461   8706   8598 ] [ 0 ],1.00,1.00,1.00,1.40,24.99,59.93,0.00,0.00,0.00,0.00,0.00,0.00,0.00,0.00,0.00,0.00,0.00,0.00,0.00,0.00,0.00,0
3.15504,28,43,126,0,DRIVE [ 22 ] [ 1 ] [ 1005 1514 1905 ] [    0    0    0 ] [      0      0      0 ] [ 0 ],drive [ 21 ] [ 0 ] [ 1005 1491 1905 ] [  107   52   14 ] [  14461   8706   8598 ] [ 0 ],1.00,1.00,1.00,1.40,28.01,60.39,0.00,0.00,0.00,0.00,0.00,0.00,0.00,0.00,0.00,0.00,0.00,0.00,0.00,0.00,0.00,0
3.16691,31,44,126,0,DRIVE [ 22 ] [ 1 ] [ 1005 1535 1905 ] [    0    0    0 ] [      0      0      0 ] [ 0 ],drive [ 22 ] [ 0 ] [ 1005 1514 1905 ] [  107   52   14 ] [  14461   8706   8598 ] [ 0 ],1.00,1.00,1.00,1.40,31.20,61.02,0.00,0.00,0.00,0.00,0.00,0.00,0.00,0.00,0.00,0.00,0.00,0.00,0.00,0.00,0.00,0
3.17764,34,44,127,0,DRIVE [ 23 ] [ 1 ] [ 1005 1557 1905 ] [    0    0    0 ] [      0      0      0 ] [ 0 ],drive [ 22 ] [ 0 ] [ 1005 1535 1905 ] [  107   52   14 ] [  14461   8706   8598 ] [ 0 ],1.00,1.00,1.00,1.40,34.42,61.58,0.00,0.00,0.00,0.00,0.00,0.00,0.00,0.00,0.00,0.00,0.00,0.00,0.00,0.00,0.00,0
3.18829,38,44,128,0,DRIVE [ 23 ] [ 1 ] [ 1005 1579 1905 ] [    0    0    0 ] [      0      0      0 ] [ 0 ],drive [ 23 ] [ 0 ] [ 1005 1557 1905 ] [  107   52   14 ] [  14466   8656   8585 ] [ 0 ],1.00,1.00,1.00,1.40,37.77,62.20,0.00,0.00,0.00,0.00,0.00,0.00,0.00,0.00,0.00,0.00,0.00,0.00,0.00,0.00,0.00,0
3.19945,41,45,129,0,DRIVE [ 24 ] [ 1 ] [ 1005 1599 1905 ] [    0    0    0 ] [      0      0      0 ] [ 0 ],drive [ 23 ] [ 0 ] [ 1005 1579 1905 ] [  107   52   14 ] [  14466   8656   8585 ] [ 0 ],1.00,1.00,1.00,1.40,41.16,62.88,0.00,0.00,0.00,0.00,0.00,0.00,0.00,0.00,0.00,0.00,0.00,0.00,0.00,0.00,0.00,0
3.21097,44,45,130,0,DRIVE [ 24 ] [ 1 ] [ 1005 1619 1905 ] [    0    0    0 ] [      0      0      0 ] [ 0 ],drive [ 24 ] [ 0 ] [ 1005 1599 1905 ] [  108   36   14 ] [  14466   8656   8585 ] [ 0 ],1.00,1.00,1.00,1.40,44.47,63.54,0.00,0.00,0.00,0.00,0.00,0.00,0.00,0.00,0.00,0.00,0.00,0.00,0.00,0.00,0.00,0
3.22298,48,46,132,0,DRIVE [ 25 ] [ 1 ] [ 1005 1637 1905 ] [    0    0    0 ] [      0      0      0 ] [ 0 ],drive [ 24 ] [ 0 ] [ 1005 1619 1905 ] [  108   36   14 ] [  14466   8656   8585 ] [ 0 ],1.00,1.00,1.00,1.40,47.75,64.37,0.00,0.00,0.00,0.00,0.00,0.00,0.00,0.00,0.00,0.00,0.00,0.00,0.00,0.00,0.00,0
3.23452,51,46,133,0,DRIVE [ 25 ] [ 1 ] [ 1005 1653 1905 ] [    0    0    0 ] [      0      0      0 ] [ 0 ],drive [ 25 ] [ 0 ] [ 1005 1637 1905 ] [  108   36   14 ] [  14466   8656   8585 ] [ 0 ],1.00,1.00,1.00,1.40,50.65,64.94,0.00,0.00,0.00,0.00,0.00,0.00,0.00,0.00,0.00,0.00,0.00,0.00,0.00,0.00,0.00,0
3.24529,53,47,134,0,DRIVE [ 26 ] [ 1 ] [ 1005 1668 1905 ] [    0    0    0 ] [      0      0      0 ] [ 0 ],drive [ 25 ] [ 0 ] [ 1005 1653 1905 ] [  108   36   14 ] [  14473   8502   8585 ] [ 0 ],1.00,1.00,1.00,1.40,53.29,65.40,0.00,0.00,0.00,0.00,0.00,0.00,0.00,0.00,0.00,0.00,0.00,0.00,0.00,0.00,0.00,0
3.2561,56,47,135,0,DRIVE [ 26 ] [ 1 ] [ 1005 1681 1905 ] [    0    0    0 ] [      0      0      0 ] [ 0 ],drive [ 26 ] [ 0 ] [ 1005 1668 1905 ] [  100   48   14 ] [  14473   8502   8585 ] [ 0 ],1.00,1.00,1.00,1.40,55.64,65.74,0.00,0.00,0.00,0.00,0.00,0.00,0.00,0.00,0.00,0.00,0.00,0.00,0.00,0.00,0.00,0
3.26715,58,47,136,0,DRIVE [ 27 ] [ 1 ] [ 1005 1694 1905 ] [    0    0    0 ] [      0      0      0 ] [ 0 ],drive [ 26 ] [ 0 ] [ 1005 1681 1905 ] [  100   48   14 ] [  14473   8502   8585 ] [ 0 ],1.00,1.00,1.00,1.40,57.78,66.06,0.00,0.00,0.00,0.00,0.00,0.00,0.00,0.00,0.00,0.00,0.00,0.00,0.00,0.00,0.00,0
3.27892,60,47,137,0,DRIVE [ 27 ] [ 1 ] [ 1005 1706 1905 ] [    0    0    0 ] [      0      0      0 ] [ 0 ],drive [ 27 ] [ 0 ] [ 1005 1694 1905 ] [  100   48   14 ] [  14473   8502   8585 ] [ 0 ],1.00,1.00,1.00,1.40,59.79,66.36,0.00,0.00,0.00,0.00,0.00,0.00,0.00,0.00,0.00,0.00,0.00,0.00,0.00,0.00,0.00,0
3.29111,62,48,139,0,DRIVE [ 28 ] [ 1 ] [ 1005 1716 1905 ] [    0    0    0 ] [      0      0      0 ] [ 0 ],drive [ 27 ] [ 0 ] [ 1005 1706 1905 ] [  100   48   14 ] [  14517   8261   8585 ] [ 0 ],1.00,1.00,1.00,1.40,61.51,66.60,0.00,0.00,0.00,0.00,0.00,0.00,0.00,0.00,0.00,0.00,0.00,0.00,0.00,0.00,0.00,0
3.3024,63,48,140,0,DRIVE [ 28 ] [ 1 ] [ 1005 1725 1905 ] [    0    0    0 ] [      0      0      0 ] [ 0 ],drive [ 28 ] [ 0 ] [ 1005 1716 1905 ] [   86   29   13 ] [  14517   8261   8585 ] [ 0 ],1.00,1.00,1.00,1.40,63.08,66.79,0.00,0.00,0.00,0.00,0.00,0.00,0.00,0.00,0.00,0.00,0.00,0.00,0.00,0.00,0.00,0
3.31256,65,48,142,0,DRIVE [ 29 ] [ 1 ] [ 1005 1734 1905 ] [    0    0    0 ] [      0      0      0 ] [ 0 ],drive [ 28 ] [ 0 ] [ 1005 1725 1905 ] [   86   29   13 ] [  14517   8261   8585 ] [ 0 ],1.00,1.00,1.00,1.40,64.57,66.93,0.00,0.00,0.00,0.00,0.00,0.00,0.00,0.00,0.00,0.00,0.00,0.00,0.00,0.00,0.00,0
3.32338,66,48,143,0,DRIVE [ 29 ] [ 1 ] [ 1005 1743 1905 ] [    0    0    0 ] [      0      0      0 ] [ 0 ],drive [ 29 ] [ 0 ] [ 1005 1734 1905 ] [   86   29   13 ] [  14517   8261   8585 ] [ 0 ],1.00,1.00,1.00,1.40,66.05,67.09,0.00,0.00,0.00,0.00,0.00,0.00,0.00,0.00,0.00,0.00,0.00,0.00,0.00,0.00,0.00,0
3.33506,67,48,145,0,DRIVE [ 30 ] [ 1 ] [ 1005 1753 1905 ] [    0    0    0 ] [      0      0      0 ] [ 0 ],drive [ 29 ] [ 0 ] [ 1005 1743 1905 ] [   86   29   13 ] [  14517   8261   8585 ] [ 0 ],1.00,1.00,1.00,1.40,67.46,67.08,0.00,0.00,0.00,0.00,0.00,0.00,0.00,0.00,0.00,0.00,0.00,0.00,0.00,0.00,0.00,0
3.34745,69,48,147,0,DRIVE [ 30 ] [ 1 ] [ 1005 1763 1905 ] [    0    0    0 ] [      0      0      0 ] [ 0 ],drive [ 30 ] [ 0 ] [ 1005 1753 1905 ] [   86   29   13 ] [  14535   8074   8585 ] [ 0 ],1.00,1.00,1.00,1.40,68.81,66.96,0.00,0.00,0.00,0.00,0.00,0.00,0.00,0.00,0.00,0.00,0.00,0.00,0.00,0.00,0.00,0
3.3591,70,48,148,0,DRIVE [ 31 ] [ 1 ] [ 1005 1773 1905 ] [    0    0    0 ] [      0      0      0 ] [ 0 ],drive [ 30 ] [ 0 ] [ 1005 1763 1905 ] [   92   31   14 ] [  14535   8074   8585 ] [ 0 ],1.00,1.00,1.00,1.40,70.09,66.72,0.00,0.00,0.00,0.00,0.00,0.00,0.00,0.00,0.00,0.00,0.00,0.00,0.00,0.00,0.00,0
3.36962,71,47,150,0,DRIVE [ 31 ] [ 1 ] [ 1005 1782 1905 ] [    0    0    0 ] [      0      0      0 ] [ 0 ],drive [ 31 ] [ 0 ] [ 1005 1773 1905 ] [   92   31   14 ] [  14535   8074   8585 ] [ 0 ],1.00,1.00,1.00,1.40,71.26,66.44,0.00,0.00,0.00,0.00,0.00,0.00,0.00,0.00,0.00,0.00,0.00,0.00,0.00,0.00,0.00,0
3.38048,72,47,152,0,DRIVE [ 32 ] [ 1 ] [ 1005 1792 1905 ] [    0    0    0 ] [      0      0      0 ] [ 0 ],drive [ 31 ] [ 0 ] [ 1005 1782 1905 ] [   92   31   14 ] [  14535   8074   8585 ] [ 0 ],1.00,1.00,1.00,1.40,72.40,66.10,0.00,0.00,0.00,0.00,0.00,0.00,0.00,0.00,0.00,0.00,0.00,0.00,0.00,0.00,0.00,0
3.39163,74,47,153,0,DRIVE [ 32 ] [ 1 ] [ 1005 1802 1905 ] [    0    0    0 ] [      0      0      0 ] [ 0 ],drive [ 32 ] [ 0 ] [ 1005 1792 1905 ] [   92   31   14 ] [  14573   7871   8585 ] [ 0 ],1.00,1.00,1.00,1.40,73.50,65.68,0.00,0.00,0.00,0.00,0.00,0.00,0.00,0.00,0.00,0.00,0.00,0.00,0.00,0.00,0.00,0
3.40308,75,47,155,0,DRIVE [ 33 ] [ 1 ] [ 1005 1812 1905 ] [    0    0    0 ] [      0      0      0 ] [ 0 ],drive [ 32 ] [ 0 ] [ 1005 1802 1905 ] [   90   31   14 ] [  14573   7871   8585 ] [ 0 ],1.00,1.00,1.00,1.40,74.51,65.19,0.00,0.00,0.00,0.00,0.00,0.00,0.00,0.00,0.00,0.00,0.00,0.00,0.00,0.00,0.00,0
3.41482,75,46,158,0,DRIVE [ 33 ] [ 1 ] [ 1005 1822 1905 ] [    0    0    0 ] [      0      0      0 ] [ 0 ],drive [ 33 ] [ 0 ] [ 1005 1812 1905 ] [   90   31   14 ] [  14573   7871   8585 ] [ 0 ],1.00,1.00,1.00,1.40,75.43,64.53,0.00,0.00,0.00,0.00,0.00,0.00,0.00,0.00,0.00,0.00,0.00,0.00,0.00,0.00,0.00,0
3.42586,76,46,160,0,DRIVE [ 34 ] [ 1 ] [ 1005 1831 1905 ] [    0    0    0 ] [      0      0      0 ] [ 0 ],drive [ 33 ] [ 0 ] [ 1005 1822 1905 ] [   90   31   14 ] [  14573   7871   8585 ] [ 0 ],1.00,1.00,1.00,1.40,76.16,63.82,0.00,0.00,0.00,0.00,0.00,0.00,0.00,0.00,0.00,0.00,0.00,0.00,0.00,0.00,0.00,0
3.43661,77,45,162,0,DRIVE [ 34 ] [ 1 ] [ 1005 1841 1905 ] [    0    0    0 ] [      0      0      0 ] [ 0 ],drive [ 34 ] [ 0 ] [ 1005 1831 1905 ] [   90   31   14 ] [  14679   7573   8585 ] [ 0 ],1.00,1.00,1.00,1.40,76.90,63.12,0.00,0.00,0.00,0.00,0.00,0.00,0.00,0.00,0.00,0.00,0.00,0.00,0.00,0.00,0.00,0
3.447,78,44,164,0,DRIVE [ 35 ] [ 1 ] [ 1005 1851 1905 ] [    0    0    0 ] [      0      0      0 ] [ 0 ],drive [ 34 ] [ 0 ] [ 1005 1841 1905 ] [   90   31   14 ] [  14679   7573   8585 ] [ 0 ],1.00,1.00,1.00,1.40,77.58,62.17,0.00,0.00,0.00,0.00,0.00,0.00,0.00,0.00,0.00,0.00,0.00,0.00,0.00,0.00,0.00,0
3.45917,78,43,166,0,DRIVE [ 35 ] [ 1 ] [ 1005 1864 1905 ] [    0    0    0 ] [      0      0      0 ] [ 0 ],drive [ 35 ] [ 0 ] [ 1005 1851 1905 ] [   93    7   14 ] [  14679   7573   8585 ] [ 0 ],1.00,1.00,1.00,1.40,78.25,60.90,0.00,0.00,0.00,0.00,0.00,0.00,0.00,0.00,0.00,0.00,0.00,0.00,0.00,0.00,0.00,0
3.47117,79,42,169,0,DRIVE [ 36 ] [ 1 ] [ 1005 1877 1905 ] [    0    0    0 ] [      0      0      0 ] [ 0 ],drive [ 35 ] [ 0 ] [ 1005 1864 1905 ] [   93    7   14 ] [  14679   7573   8585 ] [ 0 ],1.00,1.00,1.00,1.40,78.93,59.46,0.00,0.00,0.00,0.00,0.00,0.00,0.00,0.00,0.00,0.00,0.00,0.00,0.00,0.00,0.00,0
3.48319,80,41,171,0,DRIVE [ 36 ] [ 1 ] [ 1005 1891 1905 ] [    0    0    0 ] [      0      0      0 ] [ 0 ],drive [ 36 ] [ 0 ] [ 1005 1877 1905 ] [   93    7   14 ] [  14679   7573   8585 ] [ 0 ],1.00,1.00,1.00,1.40,79.57,57.89,0.00,0.00,0.00,0.00,0.00,0.00,0.00,0.00,0.00,0.00,0.00,0.00,0.00,0.00,0.00,0
3.49358,80,40,173,0,DRIVE [ 37 ] [ 1 ] [ 1005 1891 1904 ] [    0    0    0 ] [      0      0      0 ] [ 0 ],drive [ 36 ] [ 0 ] [ 1005 1891 1905 ] [   93    7   14 ] [  14751   7437   8585 ] [ 0 ],1.00,1.00,1.00,1.40,80.32,56.08,0.00,0.00,0.00,0.00,0.00,0.00,0.00,0.00,0.00,0.00,0.00,0.00,0.00,0.00,0.00,0
3.5046,81,39,176,0,DRIVE [ 37 ] [ 1 ] [ 1005 1891 1890 ] [    0    0    0 ] [      0      0      0 ] [ 0 ],drive [ 37 ] [ 0 ] [ 1005 1891 1904 ] [   85   22   13 ] [  14751   7437   8585 ] [ 0 ],1.00,1.00,1.00,1.40,81.02,54.07,0.00,0.00,0.00,0.00,0.00,0.00,0.00,0.00,0.00,0.00,0.00,0.00,0.00,0.00,0.00,0
3.51647,82,37,178,0,DRIVE [ 38 ] [ 1 ] [ 1005 1891 1876 ] [    0    0    0 ] [      0      0      0 ] [ 0 ],drive [ 37 ] [ 0 ] [ 1005 1891 1890 ] [   85   22   13 ] [  14751   7437   8585 ] [ 0 ],1.00,1.00,1.00,1.40,81.67,51.95,0.00,0.00,0.00,0.00,0.00,0.00,0.00,0.00,0.00,0.00,0.00,0.00,0.00,0.00,0.00,0
3.52713,82,36,181,0,DRIVE [ 38 ] [ 1 ] [ 1005 1891 1862 ] [    0    0    0 ] [      0      0      0 ] [ 0 ],drive [ 38 ] [ 0 ] [ 1005 1891 1876 ] [   85   22   13 ] [  14751   7437   8585 ] [ 0 ],1.00,1.00,1.00,1.40,82.26,49.85,0.00,0.00,0.00,0.00,0.00,0.00,0.00,0.00,0.00,0.00,0.00,0.00,0.00,0.00,0.00,0
3.53951,83,34,183,0,DRIVE [ 39 ] [ 1 ] [ 1005 1891 1849 ] [    0    0    0 ] [      0      0      0 ] [ 0 ],drive [ 38 ] [ 0 ] [ 1005 1891 1862 ] [   85   22   13 ] [  14770   7300   8586 ] [ 0 ],1.00,1.00,1.00,1.40,82.80,47.83,0.00,0.00,0.00,0.00,0.00,0.00,0.00,0.00,0.00,0.00,0.00,0.00,0.00,0.00,0.00,0
3.55223,83,33,186,0,DRIVE [ 39 ] [ 1 ] [ 1005 1891 1837 ] [    0    0    0 ] [      0      0      0 ] [ 0 ],drive [ 39 ] [ 0 ] [ 1005 1891 1849 ] [   85   22   13 ] [  14770   7300   8586 ] [ 0 ],1.00,1.00,1.00,1.40,83.24,45.81,0.00,0.00,0.00,0.00,0.00,0.00,0.00,0.00,0.00,0.00,0.00,0.00,0.00,0.00,0.00,0
3.56365,84,31,189,0,DRIVE [ 40 ] [ 1 ] [ 1005 1891 1825 ] [    0    0    0 ] [      0      0      0 ] [ 0 ],drive [ 39 ] [ 0 ] [ 1005 1891 1837 ] [  101   18   16 ] [  14770   7300   8586 ] [ 0 ],1.00,1.00,1.00,1.40,83.65,43.73,0.00,0.00,0.00,0.00,0.00,0.00,0.00,0.00,0.00,0.00,0.00,0.00,0.00,0.00,0.00,0
3.57501,84,30,192,0,DRIVE [ 40 ] [ 1 ] [ 1005 1891 1812 ] [    0    0    0 ] [      0      0      0 ] [ 0 ],drive [ 40 ] [ 0 ] [ 1005 1891 1825 ] [  101   18   16 ] [  14770   7300   8586 ] [ 0 ],1.00,1.00,1.00,1.40,84.10,41.52,0.00,0.00,0.00,0.00,0.00,0.00,0.00,0.00,0.00,0.00,0.00,0.00,0.00,0.00,0.00,0
3.58609,85,28,195,0,DRIVE [ 41 ] [ 1 ] [ 1005 1891 1798 ] [    0    0    0 ] [      0      0      0 ] [ 0 ],drive [ 40 ] [ 0 ] [ 1005 1891 1812 ] [  101   18   16 ] [  14770   7300   8586 ] [ 0 ],1.00,1.00,1.00,1.40,84.56,39.06,0.00,0.00,0.00,0.00,0.00,0.00,0.00,0.00,0.00,0.00,0.00,0.00,0.00,0.00,0.00,0
3.59685,85,26,198,0,DRIVE [ 41 ] [ 1 ] [ 1005 1891 1784 ] [    0    0    0 ] [      0      0      0 ] [ 0 ],drive [ 41 ] [ 0 ] [ 1005 1891 1798 ] [  101   18   16 ] [  14902   7109   8590 ] [ 0 ],1.00,1.00,1.00,1.40,84.97,36.47,0.00,0.00,0.00,0.00,0.00,0.00,0.00,0.00,0.00,0.00,0.00,0.00,0.00,0.00,0.00,0
3.60819,85,24,200,0,DRIVE [ 42 ] [ 1 ] [ 1005 1891 1771 ] [    0    0    0 ] [      0      0      0 ] [ 0 ],drive [ 41 ] [ 0 ] [ 1005 1891 1784 ] [  105   28   19 ] [  14902   7109   8590 ] [ 0 ],1.00,1.00,1.00,1.40,85.21,33.82,0.00,0.00,0.00,0.00,0.00,0.00,0.00,0.00,0.00,0.00,0.00,0.00,0.00,0.00,0.00,0
3.62101,85,22,203,0,DRIVE [ 42 ] [ 1 ] [ 1005 1891 1757 ] [    0    0    0 ] [      0      0      0 ] [ 0 ],drive [ 42 ] [ 0 ] [ 1005 1891 1771 ] [  105   28   19 ] [  14902   7109   8590 ] [ 0 ],1.00,1.00,1.00,1.40,85.45,31.02,0.00,0.00,0.00,0.00,0.00,0.00,0.00,0.00,0.00,0.00,0.00,0.00,0.00,0.00,0.00,0
3.63198,86,20,206,0,DRIVE [ 43 ] [ 1 ] [ 1005 1891 1741 ] [    0    0    0 ] [      0      0      0 ] [ 0 ],drive [ 42 ] [ 0 ] [ 1005 1891 1757 ] [  105   28   19 ] [  14902   7109   8590 ] [ 0 ],1.00,1.00,1.00,1.40,85.62,27.84,0.00,0.00,0.00,0.00,0.00,0.00,0.00,0.00,0.00,0.00,0.00,0.00,0.00,0.00,0.00,0
3.64339,86,18,209,0,DRIVE [ 43 ] [ 1 ] [ 1005 1891 1726 ] [    0    0    0 ] [      0      0      0 ] [ 0 ],drive [ 43 ] [ 0 ] [ 1005 1891 1741 ] [  105   28   19 ] [  14998   7072   8594 ] [ 0 ],1.00,1.00,1.00,1.40,85.63,24.67,0.00,0.00,0.00,0.00,0.00,0.00,0.00,0.00,0.00,0.00,0.00,0.00,0.00,0.00,0.00,0
3.65458,85,15,211,0,DRIVE [ 44 ] [ 1 ] [ 1005 1891 1712 ] [    0    0    0 ] [      0      0      0 ] [ 0 ],drive [ 43 ] [ 0 ] [ 1005 1891 1726 ] [   93   19   22 ] [  14998   7072   8594 ] [ 0 ],1.00,1.00,1.00,1.40,85.14,21.45,0.00,0.00,0.00,0.00,0.00,0.00,0.00,0.00,0.00,0.00,0.00,0.00,0.00,0.00,0.00,0
3.66656,85,13,213,0,DRIVE [ 44 ] [ 1 ] [ 1005 1891 1698 ] [    0    0    0 ] [      0      0      0 ] [ 0 ],drive [ 44 ] [ 0 ] [ 1005 1891 1712 ] [   93   19   22 ] [  14998   7072   8594 ] [ 0 ],1.00,1.00,1.00,1.40,84.89,18.36,0.00,0.00,0.00,0.00,0.00,0.00,0.00,0.00,0.00,0.00,0.00,0.00,0.00,0.00,0.00,0
3.67736,85,11,216,0,DRIVE [ 45 ] [ 1 ] [ 1013 1891 1684 ] [    0    0    0 ] [      0      0      0 ] [ 0 ],drive [ 44 ] [ 0 ] [ 1005 1891 1698 ] [   93   19   22 ] [  14998   7072   8594 ] [ 0 ],1.00,1.00,1.00,1.40,84.57,15.20,0.00,0.00,0.00,0.00,0.00,0.00,0.00,0.00,0.00,0.00,0.00,0.00,0.00,0.00,0.00,0
3.68894,84,9,218,0,DRIVE [ 45 ] [ 1 ] [ 1049 1891 1671 ] [    0    0    0 ] [      0      0      0 ] [ 0 ],drive [ 45 ] [ 0 ] [ 1013 1891 1684 ] [   93   19   22 ] [  15002   7044   8622 ] [ 0 ],1.00,1.00,1.00,1.40,84.07,12.00,0.00,0.00,0.00,0.00,0.00,0.00,0.00,0.00,0.00,0.00,0.00,0.00,0.00,0.00,0.00,0
3.69989,83,6,220,0,DRIVE [ 46 ] [ 1 ] [ 1084 1891 1657 ] [    0    0    0 ] [      0      0      0 ] [ 0 ],drive [ 45 ] [ 0 ] [ 1049 1891 1671 ] [   93   19   22 ] [  15002   7044   8622 ] [ 0 ],1.00,1.00,1.00,1.40,83.42,8.73,0.00,0.00,0.00,0.00,0.00,0.00,0.00,0.00,0.00,0.00,0.00,0.00,0.00,0.00,0.00,0
3.71154,83,4,222,0,DRIVE [ 46 ] [ 1 ] [ 1119 1891 1642 ] [    0    0    0 ] [      0      0      0 ] [ 0 ],drive [ 46 ] [ 0 ] [ 1084 1891 1657 ] [   92   10   22 ] [  15002   7044   8622 ] [ 0 ],1.00,1.00,1.00,1.40,82.80,5.35,0.00,0.00,0.00,0.00,0.00,0.00,0.00,0.00,0.00,0.00,0.00,0.00,0.00,0.00,0.00,0
3.72291,82,1,224,0,DRIVE [ 47 ] [ 1 ] [ 1153 1891 1628 ] [    0    0    0 ] [      0      0      0 ] [ 0 ],drive [ 46 ] [ 0 ] [ 1119 1891 1642 ] [   92   10   22 ] [  15002   7044   8622 ] [ 0 ],1.00,1.00,1.00,1.40,81.95,1.96,0.00,0.00,0.00,0.00,0.00,0.00,0.00,0.00,0.00,0.00,0.00,0.00,0.00,0.00,0.00,0
3.73433,81,-1,226,0,DRIVE [ 47 ] [ 1 ] [ 1185 1891 1617 ] [    0    0    0 ] [      0      0      0 ] [ 0 ],drive [ 47 ] [ 0 ] [ 1153 1891 1628 ] [   92   10   22 ] [  15002   7044   8622 ] [ 0 ],1.00,1.00,1.00,1.40,80.83,-1.00,0.00,0.00,0.00,0.00,0.00,0.00,0.00,0.00,0.00,0.00,0.00,0.00,0.00,0.00,0.00,0
3.74548,79,-3,228,0,DRIVE [ 48 ] [ 1 ] [ 1215 1891 1610 ] [    0    0    0 ] [      0      0      0 ] [ 0 ],drive [ 47 ] [ 0 ] [ 1185 1891 1617 ] [   92   10   22 ] [  14997   7006   8642 ] [ 0 ],1.00,1.00,1.00,1.40,79.42,-3.32,0.00,0.00,0.00,0.00,0.00,0.00,0.00,0.00,0.00,0.00,0.00,0.00,0.00,0.00,0.00,0
3.75711,78,-6,229,0,DRIVE [ 48 ] [ 1 ] [ 1245 1891 1605 ] [    0    0    0 ] [      0      0      0 ] [ 0 ],drive [ 48 ] [ 0 ] [ 1215 1891 1610 ] [   70   25   48 ] [  14997   7006   8642 ] [ 0 ],1.00,1.00,1.00,1.40,77.71,-5.58,0.00,0.00,0.00,0.00,0.00,0.00,0.00,0.00,0.00,0.00,0.00,0.00,0.00,0.00,0.00,0
3.768,76,-8,230,0,DRIVE [ 49 ] [ 1 ] [ 1276 1891 1599 ] [    0    0    0 ] [      0      0      0 ] [ 0 ],drive [ 48 ] [ 0 ] [ 1245 1891 1605 ] [   70   25   48 ] [  14997   7006   8642 ] [ 0 ],1.00,1.00,1.00,1.40,75.70,-7.77,0.00,0.00,0.00,0.00,0.00,0.00,0.00,0.00,0.00,0.00,0.00,0.00,0.00,0.00,0.00,0
3.77954,74,-10,232,0,DRIVE [ 49 ] [ 1 ] [ 1306 1891 1594 ] [    0    0    0 ] [      0      0      0 ] [ 0 ],drive [ 49 ] [ 0 ] [ 1276 1891 1599 ] [   70   25   48 ] [  14997   7006   8642 ] [ 0 ],1.00,1.00,1.00,1.40,73.57,-10.00,0.00,0.00,0.00,0.00,0.00,0.00,0.00,0.00,0.00,0.00,0.00,0.00,0.00,0.00,0.00,0
3.79097,71,-12,232,0,DRIVE [ 50 ] [ 1 ] [ 1337 1891 1589 ] [    0    0    0 ] [      0      0      0 ] [ 0 ],drive [ 49 ] [ 0 ] [ 1306 1891 1594 ] [   70   25   48 ] [  14986   6961   8693 ] [ 0 ],1.00,1.00,1.00,1.40,71.29,-12.20,0.00,0.00,0.00,0.00,0.00,0.00,0.00,0.00,0.00,0.00,0.00,0.00,-0.00,0.00,0.00,0
3.80251,69,-14,234,0,DRIVE [ 50 ] [ 1 ] [ 1367 1891 1583 ] [    0    0    0 ] [      0      0      0 ] [ 0 ],drive [ 50 ] [ 0 ] [ 1337 1891 1589 ] [   59   27   42 ] [  14986   6961   8693 ] [ 0 ],1.00,1.00,1.00,1.40,69.10,-14.41,0.00,0.00,0.00,0.00,0.00,0.00,0.00,0.00,0.00,0.00,0.00,0.00,-0.00,0.00,0.00,0
3.81397,67,-17,234,0,DRIVE [ 51 ] [ 1 ] [ 1396 1891 1577 ] [    0    0    0 ] [      0      0      0 ] [ 0 ],drive [ 50 ] [ 0 ] [ 1367 1891 1583 ] [   59   27   42 ] [  14986   6961   8693 ] [ 0 ],1.00,1.00,1.00,1.40,66.75,-16.59,0.00,0.00,0.00,0.00,0.00,0.00,0.00,0.00,0.00,0.00,0.00,0.00,-0.00,0.00,0.00,0
3.82598,64,-19,235,0,DRIVE [ 51 ] [ 1 ] [ 1425 1891 1571 ] [    0    0    0 ] [      0      0      0 ] [ 0 ],drive [ 51 ] [ 0 ] [ 1396 1891 1577 ] [   59   27   42 ] [  14986   6961   8693 ] [ 0 ],1.00,1.00,1.00,1.40,64.44,-18.83,0.00,0.00,0.00,0.00,0.00,0.00,0.00,0.00,0.00,0.00,0.00,0.00,-0.00,0.00,0.00,0
3.83764,62,-21,236,0,DRIVE [ 52 ] [ 1 ] [ 1453 1891 1564 ] [    0    0    0 ] [      0      0      0 ] [ 0 ],drive [ 51 ] [ 0 ] [ 1425 1891 1571 ] [   59   27   42 ] [  14959   6961   8704 ] [ 0 ],1.00,1.00,1.00,1.40,62.00,-21.00,0.00,0.00,0.00,0.00,0.00,0.00,0.00,0.00,0.00,0.00,0.00,0.00,-0.00,0.00,0.00,0
3.84897,60,-23,237,0,DRIVE [ 52 ] [ 1 ] [ 1479 1891 1556 ] [    0    0    0 ] [      0      0      0 ] [ 0 ],drive [ 52 ] [ 0 ] [ 1453 1891 1564 ] [   59   27   42 ] [  14959   6961   8704 ] [ 0 ],1.00,1.00,1.00,1.40,59.74,-23.23,0.00,0.00,0.00,0.00,0.00,0.00,0.00,0.00,0.00,0.00,0.00,0.00,-0.00,0.00,0.00,0
3.86081,57,-25,237,0,DRIVE [ 53 ] [ 1 ] [ 1504 1891 1548 ] [    0    0    0 ] [      0      0      0 ] [ 0 ],drive [ 52 ] [ 0 ] [ 1479 1891 1556 ] [   61   26   42 ] [  14959   6961   8704 ] [ 0 ],1.00,1.00,1.00,1.40,57.27,-25.28,0.00,0.00,0.00,0.00,0.00,0.00,0.00,0.00,0.00,0.00,0.00,0.00,-0.00,0.00,0.00,0
3.8725,55,-27,236,0,DRIVE [ 53 ] [ 1 ] [ 1527 1891 1539 ] [    0    0    0 ] [      0      0      0 ] [ 0 ],drive [ 53 ] [ 0 ] [ 1504 1891 1548 ] [   61   26   42 ] [  14959   6961   8704 ] [ 0 ],1.00,1.00,1.00,1.40,54.91,-27.31,0.00,0.00,0.00,0.00,0.00,0.00,0.00,0.00,0.00,0.00,0.00,0.00,-0.00,0.00,0.00,0
3.88409,53,-29,236,0,DRIVE [ 54 ] [ 1 ] [ 1548 1891 1530 ] [    0    0    0 ] [      0      0      0 ] [ 0 ],drive [ 53 ] [ 0 ] [ 1527 1891 1539 ] [   61   26   42 ] [  14959   6961   8704 ] [ 0 ],1.00,1.00,1.00,1.40,52.63,-29.28,0.00,0.00,0.00,0.00,0.00,0.00,0.00,0.00,0.00,0.00,0.00,0.00,-0.00,0.00,0.00,0
3.89527,51,-31,235,0,DRIVE [ 54 ] [ 1 ] [ 1567 1891 1520 ] [    0    0    0 ] [      0      0      0 ] [ 0 ],drive [ 54 ] [ 0 ] [ 1548 1891 1530 ] [   61   26   42 ] [  14823   6961   8727 ] [ 0 ],1.00,1.00,1.00,1.40,50.50,-31.02,0.00,0.00,0.00,0.00,0.00,0.00,0.00,0.00,0.00,0.00,0.00,0.00,-0.00,0.00,0.00,0
3.90719,49,-33,234,0,DRIVE [ 55 ] [ 1 ] [ 1583 1891 1510 ] [    0    0    0 ] [      0      0      0 ] [ 0 ],drive [ 54 ] [ 0 ] [ 1567 1891 1520 ] [   47   26   33 ] [  14823   6961   8727 ] [ 0 ],1.00,1.00,1.00,1.40,48.51,-32.55,0.00,0.00,0.00,0.00,0.00,0.00,0.00,0.00,0.00,0.00,0.00,0.00,0.00,0.00,0.00,0
3.91902,47,-34,233,0,DRIVE [ 55 ] [ 1 ] [ 1598 1891 1500 ] [    0    0    0 ] [      0      0      0 ] [ 0 ],drive [ 55 ] [ 0 ] [ 1583 1891 1510 ] [   47   26   33 ] [  14823   6961   8727 ] [ 0 ],1.00,1.00,1.00,1.40,46.78,-34.01,0.00,0.00,0.00,0.00,0.00,0.00,0.00,0.00,0.00,0.00,0.00,0.00,0.00,0.00,0.00,0
3.93026,45,-35,232,0,DRIVE [ 56 ] [ 1 ] [ 1610 1891 1491 ] [    0    0    0 ] [      0      0      0 ] [ 0 ],drive [ 55 ] [ 0 ] [ 1598 1891 1500 ] [   47   26   33 ] [  14823   6961   8727 ] [ 0 ],1.00,1.00,1.00,1.40,45.21,-35.29,0.00,0.00,0.00,0.00,0.00,0.00,0.00,0.00,0.00,0.00,0.00,0.00,0.00,0.00,0.00,0
3.94203,44,-36,231,0,DRIVE [ 56 ] [ 1 ] [ 1621 1891 1482 ] [    0    0    0 ] [      0      0      0 ] [ 0 ],drive [ 56 ] [ 0 ] [ 1610 1891 1491 ] [   47   26   33 ] [  14536   6961   8829 ] [ 0 ],1.00,1.00,1.00,1.40,43.77,-36.41,0.00,0.00,0.00,0.00,0.00,0.00,0.00,0.00,0.00,0.00,0.00,0.00,0.00,0.00,0.00,0
3.95363,42,-37,230,0,DRIVE [ 57 ] [ 1 ] [ 1630 1891 1474 ] [    0    0    0 ] [      0      0      0 ] [ 0 ],drive [ 56 ] [ 0 ] [ 1621 1891 1482 ] [   43   27   61 ] [  14536   6961   8829 ] [ 0 ],1.00,1.00,1.00,1.40,42.46,-37.27,0.00,0.00,0.00,0.00,0.00,0.00,0.00,0.00,0.00,0.00,0.00,0.00,0.00,0.00,0.00,0
3.96521,41,-38,229,0,DRIVE [ 57 ] [ 1 ] [ 1639 1891 1468 ] [    0    0    0 ] [      0      0      0 ] [ 0 ],drive [ 57 ] [ 0 ] [ 1630 1891 1474 ] [   43   27   61 ] [  14536   6961   8829 ] [ 0 ],1.00,1.00,1.00,1.40,41.13,-37.86,0.00,0.00,0.00,0.00,0.00,0.00,0.00,0.00,0.00,0.00,0.00,0.00,0.00,0.00,0.00,0
3.97695,40,-38,227,0,DRIVE [ 58 ] [ 1 ] [ 1646 1891 1462 ] [    0    0    0 ] [      0      0      0 ] [ 0 ],drive [ 57 ] [ 0 ] [ 1639 1891 1468 ] [   43   27   61 ] [  14536   6961   8829 ] [ 0 ],1.00,1.00,1.00,1.40,39.86,-38.31,0.00,0.00,0.00,0.00,0.00,0.00,0.00,0.00,0.00,0.00,0.00,0.00,0.00,0.00,0.00,0
3.98876,39,-39,225,0,DRIVE [ 58 ] [ 1 ] [ 1653 1891 1457 ] [    0    0    0 ] [      0      0      0 ] [ 0 ],drive [ 58 ] [ 0 ] [ 1646 1891 1462 ] [   43   27   61 ] [  14270   6961   8961 ] [ 0 ],1.00,1.00,1.00,1.40,38.79,-38.75,0.00,0.00,0.00,0.00,0.00,0.00,0.00,0.00,0.00,0.00,0.00,0.00,0.00,0.00,0.00,0
4.00081,38,-39,224,0,DRIVE [ 59 ] [ 1 ] [ 1658 1891 1451 ] [    0    0    0 ] [      0      0      0 ] [ 0 ],drive [ 58 ] [ 0 ] [ 1653 1891 1457 ] [   43   27   61 ] [  14270   6961   8961 ] [ 0 ],1.00,1.00,1.00,1.40,37.90,-39.23,0.00,0.00,0.00,0.00,0.00,0.00,0.00,0.00,0.00,0.00,0.00,0.00,0.00,0.00,0.00,0
4.01244,37,-40,222,0,DRIVE [ 59 ] [ 1 ] [ 1664 1891 1445 ] [    0    0    0 ] [      0      0      0 ] [ 0 ],drive [ 59 ] [ 0 ] [ 1658 1891 1451 ] [   44   25   41 ] [  14270   6961   8961 ] [ 0 ],1.00,1.00,1.00,1.40,36.82,-39.56,0.00,0.00,0.00,0.00,0.00,0.00,0.00,0.00,0.00,0.00,0.00,0.00,0.00,0.00,0.00,0
4.02447,36,-40,220,0,DRIVE [ 60 ] [ 1 ] [ 1670 1891 1438 ] [    0    0    0 ] [      0      0      0 ] [ 0 ],drive [ 59 ] [ 0 ] [ 1664 1891 1445 ] [   44   25   41 ] [  14270   6961   8961 ] [ 0 ],1.00,1.00,1.00,1.40,35.81,-39.98,0.00,0.00,0.00,0.00,0.00,0.00,0.00,0.00,0.00,0.00,0.00,0.00,0.00,0.00,0.00,0
4.03575,35,-40,218,0,DRIVE [ 60 ] [ 1 ] [ 1676 1891 1432 ] [    0    0    0 ] [      0      0      0 ] [ 0 ],drive [ 60 ] [ 0 ] [ 1670 1891 1438 ] [   44   25   41 ] [  14270   6961   8961 ] [ 0 ],1.00,1.00,1.00,1.40,34.82,-40.37,0.00,0.00,0.00,0.00,0.00,0.00,0.00,0.00,0.00,0.00,0.00,0.00,0.00,0.00,0.00,0
4.0477,34,-41,216,0,DRIVE [ 61 ] [ 1 ] [ 1681 1891 1426 ] [    0    0    0 ] [      0      0      0 ] [ 0 ],drive [ 60 ] [ 0 ] [ 1676 1891 1432 ] [   44   25   41 ] [  14159   6961   8989 ] [ 0 ],1.00,1.00,1.00,1.40,33.88,-40.62,0.00,0.00,0.00,0.00,0.00,0.00,0.00,0.00,0.00,0.00,0.00,0.00,0.00,0.00,0.00,0
4.05956,33,-41,214,0,DRIVE [ 61 ] [ 1 ] [ 1686 1891 1422 ] [    0    0    0 ] [      0      0      0 ] [ 0 ],drive [ 61 ] [ 0 ] [ 1681 1891 1426 ] [   42   27   63 ] [  14159   6961   8989 ] [ 0 ],1.00,1.00,1.00,1.40,32.91,-40.64,0.00,0.00,0.00,0.00,0.00,0.00,0.00,0.00,0.00,0.00,0.00,0.00,0.00,0.00,0.00,0
4.07123,32,-40,212,0,DRIVE [ 62 ] [ 1 ] [ 1690 1891 1420 ] [    0    0    0 ] [      0      0      0 ] [ 0 ],drive [ 61 ] [ 0 ] [ 1686 1891 1422 ] [   42   27   63 ] [  14159   6961   8989 ] [ 0 ],1.00,1.00,1.00,1.40,31.97,-40.41,0.00,0.00,0.00,0.00,0.00,0.00,0.00,0.00,0.00,0.00,0.00,0.00,0.00,0.00,0.00,0
4.08389,31,-40,209,0,DRIVE [ 62 ] [ 1 ] [ 1695 1891 1421 ] [    0    0    0 ] [      0      0      0 ] [ 0 ],drive [ 62 ] [ 0 ] [ 1690 1891 1420 ] [   42   27   63 ] [  14159   6961   8989 ] [ 0 ],1.00,1.00,1.00,1.40,31.07,-39.95,0.00,0.00,0.00,0.00,0.00,0.00,-0.00,0.00,0.00,0.00,0.00,0.00,0.00,0.00,0.00,0
4.09488,30,-39,207,0,DRIVE [ 63 ] [ 1 ] [ 1699 1891 1425 ] [    0    0    0 ] [      0      0      0 ] [ 0 ],drive [ 62 ] [ 0 ] [ 1695 1891 1421 ] [   42   27   63 ] [  14055   6961   9155 ] [ 0 ],1.00,1.00,1.00,1.40,30.18,-39.15,0.00,0.00,0.00,0.00,0.00,0.00,-0.00,0.00,0.00,0.00,0.00,0.00,-0.00,0.00,0.00,0
4.10654,29,-38,205,0,DRIVE [ 63 ] [ 1 ] [ 1702 1891 1433 ] [    0    0    0 ] [      0      0      0 ] [ 0 ],drive [ 63 ] [ 0 ] [ 1699 1891 1425 ] [   19   26   54 ] [  14055   6961   9155 ] [ 0 ],1.00,1.00,1.00,1.40,29.36,-38.06,0.00,0.00,0.00,0.00,0.00,0.00,-0.00,0.00,0.00,0.00,0.00,0.00,-0.00,0.00,0.00,0
4.1182,29,-37,203,0,DRIVE [ 64 ] [ 1 ] [ 1704 1891 1444 ] [    0    0    0 ] [      0      0      0 ] [ 0 ],drive [ 63 ] [ 0 ] [ 1702 1891 1433 ] [   19   26   54 ] [  14055   6961   9155 ] [ 0 ],1.00,1.00,1.00,1.40,28.69,-36.73,0.00,0.00,0.00,0.00,0.00,0.00,-0.00,0.00,0.00,0.00,0.00,0.00,-0.00,0.00,0.00,0
4.12935,28,-35,200,0,DRIVE [ 64 ] [ 1 ] [ 1705 1891 1456 ] [    0    0    0 ] [      0      0      0 ] [ 0 ],drive [ 64 ] [ 0 ] [ 1704 1891 1444 ] [   19   26   54 ] [  14055   6961   9155 ] [ 0 ],1.00,1.00,1.00,1.40,28.05,-35.20,0.00,0.00,0.00,0.00,0.00,0.00,-0.00,0.00,0.00,0.00,0.00,0.00,-0.00,0.00,0.00,0
4.141,27,-33,197,0,DRIVE [ 65 ] [ 1 ] [ 1706 1891 1471 ] [    0    0    0 ] [      0      0      0 ] [ 0 ],drive [ 64 ] [ 0 ] [ 1705 1891 1456 ] [   19   26   54 ] [  13769   6961   9273 ] [ 0 ],1.00,1.00,1.00,1.40,27.49,-33.49,0.00,0.00,0.00,0.00,0.00,0.00,-0.00,0.00,0.00,0.00,0.00,0.00,-0.00,0.00,0.00,0
4.15247,27,-32,195,0,DRIVE [ 65 ] [ 1 ] [ 1706 1891 1489 ] [    0    0    0 ] [      0      0      0 ] [ 0 ],drive [ 65 ] [ 0 ] [ 1706 1891 1471 ] [   40   27   43 ] [  13769   6961   9273 ] [ 0 ],1.00,1.00,1.00,1.40,26.93,-31.52,0.00,0.00,0.00,0.00,0.00,0.00,-0.00,0.00,0.00,0.00,0.00,0.00,-0.00,0.00,0.00,0
4.16379,27,-29,192,0,DRIVE [ 66 ] [ 1 ] [ 1705 1891 1510 ] [    0    0    0 ] [      0      0      0 ] [ 0 ],drive [ 65 ] [ 0 ] [ 1706 1891 1489 ] [   40   27   43 ] [  13769   6961   9273 ] [ 0 ],1.00,1.00,1.00,1.40,26.52,-29.38,0.00,0.00,0.00,0.00,0.00,0.00,-0.00,0.00,0.00,0.00,0.00,0.00,-0.00,0.00,0.00,0
4.1753,26,-27,189,0,DRIVE [ 66 ] [ 1 ] [ 1703 1891 1533 ] [    0    0    0 ] [      0      0      0 ] [ 0 ],drive [ 66 ] [ 0 ] [ 1705 1891 1510 ] [   40   27   43 ] [  13769   6961   9273 ] [ 0 ],1.00,1.00,1.00,1.40,26.11,-27.02,0.00,0.00,0.00,0.00,0.00,0.00,-0.00,0.00,0.00,0.00,0.00,0.00,-0.00,0.00,0.00,0
4.18667,26,-25,187,0,DRIVE [ 67 ] [ 1 ] [ 1700 1891 1556 ] [    0    0    0 ] [      0      0      0 ] [ 0 ],drive [ 66 ] [ 0 ] [ 1703 1891 1533 ] [   40   27   43 ] [  13769   6961   9273 ] [ 0 ],1.00,1.00,1.00,1.40,25.78,-24.69,0.00,0.00,0.00,0.00,0.00,0.00,-0.00,0.00,0.00,0.00,0.00,0.00,-0.00,0.00,0.00,0
4.19773,26,-22,184,0,DRIVE [ 67 ] [ 1 ] [ 1697 1891 1580 ] [    0    0    0 ] [      0      0      0 ] [ 0 ],drive [ 67 ] [ 0 ] [ 1700 1891 1556 ] [   40   27   43 ] [  13591   6961   9303 ] [ 0 ],1.00,1.00,1.00,1.40,25.53,-22.30,0.00,0.00,0.00,0.00,0.00,0.00,-0.00,0.00,0.00,0.00,0.00,0.00,-0.00,0.00,0.00,0
4.20909,25,-20,182,0,DRIVE [ 68 ] [ 1 ] [ 1692 1891 1606 ] [    0    0    0 ] [      0      0      0 ] [ 0 ],drive [ 67 ] [ 0 ] [ 1697 1891 1580 ] [   38   26   35 ] [  13591   6961   9303 ] [ 0 ],1.00,1.00,1.00,1.40,25.23,-19.77,0.00,0.00,0.00,0.00,0.00,0.00,-0.00,0.00,0.00,0.00,0.00,0.00,-0.00,0.00,0.00,0
4.22035,25,-17,179,0,DRIVE [ 68 ] [ 1 ] [ 1687 1891 1631 ] [    0    0    0 ] [      0      0      0 ] [ 0 ],drive [ 68 ] [ 0 ] [ 1692 1891 1606 ] [   38   26   35 ] [  13591   6961   9303 ] [ 0 ],1.00,1.00,1.00,1.40,24.89,-17.16,0.00,0.00,0.00,0.00,0.00,0.00,-0.00,0.00,0.00,0.00,0.00,0.00,-0.00,0.00,0.00,0
4.2313,25,-15,176,0,DRIVE [ 69 ] [ 1 ] [ 1680 1891 1657 ] [    0    0    0 ] [      0      0      0 ] [ 0 ],drive [ 68 ] [ 0 ] [ 1687 1891 1631 ] [   38   26   35 ] [  13591   6961   9303 ] [ 0 ],1.00,1.00,1.00,1.40,24.60,-14.55,0.00,0.00,0.00,0.00,0.00,0.00,-0.00,0.00,0.00,0.00,0.00,0.00,-0.00,0.00,0.00,0
4.24253,24,-12,173,0,DRIVE [ 69 ] [ 1 ] [ 1672 1891 1682 ] [    0    0    0 ] [      0      0      0 ] [ 0 ],drive [ 69 ] [ 0 ] [ 1680 1891 1657 ] [   38   26   35 ] [  13460   6961   9300 ] [ 0 ],1.00,1.00,1.00,1.40,24.38,-11.95,0.00,0.00,0.00,0.00,0.00,0.00,-0.00,0.00,0.00,0.00,0.00,0.00,-0.00,0.00,0.00,0
4.25379,24,-9,171,0,DRIVE [ 70 ] [ 1 ] [ 1659 1891 1706 ] [    0    0    0 ] [      0      0      0 ] [ 0 ],drive [ 69 ] [ 0 ] [ 1672 1891 1682 ] [   35   25   26 ] [  13460   6961   9300 ] [ 0 ],1.00,1.00,1.00,1.40,24.37,-9.31,0.00,0.00,0.00,0.00,0.00,0.00,-0.00,0.00,0.00,0.00,0.00,0.00,-0.00,0.00,0.00,0
4.26464,24,-7,168,0,DRIVE [ 70 ] [ 1 ] [ 1644 1891 1729 ] [    0    0    0 ] [      0      0      0 ] [ 0 ],drive [ 70 ] [ 0 ] [ 1659 1891 1706 ] [   35   25   26 ] [  13460   6961   9300 ] [ 0 ],1.00,1.00,1.00,1.40,24.34,-6.66,0.00,0.00,0.00,0.00,0.00,0.00,-0.00,0.00,0.00,0.00,0.00,0.00,-0.00,0.00,0.00,0
4.27588,24,-4,165,0,DRIVE [ 71 ] [ 1 ] [ 1625 1891 1750 ] [    0    0    0 ] [      0      0      0 ] [ 0 ],drive [ 70 ] [ 0 ] [ 1644 1891 1729 ] [   35   25   26 ] [  13460   6961   9300 ] [ 0 ],1.00,1.00,1.00,1.40,24.44,-4.13,0.00,0.00,0.00,0.00,0.00,0.00,-0.00,0.00,0.00,0.00,0.00,0.00,-0.00,0.00,0.00,0
4.28697,25,-2,163,0,DRIVE [ 71 ] [ 1 ] [ 1602 1891 1769 ] [    0    0    0 ] [      0      0      0 ] [ 0 ],drive [ 71 ] [ 0 ] [ 1625 1891 1750 ] [   35   25   26 ] [  13382   6906   9286 ] [ 0 ],1.00,1.00,1.00,1.40,24.51,-1.60,0.00,0.00,0.00,0.00,0.00,0.00,-0.00,0.00,0.00,0.00,0.00,0.00,-0.00,0.00,0.00,0
4.29765,25,1,160,0,DRIVE [ 72 ] [ 1 ] [ 1573 1891 1790 ] [    0    0    0 ] [      0      0      0 ] [ 0 ],drive [ 71 ] [ 0 ] [ 1602 1891 1769 ] [   35   25   26 ] [  13382   6906   9286 ] [ 0 ],1.00,1.00,1.00,1.40,24.54,1.16,0.00,0.00,0.00,0.00,0.00,0.00,-0.00,0.00,0.00,0.00,0.00,0.00,-0.00,-0.00,0.00,0
4.30877,24,3,157,0,DRIVE [ 72 ] [ 1 ] [ 1536 1891 1814 ] [    0    0    0 ] [      0      0      0 ] [ 0 ],drive [ 72 ] [ 0 ] [ 1573 1891 1790 ] [   29   21   30 ] [  13382   6906   9286 ] [ 0 ],1.00,1.00,1.00,1.40,24.48,4.41,0.00,0.00,0.00,0.00,0.00,0.00,-0.00,0.00,0.00,0.00,0.00,0.00,-0.00,-0.00,0.00,0
4.31974,24,5,154,0,DRIVE [ 73 ] [ 1 ] [ 1494 1891 1837 ] [    0    0    0 ] [      0      0      0 ] [ 0 ],drive [ 72 ] [ 0 ] [ 1536 1891 1814 ] [   29   21   30 ] [  13382   6906   9286 ] [ 0 ],1.00,1.00,1.00,1.40,24.33,7.53,0.00,0.00,0.00,0.00,0.00,0.00,-0.00,0.00,0.00,0.00,0.00,0.00,-0.00,-0.00,0.00,0
4.33027,24,7,152,0,DRIVE [ 73 ] [ 1 ] [ 1448 1891 1859 ] [    0    0    0 ] [      0      0      0 ] [ 0 ],drive [ 73 ] [ 0 ] [ 1494 1891 1837 ] [   29   21   30 ] [  13382   6906   9286 ] [ 0 ],1.00,1.00,1.00,1.40,24.09,10.47,0.00,0.00,0.00,0.00,0.00,0.00,-0.00,0.00,0.00,0.00,0.00,0.00,-0.00,-0.00,0.00,0
4.34106,24,9,149,0,DRIVE [ 74 ] [ 1 ] [ 1399 1891 1879 ] [    0    0    0 ] [      0      0      0 ] [ 0 ],drive [ 73 ] [ 0 ] [ 1448 1891 1859 ] [   29   21   30 ] [  13388   6829   9209 ] [ 0 ],1.00,1.00,1.00,1.40,23.92,13.18,0.00,0.00,0.00,0.00,0.00,0.00,-0.00,0.00,0.00,0.00,0.00,0.00,0.00,0.00,0.00,0
4.35208,24,11,146,0,DRIVE [ 74 ] [ 1 ] [ 1346 1891 1898 ] [    0    0    0 ] [      0      0      0 ] [ 0 ],drive [ 74 ] [ 0 ] [ 1399 1891 1879 ] [   45    6   10 ] [  13388   6829   9209 ] [ 0 ],1.00,1.00,1.00,1.40,23.86,15.70,0.00,0.00,0.00,0.00,0.00,0.00,-0.00,0.00,0.00,0.00,0.00,0.00,0.00,0.00,0.00,0
4.36259,24,13,143,0,DRIVE [ 75 ] [ 1 ] [ 1313 1894 1898 ] [    0    0    0 ] [      0      0      0 ] [ 0 ],drive [ 74 ] [ 0 ] [ 1346 1891 1898 ] [   45    6   10 ] [  13388   6829   9209 ] [ 0 ],1.00,1.00,1.00,1.40,23.91,18.03,0.00,0.00,0.00,0.00,0.00,0.00,-0.00,0.00,0.00,0.00,0.00,0.00,0.00,0.00,0.00,0
4.37369,24,14,141,0,DRIVE [ 75 ] [ 1 ] [ 1294 1877 1898 ] [    0    0    0 ] [      0      0      0 ] [ 0 ],drive [ 75 ] [ 0 ] [ 1313 1894 1898 ] [   45    6   10 ] [  13388   6829   9209 ] [ 0 ],1.00,1.00,1.00,1.40,24.01,20.03,0.00,0.00,0.00,0.00,0.00,0.00,-0.00,0.00,0.00,0.00,0.00,0.00,0.00,0.00,0.00,0
4.38455,24,15,139,0,DRIVE [ 76 ] [ 1 ] [ 1274 1863 1898 ] [    0    0    0 ] [      0      0      0 ] [ 0 ],drive [ 75 ] [ 0 ] [ 1294 1877 1898 ] [   45    6   10 ] [  13388   6829   9209 ] [ 0 ],1.00,1.00,1.00,1.40,24.13,21.64,0.00,0.00,0.00,0.00,0.00,0.00,-0.00,0.00,0.00,0.00,0.00,0.00,0.00,0.00,0.00,0
4.39481,24,16,136,0,DRIVE [ 76 ] [ 1 ] [ 1255 1852 1898 ] [    0    0    0 ] [      0      0      0 ] [ 0 ],drive [ 76 ] [ 0 ] [ 1274 1863 1898 ] [   45    6   10 ] [  13423   6776   9020 ] [ 0 ],1.00,1.00,1.00,1.40,24.31,22.90,0.00,0.00,0.00,0.00,0.00,0.00,-0.00,0.00,0.00,0.00,0.00,0.00,0.00,0.00,0.00,0
4.40589,25,17,134,0,DRIVE [ 77 ] [ 1 ] [ 1235 1844 1898 ] [    0    0    0 ] [      0      0      0 ] [ 0 ],drive [ 76 ] [ 0 ] [ 1255 1852 1898 ] [   84   14    0 ] [  13423   6776   9020 ] [ 0 ],1.00,1.00,1.00,1.40,24.51,23.78,0.00,0.00,0.00,0.00,0.00,0.00,-0.00,0.00,0.00,0.00,0.00,0.00,0.00,0.00,0.00,0
4.41674,25,17,132,0,DRIVE [ 77 ] [ 1 ] [ 1215 1839 1898 ] [    0    0    0 ] [      0      0      0 ] [ 0 ],drive [ 77 ] [ 0 ] [ 1235 1844 1898 ] [   84   14    0 ] [  13423   6776   9020 ] [ 0 ],1.00,1.00,1.00,1.40,24.81,24.44,0.00,0.00,0.00,0.00,0.00,0.00,-0.00,0.00,0.00,0.00,0.00,0.00,0.00,0.00,0.00,0
4.42705,25,18,130,0,DRIVE [ 78 ] [ 1 ] [ 1196 1836 1898 ] [    0    0    0 ] [      0      0      0 ] [ 0 ],drive [ 77 ] [ 0 ] [ 1215 1839 1898 ] [   84   14    0 ] [  13423   6776   9020 ] [ 0 ],1.00,1.00,1.00,1.40,25.10,24.87,0.00,0.00,0.00,0.00,0.00,0.00,-0.00,0.00,0.00,0.00,0.00,0.00,0.00,0.00,0.00,0
4.43802,25,18,128,0,DRIVE [ 78 ] [ 1 ] [ 1178 1836 1898 ] [    0    0    0 ] [      0      0      0 ] [ 0 ],drive [ 78 ] [ 0 ] [ 1196 1836 1898 ] [   84   14    0 ] [  13549   6775   8881 ] [ 0 ],1.00,1.00,1.00,1.40,25.42,24.99,0.00,0.00,0.00,0.00,0.00,0.00,-0.00,0.00,0.00,0.00,0.00,0.00,0.00,0.00,0.00,0
4.45004,26,18,126,0,DRIVE [ 79 ] [ 1 ] [ 1160 1838 1898 ] [    0    0    0 ] [      0      0      0 ] [ 0 ],drive [ 78 ] [ 0 ] [ 1178 1836 1898 ] [   84   14    0 ] [  13549   6775   8881 ] [ 0 ],1.00,1.00,1.00,1.40,25.77,25.01,0.00,0.00,0.00,0.00,0.00,0.00,-0.00,0.00,0.00,0.00,0.00,0.00,0.00,0.00,0.00,0
4.46044,26,18,124,0,DRIVE [ 79 ] [ 1 ] [ 1143 1839 1898 ] [    0    0    0 ] [      0      0      0 ] [ 0 ],drive [ 79 ] [ 0 ] [ 1160 1838 1898 ] [   68   17   13 ] [  13549   6775   8881 ] [ 0 ],1.00,1.00,1.00,1.40,26.04,24.92,0.00,0.00,0.00,0.00,0.00,0.00,-0.00,0.00,0.00,0.00,0.00,0.00,0.00,0.00,0.00,0
4.47139,26,18,122,0,DRIVE [ 80 ] [ 1 ] [ 1127 1842 1898 ] [    0    0    0 ] [      0      0      0 ] [ 0 ],drive [ 79 ] [ 0 ] [ 1143 1839 1898 ] [   68   17   13 ] [  13549   6775   8881 ] [ 0 ],1.00,1.00,1.00,1.40,26.32,24.77,0.00,0.00,0.00,0.00,0.00,0.00,-0.00,0.00,0.00,0.00,0.00,0.00,0.00,0.00,0.00,0
4.48295,27,18,121,0,DRIVE [ 80 ] [ 1 ] [ 1110 1844 1898 ] [    0    0    0 ] [      0      0      0 ] [ 0 ],drive [ 80 ] [ 0 ] [ 1127 1842 1898 ] [   68   17   13 ] [  13549   6775   8881 ] [ 0 ],1.00,1.00,1.00,1.40,26.62,24.64,0.00,0.00,0.00,0.00,0.00,0.00,-0.00,0.00,0.00,0.00,0.00,0.00,0.00,0.00,0.00,0
4.49317,27,18,119,0,DRIVE [ 81 ] [ 1 ] [ 1094 1846 1898 ] [    0    0    0 ] [      0      0      0 ] [ 0 ],drive [ 80 ] [ 0 ] [ 1110 1844 1898 ] [   68   17   13 ] [  13720   6775   8865 ] [ 0 ],1.00,1.00,1.00,1.40,26.80,24.53,0.00,0.00,0.00,0.00,0.00,0.00,-0.00,0.00,0.00,0.00,0.00,0.00,0.00,0.00,0.00,0
4.5041,27,17,117,0,DRIVE [ 81 ] [ 1 ] [ 1081 1848 1898 ] [    0    0    0 ] [      0      0      0 ] [ 0 ],drive [ 81 ] [ 0 ] [ 1094 1846 1898 ] [   98   18    4 ] [  13720   6775   8865 ] [ 0 ],1.00,1.00,1.00,1.40,26.96,24.34,0.00,0.00,0.00,0.00,0.00,0.00,-0.00,0.00,0.00,0.00,0.00,0.00,0.00,0.00,0.00,0
4.51441,27,17,116,0,DRIVE [ 82 ] [ 1 ] [ 1067 1851 1898 ] [    0    0    0 ] [      0      0      0 ] [ 0 ],drive [ 81 ] [ 0 ] [ 1081 1848 1898 ] [   98   18    4 ] [  13720   6775   8865 ] [ 0 ],1.00,1.00,1.00,1.40,27.12,24.10,0.00,0.00,0.00,0.00,0.00,0.00,-0.00,0.00,0.00,0.00,0.00,0.00,0.00,0.00,0.00,0
4.52543,27,17,114,0,DRIVE [ 82 ] [ 1 ] [ 1056 1855 1898 ] [    0    0    0 ] [      0      0      0 ] [ 0 ],drive [ 82 ] [ 0 ] [ 1067 1851 1898 ] [   98   18    4 ] [  13720   6775   8865 ] [ 0 ],1.00,1.00,1.00,1.40,27.21,23.77,0.00,0.00,0.00,0.00,0.00,0.00,-0.00,0.00,0.00,0.00,0.00,0.00,0.00,0.00,0.00,0
4.53652,27,17,112,0,DRIVE [ 83 ] [ 1 ] [ 1046 1860 1898 ] [    0    0    0 ] [      0      0      0 ] [ 0 ],drive [ 82 ] [ 0 ] [ 1056 1855 1898 ] [   98   18    4 ] [  13720   6775   8865 ] [ 0 ],1.00,1.00,1.00,1.40,27.25,23.27,0.00,0.00,0.00,0.00,0.00,0.00,-0.00,0.00,0.00,0.00,0.00,0.00,0.00,0.00,0.00,0
4.54701,27,16,111,0,DRIVE [ 83 ] [ 1 ] [ 1038 1866 1898 ] [    0    0    0 ] [      0      0      0 ] [ 0 ],drive [ 83 ] [ 0 ] [ 1046 1860 1898 ] [   98   18    4 ] [  13890   6759   8759 ] [ 0 ],1.00,1.00,1.00,1.40,27.27,22.65,0.00,0.00,0.00,0.00,0.00,0.00,-0.00,0.00,0.00,0.00,0.00,0.00,0.00,0.00,0.00,0
4.55797,27,16,110,0,DRIVE [ 84 ] [ 1 ] [ 1033 1873 1898 ] [    0    0    0 ] [      0      0      0 ] [ 0 ],drive [ 83 ] [ 0 ] [ 1038 1866 1898 ] [   83   26   14 ] [  13890   6759   8759 ] [ 0 ],1.00,1.00,1.00,1.40,27.22,21.94,0.00,0.00,0.00,0.00,0.00,0.00,-0.00,0.00,0.00,0.00,0.00,0.00,0.00,0.00,0.00,0
4.56848,27,15,108,0,DRIVE [ 84 ] [ 1 ] [ 1028 1882 1898 ] [    0    0    0 ] [      0      0      0 ] [ 0 ],drive [ 84 ] [ 0 ] [ 1033 1873 1898 ] [   83   26   14 ] [  13890   6759   8759 ] [ 0 ],1.00,1.00,1.00,1.40,27.14,21.06,0.00,0.00,0.00,0.00,0.00,0.00,-0.00,0.00,0.00,0.00,0.00,0.00,0.00,0.00,0.00,0
4.5789,27,14,107,0,DRIVE [ 85 ] [ 1 ] [ 1024 1890 1898 ] [    0    0    0 ] [      0      0      0 ] [ 0 ],drive [ 84 ] [ 0 ] [ 1028 1882 1898 ] [   83   26   14 ] [  13890   6759   8759 ] [ 0 ],1.00,1.00,1.00,1.40,27.04,20.23,0.00,0.00,0.00,0.00,0.00,0.00,0.00,0.00,0.00,0.00,0.00,0.00,0.00,0.00,0.00,0
4.58981,27,14,106,0,DRIVE [ 85 ] [ 1 ] [ 1019 1898 1898 ] [    0    0    0 ] [      0      0      0 ] [ 0 ],drive [ 85 ] [ 0 ] [ 1024 1890 1898 ] [   83   26   14 ] [  13992   6735   8642 ] [ 0 ],1.00,1.00,1.00,1.40,26.92,19.51,0.00,0.00,0.00,0.00,0.00,0.00,0.00,0.00,0.00,0.00,0.00,0.00,0.00,0.00,0.00,0
4.60058,27,13,104,0,DRIVE [ 86 ] [ 1 ] [ 1015 1904 1898 ] [    0    0    0 ] [      0      0      0 ] [ 0 ],drive [ 85 ] [ 0 ] [ 1019 1898 1898 ] [   83   26   14 ] [  13992   6735   8642 ] [ 0 ],1.00,1.00,1.00,1.40,26.78,18.89,0.00,0.00,0.00,0.00,0.00,0.00,0.00,0.00,0.00,0.00,0.00,0.00,0.00,0.00,0.00,0
4.61081,27,13,103,0,DRIVE [ 86 ] [ 1 ] [ 1017 1904 1903 ] [    0    0    0 ] [      0      0      0 ] [ 0 ],drive [ 86 ] [ 0 ] [ 1015 1904 1898 ] [   95    6   13 ] [  13992   6735   8642 ] [ 0 ],1.00,1.00,1.00,1.40,26.55,18.39,0.00,0.00,0.00,0.00,0.00,0.00,0.00,0.00,0.00,0.00,0.00,0.00,0.00,0.00,0.00,0
4.62324,26,13,102,0,DRIVE [ 87 ] [ 1 ] [ 1023 1904 1901 ] [    0    0    0 ] [      0      0      0 ] [ 0 ],drive [ 86 ] [ 0 ] [ 1017 1904 1903 ] [   95    6   13 ] [  13992   6735   8642 ] [ 0 ],1.00,1.00,1.00,1.40,26.21,17.92,0.00,0.00,0.00,0.00,0.00,0.00,0.00,0.00,0.00,0.00,0.00,0.00,0.00,0.00,0.00,0
4.63497,26,13,100,0,DRIVE [ 87 ] [ 1 ] [ 1027 1904 1900 ] [    0    0    0 ] [      0      0      0 ] [ 0 ],drive [ 87 ] [ 0 ] [ 1023 1904 1901 ] [   95    6   13 ] [  13992   6735   8642 ] [ 0 ],1.00,1.00,1.00,1.40,25.77,17.59,0.00,0.00,0.00,0.00,0.00,0.00,0.00,0.00,0.00,0.00,0.00,0.00,-0.00,-0.00,0.00,0
4.64593,25,12,99,0,DRIVE [ 88 ] [ 1 ] [ 1030 1904 1902 ] [    0    0    0 ] [      0      0      0 ] [ 0 ],drive [ 87 ] [ 0 ] [ 1027 1904 1900 ] [   95    6   13 ] [  14099   6554   8642 ] [ 0 ],1.00,1.00,1.00,1.40,25.26,17.37,0.00,0.00,0.00,0.00,0.00,0.00,0.00,0.00,0.00,0.00,0.00,0.00,-0.00,-0.00,0.00,0
4.65694,25,12,98,0,DRIVE [ 88 ] [ 1 ] [ 1033 1904 1904 ] [    0    0    0 ] [      0      0      0 ] [ 0 ],drive [ 88 ] [ 0 ] [ 1030 1904 1902 ] [  107   27   11 ] [  14099   6554   8642 ] [ 0 ],1.00,1.00,1.00,1.40,24.71,17.16,0.00,0.00,0.00,0.00,0.00,0.00,0.00,0.00,0.00,0.00,0.00,0.00,-0.00,-0.00,0.00,0
4.66774,24,12,97,0,DRIVE [ 89 ] [ 1 ] [ 1038 1905 1904 ] [    0    0    0 ] [      0      0      0 ] [ 0 ],drive [ 88 ] [ 0 ] [ 1033 1904 1904 ] [  107   27   11 ] [  14099   6554   8642 ] [ 0 ],1.00,1.00,1.00,1.40,24.13,16.94,0.00,0.00,0.00,0.00,0.00,0.00,0.00,0.00,0.00,0.00,0.00,0.00,-0.00,-0.00,0.00,0
4.6788,24,12,96,0,DRIVE [ 89 ] [ 1 ] [ 1048 1904 1904 ] [    0    0    0 ] [      0      0      0 ] [ 0 ],drive [ 89 ] [ 0 ] [ 1038 1905 1904 ] [  107   27   11 ] [  14099   6554   8642 ] [ 0 ],1.00,1.00,1.00,1.40,23.53,16.57,0.00,0.00,0.00,0.00,0.00,0.00,0.00,0.00,0.00,0.00,0.00,0.00,-0.00,-0.00,0.00,0
4.69124,23,11,94,0,DRIVE [ 90 ] [ 1 ] [ 1062 1904 1904 ] [    0    0    0 ] [      0      0      0 ] [ 0 ],drive [ 89 ] [ 0 ] [ 1048 1904 1904 ] [  107   27   11 ] [  14247   6481   8556 ] [ 0 ],1.00,1.00,1.00,1.40,23.00,15.97,0.00,0.00,0.00,0.00,0.00,0.00,0.00,0.00,0.00,0.00,0.00,0.00,-0.00,-0.00,0.00,0
4.70296,23,11,94,0,DRIVE [ 90 ] [ 1 ] [ 1082 1904 1899 ] [    0    0    0 ] [      0      0      0 ] [ 0 ],drive [ 90 ] [ 0 ] [ 1062 1904 1904 ] [  101   19    5 ] [  14247   6481   8556 ] [ 0 ],1.00,1.00,1.00,1.40,22.51,15.23,0.00,0.00,0.00,0.00,0.00,0.00,0.00,0.00,0.00,0.00,0.00,0.00,-0.00,-0.00,0.00,0
4.71335,22,10,93,0,DRIVE [ 91 ] [ 1 ] [ 1103 1904 1894 ] [    0    0    0 ] [      0      0      0 ] [ 0 ],drive [ 90 ] [ 0 ] [ 1082 1904 1899 ] [  101   19    5 ] [  14247   6481   8556 ] [ 0 ],1.00,1.00,1.00,1.40,22.00,14.47,0.00,0.00,0.00,0.00,0.00,0.00,0.00,0.00,0.00,0.00,0.00,0.00,-0.00,-0.00,0.00,0
4.72441,22,10,91,0,DRIVE [ 91 ] [ 1 ] [ 1122 1904 1890 ] [    0    0    0 ] [      0      0      0 ] [ 0 ],drive [ 91 ] [ 0 ] [ 1103 1904 1894 ] [  101   19    5 ] [  14247   6481   8556 ] [ 0 ],1.00,1.00,1.00,1.40,21.52,13.75,0.00,0.00,0.00,0.00,0.00,0.00,0.00,0.00,0.00,0.00,0.00,0.00,-0.00,-0.00,0.00,0
4.735,21,9,90,0,DRIVE [ 92 ] [ 1 ] [ 1137 1904 1886 ] [    0    0    0 ] [      0      0      0 ] [ 0 ],drive [ 91 ] [ 0 ] [ 1122 1904 1890 ] [  101   19    5 ] [  14247   6481   8556 ] [ 0 ],1.00,1.00,1.00,1.40,21.09,13.15,0.00,0.00,0.00,0.00,0.00,0.00,0.00,0.00,0.00,0.00,0.00,0.00,-0.00,-0.00,0.00,0
4.74706,21,9,89,0,DRIVE [ 92 ] [ 1 ] [ 1149 1904 1883 ] [    0    0    0 ] [      0      0      0 ] [ 0 ],drive [ 92 ] [ 0 ] [ 1137 1904 1886 ] [  101   19    5 ] [  14332   6480   8444 ] [ 0 ],1.00,1.00,1.00,1.40,20.70,12.66,0.00,0.00,0.00,0.00,0.00,0.00,0.00,0.00,0.00,0.00,0.00,0.00,-0.00,-0.00,0.00,0
4.75937,20,9,88,0,DRIVE [ 93 ] [ 1 ] [ 1161 1904 1880 ] [    0    0    0 ] [      0      0      0 ] [ 0 ],drive [ 92 ] [ 0 ] [ 1149 1904 1883 ] [   91    5   25 ] [  14332   6480   8444 ] [ 0 ],1.00,1.00,1.00,1.40,20.35,12.20,0.00,0.00,0.00,0.00,0.00,0.00,0.00,0.00,0.00,0.00,0.00,0.00,-0.00,-0.00,0.00,0
4.77016,20,8,87,0,DRIVE [ 93 ] [ 1 ] [ 1172 1904 1878 ] [    0    0    0 ] [      0      0      0 ] [ 0 ],drive [ 93 ] [ 0 ] [ 1161 1904 1880 ] [   91    5   25 ] [  14332   6480   8444 ] [ 0 ],1.00,1.00,1.00,1.40,19.94,11.75,0.00,0.00,0.00,0.00,0.00,0.00,0.00,0.00,0.00,0.00,0.00,0.00,-0.00,-0.00,0.00,0
4.78049,19,8,86,0,DRIVE [ 94 ] [ 1 ] [ 1185 1904 1877 ] [    0    0    0 ] [      0      0      0 ] [ 0 ],drive [ 93 ] [ 0 ] [ 1172 1904 1878 ] [   91    5   25 ] [  14332   6480   8444 ] [ 0 ],1.00,1.00,1.00,1.40,19.46,11.34,0.00,0.00,0.00,0.00,0.00,0.00,0.00,0.00,0.00,0.00,0.00,0.00,-0.00,-0.00,0.00,0
4.7914,19,8,85,0,DRIVE [ 94 ] [ 1 ] [ 1198 1904 1875 ] [    0    0    0 ] [      0      0      0 ] [ 0 ],drive [ 94 ] [ 0 ] [ 1185 1904 1877 ] [   91    5   25 ] [  14329   6400   8444 ] [ 0 ],1.00,1.00,1.00,1.40,18.97,10.91,0.00,0.00,0.00,0.00,0.00,0.00,0.00,0.00,0.00,0.00,0.00,0.00,-0.00,-0.00,0.00,0
4.80305,19,7,84,0,DRIVE [ 95 ] [ 1 ] [ 1212 1904 1873 ] [    0    0    0 ] [      0      0      0 ] [ 0 ],drive [ 94 ] [ 0 ] [ 1198 1904 1875 ] [   87   21   26 ] [  14329   6400   8444 ] [ 0 ],1.00,1.00,1.00,1.40,18.51,10.43,0.00,0.00,0.00,0.00,0.00,0.00,0.00,0.00,0.00,0.00,0.00,0.00,-0.00,-0.00,0.00,0
4.8147,18,7,83,0,DRIVE [ 95 ] [ 1 ] [ 1228 1904 1870 ] [    0    0    0 ] [      0      0      0 ] [ 0 ],drive [ 95 ] [ 0 ] [ 1212 1904 1873 ] [   87   21   26 ] [  14329   6400   8444 ] [ 0 ],1.00,1.00,1.00,1.40,18.09,9.93,0.00,0.00,0.00,0.00,0.00,0.00,0.00,0.00,0.00,0.00,0.00,0.00,-0.00,-0.00,0.00,0
4.82711,18,7,82,0,DRIVE [ 96 ] [ 1 ] [ 1244 1904 1866 ] [    0    0    0 ] [      0      0      0 ] [ 0 ],drive [ 95 ] [ 0 ] [ 1228 1904 1870 ] [   87   21   26 ] [  14329   6400   8444 ] [ 0 ],1.00,1.00,1.00,1.40,17.67,9.40,0.00,0.00,0.00,0.00,0.00,0.00,0.00,0.00,0.00,0.00,0.00,0.00,-0.00,-0.00,0.00,0
4.83785,17,6,81,0,DRIVE [ 96 ] [ 1 ] [ 1260 1904 1862 ] [    0    0    0 ] [      0      0      0 ] [ 0 ],drive [ 96 ] [ 0 ] [ 1244 1904 1866 ] [   87   21   26 ] [  14328   6399   8444 ] [ 0 ],1.00,1.00,1.00,1.40,17.27,8.86,0.00,0.00,0.00,0.00,0.00,0.00,0.00,0.00,0.00,0.00,0.00,0.00,-0.00,-0.00,0.00,0
4.84831,17,6,80,0,DRIVE [ 97 ] [ 1 ] [ 1276 1904 1858 ] [    0    0    0 ] [      0      0      0 ] [ 0 ],drive [ 96 ] [ 0 ] [ 1260 1904 1862 ] [   87   21   26 ] [  14328   6399   8444 ] [ 0 ],1.00,1.00,1.00,1.40,16.85,8.34,0.00,0.00,0.00,0.00,0.00,0.00,0.00,0.00,0.00,0.00,0.00,0.00,-0.00,-0.00,0.00,0
4.85921,16,6,79,0,DRIVE [ 97 ] [ 1 ] [ 1292 1904 1855 ] [    0    0    0 ] [      0      0      0 ] [ 0 ],drive [ 97 ] [ 0 ] [ 1276 1904 1858 ] [   82   21   27 ] [  14328   6399   8444 ] [ 0 ],1.00,1.00,1.00,1.40,16.45,7.84,0.00,0.00,0.00,0.00,0.00,0.00,0.00,0.00,0.00,0.00,0.00,0.00,-0.00,-0.00,0.00,0
4.87083,16,5,78,0,DRIVE [ 98 ] [ 1 ] [ 1308 1904 1852 ] [    0    0    0 ] [      0      0      0 ] [ 0 ],drive [ 97 ] [ 0 ] [ 1292 1904 1855 ] [   82   21   27 ] [  14328   6399   8444 ] [ 0 ],1.00,1.00,1.00,1.40,16.04,7.38,0.00,0.00,0.00,0.00,0.00,0.00,0.00,0.00,0.00,0.00,0.00,0.00,-0.00,-0.00,0.00,0
4.8827,16,5,77,0,DRIVE [ 98 ] [ 1 ] [ 1325 1904 1848 ] [    0    0    0 ] [      0      0      0 ] [ 0 ],drive [ 98 ] [ 0 ] [ 1308 1904 1852 ] [   82   21   27 ] [  14328   6399   8444 ] [ 0 ],1.00,1.00,1.00,1.40,15.63,6.89,0.00,0.00,0.00,0.00,0.00,0.00,0.00,0.00,0.00,0.00,0.00,0.00,-0.00,-0.00,0.00,0
4.89326,15,5,76,0,DRIVE [ 99 ] [ 1 ] [ 1341 1904 1844 ] [    0    0    0 ] [      0      0      0 ] [ 0 ],drive [ 98 ] [ 0 ] [ 1325 1904 1848 ] [   82   21   27 ] [  14303   6399   8444 ] [ 0 ],1.00,1.00,1.00,1.40,15.25,6.41,0.00,0.00,0.00,0.00,0.00,0.00,0.00,0.00,0.00,0.00,0.00,0.00,-0.00,-0.00,0.00,0
4.904,15,4,75,0,DRIVE [ 99 ] [ 1 ] [ 1357 1904 1841 ] [    0    0    0 ] [      0      0      0 ] [ 0 ],drive [ 99 ] [ 0 ] [ 1341 1904 1844 ] [   57   21   28 ] [  14303   6399   8444 ] [ 0 ],1.00,1.00,1.00,1.40,14.86,5.95,0.00,0.00,0.00,0.00,0.00,0.00,0.00,0.00,0.00,0.00,0.00,0.00,-0.00,-0.00,0.00,0
4.91472,14,4,74,0,DRIVE [ 00 ] [ 1 ] [ 1372 1904 1837 ] [    0    0    0 ] [      0      0      0 ] [ 0 ],drive [ 99 ] [ 0 ] [ 1357 1904 1841 ] [   57   21   28 ] [  14303   6399   8444 ] [ 0 ],1.00,1.00,1.00,1.40,14.48,5.50,0.00,0.00,0.00,0.00,0.00,0.00,0.00,0.00,0.00,0.00,0.00,0.00,-0.00,-0.00,0.00,0
4.92711,14,4,74,0,DRIVE [ 00 ] [ 1 ] [ 1388 1904 1833 ] [    0    0    0 ] [      0      0      0 ] [ 0 ],drive [ 00 ] [ 0 ] [ 1372 1904 1837 ] [   57   21   28 ] [  14303   6399   8444 ] [ 0 ],1.00,1.00,1.00,1.40,14.10,5.05,0.00,0.00,0.00,0.00,0.00,0.00,0.00,0.00,0.00,0.00,0.00,0.00,-0.00,-0.00,0.00,0
4.93935,14,3,73,0,DRIVE [ 01 ] [ 1 ] [ 1404 1904 1829 ] [    0    0    0 ] [      0      0      0 ] [ 0 ],drive [ 00 ] [ 0 ] [ 1388 1904 1833 ] [   57   21   28 ] [  14299   6398   8444 ] [ 0 ],1.00,1.00,1.00,1.40,13.74,4.61,0.00,0.00,0.00,0.00,0.00,0.00,0.00,0.00,0.00,0.00,0.00,0.00,-0.00,-0.00,0.00,0
4.95145,13,3,72,0,DRIVE [ 01 ] [ 1 ] [ 1420 1904 1825 ] [    0    0    0 ] [      0      0      0 ] [ 0 ],drive [ 01 ] [ 0 ] [ 1404 1904 1829 ] [   57   21   28 ] [  14299   6398   8444 ] [ 0 ],1.00,1.00,1.00,1.40,13.37,4.16,0.00,0.00,0.00,0.00,0.00,0.00,0.00,0.00,0.00,0.00,0.00,0.00,-0.00,-0.00,0.00,0
4.96196,13,3,71,0,DRIVE [ 02 ] [ 1 ] [ 1436 1904 1821 ] [    0    0    0 ] [      0      0      0 ] [ 0 ],drive [ 01 ] [ 0 ] [ 1420 1904 1825 ] [   51   21   31 ] [  14299   6398   8444 ] [ 0 ],1.00,1.00,1.00,1.40,13.00,3.73,0.00,0.00,0.00,0.00,0.00,0.00,0.00,0.00,0.00,0.00,0.00,0.00,-0.00,-0.00,0.00,0
4.97298,13,2,70,0,DRIVE [ 02 ] [ 1 ] [ 1451 1904 1817 ] [    0    0    0 ] [      0      0      0 ] [ 0 ],drive [ 02 ] [ 0 ] [ 1436 1904 1821 ] [   51   21   31 ] [  14299   6398   8444 ] [ 0 ],1.00,1.00,1.00,1.40,12.68,3.31,0.00,0.00,0.00,0.00,0.00,0.00,0.00,0.00,0.00,0.00,0.00,0.00,-0.00,-0.00,0.00,0
4.98391,12,2,69,0,DRIVE [ 03 ] [ 1 ] [ 1464 1904 1813 ] [    0    0    0 ] [      0      0      0 ] [ 0 ],drive [ 02 ] [ 0 ] [ 1451 1904 1817 ] [   51   21   31 ] [  14299   6398   8444 ] [ 0 ],1.00,1.00,1.00,1.40,12.37,2.95,0.00,0.00,0.00,0.00,0.00,0.00,0.00,0.00,0.00,0.00,0.00,0.00,-0.00,-0.00,0.00,0
4.99501,12,2,68,0,DRIVE [ 03 ] [ 1 ] [ 1473 1904 1810 ] [    0    0    0 ] [      0      0      0 ] [ 0 ],drive [ 03 ] [ 0 ] [ 1464 1904 1813 ] [   51   21   31 ] [  14278   6381   8444 ] [ 0 ],1.00,1.00,1.00,1.40,12.11,2.67,0.00,0.00,0.00,0.00,0.00,0.00,0.00,0.00,0.00,0.00,0.00,0.00,-0.00,-0.00,0.00,0
5.00707,12,2,67,0,DRIVE [ 04 ] [ 1 ] [ 1481 1904 1809 ] [    0    0    0 ] [      0      0      0 ] [ 0 ],drive [ 03 ] [ 0 ] [ 1473 1904 1810 ] [   58    5   33 ] [  14278   6381   8444 ] [ 0 ],1.00,1.00,1.00,1.40,11.84,2.48,0.00,0.00,0.00,0.00,0.00,0.00,0.00,0.00,0.00,0.00,0.00,0.00,-0.00,-0.00,0.00,0
5.01908,12,2,66,0,DRIVE [ 04 ] [ 1 ] [ 1486 1904 1808 ] [    0    0    0 ] [      0      0      0 ] [ 0 ],drive [ 04 ] [ 0 ] [ 1481 1904 1809 ] [   58    5   33 ] [  14278   6381   8444 ] [ 0 ],1.00,1.00,1.00,1.40,11.58,2.36,0.00,0.00,0.00,0.00,0.00,0.00,0.00,0.00,0.00,0.00,0.00,0.00,-0.00,-0.00,0.00,0
5.02922,11,2,65,0,DRIVE [ 05 ] [ 1 ] [ 1487 1904 1810 ] [    0    0    0 ] [      0      0      0 ] [ 0 ],drive [ 04 ] [ 0 ] [ 1486 1904 1808 ] [   58    5   33 ] [  14278   6381   8444 ] [ 0 ],1.00,1.00,1.00,1.40,11.35,2.38,0.00,0.00,0.00,0.00,0.00,0.00,0.00,0.00,0.00,0.00,0.00,0.00,-0.00,-0.00,0.00,0
5.04025,11,2,65,0,DRIVE [ 05 ] [ 1 ] [ 1483 1904 1813 ] [    0    0    0 ] [      0      0      0 ] [ 0 ],drive [ 05 ] [ 0 ] [ 1487 1904 1810 ] [   58    5   33 ] [  14130   6279   8453 ] [ 0 ],1.00,1.00,1.00,1.40,11.16,2.49,0.00,0.00,0.00,0.00,0.00,0.00,0.00,0.00,0.00,0.00,0.00,0.00,-0.00,-0.00,0.00,0
5.05114,11,2,64,0,DRIVE [ 06 ] [ 1 ] [ 1476 1904 1816 ] [    0    0    0 ] [      0      0      0 ] [ 0 ],drive [ 05 ] [ 0 ] [ 1483 1904 1813 ] [   58    5   33 ] [  14130   6279   8453 ] [ 0 ],1.00,1.00,1.00,1.40,11.06,2.63,0.00,0.00,0.00,0.00,0.00,0.00,0.00,0.00,0.00,0.00,0.00,0.00,-0.00,-0.00,0.00,0
5.06295,11,2,63,0,DRIVE [ 06 ] [ 1 ] [ 1464 1904 1818 ] [    0    0    0 ] [      0      0      0 ] [ 0 ],drive [ 06 ] [ 0 ] [ 1476 1904 1816 ] [   40   25   30 ] [  14130   6279   8453 ] [ 0 ],1.00,1.00,1.00,1.40,11.04,2.84,0.00,0.00,0.00,0.00,0.00,0.00,0.00,0.00,0.00,0.00,0.00,0.00,-0.00,-0.00,0.00,0
5.07527,11,2,62,0,DRIVE [ 07 ] [ 1 ] [ 1448 1904 1821 ] [    0    0    0 ] [      0      0      0 ] [ 0 ],drive [ 06 ] [ 0 ] [ 1464 1904 1818 ] [   40   25   30 ] [  14130   6279   8453 ] [ 0 ],1.00,1.00,1.00,1.40,11.10,3.09,0.00,0.00,0.00,0.00,0.00,0.00,0.00,0.00,0.00,0.00,0.00,0.00,-0.00,-0.00,0.00,0
5.08556,11,2,61,0,DRIVE [ 07 ] [ 1 ] [ 1428 1904 1824 ] [    0    0    0 ] [      0      0      0 ] [ 0 ],drive [ 07 ] [ 0 ] [ 1448 1904 1821 ] [   40   25   30 ] [  14130   6279   8453 ] [ 0 ],1.00,1.00,1.00,1.40,11.22,3.38,0.00,0.00,0.00,0.00,0.00,0.00,0.00,0.00,0.00,0.00,0.00,0.00,-0.00,-0.00,0.00,0
5.09571,11,3,60,0,DRIVE [ 08 ] [ 1 ] [ 1405 1904 1827 ] [    0    0    0 ] [      0      0      0 ] [ 0 ],drive [ 07 ] [ 0 ] [ 1428 1904 1824 ] [   40   25   30 ] [  14028   6279   8453 ] [ 0 ],1.00,1.00,1.00,1.40,11.37,3.72,0.00,0.00,0.00,0.00,0.00,0.00,0.00,0.00,0.00,0.00,0.00,0.00,-0.00,-0.00,0.00,0
5.10687,12,3,59,0,DRIVE [ 08 ] [ 1 ] [ 1379 1904 1832 ] [    0    0    0 ] [      0      0      0 ] [ 0 ],drive [ 08 ] [ 0 ] [ 1405 1904 1827 ] [   57   26   29 ] [  14028   6279   8453 ] [ 0 ],1.00,1.00,1.00,1.40,11.51,4.12,0.00,0.00,0.00,0.00,0.00,0.00,0.00,0.00,0.00,0.00,0.00,0.00,-0.00,-0.00,0.00,0
5.11903,12,3,58,0,DRIVE [ 09 ] [ 1 ] [ 1351 1904 1838 ] [    0    0    0 ] [      0      0      0 ] [ 0 ],drive [ 08 ] [ 0 ] [ 1379 1904 1832 ] [   57   26   29 ] [  14028   6279   8453 ] [ 0 ],1.00,1.00,1.00,1.40,11.63,4.56,0.00,0.00,0.00,0.00,0.00,0.00,0.00,0.00,0.00,0.00,0.00,0.00,-0.00,-0.00,0.00,0
5.13064,12,4,57,1,DRIVE [ 09 ] [ 1 ] [ 1323 1904 1843 ] [    0    0    0 ] [      0      0      0 ] [ 0 ],drive [ 09 ] [ 0 ] [ 1351 1904 1838 ] [   57   26   29 ] [  14028   6279   8453 ] [ 0 ],1.00,1.00,1.00,1.40,11.74,4.99,0.00,0.00,0.00,0.00,0.00,0.00,0.00,0.00,0.00,0.00,0.00,0.00,-0.00,-0.00,0.00,0
