timestamp,Xmm,Ymm,Zmm,TouchDetected,OutgoingPacket,IncomingPacket,GainPropAb, GainPropAd, GainPropFl, GainPropEx,PropA, PropB, PropC,GainIntegAb, GainIntegAd, GainIntegFl, GainIntegEx,IntegA, IntegB, IntegC,GainDerivAb, GainDerivAd, GainDerivFl, GainDerivEx,DerivA, DerivB, DerivC,Heading5
0.00610043,17,48,390,0,DRIVE [ 65 ] [ 1 ] [ 1668 1741 1916 ] [    0    0    0 ] [      0      0      0 ] [ 0 ],drive [ 65 ] [ 0 ] [ 1675 1735 1916 ] [   37   18    6 ] [   6297  21595   2121 ] [ 0 ],1.00,1.00,1.00,1.00,16.94,48.01,0.00,0.00,0.00,0.00,0.00,0.00,0.00,0.00,0.00,0.00,0.00,0.00,0.00,0.00,0.00,0
0.0203786,17,48,391,0,DRIVE [ 66 ] [ 1 ] [ 1670 1741 1916 ] [    0    0    0 ] [      0      0      0 ] [ 0 ],drive [ 65 ] [ 0 ] [ 1668 1741 1916 ] [   37   18    6 ] [   6297  21595   2121 ] [ 0 ],1.00,1.00,1.00,1.00,16.72,48.10,0.00,0.00,0.00,0.00,0.00,0.00,0.00,0.00,0.00,0.00,0.00,0.00,0.00,0.00,0.00,0
0.0332114,17,48,390,0,DRIVE [ 66 ] [ 1 ] [ 1671 1741 1916 ] [    0    0    0 ] [      0      0      0 ] [ 0 ],drive [ 66 ] [ 0 ] [ 1670 1741 1916 ] [   37   18    6 ] [   6297  21595   2120 ] [ 0 ],1.00,1.00,1.00,1.00,16.55,47.81,0.00,0.00,0.00,0.00,0.00,0.00,0.00,0.00,0.00,0.00,0.00,0.00,-0.00,-0.00,0.00,0
0.0464026,17,48,390,0,DRIVE [ 67 ] [ 1 ] [ 1670 1742 1916 ] [    0    0    0 ] [      0      0      0 ] [ 0 ],drive [ 66 ] [ 0 ] [ 1671 1741 1916 ] [   39   16    8 ] [   6297  21595   2120 ] [ 0 ],1.00,1.00,1.00,1.00,16.72,47.76,0.00,0.00,0.00,0.00,0.00,0.00,0.00,0.00,0.00,0.00,0.00,0.00,-0.00,-0.00,0.00,0
0.0592776,17,48,391,0,DRIVE [ 67 ] [ 1 ] [ 1670 1743 1916 ] [    0    0    0 ] [      0      0      0 ] [ 0 ],drive [ 67 ] [ 0 ] [ 1670 1742 1916 ] [   39   16    8 ] [   6297  21595   2120 ] [ 0 ],1.00,1.00,1.00,1.00,16.88,47.60,0.00,0.00,0.00,0.00,0.00,0.00,0.00,0.00,0.00,0.00,0.00,0.00,-0.00,-0.00,0.00,0
0.0723386,17,47,389,0,DRIVE [ 68 ] [ 1 ] [ 1670 1743 1916 ] [    0    0    0 ] [      0      0      0 ] [ 0 ],drive [ 67 ] [ 0 ] [ 1670 1743 1916 ] [   39   16    8 ] [   6297  21595   2120 ] [ 0 ],1.00,1.00,1.00,1.00,16.89,47.27,0.00,0.00,0.00,0.00,0.00,0.00,0.00,0.00,0.00,0.00,0.00,0.00,-0.00,-0.00,0.00,0
0.085256,17,47,390,0,DRIVE [ 68 ] [ 1 ] [ 1671 1744 1916 ] [    0    0    0 ] [      0      0      0 ] [ 0 ],drive [ 68 ] [ 0 ] [ 1670 1743 1916 ] [   39   16    8 ] [   6297  21595   2120 ] [ 0 ],1.00,1.00,1.00,1.00,16.88,47.22,0.00,0.00,0.00,0.00,0.00,0.00,0.00,0.00,0.00,0.00,0.00,0.00,-0.00,-0.00,0.00,0
0.0984824,17,47,390,0,DRIVE [ 69 ] [ 1 ] [ 1672 1744 1916 ] [    0    0    0 ] [      0      0      0 ] [ 0 ],drive [ 68 ] [ 0 ] [ 1671 1744 1916 ] [   38   18    6 ] [   6297  21595   2120 ] [ 0 ],1.00,1.00,1.00,1.00,16.75,46.98,0.00,0.00,0.00,0.00,0.00,0.00,0.00,0.00,0.00,0.00,0.00,0.00,-0.00,-0.00,0.00,0
0.111505,17,47,389,0,DRIVE [ 69 ] [ 1 ] [ 1673 1744 1916 ] [    0    0    0 ] [      0      0      0 ] [ 0 ],drive [ 69 ] [ 0 ] [ 1672 1744 1916 ] [   38   18    6 ] [   6297  21595   2120 ] [ 0 ],1.00,1.00,1.00,1.00,16.63,46.87,0.00,0.00,0.00,0.00,0.00,0.00,0.00,0.00,0.00,0.00,0.00,0.00,-0.00,-0.00,0.00,0
0.124021,17,47,389,0,DRIVE [ 70 ] [ 1 ] [ 1698 1756 1916 ] [    0    0    0 ] [      0      0      0 ] [ 0 ],drive [ 69 ] [ 0 ] [ 1673 1744 1916 ] [   38   18    6 ] [   6297  21595   2120 ] [ 0 ],1.00,1.00,1.00,1.00,14.97,42.19,0.00,0.00,0.00,0.00,0.00,0.00,0.00,0.00,0.00,0.00,0.00,0.00,-0.00,-0.00,0.00,0
0.137353,25,-124,351,0,DRIVE [ 70 ] [ 1 ] [ 1832 1756 1006 ] [    0    0    0 ] [      0      0      0 ] [ 0 ],drive [ 70 ] [ 0 ] [ 1698 1756 1916 ] [   38   18    6 ] [   6297  21595   2120 ] [ 0 ],1.00,1.00,1.00,1.00,25.37,-123.92,0.00,0.00,0.00,0.00,0.00,0.00,0.00,0.00,0.00,0.00,0.00,0.00,0.00,0.00,0.00,0
0.150515,25,-122,346,0,DRIVE [ 71 ] [ 1 ] [ 1834 1756 1007 ] [    0    0    0 ] [      0      0      0 ] [ 0 ],drive [ 70 ] [ 0 ] [ 1832 1756 1006 ] [   38   16    6 ] [   6297  21595   2120 ] [ 0 ],1.00,1.00,1.00,1.00,24.55,-121.83,0.00,0.00,0.00,0.00,0.00,0.00,0.00,0.00,0.00,0.00,0.00,0.00,0.00,0.00,0.00,0
0.163433,25,-122,348,0,DRIVE [ 71 ] [ 1 ] [ 1833 1756 1007 ] [    0    0    0 ] [      0      0      0 ] [ 0 ],drive [ 71 ] [ 0 ] [ 1834 1756 1007 ] [   38   16    6 ] [   6297  21595   2120 ] [ 0 ],1.00,1.00,1.00,1.00,24.95,-122.41,0.00,0.00,0.00,0.00,0.00,0.00,0.00,0.00,0.00,0.00,0.00,0.00,0.00,0.00,0.00,0
0.176494,25,-123,349,0,DRIVE [ 72 ] [ 1 ] [ 1833 1756 1008 ] [    0    0    0 ] [      0      0      0 ] [ 0 ],drive [ 71 ] [ 0 ] [ 1833 1756 1007 ] [   38   16    6 ] [   6297  21595   2120 ] [ 0 ],1.00,1.00,1.00,1.00,24.99,-122.80,0.00,0.00,0.00,0.00,0.00,0.00,0.00,0.00,0.00,0.00,0.00,0.00,0.00,0.00,0.00,0
0.189112,25,-122,349,0,DRIVE [ 72 ] [ 1 ] [ 1833 1756 1009 ] [    0    0    0 ] [      0      0      0 ] [ 0 ],drive [ 72 ] [ 0 ] [ 1833 1756 1008 ] [   38   16    6 ] [   6120  21595   2764 ] [ 0 ],1.00,1.00,1.00,1.00,24.82,-122.49,0.00,0.00,0.00,0.00,0.00,0.00,0.00,0.00,0.00,0.00,0.00,0.00,-0.00,0.00,0.00,0
0.202201,25,-123,351,0,DRIVE [ 73 ] [ 1 ] [ 1834 1756 1010 ] [    0    0    0 ] [      0      0      0 ] [ 0 ],drive [ 72 ] [ 0 ] [ 1833 1756 1009 ] [   23   14   95 ] [   6120  21595   2764 ] [ 0 ],1.00,1.00,1.00,1.00,24.91,-123.13,0.00,0.00,0.00,0.00,0.00,0.00,0.00,0.00,0.00,0.00,0.00,0.00,0.00,0.00,0.00,0
0.213512,25,-123,351,0,DRIVE [ 73 ] [ 1 ] [ 1842 1756 1095 ] [    0    0    0 ] [      0      0      0 ] [ 0 ],drive [ 73 ] [ 0 ] [ 1834 1756 1010 ] [   23   14   95 ] [   6120  21595   2764 ] [ 0 ],1.00,1.00,1.00,1.00,22.42,-110.82,0.00,0.00,0.00,0.00,0.00,0.00,0.00,0.00,0.00,0.00,0.00,0.00,0.00,0.00,0.00,0
0.224872,25,-123,351,0,DRIVE [ 74 ] [ 1 ] [ 1850 1756 1174 ] [    0    0    0 ] [      0      0      0 ] [ 0 ],drive [ 73 ] [ 0 ] [ 1842 1756 1095 ] [   23   14   95 ] [   6120  21595   2764 ] [ 0 ],1.00,1.00,1.00,1.00,20.17,-99.73,0.00,0.00,0.00,0.00,0.00,0.00,0.00,0.00,0.00,0.00,0.00,0.00,0.00,0.00,0.00,0
0.235629,25,-123,351,0,DRIVE [ 74 ] [ 1 ] [ 1857 1756 1246 ] [    0    0    0 ] [      0      0      0 ] [ 0 ],drive [ 74 ] [ 0 ] [ 1850 1756 1174 ] [   23   14   95 ] [   4960  21587   4046 ] [ 0 ],1.00,1.00,1.00,1.00,18.16,-89.76,0.00,0.00,0.00,0.00,0.00,0.00,0.00,0.00,0.00,0.00,0.00,0.00,0.00,0.00,0.00,0
0.24699,25,-123,351,0,DRIVE [ 75 ] [ 1 ] [ 1864 1756 1311 ] [    0    0    0 ] [      0      0      0 ] [ 0 ],drive [ 74 ] [ 0 ] [ 1857 1756 1246 ] [   24   15   89 ] [   4960  21587   4046 ] [ 0 ],1.00,1.00,1.00,1.00,16.34,-80.79,0.00,0.00,0.00,0.00,0.00,0.00,0.00,0.00,0.00,0.00,0.00,0.00,0.00,0.00,0.00,0
0.258104,25,-123,351,0,DRIVE [ 75 ] [ 1 ] [ 1870 1756 1371 ] [    0    0    0 ] [      0      0      0 ] [ 0 ],drive [ 75 ] [ 0 ] [ 1864 1756 1311 ] [   24   15   89 ] [   4960  21587   4046 ] [ 0 ],1.00,1.00,1.00,1.00,14.71,-72.71,0.00,0.00,0.00,0.00,0.00,0.00,0.00,0.00,0.00,0.00,0.00,0.00,0.00,0.00,0.00,0
0.26985,25,-123,351,0,DRIVE [ 76 ] [ 1 ] [ 1875 1756 1425 ] [    0    0    0 ] [      0      0      0 ] [ 0 ],drive [ 75 ] [ 0 ] [ 1870 1756 1371 ] [   24   15   89 ] [   4960  21587   4046 ] [ 0 ],1.00,1.00,1.00,1.00,13.24,-65.44,0.00,0.00,0.00,0.00,0.00,0.00,0.00,0.00,0.00,0.00,0.00,0.00,0.00,0.00,0.00,0
0.281976,28,-104,352,0,DRIVE [ 76 ] [ 1 ] [ 1820 1756 1158 ] [    0    0    0 ] [      0      0      0 ] [ 0 ],drive [ 76 ] [ 0 ] [ 1875 1756 1425 ] [   24   15   89 ] [   4771  21585   4017 ] [ 0 ],1.00,1.00,1.00,1.00,28.16,-104.14,0.00,0.00,0.00,0.00,0.00,0.00,0.00,0.00,0.00,0.00,0.00,0.00,-0.00,0.00,0.00,0
0.294238,31,-92,354,0,DRIVE [ 77 ] [ 1 ] [ 1807 1756 1261 ] [    0    0    0 ] [      0      0      0 ] [ 0 ],drive [ 76 ] [ 0 ] [ 1820 1756 1158 ] [   14   14   53 ] [   4771  21585   4017 ] [ 0 ],1.00,1.00,1.00,1.00,31.30,-91.54,0.00,0.00,0.00,0.00,0.00,0.00,0.00,0.00,0.00,0.00,0.00,0.00,-0.00,0.00,0.00,0
0.306274,34,-83,354,0,DRIVE [ 77 ] [ 1 ] [ 1796 1756 1331 ] [    0    0    0 ] [      0      0      0 ] [ 0 ],drive [ 77 ] [ 0 ] [ 1807 1756 1261 ] [   14   14   53 ] [   4771  21585   4017 ] [ 0 ],1.00,1.00,1.00,1.00,33.92,-82.55,0.00,0.00,0.00,0.00,0.00,0.00,0.00,0.00,0.00,0.00,0.00,0.00,-0.00,0.00,0.00,0
0.318866,36,-76,354,0,DRIVE [ 78 ] [ 1 ] [ 1786 1756 1382 ] [    0    0    0 ] [      0      0      0 ] [ 0 ],drive [ 77 ] [ 0 ] [ 1796 1756 1331 ] [   14   14   53 ] [   4771  21585   4017 ] [ 0 ],1.00,1.00,1.00,1.00,36.27,-75.94,0.00,0.00,0.00,0.00,0.00,0.00,0.00,0.00,0.00,0.00,0.00,0.00,-0.00,0.00,0.00,0
0.331219,39,-71,356,0,DRIVE [ 78 ] [ 1 ] [ 1776 1756 1417 ] [    0    0    0 ] [      0      0      0 ] [ 0 ],drive [ 78 ] [ 0 ] [ 1786 1756 1382 ] [   14   14   53 ] [   4772  21586   3962 ] [ 0 ],1.00,1.00,1.00,1.00,38.57,-71.39,0.00,0.00,0.00,0.00,0.00,0.00,0.00,0.00,0.00,0.00,0.00,0.00,-0.00,0.00,0.00,0
0.343914,41,-68,356,0,DRIVE [ 79 ] [ 1 ] [ 1768 1756 1441 ] [    0    0    0 ] [      0      0      0 ] [ 0 ],drive [ 78 ] [ 0 ] [ 1776 1756 1417 ] [   14   14   53 ] [   4772  21586   3962 ] [ 0 ],1.00,1.00,1.00,1.00,40.60,-68.26,0.00,0.00,0.00,0.00,0.00,0.00,0.00,0.00,0.00,0.00,0.00,0.00,-0.00,0.00,0.00,0
0.355268,41,-68,356,0,DRIVE [ 79 ] [ 1 ] [ 1783 1756 1488 ] [    0    0    0 ] [      0      0      0 ] [ 0 ],drive [ 79 ] [ 0 ] [ 1768 1756 1441 ] [   25   14   48 ] [   4772  21586   3962 ] [ 0 ],1.00,1.00,1.00,1.00,36.54,-61.43,0.00,0.00,0.00,0.00,0.00,0.00,0.00,0.00,0.00,0.00,0.00,0.00,-0.00,0.00,0.00,0
0.367957,43,-64,354,0,DRIVE [ 80 ] [ 1 ] [ 1757 1756 1468 ] [    0    0    0 ] [      0      0      0 ] [ 0 ],drive [ 79 ] [ 0 ] [ 1783 1756 1488 ] [   25   14   48 ] [   4772  21586   3962 ] [ 0 ],1.00,1.00,1.00,1.00,42.65,-64.01,0.00,0.00,0.00,0.00,0.00,0.00,0.00,0.00,0.00,0.00,0.00,0.00,-0.00,0.00,0.00,0
0.380343,45,-61,353,0,DRIVE [ 80 ] [ 1 ] [ 1747 1756 1487 ] [    0    0    0 ] [      0      0      0 ] [ 0 ],drive [ 80 ] [ 0 ] [ 1757 1756 1468 ] [   25   14   48 ] [   4772  21586   3930 ] [ 0 ],1.00,1.00,1.00,1.00,44.60,-60.77,0.00,0.00,0.00,0.00,0.00,0.00,0.00,0.00,0.00,0.00,0.00,0.00,-0.00,0.00,0.00,0
0.392509,47,-59,353,0,DRIVE [ 81 ] [ 1 ] [ 1737 1756 1502 ] [    0    0    0 ] [      0      0      0 ] [ 0 ],drive [ 80 ] [ 0 ] [ 1747 1756 1487 ] [   25   14   48 ] [   4772  21586   3930 ] [ 0 ],1.00,1.00,1.00,1.00,46.64,-58.51,0.00,0.00,0.00,0.00,0.00,0.00,0.00,0.00,0.00,0.00,0.00,0.00,-0.00,0.00,0.00,0
0.405167,49,-57,355,0,DRIVE [ 81 ] [ 1 ] [ 1727 1756 1514 ] [    0    0    0 ] [      0      0      0 ] [ 0 ],drive [ 81 ] [ 0 ] [ 1737 1756 1502 ] [   27   13   58 ] [   4772  21586   3930 ] [ 0 ],1.00,1.00,1.00,1.00,48.85,-56.77,0.00,0.00,0.00,0.00,0.00,0.00,0.00,0.00,0.00,0.00,0.00,0.00,-0.00,0.00,0.00,0
0.417761,51,-55,355,0,DRIVE [ 82 ] [ 1 ] [ 1717 1756 1523 ] [    0    0    0 ] [      0      0      0 ] [ 0 ],drive [ 81 ] [ 0 ] [ 1727 1756 1514 ] [   27   13   58 ] [   4772  21586   3930 ] [ 0 ],1.00,1.00,1.00,1.00,50.76,-55.12,0.00,0.00,0.00,0.00,0.00,0.00,0.00,0.00,0.00,0.00,0.00,0.00,-0.00,0.00,0.00,0
0.430436,53,-54,354,0,DRIVE [ 82 ] [ 1 ] [ 1708 1756 1531 ] [    0    0    0 ] [      0      0      0 ] [ 0 ],drive [ 82 ] [ 0 ] [ 1717 1756 1523 ] [   27   13   58 ] [   4775  21586   3916 ] [ 0 ],1.00,1.00,1.00,1.00,52.59,-53.58,0.00,0.00,0.00,0.00,0.00,0.00,0.00,0.00,0.00,0.00,0.00,0.00,-0.00,0.00,0.00,0
0.442899,54,-52,355,0,DRIVE [ 83 ] [ 1 ] [ 1699 1756 1537 ] [    0    0    0 ] [      0      0      0 ] [ 0 ],drive [ 82 ] [ 0 ] [ 1708 1756 1531 ] [   27   13   58 ] [   4775  21586   3916 ] [ 0 ],1.00,1.00,1.00,1.00,54.49,-52.44,0.00,0.00,0.00,0.00,0.00,0.00,0.00,0.00,0.00,0.00,0.00,0.00,-0.00,0.00,0.00,0
0.454951,56,-51,355,0,DRIVE [ 83 ] [ 1 ] [ 1690 1756 1544 ] [    0    0    0 ] [      0      0      0 ] [ 0 ],drive [ 83 ] [ 0 ] [ 1699 1756 1537 ] [   34   15   52 ] [   4775  21586   3916 ] [ 0 ],1.00,1.00,1.00,1.00,56.22,-51.07,0.00,0.00,0.00,0.00,0.00,0.00,0.00,0.00,0.00,0.00,0.00,0.00,-0.00,0.00,0.00,0
0.467724,58,-49,353,0,DRIVE [ 84 ] [ 1 ] [ 1680 1756 1549 ] [    0    0    0 ] [      0      0      0 ] [ 0 ],drive [ 83 ] [ 0 ] [ 1690 1756 1544 ] [   34   15   52 ] [   4775  21586   3916 ] [ 0 ],1.00,1.00,1.00,1.00,57.61,-49.48,0.00,0.00,0.00,0.00,0.00,0.00,0.00,0.00,0.00,0.00,0.00,0.00,-0.00,0.00,0.00,0
0.480273,58,-49,353,0,DRIVE [ 84 ] [ 1 ] [ 1704 1756 1586 ] [    0    0    0 ] [      0      0      0 ] [ 0 ],drive [ 84 ] [ 0 ] [ 1680 1756 1549 ] [   34   15   52 ] [   4790  21585   3914 ] [ 0 ],1.00,1.00,1.00,1.00,51.85,-44.54,0.00,0.00,0.00,0.00,0.00,0.00,0.00,0.00,0.00,0.00,0.00,0.00,-0.00,0.00,0.00,0
0.492908,60,-47,353,0,DRIVE [ 85 ] [ 1 ] [ 1665 1756 1561 ] [    0    0    0 ] [      0      0      0 ] [ 0 ],drive [ 84 ] [ 0 ] [ 1704 1756 1586 ] [   34   15   52 ] [   4790  21585   3914 ] [ 0 ],1.00,1.00,1.00,1.00,60.16,-46.90,0.00,0.00,0.00,0.00,0.00,0.00,0.00,0.00,0.00,0.00,0.00,0.00,-0.00,0.00,0.00,0
0.50466,60,-47,353,0,DRIVE [ 85 ] [ 1 ] [ 1691 1756 1597 ] [    0    0    0 ] [      0      0      0 ] [ 0 ],drive [ 85 ] [ 0 ] [ 1665 1756 1561 ] [   40   14   53 ] [   4790  21585   3914 ] [ 0 ],1.00,1.00,1.00,1.00,54.14,-42.21,0.00,0.00,0.00,0.00,0.00,0.00,0.00,0.00,0.00,0.00,0.00,0.00,-0.00,0.00,0.00,0
0.517217,63,-44,354,0,DRIVE [ 86 ] [ 1 ] [ 1648 1756 1573 ] [    0    0    0 ] [      0      0      0 ] [ 0 ],drive [ 85 ] [ 0 ] [ 1691 1756 1597 ] [   40   14   53 ] [   4790  21585   3914 ] [ 0 ],1.00,1.00,1.00,1.00,63.31,-44.17,0.00,0.00,0.00,0.00,0.00,0.00,0.00,0.00,0.00,0.00,0.00,0.00,0.00,0.00,0.00,0
0.529995,66,-42,353,0,DRIVE [ 86 ] [ 1 ] [ 1631 1756 1583 ] [    0    0    0 ] [      0      0      0 ] [ 0 ],drive [ 86 ] [ 0 ] [ 1648 1756 1573 ] [   40   14   53 ] [   4869  21585   3814 ] [ 0 ],1.00,1.00,1.00,1.00,65.93,-41.59,0.00,0.00,0.00,0.00,0.00,0.00,0.00,0.00,0.00,0.00,0.00,0.00,0.00,0.00,0.00,0
0.542831,68,-39,352,0,DRIVE [ 87 ] [ 1 ] [ 1616 1756 1591 ] [    0    0    0 ] [      0      0      0 ] [ 0 ],drive [ 86 ] [ 0 ] [ 1631 1756 1583 ] [   40   14   53 ] [   4869  21585   3814 ] [ 0 ],1.00,1.00,1.00,1.00,68.11,-39.21,0.00,0.00,0.00,0.00,0.00,0.00,0.00,0.00,0.00,0.00,0.00,0.00,0.00,0.00,0.00,0
0.554686,71,-37,355,0,DRIVE [ 87 ] [ 1 ] [ 1601 1756 1599 ] [    0    0    0 ] [      0      0      0 ] [ 0 ],drive [ 87 ] [ 0 ] [ 1616 1756 1591 ] [   24   14   42 ] [   4869  21585   3814 ] [ 0 ],1.00,1.00,1.00,1.00,70.96,-37.29,0.00,0.00,0.00,0.00,0.00,0.00,0.00,0.00,0.00,0.00,0.00,0.00,0.00,0.00,0.00,0
0.566675,71,-37,355,0,DRIVE [ 88 ] [ 1 ] [ 1633 1756 1630 ] [    0    0    0 ] [      0      0      0 ] [ 0 ],drive [ 87 ] [ 0 ] [ 1601 1756 1599 ] [   24   14   42 ] [   4869  21585   3814 ] [ 0 ],1.00,1.00,1.00,1.00,63.86,-33.56,0.00,0.00,0.00,0.00,0.00,0.00,0.00,0.00,0.00,0.00,0.00,0.00,0.00,0.00,0.00,0
0.578767,71,-37,355,0,DRIVE [ 88 ] [ 1 ] [ 1661 1756 1659 ] [    0    0    0 ] [      0      0      0 ] [ 0 ],drive [ 88 ] [ 0 ] [ 1633 1756 1630 ] [   24   14   42 ] [   4893  21584   3815 ] [ 0 ],1.00,1.00,1.00,1.00,57.48,-30.20,0.00,0.00,0.00,0.00,0.00,0.00,0.00,0.00,0.00,0.00,0.00,0.00,0.00,0.00,0.00,0
0.590295,71,-37,355,0,DRIVE [ 89 ] [ 1 ] [ 1687 1756 1685 ] [    0    0    0 ] [      0      0      0 ] [ 0 ],drive [ 88 ] [ 0 ] [ 1661 1756 1659 ] [   24   14   42 ] [   4893  21584   3815 ] [ 0 ],1.00,1.00,1.00,1.00,51.73,-27.18,0.00,0.00,0.00,0.00,0.00,0.00,0.00,0.00,0.00,0.00,0.00,0.00,0.00,0.00,0.00,0
0.602181,71,-37,355,0,DRIVE [ 89 ] [ 1 ] [ 1711 1756 1709 ] [    0    0    0 ] [      0      0      0 ] [ 0 ],drive [ 89 ] [ 0 ] [ 1687 1756 1685 ] [   39   15   38 ] [   4893  21584   3815 ] [ 0 ],1.00,1.00,1.00,1.00,46.56,-24.46,0.00,0.00,0.00,0.00,0.00,0.00,0.00,0.00,0.00,0.00,0.00,0.00,0.00,0.00,0.00,0
0.61417,71,-37,355,0,DRIVE [ 90 ] [ 1 ] [ 1732 1756 1730 ] [    0    0    0 ] [      0      0      0 ] [ 0 ],drive [ 89 ] [ 0 ] [ 1711 1756 1709 ] [   39   15   38 ] [   4893  21584   3815 ] [ 0 ],1.00,1.00,1.00,1.00,41.90,-22.02,0.00,0.00,0.00,0.00,0.00,0.00,0.00,0.00,0.00,0.00,0.00,0.00,0.00,0.00,0.00,0
0.625868,71,-37,355,0,DRIVE [ 90 ] [ 1 ] [ 1751 1756 1750 ] [    0    0    0 ] [      0      0      0 ] [ 0 ],drive [ 90 ] [ 0 ] [ 1732 1756 1730 ] [   39   15   38 ] [   4893  21584   3815 ] [ 0 ],1.00,1.00,1.00,1.00,37.71,-19.81,0.00,0.00,0.00,0.00,0.00,0.00,0.00,0.00,0.00,0.00,0.00,0.00,0.00,0.00,0.00,0
0.637354,71,-37,355,0,DRIVE [ 91 ] [ 1 ] [ 1768 1756 1767 ] [    0    0    0 ] [      0      0      0 ] [ 0 ],drive [ 90 ] [ 0 ] [ 1751 1756 1750 ] [   39   15   38 ] [   4960  21583   3700 ] [ 0 ],1.00,1.00,1.00,1.00,33.94,-17.83,0.00,0.00,0.00,0.00,0.00,0.00,0.00,0.00,0.00,0.00,0.00,0.00,0.00,0.00,0.00,0
0.649177,71,-37,355,0,DRIVE [ 91 ] [ 1 ] [ 1784 1756 1783 ] [    0    0    0 ] [      0      0      0 ] [ 0 ],drive [ 91 ] [ 0 ] [ 1768 1756 1767 ] [   22   15   34 ] [   4960  21583   3700 ] [ 0 ],1.00,1.00,1.00,1.00,30.55,-16.05,0.00,0.00,0.00,0.00,0.00,0.00,0.00,0.00,0.00,0.00,0.00,0.00,0.00,0.00,0.00,0
0.662356,71,-37,355,0,DRIVE [ 92 ] [ 1 ] [ 1798 1756 1797 ] [    0    0    0 ] [      0      0      0 ] [ 0 ],drive [ 91 ] [ 0 ] [ 1784 1756 1783 ] [   22   15   34 ] [   4960  21583   3700 ] [ 0 ],1.00,1.00,1.00,1.00,27.49,-14.45,0.00,0.00,0.00,0.00,0.00,0.00,0.00,0.00,0.00,0.00,0.00,0.00,0.00,0.00,0.00,0
0.673943,71,-37,355,0,DRIVE [ 92 ] [ 1 ] [ 1811 1756 1810 ] [    0    0    0 ] [      0      0      0 ] [ 0 ],drive [ 92 ] [ 0 ] [ 1798 1756 1797 ] [   22   15   34 ] [   4960  21583   3700 ] [ 0 ],1.00,1.00,1.00,1.00,24.74,-13.00,0.00,0.00,0.00,0.00,0.00,0.00,0.00,0.00,0.00,0.00,0.00,0.00,0.00,0.00,0.00,0
0.685917,71,-37,355,0,DRIVE [ 93 ] [ 1 ] [ 1822 1756 1821 ] [    0    0    0 ] [      0      0      0 ] [ 0 ],drive [ 92 ] [ 0 ] [ 1811 1756 1810 ] [   22   15   34 ] [   4947  21579   3505 ] [ 0 ],1.00,1.00,1.00,1.00,22.27,-11.70,0.00,0.00,0.00,0.00,0.00,0.00,0.00,0.00,0.00,0.00,0.00,0.00,0.00,0.00,0.00,0
0.697614,71,-37,355,0,DRIVE [ 93 ] [ 1 ] [ 1833 1756 1832 ] [    0    0    0 ] [      0      0      0 ] [ 0 ],drive [ 93 ] [ 0 ] [ 1822 1756 1821 ] [   22   15   11 ] [   4947  21579   3505 ] [ 0 ],1.00,1.00,1.00,1.00,20.04,-10.53,0.00,0.00,0.00,0.00,0.00,0.00,0.00,0.00,0.00,0.00,0.00,0.00,0.00,0.00,0.00,0
0.709268,71,-37,355,0,DRIVE [ 94 ] [ 1 ] [ 1842 1756 1841 ] [    0    0    0 ] [      0      0      0 ] [ 0 ],drive [ 93 ] [ 0 ] [ 1833 1756 1832 ] [   22   15   11 ] [   4947  21579   3505 ] [ 0 ],1.00,1.00,1.00,1.00,18.04,-9.48,0.00,0.00,0.00,0.00,0.00,0.00,0.00,0.00,0.00,0.00,0.00,0.00,0.00,0.00,0.00,0
0.722386,71,-37,355,0,DRIVE [ 94 ] [ 1 ] [ 1850 1756 1850 ] [    0    0    0 ] [      0      0      0 ] [ 0 ],drive [ 94 ] [ 0 ] [ 1842 1756 1841 ] [   22   15   11 ] [   4947  21579   3505 ] [ 0 ],1.00,1.00,1.00,1.00,16.23,-8.53,0.00,0.00,0.00,0.00,0.00,0.00,0.00,0.00,0.00,0.00,0.00,0.00,0.00,0.00,0.00,0
0.734234,71,-37,355,0,DRIVE [ 95 ] [ 1 ] [ 1858 1756 1857 ] [    0    0    0 ] [      0      0      0 ] [ 0 ],drive [ 94 ] [ 0 ] [ 1850 1756 1850 ] [   22   15   11 ] [   4937  21550   3462 ] [ 0 ],1.00,1.00,1.00,1.00,14.61,-7.68,0.00,0.00,0.00,0.00,0.00,0.00,0.00,0.00,0.00,0.00,0.00,0.00,0.00,0.00,0.00,0
0.74588,71,-37,355,0,DRIVE [ 95 ] [ 1 ] [ 1865 1756 1864 ] [    0    0    0 ] [      0      0      0 ] [ 0 ],drive [ 95 ] [ 0 ] [ 1858 1756 1857 ] [   26   35   29 ] [   4937  21550   3462 ] [ 0 ],1.00,1.00,1.00,1.00,13.15,-6.91,0.00,0.00,0.00,0.00,0.00,0.00,0.00,0.00,0.00,0.00,0.00,0.00,0.00,0.00,0.00,0
0.757908,71,-37,355,0,DRIVE [ 96 ] [ 1 ] [ 1871 1756 1870 ] [    0    0    0 ] [      0      0      0 ] [ 0 ],drive [ 95 ] [ 0 ] [ 1865 1756 1864 ] [   26   35   29 ] [   4937  21550   3462 ] [ 0 ],1.00,1.00,1.00,1.00,11.83,-6.22,0.00,0.00,0.00,0.00,0.00,0.00,0.00,0.00,0.00,0.00,0.00,0.00,0.00,0.00,0.00,0
0.769382,71,-37,355,0,DRIVE [ 96 ] [ 1 ] [ 1876 1756 1876 ] [    0    0    0 ] [      0      0      0 ] [ 0 ],drive [ 96 ] [ 0 ] [ 1871 1756 1870 ] [   26   35   29 ] [   4937  21550   3462 ] [ 0 ],1.00,1.00,1.00,1.00,10.65,-5.60,0.00,0.00,0.00,0.00,0.00,0.00,0.00,0.00,0.00,0.00,0.00,0.00,0.00,0.00,0.00,0
0.78127,71,-37,355,0,DRIVE [ 97 ] [ 1 ] [ 1881 1756 1881 ] [    0    0    0 ] [      0      0      0 ] [ 0 ],drive [ 96 ] [ 0 ] [ 1876 1756 1876 ] [   26   35   29 ] [   4898  21519   3411 ] [ 0 ],1.00,1.00,1.00,1.00,9.59,-5.04,0.00,0.00,0.00,0.00,0.00,0.00,0.00,0.00,0.00,0.00,0.00,0.00,0.00,0.00,0.00,0
0.792876,71,-37,355,0,DRIVE [ 97 ] [ 1 ] [ 1886 1756 1885 ] [    0    0    0 ] [      0      0      0 ] [ 0 ],drive [ 97 ] [ 0 ] [ 1881 1756 1881 ] [   26   35   29 ] [   4898  21519   3411 ] [ 0 ],1.00,1.00,1.00,1.00,8.63,-4.53,0.00,0.00,0.00,0.00,0.00,0.00,0.00,0.00,0.00,0.00,0.00,0.00,0.00,0.00,0.00,0
0.804686,71,-37,355,0,DRIVE [ 98 ] [ 1 ] [ 1890 1756 1889 ] [    0    0    0 ] [      0      0      0 ] [ 0 ],drive [ 97 ] [ 0 ] [ 1886 1756 1885 ] [   15   40    2 ] [   4898  21519   3411 ] [ 0 ],1.00,1.00,1.00,1.00,7.76,-4.08,0.00,0.00,0.00,0.00,0.00,0.00,0.00,0.00,0.00,0.00,0.00,0.00,0.00,0.00,0.00,0
0.818588,85,-9,340,0,DRIVE [ 98 ] [ 1 ] [ 1440 1756 1687 ] [    0    0    0 ] [      0      0      0 ] [ 0 ],drive [ 98 ] [ 0 ] [ 1890 1756 1889 ] [   15   40    2 ] [   4898  21519   3411 ] [ 0 ],1.00,1.00,1.00,1.00,85.10,-9.15,0.00,0.00,0.00,0.00,0.00,0.00,0.00,0.00,0.00,0.00,0.00,0.00,0.00,0.00,0.00,0
0.830513,85,-9,340,0,DRIVE [ 99 ] [ 1 ] [ 1487 1756 1710 ] [    0    0    0 ] [      0      0      0 ] [ 0 ],drive [ 98 ] [ 0 ] [ 1440 1756 1687 ] [   15   40    2 ] [   4884  21516   3296 ] [ 0 ],1.00,1.00,1.00,1.00,76.59,-8.24,0.00,0.00,0.00,0.00,0.00,0.00,0.00,0.00,0.00,0.00,0.00,0.00,0.00,0.00,0.00,0
0.842392,96,12,324,0,DRIVE [ 99 ] [ 1 ] [ 1269 1756 1736 ] [    0    0    0 ] [      0      0      0 ] [ 0 ],drive [ 99 ] [ 0 ] [ 1487 1756 1710 ] [   15   40    2 ] [   4884  21516   3296 ] [ 0 ],1.00,1.00,1.00,1.00,95.52,11.63,0.00,0.00,0.00,0.00,0.00,0.00,0.00,0.00,0.00,0.00,0.00,0.00,0.00,0.00,0.00,0
0.853754,96,12,324,0,DRIVE [ 00 ] [ 1 ] [ 1332 1756 1754 ] [    0    0    0 ] [      0      0      0 ] [ 0 ],drive [ 99 ] [ 0 ] [ 1269 1756 1736 ] [   65   40   34 ] [   4884  21516   3296 ] [ 0 ],1.00,1.00,1.00,1.00,85.97,10.47,0.00,0.00,0.00,0.00,0.00,0.00,0.00,0.00,0.00,0.00,0.00,0.00,0.00,0.00,0.00,0
0.865581,96,12,324,0,DRIVE [ 00 ] [ 1 ] [ 1389 1756 1770 ] [    0    0    0 ] [      0      0      0 ] [ 0 ],drive [ 00 ] [ 0 ] [ 1332 1756 1754 ] [   65   40   34 ] [   4884  21516   3296 ] [ 0 ],1.00,1.00,1.00,1.00,77.37,9.42,0.00,0.00,0.00,0.00,0.00,0.00,0.00,0.00,0.00,0.00,0.00,0.00,0.00,0.00,0.00,0
0.877337,96,12,324,0,DRIVE [ 01 ] [ 1 ] [ 1441 1756 1785 ] [    0    0    0 ] [      0      0      0 ] [ 0 ],drive [ 00 ] [ 0 ] [ 1389 1756 1770 ] [   65   40   34 ] [   4884  21516   3296 ] [ 0 ],1.00,1.00,1.00,1.00,69.64,8.48,0.00,0.00,0.00,0.00,0.00,0.00,0.00,0.00,0.00,0.00,0.00,0.00,0.00,0.00,0.00,0
0.888688,106,29,312,0,DRIVE [ 01 ] [ 1 ] [ 1088 1756 1770 ] [    0    0    0 ] [      0      0      0 ] [ 0 ],drive [ 01 ] [ 0 ] [ 1441 1756 1785 ] [   65   40   34 ] [   5722  21466   3361 ] [ 0 ],1.00,1.00,1.00,1.00,106.14,29.15,0.00,0.00,0.00,0.00,0.00,0.00,0.00,0.00,0.00,0.00,0.00,0.00,0.00,0.00,0.00,0
0.900661,114,42,304,0,DRIVE [ 02 ] [ 1 ] [ 0943 1756 1795 ] [    0    0    0 ] [      0      0      0 ] [ 0 ],drive [ 01 ] [ 0 ] [ 1088 1756 1770 ] [   60   21   12 ] [   5722  21466   3361 ] [ 0 ],1.00,1.00,1.00,1.00,113.91,42.11,0.00,0.00,0.00,0.00,0.00,0.00,0.00,0.00,0.00,0.00,0.00,0.00,0.00,0.00,0.00,0
0.912397,114,42,304,0,DRIVE [ 02 ] [ 1 ] [ 1033 1756 1807 ] [    0    0    0 ] [      0      0      0 ] [ 0 ],drive [ 02 ] [ 0 ] [ 0943 1756 1795 ] [   60   21   12 ] [   5722  21466   3361 ] [ 0 ],1.00,1.00,1.00,1.00,102.52,37.90,0.00,0.00,0.00,0.00,0.00,0.00,0.00,0.00,0.00,0.00,0.00,0.00,0.00,0.00,0.00,0
0.923817,118,51,296,0,DRIVE [ 03 ] [ 1 ] [ 0836 1756 1817 ] [    0    0    0 ] [      0      0      0 ] [ 0 ],drive [ 02 ] [ 0 ] [ 1033 1756 1807 ] [   60   21   12 ] [   5722  21466   3361 ] [ 0 ],1.00,1.00,1.00,1.00,117.54,51.37,0.00,0.00,0.00,0.00,0.00,0.00,0.00,0.00,0.00,0.00,0.00,0.00,0.00,0.00,0.00,0
0.935628,120,59,292,0,DRIVE [ 03 ] [ 1 ] [ 0757 1756 1835 ] [    0    0    0 ] [      0      0      0 ] [ 0 ],drive [ 03 ] [ 0 ] [ 0836 1756 1817 ] [   60   21   12 ] [   6607  21448   3170 ] [ 0 ],1.00,1.00,1.00,1.00,120.27,58.65,0.00,0.00,0.00,0.00,0.00,0.00,0.00,0.00,0.00,0.00,0.00,0.00,0.00,0.00,0.00,0
0.947353,122,64,290,0,DRIVE [ 04 ] [ 1 ] [ 0697 1756 1850 ] [    0    0    0 ] [      0      0      0 ] [ 0 ],drive [ 03 ] [ 0 ] [ 0757 1756 1835 ] [   95   36   16 ] [   6607  21448   3170 ] [ 0 ],1.00,1.00,1.00,1.00,122.22,64.30,0.00,0.00,0.00,0.00,0.00,0.00,0.00,0.00,0.00,0.00,0.00,0.00,0.00,0.00,0.00,0
0.95929,123,68,287,0,DRIVE [ 04 ] [ 1 ] [ 0654 1756 1861 ] [    0    0    0 ] [      0      0      0 ] [ 0 ],drive [ 04 ] [ 0 ] [ 0697 1756 1850 ] [   95   36   16 ] [   6607  21448   3170 ] [ 0 ],1.00,1.00,1.00,1.00,122.86,68.05,0.00,0.00,0.00,0.00,0.00,0.00,0.00,0.00,0.00,0.00,0.00,0.00,0.00,0.00,0.00,0
0.970299,123,68,287,0,DRIVE [ 05 ] [ 1 ] [ 0766 1756 1867 ] [    0    0    0 ] [      0      0      0 ] [ 0 ],drive [ 04 ] [ 0 ] [ 0654 1756 1861 ] [   95   36   16 ] [   6607  21448   3170 ] [ 0 ],1.00,1.00,1.00,1.00,110.57,61.24,0.00,0.00,0.00,0.00,0.00,0.00,0.00,0.00,0.00,0.00,0.00,0.00,0.00,0.00,0.00,0
0.981714,123,68,287,0,DRIVE [ 05 ] [ 1 ] [ 0871 1756 1872 ] [    0    0    0 ] [      0      0      0 ] [ 0 ],drive [ 05 ] [ 0 ] [ 0766 1756 1867 ] [   95   36   16 ] [   8612  21386   2758 ] [ 0 ],1.00,1.00,1.00,1.00,99.51,55.12,0.00,0.00,0.00,0.00,0.00,0.00,0.00,0.00,0.00,0.00,0.00,0.00,0.00,0.00,0.00,0
0.992499,123,68,287,0,DRIVE [ 06 ] [ 1 ] [ 0968 1756 1877 ] [    0    0    0 ] [      0      0      0 ] [ 0 ],drive [ 05 ] [ 0 ] [ 0871 1756 1872 ] [  120   32    2 ] [   8612  21386   2758 ] [ 0 ],1.00,1.00,1.00,1.00,89.56,49.61,0.00,0.00,0.00,0.00,0.00,0.00,0.00,0.00,0.00,0.00,0.00,0.00,0.00,0.00,0.00,0
1.00379,123,68,287,0,DRIVE [ 06 ] [ 1 ] [ 1057 1756 1882 ] [    0    0    0 ] [      0      0      0 ] [ 0 ],drive [ 06 ] [ 0 ] [ 0968 1756 1877 ] [  120   32    2 ] [   8612  21386   2758 ] [ 0 ],1.00,1.00,1.00,1.00,80.61,44.65,0.00,0.00,0.00,0.00,0.00,0.00,0.00,0.00,0.00,0.00,0.00,0.00,0.00,0.00,0.00,0
1.01504,123,68,287,0,DRIVE [ 07 ] [ 1 ] [ 1140 1756 1886 ] [    0    0    0 ] [      0      0      0 ] [ 0 ],drive [ 06 ] [ 0 ] [ 1057 1756 1882 ] [  120   32    2 ] [   8612  21386   2758 ] [ 0 ],1.00,1.00,1.00,1.00,72.55,40.18,0.00,0.00,0.00,0.00,0.00,0.00,0.00,0.00,0.00,0.00,0.00,0.00,0.00,0.00,0.00,0
1.02606,123,68,287,0,DRIVE [ 07 ] [ 1 ] [ 1215 1756 1890 ] [    0    0    0 ] [      0      0      0 ] [ 0 ],drive [ 07 ] [ 0 ] [ 1140 1756 1886 ] [  120   32    2 ] [   8612  21386   2758 ] [ 0 ],1.00,1.00,1.00,1.00,65.29,36.16,0.00,0.00,0.00,0.00,0.00,0.00,0.00,0.00,0.00,0.00,0.00,0.00,0.00,0.00,0.00,0
1.03681,123,68,287,0,DRIVE [ 08 ] [ 1 ] [ 1283 1756 1893 ] [    0    0    0 ] [      0      0      0 ] [ 0 ],drive [ 07 ] [ 0 ] [ 1215 1756 1890 ] [  120   32    2 ] [   9290  21386   2406 ] [ 0 ],1.00,1.00,1.00,1.00,58.76,32.55,0.00,0.00,0.00,0.00,0.00,0.00,0.00,0.00,0.00,0.00,0.00,0.00,0.00,0.00,0.00,0
1.04827,114,66,280,0,DRIVE [ 08 ] [ 1 ] [ 0690 1756 1873 ] [    0    0    0 ] [      0      0      0 ] [ 0 ],drive [ 08 ] [ 0 ] [ 1283 1756 1893 ] [   72   32    2 ] [   9290  21386   2406 ] [ 0 ],1.00,1.00,1.00,1.00,113.94,65.59,0.00,0.00,0.00,0.00,0.00,0.00,0.00,0.00,0.00,0.00,0.00,0.00,0.00,0.00,0.00,0
1.05945,108,64,277,0,DRIVE [ 09 ] [ 1 ] [ 0725 1756 1882 ] [    0    0    0 ] [      0      0      0 ] [ 0 ],drive [ 08 ] [ 0 ] [ 0690 1756 1873 ] [   72   32    2 ] [   9290  21386   2406 ] [ 0 ],1.00,1.00,1.00,1.00,107.76,63.78,0.00,0.00,0.00,0.00,0.00,0.00,0.00,0.00,0.00,0.00,0.00,0.00,0.00,0.00,0.00,0
1.07104,108,64,277,0,DRIVE [ 09 ] [ 1 ] [ 0832 1756 1886 ] [    0    0    0 ] [      0      0      0 ] [ 0 ],drive [ 09 ] [ 0 ] [ 0725 1756 1882 ] [   72   32    2 ] [   9290  21386   2406 ] [ 0 ],1.00,1.00,1.00,1.00,96.98,57.40,0.00,0.00,0.00,0.00,0.00,0.00,0.00,0.00,0.00,0.00,0.00,0.00,0.00,0.00,0.00,0
1.08246,108,64,277,0,DRIVE [ 10 ] [ 1 ] [ 0933 1756 1890 ] [    0    0    0 ] [      0      0      0 ] [ 0 ],drive [ 09 ] [ 0 ] [ 0832 1756 1886 ] [   72   32    2 ] [   9326  21386   2187 ] [ 0 ],1.00,1.00,1.00,1.00,87.29,51.66,0.00,0.00,0.00,0.00,0.00,0.00,0.00,0.00,0.00,0.00,0.00,0.00,0.00,0.00,0.00,0
1.09369,108,64,277,0,DRIVE [ 10 ] [ 1 ] [ 1025 1756 1893 ] [    0    0    0 ] [      0      0      0 ] [ 0 ],drive [ 10 ] [ 0 ] [ 0933 1756 1890 ] [  116   30   22 ] [   9326  21386   2187 ] [ 0 ],1.00,1.00,1.00,1.00,78.56,46.50,0.00,0.00,0.00,0.00,0.00,0.00,0.00,0.00,0.00,0.00,0.00,0.00,0.00,0.00,0.00,0
1.10444,108,64,277,0,DRIVE [ 11 ] [ 1 ] [ 1110 1756 1896 ] [    0    0    0 ] [      0      0      0 ] [ 0 ],drive [ 10 ] [ 0 ] [ 1025 1756 1893 ] [  116   30   22 ] [   9326  21386   2187 ] [ 0 ],1.00,1.00,1.00,1.00,70.70,41.85,0.00,0.00,0.00,0.00,0.00,0.00,0.00,0.00,0.00,0.00,0.00,0.00,0.00,0.00,0.00,0
1.11574,108,64,277,0,DRIVE [ 11 ] [ 1 ] [ 1188 1756 1899 ] [    0    0    0 ] [      0      0      0 ] [ 0 ],drive [ 11 ] [ 0 ] [ 1110 1756 1896 ] [  116   30   22 ] [   9326  21386   2187 ] [ 0 ],1.00,1.00,1.00,1.00,63.63,37.66,0.00,0.00,0.00,0.00,0.00,0.00,0.00,0.00,0.00,0.00,0.00,0.00,0.00,0.00,0.00,0
1.1265,107,56,278,0,DRIVE [ 12 ] [ 1 ] [ 0793 1756 1855 ] [    0    0    0 ] [      0      0      0 ] [ 0 ],drive [ 11 ] [ 0 ] [ 1188 1756 1899 ] [  116   30   22 ] [   9326  21386   2187 ] [ 0 ],1.00,1.00,1.00,1.00,107.28,56.24,0.00,0.00,0.00,0.00,0.00,0.00,0.00,0.00,0.00,0.00,0.00,0.00,0.00,0.00,0.00,0
1.13808,106,49,278,0,DRIVE [ 12 ] [ 1 ] [ 0853 1756 1833 ] [    0    0    0 ] [      0      0      0 ] [ 0 ],drive [ 12 ] [ 0 ] [ 0793 1756 1855 ] [  116   30   22 ] [   9643  21383   1770 ] [ 0 ],1.00,1.00,1.00,1.00,105.57,49.35,0.00,0.00,0.00,0.00,0.00,0.00,0.00,0.00,0.00,0.00,0.00,0.00,0.00,0.00,0.00,0
1.14937,106,49,278,0,DRIVE [ 13 ] [ 1 ] [ 0951 1756 1841 ] [    0    0    0 ] [      0      0      0 ] [ 0 ],drive [ 12 ] [ 0 ] [ 0853 1756 1833 ] [   94   28   24 ] [   9643  21383   1770 ] [ 0 ],1.00,1.00,1.00,1.00,95.02,44.42,0.00,0.00,0.00,0.00,0.00,0.00,0.00,0.00,0.00,0.00,0.00,0.00,0.00,0.00,0.00,0
1.16094,102,42,275,0,DRIVE [ 13 ] [ 1 ] [ 0918 1756 1813 ] [    0    0    0 ] [      0      0      0 ] [ 0 ],drive [ 13 ] [ 0 ] [ 0951 1756 1841 ] [   94   28   24 ] [   9643  21383   1770 ] [ 0 ],1.00,1.00,1.00,1.00,102.13,42.13,0.00,0.00,0.00,0.00,0.00,0.00,0.00,0.00,0.00,0.00,0.00,0.00,0.00,0.00,0.00,0
1.17196,99,36,274,0,DRIVE [ 14 ] [ 1 ] [ 0976 1756 1795 ] [    0    0    0 ] [      0      0      0 ] [ 0 ],drive [ 13 ] [ 0 ] [ 0918 1756 1813 ] [   94   28   24 ] [   9643  21383   1770 ] [ 0 ],1.00,1.00,1.00,1.00,99.27,35.88,0.00,0.00,0.00,0.00,0.00,0.00,0.00,0.00,0.00,0.00,0.00,0.00,0.00,0.00,0.00,0
1.18374,96,30,271,0,DRIVE [ 14 ] [ 1 ] [ 1026 1756 1780 ] [    0    0    0 ] [      0      0      0 ] [ 0 ],drive [ 14 ] [ 0 ] [ 0976 1756 1795 ] [   94   28   24 ] [   9916  21297   1724 ] [ 0 ],1.00,1.00,1.00,1.00,96.23,30.42,0.00,0.00,0.00,0.00,0.00,0.00,0.00,0.00,0.00,0.00,0.00,0.00,0.00,0.00,0.00,0
1.19532,95,26,273,0,DRIVE [ 15 ] [ 1 ] [ 1074 1756 1765 ] [    0    0    0 ] [      0      0      0 ] [ 0 ],drive [ 14 ] [ 0 ] [ 1026 1756 1780 ] [   95   25   30 ] [   9916  21297   1724 ] [ 0 ],1.00,1.00,1.00,1.00,94.79,25.72,0.00,0.00,0.00,0.00,0.00,0.00,0.00,0.00,0.00,0.00,0.00,0.00,0.00,0.00,0.00,0
1.20632,95,26,273,0,DRIVE [ 15 ] [ 1 ] [ 1153 1756 1780 ] [    0    0    0 ] [      0      0      0 ] [ 0 ],drive [ 15 ] [ 0 ] [ 1074 1756 1765 ] [   95   25   30 ] [   9916  21297   1724 ] [ 0 ],1.00,1.00,1.00,1.00,85.31,23.15,0.00,0.00,0.00,0.00,0.00,0.00,0.00,0.00,0.00,0.00,0.00,0.00,0.00,0.00,0.00,0
1.21817,90,21,268,0,DRIVE [ 16 ] [ 1 ] [ 1124 1756 1754 ] [    0    0    0 ] [      0      0      0 ] [ 0 ],drive [ 15 ] [ 0 ] [ 1153 1756 1780 ] [   95   25   30 ] [   9916  21297   1724 ] [ 0 ],1.00,1.00,1.00,1.00,90.16,20.65,0.00,0.00,0.00,0.00,0.00,0.00,0.00,0.00,0.00,0.00,0.00,0.00,0.00,0.00,0.00,0
1.22977,90,21,268,0,DRIVE [ 16 ] [ 1 ] [ 1199 1756 1770 ] [    0    0    0 ] [      0      0      0 ] [ 0 ],drive [ 16 ] [ 0 ] [ 1124 1756 1754 ] [   95   25   30 ] [   9957  21125   1705 ] [ 0 ],1.00,1.00,1.00,1.00,81.14,18.59,0.00,0.00,0.00,0.00,0.00,0.00,0.00,0.00,0.00,0.00,0.00,0.00,0.00,0.00,0.00,0
1.24151,85,16,265,0,DRIVE [ 17 ] [ 1 ] [ 1178 1756 1746 ] [    0    0    0 ] [      0      0      0 ] [ 0 ],drive [ 16 ] [ 0 ] [ 1199 1756 1770 ] [   95   25   30 ] [   9957  21125   1705 ] [ 0 ],1.00,1.00,1.00,1.00,85.10,16.18,0.00,0.00,0.00,0.00,0.00,0.00,0.00,0.00,0.00,0.00,0.00,0.00,0.00,0.00,0.00,0
1.25234,85,16,265,0,DRIVE [ 17 ] [ 1 ] [ 1249 1756 1763 ] [    0    0    0 ] [      0      0      0 ] [ 0 ],drive [ 17 ] [ 0 ] [ 1178 1756 1746 ] [   77   13   15 ] [   9957  21125   1705 ] [ 0 ],1.00,1.00,1.00,1.00,76.59,14.56,0.00,0.00,0.00,0.00,0.00,0.00,0.00,0.00,0.00,0.00,0.00,0.00,0.00,0.00,0.00,0
1.26391,80,12,262,0,DRIVE [ 18 ] [ 1 ] [ 1235 1756 1740 ] [    0    0    0 ] [      0      0      0 ] [ 0 ],drive [ 17 ] [ 0 ] [ 1249 1756 1763 ] [   77   13   15 ] [   9957  21125   1705 ] [ 0 ],1.00,1.00,1.00,1.00,79.63,11.93,0.00,0.00,0.00,0.00,0.00,0.00,0.00,0.00,0.00,0.00,0.00,0.00,-0.00,-0.00,0.00,0
1.27917,75,8,261,0,DRIVE [ 18 ] [ 1 ] [ 1288 1756 1735 ] [    0    0    0 ] [      0      0      0 ] [ 0 ],drive [ 18 ] [ 0 ] [ 1235 1756 1740 ] [   77   13   15 ] [   9957  21125   1705 ] [ 0 ],1.00,1.00,1.00,1.00,75.35,8.24,0.00,0.00,0.00,0.00,0.00,0.00,0.00,0.00,0.00,0.00,0.00,0.00,-0.00,-0.00,0.00,0
1.29093,72,5,261,0,DRIVE [ 19 ] [ 1 ] [ 1335 1756 1730 ] [    0    0    0 ] [      0      0      0 ] [ 0 ],drive [ 18 ] [ 0 ] [ 1288 1756 1735 ] [   77   13   15 ] [   9954  21124   1683 ] [ 0 ],1.00,1.00,1.00,1.00,71.62,4.84,0.00,0.00,0.00,0.00,0.00,0.00,0.00,0.00,0.00,0.00,0.00,0.00,-0.00,-0.00,0.00,0
1.30174,72,5,261,0,DRIVE [ 19 ] [ 1 ] [ 1392 1756 1749 ] [    0    0    0 ] [      0      0      0 ] [ 0 ],drive [ 19 ] [ 0 ] [ 1335 1756 1730 ] [   68   14   21 ] [   9954  21124   1683 ] [ 0 ],1.00,1.00,1.00,1.00,64.46,4.36,0.00,0.00,0.00,0.00,0.00,0.00,0.00,0.00,0.00,0.00,0.00,0.00,-0.00,-0.00,0.00,0
1.31297,72,5,261,0,DRIVE [ 20 ] [ 1 ] [ 1444 1756 1766 ] [    0    0    0 ] [      0      0      0 ] [ 0 ],drive [ 19 ] [ 0 ] [ 1392 1756 1749 ] [   68   14   21 ] [   9954  21124   1683 ] [ 0 ],1.00,1.00,1.00,1.00,58.01,3.92,0.00,0.00,0.00,0.00,0.00,0.00,0.00,0.00,0.00,0.00,0.00,0.00,-0.00,-0.00,0.00,0
1.32354,72,5,261,0,DRIVE [ 20 ] [ 1 ] [ 1490 1756 1781 ] [    0    0    0 ] [      0      0      0 ] [ 0 ],drive [ 20 ] [ 0 ] [ 1444 1756 1766 ] [   68   14   21 ] [   9954  21124   1683 ] [ 0 ],1.00,1.00,1.00,1.00,52.21,3.53,0.00,0.00,0.00,0.00,0.00,0.00,0.00,0.00,0.00,0.00,0.00,0.00,-0.00,-0.00,0.00,0
1.33474,72,5,261,0,DRIVE [ 21 ] [ 1 ] [ 1533 1756 1795 ] [    0    0    0 ] [      0      0      0 ] [ 0 ],drive [ 20 ] [ 0 ] [ 1490 1756 1781 ] [   68   14   21 ] [   9945  21124   1655 ] [ 0 ],1.00,1.00,1.00,1.00,46.99,3.18,0.00,0.00,0.00,0.00,0.00,0.00,0.00,0.00,0.00,0.00,0.00,0.00,-0.00,-0.00,0.00,0
1.34586,72,5,261,0,DRIVE [ 21 ] [ 1 ] [ 1572 1756 1808 ] [    0    0    0 ] [      0      0      0 ] [ 0 ],drive [ 21 ] [ 0 ] [ 1533 1756 1795 ] [   59   14   38 ] [   9945  21124   1655 ] [ 0 ],1.00,1.00,1.00,1.00,42.29,2.86,0.00,0.00,0.00,0.00,0.00,0.00,0.00,0.00,0.00,0.00,0.00,0.00,-0.00,-0.00,0.00,0
1.3572,72,5,261,0,DRIVE [ 22 ] [ 1 ] [ 1606 1756 1820 ] [    0    0    0 ] [      0      0      0 ] [ 0 ],drive [ 21 ] [ 0 ] [ 1572 1756 1808 ] [   59   14   38 ] [   9945  21124   1655 ] [ 0 ],1.00,1.00,1.00,1.00,38.06,2.57,0.00,0.00,0.00,0.00,0.00,0.00,0.00,0.00,0.00,0.00,0.00,0.00,-0.00,-0.00,0.00,0
1.36794,72,5,261,0,DRIVE [ 22 ] [ 1 ] [ 1638 1756 1830 ] [    0    0    0 ] [      0      0      0 ] [ 0 ],drive [ 22 ] [ 0 ] [ 1606 1756 1820 ] [   59   14   38 ] [   9945  21124   1655 ] [ 0 ],1.00,1.00,1.00,1.00,34.26,2.31,0.00,0.00,0.00,0.00,0.00,0.00,0.00,0.00,0.00,0.00,0.00,0.00,-0.00,-0.00,0.00,0
1.37905,72,5,261,0,DRIVE [ 23 ] [ 1 ] [ 1666 1756 1840 ] [    0    0    0 ] [      0      0      0 ] [ 0 ],drive [ 22 ] [ 0 ] [ 1638 1756 1830 ] [   59   14   38 ] [   9844  21122   1516 ] [ 0 ],1.00,1.00,1.00,1.00,30.83,2.08,0.00,0.00,0.00,0.00,0.00,0.00,0.00,0.00,0.00,0.00,0.00,0.00,-0.00,-0.00,0.00,0
1.38963,72,5,261,0,DRIVE [ 23 ] [ 1 ] [ 1692 1756 1848 ] [    0    0    0 ] [      0      0      0 ] [ 0 ],drive [ 23 ] [ 0 ] [ 1666 1756 1840 ] [   59   14   38 ] [   9844  21122   1516 ] [ 0 ],1.00,1.00,1.00,1.00,27.75,1.88,0.00,0.00,0.00,0.00,0.00,0.00,0.00,0.00,0.00,0.00,0.00,0.00,-0.00,-0.00,0.00,0
1.40091,72,5,261,0,DRIVE [ 24 ] [ 1 ] [ 1715 1756 1856 ] [    0    0    0 ] [      0      0      0 ] [ 0 ],drive [ 23 ] [ 0 ] [ 1692 1756 1848 ] [   37   16   11 ] [   9844  21122   1516 ] [ 0 ],1.00,1.00,1.00,1.00,24.97,1.69,0.00,0.00,0.00,0.00,0.00,0.00,0.00,0.00,0.00,0.00,0.00,0.00,-0.00,-0.00,0.00,0
1.4123,72,5,261,0,DRIVE [ 24 ] [ 1 ] [ 1736 1756 1863 ] [    0    0    0 ] [      0      0      0 ] [ 0 ],drive [ 24 ] [ 0 ] [ 1715 1756 1856 ] [   37   16   11 ] [   9844  21122   1516 ] [ 0 ],1.00,1.00,1.00,1.00,22.48,1.52,0.00,0.00,0.00,0.00,0.00,0.00,0.00,0.00,0.00,0.00,0.00,0.00,-0.00,-0.00,0.00,0
1.42393,53,-5,254,0,DRIVE [ 25 ] [ 1 ] [ 1512 1756 1732 ] [    0    0    0 ] [      0      0      0 ] [ 0 ],drive [ 24 ] [ 0 ] [ 1736 1756 1863 ] [   37   16   11 ] [   9844  21122   1516 ] [ 0 ],1.00,1.00,1.00,1.00,53.15,-4.55,0.00,0.00,0.00,0.00,0.00,0.00,-0.00,0.00,0.00,0.00,0.00,0.00,-0.00,0.00,0.00,0
1.43483,39,-12,249,0,DRIVE [ 25 ] [ 1 ] [ 1648 1756 1727 ] [    0    0    0 ] [      0      0      0 ] [ 0 ],drive [ 25 ] [ 0 ] [ 1512 1756 1732 ] [   37   16   11 ] [   9473  21121   1387 ] [ 0 ],1.00,1.00,1.00,1.00,38.98,-12.02,0.00,0.00,0.00,0.00,0.00,0.00,-0.00,0.00,0.00,0.00,0.00,0.00,-0.00,0.00,0.00,0
1.44619,28,-18,244,0,DRIVE [ 26 ] [ 1 ] [ 1744 1756 1711 ] [    0    0    0 ] [      0      0      0 ] [ 0 ],drive [ 25 ] [ 0 ] [ 1648 1756 1727 ] [   36   16   29 ] [   9473  21121   1387 ] [ 0 ],1.00,1.00,1.00,1.00,27.98,-17.91,0.00,0.00,0.00,0.00,0.00,0.00,-0.00,0.00,0.00,0.00,0.00,0.00,-0.00,0.00,0.00,0
1.45738,19,-22,240,0,DRIVE [ 26 ] [ 1 ] [ 1808 1756 1683 ] [    0    0    0 ] [      0      0      0 ] [ 0 ],drive [ 26 ] [ 0 ] [ 1744 1756 1711 ] [   36   16   29 ] [   9473  21121   1387 ] [ 0 ],1.00,1.00,1.00,1.00,19.36,-22.47,0.00,0.00,0.00,0.00,0.00,0.00,-0.00,0.00,0.00,0.00,0.00,0.00,-0.00,0.00,0.00,0
1.46931,13,-26,236,0,DRIVE [ 27 ] [ 1 ] [ 1851 1756 1645 ] [    0    0    0 ] [      0      0      0 ] [ 0 ],drive [ 26 ] [ 0 ] [ 1808 1756 1683 ] [   36   16   29 ] [   9473  21121   1387 ] [ 0 ],1.00,1.00,1.00,1.00,12.71,-25.81,0.00,0.00,0.00,0.00,0.00,0.00,-0.00,0.00,0.00,0.00,0.00,0.00,-0.00,0.00,0.00,0
1.48084,7,-29,233,0,DRIVE [ 27 ] [ 1 ] [ 1887 1756 1597 ] [    0    0    0 ] [      0      0      0 ] [ 0 ],drive [ 27 ] [ 0 ] [ 1851 1756 1645 ] [   36   16   29 ] [   9164  21117   1480 ] [ 0 ],1.00,1.00,1.00,1.00,6.64,-28.53,0.00,0.00,0.00,0.00,0.00,0.00,-0.00,0.00,0.00,0.00,0.00,0.00,0.00,0.00,0.00,0
1.4919,2,-31,231,0,DRIVE [ 28 ] [ 1 ] [ 1916 1756 1547 ] [    0    0    0 ] [      0      0      0 ] [ 0 ],drive [ 27 ] [ 0 ] [ 1887 1756 1597 ] [   36   16   29 ] [   9164  21117   1480 ] [ 0 ],1.00,1.00,1.00,1.00,1.70,-30.77,0.00,0.00,0.00,0.00,0.00,0.00,-0.00,0.00,0.00,0.00,0.00,0.00,0.00,0.00,0.00,0
1.5028,-2,-33,229,0,DRIVE [ 28 ] [ 1 ] [ 1916 1850 1523 ] [    0    0    0 ] [      0      0      0 ] [ 0 ],drive [ 28 ] [ 0 ] [ 1916 1756 1547 ] [   16   17   48 ] [   9164  21117   1480 ] [ 0 ],1.00,1.00,1.00,1.00,-2.35,-32.63,0.00,0.00,0.00,0.00,0.00,0.00,-0.00,0.00,0.00,0.00,0.00,0.00,0.00,0.00,0.00,0
1.51431,-6,-34,227,0,DRIVE [ 29 ] [ 1 ] [ 1916 1831 1515 ] [    0    0    0 ] [      0      0      0 ] [ 0 ],drive [ 28 ] [ 0 ] [ 1916 1850 1523 ] [   16   17   48 ] [   9164  21117   1480 ] [ 0 ],1.00,1.00,1.00,1.00,-5.62,-34.19,0.00,0.00,0.00,0.00,0.00,0.00,-0.00,0.00,0.00,0.00,0.00,0.00,0.00,0.00,0.00,0
1.52531,-8,-35,226,0,DRIVE [ 29 ] [ 1 ] [ 1916 1815 1508 ] [    0    0    0 ] [      0      0      0 ] [ 0 ],drive [ 29 ] [ 0 ] [ 1916 1831 1515 ] [   16   17   48 ] [   9164  21117   1480 ] [ 0 ],1.00,1.00,1.00,1.00,-8.26,-35.28,0.00,0.00,0.00,0.00,0.00,0.00,-0.00,0.00,0.00,0.00,0.00,0.00,0.00,0.00,0.00,0
1.53681,-10,-36,224,0,DRIVE [ 30 ] [ 1 ] [ 1916 1802 1505 ] [    0    0    0 ] [      0      0      0 ] [ 0 ],drive [ 29 ] [ 0 ] [ 1916 1815 1508 ] [   16   17   48 ] [   8632  21116   1669 ] [ 0 ],1.00,1.00,1.00,1.00,-10.33,-35.80,0.00,0.00,0.00,0.00,0.00,0.00,-0.00,0.00,0.00,0.00,0.00,0.00,0.00,0.00,0.00,0
1.54836,-12,-36,223,0,DRIVE [ 30 ] [ 1 ] [ 1916 1791 1502 ] [    0    0    0 ] [      0      0      0 ] [ 0 ],drive [ 30 ] [ 0 ] [ 1916 1802 1505 ] [   10   26   59 ] [   8632  21116   1669 ] [ 0 ],1.00,1.00,1.00,1.00,-12.03,-36.19,0.00,0.00,0.00,0.00,0.00,0.00,-0.00,0.00,0.00,0.00,0.00,0.00,0.00,0.00,0.00,0
1.55967,-13,-36,223,0,DRIVE [ 31 ] [ 1 ] [ 1916 1782 1504 ] [    0    0    0 ] [      0      0      0 ] [ 0 ],drive [ 30 ] [ 0 ] [ 1916 1791 1502 ] [   10   26   59 ] [   8632  21116   1669 ] [ 0 ],1.00,1.00,1.00,1.00,-13.41,-36.26,0.00,0.00,0.00,0.00,0.00,0.00,-0.00,0.00,0.00,0.00,0.00,0.00,0.00,0.00,0.00,0
1.57067,-15,-36,222,0,DRIVE [ 31 ] [ 1 ] [ 1916 1775 1504 ] [    0    0    0 ] [      0      0      0 ] [ 0 ],drive [ 31 ] [ 0 ] [ 1916 1782 1504 ] [   10   26   59 ] [   8632  21116   1669 ] [ 0 ],1.00,1.00,1.00,1.00,-14.57,-36.32,0.00,0.00,0.00,0.00,0.00,0.00,-0.00,0.00,0.00,0.00,0.00,0.00,0.00,0.00,0.00,0
1.58237,-16,-36,222,0,DRIVE [ 32 ] [ 1 ] [ 1916 1768 1504 ] [    0    0    0 ] [      0      0      0 ] [ 0 ],drive [ 31 ] [ 0 ] [ 1916 1775 1504 ] [   10   26   59 ] [   8375  21008   1805 ] [ 0 ],1.00,1.00,1.00,1.00,-15.59,-36.42,0.00,0.00,0.00,0.00,0.00,0.00,-0.00,0.00,0.00,0.00,0.00,0.00,0.00,0.00,0.00,0
1.59339,-16,-37,221,0,DRIVE [ 32 ] [ 1 ] [ 1916 1763 1502 ] [    0    0    0 ] [      0      0      0 ] [ 0 ],drive [ 32 ] [ 0 ] [ 1916 1768 1504 ] [   21   16   39 ] [   8375  21008   1805 ] [ 0 ],1.00,1.00,1.00,1.00,-16.38,-36.57,0.00,0.00,0.00,0.00,0.00,0.00,-0.00,0.00,0.00,0.00,0.00,0.00,0.00,0.00,0.00,0
1.60476,-17,-37,221,0,DRIVE [ 33 ] [ 1 ] [ 1916 1758 1498 ] [    0    0    0 ] [      0      0      0 ] [ 0 ],drive [ 32 ] [ 0 ] [ 1916 1763 1502 ] [   21   16   39 ] [   8375  21008   1805 ] [ 0 ],1.00,1.00,1.00,1.00,-17.05,-36.92,0.00,0.00,0.00,0.00,0.00,0.00,-0.00,0.00,0.00,0.00,0.00,0.00,0.00,0.00,0.00,0
1.61627,-18,-37,221,0,DRIVE [ 33 ] [ 1 ] [ 1916 1755 1493 ] [    0    0    0 ] [      0      0      0 ] [ 0 ],drive [ 33 ] [ 0 ] [ 1916 1758 1498 ] [   21   16   39 ] [   8375  21008   1805 ] [ 0 ],1.00,1.00,1.00,1.00,-17.52,-37.37,0.00,0.00,0.00,0.00,0.00,-0.00,-0.00,0.00,0.00,0.00,0.00,0.00,0.00,0.00,0.00,0
1.62762,-18,-38,220,0,DRIVE [ 34 ] [ 1 ] [ 1916 1752 1487 ] [    0    0    0 ] [      0      0      0 ] [ 0 ],drive [ 33 ] [ 0 ] [ 1916 1755 1493 ] [   21   16   39 ] [   8375  21008   1805 ] [ 0 ],1.00,1.00,1.00,1.00,-17.88,-37.71,0.00,0.00,0.00,0.00,0.00,-0.00,-0.00,0.00,0.00,0.00,0.00,0.00,0.00,0.00,0.00,0
1.63869,-18,-38,219,0,DRIVE [ 34 ] [ 1 ] [ 1916 1750 1482 ] [    0    0    0 ] [      0      0      0 ] [ 0 ],drive [ 34 ] [ 0 ] [ 1916 1752 1487 ] [   21   16   39 ] [   8245  21008   1808 ] [ 0 ],1.00,1.00,1.00,1.00,-18.17,-37.95,0.00,0.00,0.00,0.00,0.00,-0.00,-0.00,0.00,0.00,0.00,0.00,0.00,0.00,0.00,0.00,0
1.65018,-18,-38,218,0,DRIVE [ 35 ] [ 1 ] [ 1916 1749 1478 ] [    0    0    0 ] [      0      0      0 ] [ 0 ],drive [ 34 ] [ 0 ] [ 1916 1750 1482 ] [   22   17   51 ] [   8245  21008   1808 ] [ 0 ],1.00,1.00,1.00,1.00,-18.19,-38.14,0.00,0.00,0.00,0.00,0.00,-0.00,-0.00,0.00,0.00,0.00,0.00,0.00,0.00,0.00,0.00,0
1.66184,-18,-38,217,0,DRIVE [ 35 ] [ 1 ] [ 1916 1750 1474 ] [    0    0    0 ] [      0      0      0 ] [ 0 ],drive [ 35 ] [ 0 ] [ 1916 1749 1478 ] [   22   17   51 ] [   8245  21008   1808 ] [ 0 ],1.00,1.00,1.00,1.00,-18.08,-38.37,0.00,0.00,0.00,0.00,0.00,-0.00,-0.00,0.00,0.00,0.00,0.00,0.00,0.00,0.00,0.00,0
1.67279,-18,-38,216,0,DRIVE [ 36 ] [ 1 ] [ 1916 1752 1473 ] [    0    0    0 ] [      0      0      0 ] [ 0 ],drive [ 35 ] [ 0 ] [ 1916 1750 1474 ] [   22   17   51 ] [   8245  21008   1808 ] [ 0 ],1.00,1.00,1.00,1.00,-17.63,-38.24,0.00,0.00,0.00,0.00,0.00,-0.00,-0.00,0.00,0.00,0.00,0.00,0.00,0.00,0.00,0.00,0
1.68463,-17,-38,215,0,DRIVE [ 36 ] [ 1 ] [ 1916 1756 1472 ] [    0    0    0 ] [      0      0      0 ] [ 0 ],drive [ 36 ] [ 0 ] [ 1916 1752 1473 ] [   22   17   51 ] [   8036  21008   1914 ] [ 0 ],1.00,1.00,1.00,1.00,-17.03,-38.11,0.00,0.00,0.00,0.00,0.00,-0.00,-0.00,0.00,0.00,0.00,0.00,0.00,0.00,0.00,0.00,0
1.69582,-16,-38,215,0,DRIVE [ 37 ] [ 1 ] [ 1916 1761 1475 ] [    0    0    0 ] [      0      0      0 ] [ 0 ],drive [ 36 ] [ 0 ] [ 1916 1756 1472 ] [    4   18   40 ] [   8036  21008   1914 ] [ 0 ],1.00,1.00,1.00,1.00,-16.17,-37.70,0.00,0.00,0.00,0.00,0.00,-0.00,-0.00,0.00,0.00,0.00,0.00,0.00,0.00,0.00,0.00,0
1.70706,-15,-37,214,0,DRIVE [ 37 ] [ 1 ] [ 1916 1768 1478 ] [    0    0    0 ] [      0      0      0 ] [ 0 ],drive [ 37 ] [ 0 ] [ 1916 1761 1475 ] [    4   18   40 ] [   8036  21008   1914 ] [ 0 ],1.00,1.00,1.00,1.00,-15.08,-37.19,0.00,0.00,0.00,0.00,0.00,-0.00,-0.00,0.00,0.00,0.00,0.00,0.00,0.00,0.00,0.00,0
1.71778,-14,-37,214,0,DRIVE [ 38 ] [ 1 ] [ 1916 1777 1479 ] [    0    0    0 ] [      0      0      0 ] [ 0 ],drive [ 37 ] [ 0 ] [ 1916 1768 1478 ] [    4   18   40 ] [   8036  21008   1914 ] [ 0 ],1.00,1.00,1.00,1.00,-13.78,-36.86,0.00,0.00,0.00,0.00,0.00,-0.00,-0.00,0.00,0.00,0.00,0.00,0.00,0.00,0.00,0.00,0
1.729,-12,-37,213,0,DRIVE [ 38 ] [ 1 ] [ 1916 1786 1480 ] [    0    0    0 ] [      0      0      0 ] [ 0 ],drive [ 38 ] [ 0 ] [ 1916 1777 1479 ] [    4   18   40 ] [   7796  21008   1924 ] [ 0 ],1.00,1.00,1.00,1.00,-12.35,-36.51,0.00,0.00,0.00,0.00,0.00,-0.00,-0.00,0.00,0.00,0.00,0.00,0.00,0.00,0.00,0.00,0
1.73983,-11,-36,212,0,DRIVE [ 39 ] [ 1 ] [ 1916 1795 1480 ] [    0    0    0 ] [      0      0      0 ] [ 0 ],drive [ 38 ] [ 0 ] [ 1916 1786 1480 ] [    4   18   40 ] [   7796  21008   1924 ] [ 0 ],1.00,1.00,1.00,1.00,-10.87,-36.03,0.00,0.00,0.00,0.00,0.00,-0.00,-0.00,0.00,0.00,0.00,0.00,0.00,0.00,0.00,0.00,0
1.75081,-9,-36,211,0,DRIVE [ 39 ] [ 1 ] [ 1916 1804 1479 ] [    0    0    0 ] [      0      0      0 ] [ 0 ],drive [ 39 ] [ 0 ] [ 1916 1795 1480 ] [   20   16   41 ] [   7796  21008   1924 ] [ 0 ],1.00,1.00,1.00,1.00,-9.45,-35.69,0.00,0.00,0.00,0.00,0.00,-0.00,-0.00,0.00,0.00,0.00,0.00,0.00,0.00,0.00,0.00,0
1.76179,-8,-35,211,0,DRIVE [ 40 ] [ 1 ] [ 1916 1812 1479 ] [    0    0    0 ] [      0      0      0 ] [ 0 ],drive [ 39 ] [ 0 ] [ 1916 1804 1479 ] [   20   16   41 ] [   7796  21008   1924 ] [ 0 ],1.00,1.00,1.00,1.00,-8.16,-35.24,0.00,0.00,0.00,0.00,0.00,-0.00,-0.00,0.00,0.00,0.00,0.00,0.00,0.00,0.00,0.00,0
1.77391,-7,-35,209,0,DRIVE [ 40 ] [ 1 ] [ 1916 1819 1481 ] [    0    0    0 ] [      0      0      0 ] [ 0 ],drive [ 40 ] [ 0 ] [ 1916 1812 1479 ] [   20   16   41 ] [   7796  21008   1924 ] [ 0 ],1.00,1.00,1.00,1.00,-7.02,-34.62,0.00,0.00,0.00,0.00,0.00,-0.00,-0.00,0.00,0.00,0.00,0.00,0.00,0.00,0.00,0.00,0
1.78422,-6,-34,208,0,DRIVE [ 41 ] [ 1 ] [ 1916 1825 1485 ] [    0    0    0 ] [      0      0      0 ] [ 0 ],drive [ 40 ] [ 0 ] [ 1916 1819 1481 ] [   20   16   41 ] [   7740  21006   1974 ] [ 0 ],1.00,1.00,1.00,1.00,-6.14,-33.87,0.00,0.00,0.00,0.00,0.00,-0.00,-0.00,0.00,0.00,0.00,0.00,0.00,0.00,0.00,0.00,0
1.79525,-5,-33,208,0,DRIVE [ 41 ] [ 1 ] [ 1916 1830 1491 ] [    0    0    0 ] [      0      0      0 ] [ 0 ],drive [ 41 ] [ 0 ] [ 1916 1825 1485 ] [   16   16   40 ] [   7740  21006   1974 ] [ 0 ],1.00,1.00,1.00,1.00,-5.36,-33.09,0.00,0.00,0.00,0.00,0.00,-0.00,-0.00,0.00,0.00,0.00,0.00,0.00,0.00,0.00,0.00,0
1.80587,-5,-32,207,0,DRIVE [ 42 ] [ 1 ] [ 1916 1834 1501 ] [    0    0    0 ] [      0      0      0 ] [ 0 ],drive [ 41 ] [ 0 ] [ 1916 1830 1491 ] [   16   16   40 ] [   7740  21006   1974 ] [ 0 ],1.00,1.00,1.00,1.00,-4.70,-32.01,0.00,0.00,0.00,0.00,0.00,-0.00,-0.00,0.00,0.00,0.00,0.00,0.00,0.00,0.00,0.00,0
1.81679,-4,-31,206,0,DRIVE [ 42 ] [ 1 ] [ 1916 1837 1514 ] [    0    0    0 ] [      0      0      0 ] [ 0 ],drive [ 42 ] [ 0 ] [ 1916 1834 1501 ] [   16   16   40 ] [   7740  21006   1974 ] [ 0 ],1.00,1.00,1.00,1.00,-4.13,-30.78,0.00,0.00,0.00,0.00,0.00,-0.00,-0.00,0.00,0.00,0.00,0.00,0.00,0.00,0.00,0.00,0
1.82758,-4,-30,205,0,DRIVE [ 43 ] [ 1 ] [ 1916 1840 1527 ] [    0    0    0 ] [      0      0      0 ] [ 0 ],drive [ 42 ] [ 0 ] [ 1916 1837 1514 ] [   16   16   40 ] [   7697  20909   2034 ] [ 0 ],1.00,1.00,1.00,1.00,-3.68,-29.50,0.00,0.00,0.00,0.00,0.00,-0.00,-0.00,0.00,0.00,0.00,0.00,0.00,0.00,0.00,0.00,0
1.83824,-3,-28,204,0,DRIVE [ 43 ] [ 1 ] [ 1916 1843 1540 ] [    0    0    0 ] [      0      0      0 ] [ 0 ],drive [ 43 ] [ 0 ] [ 1916 1840 1527 ] [   16   16   40 ] [   7697  20909   2034 ] [ 0 ],1.00,1.00,1.00,1.00,-3.20,-28.29,0.00,0.00,0.00,0.00,0.00,-0.00,-0.00,0.00,0.00,0.00,0.00,0.00,0.00,0.00,0.00,0
1.84921,-3,-27,203,0,DRIVE [ 44 ] [ 1 ] [ 1916 1846 1554 ] [    0    0    0 ] [      0      0      0 ] [ 0 ],drive [ 43 ] [ 0 ] [ 1916 1843 1540 ] [   10   18   35 ] [   7697  20909   2034 ] [ 0 ],1.00,1.00,1.00,1.00,-2.78,-27.02,0.00,0.00,0.00,0.00,0.00,-0.00,-0.00,0.00,0.00,0.00,0.00,0.00,0.00,0.00,0.00,0
1.85962,-2,-26,202,0,DRIVE [ 44 ] [ 1 ] [ 1916 1849 1568 ] [    0    0    0 ] [      0      0      0 ] [ 0 ],drive [ 44 ] [ 0 ] [ 1916 1846 1554 ] [   10   18   35 ] [   7697  20909   2034 ] [ 0 ],1.00,1.00,1.00,1.00,-2.23,-25.70,0.00,0.00,0.00,0.00,0.00,-0.00,-0.00,0.00,0.00,0.00,0.00,0.00,0.00,0.00,0.00,0
1.87043,-2,-24,200,0,DRIVE [ 45 ] [ 1 ] [ 1916 1854 1582 ] [    0    0    0 ] [      0      0      0 ] [ 0 ],drive [ 44 ] [ 0 ] [ 1916 1849 1568 ] [   10   18   35 ] [   7697  20909   2034 ] [ 0 ],1.00,1.00,1.00,1.00,-1.58,-24.24,0.00,0.00,0.00,0.00,0.00,-0.00,-0.00,0.00,0.00,0.00,0.00,0.00,0.00,0.00,0.00,0
1.88148,-1,-23,199,0,DRIVE [ 45 ] [ 1 ] [ 1916 1858 1595 ] [    0    0    0 ] [      0      0      0 ] [ 0 ],drive [ 45 ] [ 0 ] [ 1916 1854 1582 ] [   10   18   35 ] [   7544  20798   2033 ] [ 0 ],1.00,1.00,1.00,1.00,-0.98,-22.96,0.00,0.00,0.00,0.00,0.00,-0.00,-0.00,0.00,0.00,0.00,0.00,0.00,0.00,0.00,0.00,0
1.89208,0,-22,199,0,DRIVE [ 46 ] [ 1 ] [ 1916 1862 1610 ] [    0    0    0 ] [      0      0      0 ] [ 0 ],drive [ 45 ] [ 0 ] [ 1916 1858 1595 ] [   10   18   35 ] [   7544  20798   2033 ] [ 0 ],1.00,1.00,1.00,1.00,-0.31,-21.61,0.00,0.00,0.00,0.00,0.00,-0.00,-0.00,0.00,0.00,0.00,0.00,0.00,0.00,0.00,0.00,0
1.90224,0,-20,197,0,DRIVE [ 46 ] [ 1 ] [ 1924 1862 1629 ] [    0    0    0 ] [      0      0      0 ] [ 0 ],drive [ 46 ] [ 0 ] [ 1916 1862 1610 ] [   10   30   29 ] [   7544  20798   2033 ] [ 0 ],1.00,1.00,1.00,1.00,0.30,-20.13,0.00,0.00,0.00,0.00,0.00,-0.00,-0.00,0.00,0.00,0.00,0.00,0.00,-0.00,0.00,0.00,0
1.91285,1,-19,196,0,DRIVE [ 47 ] [ 1 ] [ 1920 1862 1654 ] [    0    0    0 ] [      0      0      0 ] [ 0 ],drive [ 46 ] [ 0 ] [ 1924 1862 1629 ] [   10   30   29 ] [   7544  20798   2033 ] [ 0 ],1.00,1.00,1.00,1.00,0.87,-18.63,0.00,0.00,0.00,0.00,0.00,-0.00,-0.00,0.00,0.00,0.00,0.00,0.00,-0.00,0.00,0.00,0
1.92291,1,-17,195,0,DRIVE [ 47 ] [ 1 ] [ 1916 1862 1678 ] [    0    0    0 ] [      0      0      0 ] [ 0 ],drive [ 47 ] [ 0 ] [ 1920 1862 1654 ] [   10   30   29 ] [   7544  20798   2033 ] [ 0 ],1.00,1.00,1.00,1.00,1.37,-17.07,0.00,0.00,0.00,0.00,0.00,-0.00,-0.00,0.00,0.00,0.00,0.00,0.00,-0.00,0.00,0.00,0
1.93461,2,-16,194,0,DRIVE [ 48 ] [ 1 ] [ 1913 1862 1703 ] [    0    0    0 ] [      0      0      0 ] [ 0 ],drive [ 47 ] [ 0 ] [ 1916 1862 1678 ] [   10   30   29 ] [   7499  20663   2033 ] [ 0 ],1.00,1.00,1.00,1.00,1.87,-15.53,0.00,0.00,0.00,0.00,0.00,-0.00,-0.00,0.00,0.00,0.00,0.00,0.00,-0.00,0.00,0.00,0
1.94658,3,-14,193,0,DRIVE [ 48 ] [ 1 ] [ 1908 1862 1727 ] [    0    0    0 ] [      0      0      0 ] [ 0 ],drive [ 48 ] [ 0 ] [ 1913 1862 1703 ] [    4   10   23 ] [   7499  20663   2033 ] [ 0 ],1.00,1.00,1.00,1.00,2.52,-14.01,0.00,0.00,0.00,0.00,0.00,-0.00,-0.00,0.00,0.00,0.00,0.00,0.00,-0.00,0.00,0.00,0
1.95853,3,-13,192,0,DRIVE [ 49 ] [ 1 ] [ 1902 1862 1752 ] [    0    0    0 ] [      0      0      0 ] [ 0 ],drive [ 48 ] [ 0 ] [ 1908 1862 1727 ] [    4   10   23 ] [   7499  20663   2033 ] [ 0 ],1.00,1.00,1.00,1.00,3.32,-12.52,0.00,0.00,0.00,0.00,0.00,-0.00,-0.00,0.00,0.00,0.00,0.00,0.00,-0.00,0.00,0.00,0
1.96895,4,-11,191,0,DRIVE [ 49 ] [ 1 ] [ 1896 1862 1776 ] [    0    0    0 ] [      0      0      0 ] [ 0 ],drive [ 49 ] [ 0 ] [ 1902 1862 1752 ] [    4   10   23 ] [   7499  20663   2033 ] [ 0 ],1.00,1.00,1.00,1.00,4.18,-10.98,0.00,0.00,0.00,0.00,0.00,-0.00,-0.00,0.00,0.00,0.00,0.00,0.00,-0.00,0.00,0.00,0
1.97955,5,-9,189,0,DRIVE [ 50 ] [ 1 ] [ 1887 1862 1798 ] [    0    0    0 ] [      0      0      0 ] [ 0 ],drive [ 49 ] [ 0 ] [ 1896 1862 1776 ] [    4   10   23 ] [   7434  20647   2009 ] [ 0 ],1.00,1.00,1.00,1.00,5.17,-9.38,0.00,0.00,0.00,0.00,0.00,-0.00,-0.00,0.00,0.00,0.00,0.00,0.00,-0.00,0.00,0.00,0
1.99013,6,-8,188,0,DRIVE [ 50 ] [ 1 ] [ 1877 1862 1819 ] [    0    0    0 ] [      0      0      0 ] [ 0 ],drive [ 50 ] [ 0 ] [ 1887 1862 1798 ] [    4   10   23 ] [   7434  20647   2009 ] [ 0 ],1.00,1.00,1.00,1.00,6.30,-7.72,0.00,0.00,0.00,0.00,0.00,-0.00,-0.00,0.00,0.00,0.00,0.00,0.00,-0.00,0.00,0.00,0
2.00252,7,-6,187,0,DRIVE [ 51 ] [ 1 ] [ 1864 1862 1836 ] [    0    0    0 ] [      0      0      0 ] [ 0 ],drive [ 50 ] [ 0 ] [ 1877 1862 1819 ] [   12   30   21 ] [   7434  20647   2009 ] [ 0 ],1.00,1.00,1.00,1.00,7.49,-6.05,0.00,0.00,0.00,0.00,0.00,-0.00,-0.00,0.00,0.00,0.00,0.00,0.00,-0.00,0.00,0.00,0
2.01424,9,-4,185,0,DRIVE [ 51 ] [ 1 ] [ 1848 1862 1849 ] [    0    0    0 ] [      0      0      0 ] [ 0 ],drive [ 51 ] [ 0 ] [ 1864 1862 1836 ] [   12   30   21 ] [   7434  20647   2009 ] [ 0 ],1.00,1.00,1.00,1.00,8.70,-4.44,0.00,0.00,0.00,0.00,0.00,-0.00,-0.00,0.00,0.00,0.00,0.00,0.00,-0.00,0.00,0.00,0
2.02492,10,-3,183,0,DRIVE [ 52 ] [ 1 ] [ 1829 1862 1857 ] [    0    0    0 ] [      0      0      0 ] [ 0 ],drive [ 51 ] [ 0 ] [ 1848 1862 1849 ] [   12   30   21 ] [   7434  20647   2009 ] [ 0 ],1.00,1.00,1.00,1.00,9.86,-2.96,0.00,0.00,0.00,0.00,0.00,-0.00,-0.00,0.00,0.00,0.00,0.00,0.00,0.00,0.00,0.00,0
2.03506,11,-2,181,0,DRIVE [ 52 ] [ 1 ] [ 1808 1862 1863 ] [    0    0    0 ] [      0      0      0 ] [ 0 ],drive [ 52 ] [ 0 ] [ 1829 1862 1857 ] [   12   30   21 ] [   7390  20541   1935 ] [ 0 ],1.00,1.00,1.00,1.00,11.05,-1.63,0.00,0.00,0.00,0.00,0.00,-0.00,-0.00,0.00,0.00,0.00,0.00,0.00,0.00,0.00,0.00,0
2.04647,12,0,180,0,DRIVE [ 53 ] [ 1 ] [ 1786 1862 1867 ] [    0    0    0 ] [      0      0      0 ] [ 0 ],drive [ 52 ] [ 0 ] [ 1808 1862 1863 ] [   16   12   10 ] [   7390  20541   1935 ] [ 0 ],1.00,1.00,1.00,1.00,12.21,-0.43,0.00,0.00,0.00,0.00,0.00,-0.00,-0.00,0.00,0.00,0.00,0.00,0.00,0.00,0.00,0.00,0
2.05798,13,1,178,0,DRIVE [ 53 ] [ 1 ] [ 1762 1862 1870 ] [    0    0    0 ] [      0      0      0 ] [ 0 ],drive [ 53 ] [ 0 ] [ 1786 1862 1867 ] [   16   12   10 ] [   7390  20541   1935 ] [ 0 ],1.00,1.00,1.00,1.00,13.36,0.73,0.00,0.00,0.00,0.00,0.00,-0.00,-0.00,0.00,0.00,0.00,0.00,0.00,0.00,0.00,0.00,0
2.07019,15,2,177,0,DRIVE [ 54 ] [ 1 ] [ 1737 1862 1872 ] [    0    0    0 ] [      0      0      0 ] [ 0 ],drive [ 53 ] [ 0 ] [ 1762 1862 1870 ] [   16   12   10 ] [   7390  20541   1935 ] [ 0 ],1.00,1.00,1.00,1.00,14.51,1.87,0.00,0.00,0.00,0.00,0.00,-0.00,-0.00,0.00,0.00,0.00,0.00,0.00,0.00,0.00,0.00,0
2.08228,16,3,176,0,DRIVE [ 54 ] [ 1 ] [ 1713 1862 1875 ] [    0    0    0 ] [      0      0      0 ] [ 0 ],drive [ 54 ] [ 0 ] [ 1737 1862 1872 ] [   16   12   10 ] [   7398  20540   1880 ] [ 0 ],1.00,1.00,1.00,1.00,15.56,2.96,0.00,0.00,0.00,0.00,0.00,-0.00,-0.00,0.00,0.00,0.00,0.00,0.00,0.00,0.00,0.00,0
2.09275,17,4,174,0,DRIVE [ 55 ] [ 1 ] [ 1689 1862 1877 ] [    0    0    0 ] [      0      0      0 ] [ 0 ],drive [ 54 ] [ 0 ] [ 1713 1862 1875 ] [   35   12   21 ] [   7398  20540   1880 ] [ 0 ],1.00,1.00,1.00,1.00,16.57,4.00,0.00,0.00,0.00,0.00,0.00,-0.00,-0.00,0.00,0.00,0.00,0.00,0.00,0.00,0.00,0.00,0
2.10241,18,5,173,0,DRIVE [ 55 ] [ 1 ] [ 1664 1862 1879 ] [    0    0    0 ] [      0      0      0 ] [ 0 ],drive [ 55 ] [ 0 ] [ 1689 1862 1877 ] [   35   12   21 ] [   7398  20540   1880 ] [ 0 ],1.00,1.00,1.00,1.00,17.55,5.05,0.00,0.00,0.00,0.00,0.00,-0.00,-0.00,0.00,0.00,0.00,0.00,0.00,0.00,0.00,0.00,0
2.11421,18,6,172,0,DRIVE [ 56 ] [ 1 ] [ 1641 1862 1881 ] [    0    0    0 ] [      0      0      0 ] [ 0 ],drive [ 55 ] [ 0 ] [ 1664 1862 1879 ] [   35   12   21 ] [   7398  20540   1880 ] [ 0 ],1.00,1.00,1.00,1.00,18.41,6.01,0.00,0.00,0.00,0.00,0.00,-0.00,-0.00,0.00,0.00,0.00,0.00,0.00,0.00,0.00,0.00,0
2.12598,19,7,170,0,DRIVE [ 56 ] [ 1 ] [ 1618 1862 1883 ] [    0    0    0 ] [      0      0      0 ] [ 0 ],drive [ 56 ] [ 0 ] [ 1641 1862 1881 ] [   35   12   21 ] [   7398  20540   1880 ] [ 0 ],1.00,1.00,1.00,1.00,19.21,6.92,0.00,0.00,0.00,0.00,0.00,0.00,-0.00,0.00,0.00,0.00,0.00,0.00,0.00,0.00,0.00,0
2.13807,20,8,169,0,DRIVE [ 57 ] [ 1 ] [ 1597 1862 1885 ] [    0    0    0 ] [      0      0      0 ] [ 0 ],drive [ 56 ] [ 0 ] [ 1618 1862 1883 ] [   35   12   21 ] [   7434  20533   1877 ] [ 0 ],1.00,1.00,1.00,1.00,19.96,7.71,0.00,0.00,0.00,0.00,0.00,0.00,-0.00,0.00,0.00,0.00,0.00,0.00,0.00,0.00,0.00,0
2.14866,21,8,167,0,DRIVE [ 57 ] [ 1 ] [ 1578 1862 1885 ] [    0    0    0 ] [      0      0      0 ] [ 0 ],drive [ 57 ] [ 0 ] [ 1597 1862 1885 ] [   32   19   26 ] [   7434  20533   1877 ] [ 0 ],1.00,1.00,1.00,1.00,20.60,8.33,0.00,0.00,0.00,0.00,0.00,0.00,-0.00,0.00,0.00,0.00,0.00,0.00,0.00,0.00,0.00,0
2.15882,21,9,165,0,DRIVE [ 58 ] [ 1 ] [ 1563 1862 1885 ] [    0    0    0 ] [      0      0      0 ] [ 0 ],drive [ 57 ] [ 0 ] [ 1578 1862 1885 ] [   32   19   26 ] [   7434  20533   1877 ] [ 0 ],1.00,1.00,1.00,1.00,21.12,8.74,0.00,0.00,0.00,0.00,0.00,0.00,-0.00,0.00,0.00,0.00,0.00,0.00,0.00,0.00,0.00,0
2.16979,22,9,164,0,DRIVE [ 58 ] [ 1 ] [ 1553 1862 1884 ] [    0    0    0 ] [      0      0      0 ] [ 0 ],drive [ 58 ] [ 0 ] [ 1563 1862 1885 ] [   32   19   26 ] [   7434  20533   1877 ] [ 0 ],1.00,1.00,1.00,1.00,21.57,8.95,0.00,0.00,0.00,0.00,0.00,0.00,-0.00,0.00,0.00,0.00,0.00,0.00,0.00,0.00,0.00,0
2.18207,22,9,163,0,DRIVE [ 59 ] [ 1 ] [ 1547 1862 1882 ] [    0    0    0 ] [      0      0      0 ] [ 0 ],drive [ 58 ] [ 0 ] [ 1553 1862 1884 ] [   32   19   26 ] [   7650  20521   1786 ] [ 0 ],1.00,1.00,1.00,1.00,21.93,8.92,0.00,0.00,0.00,0.00,0.00,0.00,-0.00,0.00,0.00,0.00,0.00,0.00,0.00,0.00,0.00,0
2.19379,22,9,162,0,DRIVE [ 59 ] [ 1 ] [ 1545 1862 1880 ] [    0    0    0 ] [      0      0      0 ] [ 0 ],drive [ 59 ] [ 0 ] [ 1547 1862 1882 ] [   40   24   21 ] [   7650  20521   1786 ] [ 0 ],1.00,1.00,1.00,1.00,22.09,8.72,0.00,0.00,0.00,0.00,0.00,0.00,-0.00,0.00,0.00,0.00,0.00,0.00,0.00,0.00,0.00,0
2.20599,22,8,161,0,DRIVE [ 60 ] [ 1 ] [ 1546 1862 1877 ] [    0    0    0 ] [      0      0      0 ] [ 0 ],drive [ 59 ] [ 0 ] [ 1545 1862 1880 ] [   40   24   21 ] [   7650  20521   1786 ] [ 0 ],1.00,1.00,1.00,1.00,22.16,8.45,0.00,0.00,0.00,0.00,0.00,0.00,-0.00,0.00,0.00,0.00,0.00,0.00,0.00,0.00,0.00,0
2.21607,22,8,160,0,DRIVE [ 60 ] [ 1 ] [ 1547 1862 1875 ] [    0    0    0 ] [      0      0      0 ] [ 0 ],drive [ 60 ] [ 0 ] [ 1546 1862 1877 ] [   40   24   21 ] [   7650  20521   1786 ] [ 0 ],1.00,1.00,1.00,1.00,22.14,8.14,0.00,0.00,0.00,0.00,0.00,0.00,-0.00,0.00,0.00,0.00,0.00,0.00,0.00,0.00,0.00,0
2.22631,22,8,159,0,DRIVE [ 61 ] [ 1 ] [ 1550 1862 1872 ] [    0    0    0 ] [      0      0      0 ] [ 0 ],drive [ 60 ] [ 0 ] [ 1547 1862 1875 ] [   40   24   21 ] [   7650  20521   1786 ] [ 0 ],1.00,1.00,1.00,1.00,22.13,7.79,0.00,0.00,0.00,0.00,0.00,0.00,-0.00,0.00,0.00,0.00,0.00,0.00,0.00,0.00,0.00,0
2.23815,22,7,158,0,DRIVE [ 61 ] [ 1 ] [ 1554 1862 1869 ] [    0    0    0 ] [      0      0      0 ] [ 0 ],drive [ 61 ] [ 0 ] [ 1550 1862 1872 ] [   40   24   21 ] [   7787  20507   1731 ] [ 0 ],1.00,1.00,1.00,1.00,22.08,7.34,0.00,0.00,0.00,0.00,0.00,0.00,-0.00,0.00,0.00,0.00,0.00,0.00,0.00,0.00,0.00,0
2.25009,22,7,157,0,DRIVE [ 62 ] [ 1 ] [ 1560 1862 1865 ] [    0    0    0 ] [      0      0      0 ] [ 0 ],drive [ 61 ] [ 0 ] [ 1554 1862 1869 ] [   32   26   20 ] [   7787  20507   1731 ] [ 0 ],1.00,1.00,1.00,1.00,21.97,6.80,0.00,0.00,0.00,0.00,0.00,0.00,-0.00,0.00,0.00,0.00,0.00,0.00,0.00,0.00,0.00,0
2.26187,22,6,156,0,DRIVE [ 62 ] [ 1 ] [ 1567 1862 1861 ] [    0    0    0 ] [      0      0      0 ] [ 0 ],drive [ 62 ] [ 0 ] [ 1560 1862 1865 ] [   32   26   20 ] [   7787  20507   1731 ] [ 0 ],1.00,1.00,1.00,1.00,21.84,6.23,0.00,0.00,0.00,0.00,0.00,0.00,-0.00,0.00,0.00,0.00,0.00,0.00,0.00,0.00,0.00,0
2.27373,22,6,155,0,DRIVE [ 63 ] [ 1 ] [ 1574 1862 1858 ] [    0    0    0 ] [      0      0      0 ] [ 0 ],drive [ 62 ] [ 0 ] [ 1567 1862 1861 ] [   32   26   20 ] [   7787  20507   1731 ] [ 0 ],1.00,1.00,1.00,1.00,21.61,5.68,0.00,0.00,0.00,0.00,0.00,0.00,-0.00,0.00,0.00,0.00,0.00,0.00,0.00,0.00,0.00,0
2.28427,21,5,154,0,DRIVE [ 63 ] [ 1 ] [ 1582 1862 1854 ] [    0    0    0 ] [      0      0      0 ] [ 0 ],drive [ 63 ] [ 0 ] [ 1574 1862 1858 ] [   32   26   20 ] [   7843  20472   1714 ] [ 0 ],1.00,1.00,1.00,1.00,21.38,5.14,0.00,0.00,0.00,0.00,0.00,0.00,-0.00,0.00,0.00,0.00,0.00,0.00,0.00,0.00,0.00,0
2.29438,21,5,153,0,DRIVE [ 64 ] [ 1 ] [ 1589 1862 1851 ] [    0    0    0 ] [      0      0      0 ] [ 0 ],drive [ 63 ] [ 0 ] [ 1582 1862 1854 ] [   35   14   16 ] [   7843  20472   1714 ] [ 0 ],1.00,1.00,1.00,1.00,21.17,4.58,0.00,0.00,0.00,0.00,0.00,0.00,-0.00,0.00,0.00,0.00,0.00,0.00,0.00,0.00,0.00,0
2.30611,21,4,153,0,DRIVE [ 64 ] [ 1 ] [ 1597 1862 1846 ] [    0    0    0 ] [      0      0      0 ] [ 0 ],drive [ 64 ] [ 0 ] [ 1589 1862 1851 ] [   35   14   16 ] [   7843  20472   1714 ] [ 0 ],1.00,1.00,1.00,1.00,21.00,3.96,0.00,0.00,0.00,0.00,0.00,0.00,-0.00,0.00,0.00,0.00,0.00,0.00,0.00,0.00,0.00,0
2.3181,21,3,152,0,DRIVE [ 65 ] [ 1 ] [ 1605 1862 1841 ] [    0    0    0 ] [      0      0      0 ] [ 0 ],drive [ 64 ] [ 0 ] [ 1597 1862 1846 ] [   35   14   16 ] [   7843  20472   1714 ] [ 0 ],1.00,1.00,1.00,1.00,20.85,3.29,0.00,0.00,0.00,0.00,0.00,0.00,-0.00,0.00,0.00,0.00,0.00,0.00,0.00,0.00,0.00,0
2.33,21,3,151,0,DRIVE [ 65 ] [ 1 ] [ 1612 1862 1836 ] [    0    0    0 ] [      0      0      0 ] [ 0 ],drive [ 65 ] [ 0 ] [ 1605 1862 1841 ] [   35   14   16 ] [   7843  20472   1707 ] [ 0 ],1.00,1.00,1.00,1.00,20.67,2.66,0.00,0.00,0.00,0.00,0.00,0.00,-0.00,0.00,0.00,0.00,0.00,0.00,0.00,0.00,0.00,0
2.34017,21,2,150,0,DRIVE [ 66 ] [ 1 ] [ 1619 1862 1831 ] [    0    0    0 ] [      0      0      0 ] [ 0 ],drive [ 65 ] [ 0 ] [ 1612 1862 1836 ] [   35   14   16 ] [   7843  20472   1707 ] [ 0 ],1.00,1.00,1.00,1.00,20.55,2.00,0.00,0.00,0.00,0.00,0.00,0.00,-0.00,0.00,0.00,0.00,0.00,0.00,0.00,0.00,0.00,0
2.34972,20,1,149,0,DRIVE [ 66 ] [ 1 ] [ 1626 1862 1826 ] [    0    0    0 ] [      0      0      0 ] [ 0 ],drive [ 66 ] [ 0 ] [ 1619 1862 1831 ] [   32   14   13 ] [   7843  20472   1707 ] [ 0 ],1.00,1.00,1.00,1.00,20.38,1.34,0.00,0.00,0.00,0.00,0.00,0.00,-0.00,0.00,0.00,0.00,0.00,0.00,0.00,0.00,0.00,0
2.3619,20,1,148,0,DRIVE [ 67 ] [ 1 ] [ 1635 1862 1821 ] [    0    0    0 ] [      0      0      0 ] [ 0 ],drive [ 66 ] [ 0 ] [ 1626 1862 1826 ] [   32   14   13 ] [   7843  20472   1707 ] [ 0 ],1.00,1.00,1.00,1.00,20.15,0.66,0.00,0.00,0.00,0.00,0.00,0.00,-0.00,0.00,0.00,0.00,0.00,0.00,0.00,0.00,0.00,0
2.37425,20,0,147,0,DRIVE [ 67 ] [ 1 ] [ 1642 1862 1816 ] [    0    0    0 ] [      0      0      0 ] [ 0 ],drive [ 67 ] [ 0 ] [ 1635 1862 1821 ] [   32   14   13 ] [   7843  20472   1707 ] [ 0 ],1.00,1.00,1.00,1.00,19.90,0.01,0.00,0.00,0.00,0.00,0.00,0.00,-0.00,0.00,0.00,0.00,0.00,0.00,0.00,0.00,0.00,0
2.38586,20,-1,146,0,DRIVE [ 68 ] [ 1 ] [ 1650 1862 1811 ] [    0    0    0 ] [      0      0      0 ] [ 0 ],drive [ 67 ] [ 0 ] [ 1642 1862 1816 ] [   32   14   13 ] [   7842  20472   1704 ] [ 0 ],1.00,1.00,1.00,1.00,19.63,-0.62,0.00,0.00,0.00,0.00,0.00,0.00,-0.00,0.00,0.00,0.00,0.00,0.00,0.00,0.00,0.00,0
2.39816,19,-1,145,0,DRIVE [ 68 ] [ 1 ] [ 1657 1862 1806 ] [    0    0    0 ] [      0      0      0 ] [ 0 ],drive [ 68 ] [ 0 ] [ 1650 1862 1811 ] [   29   14   15 ] [   7842  20472   1704 ] [ 0 ],1.00,1.00,1.00,1.00,19.37,-1.22,0.00,0.00,0.00,0.00,0.00,0.00,-0.00,0.00,0.00,0.00,0.00,0.00,0.00,0.00,0.00,0
2.40826,19,-2,145,0,DRIVE [ 69 ] [ 1 ] [ 1664 1862 1801 ] [    0    0    0 ] [      0      0      0 ] [ 0 ],drive [ 68 ] [ 0 ] [ 1657 1862 1806 ] [   29   14   15 ] [   7842  20472   1704 ] [ 0 ],1.00,1.00,1.00,1.00,19.09,-1.77,0.00,0.00,0.00,0.00,0.00,0.00,-0.00,0.00,0.00,0.00,0.00,0.00,0.00,0.00,0.00,0
2.41819,19,-2,144,0,DRIVE [ 69 ] [ 1 ] [ 1670 1862 1797 ] [    0    0    0 ] [      0      0      0 ] [ 0 ],drive [ 69 ] [ 0 ] [ 1664 1862 1801 ] [   29   14   15 ] [   7842  20472   1704 ] [ 0 ],1.00,1.00,1.00,1.00,18.81,-2.27,0.00,0.00,0.00,0.00,0.00,0.00,-0.00,0.00,0.00,0.00,0.00,0.00,0.00,0.00,0.00,0
2.4302,19,-3,143,0,DRIVE [ 70 ] [ 1 ] [ 1676 1862 1793 ] [    0    0    0 ] [      0      0      0 ] [ 0 ],drive [ 69 ] [ 0 ] [ 1670 1862 1797 ] [   29   14   15 ] [   7841  20472   1704 ] [ 0 ],1.00,1.00,1.00,1.00,18.52,-2.74,0.00,0.00,0.00,0.00,0.00,0.00,-0.00,0.00,0.00,0.00,0.00,0.00,0.00,0.00,0.00,0
2.44216,18,-3,142,0,DRIVE [ 70 ] [ 1 ] [ 1682 1862 1789 ] [    0    0    0 ] [      0      0      0 ] [ 0 ],drive [ 70 ] [ 0 ] [ 1676 1862 1793 ] [   29   14   15 ] [   7841  20472   1704 ] [ 0 ],1.00,1.00,1.00,1.00,18.21,-3.16,0.00,0.00,0.00,0.00,0.00,0.00,-0.00,0.00,0.00,0.00,0.00,0.00,0.00,0.00,0.00,0
2.45397,18,-4,141,0,DRIVE [ 71 ] [ 1 ] [ 1686 1862 1785 ] [    0    0    0 ] [      0      0      0 ] [ 0 ],drive [ 70 ] [ 0 ] [ 1682 1862 1789 ] [   26   14   17 ] [   7841  20472   1704 ] [ 0 ],1.00,1.00,1.00,1.00,17.97,-3.56,0.00,0.00,0.00,0.00,0.00,0.00,-0.00,0.00,0.00,0.00,0.00,0.00,0.00,0.00,0.00,0
2.46595,18,-4,140,0,DRIVE [ 71 ] [ 1 ] [ 1689 1862 1782 ] [    0    0    0 ] [      0      0      0 ] [ 0 ],drive [ 71 ] [ 0 ] [ 1686 1862 1785 ] [   26   14   17 ] [   7841  20472   1704 ] [ 0 ],1.00,1.00,1.00,1.00,17.80,-3.87,0.00,0.00,0.00,0.00,0.00,0.00,-0.00,0.00,0.00,0.00,0.00,0.00,0.00,0.00,0.00,0
2.4761,18,-4,139,0,DRIVE [ 72 ] [ 1 ] [ 1691 1862 1779 ] [    0    0    0 ] [      0      0      0 ] [ 0 ],drive [ 71 ] [ 0 ] [ 1689 1862 1782 ] [   26   14   17 ] [   7841  20472   1704 ] [ 0 ],1.00,1.00,1.00,1.00,17.67,-4.11,0.00,0.00,0.00,0.00,0.00,0.00,-0.00,0.00,0.00,0.00,0.00,0.00,0.00,0.00,0.00,0
2.48572,18,-4,138,0,DRIVE [ 72 ] [ 1 ] [ 1692 1862 1777 ] [    0    0    0 ] [      0      0      0 ] [ 0 ],drive [ 72 ] [ 0 ] [ 1691 1862 1779 ] [   26   14   17 ] [   7839  20470   1706 ] [ 0 ],1.00,1.00,1.00,1.00,17.56,-4.23,0.00,0.00,0.00,0.00,0.00,0.00,-0.00,0.00,0.00,0.00,0.00,0.00,0.00,0.00,0.00,0
2.49815,18,-4,137,0,DRIVE [ 73 ] [ 1 ] [ 1692 1862 1777 ] [    0    0    0 ] [      0      0      0 ] [ 0 ],drive [ 72 ] [ 0 ] [ 1692 1862 1777 ] [   22   11   19 ] [   7839  20470   1706 ] [ 0 ],1.00,1.00,1.00,1.00,17.52,-4.24,0.00,0.00,0.00,0.00,0.00,0.00,-0.00,0.00,0.00,0.00,0.00,0.00,0.00,0.00,0.00,0
2.50994,18,-4,136,0,DRIVE [ 73 ] [ 1 ] [ 1689 1862 1777 ] [    0    0    0 ] [      0      0      0 ] [ 0 ],drive [ 73 ] [ 0 ] [ 1692 1862 1777 ] [   22   11   19 ] [   7839  20470   1706 ] [ 0 ],1.00,1.00,1.00,1.00,17.55,-4.14,0.00,0.00,0.00,0.00,0.00,0.00,-0.00,0.00,0.00,0.00,0.00,0.00,0.00,0.00,0.00,0
2.52193,18,-4,135,0,DRIVE [ 74 ] [ 1 ] [ 1684 1862 1777 ] [    0    0    0 ] [      0      0      0 ] [ 0 ],drive [ 73 ] [ 0 ] [ 1689 1862 1777 ] [   22   11   19 ] [   7839  20470   1706 ] [ 0 ],1.00,1.00,1.00,1.00,17.69,-3.93,0.00,0.00,0.00,0.00,0.00,0.00,-0.00,0.00,0.00,0.00,0.00,0.00,0.00,0.00,0.00,0
2.53223,18,-4,134,0,DRIVE [ 74 ] [ 1 ] [ 1676 1862 1778 ] [    0    0    0 ] [      0      0      0 ] [ 0 ],drive [ 74 ] [ 0 ] [ 1684 1862 1777 ] [   22   11   19 ] [   7837  20449   1708 ] [ 0 ],1.00,1.00,1.00,1.00,17.92,-3.67,0.00,0.00,0.00,0.00,0.00,0.00,-0.00,0.00,0.00,0.00,0.00,0.00,0.00,0.00,0.00,0
2.54229,18,-3,133,0,DRIVE [ 75 ] [ 1 ] [ 1667 1862 1779 ] [    0    0    0 ] [      0      0      0 ] [ 0 ],drive [ 74 ] [ 0 ] [ 1676 1862 1778 ] [   21   13   22 ] [   7837  20449   1708 ] [ 0 ],1.00,1.00,1.00,1.00,18.23,-3.29,0.00,0.00,0.00,0.00,0.00,0.00,-0.00,0.00,0.00,0.00,0.00,0.00,0.00,0.00,0.00,0
2.55397,19,-3,132,0,DRIVE [ 75 ] [ 1 ] [ 1656 1862 1781 ] [    0    0    0 ] [      0      0      0 ] [ 0 ],drive [ 75 ] [ 0 ] [ 1667 1862 1779 ] [   21   13   22 ] [   7837  20449   1708 ] [ 0 ],1.00,1.00,1.00,1.00,18.57,-2.84,0.00,0.00,0.00,0.00,0.00,0.00,-0.00,0.00,0.00,0.00,0.00,0.00,0.00,0.00,0.00,0
2.56583,19,-2,131,0,DRIVE [ 76 ] [ 1 ] [ 1643 1862 1782 ] [    0    0    0 ] [      0      0      0 ] [ 0 ],drive [ 75 ] [ 0 ] [ 1656 1862 1781 ] [   21   13   22 ] [   7837  20449   1708 ] [ 0 ],1.00,1.00,1.00,1.00,19.00,-2.36,0.00,0.00,0.00,0.00,0.00,0.00,-0.00,0.00,0.00,0.00,0.00,0.00,0.00,0.00,0.00,0
2.57809,19,-2,130,0,DRIVE [ 76 ] [ 1 ] [ 1629 1862 1784 ] [    0    0    0 ] [      0      0      0 ] [ 0 ],drive [ 76 ] [ 0 ] [ 1643 1862 1782 ] [   21   13   22 ] [   7837  20449   1708 ] [ 0 ],1.00,1.00,1.00,1.00,19.48,-1.88,0.00,0.00,0.00,0.00,0.00,0.00,-0.00,0.00,0.00,0.00,0.00,0.00,0.00,0.00,0.00,0
2.58985,20,-1,129,0,DRIVE [ 77 ] [ 1 ] [ 1614 1862 1784 ] [    0    0    0 ] [      0      0      0 ] [ 0 ],drive [ 76 ] [ 0 ] [ 1629 1862 1784 ] [   21   13   22 ] [   7836  20399   1709 ] [ 0 ],1.00,1.00,1.00,1.00,20.00,-1.42,0.00,0.00,0.00,0.00,0.00,0.00,-0.00,0.00,0.00,0.00,0.00,0.00,0.00,0.00,0.00,0
2.59993,21,-1,128,0,DRIVE [ 77 ] [ 1 ] [ 1599 1862 1784 ] [    0    0    0 ] [      0      0      0 ] [ 0 ],drive [ 77 ] [ 0 ] [ 1614 1862 1784 ] [   26   14   21 ] [   7836  20399   1709 ] [ 0 ],1.00,1.00,1.00,1.00,20.56,-0.99,0.00,0.00,0.00,0.00,0.00,0.00,-0.00,0.00,0.00,0.00,0.00,0.00,0.00,0.00,0.00,0
2.60986,21,-1,127,0,DRIVE [ 78 ] [ 1 ] [ 1582 1862 1783 ] [    0    0    0 ] [      0      0      0 ] [ 0 ],drive [ 77 ] [ 0 ] [ 1599 1862 1784 ] [   26   14   21 ] [   7836  20399   1709 ] [ 0 ],1.00,1.00,1.00,1.00,21.20,-0.65,0.00,0.00,0.00,0.00,0.00,0.00,-0.00,0.00,0.00,0.00,0.00,0.00,0.00,0.00,0.00,0
2.62178,22,0,126,0,DRIVE [ 78 ] [ 1 ] [ 1566 1862 1780 ] [    0    0    0 ] [      0      0      0 ] [ 0 ],drive [ 78 ] [ 0 ] [ 1582 1862 1783 ] [   26   14   21 ] [   7836  20399   1709 ] [ 0 ],1.00,1.00,1.00,1.00,21.87,-0.39,0.00,0.00,0.00,0.00,0.00,0.00,-0.00,0.00,0.00,0.00,0.00,0.00,0.00,0.00,0.00,0
2.63392,23,0,125,0,DRIVE [ 79 ] [ 1 ] [ 1551 1862 1777 ] [    0    0    0 ] [      0      0      0 ] [ 0 ],drive [ 78 ] [ 0 ] [ 1566 1862 1780 ] [   26   14   21 ] [   7841  20353   1708 ] [ 0 ],1.00,1.00,1.00,1.00,22.52,-0.23,0.00,0.00,0.00,0.00,0.00,0.00,-0.00,0.00,0.00,0.00,0.00,0.00,0.00,0.00,0.00,0
2.64591,23,0,124,0,DRIVE [ 79 ] [ 1 ] [ 1536 1862 1773 ] [    0    0    0 ] [      0      0      0 ] [ 0 ],drive [ 79 ] [ 0 ] [ 1551 1862 1777 ] [   33   10   20 ] [   7841  20353   1708 ] [ 0 ],1.00,1.00,1.00,1.00,23.14,-0.09,0.00,0.00,0.00,0.00,0.00,0.00,-0.00,0.00,0.00,0.00,0.00,0.00,0.00,0.00,0.00,0
2.65779,24,0,123,0,DRIVE [ 80 ] [ 1 ] [ 1522 1862 1769 ] [    0    0    0 ] [      0      0      0 ] [ 0 ],drive [ 79 ] [ 0 ] [ 1536 1862 1773 ] [   33   10   20 ] [   7841  20353   1708 ] [ 0 ],1.00,1.00,1.00,1.00,23.76,0.01,0.00,0.00,0.00,0.00,0.00,0.00,-0.00,0.00,0.00,0.00,0.00,0.00,0.00,0.00,0.00,0
2.66801,24,0,122,0,DRIVE [ 80 ] [ 1 ] [ 1508 1862 1764 ] [    0    0    0 ] [      0      0      0 ] [ 0 ],drive [ 80 ] [ 0 ] [ 1522 1862 1769 ] [   33   10   20 ] [   7841  20353   1708 ] [ 0 ],1.00,1.00,1.00,1.00,24.35,0.07,0.00,0.00,0.00,0.00,0.00,0.00,-0.00,0.00,0.00,0.00,0.00,0.00,0.00,0.00,0.00,0
2.67806,25,0,121,0,DRIVE [ 81 ] [ 1 ] [ 1494 1862 1760 ] [    0    0    0 ] [      0      0      0 ] [ 0 ],drive [ 80 ] [ 0 ] [ 1508 1862 1764 ] [   33   10   20 ] [   7847  20353   1709 ] [ 0 ],1.00,1.00,1.00,1.00,24.95,0.14,0.00,0.00,0.00,0.00,0.00,0.00,-0.00,0.00,0.00,0.00,0.00,0.00,0.00,0.00,0.00,0
2.68987,26,0,120,0,DRIVE [ 81 ] [ 1 ] [ 1481 1862 1755 ] [    0    0    0 ] [      0      0      0 ] [ 0 ],drive [ 81 ] [ 0 ] [ 1494 1862 1760 ] [   33   10   20 ] [   7847  20353   1709 ] [ 0 ],1.00,1.00,1.00,1.00,25.54,0.18,0.00,0.00,0.00,0.00,0.00,0.00,-0.00,0.00,0.00,0.00,0.00,0.00,0.00,0.00,0.00,0
2.70202,26,0,119,0,DRIVE [ 82 ] [ 1 ] [ 1468 1862 1751 ] [    0    0    0 ] [      0      0      0 ] [ 0 ],drive [ 81 ] [ 0 ] [ 1481 1862 1755 ] [   47    9   23 ] [   7847  20353   1709 ] [ 0 ],1.00,1.00,1.00,1.00,26.11,0.20,0.00,0.00,0.00,0.00,0.00,0.00,-0.00,0.00,0.00,0.00,0.00,0.00,0.00,0.00,0.00,0
2.71369,27,0,118,0,DRIVE [ 82 ] [ 1 ] [ 1455 1862 1746 ] [    0    0    0 ] [      0      0      0 ] [ 0 ],drive [ 82 ] [ 0 ] [ 1468 1862 1751 ] [   47    9   23 ] [   7847  20353   1709 ] [ 0 ],1.00,1.00,1.00,1.00,26.62,0.22,0.00,0.00,0.00,0.00,0.00,0.00,-0.00,0.00,0.00,0.00,0.00,0.00,0.00,0.00,0.00,0
2.72299,27,0,117,0,DRIVE [ 83 ] [ 1 ] [ 1443 1862 1741 ] [    0    0    0 ] [      0      0      0 ] [ 0 ],drive [ 82 ] [ 0 ] [ 1455 1862 1746 ] [   47    9   23 ] [   7847  20353   1709 ] [ 0 ],1.00,1.00,1.00,1.00,27.14,0.22,0.00,0.00,0.00,0.00,0.00,0.00,-0.00,0.00,0.00,0.00,0.00,0.00,0.00,0.00,0.00,0
2.7341,28,0,116,0,DRIVE [ 83 ] [ 1 ] [ 1433 1862 1737 ] [    0    0    0 ] [      0      0      0 ] [ 0 ],drive [ 83 ] [ 0 ] [ 1443 1862 1741 ] [   47    9   23 ] [   7966  20336   1706 ] [ 0 ],1.00,1.00,1.00,1.00,27.53,0.16,0.00,0.00,0.00,0.00,0.00,0.00,-0.00,0.00,0.00,0.00,0.00,0.00,0.00,0.00,0.00,0
2.74588,28,0,116,0,DRIVE [ 84 ] [ 1 ] [ 1425 1862 1733 ] [    0    0    0 ] [      0      0      0 ] [ 0 ],drive [ 83 ] [ 0 ] [ 1433 1862 1737 ] [   43   24   22 ] [   7966  20336   1706 ] [ 0 ],1.00,1.00,1.00,1.00,27.85,0.11,0.00,0.00,0.00,0.00,0.00,0.00,-0.00,0.00,0.00,0.00,0.00,0.00,0.00,0.00,0.00,0
2.75775,28,0,115,0,DRIVE [ 84 ] [ 1 ] [ 1419 1862 1730 ] [    0    0    0 ] [      0      0      0 ] [ 0 ],drive [ 84 ] [ 0 ] [ 1425 1862 1733 ] [   43   24   22 ] [   7966  20336   1706 ] [ 0 ],1.00,1.00,1.00,1.00,28.04,0.09,0.00,0.00,0.00,0.00,0.00,0.00,-0.00,0.00,0.00,0.00,0.00,0.00,0.00,0.00,0.00,0
2.76947,28,0,114,0,DRIVE [ 85 ] [ 1 ] [ 1414 1862 1729 ] [    0    0    0 ] [      0      0      0 ] [ 0 ],drive [ 84 ] [ 0 ] [ 1419 1862 1730 ] [   43   24   22 ] [   7966  20336   1706 ] [ 0 ],1.00,1.00,1.00,1.00,28.11,0.12,0.00,0.00,0.00,0.00,0.00,0.00,-0.00,0.00,0.00,0.00,0.00,0.00,0.00,0.00,0.00,0
2.78166,28,0,113,0,DRIVE [ 85 ] [ 1 ] [ 1411 1862 1729 ] [    0    0    0 ] [      0      0      0 ] [ 0 ],drive [ 85 ] [ 0 ] [ 1414 1862 1729 ] [   43   24   22 ] [   8188  20227   1707 ] [ 0 ],1.00,1.00,1.00,1.00,28.06,0.20,0.00,0.00,0.00,0.00,0.00,0.00,-0.00,0.00,0.00,0.00,0.00,0.00,0.00,0.00,0.00,0
2.79086,28,0,113,0,DRIVE [ 86 ] [ 1 ] [ 1410 1862 1730 ] [    0    0    0 ] [      0      0      0 ] [ 0 ],drive [ 85 ] [ 0 ] [ 1411 1862 1729 ] [   57    3   25 ] [   8188  20227   1707 ] [ 0 ],1.00,1.00,1.00,1.00,27.95,0.30,0.00,0.00,0.00,0.00,0.00,0.00,-0.00,0.00,0.00,0.00,0.00,0.00,0.00,0.00,0.00,0
2.80199,28,0,112,0,DRIVE [ 86 ] [ 1 ] [ 1408 1862 1731 ] [    0    0    0 ] [      0      0      0 ] [ 0 ],drive [ 86 ] [ 0 ] [ 1410 1862 1730 ] [   57    3   25 ] [   8188  20227   1707 ] [ 0 ],1.00,1.00,1.00,1.00,27.81,0.45,0.00,0.00,0.00,0.00,0.00,0.00,-0.00,0.00,0.00,0.00,0.00,0.00,0.00,0.00,0.00,0
2.81386,28,1,111,0,DRIVE [ 87 ] [ 1 ] [ 1405 1862 1732 ] [    0    0    0 ] [      0      0      0 ] [ 0 ],drive [ 86 ] [ 0 ] [ 1408 1862 1731 ] [   57    3   25 ] [   8188  20227   1707 ] [ 0 ],1.00,1.00,1.00,1.00,27.70,0.55,0.00,0.00,0.00,0.00,0.00,0.00,-0.00,0.00,0.00,0.00,0.00,0.00,0.00,0.00,0.00,0
2.82557,28,1,111,0,DRIVE [ 87 ] [ 1 ] [ 1401 1862 1732 ] [    0    0    0 ] [      0      0      0 ] [ 0 ],drive [ 87 ] [ 0 ] [ 1405 1862 1732 ] [   57    3   25 ] [   8188  20227   1707 ] [ 0 ],1.00,1.00,1.00,1.00,27.67,0.63,0.00,0.00,0.00,0.00,0.00,0.00,-0.00,0.00,0.00,0.00,0.00,0.00,0.00,0.00,0.00,0
2.83747,28,1,110,0,DRIVE [ 88 ] [ 1 ] [ 1397 1862 1732 ] [    0    0    0 ] [      0      0      0 ] [ 0 ],drive [ 87 ] [ 0 ] [ 1401 1862 1732 ] [   57    3   25 ] [   8192  20221   1707 ] [ 0 ],1.00,1.00,1.00,1.00,27.68,0.69,0.00,0.00,0.00,0.00,0.00,0.00,-0.00,0.00,0.00,0.00,0.00,0.00,0.00,0.00,0.00,0
2.84719,28,1,109,0,DRIVE [ 88 ] [ 1 ] [ 1393 1862 1731 ] [    0    0    0 ] [      0      0      0 ] [ 0 ],drive [ 88 ] [ 0 ] [ 1397 1862 1732 ] [   57    4   24 ] [   8192  20221   1707 ] [ 0 ],1.00,1.00,1.00,1.00,27.72,0.73,0.00,0.00,0.00,0.00,0.00,0.00,-0.00,0.00,0.00,0.00,0.00,0.00,0.00,0.00,0.00,0
2.85784,28,1,109,0,DRIVE [ 89 ] [ 1 ] [ 1391 1862 1730 ] [    0    0    0 ] [      0      0      0 ] [ 0 ],drive [ 88 ] [ 0 ] [ 1393 1862 1731 ] [   57    4   24 ] [   8192  20221   1707 ] [ 0 ],1.00,1.00,1.00,1.00,27.72,0.72,0.00,0.00,0.00,0.00,0.00,0.00,-0.00,0.00,0.00,0.00,0.00,0.00,0.00,0.00,0.00,0
2.86986,28,1,108,0,DRIVE [ 89 ] [ 1 ] [ 1389 1862 1728 ] [    0    0    0 ] [      0      0      0 ] [ 0 ],drive [ 89 ] [ 0 ] [ 1391 1862 1730 ] [   57    4   24 ] [   8192  20221   1707 ] [ 0 ],1.00,1.00,1.00,1.00,27.69,0.66,0.00,0.00,0.00,0.00,0.00,0.00,-0.00,0.00,0.00,0.00,0.00,0.00,0.00,0.00,0.00,0
2.88187,28,1,108,0,DRIVE [ 90 ] [ 1 ] [ 1390 1862 1727 ] [    0    0    0 ] [      0      0      0 ] [ 0 ],drive [ 89 ] [ 0 ] [ 1389 1862 1728 ] [   57    4   24 ] [   8194  20215   1702 ] [ 0 ],1.00,1.00,1.00,1.00,27.61,0.55,0.00,0.00,0.00,0.00,0.00,0.00,-0.00,0.00,0.00,0.00,0.00,0.00,0.00,0.00,0.00,0
2.89385,27,0,107,0,DRIVE [ 90 ] [ 1 ] [ 1392 1862 1726 ] [    0    0    0 ] [      0      0      0 ] [ 0 ],drive [ 90 ] [ 0 ] [ 1390 1862 1727 ] [   61   12   22 ] [   8194  20215   1702 ] [ 0 ],1.00,1.00,1.00,1.00,27.43,0.44,0.00,0.00,0.00,0.00,0.00,0.00,-0.00,0.00,0.00,0.00,0.00,0.00,0.00,0.00,0.00,0
2.90552,27,0,107,0,DRIVE [ 91 ] [ 1 ] [ 1398 1862 1725 ] [    0    0    0 ] [      0      0      0 ] [ 0 ],drive [ 90 ] [ 0 ] [ 1392 1862 1726 ] [   61   12   22 ] [   8194  20215   1702 ] [ 0 ],1.00,1.00,1.00,1.00,27.11,0.28,0.00,0.00,0.00,0.00,0.00,0.00,-0.00,0.00,0.00,0.00,0.00,0.00,0.00,0.00,0.00,0
2.91543,27,0,106,0,DRIVE [ 91 ] [ 1 ] [ 1406 1862 1725 ] [    0    0    0 ] [      0      0      0 ] [ 0 ],drive [ 91 ] [ 0 ] [ 1398 1862 1725 ] [   61   12   22 ] [   8194  20215   1702 ] [ 0 ],1.00,1.00,1.00,1.00,26.64,0.09,0.00,0.00,0.00,0.00,0.00,0.00,-0.00,0.00,0.00,0.00,0.00,0.00,0.00,0.00,0.00,0
2.92594,26,0,106,0,DRIVE [ 92 ] [ 1 ] [ 1419 1862 1726 ] [    0    0    0 ] [      0      0      0 ] [ 0 ],drive [ 91 ] [ 0 ] [ 1406 1862 1725 ] [   61   12   22 ] [   8194  20215   1702 ] [ 0 ],1.00,1.00,1.00,1.00,26.06,-0.16,0.00,0.00,0.00,0.00,0.00,0.00,-0.00,0.00,0.00,0.00,0.00,0.00,0.00,0.00,0.00,0
2.93773,25,-1,106,0,DRIVE [ 92 ] [ 1 ] [ 1435 1862 1726 ] [    0    0    0 ] [      0      0      0 ] [ 0 ],drive [ 92 ] [ 0 ] [ 1419 1862 1726 ] [   61   12   22 ] [   8288  20158   1692 ] [ 0 ],1.00,1.00,1.00,1.00,25.37,-0.53,0.00,0.00,0.00,0.00,0.00,0.00,-0.00,0.00,0.00,0.00,0.00,0.00,-0.00,0.00,0.00,0
2.94995,25,-1,105,0,DRIVE [ 93 ] [ 1 ] [ 1455 1862 1725 ] [    0    0    0 ] [      0      0      0 ] [ 0 ],drive [ 92 ] [ 0 ] [ 1435 1862 1726 ] [   57   30   17 ] [   8288  20158   1692 ] [ 0 ],1.00,1.00,1.00,1.00,24.54,-0.99,0.00,0.00,0.00,0.00,0.00,0.00,-0.00,0.00,0.00,0.00,0.00,0.00,-0.00,0.00,0.00,0
2.96192,24,-2,105,0,DRIVE [ 93 ] [ 1 ] [ 1477 1862 1725 ] [    0    0    0 ] [      0      0      0 ] [ 0 ],drive [ 93 ] [ 0 ] [ 1455 1862 1725 ] [   57   30   17 ] [   8288  20158   1692 ] [ 0 ],1.00,1.00,1.00,1.00,23.63,-1.52,0.00,0.00,0.00,0.00,0.00,0.00,-0.00,0.00,0.00,0.00,0.00,0.00,-0.00,0.00,0.00,0
2.97384,23,-2,105,0,DRIVE [ 94 ] [ 1 ] [ 1500 1862 1724 ] [    0    0    0 ] [      0      0      0 ] [ 0 ],drive [ 93 ] [ 0 ] [ 1477 1862 1725 ] [   57   30   17 ] [   8288  20158   1692 ] [ 0 ],1.00,1.00,1.00,1.00,22.65,-2.09,0.00,0.00,0.00,0.00,0.00,0.00,-0.00,0.00,0.00,0.00,0.00,0.00,-0.00,0.00,0.00,0
2.98298,22,-3,104,0,DRIVE [ 94 ] [ 1 ] [ 1524 1862 1722 ] [    0    0    0 ] [      0      0      0 ] [ 0 ],drive [ 94 ] [ 0 ] [ 1500 1862 1724 ] [   57   30   17 ] [   8405  20158   1666 ] [ 0 ],1.00,1.00,1.00,1.00,21.66,-2.65,0.00,0.00,0.00,0.00,0.00,0.00,-0.00,0.00,0.00,0.00,0.00,0.00,-0.00,0.00,0.00,0
2.99373,21,-3,104,0,DRIVE [ 95 ] [ 1 ] [ 1547 1862 1721 ] [    0    0    0 ] [      0      0      0 ] [ 0 ],drive [ 94 ] [ 0 ] [ 1524 1862 1722 ] [   45   30   24 ] [   8405  20158   1666 ] [ 0 ],1.00,1.00,1.00,1.00,20.69,-3.25,0.00,0.00,0.00,0.00,0.00,0.00,-0.00,0.00,0.00,0.00,0.00,0.00,-0.00,0.00,0.00,0
3.00527,20,-4,103,0,DRIVE [ 95 ] [ 1 ] [ 1570 1862 1718 ] [    0    0    0 ] [      0      0      0 ] [ 0 ],drive [ 95 ] [ 0 ] [ 1547 1862 1721 ] [   45   30   24 ] [   8405  20158   1666 ] [ 0 ],1.00,1.00,1.00,1.00,19.73,-3.84,0.00,0.00,0.00,0.00,0.00,0.00,-0.00,0.00,0.00,0.00,0.00,0.00,-0.00,0.00,0.00,0
3.01764,19,-4,103,0,DRIVE [ 96 ] [ 1 ] [ 1591 1862 1715 ] [    0    0    0 ] [      0      0      0 ] [ 0 ],drive [ 95 ] [ 0 ] [ 1570 1862 1718 ] [   45   30   24 ] [   8405  20158   1666 ] [ 0 ],1.00,1.00,1.00,1.00,18.82,-4.43,0.00,0.00,0.00,0.00,0.00,0.00,-0.00,0.00,0.00,0.00,0.00,0.00,-0.00,0.00,0.00,0
3.0296,18,-5,102,0,DRIVE [ 96 ] [ 1 ] [ 1612 1862 1712 ] [    0    0    0 ] [      0      0      0 ] [ 0 ],drive [ 96 ] [ 0 ] [ 1591 1862 1715 ] [   45   30   24 ] [   8398  20158   1663 ] [ 0 ],1.00,1.00,1.00,1.00,17.94,-5.04,0.00,0.00,0.00,0.00,0.00,0.00,-0.00,0.00,0.00,0.00,0.00,0.00,-0.00,0.00,0.00,0
3.03934,17,-6,102,0,DRIVE [ 97 ] [ 1 ] [ 1632 1862 1707 ] [    0    0    0 ] [      0      0      0 ] [ 0 ],drive [ 96 ] [ 0 ] [ 1612 1862 1712 ] [   45   30   24 ] [   8398  20158   1663 ] [ 0 ],1.00,1.00,1.00,1.00,17.10,-5.67,0.00,0.00,0.00,0.00,0.00,0.00,-0.00,0.00,0.00,0.00,0.00,0.00,-0.00,0.00,0.00,0
3.04952,16,-6,101,0,DRIVE [ 97 ] [ 1 ] [ 1650 1862 1701 ] [    0    0    0 ] [      0      0      0 ] [ 0 ],drive [ 97 ] [ 0 ] [ 1632 1862 1707 ] [   33   30   24 ] [   8398  20158   1663 ] [ 0 ],1.00,1.00,1.00,1.00,16.28,-6.29,0.00,0.00,0.00,0.00,0.00,0.00,-0.00,0.00,0.00,0.00,0.00,0.00,-0.00,0.00,0.00,0
3.06156,15,-7,101,0,DRIVE [ 98 ] [ 1 ] [ 1669 1862 1695 ] [    0    0    0 ] [      0      0      0 ] [ 0 ],drive [ 97 ] [ 0 ] [ 1650 1862 1701 ] [   33   30   24 ] [   8398  20158   1663 ] [ 0 ],1.00,1.00,1.00,1.00,15.47,-6.95,0.00,0.00,0.00,0.00,0.00,0.00,-0.00,0.00,0.00,0.00,0.00,0.00,-0.00,0.00,0.00,0
3.07337,15,-8,100,0,DRIVE [ 98 ] [ 1 ] [ 1686 1862 1687 ] [    0    0    0 ] [      0      0      0 ] [ 0 ],drive [ 98 ] [ 0 ] [ 1669 1862 1695 ] [   33   30   24 ] [   8398  20158   1663 ] [ 0 ],1.00,1.00,1.00,1.00,14.68,-7.58,0.00,0.00,0.00,0.00,0.00,0.00,-0.00,0.00,0.00,0.00,0.00,0.00,-0.00,0.00,0.00,0
3.08586,14,-8,100,0,DRIVE [ 99 ] [ 1 ] [ 1702 1862 1679 ] [    0    0    0 ] [      0      0      0 ] [ 0 ],drive [ 98 ] [ 0 ] [ 1686 1862 1687 ] [   33   30   24 ] [   8378  20158   1665 ] [ 0 ],1.00,1.00,1.00,1.00,13.91,-8.22,0.00,0.00,0.00,0.00,0.00,0.00,-0.00,0.00,0.00,0.00,0.00,0.00,-0.00,0.00,0.00,0
3.09758,13,-9,99,0,DRIVE [ 99 ] [ 1 ] [ 1717 1862 1669 ] [    0    0    0 ] [      0      0      0 ] [ 0 ],drive [ 99 ] [ 0 ] [ 1702 1862 1679 ] [   33   30   24 ] [   8378  20158   1665 ] [ 0 ],1.00,1.00,1.00,1.00,13.19,-8.86,0.00,0.00,0.00,0.00,0.00,0.00,-0.00,0.00,0.00,0.00,0.00,0.00,-0.00,0.00,0.00,0
3.1072,13,-9,99,0,DRIVE [ 00 ] [ 1 ] [ 1730 1862 1659 ] [    0    0    0 ] [      0      0      0 ] [ 0 ],drive [ 99 ] [ 0 ] [ 1717 1862 1669 ] [   33   30   24 ] [   8378  20158   1665 ] [ 0 ],1.00,1.00,1.00,1.00,12.50,-9.46,0.00,0.00,0.00,0.00,0.00,0.00,-0.00,0.00,0.00,0.00,0.00,0.00,-0.00,0.00,0.00,0
3.11763,12,-10,98,0,DRIVE [ 00 ] [ 1 ] [ 1742 1862 1649 ] [    0    0    0 ] [      0      0      0 ] [ 0 ],drive [ 00 ] [ 0 ] [ 1730 1862 1659 ] [   33   30   24 ] [   8378  20158   1665 ] [ 0 ],1.00,1.00,1.00,1.00,11.88,-10.03,0.00,0.00,0.00,0.00,0.00,0.00,-0.00,0.00,0.00,0.00,0.00,0.00,-0.00,0.00,0.00,0
3.12982,11,-11,98,0,DRIVE [ 01 ] [ 1 ] [ 1752 1862 1638 ] [    0    0    0 ] [      0      0      0 ] [ 0 ],drive [ 00 ] [ 0 ] [ 1742 1862 1649 ] [   33   30   24 ] [   8315  20158   1675 ] [ 0 ],1.00,1.00,1.00,1.00,11.30,-10.56,0.00,0.00,0.00,0.00,0.00,0.00,-0.00,0.00,0.00,0.00,0.00,0.00,-0.00,0.00,0.00,0
3.14164,11,-11,97,0,DRIVE [ 01 ] [ 1 ] [ 1762 1862 1626 ] [    0    0    0 ] [      0      0      0 ] [ 0 ],drive [ 01 ] [ 0 ] [ 1752 1862 1638 ] [   33   30   24 ] [   8315  20158   1675 ] [ 0 ],1.00,1.00,1.00,1.00,10.79,-11.06,0.00,0.00,0.00,0.00,0.00,0.00,-0.00,0.00,0.00,0.00,0.00,0.00,-0.00,0.00,0.00,0
3.15372,10,-11,96,0,DRIVE [ 02 ] [ 1 ] [ 1769 1862 1616 ] [    0    0    0 ] [      0      0      0 ] [ 0 ],drive [ 01 ] [ 0 ] [ 1762 1862 1626 ] [   25   31   22 ] [   8315  20158   1675 ] [ 0 ],1.00,1.00,1.00,1.00,10.32,-11.47,0.00,0.00,0.00,0.00,0.00,0.00,-0.00,0.00,0.00,0.00,0.00,0.00,-0.00,0.00,0.00,0
3.16567,10,-12,96,0,DRIVE [ 02 ] [ 1 ] [ 1776 1862 1605 ] [    0    0    0 ] [      0      0      0 ] [ 0 ],drive [ 02 ] [ 0 ] [ 1769 1862 1616 ] [   25   31   22 ] [   8315  20158   1675 ] [ 0 ],1.00,1.00,1.00,1.00,9.89,-11.88,0.00,0.00,0.00,0.00,0.00,0.00,-0.00,0.00,0.00,0.00,0.00,0.00,-0.00,0.00,0.00,0
3.17512,9,-12,95,0,DRIVE [ 03 ] [ 1 ] [ 1782 1862 1594 ] [    0    0    0 ] [      0      0      0 ] [ 0 ],drive [ 02 ] [ 0 ] [ 1776 1862 1605 ] [   25   31   22 ] [   8315  20158   1675 ] [ 0 ],1.00,1.00,1.00,1.00,9.49,-12.25,0.00,0.00,0.00,0.00,0.00,0.00,-0.00,0.00,0.00,0.00,0.00,0.00,0.00,0.00,0.00,0
3.18538,9,-13,94,0,DRIVE [ 03 ] [ 1 ] [ 1788 1862 1584 ] [    0    0    0 ] [      0      0      0 ] [ 0 ],drive [ 03 ] [ 0 ] [ 1782 1862 1594 ] [   25   31   22 ] [   8246  20147   1691 ] [ 0 ],1.00,1.00,1.00,1.00,9.10,-12.60,0.00,0.00,0.00,0.00,0.00,0.00,-0.00,0.00,0.00,0.00,0.00,0.00,0.00,0.00,0.00,0
3.19769,9,-13,94,0,DRIVE [ 04 ] [ 1 ] [ 1794 1862 1574 ] [    0    0    0 ] [      0      0      0 ] [ 0 ],drive [ 03 ] [ 0 ] [ 1788 1862 1584 ] [   27   18   34 ] [   8246  20147   1691 ] [ 0 ],1.00,1.00,1.00,1.00,8.72,-12.91,0.00,0.00,0.00,0.00,0.00,0.00,-0.00,0.00,0.00,0.00,0.00,0.00,0.00,0.00,0.00,0
3.2097,8,-13,93,0,DRIVE [ 04 ] [ 1 ] [ 1799 1862 1564 ] [    0    0    0 ] [      0      0      0 ] [ 0 ],drive [ 04 ] [ 0 ] [ 1794 1862 1574 ] [   27   18   34 ] [   8246  20147   1691 ] [ 0 ],1.00,1.00,1.00,1.00,8.40,-13.20,0.00,0.00,0.00,0.00,0.00,0.00,-0.00,0.00,0.00,0.00,0.00,0.00,0.00,0.00,0.00,0
3.22128,8,-13,93,0,DRIVE [ 05 ] [ 1 ] [ 1803 1862 1555 ] [    0    0    0 ] [      0      0      0 ] [ 0 ],drive [ 04 ] [ 0 ] [ 1799 1862 1564 ] [   27   18   34 ] [   8246  20147   1691 ] [ 0 ],1.00,1.00,1.00,1.00,8.14,-13.46,0.00,0.00,0.00,0.00,0.00,0.00,-0.00,0.00,0.00,0.00,0.00,0.00,0.00,0.00,0.00,0
3.23089,8,-14,92,0,DRIVE [ 05 ] [ 1 ] [ 1806 1862 1546 ] [    0    0    0 ] [      0      0      0 ] [ 0 ],drive [ 05 ] [ 0 ] [ 1803 1862 1555 ] [   27   18   34 ] [   8072  20129   1726 ] [ 0 ],1.00,1.00,1.00,1.00,7.92,-13.69,0.00,0.00,0.00,0.00,0.00,0.00,-0.00,0.00,0.00,0.00,0.00,0.00,0.00,0.00,0.00,0
3.24145,8,-14,91,0,DRIVE [ 06 ] [ 1 ] [ 1809 1862 1538 ] [    0    0    0 ] [      0      0      0 ] [ 0 ],drive [ 05 ] [ 0 ] [ 1806 1862 1546 ] [   27   18   34 ] [   8072  20129   1726 ] [ 0 ],1.00,1.00,1.00,1.00,7.69,-13.89,0.00,0.00,0.00,0.00,0.00,0.00,-0.00,0.00,0.00,0.00,0.00,0.00,0.00,0.00,0.00,0
3.25332,7,-14,91,0,DRIVE [ 06 ] [ 1 ] [ 1813 1862 1531 ] [    0    0    0 ] [      0      0      0 ] [ 0 ],drive [ 06 ] [ 0 ] [ 1809 1862 1538 ] [   13   10   44 ] [   8072  20129   1726 ] [ 0 ],1.00,1.00,1.00,1.00,7.41,-14.03,0.00,0.00,0.00,0.00,0.00,0.00,-0.00,0.00,0.00,0.00,0.00,0.00,0.00,0.00,0.00,0
3.26552,7,-14,90,0,DRIVE [ 07 ] [ 1 ] [ 1817 1862 1526 ] [    0    0    0 ] [      0      0      0 ] [ 0 ],drive [ 06 ] [ 0 ] [ 1813 1862 1531 ] [   13   10   44 ] [   8072  20129   1726 ] [ 0 ],1.00,1.00,1.00,1.00,7.13,-14.13,0.00,0.00,0.00,0.00,0.00,0.00,-0.00,0.00,0.00,0.00,0.00,0.00,0.00,0.00,0.00,0
3.27734,7,-14,90,0,DRIVE [ 07 ] [ 1 ] [ 1820 1862 1517 ] [    0    0    0 ] [      0      0      0 ] [ 0 ],drive [ 07 ] [ 0 ] [ 1817 1862 1526 ] [   13   10   44 ] [   8072  20129   1726 ] [ 0 ],1.00,1.00,1.00,1.00,6.87,-14.32,0.00,0.00,0.00,0.00,0.00,0.00,-0.00,0.00,0.00,0.00,0.00,0.00,0.00,0.00,0.00,0
3.28929,7,-15,89,0,DRIVE [ 08 ] [ 1 ] [ 1824 1862 1507 ] [    0    0    0 ] [      0      0      0 ] [ 0 ],drive [ 07 ] [ 0 ] [ 1820 1862 1517 ] [   13   10   44 ] [   8020  20124   1803 ] [ 0 ],1.00,1.00,1.00,1.00,6.63,-14.57,0.00,0.00,0.00,0.00,0.00,0.00,-0.00,0.00,0.00,0.00,0.00,0.00,0.00,0.00,0.00,0
3.29873,6,-15,89,0,DRIVE [ 08 ] [ 1 ] [ 1827 1862 1496 ] [    0    0    0 ] [      0      0      0 ] [ 0 ],drive [ 08 ] [ 0 ] [ 1824 1862 1507 ] [   32    9   37 ] [   8020  20124   1803 ] [ 0 ],1.00,1.00,1.00,1.00,6.40,-14.82,0.00,0.00,0.00,0.00,0.00,0.00,-0.00,0.00,0.00,0.00,0.00,0.00,0.00,0.00,0.00,0
3.30939,6,-15,88,0,DRIVE [ 09 ] [ 1 ] [ 1830 1862 1485 ] [    0    0    0 ] [      0      0      0 ] [ 0 ],drive [ 08 ] [ 0 ] [ 1827 1862 1496 ] [   32    9   37 ] [   8020  20124   1803 ] [ 0 ],1.00,1.00,1.00,1.00,6.19,-15.09,0.00,0.00,0.00,0.00,0.00,0.00,-0.00,0.00,0.00,0.00,0.00,0.00,0.00,0.00,0.00,0
3.32131,6,-15,88,0,DRIVE [ 09 ] [ 1 ] [ 1833 1862 1473 ] [    0    0    0 ] [      0      0      0 ] [ 0 ],drive [ 09 ] [ 0 ] [ 1830 1862 1485 ] [   32    9   37 ] [   8020  20124   1803 ] [ 0 ],1.00,1.00,1.00,1.00,5.97,-15.40,0.00,0.00,0.00,0.00,0.00,0.00,-0.00,0.00,0.00,0.00,0.00,0.00,0.00,0.00,0.00,0
3.33341,6,-16,87,0,DRIVE [ 10 ] [ 1 ] [ 1836 1862 1460 ] [    0    0    0 ] [      0      0      0 ] [ 0 ],drive [ 09 ] [ 0 ] [ 1833 1862 1473 ] [   32    9   37 ] [   7967  20124   1815 ] [ 0 ],1.00,1.00,1.00,1.00,5.74,-15.67,0.00,0.00,0.00,0.00,0.00,0.00,-0.00,0.00,0.00,0.00,0.00,0.00,0.00,0.00,0.00,0
3.34538,6,-16,87,0,DRIVE [ 10 ] [ 1 ] [ 1839 1862 1449 ] [    0    0    0 ] [      0      0      0 ] [ 0 ],drive [ 10 ] [ 0 ] [ 1836 1862 1460 ] [   23    9   63 ] [   7967  20124   1815 ] [ 0 ],1.00,1.00,1.00,1.00,5.56,-15.92,0.00,0.00,0.00,0.00,0.00,0.00,-0.00,0.00,0.00,0.00,0.00,0.00,0.00,0.00,0.00,0
3.35743,5,-16,86,0,DRIVE [ 11 ] [ 1 ] [ 1841 1862 1439 ] [    0    0    0 ] [      0      0      0 ] [ 0 ],drive [ 10 ] [ 0 ] [ 1839 1862 1449 ] [   23    9   63 ] [   7967  20124   1815 ] [ 0 ],1.00,1.00,1.00,1.00,5.43,-16.13,0.00,0.00,0.00,0.00,0.00,0.00,-0.00,0.00,0.00,0.00,0.00,0.00,0.00,0.00,0.00,0
3.3667,5,-16,86,0,DRIVE [ 11 ] [ 1 ] [ 1841 1862 1432 ] [    0    0    0 ] [      0      0      0 ] [ 0 ],drive [ 11 ] [ 0 ] [ 1841 1862 1439 ] [   23    9   63 ] [   7967  20124   1815 ] [ 0 ],1.00,1.00,1.00,1.00,5.37,-16.25,0.00,0.00,0.00,0.00,0.00,0.00,-0.00,0.00,0.00,0.00,0.00,0.00,0.00,0.00,0.00,0
3.37739,5,-16,85,0,DRIVE [ 12 ] [ 1 ] [ 1840 1862 1429 ] [    0    0    0 ] [      0      0      0 ] [ 0 ],drive [ 11 ] [ 0 ] [ 1841 1862 1432 ] [   23    9   63 ] [   7961  20124   1923 ] [ 0 ],1.00,1.00,1.00,1.00,5.39,-16.25,0.00,0.00,0.00,0.00,0.00,0.00,-0.00,0.00,0.00,0.00,0.00,0.00,0.00,0.00,0.00,0
3.3892,5,-16,85,0,DRIVE [ 12 ] [ 1 ] [ 1839 1862 1429 ] [    0    0    0 ] [      0      0      0 ] [ 0 ],drive [ 12 ] [ 0 ] [ 1840 1862 1429 ] [   23    9   63 ] [   7961  20124   1923 ] [ 0 ],1.00,1.00,1.00,1.00,5.46,-16.17,0.00,0.00,0.00,0.00,0.00,0.00,-0.00,0.00,0.00,0.00,0.00,0.00,0.00,0.00,0.00,0
3.4014,6,-16,84,0,DRIVE [ 13 ] [ 1 ] [ 1835 1862 1428 ] [    0    0    0 ] [      0      0      0 ] [ 0 ],drive [ 12 ] [ 0 ] [ 1839 1862 1429 ] [    8    9   44 ] [   7961  20124   1923 ] [ 0 ],1.00,1.00,1.00,1.00,5.62,-16.13,0.00,0.00,0.00,0.00,0.00,0.00,-0.00,0.00,0.00,0.00,0.00,0.00,0.00,0.00,0.00,0
3.41343,6,-16,83,0,DRIVE [ 13 ] [ 1 ] [ 1831 1862 1428 ] [    0    0    0 ] [      0      0      0 ] [ 0 ],drive [ 13 ] [ 0 ] [ 1835 1862 1428 ] [    8    9   44 ] [   7961  20124   1923 ] [ 0 ],1.00,1.00,1.00,1.00,5.87,-16.08,0.00,0.00,0.00,0.00,0.00,0.00,-0.00,0.00,0.00,0.00,0.00,0.00,0.00,0.00,0.00,0
3.42286,6,-16,83,0,DRIVE [ 14 ] [ 1 ] [ 1824 1862 1428 ] [    0    0    0 ] [      0      0      0 ] [ 0 ],drive [ 13 ] [ 0 ] [ 1831 1862 1428 ] [    8    9   44 ] [   7961  20124   1923 ] [ 0 ],1.00,1.00,1.00,1.00,6.22,-16.03,0.00,0.00,0.00,0.00,0.00,0.00,-0.00,0.00,0.00,0.00,0.00,0.00,0.00,0.00,0.00,0
3.43334,7,-16,83,0,DRIVE [ 14 ] [ 1 ] [ 1816 1862 1430 ] [    0    0    0 ] [      0      0      0 ] [ 0 ],drive [ 14 ] [ 0 ] [ 1824 1862 1428 ] [    8    9   44 ] [   7899  20124   1926 ] [ 0 ],1.00,1.00,1.00,1.00,6.67,-15.95,0.00,0.00,0.00,0.00,0.00,0.00,-0.00,0.00,0.00,0.00,0.00,0.00,0.00,0.00,0.00,0
3.44535,7,-16,82,0,DRIVE [ 15 ] [ 1 ] [ 1805 1862 1434 ] [    0    0    0 ] [      0      0      0 ] [ 0 ],drive [ 14 ] [ 0 ] [ 1816 1862 1430 ] [    7    9   49 ] [   7899  20124   1926 ] [ 0 ],1.00,1.00,1.00,1.00,7.23,-15.79,0.00,0.00,0.00,0.00,0.00,0.00,-0.00,0.00,0.00,0.00,0.00,0.00,0.00,0.00,0.00,0
3.45739,8,-16,82,0,DRIVE [ 15 ] [ 1 ] [ 1793 1862 1441 ] [    0    0    0 ] [      0      0      0 ] [ 0 ],drive [ 15 ] [ 0 ] [ 1805 1862 1434 ] [    7    9   49 ] [   7899  20124   1926 ] [ 0 ],1.00,1.00,1.00,1.00,7.88,-15.56,0.00,0.00,0.00,0.00,0.00,0.00,-0.00,0.00,0.00,0.00,0.00,0.00,0.00,0.00,0.00,0
3.4694,9,-15,81,0,DRIVE [ 16 ] [ 1 ] [ 1779 1862 1449 ] [    0    0    0 ] [      0      0      0 ] [ 0 ],drive [ 15 ] [ 0 ] [ 1793 1862 1441 ] [    7    9   49 ] [   7899  20124   1926 ] [ 0 ],1.00,1.00,1.00,1.00,8.57,-15.23,0.00,0.00,0.00,0.00,0.00,0.00,-0.00,0.00,0.00,0.00,0.00,0.00,0.00,0.00,0.00,0
3.48126,9,-15,81,0,DRIVE [ 16 ] [ 1 ] [ 1765 1862 1460 ] [    0    0    0 ] [      0      0      0 ] [ 0 ],drive [ 16 ] [ 0 ] [ 1779 1862 1449 ] [    7    9   49 ] [   7788  20124   1997 ] [ 0 ],1.00,1.00,1.00,1.00,9.30,-14.79,0.00,0.00,0.00,0.00,0.00,0.00,-0.00,0.00,0.00,0.00,0.00,0.00,0.00,0.00,0.00,0
3.4906,10,-14,80,0,DRIVE [ 17 ] [ 1 ] [ 1748 1862 1475 ] [    0    0    0 ] [      0      0      0 ] [ 0 ],drive [ 16 ] [ 0 ] [ 1765 1862 1460 ] [    7    9   49 ] [   7788  20124   1997 ] [ 0 ],1.00,1.00,1.00,1.00,10.06,-14.19,0.00,0.00,0.00,0.00,0.00,0.00,-0.00,0.00,0.00,0.00,0.00,0.00,0.00,0.00,0.00,0
3.50132,11,-13,79,0,DRIVE [ 17 ] [ 1 ] [ 1730 1862 1491 ] [    0    0    0 ] [      0      0      0 ] [ 0 ],drive [ 17 ] [ 0 ] [ 1748 1862 1475 ] [   38    9   42 ] [   7788  20124   1997 ] [ 0 ],1.00,1.00,1.00,1.00,10.85,-13.50,0.00,0.00,0.00,0.00,0.00,0.00,-0.00,0.00,0.00,0.00,0.00,0.00,0.00,0.00,0.00,0
3.51328,12,-13,79,0,DRIVE [ 18 ] [ 1 ] [ 1710 1862 1503 ] [    0    0    0 ] [      0      0      0 ] [ 0 ],drive [ 17 ] [ 0 ] [ 1730 1862 1491 ] [   38    9   42 ] [   7788  20124   1997 ] [ 0 ],1.00,1.00,1.00,1.00,11.71,-12.87,0.00,0.00,0.00,0.00,0.00,0.00,-0.00,0.00,0.00,0.00,0.00,0.00,0.00,0.00,0.00,0
3.52513,13,-12,78,0,DRIVE [ 18 ] [ 1 ] [ 1688 1862 1514 ] [    0    0    0 ] [      0      0      0 ] [ 0 ],drive [ 18 ] [ 0 ] [ 1710 1862 1503 ] [   38    9   42 ] [   7788  20124   1997 ] [ 0 ],1.00,1.00,1.00,1.00,12.57,-12.28,0.00,0.00,0.00,0.00,0.00,0.00,-0.00,0.00,0.00,0.00,0.00,0.00,0.00,0.00,0.00,0
3.53749,13,-12,78,0,DRIVE [ 19 ] [ 1 ] [ 1666 1862 1523 ] [    0    0    0 ] [      0      0      0 ] [ 0 ],drive [ 18 ] [ 0 ] [ 1688 1862 1514 ] [   38    9   42 ] [   7774  20124   2030 ] [ 0 ],1.00,1.00,1.00,1.00,13.44,-11.70,0.00,0.00,0.00,0.00,0.00,0.00,-0.00,0.00,0.00,0.00,0.00,0.00,0.00,0.00,0.00,0
3.54929,14,-11,77,0,DRIVE [ 19 ] [ 1 ] [ 1643 1862 1531 ] [    0    0    0 ] [      0      0      0 ] [ 0 ],drive [ 19 ] [ 0 ] [ 1666 1862 1523 ] [   42    9   37 ] [   7774  20124   2030 ] [ 0 ],1.00,1.00,1.00,1.00,14.27,-11.11,0.00,0.00,0.00,0.00,0.00,0.00,-0.00,0.00,0.00,0.00,0.00,0.00,0.00,0.00,0.00,0
3.55862,15,-11,76,0,DRIVE [ 20 ] [ 1 ] [ 1620 1862 1538 ] [    0    0    0 ] [      0      0      0 ] [ 0 ],drive [ 19 ] [ 0 ] [ 1643 1862 1531 ] [   42    9   37 ] [   7774  20124   2030 ] [ 0 ],1.00,1.00,1.00,1.00,15.08,-10.52,0.00,0.00,0.00,0.00,0.00,0.00,-0.00,0.00,0.00,0.00,0.00,0.00,0.00,0.00,0.00,0
3.56918,16,-10,76,0,DRIVE [ 20 ] [ 1 ] [ 1596 1862 1544 ] [    0    0    0 ] [      0      0      0 ] [ 0 ],drive [ 20 ] [ 0 ] [ 1620 1862 1538 ] [   42    9   37 ] [   7774  20124   2030 ] [ 0 ],1.00,1.00,1.00,1.00,15.86,-9.94,0.00,0.00,0.00,0.00,0.00,0.00,-0.00,0.00,0.00,0.00,0.00,0.00,0.00,0.00,0.00,0
3.58138,17,-9,75,0,DRIVE [ 21 ] [ 1 ] [ 1572 1862 1550 ] [    0    0    0 ] [      0      0      0 ] [ 0 ],drive [ 20 ] [ 0 ] [ 1596 1862 1544 ] [   42    9   37 ] [   7789  20124   2024 ] [ 0 ],1.00,1.00,1.00,1.00,16.65,-9.37,0.00,0.00,0.00,0.00,0.00,0.00,-0.00,0.00,0.00,0.00,0.00,0.00,0.00,0.00,0.00,0
3.59305,17,-9,75,0,DRIVE [ 21 ] [ 1 ] [ 1546 1862 1555 ] [    0    0    0 ] [      0      0      0 ] [ 0 ],drive [ 21 ] [ 0 ] [ 1572 1862 1550 ] [   42    9   37 ] [   7789  20124   2024 ] [ 0 ],1.00,1.00,1.00,1.00,17.41,-8.78,0.00,0.00,0.00,0.00,0.00,0.00,-0.00,0.00,0.00,0.00,0.00,0.00,0.00,0.00,0.00,0
3.60541,18,-8,74,0,DRIVE [ 22 ] [ 1 ] [ 1521 1862 1560 ] [    0    0    0 ] [      0      0      0 ] [ 0 ],drive [ 21 ] [ 0 ] [ 1546 1862 1555 ] [   42    9   34 ] [   7789  20124   2024 ] [ 0 ],1.00,1.00,1.00,1.00,18.14,-8.21,0.00,0.00,0.00,0.00,0.00,0.00,-0.00,0.00,0.00,0.00,0.00,0.00,0.00,0.00,0.00,0
3.61547,19,-8,73,0,DRIVE [ 22 ] [ 1 ] [ 1495 1862 1564 ] [    0    0    0 ] [      0      0      0 ] [ 0 ],drive [ 22 ] [ 0 ] [ 1521 1862 1560 ] [   42    9   34 ] [   7789  20124   2024 ] [ 0 ],1.00,1.00,1.00,1.00,18.83,-7.64,0.00,0.00,0.00,0.00,0.00,0.00,-0.00,0.00,0.00,0.00,0.00,0.00,0.00,0.00,0.00,0
3.62527,19,-7,73,0,DRIVE [ 23 ] [ 1 ] [ 1471 1862 1568 ] [    0    0    0 ] [      0      0      0 ] [ 0 ],drive [ 22 ] [ 0 ] [ 1495 1862 1564 ] [   42    9   34 ] [   7789  20124   2024 ] [ 0 ],1.00,1.00,1.00,1.00,19.48,-7.10,0.00,0.00,0.00,0.00,0.00,0.00,-0.00,0.00,0.00,0.00,0.00,0.00,0.00,0.00,0.00,0
3.63752,20,-7,72,0,DRIVE [ 23 ] [ 1 ] [ 1447 1862 1572 ] [    0    0    0 ] [      0      0      0 ] [ 0 ],drive [ 23 ] [ 0 ] [ 1471 1862 1568 ] [   42    9   34 ] [   7836  20124   2022 ] [ 0 ],1.00,1.00,1.00,1.00,20.07,-6.55,0.00,0.00,0.00,0.00,0.00,0.00,-0.00,0.00,0.00,0.00,0.00,0.00,0.00,0.00,0.00,0
3.64954,21,-6,72,0,DRIVE [ 24 ] [ 1 ] [ 1423 1862 1576 ] [    0    0    0 ] [      0      0      0 ] [ 0 ],drive [ 23 ] [ 0 ] [ 1447 1862 1572 ] [   57    9   37 ] [   7836  20124   2022 ] [ 0 ],1.00,1.00,1.00,1.00,20.63,-6.01,0.00,0.00,0.00,0.00,0.00,0.00,-0.00,0.00,0.00,0.00,0.00,0.00,0.00,0.00,0.00,0
3.66158,21,-5,71,0,DRIVE [ 24 ] [ 1 ] [ 1399 1862 1581 ] [    0    0    0 ] [      0      0      0 ] [ 0 ],drive [ 24 ] [ 0 ] [ 1423 1862 1576 ] [   57    9   37 ] [   7836  20124   2022 ] [ 0 ],1.00,1.00,1.00,1.00,21.17,-5.46,0.00,0.00,0.00,0.00,0.00,0.00,-0.00,0.00,0.00,0.00,0.00,0.00,0.00,0.00,0.00,0
3.6735,22,-5,71,0,DRIVE [ 25 ] [ 1 ] [ 1376 1862 1585 ] [    0    0    0 ] [      0      0      0 ] [ 0 ],drive [ 24 ] [ 0 ] [ 1399 1862 1581 ] [   57    9   37 ] [   7836  20124   2022 ] [ 0 ],1.00,1.00,1.00,1.00,21.65,-4.91,0.00,0.00,0.00,0.00,0.00,0.00,-0.00,0.00,0.00,0.00,0.00,0.00,0.00,0.00,0.00,0
3.68309,22,-4,70,0,DRIVE [ 25 ] [ 1 ] [ 1353 1862 1590 ] [    0    0    0 ] [      0      0      0 ] [ 0 ],drive [ 25 ] [ 0 ] [ 1376 1862 1585 ] [   57    9   37 ] [   8045  20124   1999 ] [ 0 ],1.00,1.00,1.00,1.00,22.10,-4.38,0.00,0.00,0.00,0.00,0.00,0.00,-0.00,0.00,0.00,0.00,0.00,0.00,0.00,0.00,0.00,0
3.6937,22,-4,70,0,DRIVE [ 26 ] [ 1 ] [ 1333 1862 1595 ] [    0    0    0 ] [      0      0      0 ] [ 0 ],drive [ 25 ] [ 0 ] [ 1353 1862 1590 ] [   50    9   50 ] [   8045  20124   1999 ] [ 0 ],1.00,1.00,1.00,1.00,22.44,-3.88,0.00,0.00,0.00,0.00,0.00,0.00,-0.00,0.00,0.00,0.00,0.00,0.00,0.00,0.00,0.00,0
3.70555,23,-3,70,0,DRIVE [ 26 ] [ 1 ] [ 1316 1862 1600 ] [    0    0    0 ] [      0      0      0 ] [ 0 ],drive [ 26 ] [ 0 ] [ 1333 1862 1595 ] [   50    9   50 ] [   8045  20124   1999 ] [ 0 ],1.00,1.00,1.00,1.00,22.70,-3.41,0.00,0.00,0.00,0.00,0.00,0.00,-0.00,0.00,0.00,0.00,0.00,0.00,0.00,0.00,0.00,0
3.7177,23,-3,69,0,DRIVE [ 27 ] [ 1 ] [ 1302 1862 1605 ] [    0    0    0 ] [      0      0      0 ] [ 0 ],drive [ 26 ] [ 0 ] [ 1316 1862 1600 ] [   50    9   50 ] [   8045  20124   1999 ] [ 0 ],1.00,1.00,1.00,1.00,22.86,-2.98,0.00,0.00,0.00,0.00,0.00,0.00,-0.00,0.00,0.00,0.00,0.00,0.00,0.00,0.00,0.00,0
3.72954,23,-3,69,0,DRIVE [ 27 ] [ 1 ] [ 1289 1862 1611 ] [    0    0    0 ] [      0      0      0 ] [ 0 ],drive [ 27 ] [ 0 ] [ 1302 1862 1605 ] [   50    9   50 ] [   8245  20117   1932 ] [ 0 ],1.00,1.00,1.00,1.00,22.95,-2.54,0.00,0.00,0.00,0.00,0.00,0.00,-0.00,0.00,0.00,0.00,0.00,0.00,0.00,0.00,0.00,0
3.74173,23,-2,68,0,DRIVE [ 28 ] [ 1 ] [ 1277 1862 1617 ] [    0    0    0 ] [      0      0      0 ] [ 0 ],drive [ 27 ] [ 0 ] [ 1289 1862 1611 ] [   50    9   50 ] [   8245  20117   1932 ] [ 0 ],1.00,1.00,1.00,1.00,22.95,-2.12,0.00,0.00,0.00,0.00,0.00,0.00,-0.00,0.00,0.00,0.00,0.00,0.00,0.00,0.00,0.00,0
3.75109,23,-2,68,0,DRIVE [ 28 ] [ 1 ] [ 1269 1862 1622 ] [    0    0    0 ] [      0      0      0 ] [ 0 ],drive [ 28 ] [ 0 ] [ 1277 1862 1617 ] [   79    8   25 ] [   8245  20117   1932 ] [ 0 ],1.00,1.00,1.00,1.00,22.91,-1.80,0.00,0.00,0.00,0.00,0.00,0.00,-0.00,0.00,0.00,0.00,0.00,0.00,0.00,0.00,0.00,0
3.76167,23,-2,67,0,DRIVE [ 29 ] [ 1 ] [ 1265 1862 1627 ] [    0    0    0 ] [      0      0      0 ] [ 0 ],drive [ 28 ] [ 0 ] [ 1269 1862 1622 ] [   79    8   25 ] [   8245  20117   1932 ] [ 0 ],1.00,1.00,1.00,1.00,22.81,-1.57,0.00,0.00,0.00,0.00,0.00,0.00,-0.00,0.00,0.00,0.00,0.00,0.00,0.00,0.00,0.00,0
3.77362,23,-1,67,0,DRIVE [ 29 ] [ 1 ] [ 1262 1862 1630 ] [    0    0    0 ] [      0      0      0 ] [ 0 ],drive [ 29 ] [ 0 ] [ 1265 1862 1627 ] [   79    8   25 ] [   8245  20117   1932 ] [ 0 ],1.00,1.00,1.00,1.00,22.67,-1.40,0.00,0.00,0.00,0.00,0.00,0.00,-0.00,0.00,0.00,0.00,0.00,0.00,0.00,0.00,0.00,0
3.78579,22,-1,67,0,DRIVE [ 30 ] [ 1 ] [ 1262 1862 1633 ] [    0    0    0 ] [      0      0      0 ] [ 0 ],drive [ 29 ] [ 0 ] [ 1262 1862 1630 ] [   79    8   25 ] [   8453  20104   1878 ] [ 0 ],1.00,1.00,1.00,1.00,22.49,-1.28,0.00,0.00,0.00,0.00,0.00,0.00,-0.00,0.00,0.00,0.00,0.00,0.00,0.00,0.00,0.00,0
3.79785,22,-1,66,0,DRIVE [ 30 ] [ 1 ] [ 1264 1862 1636 ] [    0    0    0 ] [      0      0      0 ] [ 0 ],drive [ 30 ] [ 0 ] [ 1262 1862 1633 ] [   79    8   46 ] [   8453  20104   1878 ] [ 0 ],1.00,1.00,1.00,1.00,22.24,-1.20,0.00,0.00,0.00,0.00,0.00,0.00,-0.00,0.00,0.00,0.00,0.00,0.00,0.00,0.00,0.00,0
3.80739,22,-1,66,0,DRIVE [ 31 ] [ 1 ] [ 1270 1862 1637 ] [    0    0    0 ] [      0      0      0 ] [ 0 ],drive [ 30 ] [ 0 ] [ 1264 1862 1636 ] [   79    8   46 ] [   8453  20104   1878 ] [ 0 ],1.00,1.00,1.00,1.00,21.97,-1.22,0.00,0.00,0.00,0.00,0.00,0.00,-0.00,0.00,0.00,0.00,0.00,0.00,0.00,0.00,0.00,0
3.81789,22,-1,66,0,DRIVE [ 31 ] [ 1 ] [ 1279 1862 1637 ] [    0    0    0 ] [      0      0      0 ] [ 0 ],drive [ 31 ] [ 0 ] [ 1270 1862 1637 ] [   79    8   46 ] [   8453  20104   1878 ] [ 0 ],1.00,1.00,1.00,1.00,21.67,-1.35,0.00,0.00,0.00,0.00,0.00,0.00,-0.00,0.00,0.00,0.00,0.00,0.00,0.00,0.00,0.00,0
3.82971,21,-2,66,0,DRIVE [ 32 ] [ 1 ] [ 1290 1862 1635 ] [    0    0    0 ] [      0      0      0 ] [ 0 ],drive [ 31 ] [ 0 ] [ 1279 1862 1637 ] [   79    8   46 ] [   8764  20104   1785 ] [ 0 ],1.00,1.00,1.00,1.00,21.38,-1.57,0.00,0.00,0.00,0.00,0.00,0.00,-0.00,0.00,0.00,0.00,0.00,0.00,0.00,0.00,0.00,0
3.84157,21,-2,65,0,DRIVE [ 32 ] [ 1 ] [ 1303 1862 1631 ] [    0    0    0 ] [      0      0      0 ] [ 0 ],drive [ 32 ] [ 0 ] [ 1290 1862 1635 ] [   79    8   46 ] [   8764  20104   1785 ] [ 0 ],1.00,1.00,1.00,1.00,21.05,-1.89,0.00,0.00,0.00,0.00,0.00,0.00,-0.00,0.00,0.00,0.00,0.00,0.00,0.00,0.00,0.00,0
3.85365,21,-2,65,0,DRIVE [ 33 ] [ 1 ] [ 1316 1862 1627 ] [    0    0    0 ] [      0      0      0 ] [ 0 ],drive [ 32 ] [ 0 ] [ 1303 1862 1631 ] [   60    8   42 ] [   8764  20104   1785 ] [ 0 ],1.00,1.00,1.00,1.00,20.70,-2.22,0.00,0.00,0.00,0.00,0.00,0.00,-0.00,0.00,0.00,0.00,0.00,0.00,0.00,0.00,0.00,0
3.86573,20,-2,65,0,DRIVE [ 33 ] [ 1 ] [ 1329 1862 1624 ] [    0    0    0 ] [      0      0      0 ] [ 0 ],drive [ 33 ] [ 0 ] [ 1316 1862 1627 ] [   60    8   42 ] [   8764  20104   1785 ] [ 0 ],1.00,1.00,1.00,1.00,20.35,-2.48,0.00,0.00,0.00,0.00,0.00,0.00,-0.00,0.00,0.00,0.00,0.00,0.00,0.00,0.00,0.00,0
3.87535,20,-3,65,0,DRIVE [ 34 ] [ 1 ] [ 1339 1862 1621 ] [    0    0    0 ] [      0      0      0 ] [ 0 ],drive [ 33 ] [ 0 ] [ 1329 1862 1624 ] [   60    8   42 ] [   8764  20104   1785 ] [ 0 ],1.00,1.00,1.00,1.00,20.06,-2.72,0.00,0.00,0.00,0.00,0.00,0.00,-0.00,0.00,0.00,0.00,0.00,0.00,0.00,0.00,0.00,0
3.88585,20,-3,64,0,DRIVE [ 34 ] [ 1 ] [ 1347 1862 1617 ] [    0    0    0 ] [      0      0      0 ] [ 0 ],drive [ 34 ] [ 0 ] [ 1339 1862 1621 ] [   60    8   42 ] [   8848  20102   1762 ] [ 0 ],1.00,1.00,1.00,1.00,19.84,-2.97,0.00,0.00,0.00,0.00,0.00,0.00,-0.00,0.00,0.00,0.00,0.00,0.00,0.00,0.00,0.00,0
3.89775,20,-3,64,0,DRIVE [ 35 ] [ 1 ] [ 1352 1862 1612 ] [    0    0    0 ] [      0      0      0 ] [ 0 ],drive [ 34 ] [ 0 ] [ 1347 1862 1617 ] [   56    9   39 ] [   8848  20102   1762 ] [ 0 ],1.00,1.00,1.00,1.00,19.69,-3.21,0.00,0.00,0.00,0.00,0.00,0.00,-0.00,0.00,0.00,0.00,0.00,0.00,0.00,0.00,0.00,0
3.90968,20,-3,64,0,DRIVE [ 35 ] [ 1 ] [ 1357 1862 1607 ] [    0    0    0 ] [      0      0      0 ] [ 0 ],drive [ 35 ] [ 0 ] [ 1352 1862 1612 ] [   56    9   39 ] [   8848  20102   1762 ] [ 0 ],1.00,1.00,1.00,1.00,19.56,-3.42,0.00,0.00,0.00,0.00,0.00,0.00,-0.00,0.00,0.00,0.00,0.00,0.00,0.00,0.00,0.00,0
3.92167,19,-4,63,0,DRIVE [ 36 ] [ 1 ] [ 1362 1862 1602 ] [    0    0    0 ] [      0      0      0 ] [ 0 ],drive [ 35 ] [ 0 ] [ 1357 1862 1607 ] [   56    9   39 ] [   8848  20102   1762 ] [ 0 ],1.00,1.00,1.00,1.00,19.43,-3.65,0.00,0.00,0.00,0.00,0.00,0.00,-0.00,0.00,0.00,0.00,0.00,0.00,-0.00,0.00,0.00,0
3.93139,19,-4,63,0,DRIVE [ 36 ] [ 1 ] [ 1368 1862 1596 ] [    0    0    0 ] [      0      0      0 ] [ 0 ],drive [ 36 ] [ 0 ] [ 1362 1862 1602 ] [   56    9   39 ] [   8846  20053   1772 ] [ 0 ],1.00,1.00,1.00,1.00,19.29,-3.89,0.00,0.00,0.00,0.00,0.00,0.00,-0.00,0.00,0.00,0.00,0.00,0.00,-0.00,0.00,0.00,0
3.94159,19,-4,63,0,DRIVE [ 37 ] [ 1 ] [ 1374 1862 1590 ] [    0    0    0 ] [      0      0      0 ] [ 0 ],drive [ 36 ] [ 0 ] [ 1368 1862 1596 ] [   56    9   39 ] [   8846  20053   1772 ] [ 0 ],1.00,1.00,1.00,1.00,19.14,-4.17,0.00,0.00,0.00,0.00,0.00,0.00,-0.00,0.00,0.00,0.00,0.00,0.00,-0.00,0.00,0.00,0
3.95381,19,-4,63,0,DRIVE [ 37 ] [ 1 ] [ 1382 1862 1583 ] [    0    0    0 ] [      0      0      0 ] [ 0 ],drive [ 37 ] [ 0 ] [ 1374 1862 1590 ] [   54   28   41 ] [   8846  20053   1772 ] [ 0 ],1.00,1.00,1.00,1.00,18.97,-4.49,0.00,0.00,0.00,0.00,0.00,0.00,-0.00,0.00,0.00,0.00,0.00,0.00,-0.00,0.00,0.00,0
3.9657,19,-5,62,0,DRIVE [ 38 ] [ 1 ] [ 1390 1862 1575 ] [    0    0    0 ] [      0      0      0 ] [ 0 ],drive [ 37 ] [ 0 ] [ 1382 1862 1583 ] [   54   28   41 ] [   8846  20053   1772 ] [ 0 ],1.00,1.00,1.00,1.00,18.79,-4.84,0.00,0.00,0.00,0.00,0.00,0.00,-0.00,0.00,0.00,0.00,0.00,0.00,-0.00,0.00,0.00,0
3.97763,19,-5,62,0,DRIVE [ 38 ] [ 1 ] [ 1399 1862 1567 ] [    0    0    0 ] [      0      0      0 ] [ 0 ],drive [ 38 ] [ 0 ] [ 1390 1862 1575 ] [   54   28   41 ] [   8846  20053   1772 ] [ 0 ],1.00,1.00,1.00,1.00,18.58,-5.19,0.00,0.00,0.00,0.00,0.00,0.00,-0.00,0.00,0.00,0.00,0.00,0.00,-0.00,0.00,0.00,0
3.9896,18,-6,62,0,DRIVE [ 39 ] [ 1 ] [ 1409 1862 1560 ] [    0    0    0 ] [      0      0      0 ] [ 0 ],drive [ 38 ] [ 0 ] [ 1399 1862 1567 ] [   54   28   41 ] [   8846  20053   1766 ] [ 0 ],1.00,1.00,1.00,1.00,18.34,-5.53,0.00,0.00,0.00,0.00,0.00,0.00,-0.00,0.00,0.00,0.00,0.00,0.00,-0.00,0.00,0.00,0
3.99945,18,-6,61,0,DRIVE [ 39 ] [ 1 ] [ 1419 1862 1552 ] [    0    0    0 ] [      0      0      0 ] [ 0 ],drive [ 39 ] [ 0 ] [ 1409 1862 1560 ] [   50   27   44 ] [   8846  20053   1766 ] [ 0 ],1.00,1.00,1.00,1.00,18.09,-5.88,0.00,0.00,0.00,0.00,0.00,0.00,-0.00,0.00,0.00,0.00,0.00,0.00,-0.00,0.00,0.00,0
4.00972,18,-6,61,0,DRIVE [ 40 ] [ 1 ] [ 1430 1862 1545 ] [    0    0    0 ] [      0      0      0 ] [ 0 ],drive [ 39 ] [ 0 ] [ 1419 1862 1552 ] [   50   27   44 ] [   8846  20053   1766 ] [ 0 ],1.00,1.00,1.00,1.00,17.79,-6.23,0.00,0.00,0.00,0.00,0.00,0.00,-0.00,0.00,0.00,0.00,0.00,0.00,-0.00,0.00,0.00,0
4.02169,17,-7,61,0,DRIVE [ 40 ] [ 1 ] [ 1442 1862 1538 ] [    0    0    0 ] [      0      0      0 ] [ 0 ],drive [ 40 ] [ 0 ] [ 1430 1862 1545 ] [   50   27   44 ] [   8846  20053   1766 ] [ 0 ],1.00,1.00,1.00,1.00,17.45,-6.58,0.00,0.00,0.00,0.00,0.00,0.00,-0.00,0.00,0.00,0.00,0.00,0.00,-0.00,0.00,0.00,0
4.03378,17,-7,61,0,DRIVE [ 41 ] [ 1 ] [ 1455 1862 1530 ] [    0    0    0 ] [      0      0      0 ] [ 0 ],drive [ 40 ] [ 0 ] [ 1442 1862 1538 ] [   50   27   44 ] [   8844  20053   1767 ] [ 0 ],1.00,1.00,1.00,1.00,17.09,-6.94,0.00,0.00,0.00,0.00,0.00,0.00,-0.00,0.00,0.00,0.00,0.00,0.00,-0.00,0.00,0.00,0
4.04574,17,-7,60,0,DRIVE [ 41 ] [ 1 ] [ 1470 1862 1523 ] [    0    0    0 ] [      0      0      0 ] [ 0 ],drive [ 41 ] [ 0 ] [ 1455 1862 1530 ] [   46   27   48 ] [   8844  20053   1767 ] [ 0 ],1.00,1.00,1.00,1.00,16.68,-7.31,0.00,0.00,0.00,0.00,0.00,0.00,-0.00,0.00,0.00,0.00,0.00,0.00,-0.00,0.00,0.00,0
4.05758,16,-8,60,0,DRIVE [ 42 ] [ 1 ] [ 1485 1862 1514 ] [    0    0    0 ] [      0      0      0 ] [ 0 ],drive [ 41 ] [ 0 ] [ 1470 1862 1523 ] [   46   27   48 ] [   8844  20053   1767 ] [ 0 ],1.00,1.00,1.00,1.00,16.24,-7.69,0.00,0.00,0.00,0.00,0.00,0.00,-0.00,0.00,0.00,0.00,0.00,0.00,-0.00,0.00,0.00,0
4.06746,16,-8,60,0,DRIVE [ 42 ] [ 1 ] [ 1501 1862 1506 ] [    0    0    0 ] [      0      0      0 ] [ 0 ],drive [ 42 ] [ 0 ] [ 1485 1862 1514 ] [   46   27   48 ] [   8844  20053   1767 ] [ 0 ],1.00,1.00,1.00,1.00,15.78,-8.08,0.00,0.00,0.00,0.00,0.00,0.00,-0.00,0.00,0.00,0.00,0.00,0.00,-0.00,0.00,0.00,0
4.07772,15,-8,60,0,DRIVE [ 43 ] [ 1 ] [ 1518 1862 1498 ] [    0    0    0 ] [      0      0      0 ] [ 0 ],drive [ 42 ] [ 0 ] [ 1501 1862 1506 ] [   46   27   48 ] [   8841  20053   1772 ] [ 0 ],1.00,1.00,1.00,1.00,15.28,-8.46,0.00,0.00,0.00,0.00,0.00,0.00,-0.00,0.00,0.00,0.00,0.00,0.00,-0.00,0.00,0.00,0
4.08959,15,-9,59,0,DRIVE [ 43 ] [ 1 ] [ 1536 1862 1490 ] [    0    0    0 ] [      0      0      0 ] [ 0 ],drive [ 43 ] [ 0 ] [ 1518 1862 1498 ] [   46   27   48 ] [   8841  20053   1772 ] [ 0 ],1.00,1.00,1.00,1.00,14.73,-8.84,0.00,0.00,0.00,0.00,0.00,0.00,-0.00,0.00,0.00,0.00,0.00,0.00,-0.00,0.00,0.00,0
4.10174,14,-9,59,0,DRIVE [ 44 ] [ 1 ] [ 1554 1862 1482 ] [    0    0    0 ] [      0      0      0 ] [ 0 ],drive [ 43 ] [ 0 ] [ 1536 1862 1490 ] [   41   27   48 ] [   8841  20053   1772 ] [ 0 ],1.00,1.00,1.00,1.00,14.15,-9.19,0.00,0.00,0.00,0.00,0.00,0.00,-0.00,0.00,0.00,0.00,0.00,0.00,-0.00,0.00,0.00,0
4.11366,14,-10,59,0,DRIVE [ 44 ] [ 1 ] [ 1572 1862 1474 ] [    0    0    0 ] [      0      0      0 ] [ 0 ],drive [ 44 ] [ 0 ] [ 1554 1862 1482 ] [   41   27   48 ] [   8841  20053   1772 ] [ 0 ],1.00,1.00,1.00,1.00,13.58,-9.53,0.00,0.00,0.00,0.00,0.00,0.00,-0.00,0.00,0.00,0.00,0.00,0.00,-0.00,0.00,0.00,0
4.12322,13,-10,59,0,DRIVE [ 45 ] [ 1 ] [ 1588 1862 1467 ] [    0    0    0 ] [      0      0      0 ] [ 0 ],drive [ 44 ] [ 0 ] [ 1572 1862 1474 ] [   41   27   48 ] [   8841  20053   1772 ] [ 0 ],1.00,1.00,1.00,1.00,13.03,-9.84,0.00,0.00,0.00,0.00,0.00,0.00,-0.00,0.00,0.00,0.00,0.00,0.00,-0.00,0.00,0.00,0
4.13371,13,-10,58,0,DRIVE [ 45 ] [ 1 ] [ 1604 1862 1459 ] [    0    0    0 ] [      0      0      0 ] [ 0 ],drive [ 45 ] [ 0 ] [ 1588 1862 1467 ] [   41   27   48 ] [   8829  20053   1780 ] [ 0 ],1.00,1.00,1.00,1.00,12.52,-10.13,0.00,0.00,0.00,0.00,0.00,0.00,-0.00,0.00,0.00,0.00,0.00,0.00,-0.00,0.00,0.00,0
4.14557,12,-10,58,0,DRIVE [ 46 ] [ 1 ] [ 1618 1862 1451 ] [    0    0    0 ] [      0      0      0 ] [ 0 ],drive [ 45 ] [ 0 ] [ 1604 1862 1459 ] [   40   27   49 ] [   8829  20053   1780 ] [ 0 ],1.00,1.00,1.00,1.00,12.04,-10.42,0.00,0.00,0.00,0.00,0.00,0.00,-0.00,0.00,0.00,0.00,0.00,0.00,-0.00,0.00,0.00,0
4.1575,12,-11,58,0,DRIVE [ 46 ] [ 1 ] [ 1631 1862 1442 ] [    0    0    0 ] [      0      0      0 ] [ 0 ],drive [ 46 ] [ 0 ] [ 1618 1862 1451 ] [   40   27   49 ] [   8829  20053   1780 ] [ 0 ],1.00,1.00,1.00,1.00,11.60,-10.68,0.00,0.00,0.00,0.00,0.00,0.00,-0.00,0.00,0.00,0.00,0.00,0.00,-0.00,0.00,0.00,0
4.17436,11,-11,58,0,DRIVE [ 47 ] [ 1 ] [ 1642 1862 1434 ] [    0    0    0 ] [      0      0      0 ] [ 0 ],drive [ 46 ] [ 0 ] [ 1631 1862 1442 ] [   40   27   49 ] [   8829  20053   1780 ] [ 0 ],1.00,1.00,1.00,1.00,11.20,-10.92,0.00,0.00,0.00,0.00,0.00,0.00,-0.00,0.00,0.00,0.00,0.00,0.00,-0.00,0.00,0.00,0
4.18582,11,-11,58,0,DRIVE [ 47 ] [ 1 ] [ 1652 1862 1426 ] [    0    0    0 ] [      0      0      0 ] [ 0 ],drive [ 47 ] [ 0 ] [ 1642 1862 1434 ] [   40   27   49 ] [   8783  20053   1788 ] [ 0 ],1.00,1.00,1.00,1.00,10.85,-11.16,0.00,0.00,0.00,0.00,0.00,0.00,-0.00,0.00,0.00,0.00,0.00,0.00,-0.00,0.00,0.00,0
4.19592,11,-11,57,0,DRIVE [ 48 ] [ 1 ] [ 1661 1862 1417 ] [    0    0    0 ] [      0      0      0 ] [ 0 ],drive [ 47 ] [ 0 ] [ 1652 1862 1426 ] [   33   27   47 ] [   8783  20053   1788 ] [ 0 ],1.00,1.00,1.00,1.00,10.53,-11.38,0.00,0.00,0.00,0.00,0.00,0.00,-0.00,0.00,0.00,0.00,0.00,0.00,-0.00,0.00,0.00,0
4.2064,10,-12,57,0,DRIVE [ 48 ] [ 1 ] [ 1669 1862 1409 ] [    0    0    0 ] [      0      0      0 ] [ 0 ],drive [ 48 ] [ 0 ] [ 1661 1862 1417 ] [   33   27   47 ] [   8783  20053   1788 ] [ 0 ],1.00,1.00,1.00,1.00,10.25,-11.60,0.00,0.00,0.00,0.00,0.00,0.00,-0.00,0.00,0.00,0.00,0.00,0.00,-0.00,0.00,0.00,0
4.21592,10,-12,57,0,DRIVE [ 49 ] [ 1 ] [ 1677 1862 1400 ] [    0    0    0 ] [      0      0      0 ] [ 0 ],drive [ 48 ] [ 0 ] [ 1669 1862 1409 ] [   33   27   47 ] [   8783  20053   1788 ] [ 0 ],1.00,1.00,1.00,1.00,9.96,-11.80,0.00,0.00,0.00,0.00,0.00,0.00,-0.00,0.00,0.00,0.00,0.00,0.00,-0.00,0.00,0.00,0
4.22566,10,-12,57,0,DRIVE [ 49 ] [ 1 ] [ 1684 1862 1392 ] [    0    0    0 ] [      0      0      0 ] [ 0 ],drive [ 49 ] [ 0 ] [ 1677 1862 1400 ] [   33   27   47 ] [   8783  20053   1788 ] [ 0 ],1.00,1.00,1.00,1.00,9.70,-11.98,0.00,0.00,0.00,0.00,0.00,0.00,-0.00,0.00,0.00,0.00,0.00,0.00,-0.00,0.00,0.00,0
4.23763,9,-12,57,0,DRIVE [ 50 ] [ 1 ] [ 1692 1862 1385 ] [    0    0    0 ] [      0      0      0 ] [ 0 ],drive [ 49 ] [ 0 ] [ 1684 1862 1392 ] [   33   27   47 ] [   8737  20053   1805 ] [ 0 ],1.00,1.00,1.00,1.00,9.41,-12.14,0.00,0.00,0.00,0.00,0.00,0.00,-0.00,0.00,0.00,0.00,0.00,0.00,-0.00,0.00,0.00,0
4.24972,9,-12,57,0,DRIVE [ 50 ] [ 1 ] [ 1699 1862 1378 ] [    0    0    0 ] [      0      0      0 ] [ 0 ],drive [ 50 ] [ 0 ] [ 1692 1862 1385 ] [   21   27   61 ] [   8737  20053   1805 ] [ 0 ],1.00,1.00,1.00,1.00,9.13,-12.28,0.00,0.00,0.00,0.00,0.00,0.00,-0.00,0.00,0.00,0.00,0.00,0.00,-0.00,0.00,0.00,0
4.2607,9,-12,56,0,DRIVE [ 51 ] [ 1 ] [ 1706 1862 1373 ] [    0    0    0 ] [      0      0      0 ] [ 0 ],drive [ 50 ] [ 0 ] [ 1699 1862 1378 ] [   21   27   61 ] [   8737  20053   1805 ] [ 0 ],1.00,1.00,1.00,1.00,8.86,-12.39,0.00,0.00,0.00,0.00,0.00,0.00,-0.00,0.00,0.00,0.00,0.00,0.00,-0.00,0.00,0.00,0
4.27064,9,-12,56,0,DRIVE [ 51 ] [ 1 ] [ 1712 1862 1368 ] [    0    0    0 ] [      0      0      0 ] [ 0 ],drive [ 51 ] [ 0 ] [ 1706 1862 1373 ] [   21   27   61 ] [   8737  20053   1805 ] [ 0 ],1.00,1.00,1.00,1.00,8.64,-12.48,0.00,0.00,0.00,0.00,0.00,0.00,-0.00,0.00,0.00,0.00,0.00,0.00,-0.00,0.00,0.00,0
4.28183,8,-13,56,0,DRIVE [ 52 ] [ 1 ] [ 1716 1862 1364 ] [    0    0    0 ] [      0      0      0 ] [ 0 ],drive [ 51 ] [ 0 ] [ 1712 1862 1368 ] [   21   27   61 ] [   8662  20053   1863 ] [ 0 ],1.00,1.00,1.00,1.00,8.45,-12.55,0.00,0.00,0.00,0.00,0.00,0.00,-0.00,0.00,0.00,0.00,0.00,0.00,-0.00,0.00,0.00,0
4.29358,8,-13,56,0,DRIVE [ 52 ] [ 1 ] [ 1720 1862 1361 ] [    0    0    0 ] [      0      0      0 ] [ 0 ],drive [ 52 ] [ 0 ] [ 1716 1862 1364 ] [   20   28   56 ] [   8662  20053   1863 ] [ 0 ],1.00,1.00,1.00,1.00,8.30,-12.57,0.00,0.00,0.00,0.00,0.00,0.00,-0.00,0.00,0.00,0.00,0.00,0.00,-0.00,0.00,0.00,0
4.30582,8,-13,56,0,DRIVE [ 53 ] [ 1 ] [ 1722 1862 1363 ] [    0    0    0 ] [      0      0      0 ] [ 0 ],drive [ 52 ] [ 0 ] [ 1720 1862 1361 ] [   20   28   56 ] [   8662  20053   1863 ] [ 0 ],1.00,1.00,1.00,1.00,8.19,-12.51,0.00,0.00,0.00,0.00,0.00,0.00,-0.00,0.00,0.00,0.00,0.00,0.00,-0.00,0.00,0.00,0
4.31585,8,-12,56,0,DRIVE [ 53 ] [ 1 ] [ 1723 1862 1364 ] [    0    0    0 ] [      0      0      0 ] [ 0 ],drive [ 53 ] [ 0 ] [ 1722 1862 1363 ] [   20   28   56 ] [   8662  20053   1863 ] [ 0 ],1.00,1.00,1.00,1.00,8.12,-12.45,0.00,0.00,0.00,0.00,0.00,0.00,-0.00,0.00,0.00,0.00,0.00,0.00,-0.00,0.00,0.00,0
4.32679,8,-12,56,0,DRIVE [ 54 ] [ 1 ] [ 1724 1862 1365 ] [    0    0    0 ] [      0      0      0 ] [ 0 ],drive [ 53 ] [ 0 ] [ 1723 1862 1364 ] [   20   28   56 ] [   8662  20053   1863 ] [ 0 ],1.00,1.00,1.00,1.00,8.08,-12.39,0.00,0.00,0.00,0.00,0.00,0.00,-0.00,0.00,0.00,0.00,0.00,0.00,-0.00,0.00,0.00,0
4.33783,8,-12,55,0,DRIVE [ 54 ] [ 1 ] [ 1724 1862 1368 ] [    0    0    0 ] [      0      0      0 ] [ 0 ],drive [ 54 ] [ 0 ] [ 1724 1862 1365 ] [   20   28   56 ] [   8538  20053   1907 ] [ 0 ],1.00,1.00,1.00,1.00,8.06,-12.30,0.00,0.00,0.00,0.00,0.00,0.00,-0.00,0.00,0.00,0.00,0.00,0.00,-0.00,0.00,0.00,0
4.34961,8,-12,55,0,DRIVE [ 55 ] [ 1 ] [ 1723 1862 1370 ] [    0    0    0 ] [      0      0      0 ] [ 0 ],drive [ 54 ] [ 0 ] [ 1724 1862 1368 ] [   22   27   53 ] [   8538  20053   1907 ] [ 0 ],1.00,1.00,1.00,1.00,8.04,-12.20,0.00,0.00,0.00,0.00,0.00,0.00,-0.00,0.00,0.00,0.00,0.00,0.00,-0.00,0.00,0.00,0
4.36133,8,-12,55,0,DRIVE [ 55 ] [ 1 ] [ 1724 1862 1373 ] [    0    0    0 ] [      0      0      0 ] [ 0 ],drive [ 55 ] [ 0 ] [ 1723 1862 1370 ] [   22   27   53 ] [   8538  20053   1907 ] [ 0 ],1.00,1.00,1.00,1.00,8.01,-12.10,0.00,0.00,0.00,0.00,0.00,0.00,-0.00,0.00,0.00,0.00,0.00,0.00,-0.00,0.00,0.00,0
4.37358,8,-12,55,0,DRIVE [ 56 ] [ 1 ] [ 1724 1862 1376 ] [    0    0    0 ] [      0      0      0 ] [ 0 ],drive [ 55 ] [ 0 ] [ 1724 1862 1373 ] [   22   27   53 ] [   8538  20053   1907 ] [ 0 ],1.00,1.00,1.00,1.00,7.95,-12.01,0.00,0.00,0.00,0.00,0.00,0.00,-0.00,0.00,0.00,0.00,0.00,0.00,-0.00,0.00,0.00,0
4.38354,8,-12,55,0,DRIVE [ 56 ] [ 1 ] [ 1726 1862 1379 ] [    0    0    0 ] [      0      0      0 ] [ 0 ],drive [ 56 ] [ 0 ] [ 1724 1862 1376 ] [   22   27   53 ] [   8496  20053   1906 ] [ 0 ],1.00,1.00,1.00,1.00,7.87,-11.92,0.00,0.00,0.00,0.00,0.00,0.00,-0.00,0.00,0.00,0.00,0.00,0.00,-0.00,0.00,0.00,0
4.39377,8,-12,55,0,DRIVE [ 57 ] [ 1 ] [ 1728 1862 1382 ] [    0    0    0 ] [      0      0      0 ] [ 0 ],drive [ 56 ] [ 0 ] [ 1726 1862 1379 ] [   21   28   51 ] [   8496  20053   1906 ] [ 0 ],1.00,1.00,1.00,1.00,7.76,-11.80,0.00,0.00,0.00,0.00,0.00,0.00,-0.00,0.00,0.00,0.00,0.00,0.00,-0.00,0.00,0.00,0
4.40583,8,-12,55,0,DRIVE [ 57 ] [ 1 ] [ 1731 1862 1386 ] [    0    0    0 ] [      0      0      0 ] [ 0 ],drive [ 57 ] [ 0 ] [ 1728 1862 1382 ] [   21   28   51 ] [   8496  20053   1906 ] [ 0 ],1.00,1.00,1.00,1.00,7.64,-11.67,0.00,0.00,0.00,0.00,0.00,0.00,-0.00,0.00,0.00,0.00,0.00,0.00,-0.00,0.00,0.00,0
4.41766,8,-12,54,0,DRIVE [ 58 ] [ 1 ] [ 1733 1862 1391 ] [    0    0    0 ] [      0      0      0 ] [ 0 ],drive [ 57 ] [ 0 ] [ 1731 1862 1386 ] [   21   28   51 ] [   8496  20053   1906 ] [ 0 ],1.00,1.00,1.00,1.00,7.52,-11.53,0.00,0.00,0.00,0.00,0.00,0.00,-0.00,0.00,0.00,0.00,0.00,0.00,-0.00,0.00,0.00,0
4.42946,7,-11,54,0,DRIVE [ 58 ] [ 1 ] [ 1736 1862 1395 ] [    0    0    0 ] [      0      0      0 ] [ 0 ],drive [ 58 ] [ 0 ] [ 1733 1862 1391 ] [   21   28   51 ] [   8466  20053   1907 ] [ 0 ],1.00,1.00,1.00,1.00,7.39,-11.40,0.00,0.00,0.00,0.00,0.00,0.00,-0.00,0.00,0.00,0.00,0.00,0.00,-0.00,0.00,0.00,0
4.4417,7,-11,54,0,DRIVE [ 59 ] [ 1 ] [ 1738 1862 1398 ] [    0    0    0 ] [      0      0      0 ] [ 0 ],drive [ 58 ] [ 0 ] [ 1736 1862 1395 ] [   21   28   51 ] [   8466  20053   1907 ] [ 0 ],1.00,1.00,1.00,1.00,7.26,-11.28,0.00,0.00,0.00,0.00,0.00,0.00,-0.00,0.00,0.00,0.00,0.00,0.00,-0.00,0.00,0.00,0
4.45101,7,-11,54,0,DRIVE [ 59 ] [ 1 ] [ 1741 1862 1401 ] [    0    0    0 ] [      0      0      0 ] [ 0 ],drive [ 59 ] [ 0 ] [ 1738 1862 1398 ] [   41   28   52 ] [   8466  20053   1907 ] [ 0 ],1.00,1.00,1.00,1.00,7.14,-11.18,0.00,0.00,0.00,0.00,0.00,0.00,-0.00,0.00,0.00,0.00,0.00,0.00,-0.00,0.00,0.00,0
4.46192,7,-11,54,0,DRIVE [ 60 ] [ 1 ] [ 1743 1862 1403 ] [    0    0    0 ] [      0      0      0 ] [ 0 ],drive [ 59 ] [ 0 ] [ 1741 1862 1401 ] [   41   28   52 ] [   8466  20053   1907 ] [ 0 ],1.00,1.00,1.00,1.00,7.03,-11.09,0.00,0.00,0.00,0.00,0.00,0.00,-0.00,0.00,0.00,0.00,0.00,0.00,-0.00,0.00,0.00,0
4.47355,7,-11,53,0,DRIVE [ 60 ] [ 1 ] [ 1745 1862 1404 ] [    0    0    0 ] [      0      0      0 ] [ 0 ],drive [ 60 ] [ 0 ] [ 1743 1862 1403 ] [   41   28   52 ] [   8466  20053   1907 ] [ 0 ],1.00,1.00,1.00,1.00,6.91,-11.01,0.00,0.00,0.00,0.00,0.00,0.00,-0.00,0.00,0.00,0.00,0.00,0.00,-0.00,0.00,0.00,0
4.48566,7,-11,53,0,DRIVE [ 61 ] [ 1 ] [ 1747 1862 1406 ] [    0    0    0 ] [      0      0      0 ] [ 0 ],drive [ 60 ] [ 0 ] [ 1745 1862 1404 ] [   41   28   52 ] [   8358  20053   1907 ] [ 0 ],1.00,1.00,1.00,1.00,6.81,-10.93,0.00,0.00,0.00,0.00,0.00,0.00,-0.00,0.00,0.00,0.00,0.00,0.00,-0.00,0.00,0.00,0
4.49783,7,-11,53,0,DRIVE [ 61 ] [ 1 ] [ 1750 1862 1406 ] [    0    0    0 ] [      0      0      0 ] [ 0 ],drive [ 61 ] [ 0 ] [ 1747 1862 1406 ] [   32   28   49 ] [   8358  20053   1907 ] [ 0 ],1.00,1.00,1.00,1.00,6.69,-10.87,0.00,0.00,0.00,0.00,0.00,0.00,-0.00,0.00,0.00,0.00,0.00,0.00,-0.00,0.00,0.00,0
4.50744,7,-11,53,0,DRIVE [ 62 ] [ 1 ] [ 1753 1862 1406 ] [    0    0    0 ] [      0      0      0 ] [ 0 ],drive [ 61 ] [ 0 ] [ 1750 1862 1406 ] [   32   28   49 ] [   8358  20053   1907 ] [ 0 ],1.00,1.00,1.00,1.00,6.54,-10.82,0.00,0.00,0.00,0.00,0.00,0.00,-0.00,0.00,0.00,0.00,0.00,0.00,-0.00,0.00,0.00,0
4.51757,6,-11,52,0,DRIVE [ 62 ] [ 1 ] [ 1757 1862 1406 ] [    0    0    0 ] [      0      0      0 ] [ 0 ],drive [ 62 ] [ 0 ] [ 1753 1862 1406 ] [   32   28   49 ] [   8358  20053   1907 ] [ 0 ],1.00,1.00,1.00,1.00,6.38,-10.77,0.00,0.00,0.00,0.00,0.00,0.00,-0.00,0.00,0.00,0.00,0.00,0.00,-0.00,0.00,0.00,0
4.52974,6,-11,52,0,DRIVE [ 63 ] [ 1 ] [ 1761 1862 1406 ] [    0    0    0 ] [      0      0      0 ] [ 0 ],drive [ 62 ] [ 0 ] [ 1757 1862 1406 ] [   32   28   49 ] [   8350  20053   1907 ] [ 0 ],1.00,1.00,1.00,1.00,6.20,-10.72,0.00,0.00,0.00,0.00,0.00,0.00,-0.00,0.00,0.00,0.00,0.00,0.00,-0.00,0.00,0.00,0
4.54182,6,-11,52,0,DRIVE [ 63 ] [ 1 ] [ 1765 1862 1405 ] [    0    0    0 ] [      0      0      0 ] [ 0 ],drive [ 63 ] [ 0 ] [ 1761 1862 1406 ] [   32   28   49 ] [   8350  20053   1907 ] [ 0 ],1.00,1.00,1.00,1.00,6.04,-10.67,0.00,0.00,0.00,0.00,0.00,0.00,-0.00,0.00,0.00,0.00,0.00,0.00,-0.00,0.00,0.00,0
4.55354,6,-11,52,0,DRIVE [ 64 ] [ 1 ] [ 1768 1862 1406 ] [    0    0    0 ] [      0      0      0 ] [ 0 ],drive [ 63 ] [ 0 ] [ 1765 1862 1405 ] [   34   27   49 ] [   8350  20053   1907 ] [ 0 ],1.00,1.00,1.00,1.00,5.89,-10.60,0.00,0.00,0.00,0.00,0.00,0.00,-0.00,0.00,0.00,0.00,0.00,0.00,-0.00,0.00,0.00,0
4.56567,6,-11,51,0,DRIVE [ 64 ] [ 1 ] [ 1771 1862 1407 ] [    0    0    0 ] [      0      0      0 ] [ 0 ],drive [ 64 ] [ 0 ] [ 1768 1862 1406 ] [   34   27   49 ] [   8350  20053   1907 ] [ 0 ],1.00,1.00,1.00,1.00,5.75,-10.51,0.00,0.00,0.00,0.00,0.00,0.00,-0.00,0.00,0.00,0.00,0.00,0.00,-0.00,0.00,0.00,0
4.5752,6,-10,51,0,DRIVE [ 65 ] [ 1 ] [ 1773 1862 1410 ] [    0    0    0 ] [      0      0      0 ] [ 0 ],drive [ 64 ] [ 0 ] [ 1771 1862 1407 ] [   34   27   49 ] [   8350  20053   1907 ] [ 0 ],1.00,1.00,1.00,1.00,5.65,-10.38,0.00,0.00,0.00,0.00,0.00,0.00,-0.00,0.00,0.00,0.00,0.00,0.00,-0.00,0.00,0.00,0
4.58563,6,-10,51,0,DRIVE [ 65 ] [ 1 ] [ 1774 1862 1415 ] [    0    0    0 ] [      0      0      0 ] [ 0 ],drive [ 65 ] [ 0 ] [ 1773 1862 1410 ] [   34   27   49 ] [   8292  20053   1908 ] [ 0 ],1.00,1.00,1.00,1.00,5.56,-10.21,0.00,0.00,0.00,0.00,0.00,0.00,-0.00,0.00,0.00,0.00,0.00,0.00,-0.00,0.00,0.00,0
4.59785,5,-10,50,0,DRIVE [ 66 ] [ 1 ] [ 1775 1862 1422 ] [    0    0    0 ] [      0      0      0 ] [ 0 ],drive [ 65 ] [ 0 ] [ 1774 1862 1415 ] [   15   28   46 ] [   8292  20053   1908 ] [ 0 ],1.00,1.00,1.00,1.00,5.49,-10.00,0.00,0.00,0.00,0.00,0.00,0.00,-0.00,0.00,0.00,0.00,0.00,0.00,-0.00,0.00,0.00,0
4.60978,5,-10,50,0,DRIVE [ 66 ] [ 1 ] [ 1775 1862 1430 ] [    0    0    0 ] [      0      0      0 ] [ 0 ],drive [ 66 ] [ 0 ] [ 1775 1862 1422 ] [   15   28   46 ] [   8292  20053   1908 ] [ 0 ],1.00,1.00,1.00,1.00,5.44,-9.76,0.00,0.00,0.00,0.00,0.00,0.00,-0.00,0.00,0.00,0.00,0.00,0.00,-0.00,0.00,0.00,0
4.62166,5,-10,50,0,DRIVE [ 67 ] [ 1 ] [ 1775 1862 1439 ] [    0    0    0 ] [      0      0      0 ] [ 0 ],drive [ 66 ] [ 0 ] [ 1775 1862 1430 ] [   15   28   46 ] [   8292  20053   1908 ] [ 0 ],1.00,1.00,1.00,1.00,5.39,-9.52,0.00,0.00,0.00,0.00,0.00,0.00,-0.00,0.00,0.00,0.00,0.00,0.00,-0.00,0.00,0.00,0
4.63157,5,-9,49,0,DRIVE [ 67 ] [ 1 ] [ 1775 1862 1447 ] [    0    0    0 ] [      0      0      0 ] [ 0 ],drive [ 67 ] [ 0 ] [ 1775 1862 1439 ] [   15   28   46 ] [   8266  20007   1910 ] [ 0 ],1.00,1.00,1.00,1.00,5.34,-9.27,0.00,0.00,0.00,0.00,0.00,0.00,-0.00,0.00,0.00,0.00,0.00,0.00,-0.00,0.00,0.00,0
4.64187,5,-9,49,0,DRIVE [ 68 ] [ 1 ] [ 1775 1862 1455 ] [    0    0    0 ] [      0      0      0 ] [ 0 ],drive [ 67 ] [ 0 ] [ 1775 1862 1447 ] [   22    8   44 ] [   8266  20007   1910 ] [ 0 ],1.00,1.00,1.00,1.00,5.30,-9.05,0.00,0.00,0.00,0.00,0.00,0.00,-0.00,0.00,0.00,0.00,0.00,0.00,-0.00,0.00,0.00,0
4.65355,5,-9,48,0,DRIVE [ 68 ] [ 1 ] [ 1774 1862 1463 ] [    0    0    0 ] [      0      0      0 ] [ 0 ],drive [ 68 ] [ 0 ] [ 1775 1862 1455 ] [   22    8   44 ] [   8266  20007   1910 ] [ 0 ],1.00,1.00,1.00,1.00,5.27,-8.84,0.00,0.00,0.00,0.00,0.00,0.00,-0.00,0.00,0.00,0.00,0.00,0.00,-0.00,0.00,0.00,0
4.66578,5,-9,48,0,DRIVE [ 69 ] [ 1 ] [ 1774 1862 1468 ] [    0    0    0 ] [      0      0      0 ] [ 0 ],drive [ 68 ] [ 0 ] [ 1774 1862 1463 ] [   22    8   44 ] [   8266  20007   1910 ] [ 0 ],1.00,1.00,1.00,1.00,5.23,-8.66,0.00,0.00,0.00,0.00,0.00,0.00,-0.00,0.00,0.00,0.00,0.00,0.00,-0.00,0.00,0.00,0
4.67764,5,-9,48,0,DRIVE [ 69 ] [ 1 ] [ 1774 1862 1472 ] [    0    0    0 ] [      0      0      0 ] [ 0 ],drive [ 69 ] [ 0 ] [ 1774 1862 1468 ] [   22    8   44 ] [   8266  20007   1910 ] [ 0 ],1.00,1.00,1.00,1.00,5.20,-8.52,0.00,0.00,0.00,0.00,0.00,0.00,-0.00,0.00,0.00,0.00,0.00,0.00,-0.00,0.00,0.00,0
4.68954,5,-8,47,0,DRIVE [ 70 ] [ 1 ] [ 1774 1862 1475 ] [    0    0    0 ] [      0      0      0 ] [ 0 ],drive [ 69 ] [ 0 ] [ 1774 1862 1472 ] [   22    8   44 ] [   8262  20005   1908 ] [ 0 ],1.00,1.00,1.00,1.00,5.16,-8.41,0.00,0.00,0.00,0.00,0.00,0.00,-0.00,0.00,0.00,0.00,0.00,0.00,-0.00,0.00,0.00,0
4.69923,5,-8,47,0,DRIVE [ 70 ] [ 1 ] [ 1773 1862 1475 ] [    0    0    0 ] [      0      0      0 ] [ 0 ],drive [ 70 ] [ 0 ] [ 1774 1862 1475 ] [   22    7   44 ] [   8262  20005   1908 ] [ 0 ],1.00,1.00,1.00,1.00,5.13,-8.36,0.00,0.00,0.00,0.00,0.00,0.00,-0.00,0.00,0.00,0.00,0.00,0.00,-0.00,0.00,0.00,0
4.70976,5,-8,47,0,DRIVE [ 71 ] [ 1 ] [ 1773 1862 1473 ] [    0    0    0 ] [      0      0      0 ] [ 0 ],drive [ 70 ] [ 0 ] [ 1773 1862 1475 ] [   22    7   44 ] [   8262  20005   1908 ] [ 0 ],1.00,1.00,1.00,1.00,5.13,-8.35,0.00,0.00,0.00,0.00,0.00,0.00,-0.00,0.00,0.00,0.00,0.00,0.00,-0.00,0.00,0.00,0
4.72163,5,-8,46,0,DRIVE [ 71 ] [ 1 ] [ 1771 1862 1468 ] [    0    0    0 ] [      0      0      0 ] [ 0 ],drive [ 71 ] [ 0 ] [ 1773 1862 1473 ] [   22    7   44 ] [   8262  20005   1908 ] [ 0 ],1.00,1.00,1.00,1.00,5.14,-8.37,0.00,0.00,0.00,0.00,0.00,0.00,-0.00,0.00,0.00,0.00,0.00,0.00,-0.00,0.00,0.00,0
4.7337,5,-8,46,0,DRIVE [ 72 ] [ 1 ] [ 1770 1862 1464 ] [    0    0    0 ] [      0      0      0 ] [ 0 ],drive [ 71 ] [ 0 ] [ 1771 1862 1468 ] [   22    7   44 ] [   8262  20004   1902 ] [ 0 ],1.00,1.00,1.00,1.00,5.16,-8.40,0.00,0.00,0.00,0.00,0.00,0.00,-0.00,0.00,0.00,0.00,0.00,0.00,-0.00,0.00,0.00,0
4.74599,5,-8,46,0,DRIVE [ 72 ] [ 1 ] [ 1769 1862 1461 ] [    0    0    0 ] [      0      0      0 ] [ 0 ],drive [ 72 ] [ 0 ] [ 1770 1862 1464 ] [   24    8   44 ] [   8262  20004   1902 ] [ 0 ],1.00,1.00,1.00,1.00,5.15,-8.42,0.00,0.00,0.00,0.00,0.00,0.00,-0.00,0.00,0.00,0.00,0.00,0.00,-0.00,0.00,0.00,0
4.7579,5,-8,46,0,DRIVE [ 73 ] [ 1 ] [ 1770 1862 1457 ] [    0    0    0 ] [      0      0      0 ] [ 0 ],drive [ 72 ] [ 0 ] [ 1769 1862 1461 ] [   24    8   44 ] [   8262  20004   1902 ] [ 0 ],1.00,1.00,1.00,1.00,5.12,-8.43,0.00,0.00,0.00,0.00,0.00,0.00,-0.00,0.00,0.00,0.00,0.00,0.00,-0.00,0.00,0.00,0
4.76733,5,-8,45,0,DRIVE [ 73 ] [ 1 ] [ 1770 1862 1454 ] [    0    0    0 ] [      0      0      0 ] [ 0 ],drive [ 73 ] [ 0 ] [ 1770 1862 1457 ] [   24    8   44 ] [   8262  20004   1902 ] [ 0 ],1.00,1.00,1.00,1.00,5.09,-8.44,0.00,0.00,0.00,0.00,0.00,0.00,-0.00,0.00,0.00,0.00,0.00,0.00,-0.00,0.00,0.00,0
4.77772,5,-8,45,0,DRIVE [ 74 ] [ 1 ] [ 1769 1862 1451 ] [    0    0    0 ] [      0      0      0 ] [ 0 ],drive [ 73 ] [ 0 ] [ 1770 1862 1454 ] [   24    8   44 ] [   8260  20004   1904 ] [ 0 ],1.00,1.00,1.00,1.00,5.08,-8.45,0.00,0.00,0.00,0.00,0.00,0.00,-0.00,0.00,0.00,0.00,0.00,0.00,-0.00,0.00,0.00,0
4.78951,5,-8,45,0,DRIVE [ 74 ] [ 1 ] [ 1769 1862 1447 ] [    0    0    0 ] [      0      0      0 ] [ 0 ],drive [ 74 ] [ 0 ] [ 1769 1862 1451 ] [   24    8   44 ] [   8260  20004   1904 ] [ 0 ],1.00,1.00,1.00,1.00,5.07,-8.46,0.00,0.00,0.00,0.00,0.00,0.00,-0.00,0.00,0.00,0.00,0.00,0.00,-0.00,0.00,0.00,0
4.80169,5,-8,45,0,DRIVE [ 75 ] [ 1 ] [ 1768 1862 1444 ] [    0    0    0 ] [      0      0      0 ] [ 0 ],drive [ 74 ] [ 0 ] [ 1769 1862 1447 ] [   25    7   46 ] [   8260  20004   1904 ] [ 0 ],1.00,1.00,1.00,1.00,5.06,-8.47,0.00,0.00,0.00,0.00,0.00,0.00,-0.00,0.00,0.00,0.00,0.00,0.00,-0.00,0.00,0.00,0
4.81364,5,-8,44,0,DRIVE [ 75 ] [ 1 ] [ 1767 1862 1443 ] [    0    0    0 ] [      0      0      0 ] [ 0 ],drive [ 75 ] [ 0 ] [ 1768 1862 1444 ] [   25    7   46 ] [   8260  20004   1904 ] [ 0 ],1.00,1.00,1.00,1.00,5.05,-8.45,0.00,0.00,0.00,0.00,0.00,0.00,-0.00,0.00,0.00,0.00,0.00,0.00,-0.00,0.00,0.00,0
4.82336,5,-8,44,0,DRIVE [ 76 ] [ 1 ] [ 1767 1862 1442 ] [    0    0    0 ] [      0      0      0 ] [ 0 ],drive [ 75 ] [ 0 ] [ 1767 1862 1443 ] [   25    7   46 ] [   8260  20004   1904 ] [ 0 ],1.00,1.00,1.00,1.00,5.04,-8.41,0.00,0.00,0.00,0.00,0.00,0.00,-0.00,0.00,0.00,0.00,0.00,0.00,-0.00,0.00,0.00,0
4.8337,5,-8,44,0,DRIVE [ 76 ] [ 1 ] [ 1766 1862 1442 ] [    0    0    0 ] [      0      0      0 ] [ 0 ],drive [ 76 ] [ 0 ] [ 1767 1862 1442 ] [   25    7   46 ] [   8259  20003   1907 ] [ 0 ],1.00,1.00,1.00,1.00,5.03,-8.36,0.00,0.00,0.00,0.00,0.00,0.00,-0.00,0.00,0.00,0.00,0.00,0.00,-0.00,0.00,0.00,0
4.84568,5,-8,44,0,DRIVE [ 77 ] [ 1 ] [ 1765 1862 1443 ] [    0    0    0 ] [      0      0      0 ] [ 0 ],drive [ 76 ] [ 0 ] [ 1766 1862 1442 ] [   25    7   45 ] [   8259  20003   1907 ] [ 0 ],1.00,1.00,1.00,1.00,5.03,-8.29,0.00,0.00,0.00,0.00,0.00,0.00,-0.00,0.00,0.00,0.00,0.00,0.00,-0.00,0.00,0.00,0
4.85775,5,-8,43,0,DRIVE [ 77 ] [ 1 ] [ 1764 1862 1444 ] [    0    0    0 ] [      0      0      0 ] [ 0 ],drive [ 77 ] [ 0 ] [ 1765 1862 1443 ] [   25    7   45 ] [   8259  20003   1907 ] [ 0 ],1.00,1.00,1.00,1.00,5.02,-8.24,0.00,0.00,0.00,0.00,0.00,0.00,-0.00,0.00,0.00,0.00,0.00,0.00,-0.00,0.00,0.00,0
4.86978,5,-8,43,0,DRIVE [ 78 ] [ 1 ] [ 1763 1862 1443 ] [    0    0    0 ] [      0      0      0 ] [ 0 ],drive [ 77 ] [ 0 ] [ 1764 1862 1444 ] [   25    7   45 ] [   8259  20003   1907 ] [ 0 ],1.00,1.00,1.00,1.00,5.02,-8.21,0.00,0.00,0.00,0.00,0.00,0.00,-0.00,0.00,0.00,0.00,0.00,0.00,-0.00,0.00,0.00,0
4.88194,5,-8,43,1,DRIVE [ 78 ] [ 1 ] [ 1762 1862 1442 ] [    0    0    0 ] [      0      0      0 ] [ 0 ],drive [ 78 ] [ 0 ] [ 1763 1862 1443 ] [   25    7   45 ] [   8258  20003   1907 ] [ 0 ],1.00,1.00,1.00,1.00,5.04,-8.19,0.00,0.00,0.00,0.00,0.00,0.00,-0.00,0.00,0.00,0.00,0.00,0.00,-0.00,0.00,0.00,0
